model,model_family,variant,num_keys,num_updates,condition,query_type,condition_label,slot,subset,label_set,C,layer,rel_depth,top1,top1_std,mean_rank,mrr,n_folds,hit_max_iter,n_probe,chance,provenance_tier,source_file,notes
gemma-3-4b-it,Gemma-3,base,5,10,FVQ,ordinal,k1,1,all,expected,0.1,0,0.0,0.0264,0.0008000000000000008,23.5192,0.10487629122543247,5,False,2500,0.02,raw,lora_intervention/experiments/linear_probing/results_probe50/gemma-3-4b-it_5k_10u/probe_fits_ref.json,
gemma-3-4b-it,Gemma-3,base,5,10,FVQ,ordinal,k1,1,all,expected,0.1,1,0.029412,0.024,0.0028284271247461905,24.1112,0.09793319153636984,5,False,2500,0.02,raw,lora_intervention/experiments/linear_probing/results_probe50/gemma-3-4b-it_5k_10u/probe_fits_ref.json,
gemma-3-4b-it,Gemma-3,base,5,10,FVQ,ordinal,k1,1,all,expected,0.1,2,0.058824,0.053200000000000004,0.005306599664568639,20.0828,0.1489649860969458,5,False,2500,0.02,raw,lora_intervention/experiments/linear_probing/results_probe50/gemma-3-4b-it_5k_10u/probe_fits_ref.json,
gemma-3-4b-it,Gemma-3,base,5,10,FVQ,ordinal,k1,1,all,expected,0.1,3,0.088235,0.0496,0.010910545357588685,20.5676,0.14337671093477683,5,False,2500,0.02,raw,lora_intervention/experiments/linear_probing/results_probe50/gemma-3-4b-it_5k_10u/probe_fits_ref.json,
gemma-3-4b-it,Gemma-3,base,5,10,FVQ,ordinal,k1,1,all,expected,0.1,4,0.117647,0.045200000000000004,0.0065238025721200375,20.89,0.1364144880445193,5,False,2500,0.02,raw,lora_intervention/experiments/linear_probing/results_probe50/gemma-3-4b-it_5k_10u/probe_fits_ref.json,
gemma-3-4b-it,Gemma-3,base,5,10,FVQ,ordinal,k1,1,all,expected,0.1,5,0.147059,0.0492,0.009516301802696256,20.482400000000002,0.14001397388345924,5,False,2500,0.02,raw,lora_intervention/experiments/linear_probing/results_probe50/gemma-3-4b-it_5k_10u/probe_fits_ref.json,
gemma-3-4b-it,Gemma-3,base,5,10,FVQ,ordinal,k1,1,all,expected,0.1,6,0.176471,0.059199999999999996,0.014005713120009276,20.0708,0.15044592113531757,5,False,2500,0.02,raw,lora_intervention/experiments/linear_probing/results_probe50/gemma-3-4b-it_5k_10u/probe_fits_ref.json,
gemma-3-4b-it,Gemma-3,base,5,10,FVQ,ordinal,k1,1,all,expected,0.1,7,0.205882,0.0708,0.010400000000000001,18.249599999999997,0.17148896886361445,5,False,2500,0.02,raw,lora_intervention/experiments/linear_probing/results_probe50/gemma-3-4b-it_5k_10u/probe_fits_ref.json,
gemma-3-4b-it,Gemma-3,base,5,10,FVQ,ordinal,k1,1,all,expected,0.1,8,0.235294,0.066,0.010807404868885036,18.82,0.1640656924626985,5,False,2500,0.02,raw,lora_intervention/experiments/linear_probing/results_probe50/gemma-3-4b-it_5k_10u/probe_fits_ref.json,
gemma-3-4b-it,Gemma-3,base,5,10,FVQ,ordinal,k1,1,all,expected,0.1,9,0.264706,0.0596,0.004630334761116092,19.36,0.15905922754057486,5,False,2500,0.02,raw,lora_intervention/experiments/linear_probing/results_probe50/gemma-3-4b-it_5k_10u/probe_fits_ref.json,
gemma-3-4b-it,Gemma-3,base,5,10,FVQ,ordinal,k1,1,all,expected,0.1,10,0.294118,0.058399999999999994,0.010384603988597734,19.6996,0.15488050347841562,5,False,2500,0.02,raw,lora_intervention/experiments/linear_probing/results_probe50/gemma-3-4b-it_5k_10u/probe_fits_ref.json,
gemma-3-4b-it,Gemma-3,base,5,10,FVQ,ordinal,k1,1,all,expected,0.1,11,0.323529,0.0608,0.011285388783732708,19.42,0.15739467743015795,5,False,2500,0.02,raw,lora_intervention/experiments/linear_probing/results_probe50/gemma-3-4b-it_5k_10u/probe_fits_ref.json,
gemma-3-4b-it,Gemma-3,base,5,10,FVQ,ordinal,k1,1,all,expected,0.1,12,0.352941,0.0596,0.009243376006633072,19.2196,0.15664200708171988,5,False,2500,0.02,raw,lora_intervention/experiments/linear_probing/results_probe50/gemma-3-4b-it_5k_10u/probe_fits_ref.json,
gemma-3-4b-it,Gemma-3,base,5,10,FVQ,ordinal,k1,1,all,expected,0.1,13,0.382353,0.0708,0.010476640682967036,17.5432,0.1778022898641852,5,False,2500,0.02,raw,lora_intervention/experiments/linear_probing/results_probe50/gemma-3-4b-it_5k_10u/probe_fits_ref.json,
gemma-3-4b-it,Gemma-3,base,5,10,FVQ,ordinal,k1,1,all,expected,0.1,14,0.411765,0.0756,0.009830564581955607,17.255599999999998,0.18704058128709972,5,False,2500,0.02,raw,lora_intervention/experiments/linear_probing/results_probe50/gemma-3-4b-it_5k_10u/probe_fits_ref.json,
gemma-3-4b-it,Gemma-3,base,5,10,FVQ,ordinal,k1,1,all,expected,0.1,15,0.441176,0.10200000000000001,0.010658330075579382,16.020400000000002,0.21536560163701512,5,False,2500,0.02,raw,lora_intervention/experiments/linear_probing/results_probe50/gemma-3-4b-it_5k_10u/probe_fits_ref.json,
gemma-3-4b-it,Gemma-3,base,5,10,FVQ,ordinal,k1,1,all,expected,0.1,16,0.470588,0.11879999999999999,0.013541048703848606,14.5508,0.2421719151139186,5,False,2500,0.02,raw,lora_intervention/experiments/linear_probing/results_probe50/gemma-3-4b-it_5k_10u/probe_fits_ref.json,
gemma-3-4b-it,Gemma-3,base,5,10,FVQ,ordinal,k1,1,all,expected,0.1,17,0.5,0.11679999999999999,0.015051910177781418,14.828,0.23855734065462703,5,False,2500,0.02,raw,lora_intervention/experiments/linear_probing/results_probe50/gemma-3-4b-it_5k_10u/probe_fits_ref.json,
gemma-3-4b-it,Gemma-3,base,5,10,FVQ,ordinal,k1,1,all,expected,0.1,18,0.529412,0.8779999999999999,0.014696938456699081,1.486,0.9194291439680157,5,False,2500,0.02,raw,lora_intervention/experiments/linear_probing/results_probe50/gemma-3-4b-it_5k_10u/probe_fits_ref.json,
gemma-3-4b-it,Gemma-3,base,5,10,FVQ,ordinal,k1,1,all,expected,0.1,19,0.558824,0.8779999999999999,0.009959919678390996,1.5,0.9196237967405831,5,False,2500,0.02,raw,lora_intervention/experiments/linear_probing/results_probe50/gemma-3-4b-it_5k_10u/probe_fits_ref.json,
gemma-3-4b-it,Gemma-3,base,5,10,FVQ,ordinal,k1,1,all,expected,0.1,20,0.588235,0.8831999999999999,0.015574337867145443,1.5124000000000002,0.9220495003977588,5,False,2500,0.02,raw,lora_intervention/experiments/linear_probing/results_probe50/gemma-3-4b-it_5k_10u/probe_fits_ref.json,
gemma-3-4b-it,Gemma-3,base,5,10,FVQ,ordinal,k1,1,all,expected,0.1,21,0.617647,0.8815999999999999,0.013230268326832993,1.5188000000000001,0.9213596513706145,5,False,2500,0.02,raw,lora_intervention/experiments/linear_probing/results_probe50/gemma-3-4b-it_5k_10u/probe_fits_ref.json,
gemma-3-4b-it,Gemma-3,base,5,10,FVQ,ordinal,k1,1,all,expected,0.1,22,0.647059,0.9328,0.007858753081755373,1.2804,0.9567304750277211,5,False,2500,0.02,raw,lora_intervention/experiments/linear_probing/results_probe50/gemma-3-4b-it_5k_10u/probe_fits_ref.json,
gemma-3-4b-it,Gemma-3,base,5,10,FVQ,ordinal,k1,1,all,expected,0.1,23,0.676471,0.9452,0.004664761515876244,1.2352,0.9648042291503236,5,False,2500,0.02,raw,lora_intervention/experiments/linear_probing/results_probe50/gemma-3-4b-it_5k_10u/probe_fits_ref.json,
gemma-3-4b-it,Gemma-3,base,5,10,FVQ,ordinal,k1,1,all,expected,0.1,24,0.705882,0.9944000000000001,0.0034409301068170535,1.0211999999999999,0.9969433333333333,5,False,2500,0.02,raw,lora_intervention/experiments/linear_probing/results_probe50/gemma-3-4b-it_5k_10u/probe_fits_ref.json,
gemma-3-4b-it,Gemma-3,base,5,10,FVQ,ordinal,k1,1,all,expected,0.1,25,0.735294,0.9936,0.003878143885933067,1.0224000000000002,0.9964766666666666,5,False,2500,0.02,raw,lora_intervention/experiments/linear_probing/results_probe50/gemma-3-4b-it_5k_10u/probe_fits_ref.json,
gemma-3-4b-it,Gemma-3,base,5,10,FVQ,ordinal,k1,1,all,expected,0.1,26,0.764706,0.9928000000000001,0.004118252056394804,1.034,0.9955418439716311,5,False,2500,0.02,raw,lora_intervention/experiments/linear_probing/results_probe50/gemma-3-4b-it_5k_10u/probe_fits_ref.json,
gemma-3-4b-it,Gemma-3,base,5,10,FVQ,ordinal,k1,1,all,expected,0.1,27,0.794118,0.9924,0.004079215610874232,1.0288,0.9955555555555555,5,False,2500,0.02,raw,lora_intervention/experiments/linear_probing/results_probe50/gemma-3-4b-it_5k_10u/probe_fits_ref.json,
gemma-3-4b-it,Gemma-3,base,5,10,FVQ,ordinal,k1,1,all,expected,0.1,28,0.823529,0.9924,0.004079215610874232,1.0284,0.9955753623188406,5,False,2500,0.02,raw,lora_intervention/experiments/linear_probing/results_probe50/gemma-3-4b-it_5k_10u/probe_fits_ref.json,
gemma-3-4b-it,Gemma-3,base,5,10,FVQ,ordinal,k1,1,all,expected,0.1,29,0.852941,0.9928000000000001,0.003919183588453089,1.0288,0.9957685106382979,5,False,2500,0.02,raw,lora_intervention/experiments/linear_probing/results_probe50/gemma-3-4b-it_5k_10u/probe_fits_ref.json,
gemma-3-4b-it,Gemma-3,base,5,10,FVQ,ordinal,k1,1,all,expected,0.1,30,0.882353,0.9916,0.004800000000000005,1.0184000000000002,0.9956148148148148,5,False,2500,0.02,raw,lora_intervention/experiments/linear_probing/results_probe50/gemma-3-4b-it_5k_10u/probe_fits_ref.json,
gemma-3-4b-it,Gemma-3,base,5,10,FVQ,ordinal,k1,1,all,expected,0.1,31,0.911765,0.9911999999999999,0.005306599664568644,1.02,0.995148717948718,5,False,2500,0.02,raw,lora_intervention/experiments/linear_probing/results_probe50/gemma-3-4b-it_5k_10u/probe_fits_ref.json,
gemma-3-4b-it,Gemma-3,base,5,10,FVQ,ordinal,k1,1,all,expected,0.1,32,0.941176,0.9916,0.004800000000000005,1.0184000000000002,0.9955487179487179,5,False,2500,0.02,raw,lora_intervention/experiments/linear_probing/results_probe50/gemma-3-4b-it_5k_10u/probe_fits_ref.json,
gemma-3-4b-it,Gemma-3,base,5,10,FVQ,ordinal,k1,1,all,expected,0.1,33,0.970588,0.9916,0.004800000000000005,1.0219999999999998,0.9952466666666666,5,False,2500,0.02,raw,lora_intervention/experiments/linear_probing/results_probe50/gemma-3-4b-it_5k_10u/probe_fits_ref.json,
gemma-3-4b-it,Gemma-3,base,5,10,FVQ,ordinal,k1,1,all,expected,0.1,34,1.0,0.9916,0.004454211490264022,1.0268000000000002,0.995355968992248,5,False,2500,0.02,raw,lora_intervention/experiments/linear_probing/results_probe50/gemma-3-4b-it_5k_10u/probe_fits_ref.json,
gemma-3-4b-it,Gemma-3,base,5,10,FVQ,semantic,FVQ,1,all,expected,0.1,0,0.0,0.0264,0.0008000000000000008,23.5192,0.10487629122543247,5,False,2500,0.02,raw,lora_intervention/experiments/linear_probing/results_probe50/gemma-3-4b-it_5k_10u/probe_fits_ref.json,
gemma-3-4b-it,Gemma-3,base,5,10,FVQ,semantic,FVQ,1,all,expected,0.1,1,0.029412,0.02,0.002190890230020664,24.5932,0.0938863769858385,5,False,2500,0.02,raw,lora_intervention/experiments/linear_probing/results_probe50/gemma-3-4b-it_5k_10u/probe_fits_ref.json,
gemma-3-4b-it,Gemma-3,base,5,10,FVQ,semantic,FVQ,1,all,expected,0.1,2,0.058824,0.047599999999999996,0.008708616422830896,20.394799999999996,0.14166996724514144,5,False,2500,0.02,raw,lora_intervention/experiments/linear_probing/results_probe50/gemma-3-4b-it_5k_10u/probe_fits_ref.json,
gemma-3-4b-it,Gemma-3,base,5,10,FVQ,semantic,FVQ,1,all,expected,0.1,3,0.088235,0.0424,0.005571355310873647,20.7352,0.1357213400839341,5,False,2500,0.02,raw,lora_intervention/experiments/linear_probing/results_probe50/gemma-3-4b-it_5k_10u/probe_fits_ref.json,
gemma-3-4b-it,Gemma-3,base,5,10,FVQ,semantic,FVQ,1,all,expected,0.1,4,0.117647,0.0412,0.002399999999999999,21.1984,0.1312585572911026,5,False,2500,0.02,raw,lora_intervention/experiments/linear_probing/results_probe50/gemma-3-4b-it_5k_10u/probe_fits_ref.json,
gemma-3-4b-it,Gemma-3,base,5,10,FVQ,semantic,FVQ,1,all,expected,0.1,5,0.147059,0.0432,0.003487119154832539,20.746000000000002,0.13314526421341893,5,False,2500,0.02,raw,lora_intervention/experiments/linear_probing/results_probe50/gemma-3-4b-it_5k_10u/probe_fits_ref.json,
gemma-3-4b-it,Gemma-3,base,5,10,FVQ,semantic,FVQ,1,all,expected,0.1,6,0.176471,0.0524,0.002332380757938119,20.1156,0.14604196726949623,5,False,2500,0.02,raw,lora_intervention/experiments/linear_probing/results_probe50/gemma-3-4b-it_5k_10u/probe_fits_ref.json,
gemma-3-4b-it,Gemma-3,base,5,10,FVQ,semantic,FVQ,1,all,expected,0.1,7,0.205882,0.06,0.007483314773547886,18.538,0.1626425235285356,5,False,2500,0.02,raw,lora_intervention/experiments/linear_probing/results_probe50/gemma-3-4b-it_5k_10u/probe_fits_ref.json,
gemma-3-4b-it,Gemma-3,base,5,10,FVQ,semantic,FVQ,1,all,expected,0.1,8,0.235294,0.0612,0.008158431221748457,18.8804,0.16072238780609643,5,False,2500,0.02,raw,lora_intervention/experiments/linear_probing/results_probe50/gemma-3-4b-it_5k_10u/probe_fits_ref.json,
gemma-3-4b-it,Gemma-3,base,5,10,FVQ,semantic,FVQ,1,all,expected,0.1,9,0.264706,0.057600000000000005,0.002939387691339814,19.5728,0.15475950426946938,5,False,2500,0.02,raw,lora_intervention/experiments/linear_probing/results_probe50/gemma-3-4b-it_5k_10u/probe_fits_ref.json,
gemma-3-4b-it,Gemma-3,base,5,10,FVQ,semantic,FVQ,1,all,expected,0.1,10,0.294118,0.0528,0.004118252056394801,20.075200000000002,0.14659270149417153,5,False,2500,0.02,raw,lora_intervention/experiments/linear_probing/results_probe50/gemma-3-4b-it_5k_10u/probe_fits_ref.json,
gemma-3-4b-it,Gemma-3,base,5,10,FVQ,semantic,FVQ,1,all,expected,0.1,11,0.323529,0.05439999999999999,0.008616263691415207,19.787600000000005,0.14945511780806914,5,False,2500,0.02,raw,lora_intervention/experiments/linear_probing/results_probe50/gemma-3-4b-it_5k_10u/probe_fits_ref.json,
gemma-3-4b-it,Gemma-3,base,5,10,FVQ,semantic,FVQ,1,all,expected,0.1,12,0.352941,0.058399999999999994,0.008522910301065008,19.3408,0.15312809282911644,5,False,2500,0.02,raw,lora_intervention/experiments/linear_probing/results_probe50/gemma-3-4b-it_5k_10u/probe_fits_ref.json,
gemma-3-4b-it,Gemma-3,base,5,10,FVQ,semantic,FVQ,1,all,expected,0.1,13,0.382353,0.06920000000000001,0.009516301802696256,17.5712,0.17496858056299808,5,False,2500,0.02,raw,lora_intervention/experiments/linear_probing/results_probe50/gemma-3-4b-it_5k_10u/probe_fits_ref.json,
gemma-3-4b-it,Gemma-3,base,5,10,FVQ,semantic,FVQ,1,all,expected,0.1,14,0.411765,0.08360000000000001,0.012547509713086498,17.214800000000004,0.19070793646543163,5,False,2500,0.02,raw,lora_intervention/experiments/linear_probing/results_probe50/gemma-3-4b-it_5k_10u/probe_fits_ref.json,
gemma-3-4b-it,Gemma-3,base,5,10,FVQ,semantic,FVQ,1,all,expected,0.1,15,0.441176,0.0988,0.011906300852909774,15.826400000000001,0.21517317258558313,5,False,2500,0.02,raw,lora_intervention/experiments/linear_probing/results_probe50/gemma-3-4b-it_5k_10u/probe_fits_ref.json,
gemma-3-4b-it,Gemma-3,base,5,10,FVQ,semantic,FVQ,1,all,expected,0.1,16,0.470588,0.11839999999999999,0.015147276983009193,14.3368,0.2442211826856458,5,False,2500,0.02,raw,lora_intervention/experiments/linear_probing/results_probe50/gemma-3-4b-it_5k_10u/probe_fits_ref.json,
gemma-3-4b-it,Gemma-3,base,5,10,FVQ,semantic,FVQ,1,all,expected,0.1,17,0.5,0.1252,0.012367699866992241,14.805600000000002,0.24480298993825622,5,False,2500,0.02,raw,lora_intervention/experiments/linear_probing/results_probe50/gemma-3-4b-it_5k_10u/probe_fits_ref.json,
gemma-3-4b-it,Gemma-3,base,5,10,FVQ,semantic,FVQ,1,all,expected,0.1,18,0.529412,0.8720000000000001,0.01692335664104496,1.4964,0.9160120368087336,5,False,2500,0.02,raw,lora_intervention/experiments/linear_probing/results_probe50/gemma-3-4b-it_5k_10u/probe_fits_ref.json,
gemma-3-4b-it,Gemma-3,base,5,10,FVQ,semantic,FVQ,1,all,expected,0.1,19,0.558824,0.874,0.010807404868885047,1.5092,0.9171363998917302,5,False,2500,0.02,raw,lora_intervention/experiments/linear_probing/results_probe50/gemma-3-4b-it_5k_10u/probe_fits_ref.json,
gemma-3-4b-it,Gemma-3,base,5,10,FVQ,semantic,FVQ,1,all,expected,0.1,20,0.588235,0.8824,0.007525955088890718,1.5144,0.9220381655886053,5,False,2500,0.02,raw,lora_intervention/experiments/linear_probing/results_probe50/gemma-3-4b-it_5k_10u/probe_fits_ref.json,
gemma-3-4b-it,Gemma-3,base,5,10,FVQ,semantic,FVQ,1,all,expected,0.1,21,0.617647,0.8816,0.010461357464497625,1.5104000000000002,0.9210027187989114,5,False,2500,0.02,raw,lora_intervention/experiments/linear_probing/results_probe50/gemma-3-4b-it_5k_10u/probe_fits_ref.json,
gemma-3-4b-it,Gemma-3,base,5,10,FVQ,semantic,FVQ,1,all,expected,0.1,22,0.647059,0.9359999999999999,0.007797435475847133,1.2611999999999999,0.9593841894142259,5,False,2500,0.02,raw,lora_intervention/experiments/linear_probing/results_probe50/gemma-3-4b-it_5k_10u/probe_fits_ref.json,
gemma-3-4b-it,Gemma-3,base,5,10,FVQ,semantic,FVQ,1,all,expected,0.1,23,0.676471,0.9512,0.00805977667184396,1.2032,0.9685329172798941,5,False,2500,0.02,raw,lora_intervention/experiments/linear_probing/results_probe50/gemma-3-4b-it_5k_10u/probe_fits_ref.json,
gemma-3-4b-it,Gemma-3,base,5,10,FVQ,semantic,FVQ,1,all,expected,0.1,24,0.705882,0.9936,0.004630334761116095,1.0219999999999998,0.996476923076923,5,False,2500,0.02,raw,lora_intervention/experiments/linear_probing/results_probe50/gemma-3-4b-it_5k_10u/probe_fits_ref.json,
gemma-3-4b-it,Gemma-3,base,5,10,FVQ,semantic,FVQ,1,all,expected,0.1,25,0.735294,0.9936,0.004630334761116095,1.0208,0.9964777777777778,5,False,2500,0.02,raw,lora_intervention/experiments/linear_probing/results_probe50/gemma-3-4b-it_5k_10u/probe_fits_ref.json,
gemma-3-4b-it,Gemma-3,base,5,10,FVQ,semantic,FVQ,1,all,expected,0.1,26,0.764706,0.9924000000000002,0.004963869458396347,1.0308,0.9955951773049645,5,False,2500,0.02,raw,lora_intervention/experiments/linear_probing/results_probe50/gemma-3-4b-it_5k_10u/probe_fits_ref.json,
gemma-3-4b-it,Gemma-3,base,5,10,FVQ,semantic,FVQ,1,all,expected,0.1,27,0.794118,0.9928000000000001,0.005306599664568644,1.0264,0.9959555555555555,5,False,2500,0.02,raw,lora_intervention/experiments/linear_probing/results_probe50/gemma-3-4b-it_5k_10u/probe_fits_ref.json,
gemma-3-4b-it,Gemma-3,base,5,10,FVQ,semantic,FVQ,1,all,expected,0.1,28,0.823529,0.9924000000000002,0.004963869458396347,1.0268000000000002,0.9957422222222222,5,False,2500,0.02,raw,lora_intervention/experiments/linear_probing/results_probe50/gemma-3-4b-it_5k_10u/probe_fits_ref.json,
gemma-3-4b-it,Gemma-3,base,5,10,FVQ,semantic,FVQ,1,all,expected,0.1,29,0.852941,0.9936,0.004630334761116095,1.0292000000000001,0.996248986828774,5,False,2500,0.02,raw,lora_intervention/experiments/linear_probing/results_probe50/gemma-3-4b-it_5k_10u/probe_fits_ref.json,
gemma-3-4b-it,Gemma-3,base,5,10,FVQ,semantic,FVQ,1,all,expected,0.1,30,0.882353,0.9924000000000002,0.004963869458396347,1.0184,0.9958814814814815,5,False,2500,0.02,raw,lora_intervention/experiments/linear_probing/results_probe50/gemma-3-4b-it_5k_10u/probe_fits_ref.json,
gemma-3-4b-it,Gemma-3,base,5,10,FVQ,semantic,FVQ,1,all,expected,0.1,31,0.911765,0.9924,0.005122499389946284,1.0184000000000002,0.9958293333333333,5,False,2500,0.02,raw,lora_intervention/experiments/linear_probing/results_probe50/gemma-3-4b-it_5k_10u/probe_fits_ref.json,
gemma-3-4b-it,Gemma-3,base,5,10,FVQ,semantic,FVQ,1,all,expected,0.1,32,0.941176,0.9924,0.00542586398650022,1.0192,0.9958281481481481,5,False,2500,0.02,raw,lora_intervention/experiments/linear_probing/results_probe50/gemma-3-4b-it_5k_10u/probe_fits_ref.json,
gemma-3-4b-it,Gemma-3,base,5,10,FVQ,semantic,FVQ,1,all,expected,0.1,33,0.970588,0.9928000000000001,0.004833218389437833,1.0211999999999999,0.9959795698924732,5,False,2500,0.02,raw,lora_intervention/experiments/linear_probing/results_probe50/gemma-3-4b-it_5k_10u/probe_fits_ref.json,
gemma-3-4b-it,Gemma-3,base,5,10,FVQ,semantic,FVQ,1,all,expected,0.1,34,1.0,0.9924,0.0046303347611160945,1.0272000000000001,0.9957333333333332,5,False,2500,0.02,raw,lora_intervention/experiments/linear_probing/results_probe50/gemma-3-4b-it_5k_10u/probe_fits_ref.json,
gemma-3-4b-it,Gemma-3,base,5,10,IVQ,ordinal,k2,2,all,expected,0.1,0,0.0,0.02851851851851852,0.0009072184232530302,23.675185185185185,0.1060973154551291,5,False,2700,0.02,raw,lora_intervention/experiments/linear_probing/results_probe50/gemma-3-4b-it_5k_10u/probe_fits_ref.json,
gemma-3-4b-it,Gemma-3,base,5,10,IVQ,ordinal,k2,2,all,expected,0.1,1,0.029412,0.022962962962962963,0.0027715980642769927,25.127777777777776,0.09256905775409913,5,False,2700,0.02,raw,lora_intervention/experiments/linear_probing/results_probe50/gemma-3-4b-it_5k_10u/probe_fits_ref.json,
gemma-3-4b-it,Gemma-3,base,5,10,IVQ,ordinal,k2,2,all,expected,0.1,2,0.058824,0.02185185185185185,0.005665577237325315,24.26962962962963,0.09546313203818323,5,False,2700,0.02,raw,lora_intervention/experiments/linear_probing/results_probe50/gemma-3-4b-it_5k_10u/probe_fits_ref.json,
gemma-3-4b-it,Gemma-3,base,5,10,IVQ,ordinal,k2,2,all,expected,0.1,3,0.088235,0.02259259259259259,0.006017806225656268,24.464074074074073,0.0975657393781603,5,False,2700,0.02,raw,lora_intervention/experiments/linear_probing/results_probe50/gemma-3-4b-it_5k_10u/probe_fits_ref.json,
gemma-3-4b-it,Gemma-3,base,5,10,IVQ,ordinal,k2,2,all,expected,0.1,4,0.117647,0.02407407407407407,0.007680163464195453,24.39148148148148,0.09748436152148622,5,False,2700,0.02,raw,lora_intervention/experiments/linear_probing/results_probe50/gemma-3-4b-it_5k_10u/probe_fits_ref.json,
gemma-3-4b-it,Gemma-3,base,5,10,IVQ,ordinal,k2,2,all,expected,0.1,5,0.147059,0.022962962962962966,0.0032288140322523505,24.306666666666665,0.09600471566664563,5,False,2700,0.02,raw,lora_intervention/experiments/linear_probing/results_probe50/gemma-3-4b-it_5k_10u/probe_fits_ref.json,
gemma-3-4b-it,Gemma-3,base,5,10,IVQ,ordinal,k2,2,all,expected,0.1,6,0.176471,0.022222222222222223,0.007407407407407408,24.31148148148148,0.09614615815981595,5,False,2700,0.02,raw,lora_intervention/experiments/linear_probing/results_probe50/gemma-3-4b-it_5k_10u/probe_fits_ref.json,
gemma-3-4b-it,Gemma-3,base,5,10,IVQ,ordinal,k2,2,all,expected,0.1,7,0.205882,0.02518518518518519,0.005443310539518175,23.0737037037037,0.10909192718212427,5,False,2700,0.02,raw,lora_intervention/experiments/linear_probing/results_probe50/gemma-3-4b-it_5k_10u/probe_fits_ref.json,
gemma-3-4b-it,Gemma-3,base,5,10,IVQ,ordinal,k2,2,all,expected,0.1,8,0.235294,0.026296296296296297,0.0029629629629629632,23.202222222222222,0.10779307848147798,5,False,2700,0.02,raw,lora_intervention/experiments/linear_probing/results_probe50/gemma-3-4b-it_5k_10u/probe_fits_ref.json,
gemma-3-4b-it,Gemma-3,base,5,10,IVQ,ordinal,k2,2,all,expected,0.1,9,0.264706,0.02777777777777778,0.005105203241514897,22.87148148148148,0.1095135398247286,5,False,2700,0.02,raw,lora_intervention/experiments/linear_probing/results_probe50/gemma-3-4b-it_5k_10u/probe_fits_ref.json,
gemma-3-4b-it,Gemma-3,base,5,10,IVQ,ordinal,k2,2,all,expected,0.1,10,0.294118,0.0274074074074074,0.004596175424441059,23.13259259259259,0.10934966566786057,5,False,2700,0.02,raw,lora_intervention/experiments/linear_probing/results_probe50/gemma-3-4b-it_5k_10u/probe_fits_ref.json,
gemma-3-4b-it,Gemma-3,base,5,10,IVQ,ordinal,k2,2,all,expected,0.1,11,0.323529,0.03111111111111111,0.006562979683951612,22.885925925925925,0.11127442202650621,5,False,2700,0.02,raw,lora_intervention/experiments/linear_probing/results_probe50/gemma-3-4b-it_5k_10u/probe_fits_ref.json,
gemma-3-4b-it,Gemma-3,base,5,10,IVQ,ordinal,k2,2,all,expected,0.1,12,0.352941,0.03111111111111111,0.011735540383522118,22.64666666666667,0.1127850006732309,5,False,2700,0.02,raw,lora_intervention/experiments/linear_probing/results_probe50/gemma-3-4b-it_5k_10u/probe_fits_ref.json,
gemma-3-4b-it,Gemma-3,base,5,10,IVQ,ordinal,k2,2,all,expected,0.1,13,0.382353,0.03888888888888889,0.009658077637337257,20.67111111111111,0.13057943500556657,5,False,2700,0.02,raw,lora_intervention/experiments/linear_probing/results_probe50/gemma-3-4b-it_5k_10u/probe_fits_ref.json,
gemma-3-4b-it,Gemma-3,base,5,10,IVQ,ordinal,k2,2,all,expected,0.1,14,0.411765,0.04740740740740741,0.0066872111426917735,19.685925925925925,0.14605691184789224,5,False,2700,0.02,raw,lora_intervention/experiments/linear_probing/results_probe50/gemma-3-4b-it_5k_10u/probe_fits_ref.json,
gemma-3-4b-it,Gemma-3,base,5,10,IVQ,ordinal,k2,2,all,expected,0.1,15,0.441176,0.052222222222222225,0.01155887891431647,19.83222222222222,0.1503936075850802,5,False,2700,0.02,raw,lora_intervention/experiments/linear_probing/results_probe50/gemma-3-4b-it_5k_10u/probe_fits_ref.json,
gemma-3-4b-it,Gemma-3,base,5,10,IVQ,ordinal,k2,2,all,expected,0.1,16,0.470588,0.055925925925925934,0.009177416069158418,19.357777777777777,0.15408842462382588,5,False,2700,0.02,raw,lora_intervention/experiments/linear_probing/results_probe50/gemma-3-4b-it_5k_10u/probe_fits_ref.json,
gemma-3-4b-it,Gemma-3,base,5,10,IVQ,ordinal,k2,2,all,expected,0.1,17,0.5,0.05703703703703704,0.006457628064504702,18.894444444444446,0.15876338294249448,5,False,2700,0.02,raw,lora_intervention/experiments/linear_probing/results_probe50/gemma-3-4b-it_5k_10u/probe_fits_ref.json,
gemma-3-4b-it,Gemma-3,base,5,10,IVQ,ordinal,k2,2,all,expected,0.1,18,0.529412,0.597037037037037,0.01846659387010061,2.930740740740741,0.724119848284998,5,False,2700,0.02,raw,lora_intervention/experiments/linear_probing/results_probe50/gemma-3-4b-it_5k_10u/probe_fits_ref.json,
gemma-3-4b-it,Gemma-3,base,5,10,IVQ,ordinal,k2,2,all,expected,0.1,19,0.558824,0.5825925925925926,0.016752863522812814,3.107037037037037,0.710069634461304,5,False,2700,0.02,raw,lora_intervention/experiments/linear_probing/results_probe50/gemma-3-4b-it_5k_10u/probe_fits_ref.json,
gemma-3-4b-it,Gemma-3,base,5,10,IVQ,ordinal,k2,2,all,expected,0.1,20,0.588235,0.5944444444444444,0.011294778282945866,2.9622222222222225,0.7218622247576876,5,False,2700,0.02,raw,lora_intervention/experiments/linear_probing/results_probe50/gemma-3-4b-it_5k_10u/probe_fits_ref.json,
gemma-3-4b-it,Gemma-3,base,5,10,IVQ,ordinal,k2,2,all,expected,0.1,21,0.617647,0.5144444444444445,0.009756992498014441,3.977037037037037,0.6508822971380009,5,False,2700,0.02,raw,lora_intervention/experiments/linear_probing/results_probe50/gemma-3-4b-it_5k_10u/probe_fits_ref.json,
gemma-3-4b-it,Gemma-3,base,5,10,IVQ,ordinal,k2,2,all,expected,0.1,22,0.647059,0.5637037037037037,0.01751346728523984,3.6911111111111112,0.6868110228610846,5,False,2700,0.02,raw,lora_intervention/experiments/linear_probing/results_probe50/gemma-3-4b-it_5k_10u/probe_fits_ref.json,
gemma-3-4b-it,Gemma-3,base,5,10,IVQ,ordinal,k2,2,all,expected,0.1,23,0.676471,0.6185185185185185,0.012283795519834825,3.003703703703704,0.7337191319504519,5,False,2700,0.02,raw,lora_intervention/experiments/linear_probing/results_probe50/gemma-3-4b-it_5k_10u/probe_fits_ref.json,
gemma-3-4b-it,Gemma-3,base,5,10,IVQ,ordinal,k2,2,all,expected,0.1,24,0.705882,0.5540740740740742,0.011197197376171092,4.1062962962962954,0.6871051702242255,5,False,2700,0.02,raw,lora_intervention/experiments/linear_probing/results_probe50/gemma-3-4b-it_5k_10u/probe_fits_ref.json,
gemma-3-4b-it,Gemma-3,base,5,10,IVQ,ordinal,k2,2,all,expected,0.1,25,0.735294,0.5507407407407408,0.014703283882429068,4.005185185185185,0.6893215016637695,5,False,2700,0.02,raw,lora_intervention/experiments/linear_probing/results_probe50/gemma-3-4b-it_5k_10u/probe_fits_ref.json,
gemma-3-4b-it,Gemma-3,base,5,10,IVQ,ordinal,k2,2,all,expected,0.1,26,0.764706,0.5555555555555556,0.015930231976004832,4.045185185185185,0.6929269402865001,5,False,2700,0.02,raw,lora_intervention/experiments/linear_probing/results_probe50/gemma-3-4b-it_5k_10u/probe_fits_ref.json,
gemma-3-4b-it,Gemma-3,base,5,10,IVQ,ordinal,k2,2,all,expected,0.1,27,0.794118,0.5922222222222222,0.02278304666552548,3.031851851851852,0.7353803969244881,5,False,2700,0.02,raw,lora_intervention/experiments/linear_probing/results_probe50/gemma-3-4b-it_5k_10u/probe_fits_ref.json,
gemma-3-4b-it,Gemma-3,base,5,10,IVQ,ordinal,k2,2,all,expected,0.1,28,0.823529,0.5918518518518519,0.015998971160337164,3.0411111111111113,0.7349231526836257,5,False,2700,0.02,raw,lora_intervention/experiments/linear_probing/results_probe50/gemma-3-4b-it_5k_10u/probe_fits_ref.json,
gemma-3-4b-it,Gemma-3,base,5,10,IVQ,ordinal,k2,2,all,expected,0.1,29,0.852941,0.5992592592592593,0.014934700113819211,2.872592592592593,0.743227207001276,5,False,2700,0.02,raw,lora_intervention/experiments/linear_probing/results_probe50/gemma-3-4b-it_5k_10u/probe_fits_ref.json,
gemma-3-4b-it,Gemma-3,base,5,10,IVQ,ordinal,k2,2,all,expected,0.1,30,0.882353,0.6918518518518518,0.019793169208722053,1.6562962962962964,0.8218600509865637,5,False,2700,0.02,raw,lora_intervention/experiments/linear_probing/results_probe50/gemma-3-4b-it_5k_10u/probe_fits_ref.json,
gemma-3-4b-it,Gemma-3,base,5,10,IVQ,ordinal,k2,2,all,expected,0.1,31,0.911765,0.6803703703703705,0.011805464778154973,1.6237037037037036,0.8172126166592287,5,False,2700,0.02,raw,lora_intervention/experiments/linear_probing/results_probe50/gemma-3-4b-it_5k_10u/probe_fits_ref.json,
gemma-3-4b-it,Gemma-3,base,5,10,IVQ,ordinal,k2,2,all,expected,0.1,32,0.941176,0.6718518518518518,0.01758381847476921,1.647037037037037,0.8120213350133284,5,False,2700,0.02,raw,lora_intervention/experiments/linear_probing/results_probe50/gemma-3-4b-it_5k_10u/probe_fits_ref.json,
gemma-3-4b-it,Gemma-3,base,5,10,IVQ,ordinal,k2,2,all,expected,0.1,33,0.970588,0.6666666666666666,0.017253058813114244,1.6711111111111112,0.8085197591508588,5,False,2700,0.02,raw,lora_intervention/experiments/linear_probing/results_probe50/gemma-3-4b-it_5k_10u/probe_fits_ref.json,
gemma-3-4b-it,Gemma-3,base,5,10,IVQ,ordinal,k2,2,all,expected,0.1,34,1.0,0.6444444444444446,0.016186498802527517,1.7051851851851851,0.7953995078390503,5,False,2700,0.02,raw,lora_intervention/experiments/linear_probing/results_probe50/gemma-3-4b-it_5k_10u/probe_fits_ref.json,
gemma-3-4b-it,Gemma-3,base,5,10,IVQ,ordinal,k3,3,all,expected,0.1,0,0.0,0.02346153846153846,0.0007692307692307693,23.77076923076923,0.10029407006862659,5,False,2600,0.02,raw,lora_intervention/experiments/linear_probing/results_probe50/gemma-3-4b-it_5k_10u/probe_fits_ref.json,
gemma-3-4b-it,Gemma-3,base,5,10,IVQ,ordinal,k3,3,all,expected,0.1,1,0.029412,0.021923076923076927,0.006944411571256842,24.56923076923077,0.09603101349620287,5,False,2600,0.02,raw,lora_intervention/experiments/linear_probing/results_probe50/gemma-3-4b-it_5k_10u/probe_fits_ref.json,
gemma-3-4b-it,Gemma-3,base,5,10,IVQ,ordinal,k3,3,all,expected,0.1,2,0.058824,0.026153846153846156,0.006272887088576958,24.377307692307696,0.09934572696191538,5,False,2600,0.02,raw,lora_intervention/experiments/linear_probing/results_probe50/gemma-3-4b-it_5k_10u/probe_fits_ref.json,
gemma-3-4b-it,Gemma-3,base,5,10,IVQ,ordinal,k3,3,all,expected,0.1,3,0.088235,0.02384615384615385,0.003124630155629216,24.255000000000003,0.09885666334459085,5,False,2600,0.02,raw,lora_intervention/experiments/linear_probing/results_probe50/gemma-3-4b-it_5k_10u/probe_fits_ref.json,
gemma-3-4b-it,Gemma-3,base,5,10,IVQ,ordinal,k3,3,all,expected,0.1,4,0.117647,0.02692307692307692,0.009730085108210398,24.326153846153847,0.0998783057358216,5,False,2600,0.02,raw,lora_intervention/experiments/linear_probing/results_probe50/gemma-3-4b-it_5k_10u/probe_fits_ref.json,
gemma-3-4b-it,Gemma-3,base,5,10,IVQ,ordinal,k3,3,all,expected,0.1,5,0.147059,0.027692307692307693,0.00931055264377708,24.471153846153847,0.09965361138036445,5,False,2600,0.02,raw,lora_intervention/experiments/linear_probing/results_probe50/gemma-3-4b-it_5k_10u/probe_fits_ref.json,
gemma-3-4b-it,Gemma-3,base,5,10,IVQ,ordinal,k3,3,all,expected,0.1,6,0.176471,0.025,0.006319875663521149,24.125769230769233,0.098316345318419,5,False,2600,0.02,raw,lora_intervention/experiments/linear_probing/results_probe50/gemma-3-4b-it_5k_10u/probe_fits_ref.json,
gemma-3-4b-it,Gemma-3,base,5,10,IVQ,ordinal,k3,3,all,expected,0.1,7,0.205882,0.02692307692307692,0.006081303192631499,24.220384615384617,0.10173013034368097,5,False,2600,0.02,raw,lora_intervention/experiments/linear_probing/results_probe50/gemma-3-4b-it_5k_10u/probe_fits_ref.json,
gemma-3-4b-it,Gemma-3,base,5,10,IVQ,ordinal,k3,3,all,expected,0.1,8,0.235294,0.028076923076923076,0.00260858845504818,24.388076923076923,0.10146900409941298,5,False,2600,0.02,raw,lora_intervention/experiments/linear_probing/results_probe50/gemma-3-4b-it_5k_10u/probe_fits_ref.json,
gemma-3-4b-it,Gemma-3,base,5,10,IVQ,ordinal,k3,3,all,expected,0.1,9,0.264706,0.026923076923076928,0.005014771080925115,24.087692307692304,0.10304307213163695,5,False,2600,0.02,raw,lora_intervention/experiments/linear_probing/results_probe50/gemma-3-4b-it_5k_10u/probe_fits_ref.json,
gemma-3-4b-it,Gemma-3,base,5,10,IVQ,ordinal,k3,3,all,expected,0.1,10,0.294118,0.025384615384615384,0.004452244962611626,24.287692307692307,0.10044266544231048,5,False,2600,0.02,raw,lora_intervention/experiments/linear_probing/results_probe50/gemma-3-4b-it_5k_10u/probe_fits_ref.json,
gemma-3-4b-it,Gemma-3,base,5,10,IVQ,ordinal,k3,3,all,expected,0.1,11,0.323529,0.023846153846153843,0.00552026926707974,24.39192307692308,0.097046045237307,5,False,2600,0.02,raw,lora_intervention/experiments/linear_probing/results_probe50/gemma-3-4b-it_5k_10u/probe_fits_ref.json,
gemma-3-4b-it,Gemma-3,base,5,10,IVQ,ordinal,k3,3,all,expected,0.1,12,0.352941,0.021923076923076924,0.005384615384615385,24.262307692307694,0.09628663482149068,5,False,2600,0.02,raw,lora_intervention/experiments/linear_probing/results_probe50/gemma-3-4b-it_5k_10u/probe_fits_ref.json,
gemma-3-4b-it,Gemma-3,base,5,10,IVQ,ordinal,k3,3,all,expected,0.1,13,0.382353,0.02846153846153846,0.005756395979652218,23.738461538461536,0.10376312068420732,5,False,2600,0.02,raw,lora_intervention/experiments/linear_probing/results_probe50/gemma-3-4b-it_5k_10u/probe_fits_ref.json,
gemma-3-4b-it,Gemma-3,base,5,10,IVQ,ordinal,k3,3,all,expected,0.1,14,0.411765,0.02846153846153846,0.011879573239600387,23.713076923076922,0.10638642021488823,5,False,2600,0.02,raw,lora_intervention/experiments/linear_probing/results_probe50/gemma-3-4b-it_5k_10u/probe_fits_ref.json,
gemma-3-4b-it,Gemma-3,base,5,10,IVQ,ordinal,k3,3,all,expected,0.1,15,0.441176,0.028461538461538465,0.00880424857096892,23.994999999999997,0.10828834077786505,5,False,2600,0.02,raw,lora_intervention/experiments/linear_probing/results_probe50/gemma-3-4b-it_5k_10u/probe_fits_ref.json,
gemma-3-4b-it,Gemma-3,base,5,10,IVQ,ordinal,k3,3,all,expected,0.1,16,0.470588,0.028846153846153844,0.011665962221617771,23.605,0.10700356147526566,5,False,2600,0.02,raw,lora_intervention/experiments/linear_probing/results_probe50/gemma-3-4b-it_5k_10u/probe_fits_ref.json,
gemma-3-4b-it,Gemma-3,base,5,10,IVQ,ordinal,k3,3,all,expected,0.1,17,0.5,0.03423076923076923,0.009134109297721476,23.37576923076923,0.11056024513936473,5,False,2600,0.02,raw,lora_intervention/experiments/linear_probing/results_probe50/gemma-3-4b-it_5k_10u/probe_fits_ref.json,
gemma-3-4b-it,Gemma-3,base,5,10,IVQ,ordinal,k3,3,all,expected,0.1,18,0.529412,0.1080769230769231,0.015499570522776835,15.363076923076923,0.22467608141480042,5,False,2600,0.02,raw,lora_intervention/experiments/linear_probing/results_probe50/gemma-3-4b-it_5k_10u/probe_fits_ref.json,
gemma-3-4b-it,Gemma-3,base,5,10,IVQ,ordinal,k3,3,all,expected,0.1,19,0.558824,0.10307692307692307,0.013133362368433744,15.523846153846154,0.2185999330548721,5,False,2600,0.02,raw,lora_intervention/experiments/linear_probing/results_probe50/gemma-3-4b-it_5k_10u/probe_fits_ref.json,
gemma-3-4b-it,Gemma-3,base,5,10,IVQ,ordinal,k3,3,all,expected,0.1,20,0.588235,0.08461538461538462,0.01315587028960544,16.262307692307694,0.20060331049395058,5,False,2600,0.02,raw,lora_intervention/experiments/linear_probing/results_probe50/gemma-3-4b-it_5k_10u/probe_fits_ref.json,
gemma-3-4b-it,Gemma-3,base,5,10,IVQ,ordinal,k3,3,all,expected,0.1,21,0.617647,0.07423076923076923,0.01064488654084465,17.45,0.18311361671224563,5,False,2600,0.02,raw,lora_intervention/experiments/linear_probing/results_probe50/gemma-3-4b-it_5k_10u/probe_fits_ref.json,
gemma-3-4b-it,Gemma-3,base,5,10,IVQ,ordinal,k3,3,all,expected,0.1,22,0.647059,0.06615384615384616,0.01071414482860317,18.095,0.17020878464286554,5,False,2600,0.02,raw,lora_intervention/experiments/linear_probing/results_probe50/gemma-3-4b-it_5k_10u/probe_fits_ref.json,
gemma-3-4b-it,Gemma-3,base,5,10,IVQ,ordinal,k3,3,all,expected,0.1,23,0.676471,0.07346153846153844,0.008548504142651101,17.248461538461537,0.1817486620449023,5,False,2600,0.02,raw,lora_intervention/experiments/linear_probing/results_probe50/gemma-3-4b-it_5k_10u/probe_fits_ref.json,
gemma-3-4b-it,Gemma-3,base,5,10,IVQ,ordinal,k3,3,all,expected,0.1,24,0.705882,0.11923076923076925,0.007787867973583302,15.854230769230771,0.2321128629040024,5,False,2600,0.02,raw,lora_intervention/experiments/linear_probing/results_probe50/gemma-3-4b-it_5k_10u/probe_fits_ref.json,
gemma-3-4b-it,Gemma-3,base,5,10,IVQ,ordinal,k3,3,all,expected,0.1,25,0.735294,0.12384615384615386,0.014826411744151061,15.282307692307693,0.24124265330512382,5,False,2600,0.02,raw,lora_intervention/experiments/linear_probing/results_probe50/gemma-3-4b-it_5k_10u/probe_fits_ref.json,
gemma-3-4b-it,Gemma-3,base,5,10,IVQ,ordinal,k3,3,all,expected,0.1,26,0.764706,0.11615384615384614,0.012906124411971165,16.41384615384616,0.2259337497543395,5,False,2600,0.02,raw,lora_intervention/experiments/linear_probing/results_probe50/gemma-3-4b-it_5k_10u/probe_fits_ref.json,
gemma-3-4b-it,Gemma-3,base,5,10,IVQ,ordinal,k3,3,all,expected,0.1,27,0.794118,0.1819230769230769,0.021912953128067868,11.837692307692308,0.3167972028384464,5,False,2600,0.02,raw,lora_intervention/experiments/linear_probing/results_probe50/gemma-3-4b-it_5k_10u/probe_fits_ref.json,
gemma-3-4b-it,Gemma-3,base,5,10,IVQ,ordinal,k3,3,all,expected,0.1,28,0.823529,0.1715384615384615,0.02540791471525192,11.801923076923078,0.3108292298909261,5,False,2600,0.02,raw,lora_intervention/experiments/linear_probing/results_probe50/gemma-3-4b-it_5k_10u/probe_fits_ref.json,
gemma-3-4b-it,Gemma-3,base,5,10,IVQ,ordinal,k3,3,all,expected,0.1,29,0.852941,0.1926923076923077,0.016015894472043855,10.960769230769234,0.3327032064467066,5,False,2600,0.02,raw,lora_intervention/experiments/linear_probing/results_probe50/gemma-3-4b-it_5k_10u/probe_fits_ref.json,
gemma-3-4b-it,Gemma-3,base,5,10,IVQ,ordinal,k3,3,all,expected,0.1,30,0.882353,0.30923076923076925,0.009294650748918895,5.251153846153846,0.49622677849860697,5,False,2600,0.02,raw,lora_intervention/experiments/linear_probing/results_probe50/gemma-3-4b-it_5k_10u/probe_fits_ref.json,
gemma-3-4b-it,Gemma-3,base,5,10,IVQ,ordinal,k3,3,all,expected,0.1,31,0.911765,0.31461538461538463,0.017269187938956654,4.886923076923077,0.5050563079942062,5,False,2600,0.02,raw,lora_intervention/experiments/linear_probing/results_probe50/gemma-3-4b-it_5k_10u/probe_fits_ref.json,
gemma-3-4b-it,Gemma-3,base,5,10,IVQ,ordinal,k3,3,all,expected,0.1,32,0.941176,0.31961538461538463,0.017174702739820087,4.843461538461538,0.5074908720149647,5,False,2600,0.02,raw,lora_intervention/experiments/linear_probing/results_probe50/gemma-3-4b-it_5k_10u/probe_fits_ref.json,
gemma-3-4b-it,Gemma-3,base,5,10,IVQ,ordinal,k3,3,all,expected,0.1,33,0.970588,0.32999999999999996,0.015413434545779911,4.656923076923077,0.5173902128336121,5,False,2600,0.02,raw,lora_intervention/experiments/linear_probing/results_probe50/gemma-3-4b-it_5k_10u/probe_fits_ref.json,
gemma-3-4b-it,Gemma-3,base,5,10,IVQ,ordinal,k3,3,all,expected,0.1,34,1.0,0.3253846153846154,0.01881866126573087,4.6253846153846165,0.5118940529373059,5,False,2600,0.02,raw,lora_intervention/experiments/linear_probing/results_probe50/gemma-3-4b-it_5k_10u/probe_fits_ref.json,
gemma-3-4b-it,Gemma-3,base,5,10,IVQ,ordinal,k4,4,all,expected,0.1,0,0.0,0.026923076923076928,3.469446951953614e-18,23.471923076923076,0.10609649540734085,5,False,2600,0.02,raw,lora_intervention/experiments/linear_probing/results_probe50/gemma-3-4b-it_5k_10u/probe_fits_ref.json,
gemma-3-4b-it,Gemma-3,base,5,10,IVQ,ordinal,k4,4,all,expected,0.1,1,0.029412,0.01423076923076923,0.006272887088576958,24.866153846153843,0.0878127438524415,5,False,2600,0.02,raw,lora_intervention/experiments/linear_probing/results_probe50/gemma-3-4b-it_5k_10u/probe_fits_ref.json,
gemma-3-4b-it,Gemma-3,base,5,10,IVQ,ordinal,k4,4,all,expected,0.1,2,0.058824,0.023076923076923078,0.00902003030735275,24.16384615384615,0.09677530743957227,5,False,2600,0.02,raw,lora_intervention/experiments/linear_probing/results_probe50/gemma-3-4b-it_5k_10u/probe_fits_ref.json,
gemma-3-4b-it,Gemma-3,base,5,10,IVQ,ordinal,k4,4,all,expected,0.1,3,0.088235,0.021923076923076924,0.009925759923510724,24.291923076923077,0.09607714333149253,5,False,2600,0.02,raw,lora_intervention/experiments/linear_probing/results_probe50/gemma-3-4b-it_5k_10u/probe_fits_ref.json,
gemma-3-4b-it,Gemma-3,base,5,10,IVQ,ordinal,k4,4,all,expected,0.1,4,0.117647,0.019615384615384618,0.008195106058716354,24.30653846153846,0.09308360240850751,5,False,2600,0.02,raw,lora_intervention/experiments/linear_probing/results_probe50/gemma-3-4b-it_5k_10u/probe_fits_ref.json,
gemma-3-4b-it,Gemma-3,base,5,10,IVQ,ordinal,k4,4,all,expected,0.1,5,0.147059,0.022692307692307692,0.005217176910096361,24.28923076923077,0.09418837240826454,5,False,2600,0.02,raw,lora_intervention/experiments/linear_probing/results_probe50/gemma-3-4b-it_5k_10u/probe_fits_ref.json,
gemma-3-4b-it,Gemma-3,base,5,10,IVQ,ordinal,k4,4,all,expected,0.1,6,0.176471,0.01730769230769231,0.005832981110808886,24.39576923076923,0.08990887400705082,5,False,2600,0.02,raw,lora_intervention/experiments/linear_probing/results_probe50/gemma-3-4b-it_5k_10u/probe_fits_ref.json,
gemma-3-4b-it,Gemma-3,base,5,10,IVQ,ordinal,k4,4,all,expected,0.1,7,0.205882,0.019615384615384614,0.0050734253685665075,24.857307692307693,0.09179331540391719,5,False,2600,0.02,raw,lora_intervention/experiments/linear_probing/results_probe50/gemma-3-4b-it_5k_10u/probe_fits_ref.json,
gemma-3-4b-it,Gemma-3,base,5,10,IVQ,ordinal,k4,4,all,expected,0.1,8,0.235294,0.018846153846153846,0.003922322702763681,24.98,0.09072574100873868,5,False,2600,0.02,raw,lora_intervention/experiments/linear_probing/results_probe50/gemma-3-4b-it_5k_10u/probe_fits_ref.json,
gemma-3-4b-it,Gemma-3,base,5,10,IVQ,ordinal,k4,4,all,expected,0.1,9,0.264706,0.02,0.005245454498840714,24.91576923076923,0.09196484037160693,5,False,2600,0.02,raw,lora_intervention/experiments/linear_probing/results_probe50/gemma-3-4b-it_5k_10u/probe_fits_ref.json,
gemma-3-4b-it,Gemma-3,base,5,10,IVQ,ordinal,k4,4,all,expected,0.1,10,0.294118,0.018846153846153846,0.006007884366082041,24.901153846153846,0.09069363628604184,5,False,2600,0.02,raw,lora_intervention/experiments/linear_probing/results_probe50/gemma-3-4b-it_5k_10u/probe_fits_ref.json,
gemma-3-4b-it,Gemma-3,base,5,10,IVQ,ordinal,k4,4,all,expected,0.1,11,0.323529,0.019230769230769232,0.007398224639104364,25.09884615384615,0.08934813855575915,5,False,2600,0.02,raw,lora_intervention/experiments/linear_probing/results_probe50/gemma-3-4b-it_5k_10u/probe_fits_ref.json,
gemma-3-4b-it,Gemma-3,base,5,10,IVQ,ordinal,k4,4,all,expected,0.1,12,0.352941,0.022307692307692306,0.002878197989826109,25.212692307692308,0.09065018461208382,5,False,2600,0.02,raw,lora_intervention/experiments/linear_probing/results_probe50/gemma-3-4b-it_5k_10u/probe_fits_ref.json,
gemma-3-4b-it,Gemma-3,base,5,10,IVQ,ordinal,k4,4,all,expected,0.1,13,0.382353,0.019615384615384618,0.002826334318595975,24.928846153846152,0.09028753390288101,5,False,2600,0.02,raw,lora_intervention/experiments/linear_probing/results_probe50/gemma-3-4b-it_5k_10u/probe_fits_ref.json,
gemma-3-4b-it,Gemma-3,base,5,10,IVQ,ordinal,k4,4,all,expected,0.1,14,0.411765,0.024615384615384615,0.008012564098461407,24.639615384615382,0.0961069343348246,5,False,2600,0.02,raw,lora_intervention/experiments/linear_probing/results_probe50/gemma-3-4b-it_5k_10u/probe_fits_ref.json,
gemma-3-4b-it,Gemma-3,base,5,10,IVQ,ordinal,k4,4,all,expected,0.1,15,0.441176,0.021923076923076924,0.0035667763444214248,24.62923076923077,0.09492438450398939,5,False,2600,0.02,raw,lora_intervention/experiments/linear_probing/results_probe50/gemma-3-4b-it_5k_10u/probe_fits_ref.json,
gemma-3-4b-it,Gemma-3,base,5,10,IVQ,ordinal,k4,4,all,expected,0.1,16,0.470588,0.019999999999999997,0.006153846153846154,24.911538461538463,0.09395978158827145,5,False,2600,0.02,raw,lora_intervention/experiments/linear_probing/results_probe50/gemma-3-4b-it_5k_10u/probe_fits_ref.json,
gemma-3-4b-it,Gemma-3,base,5,10,IVQ,ordinal,k4,4,all,expected,0.1,17,0.5,0.021538461538461538,0.0071335526888428495,24.668076923076924,0.09581699470088632,5,False,2600,0.02,raw,lora_intervention/experiments/linear_probing/results_probe50/gemma-3-4b-it_5k_10u/probe_fits_ref.json,
gemma-3-4b-it,Gemma-3,base,5,10,IVQ,ordinal,k4,4,all,expected,0.1,18,0.529412,0.027692307692307693,0.004647325374459451,22.520000000000003,0.11005978638884997,5,False,2600,0.02,raw,lora_intervention/experiments/linear_probing/results_probe50/gemma-3-4b-it_5k_10u/probe_fits_ref.json,
gemma-3-4b-it,Gemma-3,base,5,10,IVQ,ordinal,k4,4,all,expected,0.1,19,0.558824,0.033461538461538466,0.009925759923510724,22.01730769230769,0.11631460242451283,5,False,2600,0.02,raw,lora_intervention/experiments/linear_probing/results_probe50/gemma-3-4b-it_5k_10u/probe_fits_ref.json,
gemma-3-4b-it,Gemma-3,base,5,10,IVQ,ordinal,k4,4,all,expected,0.1,20,0.588235,0.029615384615384616,0.006728021417129193,22.141153846153845,0.11420723347565227,5,False,2600,0.02,raw,lora_intervention/experiments/linear_probing/results_probe50/gemma-3-4b-it_5k_10u/probe_fits_ref.json,
gemma-3-4b-it,Gemma-3,base,5,10,IVQ,ordinal,k4,4,all,expected,0.1,21,0.617647,0.028846153846153848,0.005301557212342394,22.76230769230769,0.10939942049081161,5,False,2600,0.02,raw,lora_intervention/experiments/linear_probing/results_probe50/gemma-3-4b-it_5k_10u/probe_fits_ref.json,
gemma-3-4b-it,Gemma-3,base,5,10,IVQ,ordinal,k4,4,all,expected,0.1,22,0.647059,0.024615384615384615,0.0076343974004920035,22.88423076923077,0.10683960823533489,5,False,2600,0.02,raw,lora_intervention/experiments/linear_probing/results_probe50/gemma-3-4b-it_5k_10u/probe_fits_ref.json,
gemma-3-4b-it,Gemma-3,base,5,10,IVQ,ordinal,k4,4,all,expected,0.1,23,0.676471,0.03615384615384616,0.005357072414301584,21.716153846153848,0.1209590929605782,5,False,2600,0.02,raw,lora_intervention/experiments/linear_probing/results_probe50/gemma-3-4b-it_5k_10u/probe_fits_ref.json,
gemma-3-4b-it,Gemma-3,base,5,10,IVQ,ordinal,k4,4,all,expected,0.1,24,0.705882,0.06038461538461539,0.002878197989826109,19.18269230769231,0.16135682863185136,5,False,2600,0.02,raw,lora_intervention/experiments/linear_probing/results_probe50/gemma-3-4b-it_5k_10u/probe_fits_ref.json,
gemma-3-4b-it,Gemma-3,base,5,10,IVQ,ordinal,k4,4,all,expected,0.1,25,0.735294,0.05846153846153847,0.005652668637191949,19.002692307692307,0.1616827962906779,5,False,2600,0.02,raw,lora_intervention/experiments/linear_probing/results_probe50/gemma-3-4b-it_5k_10u/probe_fits_ref.json,
gemma-3-4b-it,Gemma-3,base,5,10,IVQ,ordinal,k4,4,all,expected,0.1,26,0.764706,0.048461538461538466,0.00392232270276368,20.20230769230769,0.1454557806558439,5,False,2600,0.02,raw,lora_intervention/experiments/linear_probing/results_probe50/gemma-3-4b-it_5k_10u/probe_fits_ref.json,
gemma-3-4b-it,Gemma-3,base,5,10,IVQ,ordinal,k4,4,all,expected,0.1,27,0.794118,0.08115384615384616,0.012367642454471943,16.33423076923077,0.2011648444585874,5,False,2600,0.02,raw,lora_intervention/experiments/linear_probing/results_probe50/gemma-3-4b-it_5k_10u/probe_fits_ref.json,
gemma-3-4b-it,Gemma-3,base,5,10,IVQ,ordinal,k4,4,all,expected,0.1,28,0.823529,0.08,0.01225952111577633,16.531538461538464,0.19693448287256757,5,False,2600,0.02,raw,lora_intervention/experiments/linear_probing/results_probe50/gemma-3-4b-it_5k_10u/probe_fits_ref.json,
gemma-3-4b-it,Gemma-3,base,5,10,IVQ,ordinal,k4,4,all,expected,0.1,29,0.852941,0.08653846153846154,0.011344524002886634,15.986538461538464,0.20663495633815465,5,False,2600,0.02,raw,lora_intervention/experiments/linear_probing/results_probe50/gemma-3-4b-it_5k_10u/probe_fits_ref.json,
gemma-3-4b-it,Gemma-3,base,5,10,IVQ,ordinal,k4,4,all,expected,0.1,30,0.882353,0.17807692307692308,0.02290319220147601,8.960384615384616,0.3470389990917849,5,False,2600,0.02,raw,lora_intervention/experiments/linear_probing/results_probe50/gemma-3-4b-it_5k_10u/probe_fits_ref.json,
gemma-3-4b-it,Gemma-3,base,5,10,IVQ,ordinal,k4,4,all,expected,0.1,31,0.911765,0.16923076923076924,0.007975554366664507,8.76923076923077,0.34191716316341303,5,False,2600,0.02,raw,lora_intervention/experiments/linear_probing/results_probe50/gemma-3-4b-it_5k_10u/probe_fits_ref.json,
gemma-3-4b-it,Gemma-3,base,5,10,IVQ,ordinal,k4,4,all,expected,0.1,32,0.941176,0.16846153846153847,0.021435191989373506,8.791538461538462,0.33712861421028506,5,False,2600,0.02,raw,lora_intervention/experiments/linear_probing/results_probe50/gemma-3-4b-it_5k_10u/probe_fits_ref.json,
gemma-3-4b-it,Gemma-3,base,5,10,IVQ,ordinal,k4,4,all,expected,0.1,33,0.970588,0.17,0.026046158389749257,8.562692307692307,0.34159627246374513,5,False,2600,0.02,raw,lora_intervention/experiments/linear_probing/results_probe50/gemma-3-4b-it_5k_10u/probe_fits_ref.json,
gemma-3-4b-it,Gemma-3,base,5,10,IVQ,ordinal,k4,4,all,expected,0.1,34,1.0,0.17076923076923078,0.019207678444898114,8.368461538461538,0.3437901838493826,5,False,2600,0.02,raw,lora_intervention/experiments/linear_probing/results_probe50/gemma-3-4b-it_5k_10u/probe_fits_ref.json,
gemma-3-4b-it,Gemma-3,base,5,10,IVQ,ordinal,k5,5,all,expected,0.1,0,0.0,0.026923076923076928,3.469446951953614e-18,22.46615384615385,0.10917884346361229,5,False,1300,0.02,raw,lora_intervention/experiments/linear_probing/results_probe50/gemma-3-4b-it_5k_10u/probe_fits_ref.json,
gemma-3-4b-it,Gemma-3,base,5,10,IVQ,ordinal,k5,5,all,expected,0.1,1,0.029412,0.025384615384615384,0.013674145257408598,23.997692307692308,0.0949675042214733,5,False,1300,0.02,raw,lora_intervention/experiments/linear_probing/results_probe50/gemma-3-4b-it_5k_10u/probe_fits_ref.json,
gemma-3-4b-it,Gemma-3,base,5,10,IVQ,ordinal,k5,5,all,expected,0.1,2,0.058824,0.026923076923076928,0.011409536133993328,23.317692307692308,0.10219585889809205,5,False,1300,0.02,raw,lora_intervention/experiments/linear_probing/results_probe50/gemma-3-4b-it_5k_10u/probe_fits_ref.json,
gemma-3-4b-it,Gemma-3,base,5,10,IVQ,ordinal,k5,5,all,expected,0.1,3,0.088235,0.026153846153846156,0.011512791959304436,23.501538461538463,0.09968929143171248,5,False,1300,0.02,raw,lora_intervention/experiments/linear_probing/results_probe50/gemma-3-4b-it_5k_10u/probe_fits_ref.json,
gemma-3-4b-it,Gemma-3,base,5,10,IVQ,ordinal,k5,5,all,expected,0.1,4,0.117647,0.02230769230769231,0.012259521115776328,23.343846153846155,0.0990278111798918,5,False,1300,0.02,raw,lora_intervention/experiments/linear_probing/results_probe50/gemma-3-4b-it_5k_10u/probe_fits_ref.json,
gemma-3-4b-it,Gemma-3,base,5,10,IVQ,ordinal,k5,5,all,expected,0.1,5,0.147059,0.026923076923076928,0.007297563831157799,23.812307692307694,0.09979532583102688,5,False,1300,0.02,raw,lora_intervention/experiments/linear_probing/results_probe50/gemma-3-4b-it_5k_10u/probe_fits_ref.json,
gemma-3-4b-it,Gemma-3,base,5,10,IVQ,ordinal,k5,5,all,expected,0.1,6,0.176471,0.025384615384615384,0.01104053853415948,23.746153846153845,0.09931313292792489,5,False,1300,0.02,raw,lora_intervention/experiments/linear_probing/results_probe50/gemma-3-4b-it_5k_10u/probe_fits_ref.json,
gemma-3-4b-it,Gemma-3,base,5,10,IVQ,ordinal,k5,5,all,expected,0.1,7,0.205882,0.02846153846153846,0.012064913185660095,23.897692307692306,0.10085796058905021,5,False,1300,0.02,raw,lora_intervention/experiments/linear_probing/results_probe50/gemma-3-4b-it_5k_10u/probe_fits_ref.json,
gemma-3-4b-it,Gemma-3,base,5,10,IVQ,ordinal,k5,5,all,expected,0.1,8,0.235294,0.02692307692307692,0.017200522903844537,23.89,0.10299087743366156,5,False,1300,0.02,raw,lora_intervention/experiments/linear_probing/results_probe50/gemma-3-4b-it_5k_10u/probe_fits_ref.json,
gemma-3-4b-it,Gemma-3,base,5,10,IVQ,ordinal,k5,5,all,expected,0.1,9,0.264706,0.031538461538461536,0.00890448992522325,24.237692307692306,0.10479121619901291,5,False,1300,0.02,raw,lora_intervention/experiments/linear_probing/results_probe50/gemma-3-4b-it_5k_10u/probe_fits_ref.json,
gemma-3-4b-it,Gemma-3,base,5,10,IVQ,ordinal,k5,5,all,expected,0.1,10,0.294118,0.024615384615384615,0.010490908997681429,24.563076923076924,0.09881971815150546,5,False,1300,0.02,raw,lora_intervention/experiments/linear_probing/results_probe50/gemma-3-4b-it_5k_10u/probe_fits_ref.json,
gemma-3-4b-it,Gemma-3,base,5,10,IVQ,ordinal,k5,5,all,expected,0.1,11,0.323529,0.025384615384615384,0.013888823142513685,24.64230769230769,0.09950477563059797,5,False,1300,0.02,raw,lora_intervention/experiments/linear_probing/results_probe50/gemma-3-4b-it_5k_10u/probe_fits_ref.json,
gemma-3-4b-it,Gemma-3,base,5,10,IVQ,ordinal,k5,5,all,expected,0.1,12,0.352941,0.023846153846153847,0.014267105377685699,24.416923076923077,0.1014901015858544,5,False,1300,0.02,raw,lora_intervention/experiments/linear_probing/results_probe50/gemma-3-4b-it_5k_10u/probe_fits_ref.json,
gemma-3-4b-it,Gemma-3,base,5,10,IVQ,ordinal,k5,5,all,expected,0.1,13,0.382353,0.0323076923076923,0.019851519847021448,23.860000000000003,0.11016137973405087,5,False,1300,0.02,raw,lora_intervention/experiments/linear_probing/results_probe50/gemma-3-4b-it_5k_10u/probe_fits_ref.json,
gemma-3-4b-it,Gemma-3,base,5,10,IVQ,ordinal,k5,5,all,expected,0.1,14,0.411765,0.02846153846153846,0.021289773081689303,23.55,0.10850133456459585,5,False,1300,0.02,raw,lora_intervention/experiments/linear_probing/results_probe50/gemma-3-4b-it_5k_10u/probe_fits_ref.json,
gemma-3-4b-it,Gemma-3,base,5,10,IVQ,ordinal,k5,5,all,expected,0.1,15,0.441176,0.026923076923076928,0.013973770865065347,23.77230769230769,0.10457982285829193,5,False,1300,0.02,raw,lora_intervention/experiments/linear_probing/results_probe50/gemma-3-4b-it_5k_10u/probe_fits_ref.json,
gemma-3-4b-it,Gemma-3,base,5,10,IVQ,ordinal,k5,5,all,expected,0.1,16,0.470588,0.026923076923076928,0.01002954216185023,23.923076923076923,0.10202866885218845,5,False,1300,0.02,raw,lora_intervention/experiments/linear_probing/results_probe50/gemma-3-4b-it_5k_10u/probe_fits_ref.json,
gemma-3-4b-it,Gemma-3,base,5,10,IVQ,ordinal,k5,5,all,expected,0.1,17,0.5,0.026923076923076928,0.017371676600978794,23.854615384615382,0.10529628374341324,5,False,1300,0.02,raw,lora_intervention/experiments/linear_probing/results_probe50/gemma-3-4b-it_5k_10u/probe_fits_ref.json,
gemma-3-4b-it,Gemma-3,base,5,10,IVQ,ordinal,k5,5,all,expected,0.1,18,0.529412,0.03,0.009850960365281306,23.34,0.1100452688814509,5,False,1300,0.02,raw,lora_intervention/experiments/linear_probing/results_probe50/gemma-3-4b-it_5k_10u/probe_fits_ref.json,
gemma-3-4b-it,Gemma-3,base,5,10,IVQ,ordinal,k5,5,all,expected,0.1,19,0.558824,0.026153846153846156,0.01225952111577633,23.09846153846154,0.1092503570626808,5,False,1300,0.02,raw,lora_intervention/experiments/linear_probing/results_probe50/gemma-3-4b-it_5k_10u/probe_fits_ref.json,
gemma-3-4b-it,Gemma-3,base,5,10,IVQ,ordinal,k5,5,all,expected,0.1,20,0.588235,0.029230769230769227,0.0136741452574086,23.233846153846155,0.1090540452754013,5,False,1300,0.02,raw,lora_intervention/experiments/linear_probing/results_probe50/gemma-3-4b-it_5k_10u/probe_fits_ref.json,
gemma-3-4b-it,Gemma-3,base,5,10,IVQ,ordinal,k5,5,all,expected,0.1,21,0.617647,0.02,0.015461347109416755,23.464615384615385,0.10253161071851458,5,False,1300,0.02,raw,lora_intervention/experiments/linear_probing/results_probe50/gemma-3-4b-it_5k_10u/probe_fits_ref.json,
gemma-3-4b-it,Gemma-3,base,5,10,IVQ,ordinal,k5,5,all,expected,0.1,22,0.647059,0.023846153846153847,0.011766968108291042,23.485384615384618,0.10258957822970045,5,False,1300,0.02,raw,lora_intervention/experiments/linear_probing/results_probe50/gemma-3-4b-it_5k_10u/probe_fits_ref.json,
gemma-3-4b-it,Gemma-3,base,5,10,IVQ,ordinal,k5,5,all,expected,0.1,23,0.676471,0.02230769230769231,0.013630803958976423,22.70846153846154,0.1061335999865743,5,False,1300,0.02,raw,lora_intervention/experiments/linear_probing/results_probe50/gemma-3-4b-it_5k_10u/probe_fits_ref.json,
gemma-3-4b-it,Gemma-3,base,5,10,IVQ,ordinal,k5,5,all,expected,0.1,24,0.705882,0.036923076923076927,0.007919715493066925,22.002307692307692,0.12213348103394003,5,False,1300,0.02,raw,lora_intervention/experiments/linear_probing/results_probe50/gemma-3-4b-it_5k_10u/probe_fits_ref.json,
gemma-3-4b-it,Gemma-3,base,5,10,IVQ,ordinal,k5,5,all,expected,0.1,25,0.735294,0.03923076923076923,0.010434353820192721,21.810769230769232,0.12364846174392814,5,False,1300,0.02,raw,lora_intervention/experiments/linear_probing/results_probe50/gemma-3-4b-it_5k_10u/probe_fits_ref.json,
gemma-3-4b-it,Gemma-3,base,5,10,IVQ,ordinal,k5,5,all,expected,0.1,26,0.764706,0.03615384615384616,0.006249260311258432,22.237692307692306,0.1195806442571746,5,False,1300,0.02,raw,lora_intervention/experiments/linear_probing/results_probe50/gemma-3-4b-it_5k_10u/probe_fits_ref.json,
gemma-3-4b-it,Gemma-3,base,5,10,IVQ,ordinal,k5,5,all,expected,0.1,27,0.794118,0.05153846153846153,0.008970695222838923,19.549230769230768,0.1506024507173364,5,False,1300,0.02,raw,lora_intervention/experiments/linear_probing/results_probe50/gemma-3-4b-it_5k_10u/probe_fits_ref.json,
gemma-3-4b-it,Gemma-3,base,5,10,IVQ,ordinal,k5,5,all,expected,0.1,28,0.823529,0.05076923076923077,0.013189560153447884,19.53,0.14888816152368972,5,False,1300,0.02,raw,lora_intervention/experiments/linear_probing/results_probe50/gemma-3-4b-it_5k_10u/probe_fits_ref.json,
gemma-3-4b-it,Gemma-3,base,5,10,IVQ,ordinal,k5,5,all,expected,0.1,29,0.852941,0.05461538461538462,0.013411996749355918,19.402307692307694,0.1513727509275924,5,False,1300,0.02,raw,lora_intervention/experiments/linear_probing/results_probe50/gemma-3-4b-it_5k_10u/probe_fits_ref.json,
gemma-3-4b-it,Gemma-3,base,5,10,IVQ,ordinal,k5,5,all,expected,0.1,30,0.882353,0.09384615384615386,0.009910845174403944,14.965384615384616,0.218245443162204,5,False,1300,0.02,raw,lora_intervention/experiments/linear_probing/results_probe50/gemma-3-4b-it_5k_10u/probe_fits_ref.json,
gemma-3-4b-it,Gemma-3,base,5,10,IVQ,ordinal,k5,5,all,expected,0.1,31,0.911765,0.09692307692307693,0.013630803958976425,14.52,0.22044737412361898,5,False,1300,0.02,raw,lora_intervention/experiments/linear_probing/results_probe50/gemma-3-4b-it_5k_10u/probe_fits_ref.json,
gemma-3-4b-it,Gemma-3,base,5,10,IVQ,ordinal,k5,5,all,expected,0.1,32,0.941176,0.1,0.012162606385262998,14.388461538461538,0.2229793129880167,5,False,1300,0.02,raw,lora_intervention/experiments/linear_probing/results_probe50/gemma-3-4b-it_5k_10u/probe_fits_ref.json,
gemma-3-4b-it,Gemma-3,base,5,10,IVQ,ordinal,k5,5,all,expected,0.1,33,0.970588,0.10384615384615385,0.013099527973789542,14.079999999999998,0.22910919090160986,5,False,1300,0.02,raw,lora_intervention/experiments/linear_probing/results_probe50/gemma-3-4b-it_5k_10u/probe_fits_ref.json,
gemma-3-4b-it,Gemma-3,base,5,10,IVQ,ordinal,k5,5,all,expected,0.1,34,1.0,0.1,0.016676525683599074,13.811538461538461,0.22632432008671927,5,False,1300,0.02,raw,lora_intervention/experiments/linear_probing/results_probe50/gemma-3-4b-it_5k_10u/probe_fits_ref.json,
gemma-3-4b-it,Gemma-3,base,5,10,IVQ,ordinal,k6,6,all,expected,0.1,0,0.0,0.02888888888888889,0.0014814814814814823,22.866666666666667,0.10964686687919864,5,False,1350,0.02,raw,lora_intervention/experiments/linear_probing/results_probe50/gemma-3-4b-it_5k_10u/probe_fits_ref.json,
gemma-3-4b-it,Gemma-3,base,5,10,IVQ,ordinal,k6,6,all,expected,0.1,1,0.029412,0.01925925925925926,0.003628873693012116,24.54222222222222,0.09093823541784221,5,False,1350,0.02,raw,lora_intervention/experiments/linear_probing/results_probe50/gemma-3-4b-it_5k_10u/probe_fits_ref.json,
gemma-3-4b-it,Gemma-3,base,5,10,IVQ,ordinal,k6,6,all,expected,0.1,2,0.058824,0.02074074074074074,0.005023948135648347,24.114074074074075,0.09890166903810828,5,False,1350,0.02,raw,lora_intervention/experiments/linear_probing/results_probe50/gemma-3-4b-it_5k_10u/probe_fits_ref.json,
gemma-3-4b-it,Gemma-3,base,5,10,IVQ,ordinal,k6,6,all,expected,0.1,3,0.088235,0.022222222222222223,0.006197481678030189,24.234814814814815,0.09885544186122328,5,False,1350,0.02,raw,lora_intervention/experiments/linear_probing/results_probe50/gemma-3-4b-it_5k_10u/probe_fits_ref.json,
gemma-3-4b-it,Gemma-3,base,5,10,IVQ,ordinal,k6,6,all,expected,0.1,4,0.117647,0.022962962962962966,0.0036288736930121164,24.18740740740741,0.09812256219130328,5,False,1350,0.02,raw,lora_intervention/experiments/linear_probing/results_probe50/gemma-3-4b-it_5k_10u/probe_fits_ref.json,
gemma-3-4b-it,Gemma-3,base,5,10,IVQ,ordinal,k6,6,all,expected,0.1,5,0.147059,0.01851851851851852,0.004684855792842043,24.362222222222222,0.09415095787935339,5,False,1350,0.02,raw,lora_intervention/experiments/linear_probing/results_probe50/gemma-3-4b-it_5k_10u/probe_fits_ref.json,
gemma-3-4b-it,Gemma-3,base,5,10,IVQ,ordinal,k6,6,all,expected,0.1,6,0.176471,0.018518518518518517,0.004057204129667896,24.578518518518518,0.09360985129719987,5,False,1350,0.02,raw,lora_intervention/experiments/linear_probing/results_probe50/gemma-3-4b-it_5k_10u/probe_fits_ref.json,
gemma-3-4b-it,Gemma-3,base,5,10,IVQ,ordinal,k6,6,all,expected,0.1,7,0.205882,0.014814814814814814,0.009658077637337257,25.17407407407407,0.08938066765634174,5,False,1350,0.02,raw,lora_intervention/experiments/linear_probing/results_probe50/gemma-3-4b-it_5k_10u/probe_fits_ref.json,
gemma-3-4b-it,Gemma-3,base,5,10,IVQ,ordinal,k6,6,all,expected,0.1,8,0.235294,0.01925925925925926,0.010579893968211629,25.16296296296296,0.09128232016634949,5,False,1350,0.02,raw,lora_intervention/experiments/linear_probing/results_probe50/gemma-3-4b-it_5k_10u/probe_fits_ref.json,
gemma-3-4b-it,Gemma-3,base,5,10,IVQ,ordinal,k6,6,all,expected,0.1,9,0.264706,0.018518518518518517,0.006625386599999376,25.418518518518518,0.08911318093316165,5,False,1350,0.02,raw,lora_intervention/experiments/linear_probing/results_probe50/gemma-3-4b-it_5k_10u/probe_fits_ref.json,
gemma-3-4b-it,Gemma-3,base,5,10,IVQ,ordinal,k6,6,all,expected,0.1,10,0.294118,0.017777777777777778,0.004913518207933925,25.474814814814813,0.08924909824117469,5,False,1350,0.02,raw,lora_intervention/experiments/linear_probing/results_probe50/gemma-3-4b-it_5k_10u/probe_fits_ref.json,
gemma-3-4b-it,Gemma-3,base,5,10,IVQ,ordinal,k6,6,all,expected,0.1,11,0.323529,0.02518518518518519,0.005443310539518174,25.35703703703704,0.09474784226806478,5,False,1350,0.02,raw,lora_intervention/experiments/linear_probing/results_probe50/gemma-3-4b-it_5k_10u/probe_fits_ref.json,
gemma-3-4b-it,Gemma-3,base,5,10,IVQ,ordinal,k6,6,all,expected,0.1,12,0.352941,0.02518518518518519,0.0063720927904019455,24.971851851851852,0.09664318634138208,5,False,1350,0.02,raw,lora_intervention/experiments/linear_probing/results_probe50/gemma-3-4b-it_5k_10u/probe_fits_ref.json,
gemma-3-4b-it,Gemma-3,base,5,10,IVQ,ordinal,k6,6,all,expected,0.1,13,0.382353,0.029629629629629627,0.00776895443089001,25.26518518518518,0.10075068660237078,5,False,1350,0.02,raw,lora_intervention/experiments/linear_probing/results_probe50/gemma-3-4b-it_5k_10u/probe_fits_ref.json,
gemma-3-4b-it,Gemma-3,base,5,10,IVQ,ordinal,k6,6,all,expected,0.1,14,0.411765,0.024444444444444446,0.004444444444444445,25.228148148148147,0.09719044323633404,5,False,1350,0.02,raw,lora_intervention/experiments/linear_probing/results_probe50/gemma-3-4b-it_5k_10u/probe_fits_ref.json,
gemma-3-4b-it,Gemma-3,base,5,10,IVQ,ordinal,k6,6,all,expected,0.1,15,0.441176,0.02,0.0037770514915502107,24.82296296296296,0.09377697963505427,5,False,1350,0.02,raw,lora_intervention/experiments/linear_probing/results_probe50/gemma-3-4b-it_5k_10u/probe_fits_ref.json,
gemma-3-4b-it,Gemma-3,base,5,10,IVQ,ordinal,k6,6,all,expected,0.1,16,0.470588,0.01777777777777778,0.004319223625811334,24.549629629629628,0.09494769547971815,5,False,1350,0.02,raw,lora_intervention/experiments/linear_probing/results_probe50/gemma-3-4b-it_5k_10u/probe_fits_ref.json,
gemma-3-4b-it,Gemma-3,base,5,10,IVQ,ordinal,k6,6,all,expected,0.1,17,0.5,0.019999999999999997,0.009827036415867851,24.45777777777778,0.09654881775039474,5,False,1350,0.02,raw,lora_intervention/experiments/linear_probing/results_probe50/gemma-3-4b-it_5k_10u/probe_fits_ref.json,
gemma-3-4b-it,Gemma-3,base,5,10,IVQ,ordinal,k6,6,all,expected,0.1,18,0.529412,0.029629629629629627,0.008445743889623243,24.468888888888888,0.10000520542658661,5,False,1350,0.02,raw,lora_intervention/experiments/linear_probing/results_probe50/gemma-3-4b-it_5k_10u/probe_fits_ref.json,
gemma-3-4b-it,Gemma-3,base,5,10,IVQ,ordinal,k6,6,all,expected,0.1,19,0.558824,0.025185185185185182,0.008248539796785217,24.51259259259259,0.09920287595681972,5,False,1350,0.02,raw,lora_intervention/experiments/linear_probing/results_probe50/gemma-3-4b-it_5k_10u/probe_fits_ref.json,
gemma-3-4b-it,Gemma-3,base,5,10,IVQ,ordinal,k6,6,all,expected,0.1,20,0.588235,0.029629629629629634,0.007407407407407409,24.297037037037036,0.10185084272605269,5,False,1350,0.02,raw,lora_intervention/experiments/linear_probing/results_probe50/gemma-3-4b-it_5k_10u/probe_fits_ref.json,
gemma-3-4b-it,Gemma-3,base,5,10,IVQ,ordinal,k6,6,all,expected,0.1,21,0.617647,0.03037037037037037,0.005443310539518173,24.311851851851852,0.10159205232439165,5,False,1350,0.02,raw,lora_intervention/experiments/linear_probing/results_probe50/gemma-3-4b-it_5k_10u/probe_fits_ref.json,
gemma-3-4b-it,Gemma-3,base,5,10,IVQ,ordinal,k6,6,all,expected,0.1,22,0.647059,0.021481481481481483,0.007181747936913079,24.322962962962965,0.09841541263818382,5,False,1350,0.02,raw,lora_intervention/experiments/linear_probing/results_probe50/gemma-3-4b-it_5k_10u/probe_fits_ref.json,
gemma-3-4b-it,Gemma-3,base,5,10,IVQ,ordinal,k6,6,all,expected,0.1,23,0.676471,0.02222222222222222,0.0033126932999996885,23.905925925925924,0.10115989722576665,5,False,1350,0.02,raw,lora_intervention/experiments/linear_probing/results_probe50/gemma-3-4b-it_5k_10u/probe_fits_ref.json,
gemma-3-4b-it,Gemma-3,base,5,10,IVQ,ordinal,k6,6,all,expected,0.1,24,0.705882,0.03629629629629629,0.01413243261358438,24.85703703703704,0.10606085576829086,5,False,1350,0.02,raw,lora_intervention/experiments/linear_probing/results_probe50/gemma-3-4b-it_5k_10u/probe_fits_ref.json,
gemma-3-4b-it,Gemma-3,base,5,10,IVQ,ordinal,k6,6,all,expected,0.1,25,0.735294,0.03037037037037037,0.011805464778154983,24.78148148148148,0.10330700425614059,5,False,1350,0.02,raw,lora_intervention/experiments/linear_probing/results_probe50/gemma-3-4b-it_5k_10u/probe_fits_ref.json,
gemma-3-4b-it,Gemma-3,base,5,10,IVQ,ordinal,k6,6,all,expected,0.1,26,0.764706,0.024444444444444442,0.00831479419283098,25.03851851851852,0.09732886577121784,5,False,1350,0.02,raw,lora_intervention/experiments/linear_probing/results_probe50/gemma-3-4b-it_5k_10u/probe_fits_ref.json,
gemma-3-4b-it,Gemma-3,base,5,10,IVQ,ordinal,k6,6,all,expected,0.1,27,0.794118,0.03777777777777778,0.013333333333333332,22.812592592592594,0.1197855588549378,5,False,1350,0.02,raw,lora_intervention/experiments/linear_probing/results_probe50/gemma-3-4b-it_5k_10u/probe_fits_ref.json,
gemma-3-4b-it,Gemma-3,base,5,10,IVQ,ordinal,k6,6,all,expected,0.1,28,0.823529,0.037037037037037035,0.020013712720157478,22.776296296296298,0.11929935893414349,5,False,1350,0.02,raw,lora_intervention/experiments/linear_probing/results_probe50/gemma-3-4b-it_5k_10u/probe_fits_ref.json,
gemma-3-4b-it,Gemma-3,base,5,10,IVQ,ordinal,k6,6,all,expected,0.1,29,0.852941,0.04296296296296297,0.012957670877434001,22.948888888888888,0.12266384082993101,5,False,1350,0.02,raw,lora_intervention/experiments/linear_probing/results_probe50/gemma-3-4b-it_5k_10u/probe_fits_ref.json,
gemma-3-4b-it,Gemma-3,base,5,10,IVQ,ordinal,k6,6,all,expected,0.1,30,0.882353,0.05925925925925927,0.018885257457751055,18.487407407407407,0.1637346597406113,5,False,1350,0.02,raw,lora_intervention/experiments/linear_probing/results_probe50/gemma-3-4b-it_5k_10u/probe_fits_ref.json,
gemma-3-4b-it,Gemma-3,base,5,10,IVQ,ordinal,k6,6,all,expected,0.1,31,0.911765,0.06222222222222222,0.017746886741793984,18.01037037037037,0.16825007172575007,5,False,1350,0.02,raw,lora_intervention/experiments/linear_probing/results_probe50/gemma-3-4b-it_5k_10u/probe_fits_ref.json,
gemma-3-4b-it,Gemma-3,base,5,10,IVQ,ordinal,k6,6,all,expected,0.1,32,0.941176,0.059259259259259255,0.012614360271056592,17.930370370370373,0.1657372060636549,5,False,1350,0.02,raw,lora_intervention/experiments/linear_probing/results_probe50/gemma-3-4b-it_5k_10u/probe_fits_ref.json,
gemma-3-4b-it,Gemma-3,base,5,10,IVQ,ordinal,k6,6,all,expected,0.1,33,0.970588,0.0562962962962963,0.021519761550124368,17.67851851851852,0.16626885054853796,5,False,1350,0.02,raw,lora_intervention/experiments/linear_probing/results_probe50/gemma-3-4b-it_5k_10u/probe_fits_ref.json,
gemma-3-4b-it,Gemma-3,base,5,10,IVQ,ordinal,k6,6,all,expected,0.1,34,1.0,0.0637037037037037,0.01646378575621694,17.385185185185186,0.17211729513610113,5,False,1350,0.02,raw,lora_intervention/experiments/linear_probing/results_probe50/gemma-3-4b-it_5k_10u/probe_fits_ref.json,
gemma-3-4b-it,Gemma-3,base,5,10,IVQ,ordinal,k7,7,all,expected,0.1,0,0.0,0.027407407407407408,0.0018144368465060586,23.08814814814815,0.10620171460882862,5,False,1350,0.02,raw,lora_intervention/experiments/linear_probing/results_probe50/gemma-3-4b-it_5k_10u/probe_fits_ref.json,
gemma-3-4b-it,Gemma-3,base,5,10,IVQ,ordinal,k7,7,all,expected,0.1,1,0.029412,0.023703703703703703,0.006457628064504702,25.087407407407408,0.09424435321435029,5,False,1350,0.02,raw,lora_intervention/experiments/linear_probing/results_probe50/gemma-3-4b-it_5k_10u/probe_fits_ref.json,
gemma-3-4b-it,Gemma-3,base,5,10,IVQ,ordinal,k7,7,all,expected,0.1,2,0.058824,0.022962962962962963,0.008248539796785217,24.950370370370372,0.09295496629161197,5,False,1350,0.02,raw,lora_intervention/experiments/linear_probing/results_probe50/gemma-3-4b-it_5k_10u/probe_fits_ref.json,
gemma-3-4b-it,Gemma-3,base,5,10,IVQ,ordinal,k7,7,all,expected,0.1,3,0.088235,0.022962962962962963,0.008248539796785217,25.17925925925926,0.09124082972242885,5,False,1350,0.02,raw,lora_intervention/experiments/linear_probing/results_probe50/gemma-3-4b-it_5k_10u/probe_fits_ref.json,
gemma-3-4b-it,Gemma-3,base,5,10,IVQ,ordinal,k7,7,all,expected,0.1,4,0.117647,0.02074074074074074,0.010102356812582116,25.104444444444443,0.09044258559359006,5,False,1350,0.02,raw,lora_intervention/experiments/linear_probing/results_probe50/gemma-3-4b-it_5k_10u/probe_fits_ref.json,
gemma-3-4b-it,Gemma-3,base,5,10,IVQ,ordinal,k7,7,all,expected,0.1,5,0.147059,0.018518518518518517,0.006197481678030189,25.415555555555557,0.09063413170993498,5,False,1350,0.02,raw,lora_intervention/experiments/linear_probing/results_probe50/gemma-3-4b-it_5k_10u/probe_fits_ref.json,
gemma-3-4b-it,Gemma-3,base,5,10,IVQ,ordinal,k7,7,all,expected,0.1,6,0.176471,0.023703703703703703,0.007978021936495562,25.168888888888894,0.09430884030014938,5,False,1350,0.02,raw,lora_intervention/experiments/linear_probing/results_probe50/gemma-3-4b-it_5k_10u/probe_fits_ref.json,
gemma-3-4b-it,Gemma-3,base,5,10,IVQ,ordinal,k7,7,all,expected,0.1,7,0.205882,0.02518518518518519,0.007908946853356526,24.855555555555558,0.0975823123349476,5,False,1350,0.02,raw,lora_intervention/experiments/linear_probing/results_probe50/gemma-3-4b-it_5k_10u/probe_fits_ref.json,
gemma-3-4b-it,Gemma-3,base,5,10,IVQ,ordinal,k7,7,all,expected,0.1,8,0.235294,0.027407407407407408,0.014740554623801777,24.860740740740738,0.10040884002232278,5,False,1350,0.02,raw,lora_intervention/experiments/linear_probing/results_probe50/gemma-3-4b-it_5k_10u/probe_fits_ref.json,
gemma-3-4b-it,Gemma-3,base,5,10,IVQ,ordinal,k7,7,all,expected,0.1,9,0.264706,0.03037037037037037,0.009486109981381998,24.914814814814818,0.10294553385184298,5,False,1350,0.02,raw,lora_intervention/experiments/linear_probing/results_probe50/gemma-3-4b-it_5k_10u/probe_fits_ref.json,
gemma-3-4b-it,Gemma-3,base,5,10,IVQ,ordinal,k7,7,all,expected,0.1,10,0.294118,0.027407407407407408,0.006457628064504701,24.96148148148148,0.09857289544110635,5,False,1350,0.02,raw,lora_intervention/experiments/linear_probing/results_probe50/gemma-3-4b-it_5k_10u/probe_fits_ref.json,
gemma-3-4b-it,Gemma-3,base,5,10,IVQ,ordinal,k7,7,all,expected,0.1,11,0.323529,0.023703703703703703,0.00831479419283098,24.807407407407407,0.09650892519690553,5,False,1350,0.02,raw,lora_intervention/experiments/linear_probing/results_probe50/gemma-3-4b-it_5k_10u/probe_fits_ref.json,
gemma-3-4b-it,Gemma-3,base,5,10,IVQ,ordinal,k7,7,all,expected,0.1,12,0.352941,0.018518518518518517,0.012394963356060381,24.42074074074074,0.09250585002270476,5,False,1350,0.02,raw,lora_intervention/experiments/linear_probing/results_probe50/gemma-3-4b-it_5k_10u/probe_fits_ref.json,
gemma-3-4b-it,Gemma-3,base,5,10,IVQ,ordinal,k7,7,all,expected,0.1,13,0.382353,0.021481481481481483,0.013738694067401044,24.197777777777777,0.09774658332117522,5,False,1350,0.02,raw,lora_intervention/experiments/linear_probing/results_probe50/gemma-3-4b-it_5k_10u/probe_fits_ref.json,
gemma-3-4b-it,Gemma-3,base,5,10,IVQ,ordinal,k7,7,all,expected,0.1,14,0.411765,0.03037037037037037,0.014888704623882802,24.555555555555554,0.10224140416447461,5,False,1350,0.02,raw,lora_intervention/experiments/linear_probing/results_probe50/gemma-3-4b-it_5k_10u/probe_fits_ref.json,
gemma-3-4b-it,Gemma-3,base,5,10,IVQ,ordinal,k7,7,all,expected,0.1,15,0.441176,0.02,0.005023948135648346,25.276296296296294,0.09346889699877975,5,False,1350,0.02,raw,lora_intervention/experiments/linear_probing/results_probe50/gemma-3-4b-it_5k_10u/probe_fits_ref.json,
gemma-3-4b-it,Gemma-3,base,5,10,IVQ,ordinal,k7,7,all,expected,0.1,16,0.470588,0.02074074074074074,0.007978021936495562,24.86074074074074,0.09785786165590635,5,False,1350,0.02,raw,lora_intervention/experiments/linear_probing/results_probe50/gemma-3-4b-it_5k_10u/probe_fits_ref.json,
gemma-3-4b-it,Gemma-3,base,5,10,IVQ,ordinal,k7,7,all,expected,0.1,17,0.5,0.024444444444444446,0.006869347033700522,24.936296296296298,0.09877645737680303,5,False,1350,0.02,raw,lora_intervention/experiments/linear_probing/results_probe50/gemma-3-4b-it_5k_10u/probe_fits_ref.json,
gemma-3-4b-it,Gemma-3,base,5,10,IVQ,ordinal,k7,7,all,expected,0.1,18,0.529412,0.03185185185185185,0.005023948135648348,24.863703703703703,0.10412762192055018,5,False,1350,0.02,raw,lora_intervention/experiments/linear_probing/results_probe50/gemma-3-4b-it_5k_10u/probe_fits_ref.json,
gemma-3-4b-it,Gemma-3,base,5,10,IVQ,ordinal,k7,7,all,expected,0.1,19,0.558824,0.024444444444444446,0.005023948135648346,24.831111111111113,0.0979494057628865,5,False,1350,0.02,raw,lora_intervention/experiments/linear_probing/results_probe50/gemma-3-4b-it_5k_10u/probe_fits_ref.json,
gemma-3-4b-it,Gemma-3,base,5,10,IVQ,ordinal,k7,7,all,expected,0.1,20,0.588235,0.023703703703703706,0.010370370370370372,24.57333333333333,0.09950552513976743,5,False,1350,0.02,raw,lora_intervention/experiments/linear_probing/results_probe50/gemma-3-4b-it_5k_10u/probe_fits_ref.json,
gemma-3-4b-it,Gemma-3,base,5,10,IVQ,ordinal,k7,7,all,expected,0.1,21,0.617647,0.021481481481481483,0.00718174793691308,24.657037037037036,0.09702080304781127,5,False,1350,0.02,raw,lora_intervention/experiments/linear_probing/results_probe50/gemma-3-4b-it_5k_10u/probe_fits_ref.json,
gemma-3-4b-it,Gemma-3,base,5,10,IVQ,ordinal,k7,7,all,expected,0.1,22,0.647059,0.02592592592592593,0.0033126932999996885,24.388148148148147,0.10148052474787994,5,False,1350,0.02,raw,lora_intervention/experiments/linear_probing/results_probe50/gemma-3-4b-it_5k_10u/probe_fits_ref.json,
gemma-3-4b-it,Gemma-3,base,5,10,IVQ,ordinal,k7,7,all,expected,0.1,23,0.676471,0.029629629629629627,0.01073435314532551,23.605925925925927,0.1073859175379583,5,False,1350,0.02,raw,lora_intervention/experiments/linear_probing/results_probe50/gemma-3-4b-it_5k_10u/probe_fits_ref.json,
gemma-3-4b-it,Gemma-3,base,5,10,IVQ,ordinal,k7,7,all,expected,0.1,24,0.705882,0.028148148148148144,0.006017806225656267,22.394074074074076,0.1118433357485942,5,False,1350,0.02,raw,lora_intervention/experiments/linear_probing/results_probe50/gemma-3-4b-it_5k_10u/probe_fits_ref.json,
gemma-3-4b-it,Gemma-3,base,5,10,IVQ,ordinal,k7,7,all,expected,0.1,25,0.735294,0.03481481481481481,0.011135775095091043,22.153333333333332,0.11778553776447628,5,False,1350,0.02,raw,lora_intervention/experiments/linear_probing/results_probe50/gemma-3-4b-it_5k_10u/probe_fits_ref.json,
gemma-3-4b-it,Gemma-3,base,5,10,IVQ,ordinal,k7,7,all,expected,0.1,26,0.764706,0.03333333333333333,0.006625386599999378,22.585185185185185,0.11572569832803115,5,False,1350,0.02,raw,lora_intervention/experiments/linear_probing/results_probe50/gemma-3-4b-it_5k_10u/probe_fits_ref.json,
gemma-3-4b-it,Gemma-3,base,5,10,IVQ,ordinal,k7,7,all,expected,0.1,27,0.794118,0.04518518518518519,0.005443310539518174,19.77925925925926,0.1422225542263077,5,False,1350,0.02,raw,lora_intervention/experiments/linear_probing/results_probe50/gemma-3-4b-it_5k_10u/probe_fits_ref.json,
gemma-3-4b-it,Gemma-3,base,5,10,IVQ,ordinal,k7,7,all,expected,0.1,28,0.823529,0.04962962962962963,0.006017806225656263,19.876296296296296,0.14424280066154974,5,False,1350,0.02,raw,lora_intervention/experiments/linear_probing/results_probe50/gemma-3-4b-it_5k_10u/probe_fits_ref.json,
gemma-3-4b-it,Gemma-3,base,5,10,IVQ,ordinal,k7,7,all,expected,0.1,29,0.852941,0.050370370370370364,0.0064576280645046984,19.91777777777778,0.14195558844271278,5,False,1350,0.02,raw,lora_intervention/experiments/linear_probing/results_probe50/gemma-3-4b-it_5k_10u/probe_fits_ref.json,
gemma-3-4b-it,Gemma-3,base,5,10,IVQ,ordinal,k7,7,all,expected,0.1,30,0.882353,0.08,0.0029629629629629624,15.516296296296298,0.19618156867823586,5,False,1350,0.02,raw,lora_intervention/experiments/linear_probing/results_probe50/gemma-3-4b-it_5k_10u/probe_fits_ref.json,
gemma-3-4b-it,Gemma-3,base,5,10,IVQ,ordinal,k7,7,all,expected,0.1,31,0.911765,0.07925925925925927,0.00831479419283098,15.08148148148148,0.19639699429583465,5,False,1350,0.02,raw,lora_intervention/experiments/linear_probing/results_probe50/gemma-3-4b-it_5k_10u/probe_fits_ref.json,
gemma-3-4b-it,Gemma-3,base,5,10,IVQ,ordinal,k7,7,all,expected,0.1,32,0.941176,0.08444444444444445,0.010047896271296696,15.011111111111111,0.2014340278997472,5,False,1350,0.02,raw,lora_intervention/experiments/linear_probing/results_probe50/gemma-3-4b-it_5k_10u/probe_fits_ref.json,
gemma-3-4b-it,Gemma-3,base,5,10,IVQ,ordinal,k7,7,all,expected,0.1,33,0.970588,0.08,0.0060178062256562685,14.73777777777778,0.19987352351407686,5,False,1350,0.02,raw,lora_intervention/experiments/linear_probing/results_probe50/gemma-3-4b-it_5k_10u/probe_fits_ref.json,
gemma-3-4b-it,Gemma-3,base,5,10,IVQ,ordinal,k7,7,all,expected,0.1,34,1.0,0.07703703703703704,0.012261441005368036,14.480740740740742,0.19828456757684654,5,False,1350,0.02,raw,lora_intervention/experiments/linear_probing/results_probe50/gemma-3-4b-it_5k_10u/probe_fits_ref.json,
gemma-3-4b-it,Gemma-3,base,5,10,IVQ,ordinal,k8,8,all,expected,0.1,0,0.0,0.03111111111111111,0.0018144368465060569,22.81111111111111,0.11106968492815975,5,False,1350,0.02,raw,lora_intervention/experiments/linear_probing/results_probe50/gemma-3-4b-it_5k_10u/probe_fits_ref.json,
gemma-3-4b-it,Gemma-3,base,5,10,IVQ,ordinal,k8,8,all,expected,0.1,1,0.029412,0.023703703703703706,0.008950404424884869,24.81259259259259,0.09499023011624953,5,False,1350,0.02,raw,lora_intervention/experiments/linear_probing/results_probe50/gemma-3-4b-it_5k_10u/probe_fits_ref.json,
gemma-3-4b-it,Gemma-3,base,5,10,IVQ,ordinal,k8,8,all,expected,0.1,2,0.058824,0.022962962962962963,0.009192350848882118,24.663703703703707,0.09495504261583078,5,False,1350,0.02,raw,lora_intervention/experiments/linear_probing/results_probe50/gemma-3-4b-it_5k_10u/probe_fits_ref.json,
gemma-3-4b-it,Gemma-3,base,5,10,IVQ,ordinal,k8,8,all,expected,0.1,3,0.088235,0.028888888888888888,0.011805464778154983,24.73333333333333,0.0978989874674641,5,False,1350,0.02,raw,lora_intervention/experiments/linear_probing/results_probe50/gemma-3-4b-it_5k_10u/probe_fits_ref.json,
gemma-3-4b-it,Gemma-3,base,5,10,IVQ,ordinal,k8,8,all,expected,0.1,4,0.117647,0.02148148148148148,0.008248539796785217,25.013333333333332,0.0936071894229704,5,False,1350,0.02,raw,lora_intervention/experiments/linear_probing/results_probe50/gemma-3-4b-it_5k_10u/probe_fits_ref.json,
gemma-3-4b-it,Gemma-3,base,5,10,IVQ,ordinal,k8,8,all,expected,0.1,5,0.147059,0.022962962962962963,0.008248539796785217,24.95111111111111,0.09416812993356052,5,False,1350,0.02,raw,lora_intervention/experiments/linear_probing/results_probe50/gemma-3-4b-it_5k_10u/probe_fits_ref.json,
gemma-3-4b-it,Gemma-3,base,5,10,IVQ,ordinal,k8,8,all,expected,0.1,6,0.176471,0.020740740740740737,0.007978021936495562,24.914074074074072,0.09243721202226904,5,False,1350,0.02,raw,lora_intervention/experiments/linear_probing/results_probe50/gemma-3-4b-it_5k_10u/probe_fits_ref.json,
gemma-3-4b-it,Gemma-3,base,5,10,IVQ,ordinal,k8,8,all,expected,0.1,7,0.205882,0.025185185185185182,0.014703283882429042,24.65555555555556,0.09637186758819039,5,False,1350,0.02,raw,lora_intervention/experiments/linear_probing/results_probe50/gemma-3-4b-it_5k_10u/probe_fits_ref.json,
gemma-3-4b-it,Gemma-3,base,5,10,IVQ,ordinal,k8,8,all,expected,0.1,8,0.235294,0.018518518518518517,0.013658584381174647,24.70666666666667,0.0895819806151008,5,False,1350,0.02,raw,lora_intervention/experiments/linear_probing/results_probe50/gemma-3-4b-it_5k_10u/probe_fits_ref.json,
gemma-3-4b-it,Gemma-3,base,5,10,IVQ,ordinal,k8,8,all,expected,0.1,9,0.264706,0.024444444444444442,0.008950404424884867,24.797777777777775,0.09690429303519324,5,False,1350,0.02,raw,lora_intervention/experiments/linear_probing/results_probe50/gemma-3-4b-it_5k_10u/probe_fits_ref.json,
gemma-3-4b-it,Gemma-3,base,5,10,IVQ,ordinal,k8,8,all,expected,0.1,10,0.294118,0.02592592592592593,0.00907218423253029,24.884444444444444,0.09677963748351481,5,False,1350,0.02,raw,lora_intervention/experiments/linear_probing/results_probe50/gemma-3-4b-it_5k_10u/probe_fits_ref.json,
gemma-3-4b-it,Gemma-3,base,5,10,IVQ,ordinal,k8,8,all,expected,0.1,11,0.323529,0.024444444444444446,0.010886621079036348,24.912592592592592,0.09522110872839766,5,False,1350,0.02,raw,lora_intervention/experiments/linear_probing/results_probe50/gemma-3-4b-it_5k_10u/probe_fits_ref.json,
gemma-3-4b-it,Gemma-3,base,5,10,IVQ,ordinal,k8,8,all,expected,0.1,12,0.352941,0.020740740740740744,0.018083786097383266,24.747407407407408,0.09259654516048058,5,False,1350,0.02,raw,lora_intervention/experiments/linear_probing/results_probe50/gemma-3-4b-it_5k_10u/probe_fits_ref.json,
gemma-3-4b-it,Gemma-3,base,5,10,IVQ,ordinal,k8,8,all,expected,0.1,13,0.382353,0.02222222222222222,0.01304208656419186,24.800000000000004,0.09694003420509448,5,False,1350,0.02,raw,lora_intervention/experiments/linear_probing/results_probe50/gemma-3-4b-it_5k_10u/probe_fits_ref.json,
gemma-3-4b-it,Gemma-3,base,5,10,IVQ,ordinal,k8,8,all,expected,0.1,14,0.411765,0.024444444444444442,0.012306109426545296,24.551111111111112,0.09822883191799764,5,False,1350,0.02,raw,lora_intervention/experiments/linear_probing/results_probe50/gemma-3-4b-it_5k_10u/probe_fits_ref.json,
gemma-3-4b-it,Gemma-3,base,5,10,IVQ,ordinal,k8,8,all,expected,0.1,15,0.441176,0.024444444444444446,0.008638447251622668,24.628888888888888,0.09635905464875802,5,False,1350,0.02,raw,lora_intervention/experiments/linear_probing/results_probe50/gemma-3-4b-it_5k_10u/probe_fits_ref.json,
gemma-3-4b-it,Gemma-3,base,5,10,IVQ,ordinal,k8,8,all,expected,0.1,16,0.470588,0.02074074074074074,0.008638447251622668,24.484444444444442,0.0932800542731415,5,False,1350,0.02,raw,lora_intervention/experiments/linear_probing/results_probe50/gemma-3-4b-it_5k_10u/probe_fits_ref.json,
gemma-3-4b-it,Gemma-3,base,5,10,IVQ,ordinal,k8,8,all,expected,0.1,17,0.5,0.02,0.011135775095091045,24.414074074074072,0.09365143996647471,5,False,1350,0.02,raw,lora_intervention/experiments/linear_probing/results_probe50/gemma-3-4b-it_5k_10u/probe_fits_ref.json,
gemma-3-4b-it,Gemma-3,base,5,10,IVQ,ordinal,k8,8,all,expected,0.1,18,0.529412,0.018518518518518517,0.007027283689263065,24.24814814814815,0.09320964477818698,5,False,1350,0.02,raw,lora_intervention/experiments/linear_probing/results_probe50/gemma-3-4b-it_5k_10u/probe_fits_ref.json,
gemma-3-4b-it,Gemma-3,base,5,10,IVQ,ordinal,k8,8,all,expected,0.1,19,0.558824,0.01925925925925926,0.004319223625811334,23.988888888888887,0.09707652024214544,5,False,1350,0.02,raw,lora_intervention/experiments/linear_probing/results_probe50/gemma-3-4b-it_5k_10u/probe_fits_ref.json,
gemma-3-4b-it,Gemma-3,base,5,10,IVQ,ordinal,k8,8,all,expected,0.1,20,0.588235,0.021481481481481483,0.008574694002066834,24.176296296296293,0.09613079374675049,5,False,1350,0.02,raw,lora_intervention/experiments/linear_probing/results_probe50/gemma-3-4b-it_5k_10u/probe_fits_ref.json,
gemma-3-4b-it,Gemma-3,base,5,10,IVQ,ordinal,k8,8,all,expected,0.1,21,0.617647,0.01925925925925926,0.00718174793691308,24.48740740740741,0.09286181414049136,5,False,1350,0.02,raw,lora_intervention/experiments/linear_probing/results_probe50/gemma-3-4b-it_5k_10u/probe_fits_ref.json,
gemma-3-4b-it,Gemma-3,base,5,10,IVQ,ordinal,k8,8,all,expected,0.1,22,0.647059,0.014074074074074076,0.002771598064276993,23.934814814814814,0.0963449416249208,5,False,1350,0.02,raw,lora_intervention/experiments/linear_probing/results_probe50/gemma-3-4b-it_5k_10u/probe_fits_ref.json,
gemma-3-4b-it,Gemma-3,base,5,10,IVQ,ordinal,k8,8,all,expected,0.1,23,0.676471,0.029629629629629634,0.009658077637337257,23.41185185185185,0.10860824712420902,5,False,1350,0.02,raw,lora_intervention/experiments/linear_probing/results_probe50/gemma-3-4b-it_5k_10u/probe_fits_ref.json,
gemma-3-4b-it,Gemma-3,base,5,10,IVQ,ordinal,k8,8,all,expected,0.1,24,0.705882,0.03259259259259259,0.008888888888888889,22.247407407407408,0.1227068526819585,5,False,1350,0.02,raw,lora_intervention/experiments/linear_probing/results_probe50/gemma-3-4b-it_5k_10u/probe_fits_ref.json,
gemma-3-4b-it,Gemma-3,base,5,10,IVQ,ordinal,k8,8,all,expected,0.1,25,0.735294,0.03851851851851852,0.008638447251622668,22.02296296296296,0.1268563521732222,5,False,1350,0.02,raw,lora_intervention/experiments/linear_probing/results_probe50/gemma-3-4b-it_5k_10u/probe_fits_ref.json,
gemma-3-4b-it,Gemma-3,base,5,10,IVQ,ordinal,k8,8,all,expected,0.1,26,0.764706,0.039999999999999994,0.00718174793691308,21.903703703703705,0.12902497554058148,5,False,1350,0.02,raw,lora_intervention/experiments/linear_probing/results_probe50/gemma-3-4b-it_5k_10u/probe_fits_ref.json,
gemma-3-4b-it,Gemma-3,base,5,10,IVQ,ordinal,k8,8,all,expected,0.1,27,0.794118,0.0725925925925926,0.007626392697027412,18.11925925925926,0.1785843129530395,5,False,1350,0.02,raw,lora_intervention/experiments/linear_probing/results_probe50/gemma-3-4b-it_5k_10u/probe_fits_ref.json,
gemma-3-4b-it,Gemma-3,base,5,10,IVQ,ordinal,k8,8,all,expected,0.1,28,0.823529,0.07111111111111111,0.001481481481481478,18.297777777777778,0.17522674454099624,5,False,1350,0.02,raw,lora_intervention/experiments/linear_probing/results_probe50/gemma-3-4b-it_5k_10u/probe_fits_ref.json,
gemma-3-4b-it,Gemma-3,base,5,10,IVQ,ordinal,k8,8,all,expected,0.1,29,0.852941,0.07333333333333333,0.004319223625811334,18.058518518518518,0.17834092902714932,5,False,1350,0.02,raw,lora_intervention/experiments/linear_probing/results_probe50/gemma-3-4b-it_5k_10u/probe_fits_ref.json,
gemma-3-4b-it,Gemma-3,base,5,10,IVQ,ordinal,k8,8,all,expected,0.1,30,0.882353,0.09185185185185185,0.004319223625811335,14.86888888888889,0.21490799281311293,5,False,1350,0.02,raw,lora_intervention/experiments/linear_probing/results_probe50/gemma-3-4b-it_5k_10u/probe_fits_ref.json,
gemma-3-4b-it,Gemma-3,base,5,10,IVQ,ordinal,k8,8,all,expected,0.1,31,0.911765,0.08888888888888888,0.011233889546743038,14.397037037037038,0.21675035308154866,5,False,1350,0.02,raw,lora_intervention/experiments/linear_probing/results_probe50/gemma-3-4b-it_5k_10u/probe_fits_ref.json,
gemma-3-4b-it,Gemma-3,base,5,10,IVQ,ordinal,k8,8,all,expected,0.1,32,0.941176,0.08296296296296297,0.011135775095091047,14.339999999999998,0.2139706582608269,5,False,1350,0.02,raw,lora_intervention/experiments/linear_probing/results_probe50/gemma-3-4b-it_5k_10u/probe_fits_ref.json,
gemma-3-4b-it,Gemma-3,base,5,10,IVQ,ordinal,k8,8,all,expected,0.1,33,0.970588,0.0874074074074074,0.006869347033700521,14.279259259259259,0.2161174674125365,5,False,1350,0.02,raw,lora_intervention/experiments/linear_probing/results_probe50/gemma-3-4b-it_5k_10u/probe_fits_ref.json,
gemma-3-4b-it,Gemma-3,base,5,10,IVQ,ordinal,k8,8,all,expected,0.1,34,1.0,0.08888888888888888,0.015537908861780022,13.865925925925927,0.22173422482257998,5,False,1350,0.02,raw,lora_intervention/experiments/linear_probing/results_probe50/gemma-3-4b-it_5k_10u/probe_fits_ref.json,
gemma-3-4b-it,Gemma-3,base,5,10,IVQ,ordinal,k9,9,all,expected,0.1,0,0.0,0.027407407407407408,0.0018144368465060586,23.45037037037037,0.10452754043566959,5,False,1350,0.02,raw,lora_intervention/experiments/linear_probing/results_probe50/gemma-3-4b-it_5k_10u/probe_fits_ref.json,
gemma-3-4b-it,Gemma-3,base,5,10,IVQ,ordinal,k9,9,all,expected,0.1,1,0.029412,0.027407407407407408,0.009827036415867853,24.792592592592595,0.10227515393797033,5,False,1350,0.02,raw,lora_intervention/experiments/linear_probing/results_probe50/gemma-3-4b-it_5k_10u/probe_fits_ref.json,
gemma-3-4b-it,Gemma-3,base,5,10,IVQ,ordinal,k9,9,all,expected,0.1,2,0.058824,0.03111111111111111,0.011618064549154167,24.67111111111111,0.10441357536203111,5,False,1350,0.02,raw,lora_intervention/experiments/linear_probing/results_probe50/gemma-3-4b-it_5k_10u/probe_fits_ref.json,
gemma-3-4b-it,Gemma-3,base,5,10,IVQ,ordinal,k9,9,all,expected,0.1,3,0.088235,0.027407407407407408,0.010631629699560982,24.284444444444446,0.10101383103963076,5,False,1350,0.02,raw,lora_intervention/experiments/linear_probing/results_probe50/gemma-3-4b-it_5k_10u/probe_fits_ref.json,
gemma-3-4b-it,Gemma-3,base,5,10,IVQ,ordinal,k9,9,all,expected,0.1,4,0.117647,0.023703703703703706,0.00725774738602423,24.26592592592593,0.09990871464904881,5,False,1350,0.02,raw,lora_intervention/experiments/linear_probing/results_probe50/gemma-3-4b-it_5k_10u/probe_fits_ref.json,
gemma-3-4b-it,Gemma-3,base,5,10,IVQ,ordinal,k9,9,all,expected,0.1,5,0.147059,0.026666666666666665,0.008574694002066832,24.511111111111113,0.10157856455928664,5,False,1350,0.02,raw,lora_intervention/experiments/linear_probing/results_probe50/gemma-3-4b-it_5k_10u/probe_fits_ref.json,
gemma-3-4b-it,Gemma-3,base,5,10,IVQ,ordinal,k9,9,all,expected,0.1,6,0.176471,0.02222222222222222,0.011712139482105107,24.761481481481482,0.09412866907572562,5,False,1350,0.02,raw,lora_intervention/experiments/linear_probing/results_probe50/gemma-3-4b-it_5k_10u/probe_fits_ref.json,
gemma-3-4b-it,Gemma-3,base,5,10,IVQ,ordinal,k9,9,all,expected,0.1,7,0.205882,0.02518518518518519,0.010047896271296694,24.117777777777782,0.09966324976298346,5,False,1350,0.02,raw,lora_intervention/experiments/linear_probing/results_probe50/gemma-3-4b-it_5k_10u/probe_fits_ref.json,
gemma-3-4b-it,Gemma-3,base,5,10,IVQ,ordinal,k9,9,all,expected,0.1,8,0.235294,0.021481481481481483,0.006372092790401946,24.15555555555556,0.09942884726910875,5,False,1350,0.02,raw,lora_intervention/experiments/linear_probing/results_probe50/gemma-3-4b-it_5k_10u/probe_fits_ref.json,
gemma-3-4b-it,Gemma-3,base,5,10,IVQ,ordinal,k9,9,all,expected,0.1,9,0.264706,0.022962962962962963,0.0059259259259259265,24.294814814814814,0.09993906084999311,5,False,1350,0.02,raw,lora_intervention/experiments/linear_probing/results_probe50/gemma-3-4b-it_5k_10u/probe_fits_ref.json,
gemma-3-4b-it,Gemma-3,base,5,10,IVQ,ordinal,k9,9,all,expected,0.1,10,0.294118,0.022962962962962963,0.010317324649766015,24.30074074074074,0.09757108883241364,5,False,1350,0.02,raw,lora_intervention/experiments/linear_probing/results_probe50/gemma-3-4b-it_5k_10u/probe_fits_ref.json,
gemma-3-4b-it,Gemma-3,base,5,10,IVQ,ordinal,k9,9,all,expected,0.1,11,0.323529,0.019999999999999997,0.006869347033700522,24.552592592592596,0.094361007803648,5,False,1350,0.02,raw,lora_intervention/experiments/linear_probing/results_probe50/gemma-3-4b-it_5k_10u/probe_fits_ref.json,
gemma-3-4b-it,Gemma-3,base,5,10,IVQ,ordinal,k9,9,all,expected,0.1,12,0.352941,0.023703703703703706,0.00982703641586785,24.31037037037037,0.09837678934747762,5,False,1350,0.02,raw,lora_intervention/experiments/linear_probing/results_probe50/gemma-3-4b-it_5k_10u/probe_fits_ref.json,
gemma-3-4b-it,Gemma-3,base,5,10,IVQ,ordinal,k9,9,all,expected,0.1,13,0.382353,0.020740740740740744,0.0037770514915502107,24.22,0.09700164359996344,5,False,1350,0.02,raw,lora_intervention/experiments/linear_probing/results_probe50/gemma-3-4b-it_5k_10u/probe_fits_ref.json,
gemma-3-4b-it,Gemma-3,base,5,10,IVQ,ordinal,k9,9,all,expected,0.1,14,0.411765,0.01925925925925926,0.00718174793691308,24.19111111111111,0.09771564490970912,5,False,1350,0.02,raw,lora_intervention/experiments/linear_probing/results_probe50/gemma-3-4b-it_5k_10u/probe_fits_ref.json,
gemma-3-4b-it,Gemma-3,base,5,10,IVQ,ordinal,k9,9,all,expected,0.1,15,0.441176,0.025925925925925925,0.008445743889623245,24.0562962962963,0.09883307629211419,5,False,1350,0.02,raw,lora_intervention/experiments/linear_probing/results_probe50/gemma-3-4b-it_5k_10u/probe_fits_ref.json,
gemma-3-4b-it,Gemma-3,base,5,10,IVQ,ordinal,k9,9,all,expected,0.1,16,0.470588,0.026666666666666665,0.0063720927904019455,24.660740740740742,0.09710443347547963,5,False,1350,0.02,raw,lora_intervention/experiments/linear_probing/results_probe50/gemma-3-4b-it_5k_10u/probe_fits_ref.json,
gemma-3-4b-it,Gemma-3,base,5,10,IVQ,ordinal,k9,9,all,expected,0.1,17,0.5,0.026666666666666672,0.004319223625811334,24.871111111111112,0.0974286632346176,5,False,1350,0.02,raw,lora_intervention/experiments/linear_probing/results_probe50/gemma-3-4b-it_5k_10u/probe_fits_ref.json,
gemma-3-4b-it,Gemma-3,base,5,10,IVQ,ordinal,k9,9,all,expected,0.1,18,0.529412,0.02222222222222222,0.0033126932999996885,24.89777777777778,0.09060418008090944,5,False,1350,0.02,raw,lora_intervention/experiments/linear_probing/results_probe50/gemma-3-4b-it_5k_10u/probe_fits_ref.json,
gemma-3-4b-it,Gemma-3,base,5,10,IVQ,ordinal,k9,9,all,expected,0.1,19,0.558824,0.02,0.011135775095091045,24.342222222222222,0.09374549121775053,5,False,1350,0.02,raw,lora_intervention/experiments/linear_probing/results_probe50/gemma-3-4b-it_5k_10u/probe_fits_ref.json,
gemma-3-4b-it,Gemma-3,base,5,10,IVQ,ordinal,k9,9,all,expected,0.1,20,0.588235,0.020740740740740744,0.005023948135648347,24.055555555555557,0.0966765645216734,5,False,1350,0.02,raw,lora_intervention/experiments/linear_probing/results_probe50/gemma-3-4b-it_5k_10u/probe_fits_ref.json,
gemma-3-4b-it,Gemma-3,base,5,10,IVQ,ordinal,k9,9,all,expected,0.1,21,0.617647,0.02814814814814815,0.003777051491550211,24.835555555555555,0.09827255634696018,5,False,1350,0.02,raw,lora_intervention/experiments/linear_probing/results_probe50/gemma-3-4b-it_5k_10u/probe_fits_ref.json,
gemma-3-4b-it,Gemma-3,base,5,10,IVQ,ordinal,k9,9,all,expected,0.1,22,0.647059,0.028888888888888888,0.004913518207933925,24.24148148148148,0.1038076956926705,5,False,1350,0.02,raw,lora_intervention/experiments/linear_probing/results_probe50/gemma-3-4b-it_5k_10u/probe_fits_ref.json,
gemma-3-4b-it,Gemma-3,base,5,10,IVQ,ordinal,k9,9,all,expected,0.1,23,0.676471,0.03481481481481481,0.008950404424884867,23.43259259259259,0.11070399420725766,5,False,1350,0.02,raw,lora_intervention/experiments/linear_probing/results_probe50/gemma-3-4b-it_5k_10u/probe_fits_ref.json,
gemma-3-4b-it,Gemma-3,base,5,10,IVQ,ordinal,k9,9,all,expected,0.1,24,0.705882,0.03555555555555555,0.010102356812582116,22.611851851851853,0.1185739386385094,5,False,1350,0.02,raw,lora_intervention/experiments/linear_probing/results_probe50/gemma-3-4b-it_5k_10u/probe_fits_ref.json,
gemma-3-4b-it,Gemma-3,base,5,10,IVQ,ordinal,k9,9,all,expected,0.1,25,0.735294,0.04518518518518518,0.01157074026060245,22.10962962962963,0.12706171510235317,5,False,1350,0.02,raw,lora_intervention/experiments/linear_probing/results_probe50/gemma-3-4b-it_5k_10u/probe_fits_ref.json,
gemma-3-4b-it,Gemma-3,base,5,10,IVQ,ordinal,k9,9,all,expected,0.1,26,0.764706,0.0437037037037037,0.007181747936913079,22.34,0.12492969697773497,5,False,1350,0.02,raw,lora_intervention/experiments/linear_probing/results_probe50/gemma-3-4b-it_5k_10u/probe_fits_ref.json,
gemma-3-4b-it,Gemma-3,base,5,10,IVQ,ordinal,k9,9,all,expected,0.1,27,0.794118,0.08444444444444443,0.010317324649766013,17.614074074074075,0.18528434914694064,5,False,1350,0.02,raw,lora_intervention/experiments/linear_probing/results_probe50/gemma-3-4b-it_5k_10u/probe_fits_ref.json,
gemma-3-4b-it,Gemma-3,base,5,10,IVQ,ordinal,k9,9,all,expected,0.1,28,0.823529,0.08444444444444445,0.014132432613584376,17.684444444444445,0.18490209894335483,5,False,1350,0.02,raw,lora_intervention/experiments/linear_probing/results_probe50/gemma-3-4b-it_5k_10u/probe_fits_ref.json,
gemma-3-4b-it,Gemma-3,base,5,10,IVQ,ordinal,k9,9,all,expected,0.1,29,0.852941,0.08444444444444445,0.008248539796785213,17.298518518518517,0.18979333917000366,5,False,1350,0.02,raw,lora_intervention/experiments/linear_probing/results_probe50/gemma-3-4b-it_5k_10u/probe_fits_ref.json,
gemma-3-4b-it,Gemma-3,base,5,10,IVQ,ordinal,k9,9,all,expected,0.1,30,0.882353,0.0874074074074074,0.01252706261132427,15.408148148148149,0.20363749724547212,5,False,1350,0.02,raw,lora_intervention/experiments/linear_probing/results_probe50/gemma-3-4b-it_5k_10u/probe_fits_ref.json,
gemma-3-4b-it,Gemma-3,base,5,10,IVQ,ordinal,k9,9,all,expected,0.1,31,0.911765,0.09999999999999999,0.017684942794538253,13.76074074074074,0.22759435736530467,5,False,1350,0.02,raw,lora_intervention/experiments/linear_probing/results_probe50/gemma-3-4b-it_5k_10u/probe_fits_ref.json,
gemma-3-4b-it,Gemma-3,base,5,10,IVQ,ordinal,k9,9,all,expected,0.1,32,0.941176,0.08814814814814816,0.011086392257107976,13.774074074074075,0.21980408299558193,5,False,1350,0.02,raw,lora_intervention/experiments/linear_probing/results_probe50/gemma-3-4b-it_5k_10u/probe_fits_ref.json,
gemma-3-4b-it,Gemma-3,base,5,10,IVQ,ordinal,k9,9,all,expected,0.1,33,0.970588,0.09259259259259259,0.01147550621098494,13.655555555555555,0.22101208341715428,5,False,1350,0.02,raw,lora_intervention/experiments/linear_probing/results_probe50/gemma-3-4b-it_5k_10u/probe_fits_ref.json,
gemma-3-4b-it,Gemma-3,base,5,10,IVQ,ordinal,k9,9,all,expected,0.1,34,1.0,0.08370370370370371,0.005543196128553989,13.614074074074074,0.2158467221496349,5,False,1350,0.02,raw,lora_intervention/experiments/linear_probing/results_probe50/gemma-3-4b-it_5k_10u/probe_fits_ref.json,
gemma-3-4b-it,Gemma-3,base,5,10,CVQ,ordinal,k10,10,all,expected,0.1,0,0.0,0.02976467934741749,0.0017099749337924277,23.126917775605847,0.10902523877149665,5,False,1411,0.02,raw,lora_intervention/experiments/linear_probing/results_probe50/gemma-3-4b-it_5k_10u/probe_fits_ref.json,
gemma-3-4b-it,Gemma-3,base,5,10,CVQ,ordinal,k10,10,all,expected,0.1,1,0.029412,0.0326090770117535,0.009101262430718545,22.35772999523845,0.11866059912434823,5,False,1411,0.02,raw,lora_intervention/experiments/linear_probing/results_probe50/gemma-3-4b-it_5k_10u/probe_fits_ref.json,
gemma-3-4b-it,Gemma-3,base,5,10,CVQ,ordinal,k10,10,all,expected,0.1,2,0.058824,0.040395458988046015,0.00913085174657391,21.299791995589302,0.1292762716011057,5,False,1411,0.02,raw,lora_intervention/experiments/linear_probing/results_probe50/gemma-3-4b-it_5k_10u/probe_fits_ref.json,
gemma-3-4b-it,Gemma-3,base,5,10,CVQ,ordinal,k10,10,all,expected,0.1,3,0.088235,0.0425206124852768,0.017365738484763128,21.01901110192216,0.13273532229783452,5,False,1411,0.02,raw,lora_intervention/experiments/linear_probing/results_probe50/gemma-3-4b-it_5k_10u/probe_fits_ref.json,
gemma-3-4b-it,Gemma-3,base,5,10,CVQ,ordinal,k10,10,all,expected,0.1,4,0.117647,0.038272811568052525,0.008809403683445833,21.579630604215218,0.1262413014615229,5,False,1411,0.02,raw,lora_intervention/experiments/linear_probing/results_probe50/gemma-3-4b-it_5k_10u/probe_fits_ref.json,
gemma-3-4b-it,Gemma-3,base,5,10,CVQ,ordinal,k10,10,all,expected,0.1,5,0.147059,0.045362504072375506,0.009896239768276216,21.028807357842766,0.13857553092226205,5,False,1411,0.02,raw,lora_intervention/experiments/linear_probing/results_probe50/gemma-3-4b-it_5k_10u/probe_fits_ref.json,
gemma-3-4b-it,Gemma-3,base,5,10,CVQ,ordinal,k10,10,all,expected,0.1,6,0.176471,0.0375585795554219,0.009914212590957084,21.684309450417267,0.12500317424102825,5,False,1411,0.02,raw,lora_intervention/experiments/linear_probing/results_probe50/gemma-3-4b-it_5k_10u/probe_fits_ref.json,
gemma-3-4b-it,Gemma-3,base,5,10,CVQ,ordinal,k10,10,all,expected,0.1,7,0.205882,0.040402977219757906,0.012421825291220386,22.463832293311278,0.12397133223899463,5,False,1411,0.02,raw,lora_intervention/experiments/linear_probing/results_probe50/gemma-3-4b-it_5k_10u/probe_fits_ref.json,
gemma-3-4b-it,Gemma-3,base,5,10,CVQ,ordinal,k10,10,all,expected,0.1,8,0.235294,0.03686189008345237,0.009431382541781061,22.12211362554194,0.12308296618151157,5,False,1411,0.02,raw,lora_intervention/experiments/linear_probing/results_probe50/gemma-3-4b-it_5k_10u/probe_fits_ref.json,
gemma-3-4b-it,Gemma-3,base,5,10,CVQ,ordinal,k10,10,all,expected,0.1,9,0.264706,0.04040548329699521,0.010203017589034115,22.623983159160964,0.12082599538525271,5,False,1411,0.02,raw,lora_intervention/experiments/linear_probing/results_probe50/gemma-3-4b-it_5k_10u/probe_fits_ref.json,
gemma-3-4b-it,Gemma-3,base,5,10,CVQ,ordinal,k10,10,all,expected,0.1,10,0.294118,0.04324486880685663,0.017010763099982854,21.951206676189763,0.12670634318249407,5,False,1411,0.02,raw,lora_intervention/experiments/linear_probing/results_probe50/gemma-3-4b-it_5k_10u/probe_fits_ref.json,
gemma-3-4b-it,Gemma-3,base,5,10,CVQ,ordinal,k10,10,all,expected,0.1,11,0.323529,0.03969375736160188,0.019483596401001346,21.920484675337693,0.1264481537843703,5,False,1411,0.02,raw,lora_intervention/experiments/linear_probing/results_probe50/gemma-3-4b-it_5k_10u/probe_fits_ref.json,
gemma-3-4b-it,Gemma-3,base,5,10,CVQ,ordinal,k10,10,all,expected,0.1,12,0.352941,0.03330827256096033,0.011342928600172582,22.00056887953287,0.12031933972213218,5,False,1411,0.02,raw,lora_intervention/experiments/linear_probing/results_probe50/gemma-3-4b-it_5k_10u/probe_fits_ref.json,
gemma-3-4b-it,Gemma-3,base,5,10,CVQ,ordinal,k10,10,all,expected,0.1,13,0.382353,0.0375585795554219,0.016864132054859777,22.514565320903195,0.12090727386388885,5,False,1411,0.02,raw,lora_intervention/experiments/linear_probing/results_probe50/gemma-3-4b-it_5k_10u/probe_fits_ref.json,
gemma-3-4b-it,Gemma-3,base,5,10,CVQ,ordinal,k10,10,all,expected,0.1,14,0.411765,0.04464827205974488,0.014287298645432059,21.520690173671152,0.1312949418032773,5,False,1411,0.02,raw,lora_intervention/experiments/linear_probing/results_probe50/gemma-3-4b-it_5k_10u/probe_fits_ref.json,
gemma-3-4b-it,Gemma-3,base,5,10,CVQ,ordinal,k10,10,all,expected,0.1,15,0.441176,0.03826278725910333,0.009579109729629989,22.355186326842592,0.11984750992373025,5,False,1411,0.02,raw,lora_intervention/experiments/linear_probing/results_probe50/gemma-3-4b-it_5k_10u/probe_fits_ref.json,
gemma-3-4b-it,Gemma-3,base,5,10,CVQ,ordinal,k10,10,all,expected,0.1,16,0.470588,0.02408590832769466,0.008462438405143232,22.681537728992808,0.11236271903241028,5,False,1411,0.02,raw,lora_intervention/experiments/linear_probing/results_probe50/gemma-3-4b-it_5k_10u/probe_fits_ref.json,
gemma-3-4b-it,Gemma-3,base,5,10,CVQ,ordinal,k10,10,all,expected,0.1,17,0.5,0.031887326767410976,0.007412235113222964,23.034022504573592,0.11320672187798302,5,False,1411,0.02,raw,lora_intervention/experiments/linear_probing/results_probe50/gemma-3-4b-it_5k_10u/probe_fits_ref.json,
gemma-3-4b-it,Gemma-3,base,5,10,CVQ,ordinal,k10,10,all,expected,0.1,18,0.529412,0.0326040648572789,0.004156198956801907,23.297143071949478,0.1130840715856896,5,False,1411,0.02,raw,lora_intervention/experiments/linear_probing/results_probe50/gemma-3-4b-it_5k_10u/probe_fits_ref.json,
gemma-3-4b-it,Gemma-3,base,5,10,CVQ,ordinal,k10,10,all,expected,0.1,19,0.558824,0.04535498584066361,0.004099766195752868,21.32691025737413,0.13346335001294232,5,False,1411,0.02,raw,lora_intervention/experiments/linear_probing/results_probe50/gemma-3-4b-it_5k_10u/probe_fits_ref.json,
gemma-3-4b-it,Gemma-3,base,5,10,CVQ,ordinal,k10,10,all,expected,0.1,20,0.588235,0.0425256246397514,0.0022865864008435387,21.331606646116835,0.13153973391175117,5,False,1411,0.02,raw,lora_intervention/experiments/linear_probing/results_probe50/gemma-3-4b-it_5k_10u/probe_fits_ref.json,
gemma-3-4b-it,Gemma-3,base,5,10,CVQ,ordinal,k10,10,all,expected,0.1,21,0.617647,0.04607172393053155,0.004529213083562378,20.275074555797808,0.13872019367465566,5,False,1411,0.02,raw,lora_intervention/experiments/linear_probing/results_probe50/gemma-3-4b-it_5k_10u/probe_fits_ref.json,
gemma-3-4b-it,Gemma-3,base,5,10,CVQ,ordinal,k10,10,all,expected,0.1,22,0.647059,0.07582888504623712,0.009639288517816749,17.901112698293364,0.1790047698850765,5,False,1411,0.02,raw,lora_intervention/experiments/linear_probing/results_probe50/gemma-3-4b-it_5k_10u/probe_fits_ref.json,
gemma-3-4b-it,Gemma-3,base,5,10,CVQ,ordinal,k10,10,all,expected,0.1,23,0.676471,0.11057063378693333,0.015178688155839094,16.021542239931836,0.22237218288100685,5,False,1411,0.02,raw,lora_intervention/experiments/linear_probing/results_probe50/gemma-3-4b-it_5k_10u/probe_fits_ref.json,
gemma-3-4b-it,Gemma-3,base,5,10,CVQ,ordinal,k10,10,all,expected,0.1,24,0.705882,0.1275768739192542,0.012356568529705304,14.911189634864547,0.25117863415859953,5,False,1411,0.02,raw,lora_intervention/experiments/linear_probing/results_probe50/gemma-3-4b-it_5k_10u/probe_fits_ref.json,
gemma-3-4b-it,Gemma-3,base,5,10,CVQ,ordinal,k10,10,all,expected,0.1,25,0.735294,0.14386386988446984,0.007178401794157141,13.649565195599331,0.27519110855044715,5,False,1411,0.02,raw,lora_intervention/experiments/linear_probing/results_probe50/gemma-3-4b-it_5k_10u/probe_fits_ref.json,
gemma-3-4b-it,Gemma-3,base,5,10,CVQ,ordinal,k10,10,all,expected,0.1,26,0.764706,0.14174874069618826,0.007857875412144326,13.916900984888354,0.2714254471221719,5,False,1411,0.02,raw,lora_intervention/experiments/linear_probing/results_probe50/gemma-3-4b-it_5k_10u/probe_fits_ref.json,
gemma-3-4b-it,Gemma-3,base,5,10,CVQ,ordinal,k10,10,all,expected,0.1,27,0.794118,0.24945242212364982,0.018058505306338676,8.682394807407965,0.4028475357074113,5,False,1411,0.02,raw,lora_intervention/experiments/linear_probing/results_probe50/gemma-3-4b-it_5k_10u/probe_fits_ref.json,
gemma-3-4b-it,Gemma-3,base,5,10,CVQ,ordinal,k10,10,all,expected,0.1,28,0.823529,0.25228679547903665,0.02192351975657609,8.576149662932611,0.4058107975102699,5,False,1411,0.02,raw,lora_intervention/experiments/linear_probing/results_probe50/gemma-3-4b-it_5k_10u/probe_fits_ref.json,
gemma-3-4b-it,Gemma-3,base,5,10,CVQ,ordinal,k10,10,all,expected,0.1,29,0.852941,0.2501666541362805,0.015121860683314971,8.332934867052604,0.4103484042492175,5,False,1411,0.02,raw,lora_intervention/experiments/linear_probing/results_probe50/gemma-3-4b-it_5k_10u/probe_fits_ref.json,
gemma-3-4b-it,Gemma-3,base,5,10,CVQ,ordinal,k10,10,all,expected,0.1,30,0.882353,0.24448788311655764,0.02361318027370489,7.653853093752349,0.4095226189961707,5,False,1411,0.02,raw,lora_intervention/experiments/linear_probing/results_probe50/gemma-3-4b-it_5k_10u/probe_fits_ref.json,
gemma-3-4b-it,Gemma-3,base,5,10,CVQ,ordinal,k10,10,all,expected,0.1,31,0.911765,0.26218830664361076,0.029864998668497927,6.590143598225697,0.4349004659118661,5,False,1411,0.02,raw,lora_intervention/experiments/linear_probing/results_probe50/gemma-3-4b-it_5k_10u/probe_fits_ref.json,
gemma-3-4b-it,Gemma-3,base,5,10,CVQ,ordinal,k10,10,all,expected,0.1,32,0.941176,0.2572287797909932,0.02559202418192102,6.666002556198782,0.42911893496254344,5,False,1411,0.02,raw,lora_intervention/experiments/linear_probing/results_probe50/gemma-3-4b-it_5k_10u/probe_fits_ref.json,
gemma-3-4b-it,Gemma-3,base,5,10,CVQ,ordinal,k10,10,all,expected,0.1,33,0.970588,0.24659549407312734,0.02863445145392743,6.81418439716312,0.41699899483298897,5,False,1411,0.02,raw,lora_intervention/experiments/linear_probing/results_probe50/gemma-3-4b-it_5k_10u/probe_fits_ref.json,
gemma-3-4b-it,Gemma-3,base,5,10,CVQ,ordinal,k10,10,all,expected,0.1,34,1.0,0.23171440743803723,0.02714605652178318,6.99348419918302,0.40545660365174807,5,False,1411,0.02,raw,lora_intervention/experiments/linear_probing/results_probe50/gemma-3-4b-it_5k_10u/probe_fits_ref.json,
gemma-3-4b-it,Gemma-3,base,5,10,CVQ,semantic,CVQ,10,all,expected,0.1,0,0.0,0.023126736360688287,6.551255175154204e-06,24.334409879746055,0.09752763135386022,5,False,8648,0.02,raw,lora_intervention/experiments/linear_probing/results_probe50/gemma-3-4b-it_5k_10u/probe_fits_ref.json,
gemma-3-4b-it,Gemma-3,base,5,10,CVQ,semantic,CVQ,10,all,expected,0.1,1,0.029412,0.15552609848320223,0.008695007366662835,12.968849981779707,0.2911151647052818,5,False,8648,0.02,raw,lora_intervention/experiments/linear_probing/results_probe50/gemma-3-4b-it_5k_10u/probe_fits_ref.json,
gemma-3-4b-it,Gemma-3,base,5,10,CVQ,semantic,CVQ,10,all,expected,0.1,2,0.058824,0.14338583229973556,0.006153687958060493,11.86046082302243,0.2854396275348895,5,False,8648,0.02,raw,lora_intervention/experiments/linear_probing/results_probe50/gemma-3-4b-it_5k_10u/probe_fits_ref.json,
gemma-3-4b-it,Gemma-3,base,5,10,CVQ,semantic,CVQ,10,all,expected,0.1,3,0.088235,0.14847374104447425,0.004647991806888296,11.106167820618689,0.2990921267793626,5,False,8648,0.02,raw,lora_intervention/experiments/linear_probing/results_probe50/gemma-3-4b-it_5k_10u/probe_fits_ref.json,
gemma-3-4b-it,Gemma-3,base,5,10,CVQ,semantic,CVQ,10,all,expected,0.1,4,0.117647,0.13806563986667425,0.006514335589977051,11.764923892657388,0.28067179649394763,5,False,8648,0.02,raw,lora_intervention/experiments/linear_probing/results_probe50/gemma-3-4b-it_5k_10u/probe_fits_ref.json,
gemma-3-4b-it,Gemma-3,base,5,10,CVQ,semantic,CVQ,10,all,expected,0.1,5,0.147059,0.13829839159927385,0.0036468246150629705,12.048489520822955,0.28135051266225003,5,False,8648,0.02,raw,lora_intervention/experiments/linear_probing/results_probe50/gemma-3-4b-it_5k_10u/probe_fits_ref.json,
gemma-3-4b-it,Gemma-3,base,5,10,CVQ,semantic,CVQ,10,all,expected,0.1,6,0.176471,0.13031790235927748,0.005784443013364292,13.335737052725188,0.2600780542302029,5,False,8648,0.02,raw,lora_intervention/experiments/linear_probing/results_probe50/gemma-3-4b-it_5k_10u/probe_fits_ref.json,
gemma-3-4b-it,Gemma-3,base,5,10,CVQ,semantic,CVQ,10,all,expected,0.1,7,0.205882,0.11193265511488815,0.004392970919201484,14.254570151479186,0.23910973541783803,5,False,8648,0.02,raw,lora_intervention/experiments/linear_probing/results_probe50/gemma-3-4b-it_5k_10u/probe_fits_ref.json,
gemma-3-4b-it,Gemma-3,base,5,10,CVQ,semantic,CVQ,10,all,expected,0.1,8,0.235294,0.10568954623107348,0.0034486257930844305,14.285084030663587,0.23286513579464577,5,False,8648,0.02,raw,lora_intervention/experiments/linear_probing/results_probe50/gemma-3-4b-it_5k_10u/probe_fits_ref.json,
gemma-3-4b-it,Gemma-3,base,5,10,CVQ,semantic,CVQ,10,all,expected,0.1,9,0.264706,0.10661426799546665,0.002939500556412043,15.060743588629197,0.2276441331877578,5,False,8648,0.02,raw,lora_intervention/experiments/linear_probing/results_probe50/gemma-3-4b-it_5k_10u/probe_fits_ref.json,
gemma-3-4b-it,Gemma-3,base,5,10,CVQ,semantic,CVQ,10,all,expected,0.1,10,0.294118,0.10962051638656445,0.0051479247447657915,14.939433332107502,0.23226395693196747,5,False,8648,0.02,raw,lora_intervention/experiments/linear_probing/results_probe50/gemma-3-4b-it_5k_10u/probe_fits_ref.json,
gemma-3-4b-it,Gemma-3,base,5,10,CVQ,semantic,CVQ,10,all,expected,0.1,11,0.323529,0.10626724659581366,0.002717181207617886,15.052655516068963,0.22880281311878264,5,False,8648,0.02,raw,lora_intervention/experiments/linear_probing/results_probe50/gemma-3-4b-it_5k_10u/probe_fits_ref.json,
gemma-3-4b-it,Gemma-3,base,5,10,CVQ,semantic,CVQ,10,all,expected,0.1,12,0.352941,0.10557273575223074,0.0050313559462742295,15.440860934015785,0.2226448167880135,5,False,8648,0.02,raw,lora_intervention/experiments/linear_probing/results_probe50/gemma-3-4b-it_5k_10u/probe_fits_ref.json,
gemma-3-4b-it,Gemma-3,base,5,10,CVQ,semantic,CVQ,10,all,expected,0.1,13,0.382353,0.10557233457142187,0.006351053650721655,14.552786635329989,0.2276143913399534,5,False,8648,0.02,raw,lora_intervention/experiments/linear_probing/results_probe50/gemma-3-4b-it_5k_10u/probe_fits_ref.json,
gemma-3-4b-it,Gemma-3,base,5,10,CVQ,semantic,CVQ,10,all,expected,0.1,14,0.411765,0.13471317243754116,0.008279350001291612,11.913526747058842,0.2765467432735136,5,False,8648,0.02,raw,lora_intervention/experiments/linear_probing/results_probe50/gemma-3-4b-it_5k_10u/probe_fits_ref.json,
gemma-3-4b-it,Gemma-3,base,5,10,CVQ,semantic,CVQ,10,all,expected,0.1,15,0.441176,0.1332098810833219,0.002323529103756126,12.78514942313543,0.2657093088501501,5,False,8648,0.02,raw,lora_intervention/experiments/linear_probing/results_probe50/gemma-3-4b-it_5k_10u/probe_fits_ref.json,
gemma-3-4b-it,Gemma-3,base,5,10,CVQ,semantic,CVQ,10,all,expected,0.1,16,0.470588,0.131938739690489,0.004084750754437312,12.680247929739867,0.2673904966616102,5,False,8648,0.02,raw,lora_intervention/experiments/linear_probing/results_probe50/gemma-3-4b-it_5k_10u/probe_fits_ref.json,
gemma-3-4b-it,Gemma-3,base,5,10,CVQ,semantic,CVQ,10,all,expected,0.1,17,0.5,0.1339034558383509,0.010236035949647187,12.750024304870669,0.26923087254732936,5,False,8648,0.02,raw,lora_intervention/experiments/linear_probing/results_probe50/gemma-3-4b-it_5k_10u/probe_fits_ref.json,
gemma-3-4b-it,Gemma-3,base,5,10,CVQ,semantic,CVQ,10,all,expected,0.1,18,0.529412,0.17044400686019184,0.004671943621938702,11.883328062263262,0.30200087853112445,5,False,8648,0.02,raw,lora_intervention/experiments/linear_probing/results_probe50/gemma-3-4b-it_5k_10u/probe_fits_ref.json,
gemma-3-4b-it,Gemma-3,base,5,10,CVQ,semantic,CVQ,10,all,expected,0.1,19,0.558824,0.22768254562595908,0.004118099862443928,9.334412554284778,0.37117645687872197,5,False,8648,0.02,raw,lora_intervention/experiments/linear_probing/results_probe50/gemma-3-4b-it_5k_10u/probe_fits_ref.json,
gemma-3-4b-it,Gemma-3,base,5,10,CVQ,semantic,CVQ,10,all,expected,0.1,20,0.588235,0.3110550052320664,0.007369466895281559,7.509160562589221,0.4564321265362724,5,False,8648,0.02,raw,lora_intervention/experiments/linear_probing/results_probe50/gemma-3-4b-it_5k_10u/probe_fits_ref.json,
gemma-3-4b-it,Gemma-3,base,5,10,CVQ,semantic,CVQ,10,all,expected,0.1,21,0.617647,0.58371841119027,0.006398686244333219,3.428900329971215,0.7001983385639293,5,False,8648,0.02,raw,lora_intervention/experiments/linear_probing/results_probe50/gemma-3-4b-it_5k_10u/probe_fits_ref.json,
gemma-3-4b-it,Gemma-3,base,5,10,CVQ,semantic,CVQ,10,all,expected,0.1,22,0.647059,0.8133668765065176,0.004454170319730627,1.7245657050585557,0.8781896789074002,5,False,8648,0.02,raw,lora_intervention/experiments/linear_probing/results_probe50/gemma-3-4b-it_5k_10u/probe_fits_ref.json,
gemma-3-4b-it,Gemma-3,base,5,10,CVQ,semantic,CVQ,10,all,expected,0.1,23,0.676471,0.8442416178284752,0.007646162271892011,1.519886867011905,0.9010355655283719,5,False,8648,0.02,raw,lora_intervention/experiments/linear_probing/results_probe50/gemma-3-4b-it_5k_10u/probe_fits_ref.json,
gemma-3-4b-it,Gemma-3,base,5,10,CVQ,semantic,CVQ,10,all,expected,0.1,24,0.705882,0.8510634968925203,0.005968072925526438,1.4715591557818513,0.9098912853329809,5,False,8648,0.02,raw,lora_intervention/experiments/linear_probing/results_probe50/gemma-3-4b-it_5k_10u/probe_fits_ref.json,
gemma-3-4b-it,Gemma-3,base,5,10,CVQ,semantic,CVQ,10,all,expected,0.1,25,0.735294,0.8632053009357541,0.007509002477299487,1.363906832443492,0.9194932932494891,5,False,8648,0.02,raw,lora_intervention/experiments/linear_probing/results_probe50/gemma-3-4b-it_5k_10u/probe_fits_ref.json,
gemma-3-4b-it,Gemma-3,base,5,10,CVQ,semantic,CVQ,10,all,expected,0.1,26,0.764706,0.8627423382823445,0.004163283243125187,1.412702989131343,0.917891051191307,5,False,8648,0.02,raw,lora_intervention/experiments/linear_probing/results_probe50/gemma-3-4b-it_5k_10u/probe_fits_ref.json,
gemma-3-4b-it,Gemma-3,base,5,10,CVQ,semantic,CVQ,10,all,expected,0.1,27,0.794118,0.905643811618865,0.0073702055273662795,1.2094120360929002,0.9460822426251321,5,False,8648,0.02,raw,lora_intervention/experiments/linear_probing/results_probe50/gemma-3-4b-it_5k_10u/probe_fits_ref.json,
gemma-3-4b-it,Gemma-3,base,5,10,CVQ,semantic,CVQ,10,all,expected,0.1,28,0.823529,0.9069158891002518,0.009233252593116838,1.2013178120935957,0.9469687573771488,5,False,8648,0.02,raw,lora_intervention/experiments/linear_probing/results_probe50/gemma-3-4b-it_5k_10u/probe_fits_ref.json,
gemma-3-4b-it,Gemma-3,base,5,10,CVQ,semantic,CVQ,10,all,expected,0.1,29,0.852941,0.9123506855177071,0.0070181482717133915,1.1890610697486268,0.950182692569457,5,False,8648,0.02,raw,lora_intervention/experiments/linear_probing/results_probe50/gemma-3-4b-it_5k_10u/probe_fits_ref.json,
gemma-3-4b-it,Gemma-3,base,5,10,CVQ,semantic,CVQ,10,all,expected,0.1,30,0.882353,0.9055276029112355,0.007818258594894531,1.151596465597074,0.948180467518519,5,False,8648,0.02,raw,lora_intervention/experiments/linear_probing/results_probe50/gemma-3-4b-it_5k_10u/probe_fits_ref.json,
gemma-3-4b-it,Gemma-3,base,5,10,CVQ,semantic,CVQ,10,all,expected,0.1,31,0.911765,0.9126977737808282,0.0061451874044724875,1.1234956221144237,0.9529615391231865,5,False,8648,0.02,raw,lora_intervention/experiments/linear_probing/results_probe50/gemma-3-4b-it_5k_10u/probe_fits_ref.json,
gemma-3-4b-it,Gemma-3,base,5,10,CVQ,semantic,CVQ,10,all,expected,0.1,32,0.941176,0.9131602683899611,0.008644334899100955,1.1219924644871404,0.9532780081463621,5,False,8648,0.02,raw,lora_intervention/experiments/linear_probing/results_probe50/gemma-3-4b-it_5k_10u/probe_fits_ref.json,
gemma-3-4b-it,Gemma-3,base,5,10,CVQ,semantic,CVQ,10,all,expected,0.1,33,0.970588,0.9122344768100777,0.005861265326314525,1.126271726448179,0.9525028371924809,5,False,8648,0.02,raw,lora_intervention/experiments/linear_probing/results_probe50/gemma-3-4b-it_5k_10u/probe_fits_ref.json,
gemma-3-4b-it,Gemma-3,base,5,10,CVQ,semantic,CVQ,10,all,expected,0.1,34,1.0,0.9105004396273031,0.0059214676613632555,1.134364680041589,0.9510912352030957,5,False,8648,0.02,raw,lora_intervention/experiments/linear_probing/results_probe50/gemma-3-4b-it_5k_10u/probe_fits_ref.json,
