model,model_family,variant,num_keys,num_updates,condition,query_type,condition_label,slot,subset,label_set,C,layer,rel_depth,top1,top1_std,mean_rank,mrr,n_folds,hit_max_iter,n_probe,chance,provenance_tier,source_file,notes
Qwen2.5-3B-Instruct,Qwen2.5,base,5,10,FVQ,ordinal,k1,1,all,expected,0.1,0,0.0,0.024082784571966137,0.0004608635452085009,24.15051740357479,0.09957447869287256,5,False,5315,0.02,raw,lora_intervention/experiments/linear_probing/results_probe50/Qwen2.5-3B-Instruct_5k_10u/probe_fits_ref.json,
Qwen2.5-3B-Instruct,Qwen2.5,base,5,10,FVQ,ordinal,k1,1,all,expected,0.1,1,0.027778,0.036688617121354655,0.005013325529435268,20.846848541862652,0.12485620804584277,5,False,5315,0.02,raw,lora_intervention/experiments/linear_probing/results_probe50/Qwen2.5-3B-Instruct_5k_10u/probe_fits_ref.json,
Qwen2.5-3B-Instruct,Qwen2.5,base,5,10,FVQ,ordinal,k1,1,all,expected,0.1,2,0.055556,0.04101599247412983,0.004061530224820865,20.20865475070555,0.13141689537511989,5,False,5315,0.02,raw,lora_intervention/experiments/linear_probing/results_probe50/Qwen2.5-3B-Instruct_5k_10u/probe_fits_ref.json,
Qwen2.5-3B-Instruct,Qwen2.5,base,5,10,FVQ,ordinal,k1,1,all,expected,0.1,3,0.083333,0.04252116650987771,0.0020088576203257406,20.30667920978363,0.13081198197103588,5,False,5315,0.02,raw,lora_intervention/experiments/linear_probing/results_probe50/Qwen2.5-3B-Instruct_5k_10u/probe_fits_ref.json,
Qwen2.5-3B-Instruct,Qwen2.5,base,5,10,FVQ,ordinal,k1,1,all,expected,0.1,4,0.111111,0.044778927563499535,0.002424101359684878,19.59134524929445,0.14084089160880983,5,False,5315,0.02,raw,lora_intervention/experiments/linear_probing/results_probe50/Qwen2.5-3B-Instruct_5k_10u/probe_fits_ref.json,
Qwen2.5-3B-Instruct,Qwen2.5,base,5,10,FVQ,ordinal,k1,1,all,expected,0.1,5,0.138889,0.0517403574788335,0.002660796918858128,19.351081843838195,0.14757006909798182,5,False,5315,0.02,raw,lora_intervention/experiments/linear_probing/results_probe50/Qwen2.5-3B-Instruct_5k_10u/probe_fits_ref.json,
Qwen2.5-3B-Instruct,Qwen2.5,base,5,10,FVQ,ordinal,k1,1,all,expected,0.1,6,0.166667,0.050235183443085606,0.005138852411570145,19.35653809971778,0.14812386137547146,5,False,5315,0.02,raw,lora_intervention/experiments/linear_probing/results_probe50/Qwen2.5-3B-Instruct_5k_10u/probe_fits_ref.json,
Qwen2.5-3B-Instruct,Qwen2.5,base,5,10,FVQ,ordinal,k1,1,all,expected,0.1,7,0.194444,0.047224835371589835,0.0034896024442128692,19.663593603010348,0.1434243422531175,5,False,5315,0.02,raw,lora_intervention/experiments/linear_probing/results_probe50/Qwen2.5-3B-Instruct_5k_10u/probe_fits_ref.json,
Qwen2.5-3B-Instruct,Qwen2.5,base,5,10,FVQ,ordinal,k1,1,all,expected,0.1,8,0.222222,0.04835371589840075,0.004554550681810047,19.953527751646284,0.14250915316192153,5,False,5315,0.02,raw,lora_intervention/experiments/linear_probing/results_probe50/Qwen2.5-3B-Instruct_5k_10u/probe_fits_ref.json,
Qwen2.5-3B-Instruct,Qwen2.5,base,5,10,FVQ,ordinal,k1,1,all,expected,0.1,9,0.25,0.058889934148635935,0.005907927927792132,18.887488240827842,0.1587611709799636,5,False,5315,0.02,raw,lora_intervention/experiments/linear_probing/results_probe50/Qwen2.5-3B-Instruct_5k_10u/probe_fits_ref.json,
Qwen2.5-3B-Instruct,Qwen2.5,base,5,10,FVQ,ordinal,k1,1,all,expected,0.1,10,0.277778,0.05380997177798683,0.005750030777022061,19.086171213546567,0.15302397522992833,5,False,5315,0.02,raw,lora_intervention/experiments/linear_probing/results_probe50/Qwen2.5-3B-Instruct_5k_10u/probe_fits_ref.json,
Qwen2.5-3B-Instruct,Qwen2.5,base,5,10,FVQ,ordinal,k1,1,all,expected,0.1,11,0.305556,0.057196613358419565,0.006050022649412427,18.955785512699904,0.15783009389106994,5,False,5315,0.02,raw,lora_intervention/experiments/linear_probing/results_probe50/Qwen2.5-3B-Instruct_5k_10u/probe_fits_ref.json,
Qwen2.5-3B-Instruct,Qwen2.5,base,5,10,FVQ,ordinal,k1,1,all,expected,0.1,12,0.333333,0.05851364063969897,0.008852899609421329,18.86810912511759,0.1603463242498513,5,False,5315,0.02,raw,lora_intervention/experiments/linear_probing/results_probe50/Qwen2.5-3B-Instruct_5k_10u/probe_fits_ref.json,
Qwen2.5-3B-Instruct,Qwen2.5,base,5,10,FVQ,ordinal,k1,1,all,expected,0.1,13,0.361111,0.07187206020696144,0.005536759725140984,18.393038570084666,0.17276309805252338,5,False,5315,0.02,raw,lora_intervention/experiments/linear_probing/results_probe50/Qwen2.5-3B-Instruct_5k_10u/probe_fits_ref.json,
Qwen2.5-3B-Instruct,Qwen2.5,base,5,10,FVQ,ordinal,k1,1,all,expected,0.1,14,0.388889,0.06284101599247413,0.0026872731621986265,18.630479774223897,0.16476383872049366,5,False,5315,0.02,raw,lora_intervention/experiments/linear_probing/results_probe50/Qwen2.5-3B-Instruct_5k_10u/probe_fits_ref.json,
Qwen2.5-3B-Instruct,Qwen2.5,base,5,10,FVQ,ordinal,k1,1,all,expected,0.1,15,0.416667,0.06378174976481656,0.005433501064230915,18.72041392285983,0.16459166519178942,5,False,5315,0.02,raw,lora_intervention/experiments/linear_probing/results_probe50/Qwen2.5-3B-Instruct_5k_10u/probe_fits_ref.json,
Qwen2.5-3B-Instruct,Qwen2.5,base,5,10,FVQ,ordinal,k1,1,all,expected,0.1,16,0.444444,0.06923800564440263,0.004669679641012552,18.465663217309498,0.16931637723893542,5,False,5315,0.02,raw,lora_intervention/experiments/linear_probing/results_probe50/Qwen2.5-3B-Instruct_5k_10u/probe_fits_ref.json,
Qwen2.5-3B-Instruct,Qwen2.5,base,5,10,FVQ,ordinal,k1,1,all,expected,0.1,17,0.472222,0.0658513640639699,0.006435609172713856,18.18682972718721,0.17012223307631408,5,False,5315,0.02,raw,lora_intervention/experiments/linear_probing/results_probe50/Qwen2.5-3B-Instruct_5k_10u/probe_fits_ref.json,
Qwen2.5-3B-Instruct,Qwen2.5,base,5,10,FVQ,ordinal,k1,1,all,expected,0.1,18,0.5,0.07074317968015051,0.002878091917361873,17.761994355597366,0.17571131722481015,5,False,5315,0.02,raw,lora_intervention/experiments/linear_probing/results_probe50/Qwen2.5-3B-Instruct_5k_10u/probe_fits_ref.json,
Qwen2.5-3B-Instruct,Qwen2.5,base,5,10,FVQ,ordinal,k1,1,all,expected,0.1,19,0.527778,0.06999059266227657,0.009247944103438951,17.77873941674506,0.17595084095278452,5,False,5315,0.02,raw,lora_intervention/experiments/linear_probing/results_probe50/Qwen2.5-3B-Instruct_5k_10u/probe_fits_ref.json,
Qwen2.5-3B-Instruct,Qwen2.5,base,5,10,FVQ,ordinal,k1,1,all,expected,0.1,20,0.555556,0.06923800564440263,0.006667937966761749,17.814111006585133,0.1740222781069018,5,False,5315,0.02,raw,lora_intervention/experiments/linear_probing/results_probe50/Qwen2.5-3B-Instruct_5k_10u/probe_fits_ref.json,
Qwen2.5-3B-Instruct,Qwen2.5,base,5,10,FVQ,ordinal,k1,1,all,expected,0.1,21,0.583333,0.0656632173095014,0.009710997479257903,18.377046095954846,0.16784330445480994,5,False,5315,0.02,raw,lora_intervention/experiments/linear_probing/results_probe50/Qwen2.5-3B-Instruct_5k_10u/probe_fits_ref.json,
Qwen2.5-3B-Instruct,Qwen2.5,base,5,10,FVQ,ordinal,k1,1,all,expected,0.1,22,0.611111,0.07563499529633114,0.005440012152323974,17.286547507055502,0.184881190840831,5,False,5315,0.02,raw,lora_intervention/experiments/linear_probing/results_probe50/Qwen2.5-3B-Instruct_5k_10u/probe_fits_ref.json,
Qwen2.5-3B-Instruct,Qwen2.5,base,5,10,FVQ,ordinal,k1,1,all,expected,0.1,23,0.638889,0.34129821260583254,0.010243204206070522,7.520413922859831,0.4781463929354291,5,False,5315,0.02,raw,lora_intervention/experiments/linear_probing/results_probe50/Qwen2.5-3B-Instruct_5k_10u/probe_fits_ref.json,
Qwen2.5-3B-Instruct,Qwen2.5,base,5,10,FVQ,ordinal,k1,1,all,expected,0.1,24,0.666667,0.3335841956726246,0.013164896093724118,7.5977422389463785,0.47166860498907487,5,False,5315,0.02,raw,lora_intervention/experiments/linear_probing/results_probe50/Qwen2.5-3B-Instruct_5k_10u/probe_fits_ref.json,
Qwen2.5-3B-Instruct,Qwen2.5,base,5,10,FVQ,ordinal,k1,1,all,expected,0.1,25,0.694444,0.3783631232361242,0.0069741309474508455,6.513640639698965,0.5154926091688863,5,False,5315,0.02,raw,lora_intervention/experiments/linear_probing/results_probe50/Qwen2.5-3B-Instruct_5k_10u/probe_fits_ref.json,
Qwen2.5-3B-Instruct,Qwen2.5,base,5,10,FVQ,ordinal,k1,1,all,expected,0.1,26,0.722222,0.43443085606773285,0.010397555506790664,5.124741298212606,0.5756814164923958,5,False,5315,0.02,raw,lora_intervention/experiments/linear_probing/results_probe50/Qwen2.5-3B-Instruct_5k_10u/probe_fits_ref.json,
Qwen2.5-3B-Instruct,Qwen2.5,base,5,10,FVQ,ordinal,k1,1,all,expected,0.1,27,0.75,0.5087488240827845,0.007879733430431583,4.486547507055503,0.6332842820353356,5,False,5315,0.02,raw,lora_intervention/experiments/linear_probing/results_probe50/Qwen2.5-3B-Instruct_5k_10u/probe_fits_ref.json,
Qwen2.5-3B-Instruct,Qwen2.5,base,5,10,FVQ,ordinal,k1,1,all,expected,0.1,28,0.777778,0.7017873941674506,0.005799072439293471,2.864910630291628,0.7869153715000248,5,False,5315,0.02,raw,lora_intervention/experiments/linear_probing/results_probe50/Qwen2.5-3B-Instruct_5k_10u/probe_fits_ref.json,
Qwen2.5-3B-Instruct,Qwen2.5,base,5,10,FVQ,ordinal,k1,1,all,expected,0.1,29,0.805556,0.7102539981185324,0.009848543614903038,2.7448730009407334,0.7933764018908344,5,False,5315,0.02,raw,lora_intervention/experiments/linear_probing/results_probe50/Qwen2.5-3B-Instruct_5k_10u/probe_fits_ref.json,
Qwen2.5-3B-Instruct,Qwen2.5,base,5,10,FVQ,ordinal,k1,1,all,expected,0.1,30,0.833333,0.7196613358419568,0.014850489001445828,2.5802445907808087,0.8027313813184305,5,False,5315,0.02,raw,lora_intervention/experiments/linear_probing/results_probe50/Qwen2.5-3B-Instruct_5k_10u/probe_fits_ref.json,
Qwen2.5-3B-Instruct,Qwen2.5,base,5,10,FVQ,ordinal,k1,1,all,expected,0.1,31,0.861111,0.8203198494825965,0.008157848876266714,1.7847601128880526,0.8795320020131223,5,False,5315,0.02,raw,lora_intervention/experiments/linear_probing/results_probe50/Qwen2.5-3B-Instruct_5k_10u/probe_fits_ref.json,
Qwen2.5-3B-Instruct,Qwen2.5,base,5,10,FVQ,ordinal,k1,1,all,expected,0.1,32,0.888889,0.8265286923800564,0.004061530224820867,1.852681091251176,0.8820306146813388,5,False,5315,0.02,raw,lora_intervention/experiments/linear_probing/results_probe50/Qwen2.5-3B-Instruct_5k_10u/probe_fits_ref.json,
Qwen2.5-3B-Instruct,Qwen2.5,base,5,10,FVQ,ordinal,k1,1,all,expected,0.1,33,0.916667,0.805079962370649,0.011755785024883003,1.8103480714957665,0.8714170717505226,5,False,5315,0.02,raw,lora_intervention/experiments/linear_probing/results_probe50/Qwen2.5-3B-Instruct_5k_10u/probe_fits_ref.json,
Qwen2.5-3B-Instruct,Qwen2.5,base,5,10,FVQ,ordinal,k1,1,all,expected,0.1,34,0.944444,0.78758231420508,0.00856842712077945,1.7262464722483535,0.8632843777833564,5,False,5315,0.02,raw,lora_intervention/experiments/linear_probing/results_probe50/Qwen2.5-3B-Instruct_5k_10u/probe_fits_ref.json,
Qwen2.5-3B-Instruct,Qwen2.5,base,5,10,FVQ,ordinal,k1,1,all,expected,0.1,35,0.972222,0.7892756349952963,0.009444892115154174,1.7288805268109126,0.8639179442225874,5,False,5315,0.02,raw,lora_intervention/experiments/linear_probing/results_probe50/Qwen2.5-3B-Instruct_5k_10u/probe_fits_ref.json,
Qwen2.5-3B-Instruct,Qwen2.5,base,5,10,FVQ,ordinal,k1,1,all,expected,0.1,36,1.0,0.7883349012229539,0.009920170330358661,1.712888052681091,0.8637496739973898,5,False,5315,0.02,raw,lora_intervention/experiments/linear_probing/results_probe50/Qwen2.5-3B-Instruct_5k_10u/probe_fits_ref.json,
Qwen2.5-3B-Instruct,Qwen2.5,base,5,10,FVQ,semantic,FVQ,1,all,expected,0.1,0,0.0,0.023732044144161992,0.00031927938247325576,24.327379155026318,0.09867804812765538,5,False,6152,0.02,raw,lora_intervention/experiments/linear_probing/results_probe50/Qwen2.5-3B-Instruct_5k_10u/probe_fits_ref.json,
Qwen2.5-3B-Instruct,Qwen2.5,base,5,10,FVQ,semantic,FVQ,1,all,expected,0.1,1,0.027778,0.03689934153606361,0.004619420530786772,20.423762688804793,0.12672704066690021,5,False,6152,0.02,raw,lora_intervention/experiments/linear_probing/results_probe50/Qwen2.5-3B-Instruct_5k_10u/probe_fits_ref.json,
Qwen2.5-3B-Instruct,Qwen2.5,base,5,10,FVQ,semantic,FVQ,1,all,expected,0.1,2,0.055556,0.03787442293594341,0.0027569947348099998,19.681006518594835,0.1339670649208186,5,False,6152,0.02,raw,lora_intervention/experiments/linear_probing/results_probe50/Qwen2.5-3B-Instruct_5k_10u/probe_fits_ref.json,
Qwen2.5-3B-Instruct,Qwen2.5,base,5,10,FVQ,semantic,FVQ,1,all,expected,0.1,3,0.083333,0.038848975979605446,0.003537925879003225,19.83887380872184,0.13291731213973948,5,False,6152,0.02,raw,lora_intervention/experiments/linear_probing/results_probe50/Qwen2.5-3B-Instruct_5k_10u/probe_fits_ref.json,
Qwen2.5-3B-Instruct,Qwen2.5,base,5,10,FVQ,semantic,FVQ,1,all,expected,0.1,4,0.111111,0.05380330618903264,0.005977504272321756,19.03638934569687,0.15098788816396227,5,False,6152,0.02,raw,lora_intervention/experiments/linear_probing/results_probe50/Qwen2.5-3B-Instruct_5k_10u/probe_fits_ref.json,
Qwen2.5-3B-Instruct,Qwen2.5,base,5,10,FVQ,semantic,FVQ,1,all,expected,0.1,5,0.138889,0.06160620290199653,0.007226168997863385,18.81570076545607,0.16023176941208117,5,False,6152,0.02,raw,lora_intervention/experiments/linear_probing/results_probe50/Qwen2.5-3B-Instruct_5k_10u/probe_fits_ref.json,
Qwen2.5-3B-Instruct,Qwen2.5,base,5,10,FVQ,semantic,FVQ,1,all,expected,0.1,6,0.166667,0.05851756454201422,0.005415966712745731,18.82790183141474,0.15863146968468525,5,False,6152,0.02,raw,lora_intervention/experiments/linear_probing/results_probe50/Qwen2.5-3B-Instruct_5k_10u/probe_fits_ref.json,
Qwen2.5-3B-Instruct,Qwen2.5,base,5,10,FVQ,semantic,FVQ,1,all,expected,0.1,7,0.194444,0.060144373336503465,0.008534383413421701,18.937123760839558,0.1572479679941148,5,False,6152,0.02,raw,lora_intervention/experiments/linear_probing/results_probe50/Qwen2.5-3B-Instruct_5k_10u/probe_fits_ref.json,
Qwen2.5-3B-Instruct,Qwen2.5,base,5,10,FVQ,semantic,FVQ,1,all,expected,0.1,8,0.222222,0.058356019628433495,0.007500204890369595,19.259780732169627,0.15444543215236087,5,False,6152,0.02,raw,lora_intervention/experiments/linear_probing/results_probe50/Qwen2.5-3B-Instruct_5k_10u/probe_fits_ref.json,
Qwen2.5-3B-Instruct,Qwen2.5,base,5,10,FVQ,semantic,FVQ,1,all,expected,0.1,9,0.25,0.0690842926300912,0.006137826902513411,18.36051343015461,0.17038803492175097,5,False,6152,0.02,raw,lora_intervention/experiments/linear_probing/results_probe50/Qwen2.5-3B-Instruct_5k_10u/probe_fits_ref.json,
Qwen2.5-3B-Instruct,Qwen2.5,base,5,10,FVQ,semantic,FVQ,1,all,expected,0.1,10,0.277778,0.0650192519796847,0.006333942811705456,18.510871193358565,0.1659643554011212,5,False,6152,0.02,raw,lora_intervention/experiments/linear_probing/results_probe50/Qwen2.5-3B-Instruct_5k_10u/probe_fits_ref.json,
Qwen2.5-3B-Instruct,Qwen2.5,base,5,10,FVQ,semantic,FVQ,1,all,expected,0.1,11,0.305556,0.06615799171801628,0.0061463528362490465,18.203500359942677,0.17084138120583398,5,False,6152,0.02,raw,lora_intervention/experiments/linear_probing/results_probe50/Qwen2.5-3B-Instruct_5k_10u/probe_fits_ref.json,
Qwen2.5-3B-Instruct,Qwen2.5,base,5,10,FVQ,semantic,FVQ,1,all,expected,0.1,12,0.333333,0.0707099126230905,0.00966439845116553,18.12419739388296,0.1741011344387415,5,False,6152,0.02,raw,lora_intervention/experiments/linear_probing/results_probe50/Qwen2.5-3B-Instruct_5k_10u/probe_fits_ref.json,
Qwen2.5-3B-Instruct,Qwen2.5,base,5,10,FVQ,semantic,FVQ,1,all,expected,0.1,13,0.361111,0.07900074630315759,0.007989111068402655,17.499582598587967,0.18701771023538377,5,False,6152,0.02,raw,lora_intervention/experiments/linear_probing/results_probe50/Qwen2.5-3B-Instruct_5k_10u/probe_fits_ref.json,
Qwen2.5-3B-Instruct,Qwen2.5,base,5,10,FVQ,semantic,FVQ,1,all,expected,0.1,14,0.388889,0.07331074610502401,0.0041780357785077766,17.65901646490064,0.17918436698568133,5,False,6152,0.02,raw,lora_intervention/experiments/linear_probing/results_probe50/Qwen2.5-3B-Instruct_5k_10u/probe_fits_ref.json,
Qwen2.5-3B-Instruct,Qwen2.5,base,5,10,FVQ,semantic,FVQ,1,all,expected,0.1,15,0.416667,0.06924742261232522,0.004963792511921281,17.77651958550455,0.1769521947674338,5,False,6152,0.02,raw,lora_intervention/experiments/linear_probing/results_probe50/Qwen2.5-3B-Instruct_5k_10u/probe_fits_ref.json,
Qwen2.5-3B-Instruct,Qwen2.5,base,5,10,FVQ,semantic,FVQ,1,all,expected,0.1,16,0.444444,0.07623717910615338,0.007633001926227566,17.68316709925832,0.1826842282698404,5,False,6152,0.02,raw,lora_intervention/experiments/linear_probing/results_probe50/Qwen2.5-3B-Instruct_5k_10u/probe_fits_ref.json,
Qwen2.5-3B-Instruct,Qwen2.5,base,5,10,FVQ,semantic,FVQ,1,all,expected,0.1,17,0.472222,0.07656172191291369,0.003414099598842912,17.523367742532013,0.18301610257212722,5,False,6152,0.02,raw,lora_intervention/experiments/linear_probing/results_probe50/Qwen2.5-3B-Instruct_5k_10u/probe_fits_ref.json,
Qwen2.5-3B-Instruct,Qwen2.5,base,5,10,FVQ,semantic,FVQ,1,all,expected,0.1,18,0.5,0.07737367333055947,0.005381705341986229,17.02199124249569,0.18710311165485488,5,False,6152,0.02,raw,lora_intervention/experiments/linear_probing/results_probe50/Qwen2.5-3B-Instruct_5k_10u/probe_fits_ref.json,
Qwen2.5-3B-Instruct,Qwen2.5,base,5,10,FVQ,semantic,FVQ,1,all,expected,0.1,19,0.527778,0.07607259614432049,0.003963486877849013,16.908687629199605,0.18648511537712578,5,False,6152,0.02,raw,lora_intervention/experiments/linear_probing/results_probe50/Qwen2.5-3B-Instruct_5k_10u/probe_fits_ref.json,
Qwen2.5-3B-Instruct,Qwen2.5,base,5,10,FVQ,semantic,FVQ,1,all,expected,0.1,20,0.555556,0.06924583754367195,0.003996313191484566,17.105795275174522,0.18313763771583913,5,False,6152,0.02,raw,lora_intervention/experiments/linear_probing/results_probe50/Qwen2.5-3B-Instruct_5k_10u/probe_fits_ref.json,
Qwen2.5-3B-Instruct,Qwen2.5,base,5,10,FVQ,semantic,FVQ,1,all,expected,0.1,21,0.583333,0.06973126481874078,0.007163899598991901,17.628382767661957,0.17715448763633082,5,False,6152,0.02,raw,lora_intervention/experiments/linear_probing/results_probe50/Qwen2.5-3B-Instruct_5k_10u/probe_fits_ref.json,
Qwen2.5-3B-Instruct,Qwen2.5,base,5,10,FVQ,semantic,FVQ,1,all,expected,0.1,22,0.611111,0.08842556451559642,0.004977803371935819,16.640598231327562,0.2006825702911114,5,False,6152,0.02,raw,lora_intervention/experiments/linear_probing/results_probe50/Qwen2.5-3B-Instruct_5k_10u/probe_fits_ref.json,
Qwen2.5-3B-Instruct,Qwen2.5,base,5,10,FVQ,semantic,FVQ,1,all,expected,0.1,23,0.638889,0.39824427228837683,0.008664276451208021,6.393649554529665,0.5307174143453188,5,False,6152,0.02,raw,lora_intervention/experiments/linear_probing/results_probe50/Qwen2.5-3B-Instruct_5k_10u/probe_fits_ref.json,
Qwen2.5-3B-Instruct,Qwen2.5,base,5,10,FVQ,semantic,FVQ,1,all,expected,0.1,24,0.666667,0.3819908462285273,0.009527263142945833,6.4988159537159955,0.5182974924631137,5,False,6152,0.02,raw,lora_intervention/experiments/linear_probing/results_probe50/Qwen2.5-3B-Instruct_5k_10u/probe_fits_ref.json,
Qwen2.5-3B-Instruct,Qwen2.5,base,5,10,FVQ,semantic,FVQ,1,all,expected,0.1,25,0.694444,0.42035148897386615,0.00674899733676702,5.6402806892406865,0.5556795024733086,5,False,6152,0.02,raw,lora_intervention/experiments/linear_probing/results_probe50/Qwen2.5-3B-Instruct_5k_10u/probe_fits_ref.json,
Qwen2.5-3B-Instruct,Qwen2.5,base,5,10,FVQ,semantic,FVQ,1,all,expected,0.1,26,0.722222,0.4813063607484166,0.0066901336944073615,4.447985443786201,0.6162763038647308,5,False,6152,0.02,raw,lora_intervention/experiments/linear_probing/results_probe50/Qwen2.5-3B-Instruct_5k_10u/probe_fits_ref.json,
Qwen2.5-3B-Instruct,Qwen2.5,base,5,10,FVQ,semantic,FVQ,1,all,expected,0.1,27,0.75,0.5622574019403882,0.01965395642319159,3.7605913626967302,0.6804844282065229,5,False,6152,0.02,raw,lora_intervention/experiments/linear_probing/results_probe50/Qwen2.5-3B-Instruct_5k_10u/probe_fits_ref.json,
Qwen2.5-3B-Instruct,Qwen2.5,base,5,10,FVQ,semantic,FVQ,1,all,expected,0.1,28,0.777778,0.7447995878821501,0.012841526235949025,2.4530572672095525,0.820055051491375,5,False,6152,0.02,raw,lora_intervention/experiments/linear_probing/results_probe50/Qwen2.5-3B-Instruct_5k_10u/probe_fits_ref.json,
Qwen2.5-3B-Instruct,Qwen2.5,base,5,10,FVQ,semantic,FVQ,1,all,expected,0.1,29,0.805556,0.747239536895775,0.011750826980560175,2.3615212696399914,0.8237208048504835,5,False,6152,0.02,raw,lora_intervention/experiments/linear_probing/results_probe50/Qwen2.5-3B-Instruct_5k_10u/probe_fits_ref.json,
Qwen2.5-3B-Instruct,Qwen2.5,base,5,10,FVQ,semantic,FVQ,1,all,expected,0.1,30,0.833333,0.7696693150522081,0.005114951427014819,2.2048122684313762,0.8392332366787446,5,False,6152,0.02,raw,lora_intervention/experiments/linear_probing/results_probe50/Qwen2.5-3B-Instruct_5k_10u/probe_fits_ref.json,
Qwen2.5-3B-Instruct,Qwen2.5,base,5,10,FVQ,semantic,FVQ,1,all,expected,0.1,31,0.861111,0.8528957222959719,0.007985634925765822,1.5799673740035531,0.9035972689253924,5,False,6152,0.02,raw,lora_intervention/experiments/linear_probing/results_probe50/Qwen2.5-3B-Instruct_5k_10u/probe_fits_ref.json,
Qwen2.5-3B-Instruct,Qwen2.5,base,5,10,FVQ,semantic,FVQ,1,all,expected,0.1,32,0.888889,0.8585836090692345,0.006797762873787498,1.6217357822644025,0.9062180513281403,5,False,6152,0.02,raw,lora_intervention/experiments/linear_probing/results_probe50/Qwen2.5-3B-Instruct_5k_10u/probe_fits_ref.json,
Qwen2.5-3B-Instruct,Qwen2.5,base,5,10,FVQ,semantic,FVQ,1,all,expected,0.1,33,0.916667,0.831111859615753,0.009998554747063865,1.6607470956919155,0.8899249958346243,5,False,6152,0.02,raw,lora_intervention/experiments/linear_probing/results_probe50/Qwen2.5-3B-Instruct_5k_10u/probe_fits_ref.json,
Qwen2.5-3B-Instruct,Qwen2.5,base,5,10,FVQ,semantic,FVQ,1,all,expected,0.1,34,0.944444,0.8215212696399913,0.007895376576227148,1.5750930237165899,0.8864628441883035,5,False,6152,0.02,raw,lora_intervention/experiments/linear_probing/results_probe50/Qwen2.5-3B-Instruct_5k_10u/probe_fits_ref.json,
Qwen2.5-3B-Instruct,Qwen2.5,base,5,10,FVQ,semantic,FVQ,1,all,expected,0.1,35,0.972222,0.816319206408961,0.008509747828069422,1.5793118160263648,0.8832320841778941,5,False,6152,0.02,raw,lora_intervention/experiments/linear_probing/results_probe50/Qwen2.5-3B-Instruct_5k_10u/probe_fits_ref.json,
Qwen2.5-3B-Instruct,Qwen2.5,base,5,10,FVQ,semantic,FVQ,1,all,expected,0.1,36,1.0,0.8142059136269673,0.009078399730154856,1.5812658094087033,0.8818266859078463,5,False,6152,0.02,raw,lora_intervention/experiments/linear_probing/results_probe50/Qwen2.5-3B-Instruct_5k_10u/probe_fits_ref.json,
Qwen2.5-3B-Instruct,Qwen2.5,base,5,10,IVQ,ordinal,k2,2,all,expected,0.1,0,0.0,0.03,0.0011111111111111113,23.414444444444445,0.10849663638414586,5,False,1800,0.02,raw,lora_intervention/experiments/linear_probing/results_probe50/Qwen2.5-3B-Instruct_5k_10u/probe_fits_ref.json,
Qwen2.5-3B-Instruct,Qwen2.5,base,5,10,IVQ,ordinal,k2,2,all,expected,0.1,1,0.027778,0.020555555555555556,0.0097182531580755,23.981666666666666,0.09795073796455317,5,False,1800,0.02,raw,lora_intervention/experiments/linear_probing/results_probe50/Qwen2.5-3B-Instruct_5k_10u/probe_fits_ref.json,
Qwen2.5-3B-Instruct,Qwen2.5,base,5,10,IVQ,ordinal,k2,2,all,expected,0.1,2,0.055556,0.023888888888888887,0.0037679611017362594,24.10333333333333,0.09881771118636855,5,False,1800,0.02,raw,lora_intervention/experiments/linear_probing/results_probe50/Qwen2.5-3B-Instruct_5k_10u/probe_fits_ref.json,
Qwen2.5-3B-Instruct,Qwen2.5,base,5,10,IVQ,ordinal,k2,2,all,expected,0.1,3,0.083333,0.025,0.005555555555555554,24.09277777777778,0.09839786346167105,5,False,1800,0.02,raw,lora_intervention/experiments/linear_probing/results_probe50/Qwen2.5-3B-Instruct_5k_10u/probe_fits_ref.json,
Qwen2.5-3B-Instruct,Qwen2.5,base,5,10,IVQ,ordinal,k2,2,all,expected,0.1,4,0.111111,0.028888888888888888,0.008713548411865623,24.479444444444447,0.1003603919705189,5,False,1800,0.02,raw,lora_intervention/experiments/linear_probing/results_probe50/Qwen2.5-3B-Instruct_5k_10u/probe_fits_ref.json,
Qwen2.5-3B-Instruct,Qwen2.5,base,5,10,IVQ,ordinal,k2,2,all,expected,0.1,5,0.138889,0.019444444444444445,0.004303314829119352,24.982777777777777,0.09107671372719892,5,False,1800,0.02,raw,lora_intervention/experiments/linear_probing/results_probe50/Qwen2.5-3B-Instruct_5k_10u/probe_fits_ref.json,
Qwen2.5-3B-Instruct,Qwen2.5,base,5,10,IVQ,ordinal,k2,2,all,expected,0.1,6,0.166667,0.021666666666666667,0.0032394177193585,24.87666666666667,0.09319581371071584,5,False,1800,0.02,raw,lora_intervention/experiments/linear_probing/results_probe50/Qwen2.5-3B-Instruct_5k_10u/probe_fits_ref.json,
Qwen2.5-3B-Instruct,Qwen2.5,base,5,10,IVQ,ordinal,k2,2,all,expected,0.1,7,0.194444,0.02,0.0020786985482077456,24.77111111111111,0.09287365474698059,5,False,1800,0.02,raw,lora_intervention/experiments/linear_probing/results_probe50/Qwen2.5-3B-Instruct_5k_10u/probe_fits_ref.json,
Qwen2.5-3B-Instruct,Qwen2.5,base,5,10,IVQ,ordinal,k2,2,all,expected,0.1,8,0.222222,0.021111111111111112,0.004157397096415491,24.758888888888887,0.09222689537458367,5,False,1800,0.02,raw,lora_intervention/experiments/linear_probing/results_probe50/Qwen2.5-3B-Instruct_5k_10u/probe_fits_ref.json,
Qwen2.5-3B-Instruct,Qwen2.5,base,5,10,IVQ,ordinal,k2,2,all,expected,0.1,9,0.25,0.021111111111111112,0.003333333333333334,24.671666666666667,0.0930196279068999,5,False,1800,0.02,raw,lora_intervention/experiments/linear_probing/results_probe50/Qwen2.5-3B-Instruct_5k_10u/probe_fits_ref.json,
Qwen2.5-3B-Instruct,Qwen2.5,base,5,10,IVQ,ordinal,k2,2,all,expected,0.1,10,0.277778,0.024444444444444446,0.004779069592801459,24.571111111111115,0.09505662094446475,5,False,1800,0.02,raw,lora_intervention/experiments/linear_probing/results_probe50/Qwen2.5-3B-Instruct_5k_10u/probe_fits_ref.json,
Qwen2.5-3B-Instruct,Qwen2.5,base,5,10,IVQ,ordinal,k2,2,all,expected,0.1,11,0.305556,0.021111111111111115,0.004157397096415491,24.613333333333333,0.09389539086330087,5,False,1800,0.02,raw,lora_intervention/experiments/linear_probing/results_probe50/Qwen2.5-3B-Instruct_5k_10u/probe_fits_ref.json,
Qwen2.5-3B-Instruct,Qwen2.5,base,5,10,IVQ,ordinal,k2,2,all,expected,0.1,12,0.333333,0.02222222222222222,0.007027283689263065,24.496666666666666,0.09412363228169833,5,False,1800,0.02,raw,lora_intervention/experiments/linear_probing/results_probe50/Qwen2.5-3B-Instruct_5k_10u/probe_fits_ref.json,
Qwen2.5-3B-Instruct,Qwen2.5,base,5,10,IVQ,ordinal,k2,2,all,expected,0.1,13,0.361111,0.021666666666666667,0.006431020501550124,24.42388888888889,0.0926786077313707,5,False,1800,0.02,raw,lora_intervention/experiments/linear_probing/results_probe50/Qwen2.5-3B-Instruct_5k_10u/probe_fits_ref.json,
Qwen2.5-3B-Instruct,Qwen2.5,base,5,10,IVQ,ordinal,k2,2,all,expected,0.1,14,0.388889,0.024444444444444442,0.0075359222034725205,24.249444444444446,0.09639833785331892,5,False,1800,0.02,raw,lora_intervention/experiments/linear_probing/results_probe50/Qwen2.5-3B-Instruct_5k_10u/probe_fits_ref.json,
Qwen2.5-3B-Instruct,Qwen2.5,base,5,10,IVQ,ordinal,k2,2,all,expected,0.1,15,0.416667,0.021111111111111112,0.0028327886186626586,24.33777777777778,0.09430182890452062,5,False,1800,0.02,raw,lora_intervention/experiments/linear_probing/results_probe50/Qwen2.5-3B-Instruct_5k_10u/probe_fits_ref.json,
Qwen2.5-3B-Instruct,Qwen2.5,base,5,10,IVQ,ordinal,k2,2,all,expected,0.1,16,0.444444,0.021111111111111115,0.005443310539518173,24.42277777777778,0.09429950107998042,5,False,1800,0.02,raw,lora_intervention/experiments/linear_probing/results_probe50/Qwen2.5-3B-Instruct_5k_10u/probe_fits_ref.json,
Qwen2.5-3B-Instruct,Qwen2.5,base,5,10,IVQ,ordinal,k2,2,all,expected,0.1,17,0.472222,0.01611111111111111,0.0027216552697590865,24.58388888888889,0.09334184519513491,5,False,1800,0.02,raw,lora_intervention/experiments/linear_probing/results_probe50/Qwen2.5-3B-Instruct_5k_10u/probe_fits_ref.json,
Qwen2.5-3B-Instruct,Qwen2.5,base,5,10,IVQ,ordinal,k2,2,all,expected,0.1,18,0.5,0.02277777777777778,0.00538631095268481,24.475555555555555,0.09660365617731322,5,False,1800,0.02,raw,lora_intervention/experiments/linear_probing/results_probe50/Qwen2.5-3B-Instruct_5k_10u/probe_fits_ref.json,
Qwen2.5-3B-Instruct,Qwen2.5,base,5,10,IVQ,ordinal,k2,2,all,expected,0.1,19,0.527778,0.024444444444444446,0.004779069592801459,24.640000000000004,0.09698647586068944,5,False,1800,0.02,raw,lora_intervention/experiments/linear_probing/results_probe50/Qwen2.5-3B-Instruct_5k_10u/probe_fits_ref.json,
Qwen2.5-3B-Instruct,Qwen2.5,base,5,10,IVQ,ordinal,k2,2,all,expected,0.1,20,0.555556,0.024444444444444446,0.008314794192830979,24.463888888888885,0.09867409720373706,5,False,1800,0.02,raw,lora_intervention/experiments/linear_probing/results_probe50/Qwen2.5-3B-Instruct_5k_10u/probe_fits_ref.json,
Qwen2.5-3B-Instruct,Qwen2.5,base,5,10,IVQ,ordinal,k2,2,all,expected,0.1,21,0.583333,0.03222222222222222,0.01003081671403766,24.063333333333336,0.1062831535636209,5,False,1800,0.02,raw,lora_intervention/experiments/linear_probing/results_probe50/Qwen2.5-3B-Instruct_5k_10u/probe_fits_ref.json,
Qwen2.5-3B-Instruct,Qwen2.5,base,5,10,IVQ,ordinal,k2,2,all,expected,0.1,22,0.611111,0.03222222222222222,0.005719794522770555,22.965555555555557,0.11393203290598941,5,False,1800,0.02,raw,lora_intervention/experiments/linear_probing/results_probe50/Qwen2.5-3B-Instruct_5k_10u/probe_fits_ref.json,
Qwen2.5-3B-Instruct,Qwen2.5,base,5,10,IVQ,ordinal,k2,2,all,expected,0.1,23,0.638889,0.04111111111111111,0.009525793444156804,21.318333333333335,0.12690736428831578,5,False,1800,0.02,raw,lora_intervention/experiments/linear_probing/results_probe50/Qwen2.5-3B-Instruct_5k_10u/probe_fits_ref.json,
Qwen2.5-3B-Instruct,Qwen2.5,base,5,10,IVQ,ordinal,k2,2,all,expected,0.1,24,0.666667,0.03888888888888889,0.008784104611578832,21.708333333333336,0.12358726000040135,5,False,1800,0.02,raw,lora_intervention/experiments/linear_probing/results_probe50/Qwen2.5-3B-Instruct_5k_10u/probe_fits_ref.json,
Qwen2.5-3B-Instruct,Qwen2.5,base,5,10,IVQ,ordinal,k2,2,all,expected,0.1,25,0.694444,0.045,0.009196080754026028,20.644444444444446,0.13714591378174515,5,False,1800,0.02,raw,lora_intervention/experiments/linear_probing/results_probe50/Qwen2.5-3B-Instruct_5k_10u/probe_fits_ref.json,
Qwen2.5-3B-Instruct,Qwen2.5,base,5,10,IVQ,ordinal,k2,2,all,expected,0.1,26,0.722222,0.06444444444444444,0.009525793444156803,18.265555555555558,0.17255559873440937,5,False,1800,0.02,raw,lora_intervention/experiments/linear_probing/results_probe50/Qwen2.5-3B-Instruct_5k_10u/probe_fits_ref.json,
Qwen2.5-3B-Instruct,Qwen2.5,base,5,10,IVQ,ordinal,k2,2,all,expected,0.1,27,0.75,0.05333333333333333,0.009196080754026026,20.64333333333333,0.14761908915652103,5,False,1800,0.02,raw,lora_intervention/experiments/linear_probing/results_probe50/Qwen2.5-3B-Instruct_5k_10u/probe_fits_ref.json,
Qwen2.5-3B-Instruct,Qwen2.5,base,5,10,IVQ,ordinal,k2,2,all,expected,0.1,28,0.777778,0.1661111111111111,0.008314794192830982,14.044999999999998,0.2869972381003749,5,False,1800,0.02,raw,lora_intervention/experiments/linear_probing/results_probe50/Qwen2.5-3B-Instruct_5k_10u/probe_fits_ref.json,
Qwen2.5-3B-Instruct,Qwen2.5,base,5,10,IVQ,ordinal,k2,2,all,expected,0.1,29,0.805556,0.24944444444444444,0.017427096823731246,10.729444444444445,0.37970368241874203,5,False,1800,0.02,raw,lora_intervention/experiments/linear_probing/results_probe50/Qwen2.5-3B-Instruct_5k_10u/probe_fits_ref.json,
Qwen2.5-3B-Instruct,Qwen2.5,base,5,10,IVQ,ordinal,k2,2,all,expected,0.1,30,0.833333,0.25666666666666665,0.021198648920376564,10.463333333333333,0.386680727920481,5,False,1800,0.02,raw,lora_intervention/experiments/linear_probing/results_probe50/Qwen2.5-3B-Instruct_5k_10u/probe_fits_ref.json,
Qwen2.5-3B-Instruct,Qwen2.5,base,5,10,IVQ,ordinal,k2,2,all,expected,0.1,31,0.861111,0.2533333333333333,0.01911627837120583,9.385555555555555,0.394773783886402,5,False,1800,0.02,raw,lora_intervention/experiments/linear_probing/results_probe50/Qwen2.5-3B-Instruct_5k_10u/probe_fits_ref.json,
Qwen2.5-3B-Instruct,Qwen2.5,base,5,10,IVQ,ordinal,k2,2,all,expected,0.1,32,0.888889,0.2877777777777778,0.03289526965130547,7.707222222222223,0.44599673541242846,5,False,1800,0.02,raw,lora_intervention/experiments/linear_probing/results_probe50/Qwen2.5-3B-Instruct_5k_10u/probe_fits_ref.json,
Qwen2.5-3B-Instruct,Qwen2.5,base,5,10,IVQ,ordinal,k2,2,all,expected,0.1,33,0.916667,0.29888888888888887,0.02690862452958296,5.821111111111111,0.4783038681271682,5,False,1800,0.02,raw,lora_intervention/experiments/linear_probing/results_probe50/Qwen2.5-3B-Instruct_5k_10u/probe_fits_ref.json,
Qwen2.5-3B-Instruct,Qwen2.5,base,5,10,IVQ,ordinal,k2,2,all,expected,0.1,34,0.944444,0.275,0.028544961285922505,5.060555555555555,0.47295743143252655,5,False,1800,0.02,raw,lora_intervention/experiments/linear_probing/results_probe50/Qwen2.5-3B-Instruct_5k_10u/probe_fits_ref.json,
Qwen2.5-3B-Instruct,Qwen2.5,base,5,10,IVQ,ordinal,k2,2,all,expected,0.1,35,0.972222,0.2761111111111111,0.025915341754867992,4.892777777777778,0.47613997130490626,5,False,1800,0.02,raw,lora_intervention/experiments/linear_probing/results_probe50/Qwen2.5-3B-Instruct_5k_10u/probe_fits_ref.json,
Qwen2.5-3B-Instruct,Qwen2.5,base,5,10,IVQ,ordinal,k2,2,all,expected,0.1,36,1.0,0.27055555555555555,0.02769989080515091,4.661666666666667,0.47726387847746016,5,False,1800,0.02,raw,lora_intervention/experiments/linear_probing/results_probe50/Qwen2.5-3B-Instruct_5k_10u/probe_fits_ref.json,
Qwen2.5-3B-Instruct,Qwen2.5,base,5,10,IVQ,ordinal,k3,3,all,expected,0.1,0,0.0,0.027380952380952377,0.0011904761904761904,23.369642857142857,0.10595070222807967,5,False,1680,0.02,raw,lora_intervention/experiments/linear_probing/results_probe50/Qwen2.5-3B-Instruct_5k_10u/probe_fits_ref.json,
Qwen2.5-3B-Instruct,Qwen2.5,base,5,10,IVQ,ordinal,k3,3,all,expected,0.1,1,0.027778,0.017857142857142856,0.008204790923863227,24.89107142857143,0.08936981908788758,5,False,1680,0.02,raw,lora_intervention/experiments/linear_probing/results_probe50/Qwen2.5-3B-Instruct_5k_10u/probe_fits_ref.json,
Qwen2.5-3B-Instruct,Qwen2.5,base,5,10,IVQ,ordinal,k3,3,all,expected,0.1,2,0.055556,0.01607142857142857,0.003035130662852848,24.805357142857144,0.08695669116984805,5,False,1680,0.02,raw,lora_intervention/experiments/linear_probing/results_probe50/Qwen2.5-3B-Instruct_5k_10u/probe_fits_ref.json,
Qwen2.5-3B-Instruct,Qwen2.5,base,5,10,IVQ,ordinal,k3,3,all,expected,0.1,3,0.083333,0.021428571428571425,0.0047619047619047615,25.169642857142854,0.09019385125906718,5,False,1680,0.02,raw,lora_intervention/experiments/linear_probing/results_probe50/Qwen2.5-3B-Instruct_5k_10u/probe_fits_ref.json,
Qwen2.5-3B-Instruct,Qwen2.5,base,5,10,IVQ,ordinal,k3,3,all,expected,0.1,4,0.111111,0.019047619047619046,0.006681531047810609,25.69761904761905,0.08679839257850486,5,False,1680,0.02,raw,lora_intervention/experiments/linear_probing/results_probe50/Qwen2.5-3B-Instruct_5k_10u/probe_fits_ref.json,
Qwen2.5-3B-Instruct,Qwen2.5,base,5,10,IVQ,ordinal,k3,3,all,expected,0.1,5,0.138889,0.018452380952380953,0.0034708046993126786,25.764880952380953,0.08752103768600235,5,False,1680,0.02,raw,lora_intervention/experiments/linear_probing/results_probe50/Qwen2.5-3B-Instruct_5k_10u/probe_fits_ref.json,
Qwen2.5-3B-Instruct,Qwen2.5,base,5,10,IVQ,ordinal,k3,3,all,expected,0.1,6,0.166667,0.017857142857142856,0.008204790923863227,25.747619047619047,0.08528054488564477,5,False,1680,0.02,raw,lora_intervention/experiments/linear_probing/results_probe50/Qwen2.5-3B-Instruct_5k_10u/probe_fits_ref.json,
Qwen2.5-3B-Instruct,Qwen2.5,base,5,10,IVQ,ordinal,k3,3,all,expected,0.1,7,0.194444,0.01488095238095238,0.006242909810536617,25.736904761904764,0.08583015585703543,5,False,1680,0.02,raw,lora_intervention/experiments/linear_probing/results_probe50/Qwen2.5-3B-Instruct_5k_10u/probe_fits_ref.json,
Qwen2.5-3B-Instruct,Qwen2.5,base,5,10,IVQ,ordinal,k3,3,all,expected,0.1,8,0.222222,0.020833333333333332,0.007529232524210426,25.969047619047622,0.08760105946434447,5,False,1680,0.02,raw,lora_intervention/experiments/linear_probing/results_probe50/Qwen2.5-3B-Instruct_5k_10u/probe_fits_ref.json,
Qwen2.5-3B-Instruct,Qwen2.5,base,5,10,IVQ,ordinal,k3,3,all,expected,0.1,9,0.25,0.01964285714285714,0.0044543540318737395,25.72559523809524,0.08627600698960945,5,False,1680,0.02,raw,lora_intervention/experiments/linear_probing/results_probe50/Qwen2.5-3B-Instruct_5k_10u/probe_fits_ref.json,
Qwen2.5-3B-Instruct,Qwen2.5,base,5,10,IVQ,ordinal,k3,3,all,expected,0.1,10,0.277778,0.01964285714285714,0.0035714285714285713,25.516666666666666,0.08799260606884954,5,False,1680,0.02,raw,lora_intervention/experiments/linear_probing/results_probe50/Qwen2.5-3B-Instruct_5k_10u/probe_fits_ref.json,
Qwen2.5-3B-Instruct,Qwen2.5,base,5,10,IVQ,ordinal,k3,3,all,expected,0.1,11,0.305556,0.01845238095238095,0.010031130682352807,25.564880952380953,0.08780728541873083,5,False,1680,0.02,raw,lora_intervention/experiments/linear_probing/results_probe50/Qwen2.5-3B-Instruct_5k_10u/probe_fits_ref.json,
Qwen2.5-3B-Instruct,Qwen2.5,base,5,10,IVQ,ordinal,k3,3,all,expected,0.1,12,0.333333,0.018452380952380953,0.008074202360863415,25.485119047619044,0.08680556934462123,5,False,1680,0.02,raw,lora_intervention/experiments/linear_probing/results_probe50/Qwen2.5-3B-Instruct_5k_10u/probe_fits_ref.json,
Qwen2.5-3B-Instruct,Qwen2.5,base,5,10,IVQ,ordinal,k3,3,all,expected,0.1,13,0.361111,0.02142857142857143,0.00545544725589981,25.37083333333333,0.0883876736781667,5,False,1680,0.02,raw,lora_intervention/experiments/linear_probing/results_probe50/Qwen2.5-3B-Instruct_5k_10u/probe_fits_ref.json,
Qwen2.5-3B-Instruct,Qwen2.5,base,5,10,IVQ,ordinal,k3,3,all,expected,0.1,14,0.388889,0.02321428571428571,0.008290707307847691,25.357738095238098,0.09245296507813965,5,False,1680,0.02,raw,lora_intervention/experiments/linear_probing/results_probe50/Qwen2.5-3B-Instruct_5k_10u/probe_fits_ref.json,
Qwen2.5-3B-Instruct,Qwen2.5,base,5,10,IVQ,ordinal,k3,3,all,expected,0.1,15,0.416667,0.022023809523809522,0.005832118435198044,25.479761904761908,0.08975788275772173,5,False,1680,0.02,raw,lora_intervention/experiments/linear_probing/results_probe50/Qwen2.5-3B-Instruct_5k_10u/probe_fits_ref.json,
Qwen2.5-3B-Instruct,Qwen2.5,base,5,10,IVQ,ordinal,k3,3,all,expected,0.1,16,0.444444,0.016666666666666663,0.003035130662852848,25.64761904761905,0.08398231682200033,5,False,1680,0.02,raw,lora_intervention/experiments/linear_probing/results_probe50/Qwen2.5-3B-Instruct_5k_10u/probe_fits_ref.json,
Qwen2.5-3B-Instruct,Qwen2.5,base,5,10,IVQ,ordinal,k3,3,all,expected,0.1,17,0.472222,0.013690476190476189,0.008948390701412444,25.46666666666667,0.08378338094470036,5,False,1680,0.02,raw,lora_intervention/experiments/linear_probing/results_probe50/Qwen2.5-3B-Instruct_5k_10u/probe_fits_ref.json,
Qwen2.5-3B-Instruct,Qwen2.5,base,5,10,IVQ,ordinal,k3,3,all,expected,0.1,18,0.5,0.015476190476190473,0.0047619047619047615,25.561904761904763,0.0847021214577434,5,False,1680,0.02,raw,lora_intervention/experiments/linear_probing/results_probe50/Qwen2.5-3B-Instruct_5k_10u/probe_fits_ref.json,
Qwen2.5-3B-Instruct,Qwen2.5,base,5,10,IVQ,ordinal,k3,3,all,expected,0.1,19,0.527778,0.019642857142857142,0.006128351274397024,25.297619047619047,0.09054614727652201,5,False,1680,0.02,raw,lora_intervention/experiments/linear_probing/results_probe50/Qwen2.5-3B-Instruct_5k_10u/probe_fits_ref.json,
Qwen2.5-3B-Instruct,Qwen2.5,base,5,10,IVQ,ordinal,k3,3,all,expected,0.1,20,0.555556,0.020238095238095236,0.0022271770159368693,25.095238095238095,0.09108547707334544,5,False,1680,0.02,raw,lora_intervention/experiments/linear_probing/results_probe50/Qwen2.5-3B-Instruct_5k_10u/probe_fits_ref.json,
Qwen2.5-3B-Instruct,Qwen2.5,base,5,10,IVQ,ordinal,k3,3,all,expected,0.1,21,0.583333,0.02083333333333333,0.0026619856874997494,25.12559523809524,0.09347174729138234,5,False,1680,0.02,raw,lora_intervention/experiments/linear_probing/results_probe50/Qwen2.5-3B-Instruct_5k_10u/probe_fits_ref.json,
Qwen2.5-3B-Instruct,Qwen2.5,base,5,10,IVQ,ordinal,k3,3,all,expected,0.1,22,0.611111,0.023214285714285715,0.006890379108803707,24.46845238095238,0.09836201556980287,5,False,1680,0.02,raw,lora_intervention/experiments/linear_probing/results_probe50/Qwen2.5-3B-Instruct_5k_10u/probe_fits_ref.json,
Qwen2.5-3B-Instruct,Qwen2.5,base,5,10,IVQ,ordinal,k3,3,all,expected,0.1,23,0.638889,0.02797619047619047,0.008543273865718645,23.82559523809524,0.10532214893253367,5,False,1680,0.02,raw,lora_intervention/experiments/linear_probing/results_probe50/Qwen2.5-3B-Instruct_5k_10u/probe_fits_ref.json,
Qwen2.5-3B-Instruct,Qwen2.5,base,5,10,IVQ,ordinal,k3,3,all,expected,0.1,24,0.666667,0.029166666666666667,0.010206207261596574,24.45,0.10244212579688634,5,False,1680,0.02,raw,lora_intervention/experiments/linear_probing/results_probe50/Qwen2.5-3B-Instruct_5k_10u/probe_fits_ref.json,
Qwen2.5-3B-Instruct,Qwen2.5,base,5,10,IVQ,ordinal,k3,3,all,expected,0.1,25,0.694444,0.029166666666666664,0.012256702548794048,24.157738095238095,0.10390854186314731,5,False,1680,0.02,raw,lora_intervention/experiments/linear_probing/results_probe50/Qwen2.5-3B-Instruct_5k_10u/probe_fits_ref.json,
Qwen2.5-3B-Instruct,Qwen2.5,base,5,10,IVQ,ordinal,k3,3,all,expected,0.1,26,0.722222,0.03214285714285714,0.01151135690822245,23.76011904761905,0.10876672076393372,5,False,1680,0.02,raw,lora_intervention/experiments/linear_probing/results_probe50/Qwen2.5-3B-Instruct_5k_10u/probe_fits_ref.json,
Qwen2.5-3B-Instruct,Qwen2.5,base,5,10,IVQ,ordinal,k3,3,all,expected,0.1,27,0.75,0.02857142857142857,0.01453161382825441,24.827380952380956,0.1007726642595956,5,False,1680,0.02,raw,lora_intervention/experiments/linear_probing/results_probe50/Qwen2.5-3B-Instruct_5k_10u/probe_fits_ref.json,
Qwen2.5-3B-Instruct,Qwen2.5,base,5,10,IVQ,ordinal,k3,3,all,expected,0.1,28,0.777778,0.06785714285714287,0.010206207261596574,19.51190476190476,0.16722574953789668,5,False,1680,0.02,raw,lora_intervention/experiments/linear_probing/results_probe50/Qwen2.5-3B-Instruct_5k_10u/probe_fits_ref.json,
Qwen2.5-3B-Instruct,Qwen2.5,base,5,10,IVQ,ordinal,k3,3,all,expected,0.1,29,0.805556,0.16488095238095238,0.014035507288751895,14.375,0.2882720298914627,5,False,1680,0.02,raw,lora_intervention/experiments/linear_probing/results_probe50/Qwen2.5-3B-Instruct_5k_10u/probe_fits_ref.json,
Qwen2.5-3B-Instruct,Qwen2.5,base,5,10,IVQ,ordinal,k3,3,all,expected,0.1,30,0.833333,0.17261904761904762,0.01144963337004247,13.452976190476189,0.2986004433771159,5,False,1680,0.02,raw,lora_intervention/experiments/linear_probing/results_probe50/Qwen2.5-3B-Instruct_5k_10u/probe_fits_ref.json,
Qwen2.5-3B-Instruct,Qwen2.5,base,5,10,IVQ,ordinal,k3,3,all,expected,0.1,31,0.861111,0.1827380952380952,0.006941609398625365,12.09702380952381,0.31513154804688065,5,False,1680,0.02,raw,lora_intervention/experiments/linear_probing/results_probe50/Qwen2.5-3B-Instruct_5k_10u/probe_fits_ref.json,
Qwen2.5-3B-Instruct,Qwen2.5,base,5,10,IVQ,ordinal,k3,3,all,expected,0.1,32,0.888889,0.21428571428571427,0.009027232671489941,9.62202380952381,0.36368225652679154,5,False,1680,0.02,raw,lora_intervention/experiments/linear_probing/results_probe50/Qwen2.5-3B-Instruct_5k_10u/probe_fits_ref.json,
Qwen2.5-3B-Instruct,Qwen2.5,base,5,10,IVQ,ordinal,k3,3,all,expected,0.1,33,0.916667,0.2494047619047619,0.024643144695814825,6.236904761904762,0.43447994343960356,5,False,1680,0.02,raw,lora_intervention/experiments/linear_probing/results_probe50/Qwen2.5-3B-Instruct_5k_10u/probe_fits_ref.json,
Qwen2.5-3B-Instruct,Qwen2.5,base,5,10,IVQ,ordinal,k3,3,all,expected,0.1,34,0.944444,0.25357142857142856,0.02617694455630479,5.296428571428572,0.4502074407980651,5,False,1680,0.02,raw,lora_intervention/experiments/linear_probing/results_probe50/Qwen2.5-3B-Instruct_5k_10u/probe_fits_ref.json,
Qwen2.5-3B-Instruct,Qwen2.5,base,5,10,IVQ,ordinal,k3,3,all,expected,0.1,35,0.972222,0.2589285714285714,0.026419453596633512,5.14702380952381,0.45573205182614307,5,False,1680,0.02,raw,lora_intervention/experiments/linear_probing/results_probe50/Qwen2.5-3B-Instruct_5k_10u/probe_fits_ref.json,
Qwen2.5-3B-Instruct,Qwen2.5,base,5,10,IVQ,ordinal,k3,3,all,expected,0.1,36,1.0,0.2583333333333333,0.027303202240904087,4.971428571428571,0.4570865639057663,5,False,1680,0.02,raw,lora_intervention/experiments/linear_probing/results_probe50/Qwen2.5-3B-Instruct_5k_10u/probe_fits_ref.json,
Qwen2.5-3B-Instruct,Qwen2.5,base,5,10,IVQ,ordinal,k4,4,all,expected,0.1,0,0.0,0.026250000000000002,0.0015309310892394857,22.713749999999997,0.10811426207181744,5,False,1600,0.02,raw,lora_intervention/experiments/linear_probing/results_probe50/Qwen2.5-3B-Instruct_5k_10u/probe_fits_ref.json,
Qwen2.5-3B-Instruct,Qwen2.5,base,5,10,IVQ,ordinal,k4,4,all,expected,0.1,1,0.027778,0.020625,0.010193441518937557,24.622499999999995,0.09687110308929965,5,False,1600,0.02,raw,lora_intervention/experiments/linear_probing/results_probe50/Qwen2.5-3B-Instruct_5k_10u/probe_fits_ref.json,
Qwen2.5-3B-Instruct,Qwen2.5,base,5,10,IVQ,ordinal,k4,4,all,expected,0.1,2,0.055556,0.03125,0.010269797953221865,24.826249999999995,0.1018812373912947,5,False,1600,0.02,raw,lora_intervention/experiments/linear_probing/results_probe50/Qwen2.5-3B-Instruct_5k_10u/probe_fits_ref.json,
Qwen2.5-3B-Instruct,Qwen2.5,base,5,10,IVQ,ordinal,k4,4,all,expected,0.1,3,0.083333,0.026250000000000002,0.007551903733496607,25.014375,0.09765523381371011,5,False,1600,0.02,raw,lora_intervention/experiments/linear_probing/results_probe50/Qwen2.5-3B-Instruct_5k_10u/probe_fits_ref.json,
Qwen2.5-3B-Instruct,Qwen2.5,base,5,10,IVQ,ordinal,k4,4,all,expected,0.1,4,0.111111,0.02375,0.00875,25.249375,0.09462767451356066,5,False,1600,0.02,raw,lora_intervention/experiments/linear_probing/results_probe50/Qwen2.5-3B-Instruct_5k_10u/probe_fits_ref.json,
Qwen2.5-3B-Instruct,Qwen2.5,base,5,10,IVQ,ordinal,k4,4,all,expected,0.1,5,0.138889,0.0225,0.008244316223920575,25.14125,0.09290555809153679,5,False,1600,0.02,raw,lora_intervention/experiments/linear_probing/results_probe50/Qwen2.5-3B-Instruct_5k_10u/probe_fits_ref.json,
Qwen2.5-3B-Instruct,Qwen2.5,base,5,10,IVQ,ordinal,k4,4,all,expected,0.1,6,0.166667,0.026249999999999996,0.009395810236483067,25.081874999999997,0.09528992721925962,5,False,1600,0.02,raw,lora_intervention/experiments/linear_probing/results_probe50/Qwen2.5-3B-Instruct_5k_10u/probe_fits_ref.json,
Qwen2.5-3B-Instruct,Qwen2.5,base,5,10,IVQ,ordinal,k4,4,all,expected,0.1,7,0.194444,0.018125000000000002,0.009142961773954872,25.281875,0.0897959663311842,5,False,1600,0.02,raw,lora_intervention/experiments/linear_probing/results_probe50/Qwen2.5-3B-Instruct_5k_10u/probe_fits_ref.json,
Qwen2.5-3B-Instruct,Qwen2.5,base,5,10,IVQ,ordinal,k4,4,all,expected,0.1,8,0.222222,0.01875,0.005229125165837973,25.338749999999997,0.08956804455709041,5,False,1600,0.02,raw,lora_intervention/experiments/linear_probing/results_probe50/Qwen2.5-3B-Instruct_5k_10u/probe_fits_ref.json,
Qwen2.5-3B-Instruct,Qwen2.5,base,5,10,IVQ,ordinal,k4,4,all,expected,0.1,9,0.25,0.01875,0.00625,25.18625,0.09043555522857052,5,False,1600,0.02,raw,lora_intervention/experiments/linear_probing/results_probe50/Qwen2.5-3B-Instruct_5k_10u/probe_fits_ref.json,
Qwen2.5-3B-Instruct,Qwen2.5,base,5,10,IVQ,ordinal,k4,4,all,expected,0.1,10,0.277778,0.020625,0.007288689868556625,25.305625000000003,0.09147000286521945,5,False,1600,0.02,raw,lora_intervention/experiments/linear_probing/results_probe50/Qwen2.5-3B-Instruct_5k_10u/probe_fits_ref.json,
Qwen2.5-3B-Instruct,Qwen2.5,base,5,10,IVQ,ordinal,k4,4,all,expected,0.1,11,0.305556,0.018124999999999995,0.0077560460287442855,25.110625,0.08972923696983295,5,False,1600,0.02,raw,lora_intervention/experiments/linear_probing/results_probe50/Qwen2.5-3B-Instruct_5k_10u/probe_fits_ref.json,
Qwen2.5-3B-Instruct,Qwen2.5,base,5,10,IVQ,ordinal,k4,4,all,expected,0.1,12,0.333333,0.021875,0.00739509972887452,25.010624999999997,0.0948357031095625,5,False,1600,0.02,raw,lora_intervention/experiments/linear_probing/results_probe50/Qwen2.5-3B-Instruct_5k_10u/probe_fits_ref.json,
Qwen2.5-3B-Instruct,Qwen2.5,base,5,10,IVQ,ordinal,k4,4,all,expected,0.1,13,0.361111,0.018124999999999995,0.0077560460287442855,25.300625,0.09033721304001574,5,False,1600,0.02,raw,lora_intervention/experiments/linear_probing/results_probe50/Qwen2.5-3B-Instruct_5k_10u/probe_fits_ref.json,
Qwen2.5-3B-Instruct,Qwen2.5,base,5,10,IVQ,ordinal,k4,4,all,expected,0.1,14,0.388889,0.016875,0.004677071733467427,25.484375,0.08789764401519665,5,False,1600,0.02,raw,lora_intervention/experiments/linear_probing/results_probe50/Qwen2.5-3B-Instruct_5k_10u/probe_fits_ref.json,
Qwen2.5-3B-Instruct,Qwen2.5,base,5,10,IVQ,ordinal,k4,4,all,expected,0.1,15,0.416667,0.01875,0.005229125165837973,25.55125,0.08998034730279329,5,False,1600,0.02,raw,lora_intervention/experiments/linear_probing/results_probe50/Qwen2.5-3B-Instruct_5k_10u/probe_fits_ref.json,
Qwen2.5-3B-Instruct,Qwen2.5,base,5,10,IVQ,ordinal,k4,4,all,expected,0.1,16,0.444444,0.016875,0.008970437559004578,25.369374999999998,0.08904654611677579,5,False,1600,0.02,raw,lora_intervention/experiments/linear_probing/results_probe50/Qwen2.5-3B-Instruct_5k_10u/probe_fits_ref.json,
Qwen2.5-3B-Instruct,Qwen2.5,base,5,10,IVQ,ordinal,k4,4,all,expected,0.1,17,0.472222,0.016874999999999998,0.008749999999999999,25.18,0.08881565768551372,5,False,1600,0.02,raw,lora_intervention/experiments/linear_probing/results_probe50/Qwen2.5-3B-Instruct_5k_10u/probe_fits_ref.json,
Qwen2.5-3B-Instruct,Qwen2.5,base,5,10,IVQ,ordinal,k4,4,all,expected,0.1,18,0.5,0.01875,0.010077822185373187,25.031875000000003,0.0920661038621913,5,False,1600,0.02,raw,lora_intervention/experiments/linear_probing/results_probe50/Qwen2.5-3B-Instruct_5k_10u/probe_fits_ref.json,
Qwen2.5-3B-Instruct,Qwen2.5,base,5,10,IVQ,ordinal,k4,4,all,expected,0.1,19,0.527778,0.018125,0.011422291801560666,25.028125,0.09143652973050566,5,False,1600,0.02,raw,lora_intervention/experiments/linear_probing/results_probe50/Qwen2.5-3B-Instruct_5k_10u/probe_fits_ref.json,
Qwen2.5-3B-Instruct,Qwen2.5,base,5,10,IVQ,ordinal,k4,4,all,expected,0.1,20,0.555556,0.01625,0.006059599821770411,25.493125,0.08618717576135111,5,False,1600,0.02,raw,lora_intervention/experiments/linear_probing/results_probe50/Qwen2.5-3B-Instruct_5k_10u/probe_fits_ref.json,
Qwen2.5-3B-Instruct,Qwen2.5,base,5,10,IVQ,ordinal,k4,4,all,expected,0.1,21,0.583333,0.01625,0.0036443449342783117,25.390625,0.08522072970361955,5,False,1600,0.02,raw,lora_intervention/experiments/linear_probing/results_probe50/Qwen2.5-3B-Instruct_5k_10u/probe_fits_ref.json,
Qwen2.5-3B-Instruct,Qwen2.5,base,5,10,IVQ,ordinal,k4,4,all,expected,0.1,22,0.611111,0.01625,0.0053764532919016415,25.13125,0.08813398547659201,5,False,1600,0.02,raw,lora_intervention/experiments/linear_probing/results_probe50/Qwen2.5-3B-Instruct_5k_10u/probe_fits_ref.json,
Qwen2.5-3B-Instruct,Qwen2.5,base,5,10,IVQ,ordinal,k4,4,all,expected,0.1,23,0.638889,0.023125,0.005796011559684815,24.230624999999996,0.09440212320584841,5,False,1600,0.02,raw,lora_intervention/experiments/linear_probing/results_probe50/Qwen2.5-3B-Instruct_5k_10u/probe_fits_ref.json,
Qwen2.5-3B-Instruct,Qwen2.5,base,5,10,IVQ,ordinal,k4,4,all,expected,0.1,24,0.666667,0.0225,0.0030618621784789736,24.3525,0.09454498064836672,5,False,1600,0.02,raw,lora_intervention/experiments/linear_probing/results_probe50/Qwen2.5-3B-Instruct_5k_10u/probe_fits_ref.json,
Qwen2.5-3B-Instruct,Qwen2.5,base,5,10,IVQ,ordinal,k4,4,all,expected,0.1,25,0.694444,0.021875,0.005929270612815711,24.28625,0.09499676992207975,5,False,1600,0.02,raw,lora_intervention/experiments/linear_probing/results_probe50/Qwen2.5-3B-Instruct_5k_10u/probe_fits_ref.json,
Qwen2.5-3B-Instruct,Qwen2.5,base,5,10,IVQ,ordinal,k4,4,all,expected,0.1,26,0.722222,0.017499999999999998,0.0054486236794258425,24.19,0.09267799054723372,5,False,1600,0.02,raw,lora_intervention/experiments/linear_probing/results_probe50/Qwen2.5-3B-Instruct_5k_10u/probe_fits_ref.json,
Qwen2.5-3B-Instruct,Qwen2.5,base,5,10,IVQ,ordinal,k4,4,all,expected,0.1,27,0.75,0.021875,0.009882117688026186,24.128124999999997,0.09559260597932083,5,False,1600,0.02,raw,lora_intervention/experiments/linear_probing/results_probe50/Qwen2.5-3B-Instruct_5k_10u/probe_fits_ref.json,
Qwen2.5-3B-Instruct,Qwen2.5,base,5,10,IVQ,ordinal,k4,4,all,expected,0.1,28,0.777778,0.043125000000000004,0.008477912478906585,20.8825,0.13025738603498294,5,False,1600,0.02,raw,lora_intervention/experiments/linear_probing/results_probe50/Qwen2.5-3B-Instruct_5k_10u/probe_fits_ref.json,
Qwen2.5-3B-Instruct,Qwen2.5,base,5,10,IVQ,ordinal,k4,4,all,expected,0.1,29,0.805556,0.060625000000000005,0.011284668803292368,18.985000000000003,0.1585553919862947,5,False,1600,0.02,raw,lora_intervention/experiments/linear_probing/results_probe50/Qwen2.5-3B-Instruct_5k_10u/probe_fits_ref.json,
Qwen2.5-3B-Instruct,Qwen2.5,base,5,10,IVQ,ordinal,k4,4,all,expected,0.1,30,0.833333,0.07375000000000001,0.01405902734900249,17.738125,0.1777725476075126,5,False,1600,0.02,raw,lora_intervention/experiments/linear_probing/results_probe50/Qwen2.5-3B-Instruct_5k_10u/probe_fits_ref.json,
Qwen2.5-3B-Instruct,Qwen2.5,base,5,10,IVQ,ordinal,k4,4,all,expected,0.1,31,0.861111,0.09,0.02423839928708164,15.668124999999998,0.20541748117240752,5,False,1600,0.02,raw,lora_intervention/experiments/linear_probing/results_probe50/Qwen2.5-3B-Instruct_5k_10u/probe_fits_ref.json,
Qwen2.5-3B-Instruct,Qwen2.5,base,5,10,IVQ,ordinal,k4,4,all,expected,0.1,32,0.888889,0.1,0.026442744751632725,13.58375,0.23169487677599404,5,False,1600,0.02,raw,lora_intervention/experiments/linear_probing/results_probe50/Qwen2.5-3B-Instruct_5k_10u/probe_fits_ref.json,
Qwen2.5-3B-Instruct,Qwen2.5,base,5,10,IVQ,ordinal,k4,4,all,expected,0.1,33,0.916667,0.150625,0.020577597041442908,8.76625,0.32154422986189746,5,False,1600,0.02,raw,lora_intervention/experiments/linear_probing/results_probe50/Qwen2.5-3B-Instruct_5k_10u/probe_fits_ref.json,
Qwen2.5-3B-Instruct,Qwen2.5,base,5,10,IVQ,ordinal,k4,4,all,expected,0.1,34,0.944444,0.1575,0.028131943587317257,7.654375,0.339158749956025,5,False,1600,0.02,raw,lora_intervention/experiments/linear_probing/results_probe50/Qwen2.5-3B-Instruct_5k_10u/probe_fits_ref.json,
Qwen2.5-3B-Instruct,Qwen2.5,base,5,10,IVQ,ordinal,k4,4,all,expected,0.1,35,0.972222,0.151875,0.03190562254525055,7.4418750000000005,0.33779289755034086,5,False,1600,0.02,raw,lora_intervention/experiments/linear_probing/results_probe50/Qwen2.5-3B-Instruct_5k_10u/probe_fits_ref.json,
Qwen2.5-3B-Instruct,Qwen2.5,base,5,10,IVQ,ordinal,k4,4,all,expected,0.1,36,1.0,0.15687500000000001,0.029672693676173045,7.055,0.3463084196396503,5,False,1600,0.02,raw,lora_intervention/experiments/linear_probing/results_probe50/Qwen2.5-3B-Instruct_5k_10u/probe_fits_ref.json,
Qwen2.5-3B-Instruct,Qwen2.5,base,5,10,IVQ,ordinal,k5,5,all,expected,0.1,0,0.0,0.028965517241379312,0.0016893032708849504,22.702758620689654,0.1100727987193689,5,False,1450,0.02,raw,lora_intervention/experiments/linear_probing/results_probe50/Qwen2.5-3B-Instruct_5k_10u/probe_fits_ref.json,
Qwen2.5-3B-Instruct,Qwen2.5,base,5,10,IVQ,ordinal,k5,5,all,expected,0.1,1,0.027778,0.02,0.003378606541769901,24.093103448275862,0.09750459466942532,5,False,1450,0.02,raw,lora_intervention/experiments/linear_probing/results_probe50/Qwen2.5-3B-Instruct_5k_10u/probe_fits_ref.json,
Qwen2.5-3B-Instruct,Qwen2.5,base,5,10,IVQ,ordinal,k5,5,all,expected,0.1,2,0.055556,0.025517241379310347,0.0077413601105667754,23.689655172413794,0.10301328170985273,5,False,1450,0.02,raw,lora_intervention/experiments/linear_probing/results_probe50/Qwen2.5-3B-Instruct_5k_10u/probe_fits_ref.json,
Qwen2.5-3B-Instruct,Qwen2.5,base,5,10,IVQ,ordinal,k5,5,all,expected,0.1,3,0.083333,0.02551724137931034,0.009149309766497655,23.76137931034483,0.10341234127895624,5,False,1450,0.02,raw,lora_intervention/experiments/linear_probing/results_probe50/Qwen2.5-3B-Instruct_5k_10u/probe_fits_ref.json,
Qwen2.5-3B-Instruct,Qwen2.5,base,5,10,IVQ,ordinal,k5,5,all,expected,0.1,4,0.111111,0.021379310344827585,0.008275862068965517,24.060000000000002,0.09677863649477576,5,False,1450,0.02,raw,lora_intervention/experiments/linear_probing/results_probe50/Qwen2.5-3B-Instruct_5k_10u/probe_fits_ref.json,
Qwen2.5-3B-Instruct,Qwen2.5,base,5,10,IVQ,ordinal,k5,5,all,expected,0.1,5,0.138889,0.023448275862068966,0.005932638115201811,24.2351724137931,0.09765807872765939,5,False,1450,0.02,raw,lora_intervention/experiments/linear_probing/results_probe50/Qwen2.5-3B-Instruct_5k_10u/probe_fits_ref.json,
Qwen2.5-3B-Instruct,Qwen2.5,base,5,10,IVQ,ordinal,k5,5,all,expected,0.1,6,0.166667,0.023448275862068966,0.005932638115201811,24.344137931034478,0.0984241206926176,5,False,1450,0.02,raw,lora_intervention/experiments/linear_probing/results_probe50/Qwen2.5-3B-Instruct_5k_10u/probe_fits_ref.json,
Qwen2.5-3B-Instruct,Qwen2.5,base,5,10,IVQ,ordinal,k5,5,all,expected,0.1,7,0.194444,0.02275862068965517,0.01036779060577442,24.52,0.0992778501665033,5,False,1450,0.02,raw,lora_intervention/experiments/linear_probing/results_probe50/Qwen2.5-3B-Instruct_5k_10u/probe_fits_ref.json,
Qwen2.5-3B-Instruct,Qwen2.5,base,5,10,IVQ,ordinal,k5,5,all,expected,0.1,8,0.222222,0.019310344827586208,0.012064038403128207,24.55724137931034,0.09721712038010535,5,False,1450,0.02,raw,lora_intervention/experiments/linear_probing/results_probe50/Qwen2.5-3B-Instruct_5k_10u/probe_fits_ref.json,
Qwen2.5-3B-Instruct,Qwen2.5,base,5,10,IVQ,ordinal,k5,5,all,expected,0.1,9,0.25,0.020689655172413793,0.006896551724137931,24.42137931034483,0.09585547590048141,5,False,1450,0.02,raw,lora_intervention/experiments/linear_probing/results_probe50/Qwen2.5-3B-Instruct_5k_10u/probe_fits_ref.json,
Qwen2.5-3B-Instruct,Qwen2.5,base,5,10,IVQ,ordinal,k5,5,all,expected,0.1,10,0.277778,0.02,0.004574654883248827,24.468275862068968,0.0961920307508136,5,False,1450,0.02,raw,lora_intervention/experiments/linear_probing/results_probe50/Qwen2.5-3B-Instruct_5k_10u/probe_fits_ref.json,
Qwen2.5-3B-Instruct,Qwen2.5,base,5,10,IVQ,ordinal,k5,5,all,expected,0.1,11,0.305556,0.014482758620689656,0.0033786065417699004,24.671034482758618,0.09176876270506398,5,False,1450,0.02,raw,lora_intervention/experiments/linear_probing/results_probe50/Qwen2.5-3B-Instruct_5k_10u/probe_fits_ref.json,
Qwen2.5-3B-Instruct,Qwen2.5,base,5,10,IVQ,ordinal,k5,5,all,expected,0.1,12,0.333333,0.022068965517241378,0.008333135154203154,24.98,0.09486488553737424,5,False,1450,0.02,raw,lora_intervention/experiments/linear_probing/results_probe50/Qwen2.5-3B-Instruct_5k_10u/probe_fits_ref.json,
Qwen2.5-3B-Instruct,Qwen2.5,base,5,10,IVQ,ordinal,k5,5,all,expected,0.1,13,0.361111,0.017241379310344827,0.008160110045654643,24.60206896551724,0.09121998489121395,5,False,1450,0.02,raw,lora_intervention/experiments/linear_probing/results_probe50/Qwen2.5-3B-Instruct_5k_10u/probe_fits_ref.json,
Qwen2.5-3B-Instruct,Qwen2.5,base,5,10,IVQ,ordinal,k5,5,all,expected,0.1,14,0.388889,0.019310344827586208,0.0063955989624108305,24.837931034482757,0.09361718912457465,5,False,1450,0.02,raw,lora_intervention/experiments/linear_probing/results_probe50/Qwen2.5-3B-Instruct_5k_10u/probe_fits_ref.json,
Qwen2.5-3B-Instruct,Qwen2.5,base,5,10,IVQ,ordinal,k5,5,all,expected,0.1,15,0.416667,0.02,0.00668645497574666,24.542758620689654,0.09457808811598857,5,False,1450,0.02,raw,lora_intervention/experiments/linear_probing/results_probe50/Qwen2.5-3B-Instruct_5k_10u/probe_fits_ref.json,
Qwen2.5-3B-Instruct,Qwen2.5,base,5,10,IVQ,ordinal,k5,5,all,expected,0.1,16,0.444444,0.026206896551724135,0.006757213083539802,24.508275862068967,0.09942678736794834,5,False,1450,0.02,raw,lora_intervention/experiments/linear_probing/results_probe50/Qwen2.5-3B-Instruct_5k_10u/probe_fits_ref.json,
Qwen2.5-3B-Instruct,Qwen2.5,base,5,10,IVQ,ordinal,k5,5,all,expected,0.1,17,0.472222,0.022068965517241378,0.007427813527082074,24.559310344827587,0.09420489922254936,5,False,1450,0.02,raw,lora_intervention/experiments/linear_probing/results_probe50/Qwen2.5-3B-Instruct_5k_10u/probe_fits_ref.json,
Qwen2.5-3B-Instruct,Qwen2.5,base,5,10,IVQ,ordinal,k5,5,all,expected,0.1,18,0.5,0.022068965517241378,0.00639559896241083,24.642758620689655,0.09436882554335274,5,False,1450,0.02,raw,lora_intervention/experiments/linear_probing/results_probe50/Qwen2.5-3B-Instruct_5k_10u/probe_fits_ref.json,
Qwen2.5-3B-Instruct,Qwen2.5,base,5,10,IVQ,ordinal,k5,5,all,expected,0.1,19,0.527778,0.018620689655172412,0.008333135154203154,24.64344827586207,0.0904125958434607,5,False,1450,0.02,raw,lora_intervention/experiments/linear_probing/results_probe50/Qwen2.5-3B-Instruct_5k_10u/probe_fits_ref.json,
Qwen2.5-3B-Instruct,Qwen2.5,base,5,10,IVQ,ordinal,k5,5,all,expected,0.1,20,0.555556,0.02413793103448276,0.010459138543519379,25.042758620689654,0.09385459261264614,5,False,1450,0.02,raw,lora_intervention/experiments/linear_probing/results_probe50/Qwen2.5-3B-Instruct_5k_10u/probe_fits_ref.json,
Qwen2.5-3B-Instruct,Qwen2.5,base,5,10,IVQ,ordinal,k5,5,all,expected,0.1,21,0.583333,0.02068965517241379,0.008992003317520895,24.822758620689655,0.09175842891672545,5,False,1450,0.02,raw,lora_intervention/experiments/linear_probing/results_probe50/Qwen2.5-3B-Instruct_5k_10u/probe_fits_ref.json,
Qwen2.5-3B-Instruct,Qwen2.5,base,5,10,IVQ,ordinal,k5,5,all,expected,0.1,22,0.611111,0.01586206896551724,0.0035165651817881272,24.39793103448276,0.09181502438791077,5,False,1450,0.02,raw,lora_intervention/experiments/linear_probing/results_probe50/Qwen2.5-3B-Instruct_5k_10u/probe_fits_ref.json,
Qwen2.5-3B-Instruct,Qwen2.5,base,5,10,IVQ,ordinal,k5,5,all,expected,0.1,23,0.638889,0.018620689655172416,0.00560278510664549,24.69310344827586,0.09404388322489954,5,False,1450,0.02,raw,lora_intervention/experiments/linear_probing/results_probe50/Qwen2.5-3B-Instruct_5k_10u/probe_fits_ref.json,
Qwen2.5-3B-Instruct,Qwen2.5,base,5,10,IVQ,ordinal,k5,5,all,expected,0.1,24,0.666667,0.019310344827586208,0.004137931034482759,24.660689655172416,0.09333598144047729,5,False,1450,0.02,raw,lora_intervention/experiments/linear_probing/results_probe50/Qwen2.5-3B-Instruct_5k_10u/probe_fits_ref.json,
Qwen2.5-3B-Instruct,Qwen2.5,base,5,10,IVQ,ordinal,k5,5,all,expected,0.1,25,0.694444,0.019999999999999997,0.007679674983213823,24.45310344827586,0.09364927540335817,5,False,1450,0.02,raw,lora_intervention/experiments/linear_probing/results_probe50/Qwen2.5-3B-Instruct_5k_10u/probe_fits_ref.json,
Qwen2.5-3B-Instruct,Qwen2.5,base,5,10,IVQ,ordinal,k5,5,all,expected,0.1,26,0.722222,0.018620689655172412,0.0035165651817881272,24.82758620689655,0.09112791845761684,5,False,1450,0.02,raw,lora_intervention/experiments/linear_probing/results_probe50/Qwen2.5-3B-Instruct_5k_10u/probe_fits_ref.json,
Qwen2.5-3B-Instruct,Qwen2.5,base,5,10,IVQ,ordinal,k5,5,all,expected,0.1,27,0.75,0.022758620689655173,0.0077413601105667754,24.393103448275863,0.09565066840825107,5,False,1450,0.02,raw,lora_intervention/experiments/linear_probing/results_probe50/Qwen2.5-3B-Instruct_5k_10u/probe_fits_ref.json,
Qwen2.5-3B-Instruct,Qwen2.5,base,5,10,IVQ,ordinal,k5,5,all,expected,0.1,28,0.777778,0.033793103448275866,0.004574654883248827,22.997931034482757,0.11338415918800612,5,False,1450,0.02,raw,lora_intervention/experiments/linear_probing/results_probe50/Qwen2.5-3B-Instruct_5k_10u/probe_fits_ref.json,
Qwen2.5-3B-Instruct,Qwen2.5,base,5,10,IVQ,ordinal,k5,5,all,expected,0.1,29,0.805556,0.041379310344827586,0.013619598384918278,21.9551724137931,0.12678311949547838,5,False,1450,0.02,raw,lora_intervention/experiments/linear_probing/results_probe50/Qwen2.5-3B-Instruct_5k_10u/probe_fits_ref.json,
Qwen2.5-3B-Instruct,Qwen2.5,base,5,10,IVQ,ordinal,k5,5,all,expected,0.1,30,0.833333,0.0406896551724138,0.009605785018747669,21.474482758620688,0.1285588884756827,5,False,1450,0.02,raw,lora_intervention/experiments/linear_probing/results_probe50/Qwen2.5-3B-Instruct_5k_10u/probe_fits_ref.json,
Qwen2.5-3B-Instruct,Qwen2.5,base,5,10,IVQ,ordinal,k5,5,all,expected,0.1,31,0.861111,0.053103448275862074,0.011247935469172476,19.755172413793105,0.1484464332082557,5,False,1450,0.02,raw,lora_intervention/experiments/linear_probing/results_probe50/Qwen2.5-3B-Instruct_5k_10u/probe_fits_ref.json,
Qwen2.5-3B-Instruct,Qwen2.5,base,5,10,IVQ,ordinal,k5,5,all,expected,0.1,32,0.888889,0.06413793103448276,0.006395598962410832,16.73724137931034,0.18002250707832942,5,False,1450,0.02,raw,lora_intervention/experiments/linear_probing/results_probe50/Qwen2.5-3B-Instruct_5k_10u/probe_fits_ref.json,
Qwen2.5-3B-Instruct,Qwen2.5,base,5,10,IVQ,ordinal,k5,5,all,expected,0.1,33,0.916667,0.0917241379310345,0.014887609065464071,12.379310344827585,0.23323112791124437,5,False,1450,0.02,raw,lora_intervention/experiments/linear_probing/results_probe50/Qwen2.5-3B-Instruct_5k_10u/probe_fits_ref.json,
Qwen2.5-3B-Instruct,Qwen2.5,base,5,10,IVQ,ordinal,k5,5,all,expected,0.1,34,0.944444,0.11103448275862068,0.01120557021329098,10.39793103448276,0.2709740175714553,5,False,1450,0.02,raw,lora_intervention/experiments/linear_probing/results_probe50/Qwen2.5-3B-Instruct_5k_10u/probe_fits_ref.json,
Qwen2.5-3B-Instruct,Qwen2.5,base,5,10,IVQ,ordinal,k5,5,all,expected,0.1,35,0.972222,0.12000000000000002,0.017771170657551894,9.997241379310344,0.27995923539898077,5,False,1450,0.02,raw,lora_intervention/experiments/linear_probing/results_probe50/Qwen2.5-3B-Instruct_5k_10u/probe_fits_ref.json,
Qwen2.5-3B-Instruct,Qwen2.5,base,5,10,IVQ,ordinal,k5,5,all,expected,0.1,36,1.0,0.11517241379310346,0.016114926131790237,9.550344827586207,0.27956494825699474,5,False,1450,0.02,raw,lora_intervention/experiments/linear_probing/results_probe50/Qwen2.5-3B-Instruct_5k_10u/probe_fits_ref.json,
Qwen2.5-3B-Instruct,Qwen2.5,base,5,10,IVQ,ordinal,k6,6,all,expected,0.1,0,0.0,0.027142857142857142,0.0017496355305594118,22.960714285714285,0.10772593044060245,5,False,1400,0.02,raw,lora_intervention/experiments/linear_probing/results_probe50/Qwen2.5-3B-Instruct_5k_10u/probe_fits_ref.json,
Qwen2.5-3B-Instruct,Qwen2.5,base,5,10,IVQ,ordinal,k6,6,all,expected,0.1,1,0.027778,0.017142857142857144,0.006925256939166185,24.523571428571426,0.09020280007103725,5,False,1400,0.02,raw,lora_intervention/experiments/linear_probing/results_probe50/Qwen2.5-3B-Instruct_5k_10u/probe_fits_ref.json,
Qwen2.5-3B-Instruct,Qwen2.5,base,5,10,IVQ,ordinal,k6,6,all,expected,0.1,2,0.055556,0.02142857142857143,0.010350983390135312,24.252857142857145,0.0950571460601509,5,False,1400,0.02,raw,lora_intervention/experiments/linear_probing/results_probe50/Qwen2.5-3B-Instruct_5k_10u/probe_fits_ref.json,
Qwen2.5-3B-Instruct,Qwen2.5,base,5,10,IVQ,ordinal,k6,6,all,expected,0.1,3,0.083333,0.02357142857142857,0.010738068841694932,24.16642857142857,0.09513833853032735,5,False,1400,0.02,raw,lora_intervention/experiments/linear_probing/results_probe50/Qwen2.5-3B-Instruct_5k_10u/probe_fits_ref.json,
Qwen2.5-3B-Instruct,Qwen2.5,base,5,10,IVQ,ordinal,k6,6,all,expected,0.1,4,0.111111,0.019285714285714285,0.008630747123996122,24.145,0.0926660075264969,5,False,1400,0.02,raw,lora_intervention/experiments/linear_probing/results_probe50/Qwen2.5-3B-Instruct_5k_10u/probe_fits_ref.json,
Qwen2.5-3B-Instruct,Qwen2.5,base,5,10,IVQ,ordinal,k6,6,all,expected,0.1,5,0.138889,0.018571428571428572,0.012657175104763822,24.32,0.09201857354951638,5,False,1400,0.02,raw,lora_intervention/experiments/linear_probing/results_probe50/Qwen2.5-3B-Instruct_5k_10u/probe_fits_ref.json,
Qwen2.5-3B-Instruct,Qwen2.5,base,5,10,IVQ,ordinal,k6,6,all,expected,0.1,6,0.166667,0.014285714285714287,0.00749149177264394,24.45714285714286,0.08775427878739177,5,False,1400,0.02,raw,lora_intervention/experiments/linear_probing/results_probe50/Qwen2.5-3B-Instruct_5k_10u/probe_fits_ref.json,
Qwen2.5-3B-Instruct,Qwen2.5,base,5,10,IVQ,ordinal,k6,6,all,expected,0.1,7,0.194444,0.018571428571428572,0.010690449676496974,24.825714285714287,0.08852099312246169,5,False,1400,0.02,raw,lora_intervention/experiments/linear_probing/results_probe50/Qwen2.5-3B-Instruct_5k_10u/probe_fits_ref.json,
Qwen2.5-3B-Instruct,Qwen2.5,base,5,10,IVQ,ordinal,k6,6,all,expected,0.1,8,0.222222,0.018571428571428572,0.008864052604279183,24.985714285714288,0.08961481138657788,5,False,1400,0.02,raw,lora_intervention/experiments/linear_probing/results_probe50/Qwen2.5-3B-Instruct_5k_10u/probe_fits_ref.json,
Qwen2.5-3B-Instruct,Qwen2.5,base,5,10,IVQ,ordinal,k6,6,all,expected,0.1,9,0.25,0.015714285714285715,0.005802884574739973,25.154285714285713,0.08791163407474464,5,False,1400,0.02,raw,lora_intervention/experiments/linear_probing/results_probe50/Qwen2.5-3B-Instruct_5k_10u/probe_fits_ref.json,
Qwen2.5-3B-Instruct,Qwen2.5,base,5,10,IVQ,ordinal,k6,6,all,expected,0.1,10,0.277778,0.017142857142857144,0.009948848769417228,25.14714285714286,0.08823896933524078,5,False,1400,0.02,raw,lora_intervention/experiments/linear_probing/results_probe50/Qwen2.5-3B-Instruct_5k_10u/probe_fits_ref.json,
Qwen2.5-3B-Instruct,Qwen2.5,base,5,10,IVQ,ordinal,k6,6,all,expected,0.1,11,0.305556,0.02571428571428571,0.009147320339189784,25.17071428571429,0.0941500851656193,5,False,1400,0.02,raw,lora_intervention/experiments/linear_probing/results_probe50/Qwen2.5-3B-Instruct_5k_10u/probe_fits_ref.json,
Qwen2.5-3B-Instruct,Qwen2.5,base,5,10,IVQ,ordinal,k6,6,all,expected,0.1,12,0.333333,0.017857142857142856,0.008144110179279556,25.00785714285714,0.09122100116226274,5,False,1400,0.02,raw,lora_intervention/experiments/linear_probing/results_probe50/Qwen2.5-3B-Instruct_5k_10u/probe_fits_ref.json,
Qwen2.5-3B-Instruct,Qwen2.5,base,5,10,IVQ,ordinal,k6,6,all,expected,0.1,13,0.361111,0.015,0.003499271061118826,25.23714285714286,0.08936200809678119,5,False,1400,0.02,raw,lora_intervention/experiments/linear_probing/results_probe50/Qwen2.5-3B-Instruct_5k_10u/probe_fits_ref.json,
Qwen2.5-3B-Instruct,Qwen2.5,base,5,10,IVQ,ordinal,k6,6,all,expected,0.1,14,0.388889,0.017142857142857144,0.010202040612204071,25.232857142857146,0.08632644809976393,5,False,1400,0.02,raw,lora_intervention/experiments/linear_probing/results_probe50/Qwen2.5-3B-Instruct_5k_10u/probe_fits_ref.json,
Qwen2.5-3B-Instruct,Qwen2.5,base,5,10,IVQ,ordinal,k6,6,all,expected,0.1,15,0.416667,0.016428571428571428,0.003642156795423418,25.63571428571429,0.08586350298082247,5,False,1400,0.02,raw,lora_intervention/experiments/linear_probing/results_probe50/Qwen2.5-3B-Instruct_5k_10u/probe_fits_ref.json,
Qwen2.5-3B-Instruct,Qwen2.5,base,5,10,IVQ,ordinal,k6,6,all,expected,0.1,16,0.444444,0.016428571428571424,0.004844521416518049,25.371428571428574,0.0856087841545751,5,False,1400,0.02,raw,lora_intervention/experiments/linear_probing/results_probe50/Qwen2.5-3B-Instruct_5k_10u/probe_fits_ref.json,
Qwen2.5-3B-Instruct,Qwen2.5,base,5,10,IVQ,ordinal,k6,6,all,expected,0.1,17,0.472222,0.018571428571428572,0.0061445180478875904,25.382142857142856,0.08686894687352495,5,False,1400,0.02,raw,lora_intervention/experiments/linear_probing/results_probe50/Qwen2.5-3B-Instruct_5k_10u/probe_fits_ref.json,
Qwen2.5-3B-Instruct,Qwen2.5,base,5,10,IVQ,ordinal,k6,6,all,expected,0.1,18,0.5,0.015714285714285715,0.002857142857142857,25.502857142857145,0.08579254373115158,5,False,1400,0.02,raw,lora_intervention/experiments/linear_probing/results_probe50/Qwen2.5-3B-Instruct_5k_10u/probe_fits_ref.json,
Qwen2.5-3B-Instruct,Qwen2.5,base,5,10,IVQ,ordinal,k6,6,all,expected,0.1,19,0.527778,0.020714285714285713,0.0069252569391661835,25.322857142857142,0.08994815179018335,5,False,1400,0.02,raw,lora_intervention/experiments/linear_probing/results_probe50/Qwen2.5-3B-Instruct_5k_10u/probe_fits_ref.json,
Qwen2.5-3B-Instruct,Qwen2.5,base,5,10,IVQ,ordinal,k6,6,all,expected,0.1,20,0.555556,0.019999999999999997,0.005802884574739971,25.755000000000003,0.09014103234279645,5,False,1400,0.02,raw,lora_intervention/experiments/linear_probing/results_probe50/Qwen2.5-3B-Instruct_5k_10u/probe_fits_ref.json,
Qwen2.5-3B-Instruct,Qwen2.5,base,5,10,IVQ,ordinal,k6,6,all,expected,0.1,21,0.583333,0.016428571428571428,0.008017837257372732,25.361428571428572,0.08947777931807019,5,False,1400,0.02,raw,lora_intervention/experiments/linear_probing/results_probe50/Qwen2.5-3B-Instruct_5k_10u/probe_fits_ref.json,
Qwen2.5-3B-Instruct,Qwen2.5,base,5,10,IVQ,ordinal,k6,6,all,expected,0.1,22,0.611111,0.022142857142857145,0.005248906591678239,25.408571428571427,0.09152551501679332,5,False,1400,0.02,raw,lora_intervention/experiments/linear_probing/results_probe50/Qwen2.5-3B-Instruct_5k_10u/probe_fits_ref.json,
Qwen2.5-3B-Instruct,Qwen2.5,base,5,10,IVQ,ordinal,k6,6,all,expected,0.1,23,0.638889,0.017142857142857144,0.00857142857142857,25.717142857142857,0.0864503847740722,5,False,1400,0.02,raw,lora_intervention/experiments/linear_probing/results_probe50/Qwen2.5-3B-Instruct_5k_10u/probe_fits_ref.json,
Qwen2.5-3B-Instruct,Qwen2.5,base,5,10,IVQ,ordinal,k6,6,all,expected,0.1,24,0.666667,0.022142857142857148,0.003499271061118826,25.862142857142857,0.08903508519845868,5,False,1400,0.02,raw,lora_intervention/experiments/linear_probing/results_probe50/Qwen2.5-3B-Instruct_5k_10u/probe_fits_ref.json,
Qwen2.5-3B-Instruct,Qwen2.5,base,5,10,IVQ,ordinal,k6,6,all,expected,0.1,25,0.694444,0.014285714285714285,0.005976143046671968,25.757142857142856,0.08453774505658732,5,False,1400,0.02,raw,lora_intervention/experiments/linear_probing/results_probe50/Qwen2.5-3B-Instruct_5k_10u/probe_fits_ref.json,
Qwen2.5-3B-Instruct,Qwen2.5,base,5,10,IVQ,ordinal,k6,6,all,expected,0.1,26,0.722222,0.017857142857142856,0.004517539514526257,25.610000000000003,0.08368357012773904,5,False,1400,0.02,raw,lora_intervention/experiments/linear_probing/results_probe50/Qwen2.5-3B-Instruct_5k_10u/probe_fits_ref.json,
Qwen2.5-3B-Instruct,Qwen2.5,base,5,10,IVQ,ordinal,k6,6,all,expected,0.1,27,0.75,0.017142857142857144,0.002672612419124244,25.603571428571428,0.08686611787116212,5,False,1400,0.02,raw,lora_intervention/experiments/linear_probing/results_probe50/Qwen2.5-3B-Instruct_5k_10u/probe_fits_ref.json,
Qwen2.5-3B-Instruct,Qwen2.5,base,5,10,IVQ,ordinal,k6,6,all,expected,0.1,28,0.777778,0.02071428571428572,0.004738035414793429,25.238571428571426,0.0907981638143038,5,False,1400,0.02,raw,lora_intervention/experiments/linear_probing/results_probe50/Qwen2.5-3B-Instruct_5k_10u/probe_fits_ref.json,
Qwen2.5-3B-Instruct,Qwen2.5,base,5,10,IVQ,ordinal,k6,6,all,expected,0.1,29,0.805556,0.02285714285714286,0.010251928638862375,24.994285714285713,0.09331262600834275,5,False,1400,0.02,raw,lora_intervention/experiments/linear_probing/results_probe50/Qwen2.5-3B-Instruct_5k_10u/probe_fits_ref.json,
Qwen2.5-3B-Instruct,Qwen2.5,base,5,10,IVQ,ordinal,k6,6,all,expected,0.1,30,0.833333,0.026428571428571433,0.00832993127835043,24.455714285714286,0.10062894970536354,5,False,1400,0.02,raw,lora_intervention/experiments/linear_probing/results_probe50/Qwen2.5-3B-Instruct_5k_10u/probe_fits_ref.json,
Qwen2.5-3B-Instruct,Qwen2.5,base,5,10,IVQ,ordinal,k6,6,all,expected,0.1,31,0.861111,0.027857142857142858,0.010202040612204071,23.103571428571428,0.10700253124624119,5,False,1400,0.02,raw,lora_intervention/experiments/linear_probing/results_probe50/Qwen2.5-3B-Instruct_5k_10u/probe_fits_ref.json,
Qwen2.5-3B-Instruct,Qwen2.5,base,5,10,IVQ,ordinal,k6,6,all,expected,0.1,32,0.888889,0.04,0.009422075684480656,20.02214285714286,0.13581236309066466,5,False,1400,0.02,raw,lora_intervention/experiments/linear_probing/results_probe50/Qwen2.5-3B-Instruct_5k_10u/probe_fits_ref.json,
Qwen2.5-3B-Instruct,Qwen2.5,base,5,10,IVQ,ordinal,k6,6,all,expected,0.1,33,0.916667,0.07714285714285715,0.004285714285714287,14.606428571428571,0.2044231860764844,5,False,1400,0.02,raw,lora_intervention/experiments/linear_probing/results_probe50/Qwen2.5-3B-Instruct_5k_10u/probe_fits_ref.json,
Qwen2.5-3B-Instruct,Qwen2.5,base,5,10,IVQ,ordinal,k6,6,all,expected,0.1,34,0.944444,0.0942857142857143,0.006624013211068362,12.352857142857143,0.238247304413406,5,False,1400,0.02,raw,lora_intervention/experiments/linear_probing/results_probe50/Qwen2.5-3B-Instruct_5k_10u/probe_fits_ref.json,
Qwen2.5-3B-Instruct,Qwen2.5,base,5,10,IVQ,ordinal,k6,6,all,expected,0.1,35,0.972222,0.1,0.006776309271789382,11.965714285714286,0.24296763800079907,5,False,1400,0.02,raw,lora_intervention/experiments/linear_probing/results_probe50/Qwen2.5-3B-Instruct_5k_10u/probe_fits_ref.json,
Qwen2.5-3B-Instruct,Qwen2.5,base,5,10,IVQ,ordinal,k6,6,all,expected,0.1,36,1.0,0.10285714285714284,0.010449099170234136,11.514285714285716,0.24818957070877481,5,False,1400,0.02,raw,lora_intervention/experiments/linear_probing/results_probe50/Qwen2.5-3B-Instruct_5k_10u/probe_fits_ref.json,
Qwen2.5-3B-Instruct,Qwen2.5,base,5,10,IVQ,ordinal,k7,7,all,expected,0.1,0,0.0,0.027142857142857142,0.0017496355305594118,23.130000000000003,0.10613540926297556,5,False,1400,0.02,raw,lora_intervention/experiments/linear_probing/results_probe50/Qwen2.5-3B-Instruct_5k_10u/probe_fits_ref.json,
Qwen2.5-3B-Instruct,Qwen2.5,base,5,10,IVQ,ordinal,k7,7,all,expected,0.1,1,0.027778,0.025714285714285717,0.01092647038627025,24.95357142857143,0.0970896512154522,5,False,1400,0.02,raw,lora_intervention/experiments/linear_probing/results_probe50/Qwen2.5-3B-Instruct_5k_10u/probe_fits_ref.json,
Qwen2.5-3B-Instruct,Qwen2.5,base,5,10,IVQ,ordinal,k7,7,all,expected,0.1,2,0.055556,0.022857142857142854,0.006226998490772391,24.887142857142855,0.09640015010451285,5,False,1400,0.02,raw,lora_intervention/experiments/linear_probing/results_probe50/Qwen2.5-3B-Instruct_5k_10u/probe_fits_ref.json,
Qwen2.5-3B-Instruct,Qwen2.5,base,5,10,IVQ,ordinal,k7,7,all,expected,0.1,3,0.083333,0.02,0.002857142857142857,24.962142857142858,0.09505858519310242,5,False,1400,0.02,raw,lora_intervention/experiments/linear_probing/results_probe50/Qwen2.5-3B-Instruct_5k_10u/probe_fits_ref.json,
Qwen2.5-3B-Instruct,Qwen2.5,base,5,10,IVQ,ordinal,k7,7,all,expected,0.1,4,0.111111,0.02357142857142857,0.006998542122237651,25.18642857142857,0.09515017385420517,5,False,1400,0.02,raw,lora_intervention/experiments/linear_probing/results_probe50/Qwen2.5-3B-Instruct_5k_10u/probe_fits_ref.json,
Qwen2.5-3B-Instruct,Qwen2.5,base,5,10,IVQ,ordinal,k7,7,all,expected,0.1,5,0.138889,0.02214285714285714,0.007284313590846835,25.088571428571427,0.09366240602347836,5,False,1400,0.02,raw,lora_intervention/experiments/linear_probing/results_probe50/Qwen2.5-3B-Instruct_5k_10u/probe_fits_ref.json,
Qwen2.5-3B-Instruct,Qwen2.5,base,5,10,IVQ,ordinal,k7,7,all,expected,0.1,6,0.166667,0.024285714285714282,0.005248906591678239,25.06214285714286,0.09593819231843663,5,False,1400,0.02,raw,lora_intervention/experiments/linear_probing/results_probe50/Qwen2.5-3B-Instruct_5k_10u/probe_fits_ref.json,
Qwen2.5-3B-Instruct,Qwen2.5,base,5,10,IVQ,ordinal,k7,7,all,expected,0.1,7,0.194444,0.02642857142857143,0.0036421567954234165,25.002142857142854,0.0968921353465719,5,False,1400,0.02,raw,lora_intervention/experiments/linear_probing/results_probe50/Qwen2.5-3B-Instruct_5k_10u/probe_fits_ref.json,
Qwen2.5-3B-Instruct,Qwen2.5,base,5,10,IVQ,ordinal,k7,7,all,expected,0.1,8,0.222222,0.025,0.005976143046671968,24.83571428571429,0.09532050440564507,5,False,1400,0.02,raw,lora_intervention/experiments/linear_probing/results_probe50/Qwen2.5-3B-Instruct_5k_10u/probe_fits_ref.json,
Qwen2.5-3B-Instruct,Qwen2.5,base,5,10,IVQ,ordinal,k7,7,all,expected,0.1,9,0.25,0.019285714285714288,0.006998542122237652,24.86285714285714,0.09170138451851953,5,False,1400,0.02,raw,lora_intervention/experiments/linear_probing/results_probe50/Qwen2.5-3B-Instruct_5k_10u/probe_fits_ref.json,
Qwen2.5-3B-Instruct,Qwen2.5,base,5,10,IVQ,ordinal,k7,7,all,expected,0.1,10,0.277778,0.025,0.007142857142857143,24.782857142857143,0.0943736192692441,5,False,1400,0.02,raw,lora_intervention/experiments/linear_probing/results_probe50/Qwen2.5-3B-Instruct_5k_10u/probe_fits_ref.json,
Qwen2.5-3B-Instruct,Qwen2.5,base,5,10,IVQ,ordinal,k7,7,all,expected,0.1,11,0.305556,0.027142857142857142,0.010497813183356478,25.050000000000004,0.09696466523838887,5,False,1400,0.02,raw,lora_intervention/experiments/linear_probing/results_probe50/Qwen2.5-3B-Instruct_5k_10u/probe_fits_ref.json,
Qwen2.5-3B-Instruct,Qwen2.5,base,5,10,IVQ,ordinal,k7,7,all,expected,0.1,12,0.333333,0.02357142857142857,0.006998542122237651,25.139999999999997,0.09445275361080772,5,False,1400,0.02,raw,lora_intervention/experiments/linear_probing/results_probe50/Qwen2.5-3B-Instruct_5k_10u/probe_fits_ref.json,
Qwen2.5-3B-Instruct,Qwen2.5,base,5,10,IVQ,ordinal,k7,7,all,expected,0.1,13,0.361111,0.02214285714285714,0.00857142857142857,25.07142857142857,0.0936382876450268,5,False,1400,0.02,raw,lora_intervention/experiments/linear_probing/results_probe50/Qwen2.5-3B-Instruct_5k_10u/probe_fits_ref.json,
Qwen2.5-3B-Instruct,Qwen2.5,base,5,10,IVQ,ordinal,k7,7,all,expected,0.1,14,0.388889,0.020714285714285713,0.008268454930564446,25.076428571428572,0.09219687056719009,5,False,1400,0.02,raw,lora_intervention/experiments/linear_probing/results_probe50/Qwen2.5-3B-Instruct_5k_10u/probe_fits_ref.json,
Qwen2.5-3B-Instruct,Qwen2.5,base,5,10,IVQ,ordinal,k7,7,all,expected,0.1,15,0.416667,0.02357142857142857,0.010251928638862373,25.18,0.09224008880673326,5,False,1400,0.02,raw,lora_intervention/experiments/linear_probing/results_probe50/Qwen2.5-3B-Instruct_5k_10u/probe_fits_ref.json,
Qwen2.5-3B-Instruct,Qwen2.5,base,5,10,IVQ,ordinal,k7,7,all,expected,0.1,16,0.444444,0.019285714285714288,0.009202927661946518,25.01928571428571,0.09227259664538881,5,False,1400,0.02,raw,lora_intervention/experiments/linear_probing/results_probe50/Qwen2.5-3B-Instruct_5k_10u/probe_fits_ref.json,
Qwen2.5-3B-Instruct,Qwen2.5,base,5,10,IVQ,ordinal,k7,7,all,expected,0.1,17,0.472222,0.02142857142857143,0.007824607964359515,25.425714285714285,0.09179341213393721,5,False,1400,0.02,raw,lora_intervention/experiments/linear_probing/results_probe50/Qwen2.5-3B-Instruct_5k_10u/probe_fits_ref.json,
Qwen2.5-3B-Instruct,Qwen2.5,base,5,10,IVQ,ordinal,k7,7,all,expected,0.1,18,0.5,0.027142857142857142,0.010251928638862373,25.552857142857142,0.09555063110407996,5,False,1400,0.02,raw,lora_intervention/experiments/linear_probing/results_probe50/Qwen2.5-3B-Instruct_5k_10u/probe_fits_ref.json,
Qwen2.5-3B-Instruct,Qwen2.5,base,5,10,IVQ,ordinal,k7,7,all,expected,0.1,19,0.527778,0.02642857142857143,0.002857142857142857,25.235000000000003,0.09677975304094492,5,False,1400,0.02,raw,lora_intervention/experiments/linear_probing/results_probe50/Qwen2.5-3B-Instruct_5k_10u/probe_fits_ref.json,
Qwen2.5-3B-Instruct,Qwen2.5,base,5,10,IVQ,ordinal,k7,7,all,expected,0.1,20,0.555556,0.026428571428571423,0.006226998490772389,25.34857142857143,0.09438341441150977,5,False,1400,0.02,raw,lora_intervention/experiments/linear_probing/results_probe50/Qwen2.5-3B-Instruct_5k_10u/probe_fits_ref.json,
Qwen2.5-3B-Instruct,Qwen2.5,base,5,10,IVQ,ordinal,k7,7,all,expected,0.1,21,0.583333,0.018571428571428572,0.004164965639175214,25.59285714285714,0.0881931924497047,5,False,1400,0.02,raw,lora_intervention/experiments/linear_probing/results_probe50/Qwen2.5-3B-Instruct_5k_10u/probe_fits_ref.json,
Qwen2.5-3B-Instruct,Qwen2.5,base,5,10,IVQ,ordinal,k7,7,all,expected,0.1,22,0.611111,0.026428571428571423,0.009202927661946518,25.125,0.09688001543537536,5,False,1400,0.02,raw,lora_intervention/experiments/linear_probing/results_probe50/Qwen2.5-3B-Instruct_5k_10u/probe_fits_ref.json,
Qwen2.5-3B-Instruct,Qwen2.5,base,5,10,IVQ,ordinal,k7,7,all,expected,0.1,23,0.638889,0.025,0.00749149177264394,25.103571428571428,0.09506702904239431,5,False,1400,0.02,raw,lora_intervention/experiments/linear_probing/results_probe50/Qwen2.5-3B-Instruct_5k_10u/probe_fits_ref.json,
Qwen2.5-3B-Instruct,Qwen2.5,base,5,10,IVQ,ordinal,k7,7,all,expected,0.1,24,0.666667,0.02214285714285714,0.002672612419124245,25.487142857142857,0.09002448757297998,5,False,1400,0.02,raw,lora_intervention/experiments/linear_probing/results_probe50/Qwen2.5-3B-Instruct_5k_10u/probe_fits_ref.json,
Qwen2.5-3B-Instruct,Qwen2.5,base,5,10,IVQ,ordinal,k7,7,all,expected,0.1,25,0.694444,0.017142857142857144,0.004164965639175215,25.601428571428574,0.08928213603642045,5,False,1400,0.02,raw,lora_intervention/experiments/linear_probing/results_probe50/Qwen2.5-3B-Instruct_5k_10u/probe_fits_ref.json,
Qwen2.5-3B-Instruct,Qwen2.5,base,5,10,IVQ,ordinal,k7,7,all,expected,0.1,26,0.722222,0.02214285714285714,0.006546536707079771,25.469285714285714,0.09246994739513441,5,False,1400,0.02,raw,lora_intervention/experiments/linear_probing/results_probe50/Qwen2.5-3B-Instruct_5k_10u/probe_fits_ref.json,
Qwen2.5-3B-Instruct,Qwen2.5,base,5,10,IVQ,ordinal,k7,7,all,expected,0.1,27,0.75,0.02214285714285714,0.0061445180478875904,26.201428571428572,0.09115806964369605,5,False,1400,0.02,raw,lora_intervention/experiments/linear_probing/results_probe50/Qwen2.5-3B-Instruct_5k_10u/probe_fits_ref.json,
Qwen2.5-3B-Instruct,Qwen2.5,base,5,10,IVQ,ordinal,k7,7,all,expected,0.1,28,0.777778,0.022857142857142857,0.005345224838248487,25.267857142857142,0.09134958951185387,5,False,1400,0.02,raw,lora_intervention/experiments/linear_probing/results_probe50/Qwen2.5-3B-Instruct_5k_10u/probe_fits_ref.json,
Qwen2.5-3B-Instruct,Qwen2.5,base,5,10,IVQ,ordinal,k7,7,all,expected,0.1,29,0.805556,0.02285714285714286,0.010497813183356478,24.822857142857142,0.09301945420513165,5,False,1400,0.02,raw,lora_intervention/experiments/linear_probing/results_probe50/Qwen2.5-3B-Instruct_5k_10u/probe_fits_ref.json,
Qwen2.5-3B-Instruct,Qwen2.5,base,5,10,IVQ,ordinal,k7,7,all,expected,0.1,30,0.833333,0.02571428571428571,0.0057142857142857125,24.505000000000003,0.09671817809676672,5,False,1400,0.02,raw,lora_intervention/experiments/linear_probing/results_probe50/Qwen2.5-3B-Instruct_5k_10u/probe_fits_ref.json,
Qwen2.5-3B-Instruct,Qwen2.5,base,5,10,IVQ,ordinal,k7,7,all,expected,0.1,31,0.861111,0.02571428571428571,0.005248906591678238,23.402142857142856,0.10292608929586715,5,False,1400,0.02,raw,lora_intervention/experiments/linear_probing/results_probe50/Qwen2.5-3B-Instruct_5k_10u/probe_fits_ref.json,
Qwen2.5-3B-Instruct,Qwen2.5,base,5,10,IVQ,ordinal,k7,7,all,expected,0.1,32,0.888889,0.03642857142857143,0.009689042833036099,21.45,0.11953418583079792,5,False,1400,0.02,raw,lora_intervention/experiments/linear_probing/results_probe50/Qwen2.5-3B-Instruct_5k_10u/probe_fits_ref.json,
Qwen2.5-3B-Instruct,Qwen2.5,base,5,10,IVQ,ordinal,k7,7,all,expected,0.1,33,0.916667,0.06642857142857142,0.018979043222266317,16.429285714285715,0.1774989654637487,5,False,1400,0.02,raw,lora_intervention/experiments/linear_probing/results_probe50/Qwen2.5-3B-Instruct_5k_10u/probe_fits_ref.json,
Qwen2.5-3B-Instruct,Qwen2.5,base,5,10,IVQ,ordinal,k7,7,all,expected,0.1,34,0.944444,0.07428571428571429,0.017113069358158487,14.32357142857143,0.20128049913758356,5,False,1400,0.02,raw,lora_intervention/experiments/linear_probing/results_probe50/Qwen2.5-3B-Instruct_5k_10u/probe_fits_ref.json,
Qwen2.5-3B-Instruct,Qwen2.5,base,5,10,IVQ,ordinal,k7,7,all,expected,0.1,35,0.972222,0.07428571428571427,0.020751198637619928,13.921428571428573,0.20784018473831747,5,False,1400,0.02,raw,lora_intervention/experiments/linear_probing/results_probe50/Qwen2.5-3B-Instruct_5k_10u/probe_fits_ref.json,
Qwen2.5-3B-Instruct,Qwen2.5,base,5,10,IVQ,ordinal,k7,7,all,expected,0.1,36,1.0,0.07285714285714287,0.01989769753883446,13.266428571428571,0.21232981239882273,5,False,1400,0.02,raw,lora_intervention/experiments/linear_probing/results_probe50/Qwen2.5-3B-Instruct_5k_10u/probe_fits_ref.json,
Qwen2.5-3B-Instruct,Qwen2.5,base,5,10,IVQ,ordinal,k8,8,all,expected,0.1,0,0.0,0.03214285714285714,0.0,22.923571428571428,0.11216408273430763,5,False,1400,0.02,raw,lora_intervention/experiments/linear_probing/results_probe50/Qwen2.5-3B-Instruct_5k_10u/probe_fits_ref.json,
Qwen2.5-3B-Instruct,Qwen2.5,base,5,10,IVQ,ordinal,k8,8,all,expected,0.1,1,0.027778,0.022857142857142854,0.005802884574739971,24.29642857142857,0.09589978623349417,5,False,1400,0.02,raw,lora_intervention/experiments/linear_probing/results_probe50/Qwen2.5-3B-Instruct_5k_10u/probe_fits_ref.json,
Qwen2.5-3B-Instruct,Qwen2.5,base,5,10,IVQ,ordinal,k8,8,all,expected,0.1,2,0.055556,0.02,0.004844521416518049,24.56,0.09565523728078365,5,False,1400,0.02,raw,lora_intervention/experiments/linear_probing/results_probe50/Qwen2.5-3B-Instruct_5k_10u/probe_fits_ref.json,
Qwen2.5-3B-Instruct,Qwen2.5,base,5,10,IVQ,ordinal,k8,8,all,expected,0.1,3,0.083333,0.02357142857142857,0.0048445214165180476,24.357142857142854,0.0978033115523795,5,False,1400,0.02,raw,lora_intervention/experiments/linear_probing/results_probe50/Qwen2.5-3B-Instruct_5k_10u/probe_fits_ref.json,
Qwen2.5-3B-Instruct,Qwen2.5,base,5,10,IVQ,ordinal,k8,8,all,expected,0.1,4,0.111111,0.02142857142857143,0.010350983390135314,24.775,0.09251694680476606,5,False,1400,0.02,raw,lora_intervention/experiments/linear_probing/results_probe50/Qwen2.5-3B-Instruct_5k_10u/probe_fits_ref.json,
Qwen2.5-3B-Instruct,Qwen2.5,base,5,10,IVQ,ordinal,k8,8,all,expected,0.1,5,0.138889,0.017857142857142856,0.0050507627227610544,24.771428571428572,0.09122858443586848,5,False,1400,0.02,raw,lora_intervention/experiments/linear_probing/results_probe50/Qwen2.5-3B-Instruct_5k_10u/probe_fits_ref.json,
Qwen2.5-3B-Instruct,Qwen2.5,base,5,10,IVQ,ordinal,k8,8,all,expected,0.1,6,0.166667,0.02142857142857143,0.007142857142857143,24.880714285714284,0.09411479992934127,5,False,1400,0.02,raw,lora_intervention/experiments/linear_probing/results_probe50/Qwen2.5-3B-Instruct_5k_10u/probe_fits_ref.json,
Qwen2.5-3B-Instruct,Qwen2.5,base,5,10,IVQ,ordinal,k8,8,all,expected,0.1,7,0.194444,0.02357142857142857,0.00662401321106836,25.012142857142855,0.09171024563395566,5,False,1400,0.02,raw,lora_intervention/experiments/linear_probing/results_probe50/Qwen2.5-3B-Instruct_5k_10u/probe_fits_ref.json,
Qwen2.5-3B-Instruct,Qwen2.5,base,5,10,IVQ,ordinal,k8,8,all,expected,0.1,8,0.222222,0.018571428571428572,0.008268454930564446,24.77785714285714,0.09063388147419077,5,False,1400,0.02,raw,lora_intervention/experiments/linear_probing/results_probe50/Qwen2.5-3B-Instruct_5k_10u/probe_fits_ref.json,
Qwen2.5-3B-Instruct,Qwen2.5,base,5,10,IVQ,ordinal,k8,8,all,expected,0.1,9,0.25,0.02428571428571429,0.008864052604279183,24.534285714285716,0.09475406110046188,5,False,1400,0.02,raw,lora_intervention/experiments/linear_probing/results_probe50/Qwen2.5-3B-Instruct_5k_10u/probe_fits_ref.json,
Qwen2.5-3B-Instruct,Qwen2.5,base,5,10,IVQ,ordinal,k8,8,all,expected,0.1,10,0.277778,0.019285714285714288,0.004285714285714286,24.392857142857146,0.09435013632625151,5,False,1400,0.02,raw,lora_intervention/experiments/linear_probing/results_probe50/Qwen2.5-3B-Instruct_5k_10u/probe_fits_ref.json,
Qwen2.5-3B-Instruct,Qwen2.5,base,5,10,IVQ,ordinal,k8,8,all,expected,0.1,11,0.305556,0.02285714285714286,0.005802884574739972,24.621428571428574,0.09469415353017174,5,False,1400,0.02,raw,lora_intervention/experiments/linear_probing/results_probe50/Qwen2.5-3B-Instruct_5k_10u/probe_fits_ref.json,
Qwen2.5-3B-Instruct,Qwen2.5,base,5,10,IVQ,ordinal,k8,8,all,expected,0.1,12,0.333333,0.019285714285714285,0.0036421567954234187,24.639285714285716,0.09141153076520467,5,False,1400,0.02,raw,lora_intervention/experiments/linear_probing/results_probe50/Qwen2.5-3B-Instruct_5k_10u/probe_fits_ref.json,
Qwen2.5-3B-Instruct,Qwen2.5,base,5,10,IVQ,ordinal,k8,8,all,expected,0.1,13,0.361111,0.017857142857142856,0.0031943828249997,24.31642857142857,0.0913127871903465,5,False,1400,0.02,raw,lora_intervention/experiments/linear_probing/results_probe50/Qwen2.5-3B-Instruct_5k_10u/probe_fits_ref.json,
Qwen2.5-3B-Instruct,Qwen2.5,base,5,10,IVQ,ordinal,k8,8,all,expected,0.1,14,0.388889,0.018571428571428572,0.004164965639175215,23.912142857142857,0.09070186823251061,5,False,1400,0.02,raw,lora_intervention/experiments/linear_probing/results_probe50/Qwen2.5-3B-Instruct_5k_10u/probe_fits_ref.json,
Qwen2.5-3B-Instruct,Qwen2.5,base,5,10,IVQ,ordinal,k8,8,all,expected,0.1,15,0.416667,0.015714285714285715,0.003642156795423418,24.17214285714286,0.0893007914632586,5,False,1400,0.02,raw,lora_intervention/experiments/linear_probing/results_probe50/Qwen2.5-3B-Instruct_5k_10u/probe_fits_ref.json,
Qwen2.5-3B-Instruct,Qwen2.5,base,5,10,IVQ,ordinal,k8,8,all,expected,0.1,16,0.444444,0.020714285714285713,0.005248906591678239,24.487142857142857,0.09020077536047011,5,False,1400,0.02,raw,lora_intervention/experiments/linear_probing/results_probe50/Qwen2.5-3B-Instruct_5k_10u/probe_fits_ref.json,
Qwen2.5-3B-Instruct,Qwen2.5,base,5,10,IVQ,ordinal,k8,8,all,expected,0.1,17,0.472222,0.02142857142857143,0.005976143046671968,24.525714285714287,0.09245453602526775,5,False,1400,0.02,raw,lora_intervention/experiments/linear_probing/results_probe50/Qwen2.5-3B-Instruct_5k_10u/probe_fits_ref.json,
Qwen2.5-3B-Instruct,Qwen2.5,base,5,10,IVQ,ordinal,k8,8,all,expected,0.1,18,0.5,0.02214285714285714,0.006925256939166184,24.577142857142857,0.09462594514638849,5,False,1400,0.02,raw,lora_intervention/experiments/linear_probing/results_probe50/Qwen2.5-3B-Instruct_5k_10u/probe_fits_ref.json,
Qwen2.5-3B-Instruct,Qwen2.5,base,5,10,IVQ,ordinal,k8,8,all,expected,0.1,19,0.527778,0.02214285714285714,0.006546536707079772,24.949285714285715,0.09487967046465293,5,False,1400,0.02,raw,lora_intervention/experiments/linear_probing/results_probe50/Qwen2.5-3B-Instruct_5k_10u/probe_fits_ref.json,
Qwen2.5-3B-Instruct,Qwen2.5,base,5,10,IVQ,ordinal,k8,8,all,expected,0.1,20,0.555556,0.018571428571428572,0.009147320339189783,24.951428571428572,0.08899442509933063,5,False,1400,0.02,raw,lora_intervention/experiments/linear_probing/results_probe50/Qwen2.5-3B-Instruct_5k_10u/probe_fits_ref.json,
Qwen2.5-3B-Instruct,Qwen2.5,base,5,10,IVQ,ordinal,k8,8,all,expected,0.1,21,0.583333,0.02142857142857143,0.0,25.01357142857143,0.09310473901863808,5,False,1400,0.02,raw,lora_intervention/experiments/linear_probing/results_probe50/Qwen2.5-3B-Instruct_5k_10u/probe_fits_ref.json,
Qwen2.5-3B-Instruct,Qwen2.5,base,5,10,IVQ,ordinal,k8,8,all,expected,0.1,22,0.611111,0.019285714285714285,0.008017837257372732,24.675,0.093233254990326,5,False,1400,0.02,raw,lora_intervention/experiments/linear_probing/results_probe50/Qwen2.5-3B-Instruct_5k_10u/probe_fits_ref.json,
Qwen2.5-3B-Instruct,Qwen2.5,base,5,10,IVQ,ordinal,k8,8,all,expected,0.1,23,0.638889,0.02214285714285714,0.006546536707079772,24.562857142857144,0.09543554530380488,5,False,1400,0.02,raw,lora_intervention/experiments/linear_probing/results_probe50/Qwen2.5-3B-Instruct_5k_10u/probe_fits_ref.json,
Qwen2.5-3B-Instruct,Qwen2.5,base,5,10,IVQ,ordinal,k8,8,all,expected,0.1,24,0.666667,0.016428571428571424,0.0036421567954234174,24.63142857142857,0.08857543963783455,5,False,1400,0.02,raw,lora_intervention/experiments/linear_probing/results_probe50/Qwen2.5-3B-Instruct_5k_10u/probe_fits_ref.json,
Qwen2.5-3B-Instruct,Qwen2.5,base,5,10,IVQ,ordinal,k8,8,all,expected,0.1,25,0.694444,0.015,0.006925256939166184,24.564999999999998,0.08635650673515917,5,False,1400,0.02,raw,lora_intervention/experiments/linear_probing/results_probe50/Qwen2.5-3B-Instruct_5k_10u/probe_fits_ref.json,
Qwen2.5-3B-Instruct,Qwen2.5,base,5,10,IVQ,ordinal,k8,8,all,expected,0.1,26,0.722222,0.02,0.0066240132110683605,24.51071428571429,0.09295792357308157,5,False,1400,0.02,raw,lora_intervention/experiments/linear_probing/results_probe50/Qwen2.5-3B-Instruct_5k_10u/probe_fits_ref.json,
Qwen2.5-3B-Instruct,Qwen2.5,base,5,10,IVQ,ordinal,k8,8,all,expected,0.1,27,0.75,0.02285714285714286,0.007354021529276429,23.91357142857143,0.09723243143588162,5,False,1400,0.02,raw,lora_intervention/experiments/linear_probing/results_probe50/Qwen2.5-3B-Instruct_5k_10u/probe_fits_ref.json,
Qwen2.5-3B-Instruct,Qwen2.5,base,5,10,IVQ,ordinal,k8,8,all,expected,0.1,28,0.777778,0.027142857142857142,0.008329931278350428,24.713571428571427,0.09928014497388882,5,False,1400,0.02,raw,lora_intervention/experiments/linear_probing/results_probe50/Qwen2.5-3B-Instruct_5k_10u/probe_fits_ref.json,
Qwen2.5-3B-Instruct,Qwen2.5,base,5,10,IVQ,ordinal,k8,8,all,expected,0.1,29,0.805556,0.03214285714285714,0.010101525445522107,24.47,0.1041619891897297,5,False,1400,0.02,raw,lora_intervention/experiments/linear_probing/results_probe50/Qwen2.5-3B-Instruct_5k_10u/probe_fits_ref.json,
Qwen2.5-3B-Instruct,Qwen2.5,base,5,10,IVQ,ordinal,k8,8,all,expected,0.1,30,0.833333,0.03357142857142857,0.009741558354989898,24.353571428571428,0.10891225323590818,5,False,1400,0.02,raw,lora_intervention/experiments/linear_probing/results_probe50/Qwen2.5-3B-Instruct_5k_10u/probe_fits_ref.json,
Qwen2.5-3B-Instruct,Qwen2.5,base,5,10,IVQ,ordinal,k8,8,all,expected,0.1,31,0.861111,0.03642857142857143,0.007953949089757176,23.122857142857143,0.11760826920780579,5,False,1400,0.02,raw,lora_intervention/experiments/linear_probing/results_probe50/Qwen2.5-3B-Instruct_5k_10u/probe_fits_ref.json,
Qwen2.5-3B-Instruct,Qwen2.5,base,5,10,IVQ,ordinal,k8,8,all,expected,0.1,32,0.888889,0.041428571428571426,0.010251928638862375,21.160714285714285,0.13002315240115622,5,False,1400,0.02,raw,lora_intervention/experiments/linear_probing/results_probe50/Qwen2.5-3B-Instruct_5k_10u/probe_fits_ref.json,
Qwen2.5-3B-Instruct,Qwen2.5,base,5,10,IVQ,ordinal,k8,8,all,expected,0.1,33,0.916667,0.06142857142857142,0.011157499537009504,16.574285714285715,0.17477802391353708,5,False,1400,0.02,raw,lora_intervention/experiments/linear_probing/results_probe50/Qwen2.5-3B-Instruct_5k_10u/probe_fits_ref.json,
Qwen2.5-3B-Instruct,Qwen2.5,base,5,10,IVQ,ordinal,k8,8,all,expected,0.1,34,0.944444,0.07642857142857143,0.007354021529276431,14.953571428571427,0.19772768933402318,5,False,1400,0.02,raw,lora_intervention/experiments/linear_probing/results_probe50/Qwen2.5-3B-Instruct_5k_10u/probe_fits_ref.json,
Qwen2.5-3B-Instruct,Qwen2.5,base,5,10,IVQ,ordinal,k8,8,all,expected,0.1,35,0.972222,0.07857142857142857,0.009313146293146644,14.571428571428573,0.20160952348031042,5,False,1400,0.02,raw,lora_intervention/experiments/linear_probing/results_probe50/Qwen2.5-3B-Instruct_5k_10u/probe_fits_ref.json,
Qwen2.5-3B-Instruct,Qwen2.5,base,5,10,IVQ,ordinal,k8,8,all,expected,0.1,36,1.0,0.08357142857142857,0.007354021529276431,13.957142857142856,0.2089061182296573,5,False,1400,0.02,raw,lora_intervention/experiments/linear_probing/results_probe50/Qwen2.5-3B-Instruct_5k_10u/probe_fits_ref.json,
Qwen2.5-3B-Instruct,Qwen2.5,base,5,10,IVQ,ordinal,k9,9,all,expected,0.1,0,0.0,0.027142857142857142,0.0017496355305594118,23.518571428571427,0.10375160927845384,5,False,1400,0.02,raw,lora_intervention/experiments/linear_probing/results_probe50/Qwen2.5-3B-Instruct_5k_10u/probe_fits_ref.json,
Qwen2.5-3B-Instruct,Qwen2.5,base,5,10,IVQ,ordinal,k9,9,all,expected,0.1,1,0.027778,0.02642857142857143,0.008921425711997711,23.614285714285714,0.10639519473274764,5,False,1400,0.02,raw,lora_intervention/experiments/linear_probing/results_probe50/Qwen2.5-3B-Instruct_5k_10u/probe_fits_ref.json,
Qwen2.5-3B-Instruct,Qwen2.5,base,5,10,IVQ,ordinal,k9,9,all,expected,0.1,2,0.055556,0.03428571428571428,0.006226998490772391,23.41357142857143,0.11304990966652606,5,False,1400,0.02,raw,lora_intervention/experiments/linear_probing/results_probe50/Qwen2.5-3B-Instruct_5k_10u/probe_fits_ref.json,
Qwen2.5-3B-Instruct,Qwen2.5,base,5,10,IVQ,ordinal,k9,9,all,expected,0.1,3,0.083333,0.03785714285714285,0.008921425711997713,23.471428571428568,0.11373952944614432,5,False,1400,0.02,raw,lora_intervention/experiments/linear_probing/results_probe50/Qwen2.5-3B-Instruct_5k_10u/probe_fits_ref.json,
Qwen2.5-3B-Instruct,Qwen2.5,base,5,10,IVQ,ordinal,k9,9,all,expected,0.1,4,0.111111,0.03142857142857143,0.010926470386270254,23.832857142857144,0.10802005578427991,5,False,1400,0.02,raw,lora_intervention/experiments/linear_probing/results_probe50/Qwen2.5-3B-Instruct_5k_10u/probe_fits_ref.json,
Qwen2.5-3B-Instruct,Qwen2.5,base,5,10,IVQ,ordinal,k9,9,all,expected,0.1,5,0.138889,0.029285714285714283,0.010690449676496976,23.884285714285717,0.10635779377114847,5,False,1400,0.02,raw,lora_intervention/experiments/linear_probing/results_probe50/Qwen2.5-3B-Instruct_5k_10u/probe_fits_ref.json,
Qwen2.5-3B-Instruct,Qwen2.5,base,5,10,IVQ,ordinal,k9,9,all,expected,0.1,6,0.166667,0.027857142857142858,0.01044909917023414,23.871428571428574,0.10374691746783171,5,False,1400,0.02,raw,lora_intervention/experiments/linear_probing/results_probe50/Qwen2.5-3B-Instruct_5k_10u/probe_fits_ref.json,
Qwen2.5-3B-Instruct,Qwen2.5,base,5,10,IVQ,ordinal,k9,9,all,expected,0.1,7,0.194444,0.03142857142857143,0.006925256939166184,23.979285714285716,0.10684421378440696,5,False,1400,0.02,raw,lora_intervention/experiments/linear_probing/results_probe50/Qwen2.5-3B-Instruct_5k_10u/probe_fits_ref.json,
Qwen2.5-3B-Instruct,Qwen2.5,base,5,10,IVQ,ordinal,k9,9,all,expected,0.1,8,0.222222,0.03,0.012494896917525644,24.087857142857143,0.10553433207332283,5,False,1400,0.02,raw,lora_intervention/experiments/linear_probing/results_probe50/Qwen2.5-3B-Instruct_5k_10u/probe_fits_ref.json,
Qwen2.5-3B-Instruct,Qwen2.5,base,5,10,IVQ,ordinal,k9,9,all,expected,0.1,9,0.25,0.027857142857142858,0.009689042833036099,24.572857142857142,0.10279433831666766,5,False,1400,0.02,raw,lora_intervention/experiments/linear_probing/results_probe50/Qwen2.5-3B-Instruct_5k_10u/probe_fits_ref.json,
Qwen2.5-3B-Instruct,Qwen2.5,base,5,10,IVQ,ordinal,k9,9,all,expected,0.1,10,0.277778,0.020714285714285713,0.008268454930564445,24.722857142857144,0.09993213000373344,5,False,1400,0.02,raw,lora_intervention/experiments/linear_probing/results_probe50/Qwen2.5-3B-Instruct_5k_10u/probe_fits_ref.json,
Qwen2.5-3B-Instruct,Qwen2.5,base,5,10,IVQ,ordinal,k9,9,all,expected,0.1,11,0.305556,0.022857142857142857,0.00662401321106836,24.692857142857143,0.09910280629012609,5,False,1400,0.02,raw,lora_intervention/experiments/linear_probing/results_probe50/Qwen2.5-3B-Instruct_5k_10u/probe_fits_ref.json,
Qwen2.5-3B-Instruct,Qwen2.5,base,5,10,IVQ,ordinal,k9,9,all,expected,0.1,12,0.333333,0.027857142857142858,0.008864052604279183,24.439285714285713,0.1041116023563422,5,False,1400,0.02,raw,lora_intervention/experiments/linear_probing/results_probe50/Qwen2.5-3B-Instruct_5k_10u/probe_fits_ref.json,
Qwen2.5-3B-Instruct,Qwen2.5,base,5,10,IVQ,ordinal,k9,9,all,expected,0.1,13,0.361111,0.029285714285714283,0.009147320339189784,24.36785714285714,0.10443732913696724,5,False,1400,0.02,raw,lora_intervention/experiments/linear_probing/results_probe50/Qwen2.5-3B-Instruct_5k_10u/probe_fits_ref.json,
Qwen2.5-3B-Instruct,Qwen2.5,base,5,10,IVQ,ordinal,k9,9,all,expected,0.1,14,0.388889,0.02857142857142857,0.01564921592871903,24.437857142857144,0.10204959678990413,5,False,1400,0.02,raw,lora_intervention/experiments/linear_probing/results_probe50/Qwen2.5-3B-Instruct_5k_10u/probe_fits_ref.json,
Qwen2.5-3B-Instruct,Qwen2.5,base,5,10,IVQ,ordinal,k9,9,all,expected,0.1,15,0.416667,0.027142857142857146,0.01439245834257849,24.651428571428575,0.09987701856080103,5,False,1400,0.02,raw,lora_intervention/experiments/linear_probing/results_probe50/Qwen2.5-3B-Instruct_5k_10u/probe_fits_ref.json,
Qwen2.5-3B-Instruct,Qwen2.5,base,5,10,IVQ,ordinal,k9,9,all,expected,0.1,16,0.444444,0.022857142857142857,0.009741558354989898,24.678571428571427,0.09680754971793293,5,False,1400,0.02,raw,lora_intervention/experiments/linear_probing/results_probe50/Qwen2.5-3B-Instruct_5k_10u/probe_fits_ref.json,
Qwen2.5-3B-Instruct,Qwen2.5,base,5,10,IVQ,ordinal,k9,9,all,expected,0.1,17,0.472222,0.02357142857142857,0.013286482312670198,24.517142857142854,0.09730394224061391,5,False,1400,0.02,raw,lora_intervention/experiments/linear_probing/results_probe50/Qwen2.5-3B-Instruct_5k_10u/probe_fits_ref.json,
Qwen2.5-3B-Instruct,Qwen2.5,base,5,10,IVQ,ordinal,k9,9,all,expected,0.1,18,0.5,0.02142857142857143,0.00931314629314664,24.467142857142857,0.09672297624441444,5,False,1400,0.02,raw,lora_intervention/experiments/linear_probing/results_probe50/Qwen2.5-3B-Instruct_5k_10u/probe_fits_ref.json,
Qwen2.5-3B-Instruct,Qwen2.5,base,5,10,IVQ,ordinal,k9,9,all,expected,0.1,19,0.527778,0.02357142857142857,0.005345224838248488,24.307142857142857,0.09984219275450601,5,False,1400,0.02,raw,lora_intervention/experiments/linear_probing/results_probe50/Qwen2.5-3B-Instruct_5k_10u/probe_fits_ref.json,
Qwen2.5-3B-Instruct,Qwen2.5,base,5,10,IVQ,ordinal,k9,9,all,expected,0.1,20,0.555556,0.027857142857142858,0.006925256939166184,24.26357142857143,0.10245290182170737,5,False,1400,0.02,raw,lora_intervention/experiments/linear_probing/results_probe50/Qwen2.5-3B-Instruct_5k_10u/probe_fits_ref.json,
Qwen2.5-3B-Instruct,Qwen2.5,base,5,10,IVQ,ordinal,k9,9,all,expected,0.1,21,0.583333,0.024285714285714285,0.009948848769417228,24.905,0.09728575312438056,5,False,1400,0.02,raw,lora_intervention/experiments/linear_probing/results_probe50/Qwen2.5-3B-Instruct_5k_10u/probe_fits_ref.json,
Qwen2.5-3B-Instruct,Qwen2.5,base,5,10,IVQ,ordinal,k9,9,all,expected,0.1,22,0.611111,0.020714285714285713,0.00654653670707977,24.692857142857143,0.09521396934060525,5,False,1400,0.02,raw,lora_intervention/experiments/linear_probing/results_probe50/Qwen2.5-3B-Instruct_5k_10u/probe_fits_ref.json,
Qwen2.5-3B-Instruct,Qwen2.5,base,5,10,IVQ,ordinal,k9,9,all,expected,0.1,23,0.638889,0.022857142857142854,0.00662401321106836,25.01928571428571,0.09315580963367795,5,False,1400,0.02,raw,lora_intervention/experiments/linear_probing/results_probe50/Qwen2.5-3B-Instruct_5k_10u/probe_fits_ref.json,
Qwen2.5-3B-Instruct,Qwen2.5,base,5,10,IVQ,ordinal,k9,9,all,expected,0.1,24,0.666667,0.02571428571428571,0.004738035414793428,25.056428571428572,0.09706907757478175,5,False,1400,0.02,raw,lora_intervention/experiments/linear_probing/results_probe50/Qwen2.5-3B-Instruct_5k_10u/probe_fits_ref.json,
Qwen2.5-3B-Instruct,Qwen2.5,base,5,10,IVQ,ordinal,k9,9,all,expected,0.1,25,0.694444,0.02142857142857143,0.010101525445522107,25.22714285714286,0.09306694196122127,5,False,1400,0.02,raw,lora_intervention/experiments/linear_probing/results_probe50/Qwen2.5-3B-Instruct_5k_10u/probe_fits_ref.json,
Qwen2.5-3B-Instruct,Qwen2.5,base,5,10,IVQ,ordinal,k9,9,all,expected,0.1,26,0.722222,0.03,0.005802884574739971,25.27642857142857,0.09879582637484349,5,False,1400,0.02,raw,lora_intervention/experiments/linear_probing/results_probe50/Qwen2.5-3B-Instruct_5k_10u/probe_fits_ref.json,
Qwen2.5-3B-Instruct,Qwen2.5,base,5,10,IVQ,ordinal,k9,9,all,expected,0.1,27,0.75,0.02642857142857143,0.005802884574739971,25.297857142857143,0.09574697291636657,5,False,1400,0.02,raw,lora_intervention/experiments/linear_probing/results_probe50/Qwen2.5-3B-Instruct_5k_10u/probe_fits_ref.json,
Qwen2.5-3B-Instruct,Qwen2.5,base,5,10,IVQ,ordinal,k9,9,all,expected,0.1,28,0.777778,0.027142857142857142,0.0048445214165180476,25.353571428571428,0.09492337991146764,5,False,1400,0.02,raw,lora_intervention/experiments/linear_probing/results_probe50/Qwen2.5-3B-Instruct_5k_10u/probe_fits_ref.json,
Qwen2.5-3B-Instruct,Qwen2.5,base,5,10,IVQ,ordinal,k9,9,all,expected,0.1,29,0.805556,0.025,0.008748177652797064,25.305714285714288,0.09342290808338564,5,False,1400,0.02,raw,lora_intervention/experiments/linear_probing/results_probe50/Qwen2.5-3B-Instruct_5k_10u/probe_fits_ref.json,
Qwen2.5-3B-Instruct,Qwen2.5,base,5,10,IVQ,ordinal,k9,9,all,expected,0.1,30,0.833333,0.02214285714285714,0.0061445180478875904,25.10214285714286,0.09061644740263546,5,False,1400,0.02,raw,lora_intervention/experiments/linear_probing/results_probe50/Qwen2.5-3B-Instruct_5k_10u/probe_fits_ref.json,
Qwen2.5-3B-Instruct,Qwen2.5,base,5,10,IVQ,ordinal,k9,9,all,expected,0.1,31,0.861111,0.03,0.008630747123996124,24.027857142857144,0.10115987804001284,5,False,1400,0.02,raw,lora_intervention/experiments/linear_probing/results_probe50/Qwen2.5-3B-Instruct_5k_10u/probe_fits_ref.json,
Qwen2.5-3B-Instruct,Qwen2.5,base,5,10,IVQ,ordinal,k9,9,all,expected,0.1,32,0.888889,0.03428571428571429,0.00832993127835043,22.105,0.11616525948636239,5,False,1400,0.02,raw,lora_intervention/experiments/linear_probing/results_probe50/Qwen2.5-3B-Instruct_5k_10u/probe_fits_ref.json,
Qwen2.5-3B-Instruct,Qwen2.5,base,5,10,IVQ,ordinal,k9,9,all,expected,0.1,33,0.916667,0.04857142857142858,0.014914723584157928,18.262857142857143,0.15572293246415564,5,False,1400,0.02,raw,lora_intervention/experiments/linear_probing/results_probe50/Qwen2.5-3B-Instruct_5k_10u/probe_fits_ref.json,
Qwen2.5-3B-Instruct,Qwen2.5,base,5,10,IVQ,ordinal,k9,9,all,expected,0.1,34,0.944444,0.06428571428571428,0.008144110179279554,16.767857142857146,0.17943308652023346,5,False,1400,0.02,raw,lora_intervention/experiments/linear_probing/results_probe50/Qwen2.5-3B-Instruct_5k_10u/probe_fits_ref.json,
Qwen2.5-3B-Instruct,Qwen2.5,base,5,10,IVQ,ordinal,k9,9,all,expected,0.1,35,0.972222,0.062142857142857146,0.009202927661946516,16.13642857142857,0.18290768904714055,5,False,1400,0.02,raw,lora_intervention/experiments/linear_probing/results_probe50/Qwen2.5-3B-Instruct_5k_10u/probe_fits_ref.json,
Qwen2.5-3B-Instruct,Qwen2.5,base,5,10,IVQ,ordinal,k9,9,all,expected,0.1,36,1.0,0.06142857142857142,0.013627702877384937,15.569285714285716,0.18828971943899947,5,False,1400,0.02,raw,lora_intervention/experiments/linear_probing/results_probe50/Qwen2.5-3B-Instruct_5k_10u/probe_fits_ref.json,
Qwen2.5-3B-Instruct,Qwen2.5,base,5,10,CVQ,ordinal,k10,10,all,expected,0.1,0,0.0,0.02857142857142857,0.0,23.11714285714286,0.10755919469932103,5,False,1400,0.02,raw,lora_intervention/experiments/linear_probing/results_probe50/Qwen2.5-3B-Instruct_5k_10u/probe_fits_ref.json,
Qwen2.5-3B-Instruct,Qwen2.5,base,5,10,CVQ,ordinal,k10,10,all,expected,0.1,1,0.027778,0.059999999999999984,0.010449099170234136,19.48357142857143,0.15180236708593303,5,False,1400,0.02,raw,lora_intervention/experiments/linear_probing/results_probe50/Qwen2.5-3B-Instruct_5k_10u/probe_fits_ref.json,
Qwen2.5-3B-Instruct,Qwen2.5,base,5,10,CVQ,ordinal,k10,10,all,expected,0.1,2,0.055556,0.07642857142857143,0.01385051387833237,17.67857142857143,0.1802765208538458,5,False,1400,0.02,raw,lora_intervention/experiments/linear_probing/results_probe50/Qwen2.5-3B-Instruct_5k_10u/probe_fits_ref.json,
Qwen2.5-3B-Instruct,Qwen2.5,base,5,10,CVQ,ordinal,k10,10,all,expected,0.1,3,0.083333,0.07642857142857143,0.019245990836153543,17.460714285714282,0.18340509381585732,5,False,1400,0.02,raw,lora_intervention/experiments/linear_probing/results_probe50/Qwen2.5-3B-Instruct_5k_10u/probe_fits_ref.json,
Qwen2.5-3B-Instruct,Qwen2.5,base,5,10,CVQ,ordinal,k10,10,all,expected,0.1,4,0.111111,0.06642857142857143,0.013093073414159544,18.465,0.16882814290651055,5,False,1400,0.02,raw,lora_intervention/experiments/linear_probing/results_probe50/Qwen2.5-3B-Instruct_5k_10u/probe_fits_ref.json,
Qwen2.5-3B-Instruct,Qwen2.5,base,5,10,CVQ,ordinal,k10,10,all,expected,0.1,5,0.138889,0.06571428571428571,0.013093073414159542,18.71071428571429,0.16952764538364598,5,False,1400,0.02,raw,lora_intervention/experiments/linear_probing/results_probe50/Qwen2.5-3B-Instruct_5k_10u/probe_fits_ref.json,
Qwen2.5-3B-Instruct,Qwen2.5,base,5,10,CVQ,ordinal,k10,10,all,expected,0.1,6,0.166667,0.0657142857142857,0.009202927661946518,18.77285714285714,0.1678408155542617,5,False,1400,0.02,raw,lora_intervention/experiments/linear_probing/results_probe50/Qwen2.5-3B-Instruct_5k_10u/probe_fits_ref.json,
Qwen2.5-3B-Instruct,Qwen2.5,base,5,10,CVQ,ordinal,k10,10,all,expected,0.1,7,0.194444,0.059999999999999984,0.007626484465736648,19.302857142857142,0.1559995651498373,5,False,1400,0.02,raw,lora_intervention/experiments/linear_probing/results_probe50/Qwen2.5-3B-Instruct_5k_10u/probe_fits_ref.json,
Qwen2.5-3B-Instruct,Qwen2.5,base,5,10,CVQ,ordinal,k10,10,all,expected,0.1,8,0.222222,0.05,0.004517539514526256,19.670714285714286,0.14881338236129213,5,False,1400,0.02,raw,lora_intervention/experiments/linear_probing/results_probe50/Qwen2.5-3B-Instruct_5k_10u/probe_fits_ref.json,
Qwen2.5-3B-Instruct,Qwen2.5,base,5,10,CVQ,ordinal,k10,10,all,expected,0.1,9,0.25,0.05071428571428571,0.009948848769417226,20.34,0.1442099227921451,5,False,1400,0.02,raw,lora_intervention/experiments/linear_probing/results_probe50/Qwen2.5-3B-Instruct_5k_10u/probe_fits_ref.json,
Qwen2.5-3B-Instruct,Qwen2.5,base,5,10,CVQ,ordinal,k10,10,all,expected,0.1,10,0.277778,0.05071428571428571,0.009689042833036099,20.404285714285713,0.14205930550117576,5,False,1400,0.02,raw,lora_intervention/experiments/linear_probing/results_probe50/Qwen2.5-3B-Instruct_5k_10u/probe_fits_ref.json,
Qwen2.5-3B-Instruct,Qwen2.5,base,5,10,CVQ,ordinal,k10,10,all,expected,0.1,11,0.305556,0.05071428571428571,0.012657175104763819,20.606428571428573,0.13908717927286013,5,False,1400,0.02,raw,lora_intervention/experiments/linear_probing/results_probe50/Qwen2.5-3B-Instruct_5k_10u/probe_fits_ref.json,
Qwen2.5-3B-Instruct,Qwen2.5,base,5,10,CVQ,ordinal,k10,10,all,expected,0.1,12,0.333333,0.05,0.008451542547285163,20.857857142857142,0.13680622886771648,5,False,1400,0.02,raw,lora_intervention/experiments/linear_probing/results_probe50/Qwen2.5-3B-Instruct_5k_10u/probe_fits_ref.json,
Qwen2.5-3B-Instruct,Qwen2.5,base,5,10,CVQ,ordinal,k10,10,all,expected,0.1,13,0.361111,0.03785714285714285,0.00534522483824849,20.91142857142857,0.12875005018464755,5,False,1400,0.02,raw,lora_intervention/experiments/linear_probing/results_probe50/Qwen2.5-3B-Instruct_5k_10u/probe_fits_ref.json,
Qwen2.5-3B-Instruct,Qwen2.5,base,5,10,CVQ,ordinal,k10,10,all,expected,0.1,14,0.388889,0.037142857142857144,0.012079667518062687,21.158571428571427,0.12586901748374726,5,False,1400,0.02,raw,lora_intervention/experiments/linear_probing/results_probe50/Qwen2.5-3B-Instruct_5k_10u/probe_fits_ref.json,
Qwen2.5-3B-Instruct,Qwen2.5,base,5,10,CVQ,ordinal,k10,10,all,expected,0.1,15,0.416667,0.03928571428571429,0.009035079029052515,21.369285714285713,0.12478999862295267,5,False,1400,0.02,raw,lora_intervention/experiments/linear_probing/results_probe50/Qwen2.5-3B-Instruct_5k_10u/probe_fits_ref.json,
Qwen2.5-3B-Instruct,Qwen2.5,base,5,10,CVQ,ordinal,k10,10,all,expected,0.1,16,0.444444,0.041428571428571426,0.00735402152927643,21.649285714285718,0.12534227983674318,5,False,1400,0.02,raw,lora_intervention/experiments/linear_probing/results_probe50/Qwen2.5-3B-Instruct_5k_10u/probe_fits_ref.json,
Qwen2.5-3B-Instruct,Qwen2.5,base,5,10,CVQ,ordinal,k10,10,all,expected,0.1,17,0.472222,0.036428571428571435,0.005714285714285715,21.95428571428571,0.11919584023289971,5,False,1400,0.02,raw,lora_intervention/experiments/linear_probing/results_probe50/Qwen2.5-3B-Instruct_5k_10u/probe_fits_ref.json,
Qwen2.5-3B-Instruct,Qwen2.5,base,5,10,CVQ,ordinal,k10,10,all,expected,0.1,18,0.5,0.03285714285714285,0.005714285714285714,22.04642857142857,0.11775639967414922,5,False,1400,0.02,raw,lora_intervention/experiments/linear_probing/results_probe50/Qwen2.5-3B-Instruct_5k_10u/probe_fits_ref.json,
Qwen2.5-3B-Instruct,Qwen2.5,base,5,10,CVQ,ordinal,k10,10,all,expected,0.1,19,0.527778,0.03928571428571428,0.009313146293146642,22.39642857142857,0.11851739175293767,5,False,1400,0.02,raw,lora_intervention/experiments/linear_probing/results_probe50/Qwen2.5-3B-Instruct_5k_10u/probe_fits_ref.json,
Qwen2.5-3B-Instruct,Qwen2.5,base,5,10,CVQ,ordinal,k10,10,all,expected,0.1,20,0.555556,0.032857142857142856,0.0072843135908468365,22.529285714285713,0.11449458238771426,5,False,1400,0.02,raw,lora_intervention/experiments/linear_probing/results_probe50/Qwen2.5-3B-Instruct_5k_10u/probe_fits_ref.json,
Qwen2.5-3B-Instruct,Qwen2.5,base,5,10,CVQ,ordinal,k10,10,all,expected,0.1,21,0.583333,0.02571428571428571,0.0061445180478875904,23.503571428571426,0.10681054891782742,5,False,1400,0.02,raw,lora_intervention/experiments/linear_probing/results_probe50/Qwen2.5-3B-Instruct_5k_10u/probe_fits_ref.json,
Qwen2.5-3B-Instruct,Qwen2.5,base,5,10,CVQ,ordinal,k10,10,all,expected,0.1,22,0.611111,0.024285714285714285,0.00614451804788759,24.10857142857143,0.10198654518244724,5,False,1400,0.02,raw,lora_intervention/experiments/linear_probing/results_probe50/Qwen2.5-3B-Instruct_5k_10u/probe_fits_ref.json,
Qwen2.5-3B-Instruct,Qwen2.5,base,5,10,CVQ,ordinal,k10,10,all,expected,0.1,23,0.638889,0.030000000000000006,0.009202927661946518,24.192857142857143,0.10470693990476532,5,False,1400,0.02,raw,lora_intervention/experiments/linear_probing/results_probe50/Qwen2.5-3B-Instruct_5k_10u/probe_fits_ref.json,
Qwen2.5-3B-Instruct,Qwen2.5,base,5,10,CVQ,ordinal,k10,10,all,expected,0.1,24,0.666667,0.03214285714285714,0.006388765649999398,24.379285714285714,0.1066448503007513,5,False,1400,0.02,raw,lora_intervention/experiments/linear_probing/results_probe50/Qwen2.5-3B-Instruct_5k_10u/probe_fits_ref.json,
Qwen2.5-3B-Instruct,Qwen2.5,base,5,10,CVQ,ordinal,k10,10,all,expected,0.1,25,0.694444,0.025,0.012777531299998797,24.702142857142853,0.10063485442874147,5,False,1400,0.02,raw,lora_intervention/experiments/linear_probing/results_probe50/Qwen2.5-3B-Instruct_5k_10u/probe_fits_ref.json,
Qwen2.5-3B-Instruct,Qwen2.5,base,5,10,CVQ,ordinal,k10,10,all,expected,0.1,26,0.722222,0.03571428571428571,0.01564921592871903,24.56214285714286,0.10896179779211675,5,False,1400,0.02,raw,lora_intervention/experiments/linear_probing/results_probe50/Qwen2.5-3B-Instruct_5k_10u/probe_fits_ref.json,
Qwen2.5-3B-Instruct,Qwen2.5,base,5,10,CVQ,ordinal,k10,10,all,expected,0.1,27,0.75,0.03,0.015907898179514348,24.058571428571426,0.1077306650123783,5,False,1400,0.02,raw,lora_intervention/experiments/linear_probing/results_probe50/Qwen2.5-3B-Instruct_5k_10u/probe_fits_ref.json,
Qwen2.5-3B-Instruct,Qwen2.5,base,5,10,CVQ,ordinal,k10,10,all,expected,0.1,28,0.777778,0.024999999999999998,0.009035079029052512,24.807142857142857,0.09881383262442747,5,False,1400,0.02,raw,lora_intervention/experiments/linear_probing/results_probe50/Qwen2.5-3B-Instruct_5k_10u/probe_fits_ref.json,
Qwen2.5-3B-Instruct,Qwen2.5,base,5,10,CVQ,ordinal,k10,10,all,expected,0.1,29,0.805556,0.027857142857142858,0.00614451804788759,24.252857142857145,0.1019754374273127,5,False,1400,0.02,raw,lora_intervention/experiments/linear_probing/results_probe50/Qwen2.5-3B-Instruct_5k_10u/probe_fits_ref.json,
Qwen2.5-3B-Instruct,Qwen2.5,base,5,10,CVQ,ordinal,k10,10,all,expected,0.1,30,0.833333,0.02571428571428571,0.007953949089757174,24.25142857142857,0.10074123543174199,5,False,1400,0.02,raw,lora_intervention/experiments/linear_probing/results_probe50/Qwen2.5-3B-Instruct_5k_10u/probe_fits_ref.json,
Qwen2.5-3B-Instruct,Qwen2.5,base,5,10,CVQ,ordinal,k10,10,all,expected,0.1,31,0.861111,0.04428571428571428,0.015907898179514348,22.52357142857143,0.12583454673401118,5,False,1400,0.02,raw,lora_intervention/experiments/linear_probing/results_probe50/Qwen2.5-3B-Instruct_5k_10u/probe_fits_ref.json,
Qwen2.5-3B-Instruct,Qwen2.5,base,5,10,CVQ,ordinal,k10,10,all,expected,0.1,32,0.888889,0.06642857142857142,0.013477115902938005,18.07785714285714,0.17184520346689638,5,False,1400,0.02,raw,lora_intervention/experiments/linear_probing/results_probe50/Qwen2.5-3B-Instruct_5k_10u/probe_fits_ref.json,
Qwen2.5-3B-Instruct,Qwen2.5,base,5,10,CVQ,ordinal,k10,10,all,expected,0.1,33,0.916667,0.08,0.016381921344542454,15.506428571428572,0.20138854488120422,5,False,1400,0.02,raw,lora_intervention/experiments/linear_probing/results_probe50/Qwen2.5-3B-Instruct_5k_10u/probe_fits_ref.json,
Qwen2.5-3B-Instruct,Qwen2.5,base,5,10,CVQ,ordinal,k10,10,all,expected,0.1,34,0.944444,0.07857142857142857,0.009583148474999102,14.942142857142859,0.20271850533647146,5,False,1400,0.02,raw,lora_intervention/experiments/linear_probing/results_probe50/Qwen2.5-3B-Instruct_5k_10u/probe_fits_ref.json,
Qwen2.5-3B-Instruct,Qwen2.5,base,5,10,CVQ,ordinal,k10,10,all,expected,0.1,35,0.972222,0.07928571428571429,0.008864052604279186,14.471428571428572,0.20854630779733005,5,False,1400,0.02,raw,lora_intervention/experiments/linear_probing/results_probe50/Qwen2.5-3B-Instruct_5k_10u/probe_fits_ref.json,
Qwen2.5-3B-Instruct,Qwen2.5,base,5,10,CVQ,ordinal,k10,10,all,expected,0.1,36,1.0,0.08714285714285715,0.003642156795423419,13.735714285714286,0.21875087123952505,5,False,1400,0.02,raw,lora_intervention/experiments/linear_probing/results_probe50/Qwen2.5-3B-Instruct_5k_10u/probe_fits_ref.json,
Qwen2.5-3B-Instruct,Qwen2.5,base,5,10,CVQ,semantic,CVQ,10,all,expected,0.1,0,0.0,0.024864864864864868,0.0006620242548062644,23.85216216216216,0.10177702013139982,5,False,3700,0.02,raw,lora_intervention/experiments/linear_probing/results_probe50/Qwen2.5-3B-Instruct_5k_10u/probe_fits_ref.json,
Qwen2.5-3B-Instruct,Qwen2.5,base,5,10,CVQ,semantic,CVQ,10,all,expected,0.1,1,0.027778,0.1345945945945946,0.004324324324324325,12.155405405405407,0.2728595491818705,5,False,3700,0.02,raw,lora_intervention/experiments/linear_probing/results_probe50/Qwen2.5-3B-Instruct_5k_10u/probe_fits_ref.json,
Qwen2.5-3B-Instruct,Qwen2.5,base,5,10,CVQ,semantic,CVQ,10,all,expected,0.1,2,0.055556,0.15594594594594594,0.008988264404495079,10.117297297297297,0.31304332482274805,5,False,3700,0.02,raw,lora_intervention/experiments/linear_probing/results_probe50/Qwen2.5-3B-Instruct_5k_10u/probe_fits_ref.json,
Qwen2.5-3B-Instruct,Qwen2.5,base,5,10,CVQ,semantic,CVQ,10,all,expected,0.1,3,0.083333,0.14891891891891892,0.004307399310948443,10.984324324324325,0.3013647116785051,5,False,3700,0.02,raw,lora_intervention/experiments/linear_probing/results_probe50/Qwen2.5-3B-Instruct_5k_10u/probe_fits_ref.json,
Qwen2.5-3B-Instruct,Qwen2.5,base,5,10,CVQ,semantic,CVQ,10,all,expected,0.1,4,0.111111,0.14081081081081082,0.006531376201943012,12.26108108108108,0.2798729548906677,5,False,3700,0.02,raw,lora_intervention/experiments/linear_probing/results_probe50/Qwen2.5-3B-Instruct_5k_10u/probe_fits_ref.json,
Qwen2.5-3B-Instruct,Qwen2.5,base,5,10,CVQ,semantic,CVQ,10,all,expected,0.1,5,0.138889,0.12864864864864867,0.008347808222421893,12.969729729729732,0.2605768190642263,5,False,3700,0.02,raw,lora_intervention/experiments/linear_probing/results_probe50/Qwen2.5-3B-Instruct_5k_10u/probe_fits_ref.json,
Qwen2.5-3B-Instruct,Qwen2.5,base,5,10,CVQ,semantic,CVQ,10,all,expected,0.1,6,0.166667,0.12810810810810808,0.007851804889910241,13.411621621621624,0.25653865926126235,5,False,3700,0.02,raw,lora_intervention/experiments/linear_probing/results_probe50/Qwen2.5-3B-Instruct_5k_10u/probe_fits_ref.json,
Qwen2.5-3B-Instruct,Qwen2.5,base,5,10,CVQ,semantic,CVQ,10,all,expected,0.1,7,0.194444,0.11486486486486487,0.007352146220938078,14.361081081081082,0.23920039504629748,5,False,3700,0.02,raw,lora_intervention/experiments/linear_probing/results_probe50/Qwen2.5-3B-Instruct_5k_10u/probe_fits_ref.json,
Qwen2.5-3B-Instruct,Qwen2.5,base,5,10,CVQ,semantic,CVQ,10,all,expected,0.1,8,0.222222,0.1054054054054054,0.004522486629913922,15.068648648648647,0.2241651643862103,5,False,3700,0.02,raw,lora_intervention/experiments/linear_probing/results_probe50/Qwen2.5-3B-Instruct_5k_10u/probe_fits_ref.json,
Qwen2.5-3B-Instruct,Qwen2.5,base,5,10,CVQ,semantic,CVQ,10,all,expected,0.1,9,0.25,0.09864864864864867,0.004909703276914852,15.911621621621624,0.2124261421511065,5,False,3700,0.02,raw,lora_intervention/experiments/linear_probing/results_probe50/Qwen2.5-3B-Instruct_5k_10u/probe_fits_ref.json,
Qwen2.5-3B-Instruct,Qwen2.5,base,5,10,CVQ,semantic,CVQ,10,all,expected,0.1,10,0.277778,0.0945945945945946,0.010397504898200727,16.26108108108108,0.2076472153175187,5,False,3700,0.02,raw,lora_intervention/experiments/linear_probing/results_probe50/Qwen2.5-3B-Instruct_5k_10u/probe_fits_ref.json,
Qwen2.5-3B-Instruct,Qwen2.5,base,5,10,CVQ,semantic,CVQ,10,all,expected,0.1,11,0.305556,0.09486486486486487,0.00941689264334289,16.67459459459459,0.20289557751792767,5,False,3700,0.02,raw,lora_intervention/experiments/linear_probing/results_probe50/Qwen2.5-3B-Instruct_5k_10u/probe_fits_ref.json,
Qwen2.5-3B-Instruct,Qwen2.5,base,5,10,CVQ,semantic,CVQ,10,all,expected,0.1,12,0.333333,0.08432432432432432,0.007907426399096104,17.074054054054056,0.1931505943310497,5,False,3700,0.02,raw,lora_intervention/experiments/linear_probing/results_probe50/Qwen2.5-3B-Instruct_5k_10u/probe_fits_ref.json,
Qwen2.5-3B-Instruct,Qwen2.5,base,5,10,CVQ,semantic,CVQ,10,all,expected,0.1,13,0.361111,0.08081081081081082,0.008690775778818124,17.384054054054054,0.18640404523326914,5,False,3700,0.02,raw,lora_intervention/experiments/linear_probing/results_probe50/Qwen2.5-3B-Instruct_5k_10u/probe_fits_ref.json,
Qwen2.5-3B-Instruct,Qwen2.5,base,5,10,CVQ,semantic,CVQ,10,all,expected,0.1,14,0.388889,0.0764864864864865,0.009692119501103302,18.003243243243244,0.17957685155923148,5,False,3700,0.02,raw,lora_intervention/experiments/linear_probing/results_probe50/Qwen2.5-3B-Instruct_5k_10u/probe_fits_ref.json,
Qwen2.5-3B-Instruct,Qwen2.5,base,5,10,CVQ,semantic,CVQ,10,all,expected,0.1,15,0.416667,0.0672972972972973,0.005694947974514994,18.454324324324325,0.16956244639887805,5,False,3700,0.02,raw,lora_intervention/experiments/linear_probing/results_probe50/Qwen2.5-3B-Instruct_5k_10u/probe_fits_ref.json,
Qwen2.5-3B-Instruct,Qwen2.5,base,5,10,CVQ,semantic,CVQ,10,all,expected,0.1,16,0.444444,0.06108108108108108,0.00843485758612283,18.37864864864865,0.1659415823473242,5,False,3700,0.02,raw,lora_intervention/experiments/linear_probing/results_probe50/Qwen2.5-3B-Instruct_5k_10u/probe_fits_ref.json,
Qwen2.5-3B-Instruct,Qwen2.5,base,5,10,CVQ,semantic,CVQ,10,all,expected,0.1,17,0.472222,0.061621621621621624,0.004324324324324324,18.456756756756757,0.16443269177991945,5,False,3700,0.02,raw,lora_intervention/experiments/linear_probing/results_probe50/Qwen2.5-3B-Instruct_5k_10u/probe_fits_ref.json,
Qwen2.5-3B-Instruct,Qwen2.5,base,5,10,CVQ,semantic,CVQ,10,all,expected,0.1,18,0.5,0.058918918918918914,0.008224391380920508,19.07324324324324,0.15867453730621142,5,False,3700,0.02,raw,lora_intervention/experiments/linear_probing/results_probe50/Qwen2.5-3B-Instruct_5k_10u/probe_fits_ref.json,
Qwen2.5-3B-Instruct,Qwen2.5,base,5,10,CVQ,semantic,CVQ,10,all,expected,0.1,19,0.527778,0.05081081081081081,0.008400146090767597,19.93945945945946,0.1472948596407961,5,False,3700,0.02,raw,lora_intervention/experiments/linear_probing/results_probe50/Qwen2.5-3B-Instruct_5k_10u/probe_fits_ref.json,
Qwen2.5-3B-Instruct,Qwen2.5,base,5,10,CVQ,semantic,CVQ,10,all,expected,0.1,20,0.555556,0.046216216216216216,0.0072722292146344385,20.175135135135136,0.14157584811334728,5,False,3700,0.02,raw,lora_intervention/experiments/linear_probing/results_probe50/Qwen2.5-3B-Instruct_5k_10u/probe_fits_ref.json,
Qwen2.5-3B-Instruct,Qwen2.5,base,5,10,CVQ,semantic,CVQ,10,all,expected,0.1,21,0.583333,0.037297297297297305,0.009385813704965048,21.546486486486486,0.1252683227881654,5,False,3700,0.02,raw,lora_intervention/experiments/linear_probing/results_probe50/Qwen2.5-3B-Instruct_5k_10u/probe_fits_ref.json,
Qwen2.5-3B-Instruct,Qwen2.5,base,5,10,CVQ,semantic,CVQ,10,all,expected,0.1,22,0.611111,0.035945945945945953,0.0061985648330701165,22.021351351351353,0.12092430091607853,5,False,3700,0.02,raw,lora_intervention/experiments/linear_probing/results_probe50/Qwen2.5-3B-Instruct_5k_10u/probe_fits_ref.json,
Qwen2.5-3B-Instruct,Qwen2.5,base,5,10,CVQ,semantic,CVQ,10,all,expected,0.1,23,0.638889,0.03405405405405405,0.006007056965106181,22.36783783783784,0.11626017071546782,5,False,3700,0.02,raw,lora_intervention/experiments/linear_probing/results_probe50/Qwen2.5-3B-Instruct_5k_10u/probe_fits_ref.json,
Qwen2.5-3B-Instruct,Qwen2.5,base,5,10,CVQ,semantic,CVQ,10,all,expected,0.1,24,0.666667,0.033783783783783786,0.0065089700425904305,22.637567567567565,0.11524794124626618,5,False,3700,0.02,raw,lora_intervention/experiments/linear_probing/results_probe50/Qwen2.5-3B-Instruct_5k_10u/probe_fits_ref.json,
Qwen2.5-3B-Instruct,Qwen2.5,base,5,10,CVQ,semantic,CVQ,10,all,expected,0.1,25,0.694444,0.031081081081081086,0.006338399675437067,22.927567567567568,0.11099834390605172,5,False,3700,0.02,raw,lora_intervention/experiments/linear_probing/results_probe50/Qwen2.5-3B-Instruct_5k_10u/probe_fits_ref.json,
Qwen2.5-3B-Instruct,Qwen2.5,base,5,10,CVQ,semantic,CVQ,10,all,expected,0.1,26,0.722222,0.034594594594594595,0.0038791081336236014,23.06594594594595,0.1141747149116761,5,False,3700,0.02,raw,lora_intervention/experiments/linear_probing/results_probe50/Qwen2.5-3B-Instruct_5k_10u/probe_fits_ref.json,
Qwen2.5-3B-Instruct,Qwen2.5,base,5,10,CVQ,semantic,CVQ,10,all,expected,0.1,27,0.75,0.06999999999999999,0.013765223327834426,18.131621621621623,0.17359572079328436,5,False,3700,0.02,raw,lora_intervention/experiments/linear_probing/results_probe50/Qwen2.5-3B-Instruct_5k_10u/probe_fits_ref.json,
Qwen2.5-3B-Instruct,Qwen2.5,base,5,10,CVQ,semantic,CVQ,10,all,expected,0.1,28,0.777778,0.14432432432432435,0.007990132702213234,13.88081081081081,0.26849005816359617,5,False,3700,0.02,raw,lora_intervention/experiments/linear_probing/results_probe50/Qwen2.5-3B-Instruct_5k_10u/probe_fits_ref.json,
Qwen2.5-3B-Instruct,Qwen2.5,base,5,10,CVQ,semantic,CVQ,10,all,expected,0.1,29,0.805556,0.1862162162162162,0.012426555602781249,12.321891891891893,0.314252513992846,5,False,3700,0.02,raw,lora_intervention/experiments/linear_probing/results_probe50/Qwen2.5-3B-Instruct_5k_10u/probe_fits_ref.json,
Qwen2.5-3B-Instruct,Qwen2.5,base,5,10,CVQ,semantic,CVQ,10,all,expected,0.1,30,0.833333,0.3075675675675676,0.013823472273020998,8.957837837837838,0.43707669668029386,5,False,3700,0.02,raw,lora_intervention/experiments/linear_probing/results_probe50/Qwen2.5-3B-Instruct_5k_10u/probe_fits_ref.json,
Qwen2.5-3B-Instruct,Qwen2.5,base,5,10,CVQ,semantic,CVQ,10,all,expected,0.1,31,0.861111,0.6737837837837837,0.007861102471485928,2.99972972972973,0.7663833038882457,5,False,3700,0.02,raw,lora_intervention/experiments/linear_probing/results_probe50/Qwen2.5-3B-Instruct_5k_10u/probe_fits_ref.json,
Qwen2.5-3B-Instruct,Qwen2.5,base,5,10,CVQ,semantic,CVQ,10,all,expected,0.1,32,0.888889,0.7359459459459459,0.010170209579582045,2.1705405405405407,0.8222524418921211,5,False,3700,0.02,raw,lora_intervention/experiments/linear_probing/results_probe50/Qwen2.5-3B-Instruct_5k_10u/probe_fits_ref.json,
Qwen2.5-3B-Instruct,Qwen2.5,base,5,10,CVQ,semantic,CVQ,10,all,expected,0.1,33,0.916667,0.7348648648648648,0.007016624316620104,1.7664864864864864,0.8318709539113318,5,False,3700,0.02,raw,lora_intervention/experiments/linear_probing/results_probe50/Qwen2.5-3B-Instruct_5k_10u/probe_fits_ref.json,
Qwen2.5-3B-Instruct,Qwen2.5,base,5,10,CVQ,semantic,CVQ,10,all,expected,0.1,34,0.944444,0.7121621621621622,0.014529383844016908,1.7413513513513514,0.8180856441446226,5,False,3700,0.02,raw,lora_intervention/experiments/linear_probing/results_probe50/Qwen2.5-3B-Instruct_5k_10u/probe_fits_ref.json,
Qwen2.5-3B-Instruct,Qwen2.5,base,5,10,CVQ,semantic,CVQ,10,all,expected,0.1,35,0.972222,0.7054054054054053,0.013157471832041157,1.7356756756756755,0.8150719559072499,5,False,3700,0.02,raw,lora_intervention/experiments/linear_probing/results_probe50/Qwen2.5-3B-Instruct_5k_10u/probe_fits_ref.json,
Qwen2.5-3B-Instruct,Qwen2.5,base,5,10,CVQ,semantic,CVQ,10,all,expected,0.1,36,1.0,0.7072972972972973,0.01471918789642173,1.7248648648648648,0.8155277276895697,5,False,3700,0.02,raw,lora_intervention/experiments/linear_probing/results_probe50/Qwen2.5-3B-Instruct_5k_10u/probe_fits_ref.json,
