model,model_family,variant,num_keys,num_updates,condition,query_type,condition_label,slot,subset,label_set,C,layer,rel_depth,top1,top1_std,mean_rank,mrr,n_folds,hit_max_iter,n_probe,chance,provenance_tier,source_file,notes
Qwen2.5-3B-Instruct,Qwen2.5,base,5,10,FVQ,ordinal,k1,1,wrong,cv_first,0.1,0,0.0,0.05267250996015936,0.001554953896720623,21.293813545816732,0.13667982129845907,5,False,1253,0.02,raw,lora_intervention/experiments/linear_probing/results_probe50/Qwen2.5-3B-Instruct_5k_10u/probe_fits_wrong.json,"DEGENERATE: cv_first == expected at k=1, not a control here"
Qwen2.5-3B-Instruct,Qwen2.5,base,5,10,FVQ,ordinal,k1,1,wrong,cv_first,0.1,1,0.027778,0.03831394422310757,0.01485897781674045,22.740698007968128,0.11861298732720227,5,False,1253,0.02,raw,lora_intervention/experiments/linear_probing/results_probe50/Qwen2.5-3B-Instruct_5k_10u/probe_fits_wrong.json,"DEGENERATE: cv_first == expected at k=1, not a control here"
Qwen2.5-3B-Instruct,Qwen2.5,base,5,10,FVQ,ordinal,k1,1,wrong,cv_first,0.1,2,0.055556,0.04071075697211155,0.009927555753171556,22.674027091633466,0.12003412468221808,5,False,1253,0.02,raw,lora_intervention/experiments/linear_probing/results_probe50/Qwen2.5-3B-Instruct_5k_10u/probe_fits_wrong.json,"DEGENERATE: cv_first == expected at k=1, not a control here"
Qwen2.5-3B-Instruct,Qwen2.5,base,5,10,FVQ,ordinal,k1,1,wrong,cv_first,0.1,3,0.083333,0.03831713147410358,0.011473101328515296,22.84984541832669,0.11848728495973906,5,False,1253,0.02,raw,lora_intervention/experiments/linear_probing/results_probe50/Qwen2.5-3B-Instruct_5k_10u/probe_fits_wrong.json,"DEGENERATE: cv_first == expected at k=1, not a control here"
Qwen2.5-3B-Instruct,Qwen2.5,base,5,10,FVQ,ordinal,k1,1,wrong,cv_first,0.1,4,0.111111,0.03909800796812749,0.008493587963368852,22.826642231075695,0.11948212555648521,5,False,1253,0.02,raw,lora_intervention/experiments/linear_probing/results_probe50/Qwen2.5-3B-Instruct_5k_10u/probe_fits_wrong.json,"DEGENERATE: cv_first == expected at k=1, not a control here"
Qwen2.5-3B-Instruct,Qwen2.5,base,5,10,FVQ,ordinal,k1,1,wrong,cv_first,0.1,5,0.138889,0.03751075697211155,0.006478470069030683,22.97531792828685,0.11780965477328968,5,False,1253,0.02,raw,lora_intervention/experiments/linear_probing/results_probe50/Qwen2.5-3B-Instruct_5k_10u/probe_fits_wrong.json,"DEGENERATE: cv_first == expected at k=1, not a control here"
Qwen2.5-3B-Instruct,Qwen2.5,base,5,10,FVQ,ordinal,k1,1,wrong,cv_first,0.1,6,0.166667,0.038304382470119525,0.005944454670088827,22.739056573705177,0.11848102886273973,5,False,1253,0.02,raw,lora_intervention/experiments/linear_probing/results_probe50/Qwen2.5-3B-Instruct_5k_10u/probe_fits_wrong.json,"DEGENERATE: cv_first == expected at k=1, not a control here"
Qwen2.5-3B-Instruct,Qwen2.5,base,5,10,FVQ,ordinal,k1,1,wrong,cv_first,0.1,7,0.194444,0.03591075697211155,0.0035354587958734696,22.709701992031874,0.11837079219815497,5,False,1253,0.02,raw,lora_intervention/experiments/linear_probing/results_probe50/Qwen2.5-3B-Instruct_5k_10u/probe_fits_wrong.json,"DEGENERATE: cv_first == expected at k=1, not a control here"
Qwen2.5-3B-Instruct,Qwen2.5,base,5,10,FVQ,ordinal,k1,1,wrong,cv_first,0.1,8,0.222222,0.034317131474103583,0.0119818833313557,22.7295203187251,0.118046137796572,5,False,1253,0.02,raw,lora_intervention/experiments/linear_probing/results_probe50/Qwen2.5-3B-Instruct_5k_10u/probe_fits_wrong.json,"DEGENERATE: cv_first == expected at k=1, not a control here"
Qwen2.5-3B-Instruct,Qwen2.5,base,5,10,FVQ,ordinal,k1,1,wrong,cv_first,0.1,9,0.25,0.02634581673306773,0.012803288414276208,22.781969721115537,0.11193752364696574,5,False,1253,0.02,raw,lora_intervention/experiments/linear_probing/results_probe50/Qwen2.5-3B-Instruct_5k_10u/probe_fits_wrong.json,"DEGENERATE: cv_first == expected at k=1, not a control here"
Qwen2.5-3B-Instruct,Qwen2.5,base,5,10,FVQ,ordinal,k1,1,wrong,cv_first,0.1,10,0.277778,0.027936254980079678,0.009800711300763869,22.88246374501992,0.11108597537407235,5,False,1253,0.02,raw,lora_intervention/experiments/linear_probing/results_probe50/Qwen2.5-3B-Instruct_5k_10u/probe_fits_wrong.json,"DEGENERATE: cv_first == expected at k=1, not a control here"
Qwen2.5-3B-Instruct,Qwen2.5,base,5,10,FVQ,ordinal,k1,1,wrong,cv_first,0.1,11,0.305556,0.03351713147410358,0.006476807722113867,22.586932270916332,0.1157102137194028,5,False,1253,0.02,raw,lora_intervention/experiments/linear_probing/results_probe50/Qwen2.5-3B-Instruct_5k_10u/probe_fits_wrong.json,"DEGENERATE: cv_first == expected at k=1, not a control here"
Qwen2.5-3B-Instruct,Qwen2.5,base,5,10,FVQ,ordinal,k1,1,wrong,cv_first,0.1,12,0.333333,0.03351713147410358,0.005953759266945511,22.27194581673307,0.11703999769102987,5,False,1253,0.02,raw,lora_intervention/experiments/linear_probing/results_probe50/Qwen2.5-3B-Instruct_5k_10u/probe_fits_wrong.json,"DEGENERATE: cv_first == expected at k=1, not a control here"
Qwen2.5-3B-Instruct,Qwen2.5,base,5,10,FVQ,ordinal,k1,1,wrong,cv_first,0.1,13,0.361111,0.026342629482071712,0.007434156193321038,22.075837450199202,0.11572693053193268,5,False,1253,0.02,raw,lora_intervention/experiments/linear_probing/results_probe50/Qwen2.5-3B-Instruct_5k_10u/probe_fits_wrong.json,"DEGENERATE: cv_first == expected at k=1, not a control here"
Qwen2.5-3B-Instruct,Qwen2.5,base,5,10,FVQ,ordinal,k1,1,wrong,cv_first,0.1,14,0.388889,0.03511394422310757,0.005854448268686105,22.015697211155377,0.12092115010775609,5,False,1253,0.02,raw,lora_intervention/experiments/linear_probing/results_probe50/Qwen2.5-3B-Instruct_5k_10u/probe_fits_wrong.json,"DEGENERATE: cv_first == expected at k=1, not a control here"
Qwen2.5-3B-Instruct,Qwen2.5,base,5,10,FVQ,ordinal,k1,1,wrong,cv_first,0.1,15,0.416667,0.03272350597609562,0.009248244715457042,21.708484462151393,0.12109660585377549,5,False,1253,0.02,raw,lora_intervention/experiments/linear_probing/results_probe50/Qwen2.5-3B-Instruct_5k_10u/probe_fits_wrong.json,"DEGENERATE: cv_first == expected at k=1, not a control here"
Qwen2.5-3B-Instruct,Qwen2.5,base,5,10,FVQ,ordinal,k1,1,wrong,cv_first,0.1,16,0.444444,0.033510756972111554,0.010244572398628263,21.87151235059761,0.12385635674968087,5,False,1253,0.02,raw,lora_intervention/experiments/linear_probing/results_probe50/Qwen2.5-3B-Instruct_5k_10u/probe_fits_wrong.json,"DEGENERATE: cv_first == expected at k=1, not a control here"
Qwen2.5-3B-Instruct,Qwen2.5,base,5,10,FVQ,ordinal,k1,1,wrong,cv_first,0.1,17,0.472222,0.03829800796812749,0.009257515229734071,21.544640637450197,0.1277980983987245,5,False,1253,0.02,raw,lora_intervention/experiments/linear_probing/results_probe50/Qwen2.5-3B-Instruct_5k_10u/probe_fits_wrong.json,"DEGENERATE: cv_first == expected at k=1, not a control here"
Qwen2.5-3B-Instruct,Qwen2.5,base,5,10,FVQ,ordinal,k1,1,wrong,cv_first,0.1,18,0.5,0.039898007968127494,0.010056514832660202,21.49505338645418,0.12745878101820768,5,False,1253,0.02,raw,lora_intervention/experiments/linear_probing/results_probe50/Qwen2.5-3B-Instruct_5k_10u/probe_fits_wrong.json,"DEGENERATE: cv_first == expected at k=1, not a control here"
Qwen2.5-3B-Instruct,Qwen2.5,base,5,10,FVQ,ordinal,k1,1,wrong,cv_first,0.1,19,0.527778,0.03750438247011952,0.011420163607550684,21.34767490039841,0.1300211052431888,5,False,1253,0.02,raw,lora_intervention/experiments/linear_probing/results_probe50/Qwen2.5-3B-Instruct_5k_10u/probe_fits_wrong.json,"DEGENERATE: cv_first == expected at k=1, not a control here"
Qwen2.5-3B-Instruct,Qwen2.5,base,5,10,FVQ,ordinal,k1,1,wrong,cv_first,0.1,20,0.555556,0.04548207171314741,0.004706567259547551,21.64865019920319,0.1283743724340623,5,False,1253,0.02,raw,lora_intervention/experiments/linear_probing/results_probe50/Qwen2.5-3B-Instruct_5k_10u/probe_fits_wrong.json,"DEGENERATE: cv_first == expected at k=1, not a control here"
Qwen2.5-3B-Instruct,Qwen2.5,base,5,10,FVQ,ordinal,k1,1,wrong,cv_first,0.1,21,0.583333,0.044698007968127486,0.00533697922503511,21.394186454183266,0.12938032682436043,5,False,1253,0.02,raw,lora_intervention/experiments/linear_probing/results_probe50/Qwen2.5-3B-Instruct_5k_10u/probe_fits_wrong.json,"DEGENERATE: cv_first == expected at k=1, not a control here"
Qwen2.5-3B-Instruct,Qwen2.5,base,5,10,FVQ,ordinal,k1,1,wrong,cv_first,0.1,22,0.611111,0.04229163346613546,0.005356615056904804,21.046964143426294,0.13236002288157098,5,False,1253,0.02,raw,lora_intervention/experiments/linear_probing/results_probe50/Qwen2.5-3B-Instruct_5k_10u/probe_fits_wrong.json,"DEGENERATE: cv_first == expected at k=1, not a control here"
Qwen2.5-3B-Instruct,Qwen2.5,base,5,10,FVQ,ordinal,k1,1,wrong,cv_first,0.1,23,0.638889,0.13966852589641432,0.03041834672051146,14.584003187250994,0.2607161931221596,5,False,1253,0.02,raw,lora_intervention/experiments/linear_probing/results_probe50/Qwen2.5-3B-Instruct_5k_10u/probe_fits_wrong.json,"DEGENERATE: cv_first == expected at k=1, not a control here"
Qwen2.5-3B-Instruct,Qwen2.5,base,5,10,FVQ,ordinal,k1,1,wrong,cv_first,0.1,24,0.666667,0.1173195219123506,0.03712521999892915,15.25483346613546,0.2386139278677147,5,False,1253,0.02,raw,lora_intervention/experiments/linear_probing/results_probe50/Qwen2.5-3B-Instruct_5k_10u/probe_fits_wrong.json,"DEGENERATE: cv_first == expected at k=1, not a control here"
Qwen2.5-3B-Instruct,Qwen2.5,base,5,10,FVQ,ordinal,k1,1,wrong,cv_first,0.1,25,0.694444,0.16599203187250997,0.014730372798931845,12.984411155378485,0.29241320161532347,5,False,1253,0.02,raw,lora_intervention/experiments/linear_probing/results_probe50/Qwen2.5-3B-Instruct_5k_10u/probe_fits_wrong.json,"DEGENERATE: cv_first == expected at k=1, not a control here"
Qwen2.5-3B-Instruct,Qwen2.5,base,5,10,FVQ,ordinal,k1,1,wrong,cv_first,0.1,26,0.722222,0.17397928286852588,0.00887699126690989,11.688758565737052,0.3114825462880334,5,False,1253,0.02,raw,lora_intervention/experiments/linear_probing/results_probe50/Qwen2.5-3B-Instruct_5k_10u/probe_fits_wrong.json,"DEGENERATE: cv_first == expected at k=1, not a control here"
Qwen2.5-3B-Instruct,Qwen2.5,base,5,10,FVQ,ordinal,k1,1,wrong,cv_first,0.1,27,0.75,0.2051155378486056,0.022408786345912132,11.521156972111553,0.3292910306314705,5,False,1253,0.02,raw,lora_intervention/experiments/linear_probing/results_probe50/Qwen2.5-3B-Instruct_5k_10u/probe_fits_wrong.json,"DEGENERATE: cv_first == expected at k=1, not a control here"
Qwen2.5-3B-Instruct,Qwen2.5,base,5,10,FVQ,ordinal,k1,1,wrong,cv_first,0.1,28,0.777778,0.27936573705179285,0.020843443074989552,10.04219920318725,0.40716325558489475,5,False,1253,0.02,raw,lora_intervention/experiments/linear_probing/results_probe50/Qwen2.5-3B-Instruct_5k_10u/probe_fits_wrong.json,"DEGENERATE: cv_first == expected at k=1, not a control here"
Qwen2.5-3B-Instruct,Qwen2.5,base,5,10,FVQ,ordinal,k1,1,wrong,cv_first,0.1,29,0.805556,0.27534980079681276,0.010673667221234305,9.741243027888448,0.4059885305521579,5,False,1253,0.02,raw,lora_intervention/experiments/linear_probing/results_probe50/Qwen2.5-3B-Instruct_5k_10u/probe_fits_wrong.json,"DEGENERATE: cv_first == expected at k=1, not a control here"
Qwen2.5-3B-Instruct,Qwen2.5,base,5,10,FVQ,ordinal,k1,1,wrong,cv_first,0.1,30,0.833333,0.2777593625498008,0.028833951230168804,9.473721115537849,0.412460322344419,5,False,1253,0.02,raw,lora_intervention/experiments/linear_probing/results_probe50/Qwen2.5-3B-Instruct_5k_10u/probe_fits_wrong.json,"DEGENERATE: cv_first == expected at k=1, not a control here"
Qwen2.5-3B-Instruct,Qwen2.5,base,5,10,FVQ,ordinal,k1,1,wrong,cv_first,0.1,31,0.861111,0.3687298804780876,0.014762218096399486,6.954058964143426,0.5078128334454212,5,False,1253,0.02,raw,lora_intervention/experiments/linear_probing/results_probe50/Qwen2.5-3B-Instruct_5k_10u/probe_fits_wrong.json,"DEGENERATE: cv_first == expected at k=1, not a control here"
Qwen2.5-3B-Instruct,Qwen2.5,base,5,10,FVQ,ordinal,k1,1,wrong,cv_first,0.1,32,0.888889,0.39266932270916327,0.03328436921648269,6.086176892430279,0.5364196708434188,5,False,1253,0.02,raw,lora_intervention/experiments/linear_probing/results_probe50/Qwen2.5-3B-Instruct_5k_10u/probe_fits_wrong.json,"DEGENERATE: cv_first == expected at k=1, not a control here"
Qwen2.5-3B-Instruct,Qwen2.5,base,5,10,FVQ,ordinal,k1,1,wrong,cv_first,0.1,33,0.916667,0.3543394422310757,0.016769455105332714,5.73085577689243,0.514332599230738,5,False,1253,0.02,raw,lora_intervention/experiments/linear_probing/results_probe50/Qwen2.5-3B-Instruct_5k_10u/probe_fits_wrong.json,"DEGENERATE: cv_first == expected at k=1, not a control here"
Qwen2.5-3B-Instruct,Qwen2.5,base,5,10,FVQ,ordinal,k1,1,wrong,cv_first,0.1,34,0.944444,0.34714262948207175,0.02870770684299978,4.936841434262948,0.5255982117796203,5,False,1253,0.02,raw,lora_intervention/experiments/linear_probing/results_probe50/Qwen2.5-3B-Instruct_5k_10u/probe_fits_wrong.json,"DEGENERATE: cv_first == expected at k=1, not a control here"
Qwen2.5-3B-Instruct,Qwen2.5,base,5,10,FVQ,ordinal,k1,1,wrong,cv_first,0.1,35,0.972222,0.3447362549800797,0.03298010859676716,4.849883665338646,0.5255040713750605,5,False,1253,0.02,raw,lora_intervention/experiments/linear_probing/results_probe50/Qwen2.5-3B-Instruct_5k_10u/probe_fits_wrong.json,"DEGENERATE: cv_first == expected at k=1, not a control here"
Qwen2.5-3B-Instruct,Qwen2.5,base,5,10,FVQ,ordinal,k1,1,wrong,cv_first,0.1,36,1.0,0.34872350597609564,0.02922508884508118,4.716570517928287,0.5292140415558919,5,False,1253,0.02,raw,lora_intervention/experiments/linear_probing/results_probe50/Qwen2.5-3B-Instruct_5k_10u/probe_fits_wrong.json,"DEGENERATE: cv_first == expected at k=1, not a control here"
Qwen2.5-3B-Instruct,Qwen2.5,base,5,10,FVQ,ordinal,k1,1,wrong,cv_last,0.1,0,0.0,0.030326693227091632,0.0019461553979584082,22.910642231075695,0.11013433423908547,5,False,1253,0.02,raw,lora_intervention/experiments/linear_probing/results_probe50/Qwen2.5-3B-Instruct_5k_10u/probe_fits_wrong.json,
Qwen2.5-3B-Instruct,Qwen2.5,base,5,10,FVQ,ordinal,k1,1,wrong,cv_last,0.1,1,0.027778,0.05026294820717131,0.011656631413909737,21.175882071713147,0.13924482809538613,5,False,1253,0.02,raw,lora_intervention/experiments/linear_probing/results_probe50/Qwen2.5-3B-Instruct_5k_10u/probe_fits_wrong.json,
Qwen2.5-3B-Instruct,Qwen2.5,base,5,10,FVQ,ordinal,k1,1,wrong,cv_last,0.1,2,0.055556,0.062234262948207164,0.016224383046158905,18.940082868525895,0.1661969823697844,5,False,1253,0.02,raw,lora_intervention/experiments/linear_probing/results_probe50/Qwen2.5-3B-Instruct_5k_10u/probe_fits_wrong.json,
Qwen2.5-3B-Instruct,Qwen2.5,base,5,10,FVQ,ordinal,k1,1,wrong,cv_last,0.1,3,0.083333,0.07341513944223108,0.014571968642661031,18.328350597609564,0.17680846402364434,5,False,1253,0.02,raw,lora_intervention/experiments/linear_probing/results_probe50/Qwen2.5-3B-Instruct_5k_10u/probe_fits_wrong.json,
Qwen2.5-3B-Instruct,Qwen2.5,base,5,10,FVQ,ordinal,k1,1,wrong,cv_last,0.1,4,0.111111,0.06623426294820717,0.006408232669410692,19.158495617529884,0.1702320587544656,5,False,1253,0.02,raw,lora_intervention/experiments/linear_probing/results_probe50/Qwen2.5-3B-Instruct_5k_10u/probe_fits_wrong.json,
Qwen2.5-3B-Instruct,Qwen2.5,base,5,10,FVQ,ordinal,k1,1,wrong,cv_last,0.1,5,0.138889,0.06463745019920318,0.013862292256936453,19.393628685258967,0.16431846711049497,5,False,1253,0.02,raw,lora_intervention/experiments/linear_probing/results_probe50/Qwen2.5-3B-Instruct_5k_10u/probe_fits_wrong.json,
Qwen2.5-3B-Instruct,Qwen2.5,base,5,10,FVQ,ordinal,k1,1,wrong,cv_last,0.1,6,0.166667,0.06382470119521913,0.015255063631376922,19.677781673306775,0.16129954442842911,5,False,1253,0.02,raw,lora_intervention/experiments/linear_probing/results_probe50/Qwen2.5-3B-Instruct_5k_10u/probe_fits_wrong.json,
Qwen2.5-3B-Instruct,Qwen2.5,base,5,10,FVQ,ordinal,k1,1,wrong,cv_last,0.1,7,0.194444,0.052669322709163344,0.0084827833504821,20.082779282868525,0.1514854986637339,5,False,1253,0.02,raw,lora_intervention/experiments/linear_probing/results_probe50/Qwen2.5-3B-Instruct_5k_10u/probe_fits_wrong.json,
Qwen2.5-3B-Instruct,Qwen2.5,base,5,10,FVQ,ordinal,k1,1,wrong,cv_last,0.1,8,0.222222,0.05186932270916335,0.007084638835315899,20.498514741035855,0.14629299385327466,5,False,1253,0.02,raw,lora_intervention/experiments/linear_probing/results_probe50/Qwen2.5-3B-Instruct_5k_10u/probe_fits_wrong.json,
Qwen2.5-3B-Instruct,Qwen2.5,base,5,10,FVQ,ordinal,k1,1,wrong,cv_last,0.1,9,0.25,0.04627569721115538,0.010222614564879506,21.018132270916333,0.1399759505082893,5,False,1253,0.02,raw,lora_intervention/experiments/linear_probing/results_probe50/Qwen2.5-3B-Instruct_5k_10u/probe_fits_wrong.json,
Qwen2.5-3B-Instruct,Qwen2.5,base,5,10,FVQ,ordinal,k1,1,wrong,cv_last,0.1,10,0.277778,0.05426932270916335,0.010278899780710659,21.042132270916333,0.14415829477891062,5,False,1253,0.02,raw,lora_intervention/experiments/linear_probing/results_probe50/Qwen2.5-3B-Instruct_5k_10u/probe_fits_wrong.json,
Qwen2.5-3B-Instruct,Qwen2.5,base,5,10,FVQ,ordinal,k1,1,wrong,cv_last,0.1,11,0.305556,0.05028525896414343,0.012030855501726672,20.976267729083666,0.14209446132855413,5,False,1253,0.02,raw,lora_intervention/experiments/linear_probing/results_probe50/Qwen2.5-3B-Instruct_5k_10u/probe_fits_wrong.json,
Qwen2.5-3B-Instruct,Qwen2.5,base,5,10,FVQ,ordinal,k1,1,wrong,cv_last,0.1,12,0.333333,0.054272509960159365,0.008234104879519925,21.182846215139442,0.1422220392302583,5,False,1253,0.02,raw,lora_intervention/experiments/linear_probing/results_probe50/Qwen2.5-3B-Instruct_5k_10u/probe_fits_wrong.json,
Qwen2.5-3B-Instruct,Qwen2.5,base,5,10,FVQ,ordinal,k1,1,wrong,cv_last,0.1,13,0.361111,0.05027569721115538,0.013479077775941425,21.58796812749004,0.13483839757064886,5,False,1253,0.02,raw,lora_intervention/experiments/linear_probing/results_probe50/Qwen2.5-3B-Instruct_5k_10u/probe_fits_wrong.json,
Qwen2.5-3B-Instruct,Qwen2.5,base,5,10,FVQ,ordinal,k1,1,wrong,cv_last,0.1,14,0.388889,0.055866135458167335,0.012093177924034046,21.67248446215139,0.13934474290905094,5,False,1253,0.02,raw,lora_intervention/experiments/linear_probing/results_probe50/Qwen2.5-3B-Instruct_5k_10u/probe_fits_wrong.json,
Qwen2.5-3B-Instruct,Qwen2.5,base,5,10,FVQ,ordinal,k1,1,wrong,cv_last,0.1,15,0.416667,0.04389800796812749,0.010109594402632106,21.81277131474104,0.13129777061519357,5,False,1253,0.02,raw,lora_intervention/experiments/linear_probing/results_probe50/Qwen2.5-3B-Instruct_5k_10u/probe_fits_wrong.json,
Qwen2.5-3B-Instruct,Qwen2.5,base,5,10,FVQ,ordinal,k1,1,wrong,cv_last,0.1,16,0.444444,0.04789800796812749,0.010172408029219765,22.186782470119518,0.13293094926648472,5,False,1253,0.02,raw,lora_intervention/experiments/linear_probing/results_probe50/Qwen2.5-3B-Instruct_5k_10u/probe_fits_wrong.json,
Qwen2.5-3B-Instruct,Qwen2.5,base,5,10,FVQ,ordinal,k1,1,wrong,cv_last,0.1,17,0.472222,0.04470119521912351,0.005365043848553044,21.923126693227093,0.131699130264559,5,False,1253,0.02,raw,lora_intervention/experiments/linear_probing/results_probe50/Qwen2.5-3B-Instruct_5k_10u/probe_fits_wrong.json,
Qwen2.5-3B-Instruct,Qwen2.5,base,5,10,FVQ,ordinal,k1,1,wrong,cv_last,0.1,18,0.5,0.041494820717131474,0.008178292284519835,22.01685099601594,0.1291357457243351,5,False,1253,0.02,raw,lora_intervention/experiments/linear_probing/results_probe50/Qwen2.5-3B-Instruct_5k_10u/probe_fits_wrong.json,
Qwen2.5-3B-Instruct,Qwen2.5,base,5,10,FVQ,ordinal,k1,1,wrong,cv_last,0.1,19,0.527778,0.03911394422310757,0.00691843910187518,22.301007171314744,0.12255529358518476,5,False,1253,0.02,raw,lora_intervention/experiments/linear_probing/results_probe50/Qwen2.5-3B-Instruct_5k_10u/probe_fits_wrong.json,
Qwen2.5-3B-Instruct,Qwen2.5,base,5,10,FVQ,ordinal,k1,1,wrong,cv_last,0.1,20,0.555556,0.043907569721115536,0.0091691256330776,22.830243824701196,0.1241356146476309,5,False,1253,0.02,raw,lora_intervention/experiments/linear_probing/results_probe50/Qwen2.5-3B-Instruct_5k_10u/probe_fits_wrong.json,
Qwen2.5-3B-Instruct,Qwen2.5,base,5,10,FVQ,ordinal,k1,1,wrong,cv_last,0.1,21,0.583333,0.031120318725099606,0.009570983061650488,24.03745338645418,0.11062367157409628,5,False,1253,0.02,raw,lora_intervention/experiments/linear_probing/results_probe50/Qwen2.5-3B-Instruct_5k_10u/probe_fits_wrong.json,
Qwen2.5-3B-Instruct,Qwen2.5,base,5,10,FVQ,ordinal,k1,1,wrong,cv_last,0.1,22,0.611111,0.03591075697211156,0.005625706574917676,24.24916334661355,0.11138505340541623,5,False,1253,0.02,raw,lora_intervention/experiments/linear_probing/results_probe50/Qwen2.5-3B-Instruct_5k_10u/probe_fits_wrong.json,
Qwen2.5-3B-Instruct,Qwen2.5,base,5,10,FVQ,ordinal,k1,1,wrong,cv_last,0.1,23,0.638889,0.027129880478087648,0.00583468582476142,24.91757768924303,0.09931898774118866,5,False,1253,0.02,raw,lora_intervention/experiments/linear_probing/results_probe50/Qwen2.5-3B-Instruct_5k_10u/probe_fits_wrong.json,
Qwen2.5-3B-Instruct,Qwen2.5,base,5,10,FVQ,ordinal,k1,1,wrong,cv_last,0.1,24,0.666667,0.026342629482071712,0.003243080747829244,25.15110119521912,0.09679700023824231,5,False,1253,0.02,raw,lora_intervention/experiments/linear_probing/results_probe50/Qwen2.5-3B-Instruct_5k_10u/probe_fits_wrong.json,
Qwen2.5-3B-Instruct,Qwen2.5,base,5,10,FVQ,ordinal,k1,1,wrong,cv_last,0.1,25,0.694444,0.0215394422310757,0.008189502351347001,25.28899123505976,0.09498214534597114,5,False,1253,0.02,raw,lora_intervention/experiments/linear_probing/results_probe50/Qwen2.5-3B-Instruct_5k_10u/probe_fits_wrong.json,
Qwen2.5-3B-Instruct,Qwen2.5,base,5,10,FVQ,ordinal,k1,1,wrong,cv_last,0.1,26,0.722222,0.023145816733067728,0.009229954210573854,25.739196812749004,0.09464039100649592,5,False,1253,0.02,raw,lora_intervention/experiments/linear_probing/results_probe50/Qwen2.5-3B-Instruct_5k_10u/probe_fits_wrong.json,
Qwen2.5-3B-Instruct,Qwen2.5,base,5,10,FVQ,ordinal,k1,1,wrong,cv_last,0.1,27,0.75,0.01515856573705179,0.00921719373619055,25.606670916334657,0.08673023252093282,5,False,1253,0.02,raw,lora_intervention/experiments/linear_probing/results_probe50/Qwen2.5-3B-Instruct_5k_10u/probe_fits_wrong.json,
Qwen2.5-3B-Instruct,Qwen2.5,base,5,10,FVQ,ordinal,k1,1,wrong,cv_last,0.1,28,0.777778,0.030320318725099597,0.00960984241726069,25.627394422310754,0.09764958276405902,5,False,1253,0.02,raw,lora_intervention/experiments/linear_probing/results_probe50/Qwen2.5-3B-Instruct_5k_10u/probe_fits_wrong.json,
Qwen2.5-3B-Instruct,Qwen2.5,base,5,10,FVQ,ordinal,k1,1,wrong,cv_last,0.1,29,0.805556,0.02714262948207171,0.0068938949690749846,25.616385657370518,0.09756145122654021,5,False,1253,0.02,raw,lora_intervention/experiments/linear_probing/results_probe50/Qwen2.5-3B-Instruct_5k_10u/probe_fits_wrong.json,
Qwen2.5-3B-Instruct,Qwen2.5,base,5,10,FVQ,ordinal,k1,1,wrong,cv_last,0.1,30,0.833333,0.02474262948207171,0.004658465819218678,25.5464,0.09597105729637434,5,False,1253,0.02,raw,lora_intervention/experiments/linear_probing/results_probe50/Qwen2.5-3B-Instruct_5k_10u/probe_fits_wrong.json,
Qwen2.5-3B-Instruct,Qwen2.5,base,5,10,FVQ,ordinal,k1,1,wrong,cv_last,0.1,31,0.861111,0.027926693227091636,0.009071201906063557,24.891196812749005,0.10087692975130877,5,False,1253,0.02,raw,lora_intervention/experiments/linear_probing/results_probe50/Qwen2.5-3B-Instruct_5k_10u/probe_fits_wrong.json,
Qwen2.5-3B-Instruct,Qwen2.5,base,5,10,FVQ,ordinal,k1,1,wrong,cv_last,0.1,32,0.888889,0.03111394422310757,0.009863100513231093,23.346852589641433,0.11128103924609627,5,False,1253,0.02,raw,lora_intervention/experiments/linear_probing/results_probe50/Qwen2.5-3B-Instruct_5k_10u/probe_fits_wrong.json,
Qwen2.5-3B-Instruct,Qwen2.5,base,5,10,FVQ,ordinal,k1,1,wrong,cv_last,0.1,33,0.916667,0.0319394422310757,0.008805794825430539,21.935005577689246,0.12129154234610769,5,False,1253,0.02,raw,lora_intervention/experiments/linear_probing/results_probe50/Qwen2.5-3B-Instruct_5k_10u/probe_fits_wrong.json,
Qwen2.5-3B-Instruct,Qwen2.5,base,5,10,FVQ,ordinal,k1,1,wrong,cv_last,0.1,34,0.944444,0.04786613545816733,0.01203605151562292,20.121698804780877,0.14206285339478367,5,False,1253,0.02,raw,lora_intervention/experiments/linear_probing/results_probe50/Qwen2.5-3B-Instruct_5k_10u/probe_fits_wrong.json,
Qwen2.5-3B-Instruct,Qwen2.5,base,5,10,FVQ,ordinal,k1,1,wrong,cv_last,0.1,35,0.972222,0.04706932270916335,0.009497524520437796,19.616812749003987,0.14421770249933846,5,False,1253,0.02,raw,lora_intervention/experiments/linear_probing/results_probe50/Qwen2.5-3B-Instruct_5k_10u/probe_fits_wrong.json,
Qwen2.5-3B-Instruct,Qwen2.5,base,5,10,FVQ,ordinal,k1,1,wrong,cv_last,0.1,36,1.0,0.04946932270916335,0.008149137018840638,19.31335458167331,0.14815026504100398,5,False,1253,0.02,raw,lora_intervention/experiments/linear_probing/results_probe50/Qwen2.5-3B-Instruct_5k_10u/probe_fits_wrong.json,
Qwen2.5-3B-Instruct,Qwen2.5,base,5,10,FVQ,ordinal,k1,1,wrong,expected,0.1,0,0.0,0.05267250996015936,0.001554953896720623,21.293813545816732,0.13667982129845907,5,False,1253,0.02,raw,lora_intervention/experiments/linear_probing/results_probe50/Qwen2.5-3B-Instruct_5k_10u/probe_fits_wrong.json,
Qwen2.5-3B-Instruct,Qwen2.5,base,5,10,FVQ,ordinal,k1,1,wrong,expected,0.1,1,0.027778,0.03831394422310757,0.01485897781674045,22.740698007968128,0.11861298732720227,5,False,1253,0.02,raw,lora_intervention/experiments/linear_probing/results_probe50/Qwen2.5-3B-Instruct_5k_10u/probe_fits_wrong.json,
Qwen2.5-3B-Instruct,Qwen2.5,base,5,10,FVQ,ordinal,k1,1,wrong,expected,0.1,2,0.055556,0.04071075697211155,0.009927555753171556,22.674027091633466,0.12003412468221808,5,False,1253,0.02,raw,lora_intervention/experiments/linear_probing/results_probe50/Qwen2.5-3B-Instruct_5k_10u/probe_fits_wrong.json,
Qwen2.5-3B-Instruct,Qwen2.5,base,5,10,FVQ,ordinal,k1,1,wrong,expected,0.1,3,0.083333,0.03831713147410358,0.011473101328515296,22.84984541832669,0.11848728495973906,5,False,1253,0.02,raw,lora_intervention/experiments/linear_probing/results_probe50/Qwen2.5-3B-Instruct_5k_10u/probe_fits_wrong.json,
Qwen2.5-3B-Instruct,Qwen2.5,base,5,10,FVQ,ordinal,k1,1,wrong,expected,0.1,4,0.111111,0.03909800796812749,0.008493587963368852,22.826642231075695,0.11948212555648521,5,False,1253,0.02,raw,lora_intervention/experiments/linear_probing/results_probe50/Qwen2.5-3B-Instruct_5k_10u/probe_fits_wrong.json,
Qwen2.5-3B-Instruct,Qwen2.5,base,5,10,FVQ,ordinal,k1,1,wrong,expected,0.1,5,0.138889,0.03751075697211155,0.006478470069030683,22.97531792828685,0.11780965477328968,5,False,1253,0.02,raw,lora_intervention/experiments/linear_probing/results_probe50/Qwen2.5-3B-Instruct_5k_10u/probe_fits_wrong.json,
Qwen2.5-3B-Instruct,Qwen2.5,base,5,10,FVQ,ordinal,k1,1,wrong,expected,0.1,6,0.166667,0.038304382470119525,0.005944454670088827,22.739056573705177,0.11848102886273973,5,False,1253,0.02,raw,lora_intervention/experiments/linear_probing/results_probe50/Qwen2.5-3B-Instruct_5k_10u/probe_fits_wrong.json,
Qwen2.5-3B-Instruct,Qwen2.5,base,5,10,FVQ,ordinal,k1,1,wrong,expected,0.1,7,0.194444,0.03591075697211155,0.0035354587958734696,22.709701992031874,0.11837079219815497,5,False,1253,0.02,raw,lora_intervention/experiments/linear_probing/results_probe50/Qwen2.5-3B-Instruct_5k_10u/probe_fits_wrong.json,
Qwen2.5-3B-Instruct,Qwen2.5,base,5,10,FVQ,ordinal,k1,1,wrong,expected,0.1,8,0.222222,0.034317131474103583,0.0119818833313557,22.7295203187251,0.118046137796572,5,False,1253,0.02,raw,lora_intervention/experiments/linear_probing/results_probe50/Qwen2.5-3B-Instruct_5k_10u/probe_fits_wrong.json,
Qwen2.5-3B-Instruct,Qwen2.5,base,5,10,FVQ,ordinal,k1,1,wrong,expected,0.1,9,0.25,0.02634581673306773,0.012803288414276208,22.781969721115537,0.11193752364696574,5,False,1253,0.02,raw,lora_intervention/experiments/linear_probing/results_probe50/Qwen2.5-3B-Instruct_5k_10u/probe_fits_wrong.json,
Qwen2.5-3B-Instruct,Qwen2.5,base,5,10,FVQ,ordinal,k1,1,wrong,expected,0.1,10,0.277778,0.027936254980079678,0.009800711300763869,22.88246374501992,0.11108597537407235,5,False,1253,0.02,raw,lora_intervention/experiments/linear_probing/results_probe50/Qwen2.5-3B-Instruct_5k_10u/probe_fits_wrong.json,
Qwen2.5-3B-Instruct,Qwen2.5,base,5,10,FVQ,ordinal,k1,1,wrong,expected,0.1,11,0.305556,0.03351713147410358,0.006476807722113867,22.586932270916332,0.1157102137194028,5,False,1253,0.02,raw,lora_intervention/experiments/linear_probing/results_probe50/Qwen2.5-3B-Instruct_5k_10u/probe_fits_wrong.json,
Qwen2.5-3B-Instruct,Qwen2.5,base,5,10,FVQ,ordinal,k1,1,wrong,expected,0.1,12,0.333333,0.03351713147410358,0.005953759266945511,22.27194581673307,0.11703999769102987,5,False,1253,0.02,raw,lora_intervention/experiments/linear_probing/results_probe50/Qwen2.5-3B-Instruct_5k_10u/probe_fits_wrong.json,
Qwen2.5-3B-Instruct,Qwen2.5,base,5,10,FVQ,ordinal,k1,1,wrong,expected,0.1,13,0.361111,0.026342629482071712,0.007434156193321038,22.075837450199202,0.11572693053193268,5,False,1253,0.02,raw,lora_intervention/experiments/linear_probing/results_probe50/Qwen2.5-3B-Instruct_5k_10u/probe_fits_wrong.json,
Qwen2.5-3B-Instruct,Qwen2.5,base,5,10,FVQ,ordinal,k1,1,wrong,expected,0.1,14,0.388889,0.03511394422310757,0.005854448268686105,22.015697211155377,0.12092115010775609,5,False,1253,0.02,raw,lora_intervention/experiments/linear_probing/results_probe50/Qwen2.5-3B-Instruct_5k_10u/probe_fits_wrong.json,
Qwen2.5-3B-Instruct,Qwen2.5,base,5,10,FVQ,ordinal,k1,1,wrong,expected,0.1,15,0.416667,0.03272350597609562,0.009248244715457042,21.708484462151393,0.12109660585377549,5,False,1253,0.02,raw,lora_intervention/experiments/linear_probing/results_probe50/Qwen2.5-3B-Instruct_5k_10u/probe_fits_wrong.json,
Qwen2.5-3B-Instruct,Qwen2.5,base,5,10,FVQ,ordinal,k1,1,wrong,expected,0.1,16,0.444444,0.033510756972111554,0.010244572398628263,21.87151235059761,0.12385635674968087,5,False,1253,0.02,raw,lora_intervention/experiments/linear_probing/results_probe50/Qwen2.5-3B-Instruct_5k_10u/probe_fits_wrong.json,
Qwen2.5-3B-Instruct,Qwen2.5,base,5,10,FVQ,ordinal,k1,1,wrong,expected,0.1,17,0.472222,0.03829800796812749,0.009257515229734071,21.544640637450197,0.1277980983987245,5,False,1253,0.02,raw,lora_intervention/experiments/linear_probing/results_probe50/Qwen2.5-3B-Instruct_5k_10u/probe_fits_wrong.json,
Qwen2.5-3B-Instruct,Qwen2.5,base,5,10,FVQ,ordinal,k1,1,wrong,expected,0.1,18,0.5,0.039898007968127494,0.010056514832660202,21.49505338645418,0.12745878101820768,5,False,1253,0.02,raw,lora_intervention/experiments/linear_probing/results_probe50/Qwen2.5-3B-Instruct_5k_10u/probe_fits_wrong.json,
Qwen2.5-3B-Instruct,Qwen2.5,base,5,10,FVQ,ordinal,k1,1,wrong,expected,0.1,19,0.527778,0.03750438247011952,0.011420163607550684,21.34767490039841,0.1300211052431888,5,False,1253,0.02,raw,lora_intervention/experiments/linear_probing/results_probe50/Qwen2.5-3B-Instruct_5k_10u/probe_fits_wrong.json,
Qwen2.5-3B-Instruct,Qwen2.5,base,5,10,FVQ,ordinal,k1,1,wrong,expected,0.1,20,0.555556,0.04548207171314741,0.004706567259547551,21.64865019920319,0.1283743724340623,5,False,1253,0.02,raw,lora_intervention/experiments/linear_probing/results_probe50/Qwen2.5-3B-Instruct_5k_10u/probe_fits_wrong.json,
Qwen2.5-3B-Instruct,Qwen2.5,base,5,10,FVQ,ordinal,k1,1,wrong,expected,0.1,21,0.583333,0.044698007968127486,0.00533697922503511,21.394186454183266,0.12938032682436043,5,False,1253,0.02,raw,lora_intervention/experiments/linear_probing/results_probe50/Qwen2.5-3B-Instruct_5k_10u/probe_fits_wrong.json,
Qwen2.5-3B-Instruct,Qwen2.5,base,5,10,FVQ,ordinal,k1,1,wrong,expected,0.1,22,0.611111,0.04229163346613546,0.005356615056904804,21.046964143426294,0.13236002288157098,5,False,1253,0.02,raw,lora_intervention/experiments/linear_probing/results_probe50/Qwen2.5-3B-Instruct_5k_10u/probe_fits_wrong.json,
Qwen2.5-3B-Instruct,Qwen2.5,base,5,10,FVQ,ordinal,k1,1,wrong,expected,0.1,23,0.638889,0.13966852589641432,0.03041834672051146,14.584003187250994,0.2607161931221596,5,False,1253,0.02,raw,lora_intervention/experiments/linear_probing/results_probe50/Qwen2.5-3B-Instruct_5k_10u/probe_fits_wrong.json,
Qwen2.5-3B-Instruct,Qwen2.5,base,5,10,FVQ,ordinal,k1,1,wrong,expected,0.1,24,0.666667,0.1173195219123506,0.03712521999892915,15.25483346613546,0.2386139278677147,5,False,1253,0.02,raw,lora_intervention/experiments/linear_probing/results_probe50/Qwen2.5-3B-Instruct_5k_10u/probe_fits_wrong.json,
Qwen2.5-3B-Instruct,Qwen2.5,base,5,10,FVQ,ordinal,k1,1,wrong,expected,0.1,25,0.694444,0.16599203187250997,0.014730372798931845,12.984411155378485,0.29241320161532347,5,False,1253,0.02,raw,lora_intervention/experiments/linear_probing/results_probe50/Qwen2.5-3B-Instruct_5k_10u/probe_fits_wrong.json,
Qwen2.5-3B-Instruct,Qwen2.5,base,5,10,FVQ,ordinal,k1,1,wrong,expected,0.1,26,0.722222,0.17397928286852588,0.00887699126690989,11.688758565737052,0.3114825462880334,5,False,1253,0.02,raw,lora_intervention/experiments/linear_probing/results_probe50/Qwen2.5-3B-Instruct_5k_10u/probe_fits_wrong.json,
Qwen2.5-3B-Instruct,Qwen2.5,base,5,10,FVQ,ordinal,k1,1,wrong,expected,0.1,27,0.75,0.2051155378486056,0.022408786345912132,11.521156972111553,0.3292910306314705,5,False,1253,0.02,raw,lora_intervention/experiments/linear_probing/results_probe50/Qwen2.5-3B-Instruct_5k_10u/probe_fits_wrong.json,
Qwen2.5-3B-Instruct,Qwen2.5,base,5,10,FVQ,ordinal,k1,1,wrong,expected,0.1,28,0.777778,0.27936573705179285,0.020843443074989552,10.04219920318725,0.40716325558489475,5,False,1253,0.02,raw,lora_intervention/experiments/linear_probing/results_probe50/Qwen2.5-3B-Instruct_5k_10u/probe_fits_wrong.json,
Qwen2.5-3B-Instruct,Qwen2.5,base,5,10,FVQ,ordinal,k1,1,wrong,expected,0.1,29,0.805556,0.27534980079681276,0.010673667221234305,9.741243027888448,0.4059885305521579,5,False,1253,0.02,raw,lora_intervention/experiments/linear_probing/results_probe50/Qwen2.5-3B-Instruct_5k_10u/probe_fits_wrong.json,
Qwen2.5-3B-Instruct,Qwen2.5,base,5,10,FVQ,ordinal,k1,1,wrong,expected,0.1,30,0.833333,0.2777593625498008,0.028833951230168804,9.473721115537849,0.412460322344419,5,False,1253,0.02,raw,lora_intervention/experiments/linear_probing/results_probe50/Qwen2.5-3B-Instruct_5k_10u/probe_fits_wrong.json,
Qwen2.5-3B-Instruct,Qwen2.5,base,5,10,FVQ,ordinal,k1,1,wrong,expected,0.1,31,0.861111,0.3687298804780876,0.014762218096399486,6.954058964143426,0.5078128334454212,5,False,1253,0.02,raw,lora_intervention/experiments/linear_probing/results_probe50/Qwen2.5-3B-Instruct_5k_10u/probe_fits_wrong.json,
Qwen2.5-3B-Instruct,Qwen2.5,base,5,10,FVQ,ordinal,k1,1,wrong,expected,0.1,32,0.888889,0.39266932270916327,0.03328436921648269,6.086176892430279,0.5364196708434188,5,False,1253,0.02,raw,lora_intervention/experiments/linear_probing/results_probe50/Qwen2.5-3B-Instruct_5k_10u/probe_fits_wrong.json,
Qwen2.5-3B-Instruct,Qwen2.5,base,5,10,FVQ,ordinal,k1,1,wrong,expected,0.1,33,0.916667,0.3543394422310757,0.016769455105332714,5.73085577689243,0.514332599230738,5,False,1253,0.02,raw,lora_intervention/experiments/linear_probing/results_probe50/Qwen2.5-3B-Instruct_5k_10u/probe_fits_wrong.json,
Qwen2.5-3B-Instruct,Qwen2.5,base,5,10,FVQ,ordinal,k1,1,wrong,expected,0.1,34,0.944444,0.34714262948207175,0.02870770684299978,4.936841434262948,0.5255982117796203,5,False,1253,0.02,raw,lora_intervention/experiments/linear_probing/results_probe50/Qwen2.5-3B-Instruct_5k_10u/probe_fits_wrong.json,
Qwen2.5-3B-Instruct,Qwen2.5,base,5,10,FVQ,ordinal,k1,1,wrong,expected,0.1,35,0.972222,0.3447362549800797,0.03298010859676716,4.849883665338646,0.5255040713750605,5,False,1253,0.02,raw,lora_intervention/experiments/linear_probing/results_probe50/Qwen2.5-3B-Instruct_5k_10u/probe_fits_wrong.json,
Qwen2.5-3B-Instruct,Qwen2.5,base,5,10,FVQ,ordinal,k1,1,wrong,expected,0.1,36,1.0,0.34872350597609564,0.02922508884508118,4.716570517928287,0.5292140415558919,5,False,1253,0.02,raw,lora_intervention/experiments/linear_probing/results_probe50/Qwen2.5-3B-Instruct_5k_10u/probe_fits_wrong.json,
Qwen2.5-3B-Instruct,Qwen2.5,base,5,10,FVQ,ordinal,k1,1,wrong,shuffled,0.1,0,0.0,0.05267569721115538,0.0016640869121015767,21.287260557768928,0.13686663895677595,5,False,1253,0.02,raw,lora_intervention/experiments/linear_probing/results_probe50/Qwen2.5-3B-Instruct_5k_10u/probe_fits_wrong.json,
Qwen2.5-3B-Instruct,Qwen2.5,base,5,10,FVQ,ordinal,k1,1,wrong,shuffled,0.1,1,0.027778,0.019152191235059762,0.0052802890110716285,24.19198087649402,0.09606484043013533,5,False,1253,0.02,raw,lora_intervention/experiments/linear_probing/results_probe50/Qwen2.5-3B-Instruct_5k_10u/probe_fits_wrong.json,
Qwen2.5-3B-Instruct,Qwen2.5,base,5,10,FVQ,ordinal,k1,1,wrong,shuffled,0.1,2,0.055556,0.015958565737051792,0.004355674401703924,24.545660557768926,0.09364072034007634,5,False,1253,0.02,raw,lora_intervention/experiments/linear_probing/results_probe50/Qwen2.5-3B-Instruct_5k_10u/probe_fits_wrong.json,
Qwen2.5-3B-Instruct,Qwen2.5,base,5,10,FVQ,ordinal,k1,1,wrong,shuffled,0.1,3,0.083333,0.019158565737051794,0.0030164329326244996,24.249255776892433,0.09657953193151987,5,False,1253,0.02,raw,lora_intervention/experiments/linear_probing/results_probe50/Qwen2.5-3B-Instruct_5k_10u/probe_fits_wrong.json,
Qwen2.5-3B-Instruct,Qwen2.5,base,5,10,FVQ,ordinal,k1,1,wrong,shuffled,0.1,4,0.111111,0.01756175298804781,0.00408808894602544,24.10713625498008,0.09559965758781203,5,False,1253,0.02,raw,lora_intervention/experiments/linear_probing/results_probe50/Qwen2.5-3B-Instruct_5k_10u/probe_fits_wrong.json,
Qwen2.5-3B-Instruct,Qwen2.5,base,5,10,FVQ,ordinal,k1,1,wrong,shuffled,0.1,5,0.138889,0.01995537848605578,0.004381958970553283,24.181058167330676,0.09789942369203102,5,False,1253,0.02,raw,lora_intervention/experiments/linear_probing/results_probe50/Qwen2.5-3B-Instruct_5k_10u/probe_fits_wrong.json,
Qwen2.5-3B-Instruct,Qwen2.5,base,5,10,FVQ,ordinal,k1,1,wrong,shuffled,0.1,6,0.166667,0.021542629482071713,0.00821061096838035,24.15968764940239,0.09682766889312595,5,False,1253,0.02,raw,lora_intervention/experiments/linear_probing/results_probe50/Qwen2.5-3B-Instruct_5k_10u/probe_fits_wrong.json,
Qwen2.5-3B-Instruct,Qwen2.5,base,5,10,FVQ,ordinal,k1,1,wrong,shuffled,0.1,7,0.194444,0.023942629482071712,0.008754970643020082,24.308631075697214,0.0964721856374024,5,False,1253,0.02,raw,lora_intervention/experiments/linear_probing/results_probe50/Qwen2.5-3B-Instruct_5k_10u/probe_fits_wrong.json,
Qwen2.5-3B-Instruct,Qwen2.5,base,5,10,FVQ,ordinal,k1,1,wrong,shuffled,0.1,8,0.222222,0.020755378486055777,0.006887158981896901,24.132988047808762,0.09633436901469548,5,False,1253,0.02,raw,lora_intervention/experiments/linear_probing/results_probe50/Qwen2.5-3B-Instruct_5k_10u/probe_fits_wrong.json,
Qwen2.5-3B-Instruct,Qwen2.5,base,5,10,FVQ,ordinal,k1,1,wrong,shuffled,0.1,9,0.25,0.02315219123505976,0.006889406517252826,24.074514741035856,0.09865708017194322,5,False,1253,0.02,raw,lora_intervention/experiments/linear_probing/results_probe50/Qwen2.5-3B-Instruct_5k_10u/probe_fits_wrong.json,
Qwen2.5-3B-Instruct,Qwen2.5,base,5,10,FVQ,ordinal,k1,1,wrong,shuffled,0.1,10,0.277778,0.02395537848605578,0.009811052322287956,24.21032988047809,0.09983598661283107,5,False,1253,0.02,raw,lora_intervention/experiments/linear_probing/results_probe50/Qwen2.5-3B-Instruct_5k_10u/probe_fits_wrong.json,
Qwen2.5-3B-Instruct,Qwen2.5,base,5,10,FVQ,ordinal,k1,1,wrong,shuffled,0.1,11,0.305556,0.021558565737051793,0.00601479443532138,24.21335139442231,0.09793112667374967,5,False,1253,0.02,raw,lora_intervention/experiments/linear_probing/results_probe50/Qwen2.5-3B-Instruct_5k_10u/probe_fits_wrong.json,
Qwen2.5-3B-Instruct,Qwen2.5,base,5,10,FVQ,ordinal,k1,1,wrong,shuffled,0.1,12,0.333333,0.026352191235059764,0.008270585320660481,24.281826294820714,0.09960086949897275,5,False,1253,0.02,raw,lora_intervention/experiments/linear_probing/results_probe50/Qwen2.5-3B-Instruct_5k_10u/probe_fits_wrong.json,
Qwen2.5-3B-Instruct,Qwen2.5,base,5,10,FVQ,ordinal,k1,1,wrong,shuffled,0.1,13,0.361111,0.022361752988047805,0.00864173839834072,24.444618326693224,0.09787488745139525,5,False,1253,0.02,raw,lora_intervention/experiments/linear_probing/results_probe50/Qwen2.5-3B-Instruct_5k_10u/probe_fits_wrong.json,
Qwen2.5-3B-Instruct,Qwen2.5,base,5,10,FVQ,ordinal,k1,1,wrong,shuffled,0.1,14,0.388889,0.01836175298804781,0.005438167563595194,24.591292430278884,0.09458956085245623,5,False,1253,0.02,raw,lora_intervention/experiments/linear_probing/results_probe50/Qwen2.5-3B-Instruct_5k_10u/probe_fits_wrong.json,
Qwen2.5-3B-Instruct,Qwen2.5,base,5,10,FVQ,ordinal,k1,1,wrong,shuffled,0.1,15,0.416667,0.019961752988047806,0.010428359904918081,24.732831872509962,0.096454160205489,5,False,1253,0.02,raw,lora_intervention/experiments/linear_probing/results_probe50/Qwen2.5-3B-Instruct_5k_10u/probe_fits_wrong.json,
Qwen2.5-3B-Instruct,Qwen2.5,base,5,10,FVQ,ordinal,k1,1,wrong,shuffled,0.1,16,0.444444,0.023155378486055776,0.00591176208666669,24.554081274900398,0.09616689269655712,5,False,1253,0.02,raw,lora_intervention/experiments/linear_probing/results_probe50/Qwen2.5-3B-Instruct_5k_10u/probe_fits_wrong.json,
Qwen2.5-3B-Instruct,Qwen2.5,base,5,10,FVQ,ordinal,k1,1,wrong,shuffled,0.1,17,0.472222,0.021561752988047807,0.0074443567436168,24.41246533864542,0.09523249034373504,5,False,1253,0.02,raw,lora_intervention/experiments/linear_probing/results_probe50/Qwen2.5-3B-Instruct_5k_10u/probe_fits_wrong.json,
Qwen2.5-3B-Instruct,Qwen2.5,base,5,10,FVQ,ordinal,k1,1,wrong,shuffled,0.1,18,0.5,0.022349003984063746,0.010893829012218413,24.543149003984063,0.09869840833514336,5,False,1253,0.02,raw,lora_intervention/experiments/linear_probing/results_probe50/Qwen2.5-3B-Instruct_5k_10u/probe_fits_wrong.json,
Qwen2.5-3B-Instruct,Qwen2.5,base,5,10,FVQ,ordinal,k1,1,wrong,shuffled,0.1,19,0.527778,0.019958565737051792,0.007148412122720397,24.451544223107568,0.09620380197873109,5,False,1253,0.02,raw,lora_intervention/experiments/linear_probing/results_probe50/Qwen2.5-3B-Instruct_5k_10u/probe_fits_wrong.json,
Qwen2.5-3B-Instruct,Qwen2.5,base,5,10,FVQ,ordinal,k1,1,wrong,shuffled,0.1,20,0.555556,0.01995219123505976,0.004364497736807218,24.11062310756972,0.09865802465411727,5,False,1253,0.02,raw,lora_intervention/experiments/linear_probing/results_probe50/Qwen2.5-3B-Instruct_5k_10u/probe_fits_wrong.json,
Qwen2.5-3B-Instruct,Qwen2.5,base,5,10,FVQ,ordinal,k1,1,wrong,shuffled,0.1,21,0.583333,0.024749003984063746,0.007758413156998477,23.82782470119522,0.10166629352374705,5,False,1253,0.02,raw,lora_intervention/experiments/linear_probing/results_probe50/Qwen2.5-3B-Instruct_5k_10u/probe_fits_wrong.json,
Qwen2.5-3B-Instruct,Qwen2.5,base,5,10,FVQ,ordinal,k1,1,wrong,shuffled,0.1,22,0.611111,0.039917131474103584,0.010139698929898163,23.717733864541835,0.11526112065921261,5,False,1253,0.02,raw,lora_intervention/experiments/linear_probing/results_probe50/Qwen2.5-3B-Instruct_5k_10u/probe_fits_wrong.json,
Qwen2.5-3B-Instruct,Qwen2.5,base,5,10,FVQ,ordinal,k1,1,wrong,shuffled,0.1,23,0.638889,0.02552988047808765,0.009612169870641568,24.261695617529885,0.10136172948350244,5,False,1253,0.02,raw,lora_intervention/experiments/linear_probing/results_probe50/Qwen2.5-3B-Instruct_5k_10u/probe_fits_wrong.json,
Qwen2.5-3B-Instruct,Qwen2.5,base,5,10,FVQ,ordinal,k1,1,wrong,shuffled,0.1,24,0.666667,0.027933067729083667,0.007130688999495775,24.225953784860558,0.10207963366616382,5,False,1253,0.02,raw,lora_intervention/experiments/linear_probing/results_probe50/Qwen2.5-3B-Instruct_5k_10u/probe_fits_wrong.json,
Qwen2.5-3B-Instruct,Qwen2.5,base,5,10,FVQ,ordinal,k1,1,wrong,shuffled,0.1,25,0.694444,0.03111394422310757,0.009533139657746522,23.707713147410356,0.10699182818581235,5,False,1253,0.02,raw,lora_intervention/experiments/linear_probing/results_probe50/Qwen2.5-3B-Instruct_5k_10u/probe_fits_wrong.json,
Qwen2.5-3B-Instruct,Qwen2.5,base,5,10,FVQ,ordinal,k1,1,wrong,shuffled,0.1,26,0.722222,0.028720318725099604,0.008852703102252526,23.51255139442231,0.10435622161965466,5,False,1253,0.02,raw,lora_intervention/experiments/linear_probing/results_probe50/Qwen2.5-3B-Instruct_5k_10u/probe_fits_wrong.json,
Qwen2.5-3B-Instruct,Qwen2.5,base,5,10,FVQ,ordinal,k1,1,wrong,shuffled,0.1,27,0.75,0.029513944223107567,0.008166549374737216,23.833829482071714,0.10475216571007703,5,False,1253,0.02,raw,lora_intervention/experiments/linear_probing/results_probe50/Qwen2.5-3B-Instruct_5k_10u/probe_fits_wrong.json,
Qwen2.5-3B-Instruct,Qwen2.5,base,5,10,FVQ,ordinal,k1,1,wrong,shuffled,0.1,28,0.777778,0.0335011952191235,0.012964977040957105,24.218173705179282,0.10510903664838371,5,False,1253,0.02,raw,lora_intervention/experiments/linear_probing/results_probe50/Qwen2.5-3B-Instruct_5k_10u/probe_fits_wrong.json,
Qwen2.5-3B-Instruct,Qwen2.5,base,5,10,FVQ,ordinal,k1,1,wrong,shuffled,0.1,29,0.805556,0.0343203187250996,0.006963611711265126,24.000516334661352,0.10822405956861367,5,False,1253,0.02,raw,lora_intervention/experiments/linear_probing/results_probe50/Qwen2.5-3B-Instruct_5k_10u/probe_fits_wrong.json,
Qwen2.5-3B-Instruct,Qwen2.5,base,5,10,FVQ,ordinal,k1,1,wrong,shuffled,0.1,30,0.833333,0.028739442231075697,0.011406144918530078,23.98688446215139,0.10460007769829575,5,False,1253,0.02,raw,lora_intervention/experiments/linear_probing/results_probe50/Qwen2.5-3B-Instruct_5k_10u/probe_fits_wrong.json,
Qwen2.5-3B-Instruct,Qwen2.5,base,5,10,FVQ,ordinal,k1,1,wrong,shuffled,0.1,31,0.861111,0.027949003984063747,0.011043520689376151,24.075410358565737,0.1014441625417225,5,False,1253,0.02,raw,lora_intervention/experiments/linear_probing/results_probe50/Qwen2.5-3B-Instruct_5k_10u/probe_fits_wrong.json,
Qwen2.5-3B-Instruct,Qwen2.5,base,5,10,FVQ,ordinal,k1,1,wrong,shuffled,0.1,32,0.888889,0.02314900398406374,0.004672618664590511,24.028618326693227,0.09884636134788422,5,False,1253,0.02,raw,lora_intervention/experiments/linear_probing/results_probe50/Qwen2.5-3B-Instruct_5k_10u/probe_fits_wrong.json,
Qwen2.5-3B-Instruct,Qwen2.5,base,5,10,FVQ,ordinal,k1,1,wrong,shuffled,0.1,33,0.916667,0.019164940239043825,0.009271458404874509,23.800800000000002,0.09695260306480472,5,False,1253,0.02,raw,lora_intervention/experiments/linear_probing/results_probe50/Qwen2.5-3B-Instruct_5k_10u/probe_fits_wrong.json,
Qwen2.5-3B-Instruct,Qwen2.5,base,5,10,FVQ,ordinal,k1,1,wrong,shuffled,0.1,34,0.944444,0.01836812749003984,0.01090127253548731,24.06314581673307,0.09343964992184307,5,False,1253,0.02,raw,lora_intervention/experiments/linear_probing/results_probe50/Qwen2.5-3B-Instruct_5k_10u/probe_fits_wrong.json,
Qwen2.5-3B-Instruct,Qwen2.5,base,5,10,FVQ,ordinal,k1,1,wrong,shuffled,0.1,35,0.972222,0.019958565737051792,0.007151971078416291,24.05113944223108,0.09521583966185727,5,False,1253,0.02,raw,lora_intervention/experiments/linear_probing/results_probe50/Qwen2.5-3B-Instruct_5k_10u/probe_fits_wrong.json,
Qwen2.5-3B-Instruct,Qwen2.5,base,5,10,FVQ,ordinal,k1,1,wrong,shuffled,0.1,36,1.0,0.020758565737051794,0.009926030963933824,23.958709163346615,0.09520335086357082,5,False,1253,0.02,raw,lora_intervention/experiments/linear_probing/results_probe50/Qwen2.5-3B-Instruct_5k_10u/probe_fits_wrong.json,
Qwen2.5-3B-Instruct,Qwen2.5,base,5,10,FVQ,semantic,FVQ,1,wrong,cv_first,0.1,0,0.0,0.056485170429393536,0.0016408811857326834,20.52315816100677,0.1441877627568662,5,False,1257,0.02,raw,lora_intervention/experiments/linear_probing/results_probe50/Qwen2.5-3B-Instruct_5k_10u/probe_fits_wrong.json,"DEGENERATE: cv_first == expected at k=1, not a control here"
Qwen2.5-3B-Instruct,Qwen2.5,base,5,10,FVQ,semantic,FVQ,1,wrong,cv_first,0.1,1,0.027778,0.023850629229115284,0.009698297996984944,22.980079681274898,0.10658357305549786,5,False,1257,0.02,raw,lora_intervention/experiments/linear_probing/results_probe50/Qwen2.5-3B-Instruct_5k_10u/probe_fits_wrong.json,"DEGENERATE: cv_first == expected at k=1, not a control here"
Qwen2.5-3B-Instruct,Qwen2.5,base,5,10,FVQ,semantic,FVQ,1,wrong,cv_first,0.1,2,0.055556,0.02863150572313919,0.004584966099791094,22.76895908429773,0.11263736448581256,5,False,1257,0.02,raw,lora_intervention/experiments/linear_probing/results_probe50/Qwen2.5-3B-Instruct_5k_10u/probe_fits_wrong.json,"DEGENERATE: cv_first == expected at k=1, not a control here"
Qwen2.5-3B-Instruct,Qwen2.5,base,5,10,FVQ,semantic,FVQ,1,wrong,cv_first,0.1,3,0.083333,0.029437804338202745,0.008952248924962722,22.953585657370517,0.11126504639316345,5,False,1257,0.02,raw,lora_intervention/experiments/linear_probing/results_probe50/Qwen2.5-3B-Instruct_5k_10u/probe_fits_wrong.json,"DEGENERATE: cv_first == expected at k=1, not a control here"
Qwen2.5-3B-Instruct,Qwen2.5,base,5,10,FVQ,semantic,FVQ,1,wrong,cv_first,0.1,4,0.111111,0.029444128248909122,0.009304413470203087,22.71306203756403,0.1133942996637615,5,False,1257,0.02,raw,lora_intervention/experiments/linear_probing/results_probe50/Qwen2.5-3B-Instruct_5k_10u/probe_fits_wrong.json,"DEGENERATE: cv_first == expected at k=1, not a control here"
Qwen2.5-3B-Instruct,Qwen2.5,base,5,10,FVQ,semantic,FVQ,1,wrong,cv_first,0.1,5,0.138889,0.03103142983621071,0.006860564415422003,22.877742996268893,0.1116651088222356,5,False,1257,0.02,raw,lora_intervention/experiments/linear_probing/results_probe50/Qwen2.5-3B-Instruct_5k_10u/probe_fits_wrong.json,"DEGENERATE: cv_first == expected at k=1, not a control here"
Qwen2.5-3B-Instruct,Qwen2.5,base,5,10,FVQ,semantic,FVQ,1,wrong,cv_first,0.1,6,0.166667,0.031034591791563905,0.009240843596659264,22.934095364573448,0.11351507268916591,5,False,1257,0.02,raw,lora_intervention/experiments/linear_probing/results_probe50/Qwen2.5-3B-Instruct_5k_10u/probe_fits_wrong.json,"DEGENERATE: cv_first == expected at k=1, not a control here"
Qwen2.5-3B-Instruct,Qwen2.5,base,5,10,FVQ,semantic,FVQ,1,wrong,cv_first,0.1,7,0.194444,0.029447290204262316,0.01171984456644502,22.93350724087776,0.11337038357216518,5,False,1257,0.02,raw,lora_intervention/experiments/linear_probing/results_probe50/Qwen2.5-3B-Instruct_5k_10u/probe_fits_wrong.json,"DEGENERATE: cv_first == expected at k=1, not a control here"
Qwen2.5-3B-Instruct,Qwen2.5,base,5,10,FVQ,semantic,FVQ,1,wrong,cv_first,0.1,8,0.222222,0.02784734079554797,0.014445359722682927,22.900923290963128,0.1114369857106835,5,False,1257,0.02,raw,lora_intervention/experiments/linear_probing/results_probe50/Qwen2.5-3B-Instruct_5k_10u/probe_fits_wrong.json,"DEGENERATE: cv_first == expected at k=1, not a control here"
Qwen2.5-3B-Instruct,Qwen2.5,base,5,10,FVQ,semantic,FVQ,1,wrong,cv_first,0.1,9,0.25,0.029428318472143174,0.008900427485837954,23.0019857079618,0.114977815122366,5,False,1257,0.02,raw,lora_intervention/experiments/linear_probing/results_probe50/Qwen2.5-3B-Instruct_5k_10u/probe_fits_wrong.json,"DEGENERATE: cv_first == expected at k=1, not a control here"
Qwen2.5-3B-Instruct,Qwen2.5,base,5,10,FVQ,semantic,FVQ,1,wrong,cv_first,0.1,10,0.277778,0.031021943970151143,0.010481633519466483,22.905558717510907,0.11421525912744417,5,False,1257,0.02,raw,lora_intervention/experiments/linear_probing/results_probe50/Qwen2.5-3B-Instruct_5k_10u/probe_fits_wrong.json,"DEGENERATE: cv_first == expected at k=1, not a control here"
Qwen2.5-3B-Instruct,Qwen2.5,base,5,10,FVQ,semantic,FVQ,1,wrong,cv_first,0.1,11,0.305556,0.02705052804654398,0.007724586388608169,22.731553152469488,0.11335343111322785,5,False,1257,0.02,raw,lora_intervention/experiments/linear_probing/results_probe50/Qwen2.5-3B-Instruct_5k_10u/probe_fits_wrong.json,"DEGENERATE: cv_first == expected at k=1, not a control here"
Qwen2.5-3B-Instruct,Qwen2.5,base,5,10,FVQ,semantic,FVQ,1,wrong,cv_first,0.1,12,0.333333,0.03499652184911149,0.013825949793716293,22.149256940492002,0.12251045072034597,5,False,1257,0.02,raw,lora_intervention/experiments/linear_probing/results_probe50/Qwen2.5-3B-Instruct_5k_10u/probe_fits_wrong.json,"DEGENERATE: cv_first == expected at k=1, not a control here"
Qwen2.5-3B-Instruct,Qwen2.5,base,5,10,FVQ,semantic,FVQ,1,wrong,cv_first,0.1,13,0.361111,0.034987035983051924,0.017073973349900008,21.98321317902991,0.12179638727373299,5,False,1257,0.02,raw,lora_intervention/experiments/linear_probing/results_probe50/Qwen2.5-3B-Instruct_5k_10u/probe_fits_wrong.json,"DEGENERATE: cv_first == expected at k=1, not a control here"
Qwen2.5-3B-Instruct,Qwen2.5,base,5,10,FVQ,semantic,FVQ,1,wrong,cv_first,0.1,14,0.388889,0.027825207108075633,0.012520756306802919,22.155274141529123,0.11523532581219731,5,False,1257,0.02,raw,lora_intervention/experiments/linear_probing/results_probe50/Qwen2.5-3B-Instruct_5k_10u/probe_fits_wrong.json,"DEGENERATE: cv_first == expected at k=1, not a control here"
Qwen2.5-3B-Instruct,Qwen2.5,base,5,10,FVQ,semantic,FVQ,1,wrong,cv_first,0.1,15,0.416667,0.03341238221716309,0.012982041445185898,21.92570669702144,0.11825553973279516,5,False,1257,0.02,raw,lora_intervention/experiments/linear_probing/results_probe50/Qwen2.5-3B-Instruct_5k_10u/probe_fits_wrong.json,"DEGENERATE: cv_first == expected at k=1, not a control here"
Qwen2.5-3B-Instruct,Qwen2.5,base,5,10,FVQ,semantic,FVQ,1,wrong,cv_first,0.1,16,0.444444,0.03579965850882185,0.008345289766577073,21.91961360905584,0.12279312924216881,5,False,1257,0.02,raw,lora_intervention/experiments/linear_probing/results_probe50/Qwen2.5-3B-Instruct_5k_10u/probe_fits_wrong.json,"DEGENERATE: cv_first == expected at k=1, not a control here"
Qwen2.5-3B-Instruct,Qwen2.5,base,5,10,FVQ,semantic,FVQ,1,wrong,cv_first,0.1,17,0.472222,0.040564725226079804,0.008060458670177064,21.87671219882375,0.12737623647606286,5,False,1257,0.02,raw,lora_intervention/experiments/linear_probing/results_probe50/Qwen2.5-3B-Instruct_5k_10u/probe_fits_wrong.json,"DEGENERATE: cv_first == expected at k=1, not a control here"
Qwen2.5-3B-Instruct,Qwen2.5,base,5,10,FVQ,semantic,FVQ,1,wrong,cv_first,0.1,18,0.5,0.04374249035603617,0.010004225865368525,21.410658951495606,0.1314519546550056,5,False,1257,0.02,raw,lora_intervention/experiments/linear_probing/results_probe50/Qwen2.5-3B-Instruct_5k_10u/probe_fits_wrong.json,"DEGENERATE: cv_first == expected at k=1, not a control here"
Qwen2.5-3B-Instruct,Qwen2.5,base,5,10,FVQ,semantic,FVQ,1,wrong,cv_first,0.1,19,0.527778,0.054085246316322014,0.009534834293681165,21.08700752545374,0.14207992193759325,5,False,1257,0.02,raw,lora_intervention/experiments/linear_probing/results_probe50/Qwen2.5-3B-Instruct_5k_10u/probe_fits_wrong.json,"DEGENERATE: cv_first == expected at k=1, not a control here"
Qwen2.5-3B-Instruct,Qwen2.5,base,5,10,FVQ,semantic,FVQ,1,wrong,cv_first,0.1,20,0.555556,0.040564725226079804,0.005213261842443802,21.58803832289888,0.12963150990410433,5,False,1257,0.02,raw,lora_intervention/experiments/linear_probing/results_probe50/Qwen2.5-3B-Instruct_5k_10u/probe_fits_wrong.json,"DEGENERATE: cv_first == expected at k=1, not a control here"
Qwen2.5-3B-Instruct,Qwen2.5,base,5,10,FVQ,semantic,FVQ,1,wrong,cv_first,0.1,21,0.583333,0.03978372225384178,0.005084760449526869,21.33135394928224,0.12794678206756868,5,False,1257,0.02,raw,lora_intervention/experiments/linear_probing/results_probe50/Qwen2.5-3B-Instruct_5k_10u/probe_fits_wrong.json,"DEGENERATE: cv_first == expected at k=1, not a control here"
Qwen2.5-3B-Instruct,Qwen2.5,base,5,10,FVQ,semantic,FVQ,1,wrong,cv_first,0.1,22,0.611111,0.03659963321317903,0.006397331959507914,20.68145829380889,0.133919538206478,5,False,1257,0.02,raw,lora_intervention/experiments/linear_probing/results_probe50/Qwen2.5-3B-Instruct_5k_10u/probe_fits_wrong.json,"DEGENERATE: cv_first == expected at k=1, not a control here"
Qwen2.5-3B-Instruct,Qwen2.5,base,5,10,FVQ,semantic,FVQ,1,wrong,cv_first,0.1,23,0.638889,0.15592550433187885,0.012678769131546733,13.2957376841839,0.28345574609385943,5,False,1257,0.02,raw,lora_intervention/experiments/linear_probing/results_probe50/Qwen2.5-3B-Instruct_5k_10u/probe_fits_wrong.json,"DEGENERATE: cv_first == expected at k=1, not a control here"
Qwen2.5-3B-Instruct,Qwen2.5,base,5,10,FVQ,semantic,FVQ,1,wrong,cv_first,0.1,24,0.666667,0.16148738379814076,0.010413191287838417,14.487197242774931,0.2745589031915423,5,False,1257,0.02,raw,lora_intervention/experiments/linear_probing/results_probe50/Qwen2.5-3B-Instruct_5k_10u/probe_fits_wrong.json,"DEGENERATE: cv_first == expected at k=1, not a control here"
Qwen2.5-3B-Instruct,Qwen2.5,base,5,10,FVQ,semantic,FVQ,1,wrong,cv_first,0.1,25,0.694444,0.18454120027825205,0.018993657096412434,12.792708530955544,0.3144371478580418,5,False,1257,0.02,raw,lora_intervention/experiments/linear_probing/results_probe50/Qwen2.5-3B-Instruct_5k_10u/probe_fits_wrong.json,"DEGENERATE: cv_first == expected at k=1, not a control here"
Qwen2.5-3B-Instruct,Qwen2.5,base,5,10,FVQ,semantic,FVQ,1,wrong,cv_first,0.1,26,0.722222,0.20285524568393093,0.011098048894650752,11.514222475178652,0.33922593692434955,5,False,1257,0.02,raw,lora_intervention/experiments/linear_probing/results_probe50/Qwen2.5-3B-Instruct_5k_10u/probe_fits_wrong.json,"DEGENERATE: cv_first == expected at k=1, not a control here"
Qwen2.5-3B-Instruct,Qwen2.5,base,5,10,FVQ,semantic,FVQ,1,wrong,cv_first,0.1,27,0.75,0.20526149370770885,0.02125971291115577,11.390571049136787,0.3409420991251696,5,False,1257,0.02,raw,lora_intervention/experiments/linear_probing/results_probe50/Qwen2.5-3B-Instruct_5k_10u/probe_fits_wrong.json,"DEGENERATE: cv_first == expected at k=1, not a control here"
Qwen2.5-3B-Instruct,Qwen2.5,base,5,10,FVQ,semantic,FVQ,1,wrong,cv_first,0.1,28,0.777778,0.27844811231265415,0.023630707004635248,9.851685322203249,0.40707567847516907,5,False,1257,0.02,raw,lora_intervention/experiments/linear_probing/results_probe50/Qwen2.5-3B-Instruct_5k_10u/probe_fits_wrong.json,"DEGENERATE: cv_first == expected at k=1, not a control here"
Qwen2.5-3B-Instruct,Qwen2.5,base,5,10,FVQ,semantic,FVQ,1,wrong,cv_first,0.1,29,0.805556,0.27366407386327707,0.006686443374826122,9.529627521659393,0.4088306434939043,5,False,1257,0.02,raw,lora_intervention/experiments/linear_probing/results_probe50/Qwen2.5-3B-Instruct_5k_10u/probe_fits_wrong.json,"DEGENERATE: cv_first == expected at k=1, not a control here"
Qwen2.5-3B-Instruct,Qwen2.5,base,5,10,FVQ,semantic,FVQ,1,wrong,cv_first,0.1,30,0.833333,0.2832100170745589,0.016303556929159895,9.235964080187188,0.4191475427833959,5,False,1257,0.02,raw,lora_intervention/experiments/linear_probing/results_probe50/Qwen2.5-3B-Instruct_5k_10u/probe_fits_wrong.json,"DEGENERATE: cv_first == expected at k=1, not a control here"
Qwen2.5-3B-Instruct,Qwen2.5,base,5,10,FVQ,semantic,FVQ,1,wrong,cv_first,0.1,31,0.861111,0.38102826788085753,0.021594591157175234,6.637301587301588,0.5201091650308591,5,False,1257,0.02,raw,lora_intervention/experiments/linear_probing/results_probe50/Qwen2.5-3B-Instruct_5k_10u/probe_fits_wrong.json,"DEGENERATE: cv_first == expected at k=1, not a control here"
Qwen2.5-3B-Instruct,Qwen2.5,base,5,10,FVQ,semantic,FVQ,1,wrong,cv_first,0.1,32,0.888889,0.4073167646872826,0.021054808969775633,5.638929994308481,0.5516813753123814,5,False,1257,0.02,raw,lora_intervention/experiments/linear_probing/results_probe50/Qwen2.5-3B-Instruct_5k_10u/probe_fits_wrong.json,"DEGENERATE: cv_first == expected at k=1, not a control here"
Qwen2.5-3B-Instruct,Qwen2.5,base,5,10,FVQ,semantic,FVQ,1,wrong,cv_first,0.1,33,0.916667,0.38421868083222666,0.0214845026502862,5.417744893442105,0.537942032773674,5,False,1257,0.02,raw,lora_intervention/experiments/linear_probing/results_probe50/Qwen2.5-3B-Instruct_5k_10u/probe_fits_wrong.json,"DEGENERATE: cv_first == expected at k=1, not a control here"
Qwen2.5-3B-Instruct,Qwen2.5,base,5,10,FVQ,semantic,FVQ,1,wrong,cv_first,0.1,34,0.944444,0.35797761335609946,0.013058861827749926,4.699298045911592,0.53430483390658,5,False,1257,0.02,raw,lora_intervention/experiments/linear_probing/results_probe50/Qwen2.5-3B-Instruct_5k_10u/probe_fits_wrong.json,"DEGENERATE: cv_first == expected at k=1, not a control here"
Qwen2.5-3B-Instruct,Qwen2.5,base,5,10,FVQ,semantic,FVQ,1,wrong,cv_first,0.1,35,0.972222,0.3492316448491747,0.013039121798191621,4.6468475305128685,0.5304162033067559,5,False,1257,0.02,raw,lora_intervention/experiments/linear_probing/results_probe50/Qwen2.5-3B-Instruct_5k_10u/probe_fits_wrong.json,"DEGENERATE: cv_first == expected at k=1, not a control here"
Qwen2.5-3B-Instruct,Qwen2.5,base,5,10,FVQ,semantic,FVQ,1,wrong,cv_first,0.1,36,1.0,0.3555998229305002,0.021428880996554732,4.463090495162208,0.5392323733573587,5,False,1257,0.02,raw,lora_intervention/experiments/linear_probing/results_probe50/Qwen2.5-3B-Instruct_5k_10u/probe_fits_wrong.json,"DEGENERATE: cv_first == expected at k=1, not a control here"
Qwen2.5-3B-Instruct,Qwen2.5,base,5,10,FVQ,semantic,FVQ,1,wrong,cv_last,0.1,0,0.0,0.027047366091190794,0.0015722709725699902,23.34372984253462,0.1056710296026024,5,False,1257,0.02,raw,lora_intervention/experiments/linear_probing/results_probe50/Qwen2.5-3B-Instruct_5k_10u/probe_fits_wrong.json,
Qwen2.5-3B-Instruct,Qwen2.5,base,5,10,FVQ,semantic,FVQ,1,wrong,cv_last,0.1,1,0.027778,0.059688231202175424,0.011634206651596436,20.55874280655157,0.15437599302710225,5,False,1257,0.02,raw,lora_intervention/experiments/linear_probing/results_probe50/Qwen2.5-3B-Instruct_5k_10u/probe_fits_wrong.json,
Qwen2.5-3B-Instruct,Qwen2.5,base,5,10,FVQ,semantic,FVQ,1,wrong,cv_last,0.1,2,0.055556,0.08115158413963194,0.016080039933246585,18.603278947701256,0.1822739660210899,5,False,1257,0.02,raw,lora_intervention/experiments/linear_probing/results_probe50/Qwen2.5-3B-Instruct_5k_10u/probe_fits_wrong.json,
Qwen2.5-3B-Instruct,Qwen2.5,base,5,10,FVQ,semantic,FVQ,1,wrong,cv_last,0.1,3,0.083333,0.07797381900967557,0.009014889425725845,18.852621260987796,0.17870256604208212,5,False,1257,0.02,raw,lora_intervention/experiments/linear_probing/results_probe50/Qwen2.5-3B-Instruct_5k_10u/probe_fits_wrong.json,
Qwen2.5-3B-Instruct,Qwen2.5,base,5,10,FVQ,semantic,FVQ,1,wrong,cv_last,0.1,4,0.111111,0.064446974008727,0.006442398484176458,19.69218997027762,0.16415397211369417,5,False,1257,0.02,raw,lora_intervention/experiments/linear_probing/results_probe50/Qwen2.5-3B-Instruct_5k_10u/probe_fits_wrong.json,
Qwen2.5-3B-Instruct,Qwen2.5,base,5,10,FVQ,semantic,FVQ,1,wrong,cv_last,0.1,5,0.138889,0.059681907291469036,0.012656956164994366,20.296012774299626,0.15672947793239847,5,False,1257,0.02,raw,lora_intervention/experiments/linear_probing/results_probe50/Qwen2.5-3B-Instruct_5k_10u/probe_fits_wrong.json,
Qwen2.5-3B-Instruct,Qwen2.5,base,5,10,FVQ,semantic,FVQ,1,wrong,cv_last,0.1,6,0.166667,0.060472396129766647,0.015833700990160116,20.732757857459053,0.15365982368751713,5,False,1257,0.02,raw,lora_intervention/experiments/linear_probing/results_probe50/Qwen2.5-3B-Instruct_5k_10u/probe_fits_wrong.json,
Qwen2.5-3B-Instruct,Qwen2.5,base,5,10,FVQ,semantic,FVQ,1,wrong,cv_last,0.1,7,0.194444,0.05650098020615949,0.012248610239498895,21.040855625118574,0.14765709691747328,5,False,1257,0.02,raw,lora_intervention/experiments/linear_probing/results_probe50/Qwen2.5-3B-Instruct_5k_10u/probe_fits_wrong.json,
Qwen2.5-3B-Instruct,Qwen2.5,base,5,10,FVQ,semantic,FVQ,1,wrong,cv_last,0.1,8,0.222222,0.05013596408018719,0.015467316029001496,21.482125466388418,0.13980665213727006,5,False,1257,0.02,raw,lora_intervention/experiments/linear_probing/results_probe50/Qwen2.5-3B-Instruct_5k_10u/probe_fits_wrong.json,
Qwen2.5-3B-Instruct,Qwen2.5,base,5,10,FVQ,semantic,FVQ,1,wrong,cv_last,0.1,9,0.25,0.04693922721811168,0.009881482317673185,21.761493707708844,0.13610650916015818,5,False,1257,0.02,raw,lora_intervention/experiments/linear_probing/results_probe50/Qwen2.5-3B-Instruct_5k_10u/probe_fits_wrong.json,
Qwen2.5-3B-Instruct,Qwen2.5,base,5,10,FVQ,semantic,FVQ,1,wrong,cv_last,0.1,10,0.277778,0.04773287801176247,0.013562136290909086,21.81472838803516,0.13519114669822568,5,False,1257,0.02,raw,lora_intervention/experiments/linear_probing/results_probe50/Qwen2.5-3B-Instruct_5k_10u/probe_fits_wrong.json,
Qwen2.5-3B-Instruct,Qwen2.5,base,5,10,FVQ,semantic,FVQ,1,wrong,cv_last,0.1,11,0.305556,0.050926452918484785,0.014153324706683122,21.720236514260417,0.13668859937461147,5,False,1257,0.02,raw,lora_intervention/experiments/linear_probing/results_probe50/Qwen2.5-3B-Instruct_5k_10u/probe_fits_wrong.json,
Qwen2.5-3B-Instruct,Qwen2.5,base,5,10,FVQ,semantic,FVQ,1,wrong,cv_last,0.1,12,0.333333,0.04374565231138936,0.014656773285862106,21.784503256814013,0.13031271358938498,5,False,1257,0.02,raw,lora_intervention/experiments/linear_probing/results_probe50/Qwen2.5-3B-Instruct_5k_10u/probe_fits_wrong.json,
Qwen2.5-3B-Instruct,Qwen2.5,base,5,10,FVQ,semantic,FVQ,1,wrong,cv_last,0.1,13,0.361111,0.04295832542844495,0.014759845019398943,21.845649149434006,0.13203849901388848,5,False,1257,0.02,raw,lora_intervention/experiments/linear_probing/results_probe50/Qwen2.5-3B-Instruct_5k_10u/probe_fits_wrong.json,
Qwen2.5-3B-Instruct,Qwen2.5,base,5,10,FVQ,semantic,FVQ,1,wrong,cv_last,0.1,14,0.388889,0.04137102384114336,0.013709118263409367,22.047723392145702,0.12880145522041153,5,False,1257,0.02,raw,lora_intervention/experiments/linear_probing/results_probe50/Qwen2.5-3B-Instruct_5k_10u/probe_fits_wrong.json,
Qwen2.5-3B-Instruct,Qwen2.5,base,5,10,FVQ,semantic,FVQ,1,wrong,cv_last,0.1,15,0.416667,0.04455195092645292,0.008130099882369289,22.164725226079806,0.12846079565944912,5,False,1257,0.02,raw,lora_intervention/experiments/linear_probing/results_probe50/Qwen2.5-3B-Instruct_5k_10u/probe_fits_wrong.json,
Qwen2.5-3B-Instruct,Qwen2.5,base,5,10,FVQ,semantic,FVQ,1,wrong,cv_last,0.1,16,0.444444,0.044558274837159295,0.012469104284300635,22.1984664516537,0.12786182718052008,5,False,1257,0.02,raw,lora_intervention/experiments/linear_probing/results_probe50/Qwen2.5-3B-Instruct_5k_10u/probe_fits_wrong.json,
Qwen2.5-3B-Instruct,Qwen2.5,base,5,10,FVQ,semantic,FVQ,1,wrong,cv_last,0.1,17,0.472222,0.03660595712388541,0.006900482019934184,22.137017011319802,0.12118329019513616,5,False,1257,0.02,raw,lora_intervention/experiments/linear_probing/results_probe50/Qwen2.5-3B-Instruct_5k_10u/probe_fits_wrong.json,
Qwen2.5-3B-Instruct,Qwen2.5,base,5,10,FVQ,semantic,FVQ,1,wrong,cv_last,0.1,18,0.5,0.032609245557452725,0.005792678043580167,22.516850060077154,0.11447710668232147,5,False,1257,0.02,raw,lora_intervention/experiments/linear_probing/results_probe50/Qwen2.5-3B-Instruct_5k_10u/probe_fits_wrong.json,
Qwen2.5-3B-Instruct,Qwen2.5,base,5,10,FVQ,semantic,FVQ,1,wrong,cv_last,0.1,19,0.527778,0.03579017264276228,0.01123309905652449,22.623566053247327,0.11921302150340334,5,False,1257,0.02,raw,lora_intervention/experiments/linear_probing/results_probe50/Qwen2.5-3B-Instruct_5k_10u/probe_fits_wrong.json,
Qwen2.5-3B-Instruct,Qwen2.5,base,5,10,FVQ,semantic,FVQ,1,wrong,cv_last,0.1,20,0.555556,0.0349933598937583,0.007659999833805055,23.070834123822173,0.11354957588455031,5,False,1257,0.02,raw,lora_intervention/experiments/linear_probing/results_probe50/Qwen2.5-3B-Instruct_5k_10u/probe_fits_wrong.json,
Qwen2.5-3B-Instruct,Qwen2.5,base,5,10,FVQ,semantic,FVQ,1,wrong,cv_last,0.1,21,0.583333,0.022263327641813695,0.0077539397885556405,23.835682666160757,0.10096843408157989,5,False,1257,0.02,raw,lora_intervention/experiments/linear_probing/results_probe50/Qwen2.5-3B-Instruct_5k_10u/probe_fits_wrong.json,
Qwen2.5-3B-Instruct,Qwen2.5,base,5,10,FVQ,semantic,FVQ,1,wrong,cv_last,0.1,22,0.611111,0.023853791184468474,0.012293231045550704,24.314377410990957,0.1010548604317,5,False,1257,0.02,raw,lora_intervention/experiments/linear_probing/results_probe50/Qwen2.5-3B-Instruct_5k_10u/probe_fits_wrong.json,
Qwen2.5-3B-Instruct,Qwen2.5,base,5,10,FVQ,semantic,FVQ,1,wrong,cv_last,0.1,23,0.638889,0.02863782963384557,0.011079184742594698,24.295557452728765,0.10366446173111307,5,False,1257,0.02,raw,lora_intervention/experiments/linear_probing/results_probe50/Qwen2.5-3B-Instruct_5k_10u/probe_fits_wrong.json,
Qwen2.5-3B-Instruct,Qwen2.5,base,5,10,FVQ,semantic,FVQ,1,wrong,cv_last,0.1,24,0.666667,0.0222633276418137,0.00815924428538294,24.825959653449694,0.09467499849242123,5,False,1257,0.02,raw,lora_intervention/experiments/linear_probing/results_probe50/Qwen2.5-3B-Instruct_5k_10u/probe_fits_wrong.json,
Qwen2.5-3B-Instruct,Qwen2.5,base,5,10,FVQ,semantic,FVQ,1,wrong,cv_last,0.1,25,0.694444,0.024644280022766075,0.013845488704584375,25.25137545057864,0.09483887263998719,5,False,1257,0.02,raw,lora_intervention/experiments/linear_probing/results_probe50/Qwen2.5-3B-Instruct_5k_10u/probe_fits_wrong.json,
Qwen2.5-3B-Instruct,Qwen2.5,base,5,10,FVQ,semantic,FVQ,1,wrong,cv_last,0.1,26,0.722222,0.023872762916587617,0.006685595509469498,25.276079807753113,0.0928636445772068,5,False,1257,0.02,raw,lora_intervention/experiments/linear_probing/results_probe50/Qwen2.5-3B-Instruct_5k_10u/probe_fits_wrong.json,
Qwen2.5-3B-Instruct,Qwen2.5,base,5,10,FVQ,semantic,FVQ,1,wrong,cv_last,0.1,27,0.75,0.01990134699298046,0.007575918335821873,25.378169860241577,0.09084037840231268,5,False,1257,0.02,raw,lora_intervention/experiments/linear_probing/results_probe50/Qwen2.5-3B-Instruct_5k_10u/probe_fits_wrong.json,
Qwen2.5-3B-Instruct,Qwen2.5,base,5,10,FVQ,semantic,FVQ,1,wrong,cv_last,0.1,28,0.777778,0.02306330234617087,0.0063374799088728746,25.533611585404415,0.0933358473167977,5,False,1257,0.02,raw,lora_intervention/experiments/linear_probing/results_probe50/Qwen2.5-3B-Instruct_5k_10u/probe_fits_wrong.json,
Qwen2.5-3B-Instruct,Qwen2.5,base,5,10,FVQ,semantic,FVQ,1,wrong,cv_last,0.1,29,0.805556,0.02465692784417884,0.008854342225640926,25.431360273192944,0.09593889237132244,5,False,1257,0.02,raw,lora_intervention/experiments/linear_probing/results_probe50/Qwen2.5-3B-Instruct_5k_10u/probe_fits_wrong.json,
Qwen2.5-3B-Instruct,Qwen2.5,base,5,10,FVQ,semantic,FVQ,1,wrong,cv_last,0.1,30,0.833333,0.02306962625687725,0.00812233893734154,25.299775501169922,0.0961579778299593,5,False,1257,0.02,raw,lora_intervention/experiments/linear_probing/results_probe50/Qwen2.5-3B-Instruct_5k_10u/probe_fits_wrong.json,
Qwen2.5-3B-Instruct,Qwen2.5,base,5,10,FVQ,semantic,FVQ,1,wrong,cv_last,0.1,31,0.861111,0.027047366091190787,0.0038949001464340396,24.86797887813824,0.09916820843972327,5,False,1257,0.02,raw,lora_intervention/experiments/linear_probing/results_probe50/Qwen2.5-3B-Instruct_5k_10u/probe_fits_wrong.json,
Qwen2.5-3B-Instruct,Qwen2.5,base,5,10,FVQ,semantic,FVQ,1,wrong,cv_last,0.1,32,0.888889,0.03260608360209954,0.010150032317733619,23.528046543982803,0.10988404337530959,5,False,1257,0.02,raw,lora_intervention/experiments/linear_probing/results_probe50/Qwen2.5-3B-Instruct_5k_10u/probe_fits_wrong.json,
Qwen2.5-3B-Instruct,Qwen2.5,base,5,10,FVQ,semantic,FVQ,1,wrong,cv_last,0.1,33,0.916667,0.032609245557452725,0.012380747525637732,21.88629292354392,0.12050899391220374,5,False,1257,0.02,raw,lora_intervention/experiments/linear_probing/results_probe50/Qwen2.5-3B-Instruct_5k_10u/probe_fits_wrong.json,
Qwen2.5-3B-Instruct,Qwen2.5,base,5,10,FVQ,semantic,FVQ,1,wrong,cv_last,0.1,34,0.944444,0.05251059255043319,0.009242031481320226,19.730904951622083,0.14564532698580357,5,False,1257,0.02,raw,lora_intervention/experiments/linear_probing/results_probe50/Qwen2.5-3B-Instruct_5k_10u/probe_fits_wrong.json,
Qwen2.5-3B-Instruct,Qwen2.5,base,5,10,FVQ,semantic,FVQ,1,wrong,cv_last,0.1,35,0.972222,0.05171694175678239,0.01311445292781971,19.437396445962182,0.14658107824521033,5,False,1257,0.02,raw,lora_intervention/experiments/linear_probing/results_probe50/Qwen2.5-3B-Instruct_5k_10u/probe_fits_wrong.json,
Qwen2.5-3B-Instruct,Qwen2.5,base,5,10,FVQ,semantic,FVQ,1,wrong,cv_last,0.1,36,1.0,0.057288307089103895,0.01278335025720592,19.243223929678113,0.15025160275735847,5,False,1257,0.02,raw,lora_intervention/experiments/linear_probing/results_probe50/Qwen2.5-3B-Instruct_5k_10u/probe_fits_wrong.json,
Qwen2.5-3B-Instruct,Qwen2.5,base,5,10,FVQ,semantic,FVQ,1,wrong,expected,0.1,0,0.0,0.056485170429393536,0.0016408811857326834,20.52315816100677,0.1441877627568662,5,False,1257,0.02,raw,lora_intervention/experiments/linear_probing/results_probe50/Qwen2.5-3B-Instruct_5k_10u/probe_fits_wrong.json,
Qwen2.5-3B-Instruct,Qwen2.5,base,5,10,FVQ,semantic,FVQ,1,wrong,expected,0.1,1,0.027778,0.023850629229115284,0.009698297996984944,22.980079681274898,0.10658357305549786,5,False,1257,0.02,raw,lora_intervention/experiments/linear_probing/results_probe50/Qwen2.5-3B-Instruct_5k_10u/probe_fits_wrong.json,
Qwen2.5-3B-Instruct,Qwen2.5,base,5,10,FVQ,semantic,FVQ,1,wrong,expected,0.1,2,0.055556,0.02863150572313919,0.004584966099791094,22.76895908429773,0.11263736448581256,5,False,1257,0.02,raw,lora_intervention/experiments/linear_probing/results_probe50/Qwen2.5-3B-Instruct_5k_10u/probe_fits_wrong.json,
Qwen2.5-3B-Instruct,Qwen2.5,base,5,10,FVQ,semantic,FVQ,1,wrong,expected,0.1,3,0.083333,0.029437804338202745,0.008952248924962722,22.953585657370517,0.11126504639316345,5,False,1257,0.02,raw,lora_intervention/experiments/linear_probing/results_probe50/Qwen2.5-3B-Instruct_5k_10u/probe_fits_wrong.json,
Qwen2.5-3B-Instruct,Qwen2.5,base,5,10,FVQ,semantic,FVQ,1,wrong,expected,0.1,4,0.111111,0.029444128248909122,0.009304413470203087,22.71306203756403,0.1133942996637615,5,False,1257,0.02,raw,lora_intervention/experiments/linear_probing/results_probe50/Qwen2.5-3B-Instruct_5k_10u/probe_fits_wrong.json,
Qwen2.5-3B-Instruct,Qwen2.5,base,5,10,FVQ,semantic,FVQ,1,wrong,expected,0.1,5,0.138889,0.03103142983621071,0.006860564415422003,22.877742996268893,0.1116651088222356,5,False,1257,0.02,raw,lora_intervention/experiments/linear_probing/results_probe50/Qwen2.5-3B-Instruct_5k_10u/probe_fits_wrong.json,
Qwen2.5-3B-Instruct,Qwen2.5,base,5,10,FVQ,semantic,FVQ,1,wrong,expected,0.1,6,0.166667,0.031034591791563905,0.009240843596659264,22.934095364573448,0.11351507268916591,5,False,1257,0.02,raw,lora_intervention/experiments/linear_probing/results_probe50/Qwen2.5-3B-Instruct_5k_10u/probe_fits_wrong.json,
Qwen2.5-3B-Instruct,Qwen2.5,base,5,10,FVQ,semantic,FVQ,1,wrong,expected,0.1,7,0.194444,0.029447290204262316,0.01171984456644502,22.93350724087776,0.11337038357216518,5,False,1257,0.02,raw,lora_intervention/experiments/linear_probing/results_probe50/Qwen2.5-3B-Instruct_5k_10u/probe_fits_wrong.json,
Qwen2.5-3B-Instruct,Qwen2.5,base,5,10,FVQ,semantic,FVQ,1,wrong,expected,0.1,8,0.222222,0.02784734079554797,0.014445359722682927,22.900923290963128,0.1114369857106835,5,False,1257,0.02,raw,lora_intervention/experiments/linear_probing/results_probe50/Qwen2.5-3B-Instruct_5k_10u/probe_fits_wrong.json,
Qwen2.5-3B-Instruct,Qwen2.5,base,5,10,FVQ,semantic,FVQ,1,wrong,expected,0.1,9,0.25,0.029428318472143174,0.008900427485837954,23.0019857079618,0.114977815122366,5,False,1257,0.02,raw,lora_intervention/experiments/linear_probing/results_probe50/Qwen2.5-3B-Instruct_5k_10u/probe_fits_wrong.json,
Qwen2.5-3B-Instruct,Qwen2.5,base,5,10,FVQ,semantic,FVQ,1,wrong,expected,0.1,10,0.277778,0.031021943970151143,0.010481633519466483,22.905558717510907,0.11421525912744417,5,False,1257,0.02,raw,lora_intervention/experiments/linear_probing/results_probe50/Qwen2.5-3B-Instruct_5k_10u/probe_fits_wrong.json,
Qwen2.5-3B-Instruct,Qwen2.5,base,5,10,FVQ,semantic,FVQ,1,wrong,expected,0.1,11,0.305556,0.02705052804654398,0.007724586388608169,22.731553152469488,0.11335343111322785,5,False,1257,0.02,raw,lora_intervention/experiments/linear_probing/results_probe50/Qwen2.5-3B-Instruct_5k_10u/probe_fits_wrong.json,
Qwen2.5-3B-Instruct,Qwen2.5,base,5,10,FVQ,semantic,FVQ,1,wrong,expected,0.1,12,0.333333,0.03499652184911149,0.013825949793716293,22.149256940492002,0.12251045072034597,5,False,1257,0.02,raw,lora_intervention/experiments/linear_probing/results_probe50/Qwen2.5-3B-Instruct_5k_10u/probe_fits_wrong.json,
Qwen2.5-3B-Instruct,Qwen2.5,base,5,10,FVQ,semantic,FVQ,1,wrong,expected,0.1,13,0.361111,0.034987035983051924,0.017073973349900008,21.98321317902991,0.12179638727373299,5,False,1257,0.02,raw,lora_intervention/experiments/linear_probing/results_probe50/Qwen2.5-3B-Instruct_5k_10u/probe_fits_wrong.json,
Qwen2.5-3B-Instruct,Qwen2.5,base,5,10,FVQ,semantic,FVQ,1,wrong,expected,0.1,14,0.388889,0.027825207108075633,0.012520756306802919,22.155274141529123,0.11523532581219731,5,False,1257,0.02,raw,lora_intervention/experiments/linear_probing/results_probe50/Qwen2.5-3B-Instruct_5k_10u/probe_fits_wrong.json,
Qwen2.5-3B-Instruct,Qwen2.5,base,5,10,FVQ,semantic,FVQ,1,wrong,expected,0.1,15,0.416667,0.03341238221716309,0.012982041445185898,21.92570669702144,0.11825553973279516,5,False,1257,0.02,raw,lora_intervention/experiments/linear_probing/results_probe50/Qwen2.5-3B-Instruct_5k_10u/probe_fits_wrong.json,
Qwen2.5-3B-Instruct,Qwen2.5,base,5,10,FVQ,semantic,FVQ,1,wrong,expected,0.1,16,0.444444,0.03579965850882185,0.008345289766577073,21.91961360905584,0.12279312924216881,5,False,1257,0.02,raw,lora_intervention/experiments/linear_probing/results_probe50/Qwen2.5-3B-Instruct_5k_10u/probe_fits_wrong.json,
Qwen2.5-3B-Instruct,Qwen2.5,base,5,10,FVQ,semantic,FVQ,1,wrong,expected,0.1,17,0.472222,0.040564725226079804,0.008060458670177064,21.87671219882375,0.12737623647606286,5,False,1257,0.02,raw,lora_intervention/experiments/linear_probing/results_probe50/Qwen2.5-3B-Instruct_5k_10u/probe_fits_wrong.json,
Qwen2.5-3B-Instruct,Qwen2.5,base,5,10,FVQ,semantic,FVQ,1,wrong,expected,0.1,18,0.5,0.04374249035603617,0.010004225865368525,21.410658951495606,0.1314519546550056,5,False,1257,0.02,raw,lora_intervention/experiments/linear_probing/results_probe50/Qwen2.5-3B-Instruct_5k_10u/probe_fits_wrong.json,
Qwen2.5-3B-Instruct,Qwen2.5,base,5,10,FVQ,semantic,FVQ,1,wrong,expected,0.1,19,0.527778,0.054085246316322014,0.009534834293681165,21.08700752545374,0.14207992193759325,5,False,1257,0.02,raw,lora_intervention/experiments/linear_probing/results_probe50/Qwen2.5-3B-Instruct_5k_10u/probe_fits_wrong.json,
Qwen2.5-3B-Instruct,Qwen2.5,base,5,10,FVQ,semantic,FVQ,1,wrong,expected,0.1,20,0.555556,0.040564725226079804,0.005213261842443802,21.58803832289888,0.12963150990410433,5,False,1257,0.02,raw,lora_intervention/experiments/linear_probing/results_probe50/Qwen2.5-3B-Instruct_5k_10u/probe_fits_wrong.json,
Qwen2.5-3B-Instruct,Qwen2.5,base,5,10,FVQ,semantic,FVQ,1,wrong,expected,0.1,21,0.583333,0.03978372225384178,0.005084760449526869,21.33135394928224,0.12794678206756868,5,False,1257,0.02,raw,lora_intervention/experiments/linear_probing/results_probe50/Qwen2.5-3B-Instruct_5k_10u/probe_fits_wrong.json,
Qwen2.5-3B-Instruct,Qwen2.5,base,5,10,FVQ,semantic,FVQ,1,wrong,expected,0.1,22,0.611111,0.03659963321317903,0.006397331959507914,20.68145829380889,0.133919538206478,5,False,1257,0.02,raw,lora_intervention/experiments/linear_probing/results_probe50/Qwen2.5-3B-Instruct_5k_10u/probe_fits_wrong.json,
Qwen2.5-3B-Instruct,Qwen2.5,base,5,10,FVQ,semantic,FVQ,1,wrong,expected,0.1,23,0.638889,0.15592550433187885,0.012678769131546733,13.2957376841839,0.28345574609385943,5,False,1257,0.02,raw,lora_intervention/experiments/linear_probing/results_probe50/Qwen2.5-3B-Instruct_5k_10u/probe_fits_wrong.json,
Qwen2.5-3B-Instruct,Qwen2.5,base,5,10,FVQ,semantic,FVQ,1,wrong,expected,0.1,24,0.666667,0.16148738379814076,0.010413191287838417,14.487197242774931,0.2745589031915423,5,False,1257,0.02,raw,lora_intervention/experiments/linear_probing/results_probe50/Qwen2.5-3B-Instruct_5k_10u/probe_fits_wrong.json,
Qwen2.5-3B-Instruct,Qwen2.5,base,5,10,FVQ,semantic,FVQ,1,wrong,expected,0.1,25,0.694444,0.18454120027825205,0.018993657096412434,12.792708530955544,0.3144371478580418,5,False,1257,0.02,raw,lora_intervention/experiments/linear_probing/results_probe50/Qwen2.5-3B-Instruct_5k_10u/probe_fits_wrong.json,
Qwen2.5-3B-Instruct,Qwen2.5,base,5,10,FVQ,semantic,FVQ,1,wrong,expected,0.1,26,0.722222,0.20285524568393093,0.011098048894650752,11.514222475178652,0.33922593692434955,5,False,1257,0.02,raw,lora_intervention/experiments/linear_probing/results_probe50/Qwen2.5-3B-Instruct_5k_10u/probe_fits_wrong.json,
Qwen2.5-3B-Instruct,Qwen2.5,base,5,10,FVQ,semantic,FVQ,1,wrong,expected,0.1,27,0.75,0.20526149370770885,0.02125971291115577,11.390571049136787,0.3409420991251696,5,False,1257,0.02,raw,lora_intervention/experiments/linear_probing/results_probe50/Qwen2.5-3B-Instruct_5k_10u/probe_fits_wrong.json,
Qwen2.5-3B-Instruct,Qwen2.5,base,5,10,FVQ,semantic,FVQ,1,wrong,expected,0.1,28,0.777778,0.27844811231265415,0.023630707004635248,9.851685322203249,0.40707567847516907,5,False,1257,0.02,raw,lora_intervention/experiments/linear_probing/results_probe50/Qwen2.5-3B-Instruct_5k_10u/probe_fits_wrong.json,
Qwen2.5-3B-Instruct,Qwen2.5,base,5,10,FVQ,semantic,FVQ,1,wrong,expected,0.1,29,0.805556,0.27366407386327707,0.006686443374826122,9.529627521659393,0.4088306434939043,5,False,1257,0.02,raw,lora_intervention/experiments/linear_probing/results_probe50/Qwen2.5-3B-Instruct_5k_10u/probe_fits_wrong.json,
Qwen2.5-3B-Instruct,Qwen2.5,base,5,10,FVQ,semantic,FVQ,1,wrong,expected,0.1,30,0.833333,0.2832100170745589,0.016303556929159895,9.235964080187188,0.4191475427833959,5,False,1257,0.02,raw,lora_intervention/experiments/linear_probing/results_probe50/Qwen2.5-3B-Instruct_5k_10u/probe_fits_wrong.json,
Qwen2.5-3B-Instruct,Qwen2.5,base,5,10,FVQ,semantic,FVQ,1,wrong,expected,0.1,31,0.861111,0.38102826788085753,0.021594591157175234,6.637301587301588,0.5201091650308591,5,False,1257,0.02,raw,lora_intervention/experiments/linear_probing/results_probe50/Qwen2.5-3B-Instruct_5k_10u/probe_fits_wrong.json,
Qwen2.5-3B-Instruct,Qwen2.5,base,5,10,FVQ,semantic,FVQ,1,wrong,expected,0.1,32,0.888889,0.4073167646872826,0.021054808969775633,5.638929994308481,0.5516813753123814,5,False,1257,0.02,raw,lora_intervention/experiments/linear_probing/results_probe50/Qwen2.5-3B-Instruct_5k_10u/probe_fits_wrong.json,
Qwen2.5-3B-Instruct,Qwen2.5,base,5,10,FVQ,semantic,FVQ,1,wrong,expected,0.1,33,0.916667,0.38421868083222666,0.0214845026502862,5.417744893442105,0.537942032773674,5,False,1257,0.02,raw,lora_intervention/experiments/linear_probing/results_probe50/Qwen2.5-3B-Instruct_5k_10u/probe_fits_wrong.json,
Qwen2.5-3B-Instruct,Qwen2.5,base,5,10,FVQ,semantic,FVQ,1,wrong,expected,0.1,34,0.944444,0.35797761335609946,0.013058861827749926,4.699298045911592,0.53430483390658,5,False,1257,0.02,raw,lora_intervention/experiments/linear_probing/results_probe50/Qwen2.5-3B-Instruct_5k_10u/probe_fits_wrong.json,
Qwen2.5-3B-Instruct,Qwen2.5,base,5,10,FVQ,semantic,FVQ,1,wrong,expected,0.1,35,0.972222,0.3492316448491747,0.013039121798191621,4.6468475305128685,0.5304162033067559,5,False,1257,0.02,raw,lora_intervention/experiments/linear_probing/results_probe50/Qwen2.5-3B-Instruct_5k_10u/probe_fits_wrong.json,
Qwen2.5-3B-Instruct,Qwen2.5,base,5,10,FVQ,semantic,FVQ,1,wrong,expected,0.1,36,1.0,0.3555998229305002,0.021428880996554732,4.463090495162208,0.5392323733573587,5,False,1257,0.02,raw,lora_intervention/experiments/linear_probing/results_probe50/Qwen2.5-3B-Instruct_5k_10u/probe_fits_wrong.json,
Qwen2.5-3B-Instruct,Qwen2.5,base,5,10,FVQ,semantic,FVQ,1,wrong,shuffled,0.1,0,0.0,0.056485170429393536,0.0016408811857326834,20.502029975336747,0.1441987108004923,5,False,1257,0.02,raw,lora_intervention/experiments/linear_probing/results_probe50/Qwen2.5-3B-Instruct_5k_10u/probe_fits_wrong.json,
Qwen2.5-3B-Instruct,Qwen2.5,base,5,10,FVQ,semantic,FVQ,1,wrong,shuffled,0.1,1,0.027778,0.02783785492948839,0.008321041021536585,23.840422437235183,0.10537246775346623,5,False,1257,0.02,raw,lora_intervention/experiments/linear_probing/results_probe50/Qwen2.5-3B-Instruct_5k_10u/probe_fits_wrong.json,
Qwen2.5-3B-Instruct,Qwen2.5,base,5,10,FVQ,semantic,FVQ,1,wrong,shuffled,0.1,2,0.055556,0.024669575665591602,0.008141513755624013,23.84005881236957,0.10248992711409469,5,False,1257,0.02,raw,lora_intervention/experiments/linear_probing/results_probe50/Qwen2.5-3B-Instruct_5k_10u/probe_fits_wrong.json,
Qwen2.5-3B-Instruct,Qwen2.5,base,5,10,FVQ,semantic,FVQ,1,wrong,shuffled,0.1,3,0.083333,0.02944412824890913,0.011726714110265591,23.639799532030608,0.1059724831155007,5,False,1257,0.02,raw,lora_intervention/experiments/linear_probing/results_probe50/Qwen2.5-3B-Instruct_5k_10u/probe_fits_wrong.json,
Qwen2.5-3B-Instruct,Qwen2.5,base,5,10,FVQ,semantic,FVQ,1,wrong,shuffled,0.1,4,0.111111,0.025460064503889206,0.004078084033619318,23.91580345285525,0.10439313187862764,5,False,1257,0.02,raw,lora_intervention/experiments/linear_probing/results_probe50/Qwen2.5-3B-Instruct_5k_10u/probe_fits_wrong.json,
Qwen2.5-3B-Instruct,Qwen2.5,base,5,10,FVQ,semantic,FVQ,1,wrong,shuffled,0.1,5,0.138889,0.02863782963384557,0.002960772329605355,24.016913299184218,0.10517540522323458,5,False,1257,0.02,raw,lora_intervention/experiments/linear_probing/results_probe50/Qwen2.5-3B-Instruct_5k_10u/probe_fits_wrong.json,
Qwen2.5-3B-Instruct,Qwen2.5,base,5,10,FVQ,semantic,FVQ,1,wrong,shuffled,0.1,6,0.166667,0.028634667678492383,0.003856022378876066,23.994665781319164,0.10658768823945293,5,False,1257,0.02,raw,lora_intervention/experiments/linear_probing/results_probe50/Qwen2.5-3B-Instruct_5k_10u/probe_fits_wrong.json,
Qwen2.5-3B-Instruct,Qwen2.5,base,5,10,FVQ,semantic,FVQ,1,wrong,shuffled,0.1,7,0.194444,0.026247391386833612,0.004019744482067465,24.006646430152408,0.1050689603214557,5,False,1257,0.02,raw,lora_intervention/experiments/linear_probing/results_probe50/Qwen2.5-3B-Instruct_5k_10u/probe_fits_wrong.json,
Qwen2.5-3B-Instruct,Qwen2.5,base,5,10,FVQ,semantic,FVQ,1,wrong,shuffled,0.1,8,0.222222,0.02465060393347246,0.0063176342723031565,24.015209005248845,0.10215899816335594,5,False,1257,0.02,raw,lora_intervention/experiments/linear_probing/results_probe50/Qwen2.5-3B-Instruct_5k_10u/probe_fits_wrong.json,
Qwen2.5-3B-Instruct,Qwen2.5,base,5,10,FVQ,semantic,FVQ,1,wrong,shuffled,0.1,9,0.25,0.023866439005881236,0.007112935057290375,24.02461582242459,0.10174101795847099,5,False,1257,0.02,raw,lora_intervention/experiments/linear_probing/results_probe50/Qwen2.5-3B-Instruct_5k_10u/probe_fits_wrong.json,
Qwen2.5-3B-Instruct,Qwen2.5,base,5,10,FVQ,semantic,FVQ,1,wrong,shuffled,0.1,10,0.277778,0.02305697843546449,0.007664742829027565,24.15680768987542,0.09955849431072966,5,False,1257,0.02,raw,lora_intervention/experiments/linear_probing/results_probe50/Qwen2.5-3B-Instruct_5k_10u/probe_fits_wrong.json,
Qwen2.5-3B-Instruct,Qwen2.5,base,5,10,FVQ,semantic,FVQ,1,wrong,shuffled,0.1,11,0.305556,0.02545374059318282,0.003154341684092929,24.250467969392275,0.10164439200830308,5,False,1257,0.02,raw,lora_intervention/experiments/linear_probing/results_probe50/Qwen2.5-3B-Instruct_5k_10u/probe_fits_wrong.json,
Qwen2.5-3B-Instruct,Qwen2.5,base,5,10,FVQ,semantic,FVQ,1,wrong,shuffled,0.1,12,0.333333,0.023863277050528046,0.005609914775563783,24.407455890722822,0.1007928822245285,5,False,1257,0.02,raw,lora_intervention/experiments/linear_probing/results_probe50/Qwen2.5-3B-Instruct_5k_10u/probe_fits_wrong.json,
Qwen2.5-3B-Instruct,Qwen2.5,base,5,10,FVQ,semantic,FVQ,1,wrong,shuffled,0.1,13,0.361111,0.026260039208246384,0.006496013916274281,24.148874343894267,0.10514223295546361,5,False,1257,0.02,raw,lora_intervention/experiments/linear_probing/results_probe50/Qwen2.5-3B-Instruct_5k_10u/probe_fits_wrong.json,
Qwen2.5-3B-Instruct,Qwen2.5,base,5,10,FVQ,semantic,FVQ,1,wrong,shuffled,0.1,14,0.388889,0.026260039208246377,0.01143608046028901,24.307424271169292,0.10299018711574008,5,False,1257,0.02,raw,lora_intervention/experiments/linear_probing/results_probe50/Qwen2.5-3B-Instruct_5k_10u/probe_fits_wrong.json,
Qwen2.5-3B-Instruct,Qwen2.5,base,5,10,FVQ,semantic,FVQ,1,wrong,shuffled,0.1,15,0.416667,0.02228229937393284,0.007803060069601208,23.996480743691897,0.10046136638917433,5,False,1257,0.02,raw,lora_intervention/experiments/linear_probing/results_probe50/Qwen2.5-3B-Instruct_5k_10u/probe_fits_wrong.json,
Qwen2.5-3B-Instruct,Qwen2.5,base,5,10,FVQ,semantic,FVQ,1,wrong,shuffled,0.1,16,0.444444,0.02863782963384557,0.004632967075995948,23.714007462214635,0.10472830439110128,5,False,1257,0.02,raw,lora_intervention/experiments/linear_probing/results_probe50/Qwen2.5-3B-Instruct_5k_10u/probe_fits_wrong.json,
Qwen2.5-3B-Instruct,Qwen2.5,base,5,10,FVQ,semantic,FVQ,1,wrong,shuffled,0.1,17,0.472222,0.0278346929741352,0.00792084394915608,23.988057294631,0.10436482782338145,5,False,1257,0.02,raw,lora_intervention/experiments/linear_probing/results_probe50/Qwen2.5-3B-Instruct_5k_10u/probe_fits_wrong.json,
Qwen2.5-3B-Instruct,Qwen2.5,base,5,10,FVQ,semantic,FVQ,1,wrong,shuffled,0.1,18,0.5,0.02466008979953203,0.004634507634744666,23.972238031998987,0.10299455856974937,5,False,1257,0.02,raw,lora_intervention/experiments/linear_probing/results_probe50/Qwen2.5-3B-Instruct_5k_10u/probe_fits_wrong.json,
Qwen2.5-3B-Instruct,Qwen2.5,base,5,10,FVQ,semantic,FVQ,1,wrong,shuffled,0.1,19,0.527778,0.025447416682476444,0.010538160133319027,23.952384114336304,0.10330264451172796,5,False,1257,0.02,raw,lora_intervention/experiments/linear_probing/results_probe50/Qwen2.5-3B-Instruct_5k_10u/probe_fits_wrong.json,
Qwen2.5-3B-Instruct,Qwen2.5,base,5,10,FVQ,semantic,FVQ,1,wrong,shuffled,0.1,20,0.555556,0.02227597546322646,0.0073904847231316614,23.933813950547016,0.10050713770338134,5,False,1257,0.02,raw,lora_intervention/experiments/linear_probing/results_probe50/Qwen2.5-3B-Instruct_5k_10u/probe_fits_wrong.json,
Qwen2.5-3B-Instruct,Qwen2.5,base,5,10,FVQ,semantic,FVQ,1,wrong,shuffled,0.1,21,0.583333,0.019891861126920887,0.006180344053469078,23.962012268386772,0.10173897442459864,5,False,1257,0.02,raw,lora_intervention/experiments/linear_probing/results_probe50/Qwen2.5-3B-Instruct_5k_10u/probe_fits_wrong.json,
Qwen2.5-3B-Instruct,Qwen2.5,base,5,10,FVQ,semantic,FVQ,1,wrong,shuffled,0.1,22,0.611111,0.02625687725289319,0.0032159184516403452,23.994115601087714,0.10358967518779974,5,False,1257,0.02,raw,lora_intervention/experiments/linear_probing/results_probe50/Qwen2.5-3B-Instruct_5k_10u/probe_fits_wrong.json,
Qwen2.5-3B-Instruct,Qwen2.5,base,5,10,FVQ,semantic,FVQ,1,wrong,shuffled,0.1,23,0.638889,0.025460064503889206,0.003206503362778207,24.202207044836527,0.10163411717858775,5,False,1257,0.02,raw,lora_intervention/experiments/linear_probing/results_probe50/Qwen2.5-3B-Instruct_5k_10u/probe_fits_wrong.json,
Qwen2.5-3B-Instruct,Qwen2.5,base,5,10,FVQ,semantic,FVQ,1,wrong,shuffled,0.1,24,0.666667,0.027844178840194772,0.011266532787359937,24.303487636754568,0.10294645941789164,5,False,1257,0.02,raw,lora_intervention/experiments/linear_probing/results_probe50/Qwen2.5-3B-Instruct_5k_10u/probe_fits_wrong.json,
Qwen2.5-3B-Instruct,Qwen2.5,base,5,10,FVQ,semantic,FVQ,1,wrong,shuffled,0.1,25,0.694444,0.021491810535635238,0.00896225330344629,24.24827357237716,0.09768331771219978,5,False,1257,0.02,raw,lora_intervention/experiments/linear_probing/results_probe50/Qwen2.5-3B-Instruct_5k_10u/probe_fits_wrong.json,
Qwen2.5-3B-Instruct,Qwen2.5,base,5,10,FVQ,semantic,FVQ,1,wrong,shuffled,0.1,26,0.722222,0.023075950167583632,0.00638647355748972,24.425071143995446,0.09874113438813809,5,False,1257,0.02,raw,lora_intervention/experiments/linear_probing/results_probe50/Qwen2.5-3B-Instruct_5k_10u/probe_fits_wrong.json,
Qwen2.5-3B-Instruct,Qwen2.5,base,5,10,FVQ,semantic,FVQ,1,wrong,shuffled,0.1,27,0.75,0.02864731549990514,0.013195806122211454,24.119170935306393,0.10463737618376352,5,False,1257,0.02,raw,lora_intervention/experiments/linear_probing/results_probe50/Qwen2.5-3B-Instruct_5k_10u/probe_fits_wrong.json,
Qwen2.5-3B-Instruct,Qwen2.5,base,5,10,FVQ,semantic,FVQ,1,wrong,shuffled,0.1,28,0.777778,0.022275975463226457,0.001956123688527789,24.005479668627082,0.10053460767004596,5,False,1257,0.02,raw,lora_intervention/experiments/linear_probing/results_probe50/Qwen2.5-3B-Instruct_5k_10u/probe_fits_wrong.json,
Qwen2.5-3B-Instruct,Qwen2.5,base,5,10,FVQ,semantic,FVQ,1,wrong,shuffled,0.1,29,0.805556,0.024672737620944792,0.010523686670772567,24.128707392651616,0.10181135160642849,5,False,1257,0.02,raw,lora_intervention/experiments/linear_probing/results_probe50/Qwen2.5-3B-Instruct_5k_10u/probe_fits_wrong.json,
Qwen2.5-3B-Instruct,Qwen2.5,base,5,10,FVQ,semantic,FVQ,1,wrong,shuffled,0.1,30,0.833333,0.026272687029659143,0.011174827990688448,24.16825713020932,0.10293718455388745,5,False,1257,0.02,raw,lora_intervention/experiments/linear_probing/results_probe50/Qwen2.5-3B-Instruct_5k_10u/probe_fits_wrong.json,
Qwen2.5-3B-Instruct,Qwen2.5,base,5,10,FVQ,semantic,FVQ,1,wrong,shuffled,0.1,31,0.861111,0.029434642382849558,0.009594085361986332,24.110469234174413,0.10420245332359816,5,False,1257,0.02,raw,lora_intervention/experiments/linear_probing/results_probe50/Qwen2.5-3B-Instruct_5k_10u/probe_fits_wrong.json,
Qwen2.5-3B-Instruct,Qwen2.5,base,5,10,FVQ,semantic,FVQ,1,wrong,shuffled,0.1,32,0.888889,0.03342186808322266,0.00740931222409902,24.064820084740404,0.10867242879963143,5,False,1257,0.02,raw,lora_intervention/experiments/linear_probing/results_probe50/Qwen2.5-3B-Instruct_5k_10u/probe_fits_wrong.json,
Qwen2.5-3B-Instruct,Qwen2.5,base,5,10,FVQ,semantic,FVQ,1,wrong,shuffled,0.1,33,0.916667,0.025466388414595587,0.007816935605630524,24.235224182634543,0.10074545512302557,5,False,1257,0.02,raw,lora_intervention/experiments/linear_probing/results_probe50/Qwen2.5-3B-Instruct_5k_10u/probe_fits_wrong.json,
Qwen2.5-3B-Instruct,Qwen2.5,base,5,10,FVQ,semantic,FVQ,1,wrong,shuffled,0.1,34,0.944444,0.023075950167583632,0.006386473557489721,23.768171757414784,0.10233108011223793,5,False,1257,0.02,raw,lora_intervention/experiments/linear_probing/results_probe50/Qwen2.5-3B-Instruct_5k_10u/probe_fits_wrong.json,
Qwen2.5-3B-Instruct,Qwen2.5,base,5,10,FVQ,semantic,FVQ,1,wrong,shuffled,0.1,35,0.972222,0.023853791184468474,0.01001652060254801,23.807841649275915,0.10194811682077717,5,False,1257,0.02,raw,lora_intervention/experiments/linear_probing/results_probe50/Qwen2.5-3B-Instruct_5k_10u/probe_fits_wrong.json,
Qwen2.5-3B-Instruct,Qwen2.5,base,5,10,FVQ,semantic,FVQ,1,wrong,shuffled,0.1,36,1.0,0.021476000758869285,0.0059308168700057595,23.71403275785746,0.10190138817231867,5,False,1257,0.02,raw,lora_intervention/experiments/linear_probing/results_probe50/Qwen2.5-3B-Instruct_5k_10u/probe_fits_wrong.json,
Qwen2.5-3B-Instruct,Qwen2.5,base,5,10,IVQ,ordinal,k2,2,wrong,cv_first,0.1,0,0.0,0.032550028587764436,0.0018352676817862997,23.100726129216696,0.11181031285357965,5,False,1321,0.02,raw,lora_intervention/experiments/linear_probing/results_probe50/Qwen2.5-3B-Instruct_5k_10u/probe_fits_wrong.json,
Qwen2.5-3B-Instruct,Qwen2.5,base,5,10,IVQ,ordinal,k2,2,wrong,cv_first,0.1,1,0.027778,0.02876214979988565,0.0038277554072110357,24.374994282447112,0.10302196178905385,5,False,1321,0.02,raw,lora_intervention/experiments/linear_probing/results_probe50/Qwen2.5-3B-Instruct_5k_10u/probe_fits_wrong.json,
Qwen2.5-3B-Instruct,Qwen2.5,base,5,10,IVQ,ordinal,k2,2,wrong,cv_first,0.1,2,0.055556,0.027993138936535166,0.010800768399520128,24.4880303030303,0.10258589028817107,5,False,1321,0.02,raw,lora_intervention/experiments/linear_probing/results_probe50/Qwen2.5-3B-Instruct_5k_10u/probe_fits_wrong.json,
Qwen2.5-3B-Instruct,Qwen2.5,base,5,10,IVQ,ordinal,k2,2,wrong,cv_first,0.1,3,0.083333,0.025726129216695252,0.009348113294578913,24.379048027444252,0.10101127316346607,5,False,1321,0.02,raw,lora_intervention/experiments/linear_probing/results_probe50/Qwen2.5-3B-Instruct_5k_10u/probe_fits_wrong.json,
Qwen2.5-3B-Instruct,Qwen2.5,base,5,10,IVQ,ordinal,k2,2,wrong,cv_first,0.1,4,0.111111,0.025731846769582616,0.006484133524478041,24.16021726700972,0.10081907283248537,5,False,1321,0.02,raw,lora_intervention/experiments/linear_probing/results_probe50/Qwen2.5-3B-Instruct_5k_10u/probe_fits_wrong.json,
Qwen2.5-3B-Instruct,Qwen2.5,base,5,10,IVQ,ordinal,k2,2,wrong,cv_first,0.1,5,0.138889,0.020437392795883365,0.011878879712635754,24.1389136649514,0.09639262947968921,5,False,1321,0.02,raw,lora_intervention/experiments/linear_probing/results_probe50/Qwen2.5-3B-Instruct_5k_10u/probe_fits_wrong.json,
Qwen2.5-3B-Instruct,Qwen2.5,base,5,10,IVQ,ordinal,k2,2,wrong,cv_first,0.1,6,0.166667,0.024979988564894223,0.010870542441929644,23.913381932532875,0.10107422509544954,5,False,1321,0.02,raw,lora_intervention/experiments/linear_probing/results_probe50/Qwen2.5-3B-Instruct_5k_10u/probe_fits_wrong.json,
Qwen2.5-3B-Instruct,Qwen2.5,base,5,10,IVQ,ordinal,k2,2,wrong,cv_first,0.1,7,0.194444,0.021189251000571757,0.010854215863996293,23.918619210977702,0.09585086884279415,5,False,1321,0.02,raw,lora_intervention/experiments/linear_probing/results_probe50/Qwen2.5-3B-Instruct_5k_10u/probe_fits_wrong.json,
Qwen2.5-3B-Instruct,Qwen2.5,base,5,10,IVQ,ordinal,k2,2,wrong,cv_first,0.1,8,0.222222,0.021946826758147513,0.0077012147713415025,23.76679245283019,0.09934559412186443,5,False,1321,0.02,raw,lora_intervention/experiments/linear_probing/results_probe50/Qwen2.5-3B-Instruct_5k_10u/probe_fits_wrong.json,
Qwen2.5-3B-Instruct,Qwen2.5,base,5,10,IVQ,ordinal,k2,2,wrong,cv_first,0.1,9,0.25,0.02875643224699829,0.007747876992966352,23.432695826186393,0.10187596214506826,5,False,1321,0.02,raw,lora_intervention/experiments/linear_probing/results_probe50/Qwen2.5-3B-Instruct_5k_10u/probe_fits_wrong.json,
Qwen2.5-3B-Instruct,Qwen2.5,base,5,10,IVQ,ordinal,k2,2,wrong,cv_first,0.1,10,0.277778,0.0302715837621498,0.007528702695382595,23.50391938250429,0.10410276750094608,5,False,1321,0.02,raw,lora_intervention/experiments/linear_probing/results_probe50/Qwen2.5-3B-Instruct_5k_10u/probe_fits_wrong.json,
Qwen2.5-3B-Instruct,Qwen2.5,base,5,10,IVQ,ordinal,k2,2,wrong,cv_first,0.1,11,0.305556,0.02800171526586621,0.006108924994634791,23.230414522584333,0.10490607471186846,5,False,1321,0.02,raw,lora_intervention/experiments/linear_probing/results_probe50/Qwen2.5-3B-Instruct_5k_10u/probe_fits_wrong.json,
Qwen2.5-3B-Instruct,Qwen2.5,base,5,10,IVQ,ordinal,k2,2,wrong,cv_first,0.1,12,0.333333,0.027241280731846767,0.011041638303458176,23.163024585477416,0.10595998148463255,5,False,1321,0.02,raw,lora_intervention/experiments/linear_probing/results_probe50/Qwen2.5-3B-Instruct_5k_10u/probe_fits_wrong.json,
Qwen2.5-3B-Instruct,Qwen2.5,base,5,10,IVQ,ordinal,k2,2,wrong,cv_first,0.1,13,0.361111,0.02876214979988565,0.0065839017976240715,22.960157232704407,0.1061244725372698,5,False,1321,0.02,raw,lora_intervention/experiments/linear_probing/results_probe50/Qwen2.5-3B-Instruct_5k_10u/probe_fits_wrong.json,
Qwen2.5-3B-Instruct,Qwen2.5,base,5,10,IVQ,ordinal,k2,2,wrong,cv_first,0.1,14,0.388889,0.02497712978845055,0.005647929437471873,22.886280731846767,0.10507201572254873,5,False,1321,0.02,raw,lora_intervention/experiments/linear_probing/results_probe50/Qwen2.5-3B-Instruct_5k_10u/probe_fits_wrong.json,
Qwen2.5-3B-Instruct,Qwen2.5,base,5,10,IVQ,ordinal,k2,2,wrong,cv_first,0.1,15,0.416667,0.028007432818753574,0.0018280215671761589,22.791578044596914,0.10897460133408987,5,False,1321,0.02,raw,lora_intervention/experiments/linear_probing/results_probe50/Qwen2.5-3B-Instruct_5k_10u/probe_fits_wrong.json,
Qwen2.5-3B-Instruct,Qwen2.5,base,5,10,IVQ,ordinal,k2,2,wrong,cv_first,0.1,16,0.444444,0.027244139508290455,0.007686653945456292,23.058827901658095,0.11014546883083987,5,False,1321,0.02,raw,lora_intervention/experiments/linear_probing/results_probe50/Qwen2.5-3B-Instruct_5k_10u/probe_fits_wrong.json,
Qwen2.5-3B-Instruct,Qwen2.5,base,5,10,IVQ,ordinal,k2,2,wrong,cv_first,0.1,17,0.472222,0.025731846769582616,0.006025344577581867,23.061060606060604,0.10627898264415618,5,False,1321,0.02,raw,lora_intervention/experiments/linear_probing/results_probe50/Qwen2.5-3B-Instruct_5k_10u/probe_fits_wrong.json,
Qwen2.5-3B-Instruct,Qwen2.5,base,5,10,IVQ,ordinal,k2,2,wrong,cv_first,0.1,18,0.5,0.02194396798170383,0.007685486441439404,22.715202973127504,0.10676948939466029,5,False,1321,0.02,raw,lora_intervention/experiments/linear_probing/results_probe50/Qwen2.5-3B-Instruct_5k_10u/probe_fits_wrong.json,
Qwen2.5-3B-Instruct,Qwen2.5,base,5,10,IVQ,ordinal,k2,2,wrong,cv_first,0.1,19,0.527778,0.03330474556889651,0.004388245120928745,22.362827329902803,0.11817519475502958,5,False,1321,0.02,raw,lora_intervention/experiments/linear_probing/results_probe50/Qwen2.5-3B-Instruct_5k_10u/probe_fits_wrong.json,
Qwen2.5-3B-Instruct,Qwen2.5,base,5,10,IVQ,ordinal,k2,2,wrong,cv_first,0.1,20,0.555556,0.028007432818753574,0.010868572516359165,22.5415380217267,0.11489155589853142,5,False,1321,0.02,raw,lora_intervention/experiments/linear_probing/results_probe50/Qwen2.5-3B-Instruct_5k_10u/probe_fits_wrong.json,
Qwen2.5-3B-Instruct,Qwen2.5,base,5,10,IVQ,ordinal,k2,2,wrong,cv_first,0.1,21,0.583333,0.031798170383076044,0.010342299339046996,22.797581475128645,0.112206395833705,5,False,1321,0.02,raw,lora_intervention/experiments/linear_probing/results_probe50/Qwen2.5-3B-Instruct_5k_10u/probe_fits_wrong.json,
Qwen2.5-3B-Instruct,Qwen2.5,base,5,10,IVQ,ordinal,k2,2,wrong,cv_first,0.1,22,0.611111,0.03482561463693539,0.007359251312208372,21.876789594053744,0.11956746740526392,5,False,1321,0.02,raw,lora_intervention/experiments/linear_probing/results_probe50/Qwen2.5-3B-Instruct_5k_10u/probe_fits_wrong.json,
Qwen2.5-3B-Instruct,Qwen2.5,base,5,10,IVQ,ordinal,k2,2,wrong,cv_first,0.1,23,0.638889,0.14608919382504287,0.009551636285272495,14.624225271583763,0.26521906562073755,5,False,1321,0.02,raw,lora_intervention/experiments/linear_probing/results_probe50/Qwen2.5-3B-Instruct_5k_10u/probe_fits_wrong.json,
Qwen2.5-3B-Instruct,Qwen2.5,base,5,10,IVQ,ordinal,k2,2,wrong,cv_first,0.1,24,0.666667,0.12793024585477414,0.014223166987137856,15.093539165237278,0.2470765522155506,5,False,1321,0.02,raw,lora_intervention/experiments/linear_probing/results_probe50/Qwen2.5-3B-Instruct_5k_10u/probe_fits_wrong.json,
Qwen2.5-3B-Instruct,Qwen2.5,base,5,10,IVQ,ordinal,k2,2,wrong,cv_first,0.1,25,0.694444,0.15668381932532874,0.024386335967593823,13.723013150371642,0.27959322313702045,5,False,1321,0.02,raw,lora_intervention/experiments/linear_probing/results_probe50/Qwen2.5-3B-Instruct_5k_10u/probe_fits_wrong.json,
Qwen2.5-3B-Instruct,Qwen2.5,base,5,10,IVQ,ordinal,k2,2,wrong,cv_first,0.1,26,0.722222,0.1914894225271584,0.028843121390453037,11.757098341909664,0.32382749183765913,5,False,1321,0.02,raw,lora_intervention/experiments/linear_probing/results_probe50/Qwen2.5-3B-Instruct_5k_10u/probe_fits_wrong.json,
Qwen2.5-3B-Instruct,Qwen2.5,base,5,10,IVQ,ordinal,k2,2,wrong,cv_first,0.1,27,0.75,0.2566037735849057,0.03117995400591865,10.842824471126358,0.3868793462544723,5,False,1321,0.02,raw,lora_intervention/experiments/linear_probing/results_probe50/Qwen2.5-3B-Instruct_5k_10u/probe_fits_wrong.json,
Qwen2.5-3B-Instruct,Qwen2.5,base,5,10,IVQ,ordinal,k2,2,wrong,cv_first,0.1,28,0.777778,0.37696397941680954,0.015570539460909092,7.7424442538593485,0.5020527153565544,5,False,1321,0.02,raw,lora_intervention/experiments/linear_probing/results_probe50/Qwen2.5-3B-Instruct_5k_10u/probe_fits_wrong.json,
Qwen2.5-3B-Instruct,Qwen2.5,base,5,10,IVQ,ordinal,k2,2,wrong,cv_first,0.1,29,0.805556,0.3466838193253288,0.021088267812261433,7.725062893081761,0.4797430842477805,5,False,1321,0.02,raw,lora_intervention/experiments/linear_probing/results_probe50/Qwen2.5-3B-Instruct_5k_10u/probe_fits_wrong.json,
Qwen2.5-3B-Instruct,Qwen2.5,base,5,10,IVQ,ordinal,k2,2,wrong,cv_first,0.1,30,0.833333,0.3701457975986278,0.023017023776532447,7.311083476272155,0.5002516640611103,5,False,1321,0.02,raw,lora_intervention/experiments/linear_probing/results_probe50/Qwen2.5-3B-Instruct_5k_10u/probe_fits_wrong.json,
Qwen2.5-3B-Instruct,Qwen2.5,base,5,10,IVQ,ordinal,k2,2,wrong,cv_first,0.1,31,0.861111,0.529136649514008,0.01168477652506311,4.900934819897084,0.6417367966520551,5,False,1321,0.02,raw,lora_intervention/experiments/linear_probing/results_probe50/Qwen2.5-3B-Instruct_5k_10u/probe_fits_wrong.json,
Qwen2.5-3B-Instruct,Qwen2.5,base,5,10,IVQ,ordinal,k2,2,wrong,cv_first,0.1,32,0.888889,0.536743853630646,0.02239411829758151,5.054591194968554,0.649017695233621,5,False,1321,0.02,raw,lora_intervention/experiments/linear_probing/results_probe50/Qwen2.5-3B-Instruct_5k_10u/probe_fits_wrong.json,
Qwen2.5-3B-Instruct,Qwen2.5,base,5,10,IVQ,ordinal,k2,2,wrong,cv_first,0.1,33,0.916667,0.5094797026872498,0.021349773130997788,4.764574042309891,0.6418600873465117,5,False,1321,0.02,raw,lora_intervention/experiments/linear_probing/results_probe50/Qwen2.5-3B-Instruct_5k_10u/probe_fits_wrong.json,
Qwen2.5-3B-Instruct,Qwen2.5,base,5,10,IVQ,ordinal,k2,2,wrong,cv_first,0.1,34,0.944444,0.5011720983419096,0.032434251889915444,4.2422927387078335,0.6397107380917872,5,False,1321,0.02,raw,lora_intervention/experiments/linear_probing/results_probe50/Qwen2.5-3B-Instruct_5k_10u/probe_fits_wrong.json,
Qwen2.5-3B-Instruct,Qwen2.5,base,5,10,IVQ,ordinal,k2,2,wrong,cv_first,0.1,35,0.972222,0.5011549456832476,0.02356212216234351,4.171883933676386,0.6392040005183637,5,False,1321,0.02,raw,lora_intervention/experiments/linear_probing/results_probe50/Qwen2.5-3B-Instruct_5k_10u/probe_fits_wrong.json,
Qwen2.5-3B-Instruct,Qwen2.5,base,5,10,IVQ,ordinal,k2,2,wrong,cv_first,0.1,36,1.0,0.4943396226415094,0.02539071509394497,4.04322184105203,0.6376487652487025,5,False,1321,0.02,raw,lora_intervention/experiments/linear_probing/results_probe50/Qwen2.5-3B-Instruct_5k_10u/probe_fits_wrong.json,
Qwen2.5-3B-Instruct,Qwen2.5,base,5,10,IVQ,ordinal,k2,2,wrong,cv_last,0.1,0,0.0,0.030280160091480844,4.57404230989139e-05,22.066712407089764,0.11498291240735928,5,False,1321,0.02,raw,lora_intervention/experiments/linear_probing/results_probe50/Qwen2.5-3B-Instruct_5k_10u/probe_fits_wrong.json,
Qwen2.5-3B-Instruct,Qwen2.5,base,5,10,IVQ,ordinal,k2,2,wrong,cv_last,0.1,1,0.027778,0.046177815894797025,0.009094026240993694,20.56318181818182,0.1371690370248057,5,False,1321,0.02,raw,lora_intervention/experiments/linear_probing/results_probe50/Qwen2.5-3B-Instruct_5k_10u/probe_fits_wrong.json,
Qwen2.5-3B-Instruct,Qwen2.5,base,5,10,IVQ,ordinal,k2,2,wrong,cv_last,0.1,2,0.055556,0.0643596340766152,0.012728002169540962,18.782970268724988,0.16519839310839765,5,False,1321,0.02,raw,lora_intervention/experiments/linear_probing/results_probe50/Qwen2.5-3B-Instruct_5k_10u/probe_fits_wrong.json,
Qwen2.5-3B-Instruct,Qwen2.5,base,5,10,IVQ,ordinal,k2,2,wrong,cv_last,0.1,3,0.083333,0.059056603773584904,0.009205040854807776,18.6777815894797,0.16263533052831475,5,False,1321,0.02,raw,lora_intervention/experiments/linear_probing/results_probe50/Qwen2.5-3B-Instruct_5k_10u/probe_fits_wrong.json,
Qwen2.5-3B-Instruct,Qwen2.5,base,5,10,IVQ,ordinal,k2,2,wrong,cv_last,0.1,4,0.111111,0.05906518010291595,0.01351473796706241,19.113762149799886,0.15584661258614682,5,False,1321,0.02,raw,lora_intervention/experiments/linear_probing/results_probe50/Qwen2.5-3B-Instruct_5k_10u/probe_fits_wrong.json,
Qwen2.5-3B-Instruct,Qwen2.5,base,5,10,IVQ,ordinal,k2,2,wrong,cv_last,0.1,5,0.138889,0.056029159519725556,0.009748450308403002,19.36707547169811,0.15361188925297237,5,False,1321,0.02,raw,lora_intervention/experiments/linear_probing/results_probe50/Qwen2.5-3B-Instruct_5k_10u/probe_fits_wrong.json,
Qwen2.5-3B-Instruct,Qwen2.5,base,5,10,IVQ,ordinal,k2,2,wrong,cv_last,0.1,6,0.166667,0.05678673527730131,0.008692905999814076,19.60712121212121,0.15408917181396334,5,False,1321,0.02,raw,lora_intervention/experiments/linear_probing/results_probe50/Qwen2.5-3B-Instruct_5k_10u/probe_fits_wrong.json,
Qwen2.5-3B-Instruct,Qwen2.5,base,5,10,IVQ,ordinal,k2,2,wrong,cv_last,0.1,7,0.194444,0.0552715837621498,0.008554276010254455,20.028544882790165,0.14959723405790407,5,False,1321,0.02,raw,lora_intervention/experiments/linear_probing/results_probe50/Qwen2.5-3B-Instruct_5k_10u/probe_fits_wrong.json,
Qwen2.5-3B-Instruct,Qwen2.5,base,5,10,IVQ,ordinal,k2,2,wrong,cv_last,0.1,8,0.222222,0.04770154373927959,0.01036598566903305,20.442029731275014,0.1412727235294564,5,False,1321,0.02,raw,lora_intervention/experiments/linear_probing/results_probe50/Qwen2.5-3B-Instruct_5k_10u/probe_fits_wrong.json,
Qwen2.5-3B-Instruct,Qwen2.5,base,5,10,IVQ,ordinal,k2,2,wrong,cv_last,0.1,9,0.25,0.04467409948542024,0.010583059887704587,20.77640651801029,0.13627428255540347,5,False,1321,0.02,raw,lora_intervention/experiments/linear_probing/results_probe50/Qwen2.5-3B-Instruct_5k_10u/probe_fits_wrong.json,
Qwen2.5-3B-Instruct,Qwen2.5,base,5,10,IVQ,ordinal,k2,2,wrong,cv_last,0.1,10,0.277778,0.04240708976558033,0.014673900377780979,20.65232132647227,0.1341079805617999,5,False,1321,0.02,raw,lora_intervention/experiments/linear_probing/results_probe50/Qwen2.5-3B-Instruct_5k_10u/probe_fits_wrong.json,
Qwen2.5-3B-Instruct,Qwen2.5,base,5,10,IVQ,ordinal,k2,2,wrong,cv_last,0.1,11,0.305556,0.04164379645511721,0.007223209970885773,21.126440823327613,0.13176024974993067,5,False,1321,0.02,raw,lora_intervention/experiments/linear_probing/results_probe50/Qwen2.5-3B-Instruct_5k_10u/probe_fits_wrong.json,
Qwen2.5-3B-Instruct,Qwen2.5,base,5,10,IVQ,ordinal,k2,2,wrong,cv_last,0.1,12,0.333333,0.040131503716409375,0.014708557881230684,21.37720411663808,0.13195820689098933,5,False,1321,0.02,raw,lora_intervention/experiments/linear_probing/results_probe50/Qwen2.5-3B-Instruct_5k_10u/probe_fits_wrong.json,
Qwen2.5-3B-Instruct,Qwen2.5,base,5,10,IVQ,ordinal,k2,2,wrong,cv_last,0.1,13,0.361111,0.034828473413379066,0.009718959533667826,22.240251572327043,0.12102674366132589,5,False,1321,0.02,raw,lora_intervention/experiments/linear_probing/results_probe50/Qwen2.5-3B-Instruct_5k_10u/probe_fits_wrong.json,
Qwen2.5-3B-Instruct,Qwen2.5,base,5,10,IVQ,ordinal,k2,2,wrong,cv_last,0.1,14,0.388889,0.038616352201257864,0.014667419410930423,22.287767295597483,0.12235898253357087,5,False,1321,0.02,raw,lora_intervention/experiments/linear_probing/results_probe50/Qwen2.5-3B-Instruct_5k_10u/probe_fits_wrong.json,
Qwen2.5-3B-Instruct,Qwen2.5,base,5,10,IVQ,ordinal,k2,2,wrong,cv_last,0.1,15,0.416667,0.03784448256146369,0.005308576203399182,22.810889079473988,0.11995139668847785,5,False,1321,0.02,raw,lora_intervention/experiments/linear_probing/results_probe50/Qwen2.5-3B-Instruct_5k_10u/probe_fits_wrong.json,
Qwen2.5-3B-Instruct,Qwen2.5,base,5,10,IVQ,ordinal,k2,2,wrong,cv_last,0.1,16,0.444444,0.03482847341337907,0.00774744556025299,22.38579473985134,0.12044266989252597,5,False,1321,0.02,raw,lora_intervention/experiments/linear_probing/results_probe50/Qwen2.5-3B-Instruct_5k_10u/probe_fits_wrong.json,
Qwen2.5-3B-Instruct,Qwen2.5,base,5,10,IVQ,ordinal,k2,2,wrong,cv_last,0.1,17,0.472222,0.03862206975414522,0.013445263572298142,22.721269296740996,0.12218378364480147,5,False,1321,0.02,raw,lora_intervention/experiments/linear_probing/results_probe50/Qwen2.5-3B-Instruct_5k_10u/probe_fits_wrong.json,
Qwen2.5-3B-Instruct,Qwen2.5,base,5,10,IVQ,ordinal,k2,2,wrong,cv_last,0.1,18,0.5,0.04013436249285306,0.011160907811152917,22.939079473985135,0.12189538728254315,5,False,1321,0.02,raw,lora_intervention/experiments/linear_probing/results_probe50/Qwen2.5-3B-Instruct_5k_10u/probe_fits_wrong.json,
Qwen2.5-3B-Instruct,Qwen2.5,base,5,10,IVQ,ordinal,k2,2,wrong,cv_last,0.1,19,0.527778,0.03482561463693539,0.012548480585322177,23.585591766723844,0.11422113236237845,5,False,1321,0.02,raw,lora_intervention/experiments/linear_probing/results_probe50/Qwen2.5-3B-Instruct_5k_10u/probe_fits_wrong.json,
Qwen2.5-3B-Instruct,Qwen2.5,base,5,10,IVQ,ordinal,k2,2,wrong,cv_last,0.1,20,0.555556,0.031789594053745,0.009135054506701016,23.58255574614065,0.11025932795540741,5,False,1321,0.02,raw,lora_intervention/experiments/linear_probing/results_probe50/Qwen2.5-3B-Instruct_5k_10u/probe_fits_wrong.json,
Qwen2.5-3B-Instruct,Qwen2.5,base,5,10,IVQ,ordinal,k2,2,wrong,cv_last,0.1,21,0.583333,0.03179531160663236,0.0074275039273264355,24.40082904516867,0.10454920283355626,5,False,1321,0.02,raw,lora_intervention/experiments/linear_probing/results_probe50/Qwen2.5-3B-Instruct_5k_10u/probe_fits_wrong.json,
Qwen2.5-3B-Instruct,Qwen2.5,base,5,10,IVQ,ordinal,k2,2,wrong,cv_last,0.1,22,0.611111,0.02346769582618639,0.005027891305913714,24.97673813607776,0.09731272652685215,5,False,1321,0.02,raw,lora_intervention/experiments/linear_probing/results_probe50/Qwen2.5-3B-Instruct_5k_10u/probe_fits_wrong.json,
Qwen2.5-3B-Instruct,Qwen2.5,base,5,10,IVQ,ordinal,k2,2,wrong,cv_last,0.1,23,0.638889,0.027258433390508863,0.007741242509513351,25.157192681532305,0.09947873544608862,5,False,1321,0.02,raw,lora_intervention/experiments/linear_probing/results_probe50/Qwen2.5-3B-Instruct_5k_10u/probe_fits_wrong.json,
Qwen2.5-3B-Instruct,Qwen2.5,base,5,10,IVQ,ordinal,k2,2,wrong,cv_last,0.1,24,0.666667,0.025737564322469986,0.0050223308061540855,25.778747855917665,0.09745324305106642,5,False,1321,0.02,raw,lora_intervention/experiments/linear_probing/results_probe50/Qwen2.5-3B-Instruct_5k_10u/probe_fits_wrong.json,
Qwen2.5-3B-Instruct,Qwen2.5,base,5,10,IVQ,ordinal,k2,2,wrong,cv_last,0.1,25,0.694444,0.018919382504288165,0.006753671634396353,25.924473985134362,0.09068231628093974,5,False,1321,0.02,raw,lora_intervention/experiments/linear_probing/results_probe50/Qwen2.5-3B-Instruct_5k_10u/probe_fits_wrong.json,
Qwen2.5-3B-Instruct,Qwen2.5,base,5,10,IVQ,ordinal,k2,2,wrong,cv_last,0.1,26,0.722222,0.020431675242996,0.007392431065301502,26.11440251572327,0.08867458618781385,5,False,1321,0.02,raw,lora_intervention/experiments/linear_probing/results_probe50/Qwen2.5-3B-Instruct_5k_10u/probe_fits_wrong.json,
Qwen2.5-3B-Instruct,Qwen2.5,base,5,10,IVQ,ordinal,k2,2,wrong,cv_last,0.1,27,0.75,0.022710120068610635,0.00829889753345435,25.425037164093766,0.09399379504564674,5,False,1321,0.02,raw,lora_intervention/experiments/linear_probing/results_probe50/Qwen2.5-3B-Instruct_5k_10u/probe_fits_wrong.json,
Qwen2.5-3B-Instruct,Qwen2.5,base,5,10,IVQ,ordinal,k2,2,wrong,cv_last,0.1,28,0.777778,0.02043453401943968,0.007008298468850377,25.175974842767296,0.09196575477348554,5,False,1321,0.02,raw,lora_intervention/experiments/linear_probing/results_probe50/Qwen2.5-3B-Instruct_5k_10u/probe_fits_wrong.json,
Qwen2.5-3B-Instruct,Qwen2.5,base,5,10,IVQ,ordinal,k2,2,wrong,cv_last,0.1,29,0.805556,0.02347055460263008,0.0037289229446684498,25.2986649514008,0.09418050743344338,5,False,1321,0.02,raw,lora_intervention/experiments/linear_probing/results_probe50/Qwen2.5-3B-Instruct_5k_10u/probe_fits_wrong.json,
Qwen2.5-3B-Instruct,Qwen2.5,base,5,10,IVQ,ordinal,k2,2,wrong,cv_last,0.1,30,0.833333,0.029516866781017725,0.006480506338783107,25.15038021726701,0.1034610087106329,5,False,1321,0.02,raw,lora_intervention/experiments/linear_probing/results_probe50/Qwen2.5-3B-Instruct_5k_10u/probe_fits_wrong.json,
Qwen2.5-3B-Instruct,Qwen2.5,base,5,10,IVQ,ordinal,k2,2,wrong,cv_last,0.1,31,0.861111,0.02649514008004574,0.00757586329580915,24.659273870783302,0.10024485918257231,5,False,1321,0.02,raw,lora_intervention/experiments/linear_probing/results_probe50/Qwen2.5-3B-Instruct_5k_10u/probe_fits_wrong.json,
Qwen2.5-3B-Instruct,Qwen2.5,base,5,10,IVQ,ordinal,k2,2,wrong,cv_last,0.1,32,0.888889,0.03860491709548313,0.010267172915721288,22.544937106918237,0.11932689741989169,5,False,1321,0.02,raw,lora_intervention/experiments/linear_probing/results_probe50/Qwen2.5-3B-Instruct_5k_10u/probe_fits_wrong.json,
Qwen2.5-3B-Instruct,Qwen2.5,base,5,10,IVQ,ordinal,k2,2,wrong,cv_last,0.1,33,0.916667,0.038610634648370494,0.014261998173161932,20.532510005717555,0.132730562770755,5,False,1321,0.02,raw,lora_intervention/experiments/linear_probing/results_probe50/Qwen2.5-3B-Instruct_5k_10u/probe_fits_wrong.json,
Qwen2.5-3B-Instruct,Qwen2.5,base,5,10,IVQ,ordinal,k2,2,wrong,cv_last,0.1,34,0.944444,0.05450829045168668,0.008527235126177212,18.569436821040597,0.1543702701420157,5,False,1321,0.02,raw,lora_intervention/experiments/linear_probing/results_probe50/Qwen2.5-3B-Instruct_5k_10u/probe_fits_wrong.json,
Qwen2.5-3B-Instruct,Qwen2.5,base,5,10,IVQ,ordinal,k2,2,wrong,cv_last,0.1,35,0.972222,0.05527444253859348,0.013072112826280593,18.21531732418525,0.15788746475939863,5,False,1321,0.02,raw,lora_intervention/experiments/linear_probing/results_probe50/Qwen2.5-3B-Instruct_5k_10u/probe_fits_wrong.json,
Qwen2.5-3B-Instruct,Qwen2.5,base,5,10,IVQ,ordinal,k2,2,wrong,cv_last,0.1,36,1.0,0.05981417953116066,0.01032442511590491,17.550666094911378,0.16516459497480857,5,False,1321,0.02,raw,lora_intervention/experiments/linear_probing/results_probe50/Qwen2.5-3B-Instruct_5k_10u/probe_fits_wrong.json,
Qwen2.5-3B-Instruct,Qwen2.5,base,5,10,IVQ,ordinal,k2,2,wrong,expected,0.1,0,0.0,0.03179245283018868,0.0018246161647503124,22.258979416809606,0.11475684229180563,5,False,1321,0.02,raw,lora_intervention/experiments/linear_probing/results_probe50/Qwen2.5-3B-Instruct_5k_10u/probe_fits_wrong.json,
Qwen2.5-3B-Instruct,Qwen2.5,base,5,10,IVQ,ordinal,k2,2,wrong,expected,0.1,1,0.027778,0.029531160663236133,0.007745437869029641,23.53988279016581,0.10517617194848494,5,False,1321,0.02,raw,lora_intervention/experiments/linear_probing/results_probe50/Qwen2.5-3B-Instruct_5k_10u/probe_fits_wrong.json,
Qwen2.5-3B-Instruct,Qwen2.5,base,5,10,IVQ,ordinal,k2,2,wrong,expected,0.1,2,0.055556,0.02951686678101772,0.011317469535058643,23.766337907375643,0.10315214102858791,5,False,1321,0.02,raw,lora_intervention/experiments/linear_probing/results_probe50/Qwen2.5-3B-Instruct_5k_10u/probe_fits_wrong.json,
Qwen2.5-3B-Instruct,Qwen2.5,base,5,10,IVQ,ordinal,k2,2,wrong,expected,0.1,3,0.083333,0.025728987993138934,0.009958538611696504,23.597684391080616,0.10153077360970657,5,False,1321,0.02,raw,lora_intervention/experiments/linear_probing/results_probe50/Qwen2.5-3B-Instruct_5k_10u/probe_fits_wrong.json,
Qwen2.5-3B-Instruct,Qwen2.5,base,5,10,IVQ,ordinal,k2,2,wrong,expected,0.1,4,0.111111,0.02422527158376215,0.005673863956990972,23.66055746140652,0.10188507453002471,5,False,1321,0.02,raw,lora_intervention/experiments/linear_probing/results_probe50/Qwen2.5-3B-Instruct_5k_10u/probe_fits_wrong.json,
Qwen2.5-3B-Instruct,Qwen2.5,base,5,10,IVQ,ordinal,k2,2,wrong,expected,0.1,5,0.138889,0.028765008576329333,0.008499814003948565,23.927861635220125,0.1013053803723302,5,False,1321,0.02,raw,lora_intervention/experiments/linear_probing/results_probe50/Qwen2.5-3B-Instruct_5k_10u/probe_fits_wrong.json,
Qwen2.5-3B-Instruct,Qwen2.5,base,5,10,IVQ,ordinal,k2,2,wrong,expected,0.1,6,0.166667,0.02951686678101772,0.0073126864404497545,24.063459119496855,0.10252374288001245,5,False,1321,0.02,raw,lora_intervention/experiments/linear_probing/results_probe50/Qwen2.5-3B-Instruct_5k_10u/probe_fits_wrong.json,
Qwen2.5-3B-Instruct,Qwen2.5,base,5,10,IVQ,ordinal,k2,2,wrong,expected,0.1,7,0.194444,0.02574614065180103,0.005588812166599748,24.181606632361348,0.0976314511532699,5,False,1321,0.02,raw,lora_intervention/experiments/linear_probing/results_probe50/Qwen2.5-3B-Instruct_5k_10u/probe_fits_wrong.json,
Qwen2.5-3B-Instruct,Qwen2.5,base,5,10,IVQ,ordinal,k2,2,wrong,expected,0.1,8,0.222222,0.026497998856489423,0.006785632138269734,24.196792452830188,0.09852910152711543,5,False,1321,0.02,raw,lora_intervention/experiments/linear_probing/results_probe50/Qwen2.5-3B-Instruct_5k_10u/probe_fits_wrong.json,
Qwen2.5-3B-Instruct,Qwen2.5,base,5,10,IVQ,ordinal,k2,2,wrong,expected,0.1,9,0.25,0.02347341337907376,0.00910141396937835,24.249822755860492,0.09712989258371676,5,False,1321,0.02,raw,lora_intervention/experiments/linear_probing/results_probe50/Qwen2.5-3B-Instruct_5k_10u/probe_fits_wrong.json,
Qwen2.5-3B-Instruct,Qwen2.5,base,5,10,IVQ,ordinal,k2,2,wrong,expected,0.1,10,0.277778,0.022707261292166953,0.0041312989365368015,24.256029159519727,0.09848370903198342,5,False,1321,0.02,raw,lora_intervention/experiments/linear_probing/results_probe50/Qwen2.5-3B-Instruct_5k_10u/probe_fits_wrong.json,
Qwen2.5-3B-Instruct,Qwen2.5,base,5,10,IVQ,ordinal,k2,2,wrong,expected,0.1,11,0.305556,0.01892510005717553,0.00239583545865327,24.299902801600915,0.09444609349827617,5,False,1321,0.02,raw,lora_intervention/experiments/linear_probing/results_probe50/Qwen2.5-3B-Instruct_5k_10u/probe_fits_wrong.json,
Qwen2.5-3B-Instruct,Qwen2.5,base,5,10,IVQ,ordinal,k2,2,wrong,expected,0.1,12,0.333333,0.02119210977701544,0.005650569611173455,24.069554030874784,0.0963095744646211,5,False,1321,0.02,raw,lora_intervention/experiments/linear_probing/results_probe50/Qwen2.5-3B-Instruct_5k_10u/probe_fits_wrong.json,
Qwen2.5-3B-Instruct,Qwen2.5,base,5,10,IVQ,ordinal,k2,2,wrong,expected,0.1,13,0.361111,0.024225271583762153,0.012123404550526962,23.561012006861066,0.09923485103013366,5,False,1321,0.02,raw,lora_intervention/experiments/linear_probing/results_probe50/Qwen2.5-3B-Instruct_5k_10u/probe_fits_wrong.json,
Qwen2.5-3B-Instruct,Qwen2.5,base,5,10,IVQ,ordinal,k2,2,wrong,expected,0.1,14,0.388889,0.022707261292166957,0.0075658511018710855,23.679739851343623,0.09872887904282805,5,False,1321,0.02,raw,lora_intervention/experiments/linear_probing/results_probe50/Qwen2.5-3B-Instruct_5k_10u/probe_fits_wrong.json,
Qwen2.5-3B-Instruct,Qwen2.5,base,5,10,IVQ,ordinal,k2,2,wrong,expected,0.1,15,0.416667,0.02119210977701544,0.008491372617155058,23.70477129788451,0.0963560079275703,5,False,1321,0.02,raw,lora_intervention/experiments/linear_probing/results_probe50/Qwen2.5-3B-Instruct_5k_10u/probe_fits_wrong.json,
Qwen2.5-3B-Instruct,Qwen2.5,base,5,10,IVQ,ordinal,k2,2,wrong,expected,0.1,16,0.444444,0.0272527158376215,0.009994707656531475,23.50099199542596,0.10170740326273282,5,False,1321,0.02,raw,lora_intervention/experiments/linear_probing/results_probe50/Qwen2.5-3B-Instruct_5k_10u/probe_fits_wrong.json,
Qwen2.5-3B-Instruct,Qwen2.5,base,5,10,IVQ,ordinal,k2,2,wrong,expected,0.1,17,0.472222,0.023473413379073757,0.007357967438000197,23.544393939393935,0.10004289126361783,5,False,1321,0.02,raw,lora_intervention/experiments/linear_probing/results_probe50/Qwen2.5-3B-Instruct_5k_10u/probe_fits_wrong.json,
Qwen2.5-3B-Instruct,Qwen2.5,base,5,10,IVQ,ordinal,k2,2,wrong,expected,0.1,18,0.5,0.021949685534591194,0.005550803115766657,23.228724985706116,0.10141775597346772,5,False,1321,0.02,raw,lora_intervention/experiments/linear_probing/results_probe50/Qwen2.5-3B-Instruct_5k_10u/probe_fits_wrong.json,
Qwen2.5-3B-Instruct,Qwen2.5,base,5,10,IVQ,ordinal,k2,2,wrong,expected,0.1,19,0.527778,0.021946826758147513,0.008747933459299004,23.675331618067467,0.09943952445063745,5,False,1321,0.02,raw,lora_intervention/experiments/linear_probing/results_probe50/Qwen2.5-3B-Instruct_5k_10u/probe_fits_wrong.json,
Qwen2.5-3B-Instruct,Qwen2.5,base,5,10,IVQ,ordinal,k2,2,wrong,expected,0.1,20,0.555556,0.03103201829616924,0.00874750557040117,23.304519725557462,0.10717848346984915,5,False,1321,0.02,raw,lora_intervention/experiments/linear_probing/results_probe50/Qwen2.5-3B-Instruct_5k_10u/probe_fits_wrong.json,
Qwen2.5-3B-Instruct,Qwen2.5,base,5,10,IVQ,ordinal,k2,2,wrong,expected,0.1,21,0.583333,0.034814179531160665,0.007295587402377915,23.10746998284734,0.11257892742824986,5,False,1321,0.02,raw,lora_intervention/experiments/linear_probing/results_probe50/Qwen2.5-3B-Instruct_5k_10u/probe_fits_wrong.json,
Qwen2.5-3B-Instruct,Qwen2.5,base,5,10,IVQ,ordinal,k2,2,wrong,expected,0.1,22,0.611111,0.03104345340194397,0.01277813079380729,22.638359062321328,0.11566936250054267,5,False,1321,0.02,raw,lora_intervention/experiments/linear_probing/results_probe50/Qwen2.5-3B-Instruct_5k_10u/probe_fits_wrong.json,
Qwen2.5-3B-Instruct,Qwen2.5,base,5,10,IVQ,ordinal,k2,2,wrong,expected,0.1,23,0.638889,0.04694396798170383,0.014317166284386012,21.547412807318466,0.13385022647779915,5,False,1321,0.02,raw,lora_intervention/experiments/linear_probing/results_probe50/Qwen2.5-3B-Instruct_5k_10u/probe_fits_wrong.json,
Qwen2.5-3B-Instruct,Qwen2.5,base,5,10,IVQ,ordinal,k2,2,wrong,expected,0.1,24,0.666667,0.03406803887935963,0.012455281171080027,22.159997141223556,0.1184202044779985,5,False,1321,0.02,raw,lora_intervention/experiments/linear_probing/results_probe50/Qwen2.5-3B-Instruct_5k_10u/probe_fits_wrong.json,
Qwen2.5-3B-Instruct,Qwen2.5,base,5,10,IVQ,ordinal,k2,2,wrong,expected,0.1,25,0.694444,0.03634362492853059,0.01282720470727841,21.622092624356775,0.12333119685310619,5,False,1321,0.02,raw,lora_intervention/experiments/linear_probing/results_probe50/Qwen2.5-3B-Instruct_5k_10u/probe_fits_wrong.json,
Qwen2.5-3B-Instruct,Qwen2.5,base,5,10,IVQ,ordinal,k2,2,wrong,expected,0.1,26,0.722222,0.06284734133790737,0.011193971295398793,19.24047455688965,0.16160944053581844,5,False,1321,0.02,raw,lora_intervention/experiments/linear_probing/results_probe50/Qwen2.5-3B-Instruct_5k_10u/probe_fits_wrong.json,
Qwen2.5-3B-Instruct,Qwen2.5,base,5,10,IVQ,ordinal,k2,2,wrong,expected,0.1,27,0.75,0.04997427101200686,0.012107734667217596,21.073627787307032,0.14163208185292578,5,False,1321,0.02,raw,lora_intervention/experiments/linear_probing/results_probe50/Qwen2.5-3B-Instruct_5k_10u/probe_fits_wrong.json,
Qwen2.5-3B-Instruct,Qwen2.5,base,5,10,IVQ,ordinal,k2,2,wrong,expected,0.1,28,0.777778,0.09538879359634078,0.006151756119409799,16.93988279016581,0.20480762481824066,5,False,1321,0.02,raw,lora_intervention/experiments/linear_probing/results_probe50/Qwen2.5-3B-Instruct_5k_10u/probe_fits_wrong.json,
Qwen2.5-3B-Instruct,Qwen2.5,base,5,10,IVQ,ordinal,k2,2,wrong,expected,0.1,29,0.805556,0.15973985134362492,0.012679041263538353,13.722718696397942,0.2790080140158834,5,False,1321,0.02,raw,lora_intervention/experiments/linear_probing/results_probe50/Qwen2.5-3B-Instruct_5k_10u/probe_fits_wrong.json,
Qwen2.5-3B-Instruct,Qwen2.5,base,5,10,IVQ,ordinal,k2,2,wrong,expected,0.1,30,0.833333,0.15369068038879358,0.01847201756037379,13.588230417381363,0.2788926814933378,5,False,1321,0.02,raw,lora_intervention/experiments/linear_probing/results_probe50/Qwen2.5-3B-Instruct_5k_10u/probe_fits_wrong.json,
Qwen2.5-3B-Instruct,Qwen2.5,base,5,10,IVQ,ordinal,k2,2,wrong,expected,0.1,31,0.861111,0.14610634648370496,0.007119275211775458,12.879662664379646,0.27912484097087564,5,False,1321,0.02,raw,lora_intervention/experiments/linear_probing/results_probe50/Qwen2.5-3B-Instruct_5k_10u/probe_fits_wrong.json,
Qwen2.5-3B-Instruct,Qwen2.5,base,5,10,IVQ,ordinal,k2,2,wrong,expected,0.1,32,0.888889,0.1741080617495712,0.013727645640777332,10.706749571183533,0.32216808961653787,5,False,1321,0.02,raw,lora_intervention/experiments/linear_probing/results_probe50/Qwen2.5-3B-Instruct_5k_10u/probe_fits_wrong.json,
Qwen2.5-3B-Instruct,Qwen2.5,base,5,10,IVQ,ordinal,k2,2,wrong,expected,0.1,33,0.916667,0.2006089193825043,0.022243800574816466,7.9058690680388795,0.37507938170845484,5,False,1321,0.02,raw,lora_intervention/experiments/linear_probing/results_probe50/Qwen2.5-3B-Instruct_5k_10u/probe_fits_wrong.json,
Qwen2.5-3B-Instruct,Qwen2.5,base,5,10,IVQ,ordinal,k2,2,wrong,expected,0.1,34,0.944444,0.19529731275014295,0.013950829045168677,6.740851915380217,0.3868334261739322,5,False,1321,0.02,raw,lora_intervention/experiments/linear_probing/results_probe50/Qwen2.5-3B-Instruct_5k_10u/probe_fits_wrong.json,
Qwen2.5-3B-Instruct,Qwen2.5,base,5,10,IVQ,ordinal,k2,2,wrong,expected,0.1,35,0.972222,0.19680674671240705,0.013326236603932885,6.458530588907946,0.3889043529219169,5,False,1321,0.02,raw,lora_intervention/experiments/linear_probing/results_probe50/Qwen2.5-3B-Instruct_5k_10u/probe_fits_wrong.json,
Qwen2.5-3B-Instruct,Qwen2.5,base,5,10,IVQ,ordinal,k2,2,wrong,expected,0.1,36,1.0,0.20740708976558034,0.00972673384147186,6.048130360205832,0.4010091345009168,5,False,1321,0.02,raw,lora_intervention/experiments/linear_probing/results_probe50/Qwen2.5-3B-Instruct_5k_10u/probe_fits_wrong.json,
Qwen2.5-3B-Instruct,Qwen2.5,base,5,10,IVQ,ordinal,k2,2,wrong,shuffled,0.1,0,0.0,0.03179531160663236,0.0018748125315524616,22.26413093196112,0.1146905396569952,5,False,1321,0.02,raw,lora_intervention/experiments/linear_probing/results_probe50/Qwen2.5-3B-Instruct_5k_10u/probe_fits_wrong.json,
Qwen2.5-3B-Instruct,Qwen2.5,base,5,10,IVQ,ordinal,k2,2,wrong,shuffled,0.1,1,0.027778,0.018167524299599773,0.008434771330203253,24.874825614636936,0.09132011280243568,5,False,1321,0.02,raw,lora_intervention/experiments/linear_probing/results_probe50/Qwen2.5-3B-Instruct_5k_10u/probe_fits_wrong.json,
Qwen2.5-3B-Instruct,Qwen2.5,base,5,10,IVQ,ordinal,k2,2,wrong,shuffled,0.1,2,0.055556,0.027258433390508863,0.013433177270067495,24.55953973699257,0.09648011425679458,5,False,1321,0.02,raw,lora_intervention/experiments/linear_probing/results_probe50/Qwen2.5-3B-Instruct_5k_10u/probe_fits_wrong.json,
Qwen2.5-3B-Instruct,Qwen2.5,base,5,10,IVQ,ordinal,k2,2,wrong,shuffled,0.1,3,0.083333,0.024228130360205834,0.007809484493795161,24.942550028587764,0.09260149608976485,5,False,1321,0.02,raw,lora_intervention/experiments/linear_probing/results_probe50/Qwen2.5-3B-Instruct_5k_10u/probe_fits_wrong.json,
Qwen2.5-3B-Instruct,Qwen2.5,base,5,10,IVQ,ordinal,k2,2,wrong,shuffled,0.1,4,0.111111,0.023470554602630072,0.009408219811841007,25.02936821040595,0.09262964893204878,5,False,1321,0.02,raw,lora_intervention/experiments/linear_probing/results_probe50/Qwen2.5-3B-Instruct_5k_10u/probe_fits_wrong.json,
Qwen2.5-3B-Instruct,Qwen2.5,base,5,10,IVQ,ordinal,k2,2,wrong,shuffled,0.1,5,0.138889,0.02044596912521441,0.010880439298960275,25.216523727844482,0.09072014317308705,5,False,1321,0.02,raw,lora_intervention/experiments/linear_probing/results_probe50/Qwen2.5-3B-Instruct_5k_10u/probe_fits_wrong.json,
Qwen2.5-3B-Instruct,Qwen2.5,base,5,10,IVQ,ordinal,k2,2,wrong,shuffled,0.1,6,0.166667,0.021200686106346487,0.009161419133813648,25.232464265294453,0.09028887865105055,5,False,1321,0.02,raw,lora_intervention/experiments/linear_probing/results_probe50/Qwen2.5-3B-Instruct_5k_10u/probe_fits_wrong.json,
Qwen2.5-3B-Instruct,Qwen2.5,base,5,10,IVQ,ordinal,k2,2,wrong,shuffled,0.1,7,0.194444,0.02196112064036592,0.007357363184380244,25.505268724985704,0.09140440683275598,5,False,1321,0.02,raw,lora_intervention/experiments/linear_probing/results_probe50/Qwen2.5-3B-Instruct_5k_10u/probe_fits_wrong.json,
Qwen2.5-3B-Instruct,Qwen2.5,base,5,10,IVQ,ordinal,k2,2,wrong,shuffled,0.1,8,0.222222,0.01893081761006289,0.00536901201533644,25.33788164665523,0.09004654470278972,5,False,1321,0.02,raw,lora_intervention/experiments/linear_probing/results_probe50/Qwen2.5-3B-Instruct_5k_10u/probe_fits_wrong.json,
Qwen2.5-3B-Instruct,Qwen2.5,base,5,10,IVQ,ordinal,k2,2,wrong,shuffled,0.1,9,0.25,0.020443110348770728,0.009160473493633739,25.32065180102916,0.08972707270344468,5,False,1321,0.02,raw,lora_intervention/experiments/linear_probing/results_probe50/Qwen2.5-3B-Instruct_5k_10u/probe_fits_wrong.json,
Qwen2.5-3B-Instruct,Qwen2.5,base,5,10,IVQ,ordinal,k2,2,wrong,shuffled,0.1,10,0.277778,0.02044596912521441,0.009768680473825512,25.356958261863923,0.09203137666308825,5,False,1321,0.02,raw,lora_intervention/experiments/linear_probing/results_probe50/Qwen2.5-3B-Instruct_5k_10u/probe_fits_wrong.json,
Qwen2.5-3B-Instruct,Qwen2.5,base,5,10,IVQ,ordinal,k2,2,wrong,shuffled,0.1,11,0.305556,0.024222412807318468,0.008153862892126,25.112029731275015,0.09300143964489298,5,False,1321,0.02,raw,lora_intervention/experiments/linear_probing/results_probe50/Qwen2.5-3B-Instruct_5k_10u/probe_fits_wrong.json,
Qwen2.5-3B-Instruct,Qwen2.5,base,5,10,IVQ,ordinal,k2,2,wrong,shuffled,0.1,12,0.333333,0.024219554030874786,0.009746577256980702,25.18635506003431,0.09422419698197405,5,False,1321,0.02,raw,lora_intervention/experiments/linear_probing/results_probe50/Qwen2.5-3B-Instruct_5k_10u/probe_fits_wrong.json,
Qwen2.5-3B-Instruct,Qwen2.5,base,5,10,IVQ,ordinal,k2,2,wrong,shuffled,0.1,13,0.361111,0.018922241280731843,0.007937414289446287,25.167189822755862,0.09092133091807793,5,False,1321,0.02,raw,lora_intervention/experiments/linear_probing/results_probe50/Qwen2.5-3B-Instruct_5k_10u/probe_fits_wrong.json,
Qwen2.5-3B-Instruct,Qwen2.5,base,5,10,IVQ,ordinal,k2,2,wrong,shuffled,0.1,14,0.388889,0.019679817038307606,0.008763711494695752,25.1622184105203,0.09010706392288273,5,False,1321,0.02,raw,lora_intervention/experiments/linear_probing/results_probe50/Qwen2.5-3B-Instruct_5k_10u/probe_fits_wrong.json,
Qwen2.5-3B-Instruct,Qwen2.5,base,5,10,IVQ,ordinal,k2,2,wrong,shuffled,0.1,15,0.416667,0.017412807318467696,0.008506853142430207,25.029276729559747,0.08964476365606033,5,False,1321,0.02,raw,lora_intervention/experiments/linear_probing/results_probe50/Qwen2.5-3B-Instruct_5k_10u/probe_fits_wrong.json,
Qwen2.5-3B-Instruct,Qwen2.5,base,5,10,IVQ,ordinal,k2,2,wrong,shuffled,0.1,16,0.444444,0.016660949113779303,0.009766011314458081,24.829922813036017,0.09055739233445312,5,False,1321,0.02,raw,lora_intervention/experiments/linear_probing/results_probe50/Qwen2.5-3B-Instruct_5k_10u/probe_fits_wrong.json,
Qwen2.5-3B-Instruct,Qwen2.5,base,5,10,IVQ,ordinal,k2,2,wrong,shuffled,0.1,17,0.472222,0.01362492853058891,0.007023039203864155,24.859574042309895,0.08505216902257903,5,False,1321,0.02,raw,lora_intervention/experiments/linear_probing/results_probe50/Qwen2.5-3B-Instruct_5k_10u/probe_fits_wrong.json,
Qwen2.5-3B-Instruct,Qwen2.5,base,5,10,IVQ,ordinal,k2,2,wrong,shuffled,0.1,18,0.5,0.014382504288164667,0.0028316234790781384,25.436132075471697,0.08470404602106976,5,False,1321,0.02,raw,lora_intervention/experiments/linear_probing/results_probe50/Qwen2.5-3B-Instruct_5k_10u/probe_fits_wrong.json,
Qwen2.5-3B-Instruct,Qwen2.5,base,5,10,IVQ,ordinal,k2,2,wrong,shuffled,0.1,19,0.527778,0.015142938822184104,0.008641469788539668,25.480980560320184,0.08604928904099471,5,False,1321,0.02,raw,lora_intervention/experiments/linear_probing/results_probe50/Qwen2.5-3B-Instruct_5k_10u/probe_fits_wrong.json,
Qwen2.5-3B-Instruct,Qwen2.5,base,5,10,IVQ,ordinal,k2,2,wrong,shuffled,0.1,20,0.555556,0.018164665523156088,0.010268724985706117,25.377298456260725,0.08807565991701678,5,False,1321,0.02,raw,lora_intervention/experiments/linear_probing/results_probe50/Qwen2.5-3B-Instruct_5k_10u/probe_fits_wrong.json,
Qwen2.5-3B-Instruct,Qwen2.5,base,5,10,IVQ,ordinal,k2,2,wrong,shuffled,0.1,21,0.583333,0.016660949113779303,0.00946761673862321,25.34538021726701,0.08476704175663048,5,False,1321,0.02,raw,lora_intervention/experiments/linear_probing/results_probe50/Qwen2.5-3B-Instruct_5k_10u/probe_fits_wrong.json,
Qwen2.5-3B-Instruct,Qwen2.5,base,5,10,IVQ,ordinal,k2,2,wrong,shuffled,0.1,22,0.611111,0.01589765580331618,0.00441940764495393,25.2542738707833,0.08765128619816973,5,False,1321,0.02,raw,lora_intervention/experiments/linear_probing/results_probe50/Qwen2.5-3B-Instruct_5k_10u/probe_fits_wrong.json,
Qwen2.5-3B-Instruct,Qwen2.5,base,5,10,IVQ,ordinal,k2,2,wrong,shuffled,0.1,23,0.638889,0.0158947970268725,0.005559309598166222,25.713096054888506,0.08478938633197433,5,False,1321,0.02,raw,lora_intervention/experiments/linear_probing/results_probe50/Qwen2.5-3B-Instruct_5k_10u/probe_fits_wrong.json,
Qwen2.5-3B-Instruct,Qwen2.5,base,5,10,IVQ,ordinal,k2,2,wrong,shuffled,0.1,24,0.666667,0.01968839336763865,0.009709082433700235,25.315648942252714,0.08957255970212123,5,False,1321,0.02,raw,lora_intervention/experiments/linear_probing/results_probe50/Qwen2.5-3B-Instruct_5k_10u/probe_fits_wrong.json,
Qwen2.5-3B-Instruct,Qwen2.5,base,5,10,IVQ,ordinal,k2,2,wrong,shuffled,0.1,25,0.694444,0.02422813036020583,0.007036307802356104,25.598419096626642,0.0915832198270907,5,False,1321,0.02,raw,lora_intervention/experiments/linear_probing/results_probe50/Qwen2.5-3B-Instruct_5k_10u/probe_fits_wrong.json,
Qwen2.5-3B-Instruct,Qwen2.5,base,5,10,IVQ,ordinal,k2,2,wrong,shuffled,0.1,26,0.722222,0.02196112064036592,0.010560440136354265,25.489879931389364,0.09089838025325406,5,False,1321,0.02,raw,lora_intervention/experiments/linear_probing/results_probe50/Qwen2.5-3B-Instruct_5k_10u/probe_fits_wrong.json,
Qwen2.5-3B-Instruct,Qwen2.5,base,5,10,IVQ,ordinal,k2,2,wrong,shuffled,0.1,27,0.75,0.01891938250428817,0.007165981498016495,24.747329902801603,0.09177894127400296,5,False,1321,0.02,raw,lora_intervention/experiments/linear_probing/results_probe50/Qwen2.5-3B-Instruct_5k_10u/probe_fits_wrong.json,
Qwen2.5-3B-Instruct,Qwen2.5,base,5,10,IVQ,ordinal,k2,2,wrong,shuffled,0.1,28,0.777778,0.017412807318467696,0.009763369885727673,24.59823041738136,0.09058971357315178,5,False,1321,0.02,raw,lora_intervention/experiments/linear_probing/results_probe50/Qwen2.5-3B-Instruct_5k_10u/probe_fits_wrong.json,
Qwen2.5-3B-Instruct,Qwen2.5,base,5,10,IVQ,ordinal,k2,2,wrong,shuffled,0.1,29,0.805556,0.020443110348770728,0.005679910392390257,24.849991423670666,0.09204509814127648,5,False,1321,0.02,raw,lora_intervention/experiments/linear_probing/results_probe50/Qwen2.5-3B-Instruct_5k_10u/probe_fits_wrong.json,
Qwen2.5-3B-Instruct,Qwen2.5,base,5,10,IVQ,ordinal,k2,2,wrong,shuffled,0.1,30,0.833333,0.021200686106346487,0.00515164999769574,24.402021154945686,0.09585218937473879,5,False,1321,0.02,raw,lora_intervention/experiments/linear_probing/results_probe50/Qwen2.5-3B-Instruct_5k_10u/probe_fits_wrong.json,
Qwen2.5-3B-Instruct,Qwen2.5,base,5,10,IVQ,ordinal,k2,2,wrong,shuffled,0.1,31,0.861111,0.019682675814751287,0.004419930952564366,24.40569754145226,0.09207899482067003,5,False,1321,0.02,raw,lora_intervention/experiments/linear_probing/results_probe50/Qwen2.5-3B-Instruct_5k_10u/probe_fits_wrong.json,
Qwen2.5-3B-Instruct,Qwen2.5,base,5,10,IVQ,ordinal,k2,2,wrong,shuffled,0.1,32,0.888889,0.020440251572327046,0.003037576091284047,24.611320754716978,0.09265841720640684,5,False,1321,0.02,raw,lora_intervention/experiments/linear_probing/results_probe50/Qwen2.5-3B-Instruct_5k_10u/probe_fits_wrong.json,
Qwen2.5-3B-Instruct,Qwen2.5,base,5,10,IVQ,ordinal,k2,2,wrong,shuffled,0.1,33,0.916667,0.019682675814751287,0.0065186371861069145,24.674748427672956,0.09368415930931547,5,False,1321,0.02,raw,lora_intervention/experiments/linear_probing/results_probe50/Qwen2.5-3B-Instruct_5k_10u/probe_fits_wrong.json,
Qwen2.5-3B-Instruct,Qwen2.5,base,5,10,IVQ,ordinal,k2,2,wrong,shuffled,0.1,34,0.944444,0.01967695826186392,0.004998124035743549,24.996403659233845,0.0942780887873215,5,False,1321,0.02,raw,lora_intervention/experiments/linear_probing/results_probe50/Qwen2.5-3B-Instruct_5k_10u/probe_fits_wrong.json,
Qwen2.5-3B-Instruct,Qwen2.5,base,5,10,IVQ,ordinal,k2,2,wrong,shuffled,0.1,35,0.972222,0.01967695826186392,0.0069237334592932385,25.038756432247,0.09511926392740887,5,False,1321,0.02,raw,lora_intervention/experiments/linear_probing/results_probe50/Qwen2.5-3B-Instruct_5k_10u/probe_fits_wrong.json,
Qwen2.5-3B-Instruct,Qwen2.5,base,5,10,IVQ,ordinal,k2,2,wrong,shuffled,0.1,36,1.0,0.021952544311034876,0.004414578456194474,24.939734133790736,0.09686249958918035,5,False,1321,0.02,raw,lora_intervention/experiments/linear_probing/results_probe50/Qwen2.5-3B-Instruct_5k_10u/probe_fits_wrong.json,
Qwen2.5-3B-Instruct,Qwen2.5,base,5,10,IVQ,ordinal,k3,3,wrong,cv_first,0.1,0,0.0,0.028527511136206784,0.0016100092097135895,23.068887634105028,0.10931161363413608,5,False,1262,0.02,raw,lora_intervention/experiments/linear_probing/results_probe50/Qwen2.5-3B-Instruct_5k_10u/probe_fits_wrong.json,
Qwen2.5-3B-Instruct,Qwen2.5,base,5,10,IVQ,ordinal,k3,3,wrong,cv_first,0.1,1,0.027778,0.022181441746659137,0.006416508164650453,23.64923458184328,0.10216489368507056,5,False,1262,0.02,raw,lora_intervention/experiments/linear_probing/results_probe50/Qwen2.5-3B-Instruct_5k_10u/probe_fits_wrong.json,
Qwen2.5-3B-Instruct,Qwen2.5,base,5,10,IVQ,ordinal,k3,3,wrong,cv_first,0.1,2,0.055556,0.02455925716795282,0.010750468305340634,23.54695714913106,0.10078444652494015,5,False,1262,0.02,raw,lora_intervention/experiments/linear_probing/results_probe50/Qwen2.5-3B-Instruct_5k_10u/probe_fits_wrong.json,
Qwen2.5-3B-Instruct,Qwen2.5,base,5,10,IVQ,ordinal,k3,3,wrong,cv_first,0.1,3,0.083333,0.025346634042286216,0.007303250363890499,23.933640755379887,0.10022920572201646,5,False,1262,0.02,raw,lora_intervention/experiments/linear_probing/results_probe50/Qwen2.5-3B-Instruct_5k_10u/probe_fits_wrong.json,
Qwen2.5-3B-Instruct,Qwen2.5,base,5,10,IVQ,ordinal,k3,3,wrong,cv_first,0.1,4,0.111111,0.02298136645962733,0.006832478170985324,23.499987452161367,0.10469791138385223,5,False,1262,0.02,raw,lora_intervention/experiments/linear_probing/results_probe50/Qwen2.5-3B-Instruct_5k_10u/probe_fits_wrong.json,
Qwen2.5-3B-Instruct,Qwen2.5,base,5,10,IVQ,ordinal,k3,3,wrong,cv_first,0.1,5,0.138889,0.022187715665976535,0.0031772399774431374,24.054884246188596,0.10248638323987806,5,False,1262,0.02,raw,lora_intervention/experiments/linear_probing/results_probe50/Qwen2.5-3B-Instruct_5k_10u/probe_fits_wrong.json,
Qwen2.5-3B-Instruct,Qwen2.5,base,5,10,IVQ,ordinal,k3,3,wrong,cv_first,0.1,6,0.166667,0.02377815421293682,0.00437003363742686,23.918501788067005,0.10353596665568703,5,False,1262,0.02,raw,lora_intervention/experiments/linear_probing/results_probe50/Qwen2.5-3B-Instruct_5k_10u/probe_fits_wrong.json,
Qwen2.5-3B-Instruct,Qwen2.5,base,5,10,IVQ,ordinal,k3,3,wrong,cv_first,0.1,7,0.194444,0.030114812723508376,0.005402460230271439,23.675832862789385,0.10571403988349441,5,False,1262,0.02,raw,lora_intervention/experiments/linear_probing/results_probe50/Qwen2.5-3B-Instruct_5k_10u/probe_fits_wrong.json,
Qwen2.5-3B-Instruct,Qwen2.5,base,5,10,IVQ,ordinal,k3,3,wrong,cv_first,0.1,8,0.222222,0.019809900244682852,0.0055943522207066694,23.603795721187026,0.09989548550751978,5,False,1262,0.02,raw,lora_intervention/experiments/linear_probing/results_probe50/Qwen2.5-3B-Instruct_5k_10u/probe_fits_wrong.json,
Qwen2.5-3B-Instruct,Qwen2.5,base,5,10,IVQ,ordinal,k3,3,wrong,cv_first,0.1,9,0.25,0.027730723382897293,0.00662539693089866,23.62787188656754,0.10379236457326682,5,False,1262,0.02,raw,lora_intervention/experiments/linear_probing/results_probe50/Qwen2.5-3B-Instruct_5k_10u/probe_fits_wrong.json,
Qwen2.5-3B-Instruct,Qwen2.5,base,5,10,IVQ,ordinal,k3,3,wrong,cv_first,0.1,10,0.277778,0.02219085262563523,0.004777718291214216,23.60768868812347,0.10169791979011125,5,False,1262,0.02,raw,lora_intervention/experiments/linear_probing/results_probe50/Qwen2.5-3B-Instruct_5k_10u/probe_fits_wrong.json,
Qwen2.5-3B-Instruct,Qwen2.5,base,5,10,IVQ,ordinal,k3,3,wrong,cv_first,0.1,11,0.305556,0.0269433465085639,0.005272756101831035,23.63635422548466,0.10520169497078355,5,False,1262,0.02,raw,lora_intervention/experiments/linear_probing/results_probe50/Qwen2.5-3B-Instruct_5k_10u/probe_fits_wrong.json,
Qwen2.5-3B-Instruct,Qwen2.5,base,5,10,IVQ,ordinal,k3,3,wrong,cv_first,0.1,12,0.333333,0.026159106593889203,0.00960795694026898,23.701631219022524,0.10319326977617804,5,False,1262,0.02,raw,lora_intervention/experiments/linear_probing/results_probe50/Qwen2.5-3B-Instruct_5k_10u/probe_fits_wrong.json,
Qwen2.5-3B-Instruct,Qwen2.5,base,5,10,IVQ,ordinal,k3,3,wrong,cv_first,0.1,13,0.361111,0.026152832674571802,0.00926527255814847,23.03837442750486,0.1053121978696105,5,False,1262,0.02,raw,lora_intervention/experiments/linear_probing/results_probe50/Qwen2.5-3B-Instruct_5k_10u/probe_fits_wrong.json,
Qwen2.5-3B-Instruct,Qwen2.5,base,5,10,IVQ,ordinal,k3,3,wrong,cv_first,0.1,14,0.388889,0.022984503419286026,0.0063610828306753615,23.38910533910534,0.10137665805866067,5,False,1262,0.02,raw,lora_intervention/experiments/linear_probing/results_probe50/Qwen2.5-3B-Instruct_5k_10u/probe_fits_wrong.json,
Qwen2.5-3B-Instruct,Qwen2.5,base,5,10,IVQ,ordinal,k3,3,wrong,cv_first,0.1,15,0.416667,0.022990777338603424,0.006373553249507841,23.36492251709643,0.1014861755593752,5,False,1262,0.02,raw,lora_intervention/experiments/linear_probing/results_probe50/Qwen2.5-3B-Instruct_5k_10u/probe_fits_wrong.json,
Qwen2.5-3B-Instruct,Qwen2.5,base,5,10,IVQ,ordinal,k3,3,wrong,cv_first,0.1,16,0.444444,0.019031934249325554,0.008490038607454644,22.91094171528954,0.10317721005073885,5,False,1262,0.02,raw,lora_intervention/experiments/linear_probing/results_probe50/Qwen2.5-3B-Instruct_5k_10u/probe_fits_wrong.json,
Qwen2.5-3B-Instruct,Qwen2.5,base,5,10,IVQ,ordinal,k3,3,wrong,cv_first,0.1,17,0.472222,0.026162243553547904,0.009598117487232246,22.979308614091224,0.10660293390597682,5,False,1262,0.02,raw,lora_intervention/experiments/linear_probing/results_probe50/Qwen2.5-3B-Instruct_5k_10u/probe_fits_wrong.json,
Qwen2.5-3B-Instruct,Qwen2.5,base,5,10,IVQ,ordinal,k3,3,wrong,cv_first,0.1,18,0.5,0.027749545140849485,0.010066280171989456,22.853892966936446,0.10859975808000943,5,False,1262,0.02,raw,lora_intervention/experiments/linear_probing/results_probe50/Qwen2.5-3B-Instruct_5k_10u/probe_fits_wrong.json,
Qwen2.5-3B-Instruct,Qwen2.5,base,5,10,IVQ,ordinal,k3,3,wrong,cv_first,0.1,19,0.527778,0.03250517598343685,0.010199478815048941,22.679023150762276,0.11444779423556262,5,False,1262,0.02,raw,lora_intervention/experiments/linear_probing/results_probe50/Qwen2.5-3B-Instruct_5k_10u/probe_fits_wrong.json,
Qwen2.5-3B-Instruct,Qwen2.5,base,5,10,IVQ,ordinal,k3,3,wrong,cv_first,0.1,20,0.555556,0.03170211431080996,0.0066516446479088715,22.34574941966246,0.11627484643542732,5,False,1262,0.02,raw,lora_intervention/experiments/linear_probing/results_probe50/Qwen2.5-3B-Instruct_5k_10u/probe_fits_wrong.json,
Qwen2.5-3B-Instruct,Qwen2.5,base,5,10,IVQ,ordinal,k3,3,wrong,cv_first,0.1,21,0.583333,0.028533785055524185,0.005862954943447135,22.370895288286594,0.11237378969164383,5,False,1262,0.02,raw,lora_intervention/experiments/linear_probing/results_probe50/Qwen2.5-3B-Instruct_5k_10u/probe_fits_wrong.json,
Qwen2.5-3B-Instruct,Qwen2.5,base,5,10,IVQ,ordinal,k3,3,wrong,cv_first,0.1,22,0.611111,0.03567036827906393,0.008353932659876117,22.08105276366146,0.11869080328180852,5,False,1262,0.02,raw,lora_intervention/experiments/linear_probing/results_probe50/Qwen2.5-3B-Instruct_5k_10u/probe_fits_wrong.json,
Qwen2.5-3B-Instruct,Qwen2.5,base,5,10,IVQ,ordinal,k3,3,wrong,cv_first,0.1,23,0.638889,0.13867871259175607,0.020554547500038163,13.969370725892464,0.2658858778731847,5,False,1262,0.02,raw,lora_intervention/experiments/linear_probing/results_probe50/Qwen2.5-3B-Instruct_5k_10u/probe_fits_wrong.json,
Qwen2.5-3B-Instruct,Qwen2.5,base,5,10,IVQ,ordinal,k3,3,wrong,cv_first,0.1,24,0.666667,0.11807202459376372,0.029095074059267055,14.79866992910471,0.24280204384615414,5,False,1262,0.02,raw,lora_intervention/experiments/linear_probing/results_probe50/Qwen2.5-3B-Instruct_5k_10u/probe_fits_wrong.json,
Qwen2.5-3B-Instruct,Qwen2.5,base,5,10,IVQ,ordinal,k3,3,wrong,cv_first,0.1,25,0.694444,0.14498713846539932,0.024849632205028633,13.540789886442061,0.27690647492990605,5,False,1262,0.02,raw,lora_intervention/experiments/linear_probing/results_probe50/Qwen2.5-3B-Instruct_5k_10u/probe_fits_wrong.json,
Qwen2.5-3B-Instruct,Qwen2.5,base,5,10,IVQ,ordinal,k3,3,wrong,cv_first,0.1,26,0.722222,0.16878411443628832,0.01577983005830724,11.75913796348579,0.3079802224995921,5,False,1262,0.02,raw,lora_intervention/experiments/linear_probing/results_probe50/Qwen2.5-3B-Instruct_5k_10u/probe_fits_wrong.json,
Qwen2.5-3B-Instruct,Qwen2.5,base,5,10,IVQ,ordinal,k3,3,wrong,cv_first,0.1,27,0.75,0.17115879289792332,0.015944103490715154,11.565794591881549,0.31066323443492727,5,False,1262,0.02,raw,lora_intervention/experiments/linear_probing/results_probe50/Qwen2.5-3B-Instruct_5k_10u/probe_fits_wrong.json,
Qwen2.5-3B-Instruct,Qwen2.5,base,5,10,IVQ,ordinal,k3,3,wrong,cv_first,0.1,28,0.777778,0.26702741702741706,0.023620234723595247,10.023257418909592,0.3957651264228748,5,False,1262,0.02,raw,lora_intervention/experiments/linear_probing/results_probe50/Qwen2.5-3B-Instruct_5k_10u/probe_fits_wrong.json,
Qwen2.5-3B-Instruct,Qwen2.5,base,5,10,IVQ,ordinal,k3,3,wrong,cv_first,0.1,29,0.805556,0.24802371541501972,0.013723171338149015,10.673699730221468,0.37869820592865755,5,False,1262,0.02,raw,lora_intervention/experiments/linear_probing/results_probe50/Qwen2.5-3B-Instruct_5k_10u/probe_fits_wrong.json,
Qwen2.5-3B-Instruct,Qwen2.5,base,5,10,IVQ,ordinal,k3,3,wrong,cv_first,0.1,30,0.833333,0.2511826337913295,0.020393708893910643,10.460351966873706,0.3814169848419041,5,False,1262,0.02,raw,lora_intervention/experiments/linear_probing/results_probe50/Qwen2.5-3B-Instruct_5k_10u/probe_fits_wrong.json,
Qwen2.5-3B-Instruct,Qwen2.5,base,5,10,IVQ,ordinal,k3,3,wrong,cv_first,0.1,31,0.861111,0.31934876717485416,0.01176075670962516,8.248086454608195,0.45778833910625705,5,False,1262,0.02,raw,lora_intervention/experiments/linear_probing/results_probe50/Qwen2.5-3B-Instruct_5k_10u/probe_fits_wrong.json,
Qwen2.5-3B-Instruct,Qwen2.5,base,5,10,IVQ,ordinal,k3,3,wrong,cv_first,0.1,32,0.888889,0.30748164878599665,0.020315427391501852,8.551188907710648,0.4444605963641145,5,False,1262,0.02,raw,lora_intervention/experiments/linear_probing/results_probe50/Qwen2.5-3B-Instruct_5k_10u/probe_fits_wrong.json,
Qwen2.5-3B-Instruct,Qwen2.5,base,5,10,IVQ,ordinal,k3,3,wrong,cv_first,0.1,33,0.916667,0.31140598531902874,0.02024846590580428,7.818191229060794,0.46530146803244643,5,False,1262,0.02,raw,lora_intervention/experiments/linear_probing/results_probe50/Qwen2.5-3B-Instruct_5k_10u/probe_fits_wrong.json,
Qwen2.5-3B-Instruct,Qwen2.5,base,5,10,IVQ,ordinal,k3,3,wrong,cv_first,0.1,34,0.944444,0.29717359934751236,0.02177733698744966,7.079223916180439,0.4622296389463276,5,False,1262,0.02,raw,lora_intervention/experiments/linear_probing/results_probe50/Qwen2.5-3B-Instruct_5k_10u/probe_fits_wrong.json,
Qwen2.5-3B-Instruct,Qwen2.5,base,5,10,IVQ,ordinal,k3,3,wrong,cv_first,0.1,35,0.972222,0.2932022084195997,0.0151541569816324,7.069549532593011,0.45715673246206007,5,False,1262,0.02,raw,lora_intervention/experiments/linear_probing/results_probe50/Qwen2.5-3B-Instruct_5k_10u/probe_fits_wrong.json,
Qwen2.5-3B-Instruct,Qwen2.5,base,5,10,IVQ,ordinal,k3,3,wrong,cv_first,0.1,36,1.0,0.2948051948051948,0.02016906889128413,6.848556998556998,0.46070350693793494,5,False,1262,0.02,raw,lora_intervention/experiments/linear_probing/results_probe50/Qwen2.5-3B-Instruct_5k_10u/probe_fits_wrong.json,
Qwen2.5-3B-Instruct,Qwen2.5,base,5,10,IVQ,ordinal,k3,3,wrong,cv_last,0.1,0,0.0,0.02852437417654809,0.0015486734898994688,22.82331388418345,0.11005861177757939,5,False,1262,0.02,raw,lora_intervention/experiments/linear_probing/results_probe50/Qwen2.5-3B-Instruct_5k_10u/probe_fits_wrong.json,
Qwen2.5-3B-Instruct,Qwen2.5,base,5,10,IVQ,ordinal,k3,3,wrong,cv_last,0.1,1,0.027778,0.04277558190601669,0.011810190268988734,21.27060041407868,0.13173922627560516,5,False,1262,0.02,raw,lora_intervention/experiments/linear_probing/results_probe50/Qwen2.5-3B-Instruct_5k_10u/probe_fits_wrong.json,
Qwen2.5-3B-Instruct,Qwen2.5,base,5,10,IVQ,ordinal,k3,3,wrong,cv_last,0.1,2,0.055556,0.05863604994039776,0.00386411296860005,19.278919631093544,0.15675032705554048,5,False,1262,0.02,raw,lora_intervention/experiments/linear_probing/results_probe50/Qwen2.5-3B-Instruct_5k_10u/probe_fits_wrong.json,
Qwen2.5-3B-Instruct,Qwen2.5,base,5,10,IVQ,ordinal,k3,3,wrong,cv_last,0.1,3,0.083333,0.058620365142104267,0.009723955625693479,19.040789886442063,0.1615218346019111,5,False,1262,0.02,raw,lora_intervention/experiments/linear_probing/results_probe50/Qwen2.5-3B-Instruct_5k_10u/probe_fits_wrong.json,
Qwen2.5-3B-Instruct,Qwen2.5,base,5,10,IVQ,ordinal,k3,3,wrong,cv_last,0.1,4,0.111111,0.053877282138151704,0.005312753988895295,19.90870506305289,0.154538337990289,5,False,1262,0.02,raw,lora_intervention/experiments/linear_probing/results_probe50/Qwen2.5-3B-Instruct_5k_10u/probe_fits_wrong.json,
Qwen2.5-3B-Instruct,Qwen2.5,base,5,10,IVQ,ordinal,k3,3,wrong,cv_last,0.1,5,0.138889,0.052305665349143604,0.009863064117051002,20.040921638747726,0.14994284695713772,5,False,1262,0.02,raw,lora_intervention/experiments/linear_probing/results_probe50/Qwen2.5-3B-Instruct_5k_10u/probe_fits_wrong.json,
Qwen2.5-3B-Instruct,Qwen2.5,base,5,10,IVQ,ordinal,k3,3,wrong,cv_last,0.1,6,0.166667,0.0538804190978104,0.012437186210101191,20.15362005144614,0.14863232459364817,5,False,1262,0.02,raw,lora_intervention/experiments/linear_probing/results_probe50/Qwen2.5-3B-Instruct_5k_10u/probe_fits_wrong.json,
Qwen2.5-3B-Instruct,Qwen2.5,base,5,10,IVQ,ordinal,k3,3,wrong,cv_last,0.1,7,0.194444,0.04991843904887383,0.007747316187220662,20.406305288913988,0.1446995669851449,5,False,1262,0.02,raw,lora_intervention/experiments/linear_probing/results_probe50/Qwen2.5-3B-Instruct_5k_10u/probe_fits_wrong.json,
Qwen2.5-3B-Instruct,Qwen2.5,base,5,10,IVQ,ordinal,k3,3,wrong,cv_last,0.1,8,0.222222,0.051496329757199324,0.011991236637747548,20.715709893970764,0.14148624306438679,5,False,1262,0.02,raw,lora_intervention/experiments/linear_probing/results_probe50/Qwen2.5-3B-Instruct_5k_10u/probe_fits_wrong.json,
Qwen2.5-3B-Instruct,Qwen2.5,base,5,10,IVQ,ordinal,k3,3,wrong,cv_last,0.1,9,0.25,0.04673756195495325,0.014450214586470965,21.079562707823577,0.13488526350191532,5,False,1262,0.02,raw,lora_intervention/experiments/linear_probing/results_probe50/Qwen2.5-3B-Instruct_5k_10u/probe_fits_wrong.json,
Qwen2.5-3B-Instruct,Qwen2.5,base,5,10,IVQ,ordinal,k3,3,wrong,cv_last,0.1,10,0.277778,0.045950185080619856,0.01214730507090376,21.034867306606436,0.13677572851823164,5,False,1262,0.02,raw,lora_intervention/experiments/linear_probing/results_probe50/Qwen2.5-3B-Instruct_5k_10u/probe_fits_wrong.json,
Qwen2.5-3B-Instruct,Qwen2.5,base,5,10,IVQ,ordinal,k3,3,wrong,cv_last,0.1,11,0.305556,0.043572369659326184,0.010288094295793696,21.40869565217391,0.13224753807631728,5,False,1262,0.02,raw,lora_intervention/experiments/linear_probing/results_probe50/Qwen2.5-3B-Instruct_5k_10u/probe_fits_wrong.json,
Qwen2.5-3B-Instruct,Qwen2.5,base,5,10,IVQ,ordinal,k3,3,wrong,cv_last,0.1,12,0.333333,0.0411945542380325,0.009540188017818182,21.689767237593323,0.13041358098201603,5,False,1262,0.02,raw,lora_intervention/experiments/linear_probing/results_probe50/Qwen2.5-3B-Instruct_5k_10u/probe_fits_wrong.json,
Qwen2.5-3B-Instruct,Qwen2.5,base,5,10,IVQ,ordinal,k3,3,wrong,cv_last,0.1,13,0.361111,0.04356923269966748,0.013920483902920852,21.897819813037202,0.12670648627865716,5,False,1262,0.02,raw,lora_intervention/experiments/linear_probing/results_probe50/Qwen2.5-3B-Instruct_5k_10u/probe_fits_wrong.json,
Qwen2.5-3B-Instruct,Qwen2.5,base,5,10,IVQ,ordinal,k3,3,wrong,cv_last,0.1,14,0.388889,0.03882301273605621,0.012378199549391707,22.247590814982118,0.12559371398281322,5,False,1262,0.02,raw,lora_intervention/experiments/linear_probing/results_probe50/Qwen2.5-3B-Instruct_5k_10u/probe_fits_wrong.json,
Qwen2.5-3B-Instruct,Qwen2.5,base,5,10,IVQ,ordinal,k3,3,wrong,cv_last,0.1,15,0.416667,0.04199447895100069,0.012181560399932387,22.715113871635612,0.12356845250393393,5,False,1262,0.02,raw,lora_intervention/experiments/linear_probing/results_probe50/Qwen2.5-3B-Instruct_5k_10u/probe_fits_wrong.json,
Qwen2.5-3B-Instruct,Qwen2.5,base,5,10,IVQ,ordinal,k3,3,wrong,cv_last,0.1,16,0.444444,0.037232574189095924,0.011624780186908356,22.42441495702365,0.1225000176622862,5,False,1262,0.02,raw,lora_intervention/experiments/linear_probing/results_probe50/Qwen2.5-3B-Instruct_5k_10u/probe_fits_wrong.json,
Qwen2.5-3B-Instruct,Qwen2.5,base,5,10,IVQ,ordinal,k3,3,wrong,cv_last,0.1,17,0.472222,0.03484848484848485,0.01153882928277335,22.46027040592258,0.11935301423442346,5,False,1262,0.02,raw,lora_intervention/experiments/linear_probing/results_probe50/Qwen2.5-3B-Instruct_5k_10u/probe_fits_wrong.json,
Qwen2.5-3B-Instruct,Qwen2.5,base,5,10,IVQ,ordinal,k3,3,wrong,cv_last,0.1,18,0.5,0.03406424493381015,0.009215367748797162,22.78282514586862,0.11423712136304676,5,False,1262,0.02,raw,lora_intervention/experiments/linear_probing/results_probe50/Qwen2.5-3B-Instruct_5k_10u/probe_fits_wrong.json,
Qwen2.5-3B-Instruct,Qwen2.5,base,5,10,IVQ,ordinal,k3,3,wrong,cv_last,0.1,19,0.527778,0.02852123721688939,0.011562207765415224,22.803488299140472,0.10848514829458682,5,False,1262,0.02,raw,lora_intervention/experiments/linear_probing/results_probe50/Qwen2.5-3B-Instruct_5k_10u/probe_fits_wrong.json,
Qwen2.5-3B-Instruct,Qwen2.5,base,5,10,IVQ,ordinal,k3,3,wrong,cv_last,0.1,20,0.555556,0.03088650479954827,0.014455549193275779,22.796938327373105,0.11154472774048715,5,False,1262,0.02,raw,lora_intervention/experiments/linear_probing/results_probe50/Qwen2.5-3B-Instruct_5k_10u/probe_fits_wrong.json,
Qwen2.5-3B-Instruct,Qwen2.5,base,5,10,IVQ,ordinal,k3,3,wrong,cv_last,0.1,21,0.583333,0.028527511136206784,0.008095096866395082,23.20718677457808,0.10752214287313722,5,False,1262,0.02,raw,lora_intervention/experiments/linear_probing/results_probe50/Qwen2.5-3B-Instruct_5k_10u/probe_fits_wrong.json,
Qwen2.5-3B-Instruct,Qwen2.5,base,5,10,IVQ,ordinal,k3,3,wrong,cv_last,0.1,22,0.611111,0.0277244494635799,0.004955022161354271,23.66104209799862,0.10480144536025973,5,False,1262,0.02,raw,lora_intervention/experiments/linear_probing/results_probe50/Qwen2.5-3B-Instruct_5k_10u/probe_fits_wrong.json,
Qwen2.5-3B-Instruct,Qwen2.5,base,5,10,IVQ,ordinal,k3,3,wrong,cv_last,0.1,23,0.638889,0.027730723382897293,0.004324421487489395,24.064662149444757,0.10179055859638828,5,False,1262,0.02,raw,lora_intervention/experiments/linear_probing/results_probe50/Qwen2.5-3B-Instruct_5k_10u/probe_fits_wrong.json,
Qwen2.5-3B-Instruct,Qwen2.5,base,5,10,IVQ,ordinal,k3,3,wrong,cv_last,0.1,24,0.666667,0.02217830478700044,0.004710696187471835,24.321315640880858,0.09632920516461377,5,False,1262,0.02,raw,lora_intervention/experiments/linear_probing/results_probe50/Qwen2.5-3B-Instruct_5k_10u/probe_fits_wrong.json,
Qwen2.5-3B-Instruct,Qwen2.5,base,5,10,IVQ,ordinal,k3,3,wrong,cv_last,0.1,25,0.694444,0.021390927912667043,0.008157243641594057,24.508908965430702,0.09497543391034399,5,False,1262,0.02,raw,lora_intervention/experiments/linear_probing/results_probe50/Qwen2.5-3B-Instruct_5k_10u/probe_fits_wrong.json,
Qwen2.5-3B-Instruct,Qwen2.5,base,5,10,IVQ,ordinal,k3,3,wrong,cv_last,0.1,26,0.722222,0.022193989585293932,0.008921901520314602,24.798974214191606,0.0961297762664183,5,False,1262,0.02,raw,lora_intervention/experiments/linear_probing/results_probe50/Qwen2.5-3B-Instruct_5k_10u/probe_fits_wrong.json,
Qwen2.5-3B-Instruct,Qwen2.5,base,5,10,IVQ,ordinal,k3,3,wrong,cv_last,0.1,27,0.75,0.024571805006587615,0.010176007027605544,24.37849927849928,0.09961320174466241,5,False,1262,0.02,raw,lora_intervention/experiments/linear_probing/results_probe50/Qwen2.5-3B-Instruct_5k_10u/probe_fits_wrong.json,
Qwen2.5-3B-Instruct,Qwen2.5,base,5,10,IVQ,ordinal,k3,3,wrong,cv_last,0.1,28,0.777778,0.027733860342555993,0.011221832067843692,24.545027918940963,0.09797261559500528,5,False,1262,0.02,raw,lora_intervention/experiments/linear_probing/results_probe50/Qwen2.5-3B-Instruct_5k_10u/probe_fits_wrong.json,
Qwen2.5-3B-Instruct,Qwen2.5,base,5,10,IVQ,ordinal,k3,3,wrong,cv_last,0.1,29,0.805556,0.0269464834682226,0.005282634476837861,24.198613463830856,0.10293268173358952,5,False,1262,0.02,raw,lora_intervention/experiments/linear_probing/results_probe50/Qwen2.5-3B-Instruct_5k_10u/probe_fits_wrong.json,
Qwen2.5-3B-Instruct,Qwen2.5,base,5,10,IVQ,ordinal,k3,3,wrong,cv_last,0.1,30,0.833333,0.02535290796160361,0.00401509514224642,23.85357299705126,0.10200751390393017,5,False,1262,0.02,raw,lora_intervention/experiments/linear_probing/results_probe50/Qwen2.5-3B-Instruct_5k_10u/probe_fits_wrong.json,
Qwen2.5-3B-Instruct,Qwen2.5,base,5,10,IVQ,ordinal,k3,3,wrong,cv_last,0.1,31,0.861111,0.03089591567852437,0.005208849488328757,23.442229750925403,0.1070225050230762,5,False,1262,0.02,raw,lora_intervention/experiments/linear_probing/results_probe50/Qwen2.5-3B-Instruct_5k_10u/probe_fits_wrong.json,
Qwen2.5-3B-Instruct,Qwen2.5,base,5,10,IVQ,ordinal,k3,3,wrong,cv_last,0.1,32,0.888889,0.02930547713156409,0.008489157671518534,22.335212372168893,0.11404964280039272,5,False,1262,0.02,raw,lora_intervention/experiments/linear_probing/results_probe50/Qwen2.5-3B-Instruct_5k_10u/probe_fits_wrong.json,
Qwen2.5-3B-Instruct,Qwen2.5,base,5,10,IVQ,ordinal,k3,3,wrong,cv_last,0.1,33,0.916667,0.03407365581278625,0.009591500262291395,21.946179183135705,0.11894834323241203,5,False,1262,0.02,raw,lora_intervention/experiments/linear_probing/results_probe50/Qwen2.5-3B-Instruct_5k_10u/probe_fits_wrong.json,
Qwen2.5-3B-Instruct,Qwen2.5,base,5,10,IVQ,ordinal,k3,3,wrong,cv_last,0.1,34,0.944444,0.04199447895100069,0.012933942215932347,21.115383650166258,0.12744449547734504,5,False,1262,0.02,raw,lora_intervention/experiments/linear_probing/results_probe50/Qwen2.5-3B-Instruct_5k_10u/probe_fits_wrong.json,
Qwen2.5-3B-Instruct,Qwen2.5,base,5,10,IVQ,ordinal,k3,3,wrong,cv_last,0.1,35,0.972222,0.03645147123407993,0.0104521076236116,20.878442813225423,0.1269239818966587,5,False,1262,0.02,raw,lora_intervention/experiments/linear_probing/results_probe50/Qwen2.5-3B-Instruct_5k_10u/probe_fits_wrong.json,
Qwen2.5-3B-Instruct,Qwen2.5,base,5,10,IVQ,ordinal,k3,3,wrong,cv_last,0.1,36,1.0,0.04278499278499278,0.006790169286601785,20.689208858774077,0.13180611942445025,5,False,1262,0.02,raw,lora_intervention/experiments/linear_probing/results_probe50/Qwen2.5-3B-Instruct_5k_10u/probe_fits_wrong.json,
Qwen2.5-3B-Instruct,Qwen2.5,base,5,10,IVQ,ordinal,k3,3,wrong,expected,0.1,0,0.0,0.029318024970198885,0.0019320564843000251,22.06129932869063,0.11227810337515273,5,False,1262,0.02,raw,lora_intervention/experiments/linear_probing/results_probe50/Qwen2.5-3B-Instruct_5k_10u/probe_fits_wrong.json,
Qwen2.5-3B-Instruct,Qwen2.5,base,5,10,IVQ,ordinal,k3,3,wrong,expected,0.1,1,0.027778,0.013479515653428698,0.004776546196061372,24.74961729092164,0.0872308859408323,5,False,1262,0.02,raw,lora_intervention/experiments/linear_probing/results_probe50/Qwen2.5-3B-Instruct_5k_10u/probe_fits_wrong.json,
Qwen2.5-3B-Instruct,Qwen2.5,base,5,10,IVQ,ordinal,k3,3,wrong,expected,0.1,2,0.055556,0.01663529707007968,0.008801157241434128,24.687888198757765,0.0869461687652425,5,False,1262,0.02,raw,lora_intervention/experiments/linear_probing/results_probe50/Qwen2.5-3B-Instruct_5k_10u/probe_fits_wrong.json,
Qwen2.5-3B-Instruct,Qwen2.5,base,5,10,IVQ,ordinal,k3,3,wrong,expected,0.1,3,0.083333,0.013470104774452601,0.008151082882720833,24.60169082125604,0.08861127744544331,5,False,1262,0.02,raw,lora_intervention/experiments/linear_probing/results_probe50/Qwen2.5-3B-Instruct_5k_10u/probe_fits_wrong.json,
Qwen2.5-3B-Instruct,Qwen2.5,base,5,10,IVQ,ordinal,k3,3,wrong,expected,0.1,4,0.111111,0.01663529707007968,0.005798028204187493,25.026460254721123,0.0878745256390088,5,False,1262,0.02,raw,lora_intervention/experiments/linear_probing/results_probe50/Qwen2.5-3B-Instruct_5k_10u/probe_fits_wrong.json,
Qwen2.5-3B-Instruct,Qwen2.5,base,5,10,IVQ,ordinal,k3,3,wrong,expected,0.1,5,0.138889,0.01901624945103206,0.006345400249923697,25.08184641445511,0.09032487120046917,5,False,1262,0.02,raw,lora_intervention/experiments/linear_probing/results_probe50/Qwen2.5-3B-Instruct_5k_10u/probe_fits_wrong.json,
Qwen2.5-3B-Instruct,Qwen2.5,base,5,10,IVQ,ordinal,k3,3,wrong,expected,0.1,6,0.166667,0.018219461697722567,0.005917453473180741,25.207757701235966,0.08926152163182019,5,False,1262,0.02,raw,lora_intervention/experiments/linear_probing/results_probe50/Qwen2.5-3B-Instruct_5k_10u/probe_fits_wrong.json,
Qwen2.5-3B-Instruct,Qwen2.5,base,5,10,IVQ,ordinal,k3,3,wrong,expected,0.1,7,0.194444,0.018216324738063866,0.00773651845080364,25.12186460882113,0.08970590994301295,5,False,1262,0.02,raw,lora_intervention/experiments/linear_probing/results_probe50/Qwen2.5-3B-Instruct_5k_10u/probe_fits_wrong.json,
Qwen2.5-3B-Instruct,Qwen2.5,base,5,10,IVQ,ordinal,k3,3,wrong,expected,0.1,8,0.222222,0.02217203086768304,0.008489070732095294,25.211782420478073,0.0913709278120263,5,False,1262,0.02,raw,lora_intervention/experiments/linear_probing/results_probe50/Qwen2.5-3B-Instruct_5k_10u/probe_fits_wrong.json,
Qwen2.5-3B-Instruct,Qwen2.5,base,5,10,IVQ,ordinal,k3,3,wrong,expected,0.1,9,0.25,0.023753058535667233,0.01273698567854659,24.97971955580651,0.09188067838791641,5,False,1262,0.02,raw,lora_intervention/experiments/linear_probing/results_probe50/Qwen2.5-3B-Instruct_5k_10u/probe_fits_wrong.json,
Qwen2.5-3B-Instruct,Qwen2.5,base,5,10,IVQ,ordinal,k3,3,wrong,expected,0.1,10,0.277778,0.02534036012296882,0.010158798663250621,24.674054206662902,0.09542044810327069,5,False,1262,0.02,raw,lora_intervention/experiments/linear_probing/results_probe50/Qwen2.5-3B-Instruct_5k_10u/probe_fits_wrong.json,
Qwen2.5-3B-Instruct,Qwen2.5,base,5,10,IVQ,ordinal,k3,3,wrong,expected,0.1,11,0.305556,0.02613401091661961,0.008482088327885148,24.871905389296693,0.09450504347872393,5,False,1262,0.02,raw,lora_intervention/experiments/linear_probing/results_probe50/Qwen2.5-3B-Instruct_5k_10u/probe_fits_wrong.json,
Qwen2.5-3B-Instruct,Qwen2.5,base,5,10,IVQ,ordinal,k3,3,wrong,expected,0.1,12,0.333333,0.022968818620992534,0.011293967938207635,24.843823326432023,0.09456957733488147,5,False,1262,0.02,raw,lora_intervention/experiments/linear_probing/results_probe50/Qwen2.5-3B-Instruct_5k_10u/probe_fits_wrong.json,
Qwen2.5-3B-Instruct,Qwen2.5,base,5,10,IVQ,ordinal,k3,3,wrong,expected,0.1,13,0.361111,0.02139406487232574,0.007337140089255486,24.75684484597528,0.09301438358126965,5,False,1262,0.02,raw,lora_intervention/experiments/linear_probing/results_probe50/Qwen2.5-3B-Instruct_5k_10u/probe_fits_wrong.json,
Qwen2.5-3B-Instruct,Qwen2.5,base,5,10,IVQ,ordinal,k3,3,wrong,expected,0.1,14,0.388889,0.02059100319969885,0.0076540427169315695,24.71292427379384,0.09170867879808613,5,False,1262,0.02,raw,lora_intervention/experiments/linear_probing/results_probe50/Qwen2.5-3B-Instruct_5k_10u/probe_fits_wrong.json,
Qwen2.5-3B-Instruct,Qwen2.5,base,5,10,IVQ,ordinal,k3,3,wrong,expected,0.1,15,0.416667,0.01901938641069076,0.006831341714692677,24.697195558065125,0.09347907220063709,5,False,1262,0.02,raw,lora_intervention/experiments/linear_probing/results_probe50/Qwen2.5-3B-Instruct_5k_10u/probe_fits_wrong.json,
Qwen2.5-3B-Instruct,Qwen2.5,base,5,10,IVQ,ordinal,k3,3,wrong,expected,0.1,16,0.444444,0.019809900244682852,0.007933469587660998,24.82620302402911,0.09022970601356808,5,False,1262,0.02,raw,lora_intervention/experiments/linear_probing/results_probe50/Qwen2.5-3B-Instruct_5k_10u/probe_fits_wrong.json,
Qwen2.5-3B-Instruct,Qwen2.5,base,5,10,IVQ,ordinal,k3,3,wrong,expected,0.1,17,0.472222,0.01505113244243679,0.003866404267885557,24.613074847857455,0.0876722459162588,5,False,1262,0.02,raw,lora_intervention/experiments/linear_probing/results_probe50/Qwen2.5-3B-Instruct_5k_10u/probe_fits_wrong.json,
Qwen2.5-3B-Instruct,Qwen2.5,base,5,10,IVQ,ordinal,k3,3,wrong,expected,0.1,18,0.5,0.018225735617039964,0.0031763633517378482,24.648400150574062,0.08971339233514955,5,False,1262,0.02,raw,lora_intervention/experiments/linear_probing/results_probe50/Qwen2.5-3B-Instruct_5k_10u/probe_fits_wrong.json,
Qwen2.5-3B-Instruct,Qwen2.5,base,5,10,IVQ,ordinal,k3,3,wrong,expected,0.1,19,0.527778,0.015847920195746282,0.007095193913152244,24.475754438797914,0.08977895277898007,5,False,1262,0.02,raw,lora_intervention/experiments/linear_probing/results_probe50/Qwen2.5-3B-Instruct_5k_10u/probe_fits_wrong.json,
Qwen2.5-3B-Instruct,Qwen2.5,base,5,10,IVQ,ordinal,k3,3,wrong,expected,0.1,20,0.555556,0.01743522178304787,0.005371814206499118,23.971883430579084,0.09178328510958664,5,False,1262,0.02,raw,lora_intervention/experiments/linear_probing/results_probe50/Qwen2.5-3B-Instruct_5k_10u/probe_fits_wrong.json,
Qwen2.5-3B-Instruct,Qwen2.5,base,5,10,IVQ,ordinal,k3,3,wrong,expected,0.1,21,0.583333,0.015844783236087585,0.005592086158167313,23.60741890959282,0.09418770269031844,5,False,1262,0.02,raw,lora_intervention/experiments/linear_probing/results_probe50/Qwen2.5-3B-Instruct_5k_10u/probe_fits_wrong.json,
Qwen2.5-3B-Instruct,Qwen2.5,base,5,10,IVQ,ordinal,k3,3,wrong,expected,0.1,22,0.611111,0.015838509316770187,0.010893104949112388,23.737022397891963,0.09462892385710328,5,False,1262,0.02,raw,lora_intervention/experiments/linear_probing/results_probe50/Qwen2.5-3B-Instruct_5k_10u/probe_fits_wrong.json,
Qwen2.5-3B-Instruct,Qwen2.5,base,5,10,IVQ,ordinal,k3,3,wrong,expected,0.1,23,0.638889,0.02219398958529393,0.006458176413806522,24.383891712152582,0.0988205555459434,5,False,1262,0.02,raw,lora_intervention/experiments/linear_probing/results_probe50/Qwen2.5-3B-Instruct_5k_10u/probe_fits_wrong.json,
Qwen2.5-3B-Instruct,Qwen2.5,base,5,10,IVQ,ordinal,k3,3,wrong,expected,0.1,24,0.666667,0.022187715665976535,0.008153896531481852,24.620114185331577,0.09536678615386553,5,False,1262,0.02,raw,lora_intervention/experiments/linear_probing/results_probe50/Qwen2.5-3B-Instruct_5k_10u/probe_fits_wrong.json,
Qwen2.5-3B-Instruct,Qwen2.5,base,5,10,IVQ,ordinal,k3,3,wrong,expected,0.1,25,0.694444,0.02059727711901625,0.0038574962184749735,24.55243428069515,0.09499484466262072,5,False,1262,0.02,raw,lora_intervention/experiments/linear_probing/results_probe50/Qwen2.5-3B-Instruct_5k_10u/probe_fits_wrong.json,
Qwen2.5-3B-Instruct,Qwen2.5,base,5,10,IVQ,ordinal,k3,3,wrong,expected,0.1,26,0.722222,0.02217830478700044,0.007732061502938763,24.48181818181818,0.09905710510180551,5,False,1262,0.02,raw,lora_intervention/experiments/linear_probing/results_probe50/Qwen2.5-3B-Instruct_5k_10u/probe_fits_wrong.json,
Qwen2.5-3B-Instruct,Qwen2.5,base,5,10,IVQ,ordinal,k3,3,wrong,expected,0.1,27,0.75,0.0269339356295878,0.008051998012409719,24.519201330070892,0.10017978122397977,5,False,1262,0.02,raw,lora_intervention/experiments/linear_probing/results_probe50/Qwen2.5-3B-Instruct_5k_10u/probe_fits_wrong.json,
Qwen2.5-3B-Instruct,Qwen2.5,base,5,10,IVQ,ordinal,k3,3,wrong,expected,0.1,28,0.777778,0.04676579459188155,0.00958038778506874,21.748902064119456,0.12749082423994856,5,False,1262,0.02,raw,lora_intervention/experiments/linear_probing/results_probe50/Qwen2.5-3B-Instruct_5k_10u/probe_fits_wrong.json,
Qwen2.5-3B-Instruct,Qwen2.5,base,5,10,IVQ,ordinal,k3,3,wrong,expected,0.1,29,0.805556,0.08797603362820754,0.013245282356819916,17.3265229939143,0.1947666102422808,5,False,1262,0.02,raw,lora_intervention/experiments/linear_probing/results_probe50/Qwen2.5-3B-Instruct_5k_10u/probe_fits_wrong.json,
Qwen2.5-3B-Instruct,Qwen2.5,base,5,10,IVQ,ordinal,k3,3,wrong,expected,0.1,30,0.833333,0.08876654746219964,0.02115472096966331,16.768021833239224,0.20163610846877433,5,False,1262,0.02,raw,lora_intervention/experiments/linear_probing/results_probe50/Qwen2.5-3B-Instruct_5k_10u/probe_fits_wrong.json,
Qwen2.5-3B-Instruct,Qwen2.5,base,5,10,IVQ,ordinal,k3,3,wrong,expected,0.1,31,0.861111,0.1054206662902315,0.01933879377205987,14.996643453165191,0.2283785953578575,5,False,1262,0.02,raw,lora_intervention/experiments/linear_probing/results_probe50/Qwen2.5-3B-Instruct_5k_10u/probe_fits_wrong.json,
Qwen2.5-3B-Instruct,Qwen2.5,base,5,10,IVQ,ordinal,k3,3,wrong,expected,0.1,32,0.888889,0.12123094297007339,0.01630859258034191,12.343534726143421,0.26006875693642073,5,False,1262,0.02,raw,lora_intervention/experiments/linear_probing/results_probe50/Qwen2.5-3B-Instruct_5k_10u/probe_fits_wrong.json,
Qwen2.5-3B-Instruct,Qwen2.5,base,5,10,IVQ,ordinal,k3,3,wrong,expected,0.1,33,0.916667,0.18223539745278877,0.02627688559108382,7.70966810966811,0.3609191891920528,5,False,1262,0.02,raw,lora_intervention/experiments/linear_probing/results_probe50/Qwen2.5-3B-Instruct_5k_10u/probe_fits_wrong.json,
Qwen2.5-3B-Instruct,Qwen2.5,base,5,10,IVQ,ordinal,k3,3,wrong,expected,0.1,34,0.944444,0.18935002195871764,0.018977494744821154,6.447882552230378,0.37718199666339014,5,False,1262,0.02,raw,lora_intervention/experiments/linear_probing/results_probe50/Qwen2.5-3B-Instruct_5k_10u/probe_fits_wrong.json,
Qwen2.5-3B-Instruct,Qwen2.5,base,5,10,IVQ,ordinal,k3,3,wrong,expected,0.1,35,0.972222,0.18145115753811408,0.016205026550323513,6.333612522742958,0.37469988361231277,5,False,1262,0.02,raw,lora_intervention/experiments/linear_probing/results_probe50/Qwen2.5-3B-Instruct_5k_10u/probe_fits_wrong.json,
Qwen2.5-3B-Instruct,Qwen2.5,base,5,10,IVQ,ordinal,k3,3,wrong,expected,0.1,36,1.0,0.19095614530397137,0.016364366115649974,5.970779220779222,0.38738450849191797,5,False,1262,0.02,raw,lora_intervention/experiments/linear_probing/results_probe50/Qwen2.5-3B-Instruct_5k_10u/probe_fits_wrong.json,
Qwen2.5-3B-Instruct,Qwen2.5,base,5,10,IVQ,ordinal,k3,3,wrong,shuffled,0.1,0,0.0,0.02852437417654809,0.0015486734898994688,22.06173850304285,0.11183616885157317,5,False,1262,0.02,raw,lora_intervention/experiments/linear_probing/results_probe50/Qwen2.5-3B-Instruct_5k_10u/probe_fits_wrong.json,
Qwen2.5-3B-Instruct,Qwen2.5,base,5,10,IVQ,ordinal,k3,3,wrong,shuffled,0.1,1,0.027778,0.029318024970198885,0.004746567234940295,24.83242988895163,0.10102921102587163,5,False,1262,0.02,raw,lora_intervention/experiments/linear_probing/results_probe50/Qwen2.5-3B-Instruct_5k_10u/probe_fits_wrong.json,
Qwen2.5-3B-Instruct,Qwen2.5,base,5,10,IVQ,ordinal,k3,3,wrong,shuffled,0.1,2,0.055556,0.02298136645962733,0.002981587332485649,24.8767049375745,0.0988717756589084,5,False,1262,0.02,raw,lora_intervention/experiments/linear_probing/results_probe50/Qwen2.5-3B-Instruct_5k_10u/probe_fits_wrong.json,
Qwen2.5-3B-Instruct,Qwen2.5,base,5,10,IVQ,ordinal,k3,3,wrong,shuffled,0.1,3,0.083333,0.025362318840579712,0.007376018836651968,24.549824330259113,0.10022295105210513,5,False,1262,0.02,raw,lora_intervention/experiments/linear_probing/results_probe50/Qwen2.5-3B-Instruct_5k_10u/probe_fits_wrong.json,
Qwen2.5-3B-Instruct,Qwen2.5,base,5,10,IVQ,ordinal,k3,3,wrong,shuffled,0.1,4,0.111111,0.0269433465085639,0.008473150444620983,24.58254909341866,0.10027354258690246,5,False,1262,0.02,raw,lora_intervention/experiments/linear_probing/results_probe50/Qwen2.5-3B-Instruct_5k_10u/probe_fits_wrong.json,
Qwen2.5-3B-Instruct,Qwen2.5,base,5,10,IVQ,ordinal,k3,3,wrong,shuffled,0.1,5,0.138889,0.024562394127611516,0.006332930333051,24.56969696969697,0.10069886620868038,5,False,1262,0.02,raw,lora_intervention/experiments/linear_probing/results_probe50/Qwen2.5-3B-Instruct_5k_10u/probe_fits_wrong.json,
Qwen2.5-3B-Instruct,Qwen2.5,base,5,10,IVQ,ordinal,k3,3,wrong,shuffled,0.1,6,0.166667,0.0261496957149131,0.005375648793377057,24.40004391743522,0.10066654945900273,5,False,1262,0.02,raw,lora_intervention/experiments/linear_probing/results_probe50/Qwen2.5-3B-Instruct_5k_10u/probe_fits_wrong.json,
Qwen2.5-3B-Instruct,Qwen2.5,base,5,10,IVQ,ordinal,k3,3,wrong,shuffled,0.1,7,0.194444,0.026952757387539994,0.008851900979498869,24.274371039588434,0.10216321834735412,5,False,1262,0.02,raw,lora_intervention/experiments/linear_probing/results_probe50/Qwen2.5-3B-Instruct_5k_10u/probe_fits_wrong.json,
Qwen2.5-3B-Instruct,Qwen2.5,base,5,10,IVQ,ordinal,k3,3,wrong,shuffled,0.1,8,0.222222,0.029327435849174976,0.010539486083120038,24.15404667795972,0.10289836745213646,5,False,1262,0.02,raw,lora_intervention/experiments/linear_probing/results_probe50/Qwen2.5-3B-Instruct_5k_10u/probe_fits_wrong.json,
Qwen2.5-3B-Instruct,Qwen2.5,base,5,10,IVQ,ordinal,k3,3,wrong,shuffled,0.1,9,0.25,0.030114812723508376,0.009598179002322339,24.22877533094924,0.1050735935531659,5,False,1262,0.02,raw,lora_intervention/experiments/linear_probing/results_probe50/Qwen2.5-3B-Instruct_5k_10u/probe_fits_wrong.json,
Qwen2.5-3B-Instruct,Qwen2.5,base,5,10,IVQ,ordinal,k3,3,wrong,shuffled,0.1,10,0.277778,0.027736997302214694,0.006644111660050682,24.00021331325679,0.10359113893961143,5,False,1262,0.02,raw,lora_intervention/experiments/linear_probing/results_probe50/Qwen2.5-3B-Instruct_5k_10u/probe_fits_wrong.json,
Qwen2.5-3B-Instruct,Qwen2.5,base,5,10,IVQ,ordinal,k3,3,wrong,shuffled,0.1,11,0.305556,0.03407365581278625,0.006442589657113052,24.065104460756636,0.1064560412176901,5,False,1262,0.02,raw,lora_intervention/experiments/linear_probing/results_probe50/Qwen2.5-3B-Instruct_5k_10u/probe_fits_wrong.json,
Qwen2.5-3B-Instruct,Qwen2.5,base,5,10,IVQ,ordinal,k3,3,wrong,shuffled,0.1,12,0.333333,0.028530648095865484,0.009859938782034075,24.04932869063304,0.10358261050281159,5,False,1262,0.02,raw,lora_intervention/experiments/linear_probing/results_probe50/Qwen2.5-3B-Instruct_5k_10u/probe_fits_wrong.json,
Qwen2.5-3B-Instruct,Qwen2.5,base,5,10,IVQ,ordinal,k3,3,wrong,shuffled,0.1,13,0.361111,0.02535604492126231,0.008889579134917506,23.871494447581405,0.10418248419841654,5,False,1262,0.02,raw,lora_intervention/experiments/linear_probing/results_probe50/Qwen2.5-3B-Instruct_5k_10u/probe_fits_wrong.json,
Qwen2.5-3B-Instruct,Qwen2.5,base,5,10,IVQ,ordinal,k3,3,wrong,shuffled,0.1,14,0.388889,0.024565531087270217,0.008474590428841591,23.62907961603614,0.10517808651277707,5,False,1262,0.02,raw,lora_intervention/experiments/linear_probing/results_probe50/Qwen2.5-3B-Instruct_5k_10u/probe_fits_wrong.json,
Qwen2.5-3B-Instruct,Qwen2.5,base,5,10,IVQ,ordinal,k3,3,wrong,shuffled,0.1,15,0.416667,0.024571805006587615,0.008491568436870022,23.744685990338162,0.10467520404028956,5,False,1262,0.02,raw,lora_intervention/experiments/linear_probing/results_probe50/Qwen2.5-3B-Instruct_5k_10u/probe_fits_wrong.json,
Qwen2.5-3B-Instruct,Qwen2.5,base,5,10,IVQ,ordinal,k3,3,wrong,shuffled,0.1,16,0.444444,0.02220340046427003,0.010839612380751753,23.861735366083195,0.10172298852809214,5,False,1262,0.02,raw,lora_intervention/experiments/linear_probing/results_probe50/Qwen2.5-3B-Instruct_5k_10u/probe_fits_wrong.json,
Qwen2.5-3B-Instruct,Qwen2.5,base,5,10,IVQ,ordinal,k3,3,wrong,shuffled,0.1,17,0.472222,0.02458121588556371,0.01162558011322397,23.866127109605372,0.10272287711438144,5,False,1262,0.02,raw,lora_intervention/experiments/linear_probing/results_probe50/Qwen2.5-3B-Instruct_5k_10u/probe_fits_wrong.json,
Qwen2.5-3B-Instruct,Qwen2.5,base,5,10,IVQ,ordinal,k3,3,wrong,shuffled,0.1,18,0.5,0.025365455800238405,0.008189492063925939,23.808325490934187,0.10000473709788552,5,False,1262,0.02,raw,lora_intervention/experiments/linear_probing/results_probe50/Qwen2.5-3B-Instruct_5k_10u/probe_fits_wrong.json,
Qwen2.5-3B-Instruct,Qwen2.5,base,5,10,IVQ,ordinal,k3,3,wrong,shuffled,0.1,19,0.527778,0.022984503419286026,0.010151550431465829,23.638506179810527,0.10163898729332108,5,False,1262,0.02,raw,lora_intervention/experiments/linear_probing/results_probe50/Qwen2.5-3B-Instruct_5k_10u/probe_fits_wrong.json,
Qwen2.5-3B-Instruct,Qwen2.5,base,5,10,IVQ,ordinal,k3,3,wrong,shuffled,0.1,20,0.555556,0.026146558755254408,0.010179818350699359,23.445216136520486,0.10429753310101568,5,False,1262,0.02,raw,lora_intervention/experiments/linear_probing/results_probe50/Qwen2.5-3B-Instruct_5k_10u/probe_fits_wrong.json,
Qwen2.5-3B-Instruct,Qwen2.5,base,5,10,IVQ,ordinal,k3,3,wrong,shuffled,0.1,21,0.583333,0.02456239412761152,0.009813174968069214,23.451879038835564,0.10118941912245835,5,False,1262,0.02,raw,lora_intervention/experiments/linear_probing/results_probe50/Qwen2.5-3B-Instruct_5k_10u/probe_fits_wrong.json,
Qwen2.5-3B-Instruct,Qwen2.5,base,5,10,IVQ,ordinal,k3,3,wrong,shuffled,0.1,22,0.611111,0.022990777338603424,0.010773063031465403,23.99795470230253,0.0983796021343875,5,False,1262,0.02,raw,lora_intervention/experiments/linear_probing/results_probe50/Qwen2.5-3B-Instruct_5k_10u/probe_fits_wrong.json,
Qwen2.5-3B-Instruct,Qwen2.5,base,5,10,IVQ,ordinal,k3,3,wrong,shuffled,0.1,23,0.638889,0.01901311249137336,0.0072394436658027575,24.330331262939957,0.09561260983187966,5,False,1262,0.02,raw,lora_intervention/experiments/linear_probing/results_probe50/Qwen2.5-3B-Instruct_5k_10u/probe_fits_wrong.json,
Qwen2.5-3B-Instruct,Qwen2.5,base,5,10,IVQ,ordinal,k3,3,wrong,shuffled,0.1,24,0.666667,0.019000564652738566,0.009464995916337184,24.524797666102014,0.09176811627097975,5,False,1262,0.02,raw,lora_intervention/experiments/linear_probing/results_probe50/Qwen2.5-3B-Instruct_5k_10u/probe_fits_wrong.json,
Qwen2.5-3B-Instruct,Qwen2.5,base,5,10,IVQ,ordinal,k3,3,wrong,shuffled,0.1,25,0.694444,0.020597277119016245,0.0029294131243174587,24.32355543007717,0.09515128314409718,5,False,1262,0.02,raw,lora_intervention/experiments/linear_probing/results_probe50/Qwen2.5-3B-Instruct_5k_10u/probe_fits_wrong.json,
Qwen2.5-3B-Instruct,Qwen2.5,base,5,10,IVQ,ordinal,k3,3,wrong,shuffled,0.1,26,0.722222,0.02140347575130184,0.00927058146697294,24.213190915364827,0.09403584513315222,5,False,1262,0.02,raw,lora_intervention/experiments/linear_probing/results_probe50/Qwen2.5-3B-Instruct_5k_10u/probe_fits_wrong.json,
Qwen2.5-3B-Instruct,Qwen2.5,base,5,10,IVQ,ordinal,k3,3,wrong,shuffled,0.1,27,0.75,0.020603551038333646,0.0038882814271661045,24.07411380889642,0.09451888864373462,5,False,1262,0.02,raw,lora_intervention/experiments/linear_probing/results_probe50/Qwen2.5-3B-Instruct_5k_10u/probe_fits_wrong.json,
Qwen2.5-3B-Instruct,Qwen2.5,base,5,10,IVQ,ordinal,k3,3,wrong,shuffled,0.1,28,0.777778,0.022187715665976535,0.0053751197318335,24.747813539117892,0.09392321264927879,5,False,1262,0.02,raw,lora_intervention/experiments/linear_probing/results_probe50/Qwen2.5-3B-Instruct_5k_10u/probe_fits_wrong.json,
Qwen2.5-3B-Instruct,Qwen2.5,base,5,10,IVQ,ordinal,k3,3,wrong,shuffled,0.1,29,0.805556,0.02059100319969885,0.006295889757567282,24.574198506807203,0.0952102219470367,5,False,1262,0.02,raw,lora_intervention/experiments/linear_probing/results_probe50/Qwen2.5-3B-Instruct_5k_10u/probe_fits_wrong.json,
Qwen2.5-3B-Instruct,Qwen2.5,base,5,10,IVQ,ordinal,k3,3,wrong,shuffled,0.1,30,0.833333,0.015844783236087585,0.0075011940695919686,24.995652173913047,0.08909757090436983,5,False,1262,0.02,raw,lora_intervention/experiments/linear_probing/results_probe50/Qwen2.5-3B-Instruct_5k_10u/probe_fits_wrong.json,
Qwen2.5-3B-Instruct,Qwen2.5,base,5,10,IVQ,ordinal,k3,3,wrong,shuffled,0.1,31,0.861111,0.019009975531714664,0.008792137432333513,24.812635673505238,0.09154886049940844,5,False,1262,0.02,raw,lora_intervention/experiments/linear_probing/results_probe50/Qwen2.5-3B-Instruct_5k_10u/probe_fits_wrong.json,
Qwen2.5-3B-Instruct,Qwen2.5,base,5,10,IVQ,ordinal,k3,3,wrong,shuffled,0.1,32,0.888889,0.030905326557500466,0.0029868501716679157,24.67400715226802,0.10246664676531021,5,False,1262,0.02,raw,lora_intervention/experiments/linear_probing/results_probe50/Qwen2.5-3B-Instruct_5k_10u/probe_fits_wrong.json,
Qwen2.5-3B-Instruct,Qwen2.5,base,5,10,IVQ,ordinal,k3,3,wrong,shuffled,0.1,33,0.916667,0.01823200953635736,0.007365489093117528,24.509561453039716,0.09478906579352324,5,False,1262,0.02,raw,lora_intervention/experiments/linear_probing/results_probe50/Qwen2.5-3B-Instruct_5k_10u/probe_fits_wrong.json,
Qwen2.5-3B-Instruct,Qwen2.5,base,5,10,IVQ,ordinal,k3,3,wrong,shuffled,0.1,34,0.944444,0.020609824957651044,0.005852653806769189,23.834145805884937,0.09745487317243415,5,False,1262,0.02,raw,lora_intervention/experiments/linear_probing/results_probe50/Qwen2.5-3B-Instruct_5k_10u/probe_fits_wrong.json,
Qwen2.5-3B-Instruct,Qwen2.5,base,5,10,IVQ,ordinal,k3,3,wrong,shuffled,0.1,35,0.972222,0.014270029487420791,0.005394388652187701,23.88104648974214,0.09319496730461027,5,False,1262,0.02,raw,lora_intervention/experiments/linear_probing/results_probe50/Qwen2.5-3B-Instruct_5k_10u/probe_fits_wrong.json,
Qwen2.5-3B-Instruct,Qwen2.5,base,5,10,IVQ,ordinal,k3,3,wrong,shuffled,0.1,36,1.0,0.01743208482338917,0.004042683051573381,23.955223037831736,0.09608698421695412,5,False,1262,0.02,raw,lora_intervention/experiments/linear_probing/results_probe50/Qwen2.5-3B-Instruct_5k_10u/probe_fits_wrong.json,
Qwen2.5-3B-Instruct,Qwen2.5,base,5,10,IVQ,ordinal,k4,4,wrong,cv_first,0.1,0,0.0,0.03223443223443224,0.0014652014652014654,22.64981684981685,0.11335594095471946,5,False,1365,0.02,raw,lora_intervention/experiments/linear_probing/results_probe50/Qwen2.5-3B-Instruct_5k_10u/probe_fits_wrong.json,
Qwen2.5-3B-Instruct,Qwen2.5,base,5,10,IVQ,ordinal,k4,4,wrong,cv_first,0.1,1,0.027778,0.0315018315018315,0.006793859703659858,23.583882783882782,0.10720481333992074,5,False,1365,0.02,raw,lora_intervention/experiments/linear_probing/results_probe50/Qwen2.5-3B-Instruct_5k_10u/probe_fits_wrong.json,
Qwen2.5-3B-Instruct,Qwen2.5,base,5,10,IVQ,ordinal,k4,4,wrong,cv_first,0.1,2,0.055556,0.02564102564102564,0.0069500607915788555,23.43663003663004,0.1031204266487418,5,False,1365,0.02,raw,lora_intervention/experiments/linear_probing/results_probe50/Qwen2.5-3B-Instruct_5k_10u/probe_fits_wrong.json,
Qwen2.5-3B-Instruct,Qwen2.5,base,5,10,IVQ,ordinal,k4,4,wrong,cv_first,0.1,3,0.083333,0.0315018315018315,0.011948356359194206,23.783882783882785,0.10456337904276528,5,False,1365,0.02,raw,lora_intervention/experiments/linear_probing/results_probe50/Qwen2.5-3B-Instruct_5k_10u/probe_fits_wrong.json,
Qwen2.5-3B-Instruct,Qwen2.5,base,5,10,IVQ,ordinal,k4,4,wrong,cv_first,0.1,4,0.111111,0.023443223443223447,0.009438900166098994,23.546520146520148,0.10477649919625778,5,False,1365,0.02,raw,lora_intervention/experiments/linear_probing/results_probe50/Qwen2.5-3B-Instruct_5k_10u/probe_fits_wrong.json,
Qwen2.5-3B-Instruct,Qwen2.5,base,5,10,IVQ,ordinal,k4,4,wrong,cv_first,0.1,5,0.138889,0.028571428571428574,0.006714396622645919,23.54065934065934,0.10884695417220458,5,False,1365,0.02,raw,lora_intervention/experiments/linear_probing/results_probe50/Qwen2.5-3B-Instruct_5k_10u/probe_fits_wrong.json,
Qwen2.5-3B-Instruct,Qwen2.5,base,5,10,IVQ,ordinal,k4,4,wrong,cv_first,0.1,6,0.166667,0.02490842490842491,0.006302069792705221,23.536263736263738,0.10532478550005371,5,False,1365,0.02,raw,lora_intervention/experiments/linear_probing/results_probe50/Qwen2.5-3B-Instruct_5k_10u/probe_fits_wrong.json,
Qwen2.5-3B-Instruct,Qwen2.5,base,5,10,IVQ,ordinal,k4,4,wrong,cv_first,0.1,7,0.194444,0.03076923076923077,0.011721611721611722,23.357509157509156,0.10863398436434975,5,False,1365,0.02,raw,lora_intervention/experiments/linear_probing/results_probe50/Qwen2.5-3B-Instruct_5k_10u/probe_fits_wrong.json,
Qwen2.5-3B-Instruct,Qwen2.5,base,5,10,IVQ,ordinal,k4,4,wrong,cv_first,0.1,8,0.222222,0.03076923076923077,0.010514798603961413,23.412454212454215,0.10830116223051334,5,False,1365,0.02,raw,lora_intervention/experiments/linear_probing/results_probe50/Qwen2.5-3B-Instruct_5k_10u/probe_fits_wrong.json,
Qwen2.5-3B-Instruct,Qwen2.5,base,5,10,IVQ,ordinal,k4,4,wrong,cv_first,0.1,9,0.25,0.02783882783882784,0.00789035136576484,23.14871794871795,0.10790457365751704,5,False,1365,0.02,raw,lora_intervention/experiments/linear_probing/results_probe50/Qwen2.5-3B-Instruct_5k_10u/probe_fits_wrong.json,
Qwen2.5-3B-Instruct,Qwen2.5,base,5,10,IVQ,ordinal,k4,4,wrong,cv_first,0.1,10,0.277778,0.03076923076923077,0.010256410256410255,23.427106227106226,0.10682011293853699,5,False,1365,0.02,raw,lora_intervention/experiments/linear_probing/results_probe50/Qwen2.5-3B-Instruct_5k_10u/probe_fits_wrong.json,
Qwen2.5-3B-Instruct,Qwen2.5,base,5,10,IVQ,ordinal,k4,4,wrong,cv_first,0.1,11,0.305556,0.029304029304029304,0.0126890169052665,23.35091575091575,0.1077780370966871,5,False,1365,0.02,raw,lora_intervention/experiments/linear_probing/results_probe50/Qwen2.5-3B-Instruct_5k_10u/probe_fits_wrong.json,
Qwen2.5-3B-Instruct,Qwen2.5,base,5,10,IVQ,ordinal,k4,4,wrong,cv_first,0.1,12,0.333333,0.034432234432234435,0.008852048332303717,23.120879120879124,0.11233741725292545,5,False,1365,0.02,raw,lora_intervention/experiments/linear_probing/results_probe50/Qwen2.5-3B-Instruct_5k_10u/probe_fits_wrong.json,
Qwen2.5-3B-Instruct,Qwen2.5,base,5,10,IVQ,ordinal,k4,4,wrong,cv_first,0.1,13,0.361111,0.03076923076923077,0.008543519259846595,22.757509157509155,0.11254000846428822,5,False,1365,0.02,raw,lora_intervention/experiments/linear_probing/results_probe50/Qwen2.5-3B-Instruct_5k_10u/probe_fits_wrong.json,
Qwen2.5-3B-Instruct,Qwen2.5,base,5,10,IVQ,ordinal,k4,4,wrong,cv_first,0.1,14,0.388889,0.03223443223443224,0.009663667368698111,22.789010989010986,0.11333729980109097,5,False,1365,0.02,raw,lora_intervention/experiments/linear_probing/results_probe50/Qwen2.5-3B-Instruct_5k_10u/probe_fits_wrong.json,
Qwen2.5-3B-Instruct,Qwen2.5,base,5,10,IVQ,ordinal,k4,4,wrong,cv_first,0.1,15,0.416667,0.035164835164835165,0.006793859703659857,22.843956043956045,0.11616289907081367,5,False,1365,0.02,raw,lora_intervention/experiments/linear_probing/results_probe50/Qwen2.5-3B-Instruct_5k_10u/probe_fits_wrong.json,
Qwen2.5-3B-Instruct,Qwen2.5,base,5,10,IVQ,ordinal,k4,4,wrong,cv_first,0.1,16,0.444444,0.04322344322344322,0.014167823887043015,22.6996336996337,0.1215392355050714,5,False,1365,0.02,raw,lora_intervention/experiments/linear_probing/results_probe50/Qwen2.5-3B-Instruct_5k_10u/probe_fits_wrong.json,
Qwen2.5-3B-Instruct,Qwen2.5,base,5,10,IVQ,ordinal,k4,4,wrong,cv_first,0.1,17,0.472222,0.04029304029304029,0.012258754967532242,22.956776556776557,0.12010486400242582,5,False,1365,0.02,raw,lora_intervention/experiments/linear_probing/results_probe50/Qwen2.5-3B-Instruct_5k_10u/probe_fits_wrong.json,
Qwen2.5-3B-Instruct,Qwen2.5,base,5,10,IVQ,ordinal,k4,4,wrong,cv_first,0.1,18,0.5,0.041025641025641026,0.011443589268727699,22.695238095238096,0.12279729555434049,5,False,1365,0.02,raw,lora_intervention/experiments/linear_probing/results_probe50/Qwen2.5-3B-Instruct_5k_10u/probe_fits_wrong.json,
Qwen2.5-3B-Instruct,Qwen2.5,base,5,10,IVQ,ordinal,k4,4,wrong,cv_first,0.1,19,0.527778,0.03736263736263736,0.007822035349473486,22.737728937728935,0.12103717450101834,5,False,1365,0.02,raw,lora_intervention/experiments/linear_probing/results_probe50/Qwen2.5-3B-Instruct_5k_10u/probe_fits_wrong.json,
Qwen2.5-3B-Instruct,Qwen2.5,base,5,10,IVQ,ordinal,k4,4,wrong,cv_first,0.1,20,0.555556,0.038827838827838836,0.010766987880365618,22.62271062271062,0.12191843824788413,5,False,1365,0.02,raw,lora_intervention/experiments/linear_probing/results_probe50/Qwen2.5-3B-Instruct_5k_10u/probe_fits_wrong.json,
Qwen2.5-3B-Instruct,Qwen2.5,base,5,10,IVQ,ordinal,k4,4,wrong,cv_first,0.1,21,0.583333,0.0380952380952381,0.009438900166098994,22.923076923076923,0.11858902855197322,5,False,1365,0.02,raw,lora_intervention/experiments/linear_probing/results_probe50/Qwen2.5-3B-Instruct_5k_10u/probe_fits_wrong.json,
Qwen2.5-3B-Instruct,Qwen2.5,base,5,10,IVQ,ordinal,k4,4,wrong,cv_first,0.1,22,0.611111,0.041025641025641026,0.007822035349473486,22.282783882783882,0.12177978569944567,5,False,1365,0.02,raw,lora_intervention/experiments/linear_probing/results_probe50/Qwen2.5-3B-Instruct_5k_10u/probe_fits_wrong.json,
Qwen2.5-3B-Instruct,Qwen2.5,base,5,10,IVQ,ordinal,k4,4,wrong,cv_first,0.1,23,0.638889,0.13846153846153847,0.015085172367746525,14.224908424908426,0.2583883717463729,5,False,1365,0.02,raw,lora_intervention/experiments/linear_probing/results_probe50/Qwen2.5-3B-Instruct_5k_10u/probe_fits_wrong.json,
Qwen2.5-3B-Instruct,Qwen2.5,base,5,10,IVQ,ordinal,k4,4,wrong,cv_first,0.1,24,0.666667,0.11575091575091574,0.020538968159525543,15.106227106227106,0.2335230432386556,5,False,1365,0.02,raw,lora_intervention/experiments/linear_probing/results_probe50/Qwen2.5-3B-Instruct_5k_10u/probe_fits_wrong.json,
Qwen2.5-3B-Instruct,Qwen2.5,base,5,10,IVQ,ordinal,k4,4,wrong,cv_first,0.1,25,0.694444,0.12527472527472527,0.011675734395977454,14.008791208791209,0.25162596759941824,5,False,1365,0.02,raw,lora_intervention/experiments/linear_probing/results_probe50/Qwen2.5-3B-Instruct_5k_10u/probe_fits_wrong.json,
Qwen2.5-3B-Instruct,Qwen2.5,base,5,10,IVQ,ordinal,k4,4,wrong,cv_first,0.1,26,0.722222,0.1575091575091575,0.020460424972555225,11.797069597069598,0.29717805545574005,5,False,1365,0.02,raw,lora_intervention/experiments/linear_probing/results_probe50/Qwen2.5-3B-Instruct_5k_10u/probe_fits_wrong.json,
Qwen2.5-3B-Instruct,Qwen2.5,base,5,10,IVQ,ordinal,k4,4,wrong,cv_first,0.1,27,0.75,0.16703296703296705,0.006793859703659859,12.242490842490842,0.3042577368184484,5,False,1365,0.02,raw,lora_intervention/experiments/linear_probing/results_probe50/Qwen2.5-3B-Instruct_5k_10u/probe_fits_wrong.json,
Qwen2.5-3B-Instruct,Qwen2.5,base,5,10,IVQ,ordinal,k4,4,wrong,cv_first,0.1,28,0.777778,0.22051282051282053,0.016446845656149196,10.561172161172161,0.35436428065586684,5,False,1365,0.02,raw,lora_intervention/experiments/linear_probing/results_probe50/Qwen2.5-3B-Instruct_5k_10u/probe_fits_wrong.json,
Qwen2.5-3B-Instruct,Qwen2.5,base,5,10,IVQ,ordinal,k4,4,wrong,cv_first,0.1,29,0.805556,0.21831501831501834,0.018034481501965086,10.681318681318682,0.3553812102488503,5,False,1365,0.02,raw,lora_intervention/experiments/linear_probing/results_probe50/Qwen2.5-3B-Instruct_5k_10u/probe_fits_wrong.json,
Qwen2.5-3B-Instruct,Qwen2.5,base,5,10,IVQ,ordinal,k4,4,wrong,cv_first,0.1,30,0.833333,0.22710622710622713,0.013900121583157704,10.303296703296704,0.3620750677691865,5,False,1365,0.02,raw,lora_intervention/experiments/linear_probing/results_probe50/Qwen2.5-3B-Instruct_5k_10u/probe_fits_wrong.json,
Qwen2.5-3B-Instruct,Qwen2.5,base,5,10,IVQ,ordinal,k4,4,wrong,cv_first,0.1,31,0.861111,0.27985347985347986,0.012170877454825035,8.32967032967033,0.4252789594612819,5,False,1365,0.02,raw,lora_intervention/experiments/linear_probing/results_probe50/Qwen2.5-3B-Instruct_5k_10u/probe_fits_wrong.json,
Qwen2.5-3B-Instruct,Qwen2.5,base,5,10,IVQ,ordinal,k4,4,wrong,cv_first,0.1,32,0.888889,0.2637362637362638,0.012037858406706955,8.817582417582418,0.4078104807966734,5,False,1365,0.02,raw,lora_intervention/experiments/linear_probing/results_probe50/Qwen2.5-3B-Instruct_5k_10u/probe_fits_wrong.json,
Qwen2.5-3B-Instruct,Qwen2.5,base,5,10,IVQ,ordinal,k4,4,wrong,cv_first,0.1,33,0.916667,0.26227106227106234,0.022293222058172805,8.653479853479855,0.4107257932646992,5,False,1365,0.02,raw,lora_intervention/experiments/linear_probing/results_probe50/Qwen2.5-3B-Instruct_5k_10u/probe_fits_wrong.json,
Qwen2.5-3B-Instruct,Qwen2.5,base,5,10,IVQ,ordinal,k4,4,wrong,cv_first,0.1,34,0.944444,0.27765567765567767,0.012981718056168028,7.507692307692308,0.4317603737736449,5,False,1365,0.02,raw,lora_intervention/experiments/linear_probing/results_probe50/Qwen2.5-3B-Instruct_5k_10u/probe_fits_wrong.json,
Qwen2.5-3B-Instruct,Qwen2.5,base,5,10,IVQ,ordinal,k4,4,wrong,cv_first,0.1,35,0.972222,0.26373626373626374,0.014834034235396776,7.58901098901099,0.42149401733119146,5,False,1365,0.02,raw,lora_intervention/experiments/linear_probing/results_probe50/Qwen2.5-3B-Instruct_5k_10u/probe_fits_wrong.json,
Qwen2.5-3B-Instruct,Qwen2.5,base,5,10,IVQ,ordinal,k4,4,wrong,cv_first,0.1,36,1.0,0.27032967032967037,0.02102959720792283,7.295970695970697,0.43050253203475153,5,False,1365,0.02,raw,lora_intervention/experiments/linear_probing/results_probe50/Qwen2.5-3B-Instruct_5k_10u/probe_fits_wrong.json,
Qwen2.5-3B-Instruct,Qwen2.5,base,5,10,IVQ,ordinal,k4,4,wrong,cv_last,0.1,0,0.0,0.027106227106227104,0.0017944979800609369,22.967032967032967,0.10638962210073304,5,False,1365,0.02,raw,lora_intervention/experiments/linear_probing/results_probe50/Qwen2.5-3B-Instruct_5k_10u/probe_fits_wrong.json,
Qwen2.5-3B-Instruct,Qwen2.5,base,5,10,IVQ,ordinal,k4,4,wrong,cv_last,0.1,1,0.027778,0.05934065934065933,0.010717024789983733,20.53186813186813,0.15129502128824712,5,False,1365,0.02,raw,lora_intervention/experiments/linear_probing/results_probe50/Qwen2.5-3B-Instruct_5k_10u/probe_fits_wrong.json,
Qwen2.5-3B-Instruct,Qwen2.5,base,5,10,IVQ,ordinal,k4,4,wrong,cv_last,0.1,2,0.055556,0.08058608058608059,0.003276290076922769,18.610256410256408,0.17940880402328485,5,False,1365,0.02,raw,lora_intervention/experiments/linear_probing/results_probe50/Qwen2.5-3B-Instruct_5k_10u/probe_fits_wrong.json,
Qwen2.5-3B-Instruct,Qwen2.5,base,5,10,IVQ,ordinal,k4,4,wrong,cv_last,0.1,3,0.083333,0.08058608058608059,0.008025238937804633,18.443956043956042,0.18176461763945415,5,False,1365,0.02,raw,lora_intervention/experiments/linear_probing/results_probe50/Qwen2.5-3B-Instruct_5k_10u/probe_fits_wrong.json,
Qwen2.5-3B-Instruct,Qwen2.5,base,5,10,IVQ,ordinal,k4,4,wrong,cv_last,0.1,4,0.111111,0.06886446886446887,0.015262026854212202,19.052014652014652,0.16574938598080952,5,False,1365,0.02,raw,lora_intervention/experiments/linear_probing/results_probe50/Qwen2.5-3B-Instruct_5k_10u/probe_fits_wrong.json,
Qwen2.5-3B-Instruct,Qwen2.5,base,5,10,IVQ,ordinal,k4,4,wrong,cv_last,0.1,5,0.138889,0.05934065934065934,0.015436855315535151,19.295238095238094,0.15937076403157427,5,False,1365,0.02,raw,lora_intervention/experiments/linear_probing/results_probe50/Qwen2.5-3B-Instruct_5k_10u/probe_fits_wrong.json,
Qwen2.5-3B-Instruct,Qwen2.5,base,5,10,IVQ,ordinal,k4,4,wrong,cv_last,0.1,6,0.166667,0.05934065934065934,0.015949846928261718,19.61098901098901,0.15727448252899748,5,False,1365,0.02,raw,lora_intervention/experiments/linear_probing/results_probe50/Qwen2.5-3B-Instruct_5k_10u/probe_fits_wrong.json,
Qwen2.5-3B-Instruct,Qwen2.5,base,5,10,IVQ,ordinal,k4,4,wrong,cv_last,0.1,7,0.194444,0.06153846153846154,0.007471090862407013,19.98974358974359,0.15585430137411,5,False,1365,0.02,raw,lora_intervention/experiments/linear_probing/results_probe50/Qwen2.5-3B-Instruct_5k_10u/probe_fits_wrong.json,
Qwen2.5-3B-Instruct,Qwen2.5,base,5,10,IVQ,ordinal,k4,4,wrong,cv_last,0.1,8,0.222222,0.06153846153846154,0.010203947455812542,20.23809523809524,0.15294355860964937,5,False,1365,0.02,raw,lora_intervention/experiments/linear_probing/results_probe50/Qwen2.5-3B-Instruct_5k_10u/probe_fits_wrong.json,
Qwen2.5-3B-Instruct,Qwen2.5,base,5,10,IVQ,ordinal,k4,4,wrong,cv_last,0.1,9,0.25,0.05787545787545788,0.008480466595450714,21.104761904761904,0.14303063793025947,5,False,1365,0.02,raw,lora_intervention/experiments/linear_probing/results_probe50/Qwen2.5-3B-Instruct_5k_10u/probe_fits_wrong.json,
Qwen2.5-3B-Instruct,Qwen2.5,base,5,10,IVQ,ordinal,k4,4,wrong,cv_last,0.1,10,0.277778,0.05054945054945055,0.009091336004388906,21.093772893772893,0.14078243450164632,5,False,1365,0.02,raw,lora_intervention/experiments/linear_probing/results_probe50/Qwen2.5-3B-Instruct_5k_10u/probe_fits_wrong.json,
Qwen2.5-3B-Instruct,Qwen2.5,base,5,10,IVQ,ordinal,k4,4,wrong,cv_last,0.1,11,0.305556,0.05128205128205128,0.011583434652631426,21.309157509157508,0.1400362553150745,5,False,1365,0.02,raw,lora_intervention/experiments/linear_probing/results_probe50/Qwen2.5-3B-Instruct_5k_10u/probe_fits_wrong.json,
Qwen2.5-3B-Instruct,Qwen2.5,base,5,10,IVQ,ordinal,k4,4,wrong,cv_last,0.1,12,0.333333,0.04761904761904762,0.004012619468902314,21.5985347985348,0.1360147631570828,5,False,1365,0.02,raw,lora_intervention/experiments/linear_probing/results_probe50/Qwen2.5-3B-Instruct_5k_10u/probe_fits_wrong.json,
Qwen2.5-3B-Instruct,Qwen2.5,base,5,10,IVQ,ordinal,k4,4,wrong,cv_last,0.1,13,0.361111,0.0380952380952381,0.009991341902553741,21.954578754578755,0.1285063742388836,5,False,1365,0.02,raw,lora_intervention/experiments/linear_probing/results_probe50/Qwen2.5-3B-Instruct_5k_10u/probe_fits_wrong.json,
Qwen2.5-3B-Instruct,Qwen2.5,base,5,10,IVQ,ordinal,k4,4,wrong,cv_last,0.1,14,0.388889,0.039560439560439566,0.007102827629914034,22.145054945054945,0.12630214432337464,5,False,1365,0.02,raw,lora_intervention/experiments/linear_probing/results_probe50/Qwen2.5-3B-Instruct_5k_10u/probe_fits_wrong.json,
Qwen2.5-3B-Instruct,Qwen2.5,base,5,10,IVQ,ordinal,k4,4,wrong,cv_last,0.1,15,0.416667,0.03956043956043956,0.014725092485158813,22.38241758241758,0.12373976525292214,5,False,1365,0.02,raw,lora_intervention/experiments/linear_probing/results_probe50/Qwen2.5-3B-Instruct_5k_10u/probe_fits_wrong.json,
Qwen2.5-3B-Instruct,Qwen2.5,base,5,10,IVQ,ordinal,k4,4,wrong,cv_last,0.1,16,0.444444,0.041025641025641026,0.00630206979270522,22.513553113553115,0.12281005092138417,5,False,1365,0.02,raw,lora_intervention/experiments/linear_probing/results_probe50/Qwen2.5-3B-Instruct_5k_10u/probe_fits_wrong.json,
Qwen2.5-3B-Instruct,Qwen2.5,base,5,10,IVQ,ordinal,k4,4,wrong,cv_last,0.1,17,0.472222,0.04029304029304029,0.010360538918484211,22.60732600732601,0.12301470721991747,5,False,1365,0.02,raw,lora_intervention/experiments/linear_probing/results_probe50/Qwen2.5-3B-Instruct_5k_10u/probe_fits_wrong.json,
Qwen2.5-3B-Instruct,Qwen2.5,base,5,10,IVQ,ordinal,k4,4,wrong,cv_last,0.1,18,0.5,0.04249084249084249,0.008852048332303715,22.88791208791209,0.12215652360852251,5,False,1365,0.02,raw,lora_intervention/experiments/linear_probing/results_probe50/Qwen2.5-3B-Instruct_5k_10u/probe_fits_wrong.json,
Qwen2.5-3B-Instruct,Qwen2.5,base,5,10,IVQ,ordinal,k4,4,wrong,cv_last,0.1,19,0.527778,0.03736263736263736,0.014541709334270483,23.276190476190475,0.11598161523403205,5,False,1365,0.02,raw,lora_intervention/experiments/linear_probing/results_probe50/Qwen2.5-3B-Instruct_5k_10u/probe_fits_wrong.json,
Qwen2.5-3B-Instruct,Qwen2.5,base,5,10,IVQ,ordinal,k4,4,wrong,cv_last,0.1,20,0.555556,0.03223443223443224,0.007102827629914036,23.08717948717949,0.11322235660736804,5,False,1365,0.02,raw,lora_intervention/experiments/linear_probing/results_probe50/Qwen2.5-3B-Instruct_5k_10u/probe_fits_wrong.json,
Qwen2.5-3B-Instruct,Qwen2.5,base,5,10,IVQ,ordinal,k4,4,wrong,cv_last,0.1,21,0.583333,0.024175824175824173,0.004968739914377485,23.644688644688642,0.10001434903373474,5,False,1365,0.02,raw,lora_intervention/experiments/linear_probing/results_probe50/Qwen2.5-3B-Instruct_5k_10u/probe_fits_wrong.json,
Qwen2.5-3B-Instruct,Qwen2.5,base,5,10,IVQ,ordinal,k4,4,wrong,cv_last,0.1,22,0.611111,0.021978021978021976,0.007683581305275835,23.875457875457876,0.09735656664274102,5,False,1365,0.02,raw,lora_intervention/experiments/linear_probing/results_probe50/Qwen2.5-3B-Instruct_5k_10u/probe_fits_wrong.json,
Qwen2.5-3B-Instruct,Qwen2.5,base,5,10,IVQ,ordinal,k4,4,wrong,cv_last,0.1,23,0.638889,0.02564102564102564,0.010616393220651603,24.23736263736264,0.09887587318214328,5,False,1365,0.02,raw,lora_intervention/experiments/linear_probing/results_probe50/Qwen2.5-3B-Instruct_5k_10u/probe_fits_wrong.json,
Qwen2.5-3B-Instruct,Qwen2.5,base,5,10,IVQ,ordinal,k4,4,wrong,cv_last,0.1,24,0.666667,0.024175824175824177,0.01342879324529184,24.603663003663,0.0968318852124542,5,False,1365,0.02,raw,lora_intervention/experiments/linear_probing/results_probe50/Qwen2.5-3B-Instruct_5k_10u/probe_fits_wrong.json,
Qwen2.5-3B-Instruct,Qwen2.5,base,5,10,IVQ,ordinal,k4,4,wrong,cv_last,0.1,25,0.694444,0.01391941391941392,0.004859523502352235,24.81978021978022,0.08684402702597578,5,False,1365,0.02,raw,lora_intervention/experiments/linear_probing/results_probe50/Qwen2.5-3B-Instruct_5k_10u/probe_fits_wrong.json,
Qwen2.5-3B-Instruct,Qwen2.5,base,5,10,IVQ,ordinal,k4,4,wrong,cv_last,0.1,26,0.722222,0.020512820512820513,0.00789035136576484,24.79267399267399,0.09413939318254959,5,False,1365,0.02,raw,lora_intervention/experiments/linear_probing/results_probe50/Qwen2.5-3B-Instruct_5k_10u/probe_fits_wrong.json,
Qwen2.5-3B-Instruct,Qwen2.5,base,5,10,IVQ,ordinal,k4,4,wrong,cv_last,0.1,27,0.75,0.018315018315018316,0.009551944916047838,25.310622710622713,0.09329280442453391,5,False,1365,0.02,raw,lora_intervention/experiments/linear_probing/results_probe50/Qwen2.5-3B-Instruct_5k_10u/probe_fits_wrong.json,
Qwen2.5-3B-Instruct,Qwen2.5,base,5,10,IVQ,ordinal,k4,4,wrong,cv_last,0.1,28,0.777778,0.022710622710622713,0.005860805860805861,25.429304029304028,0.09486469322476303,5,False,1365,0.02,raw,lora_intervention/experiments/linear_probing/results_probe50/Qwen2.5-3B-Instruct_5k_10u/probe_fits_wrong.json,
Qwen2.5-3B-Instruct,Qwen2.5,base,5,10,IVQ,ordinal,k4,4,wrong,cv_last,0.1,29,0.805556,0.03223443223443224,0.007471090862407011,25.32087912087912,0.10318642207345614,5,False,1365,0.02,raw,lora_intervention/experiments/linear_probing/results_probe50/Qwen2.5-3B-Instruct_5k_10u/probe_fits_wrong.json,
Qwen2.5-3B-Instruct,Qwen2.5,base,5,10,IVQ,ordinal,k4,4,wrong,cv_last,0.1,30,0.833333,0.0315018315018315,0.005482281885383066,25.0989010989011,0.10447918088593992,5,False,1365,0.02,raw,lora_intervention/experiments/linear_probing/results_probe50/Qwen2.5-3B-Instruct_5k_10u/probe_fits_wrong.json,
Qwen2.5-3B-Instruct,Qwen2.5,base,5,10,IVQ,ordinal,k4,4,wrong,cv_last,0.1,31,0.861111,0.0358974358974359,0.0058608058608058625,24.31721611721612,0.11117730293354611,5,False,1365,0.02,raw,lora_intervention/experiments/linear_probing/results_probe50/Qwen2.5-3B-Instruct_5k_10u/probe_fits_wrong.json,
Qwen2.5-3B-Instruct,Qwen2.5,base,5,10,IVQ,ordinal,k4,4,wrong,cv_last,0.1,32,0.888889,0.04542124542124542,0.005482281885383062,21.710622710622708,0.13532116582535048,5,False,1365,0.02,raw,lora_intervention/experiments/linear_probing/results_probe50/Qwen2.5-3B-Instruct_5k_10u/probe_fits_wrong.json,
Qwen2.5-3B-Instruct,Qwen2.5,base,5,10,IVQ,ordinal,k4,4,wrong,cv_last,0.1,33,0.916667,0.03882783882783883,0.004968739914377484,20.9970695970696,0.131527170709281,5,False,1365,0.02,raw,lora_intervention/experiments/linear_probing/results_probe50/Qwen2.5-3B-Instruct_5k_10u/probe_fits_wrong.json,
Qwen2.5-3B-Instruct,Qwen2.5,base,5,10,IVQ,ordinal,k4,4,wrong,cv_last,0.1,34,0.944444,0.03736263736263737,0.01046363139713238,19.560439560439562,0.1378989489292904,5,False,1365,0.02,raw,lora_intervention/experiments/linear_probing/results_probe50/Qwen2.5-3B-Instruct_5k_10u/probe_fits_wrong.json,
Qwen2.5-3B-Instruct,Qwen2.5,base,5,10,IVQ,ordinal,k4,4,wrong,cv_last,0.1,35,0.972222,0.041025641025641026,0.009381867014553624,18.992673992673993,0.14384141674901565,5,False,1365,0.02,raw,lora_intervention/experiments/linear_probing/results_probe50/Qwen2.5-3B-Instruct_5k_10u/probe_fits_wrong.json,
Qwen2.5-3B-Instruct,Qwen2.5,base,5,10,IVQ,ordinal,k4,4,wrong,cv_last,0.1,36,1.0,0.046153846153846156,0.008543519259846593,18.47765567765568,0.15072919146329733,5,False,1365,0.02,raw,lora_intervention/experiments/linear_probing/results_probe50/Qwen2.5-3B-Instruct_5k_10u/probe_fits_wrong.json,
Qwen2.5-3B-Instruct,Qwen2.5,base,5,10,IVQ,ordinal,k4,4,wrong,expected,0.1,0,0.0,0.03223443223443224,0.0014652014652014656,22.267399267399266,0.11712586154009734,5,False,1365,0.02,raw,lora_intervention/experiments/linear_probing/results_probe50/Qwen2.5-3B-Instruct_5k_10u/probe_fits_wrong.json,
Qwen2.5-3B-Instruct,Qwen2.5,base,5,10,IVQ,ordinal,k4,4,wrong,expected,0.1,1,0.027778,0.02417582417582418,0.007177991920243746,23.71941391941392,0.10222706815944996,5,False,1365,0.02,raw,lora_intervention/experiments/linear_probing/results_probe50/Qwen2.5-3B-Instruct_5k_10u/probe_fits_wrong.json,
Qwen2.5-3B-Instruct,Qwen2.5,base,5,10,IVQ,ordinal,k4,4,wrong,expected,0.1,2,0.055556,0.024175824175824177,0.004968739914377485,23.761172161172162,0.10085174695097461,5,False,1365,0.02,raw,lora_intervention/experiments/linear_probing/results_probe50/Qwen2.5-3B-Instruct_5k_10u/probe_fits_wrong.json,
Qwen2.5-3B-Instruct,Qwen2.5,base,5,10,IVQ,ordinal,k4,4,wrong,expected,0.1,3,0.083333,0.02417582417582418,0.008852048332303715,24.044688644688645,0.10099504143620656,5,False,1365,0.02,raw,lora_intervention/experiments/linear_probing/results_probe50/Qwen2.5-3B-Instruct_5k_10u/probe_fits_wrong.json,
Qwen2.5-3B-Instruct,Qwen2.5,base,5,10,IVQ,ordinal,k4,4,wrong,expected,0.1,4,0.111111,0.0293040293040293,0.01733649753289265,24.065201465201465,0.10547726220567269,5,False,1365,0.02,raw,lora_intervention/experiments/linear_probing/results_probe50/Qwen2.5-3B-Instruct_5k_10u/probe_fits_wrong.json,
Qwen2.5-3B-Instruct,Qwen2.5,base,5,10,IVQ,ordinal,k4,4,wrong,expected,0.1,5,0.138889,0.018315018315018312,0.006552580153845537,24.11135531135531,0.09832807958074122,5,False,1365,0.02,raw,lora_intervention/experiments/linear_probing/results_probe50/Qwen2.5-3B-Instruct_5k_10u/probe_fits_wrong.json,
Qwen2.5-3B-Instruct,Qwen2.5,base,5,10,IVQ,ordinal,k4,4,wrong,expected,0.1,6,0.166667,0.02344322344322344,0.011254426004203089,24.00512820512821,0.10292132910793099,5,False,1365,0.02,raw,lora_intervention/experiments/linear_probing/results_probe50/Qwen2.5-3B-Instruct_5k_10u/probe_fits_wrong.json,
Qwen2.5-3B-Instruct,Qwen2.5,base,5,10,IVQ,ordinal,k4,4,wrong,expected,0.1,7,0.194444,0.02197802197802198,0.008972489900304682,24.24615384615385,0.10118411515017482,5,False,1365,0.02,raw,lora_intervention/experiments/linear_probing/results_probe50/Qwen2.5-3B-Instruct_5k_10u/probe_fits_wrong.json,
Qwen2.5-3B-Instruct,Qwen2.5,base,5,10,IVQ,ordinal,k4,4,wrong,expected,0.1,8,0.222222,0.021245421245421246,0.008791208791208791,24.62197802197802,0.09734598998200923,5,False,1365,0.02,raw,lora_intervention/experiments/linear_probing/results_probe50/Qwen2.5-3B-Instruct_5k_10u/probe_fits_wrong.json,
Qwen2.5-3B-Instruct,Qwen2.5,base,5,10,IVQ,ordinal,k4,4,wrong,expected,0.1,9,0.25,0.023443223443223447,0.007177991920243746,24.437362637362636,0.10103829999111846,5,False,1365,0.02,raw,lora_intervention/experiments/linear_probing/results_probe50/Qwen2.5-3B-Instruct_5k_10u/probe_fits_wrong.json,
Qwen2.5-3B-Instruct,Qwen2.5,base,5,10,IVQ,ordinal,k4,4,wrong,expected,0.1,10,0.277778,0.02197802197802198,0.005674700873563981,24.566300366300368,0.0994100165367475,5,False,1365,0.02,raw,lora_intervention/experiments/linear_probing/results_probe50/Qwen2.5-3B-Instruct_5k_10u/probe_fits_wrong.json,
Qwen2.5-3B-Instruct,Qwen2.5,base,5,10,IVQ,ordinal,k4,4,wrong,expected,0.1,11,0.305556,0.018315018315018316,0.007326007326007326,24.39194139194139,0.09713640972754052,5,False,1365,0.02,raw,lora_intervention/experiments/linear_probing/results_probe50/Qwen2.5-3B-Instruct_5k_10u/probe_fits_wrong.json,
Qwen2.5-3B-Instruct,Qwen2.5,base,5,10,IVQ,ordinal,k4,4,wrong,expected,0.1,12,0.333333,0.02197802197802198,0.00926674772210514,24.131135531135534,0.0989589439550946,5,False,1365,0.02,raw,lora_intervention/experiments/linear_probing/results_probe50/Qwen2.5-3B-Instruct_5k_10u/probe_fits_wrong.json,
Qwen2.5-3B-Instruct,Qwen2.5,base,5,10,IVQ,ordinal,k4,4,wrong,expected,0.1,13,0.361111,0.024175824175824173,0.007542586183873261,24.465201465201467,0.10009923561031542,5,False,1365,0.02,raw,lora_intervention/experiments/linear_probing/results_probe50/Qwen2.5-3B-Instruct_5k_10u/probe_fits_wrong.json,
Qwen2.5-3B-Instruct,Qwen2.5,base,5,10,IVQ,ordinal,k4,4,wrong,expected,0.1,14,0.388889,0.02564102564102564,0.0023166869305262846,24.57948717948718,0.09912868006256127,5,False,1365,0.02,raw,lora_intervention/experiments/linear_probing/results_probe50/Qwen2.5-3B-Instruct_5k_10u/probe_fits_wrong.json,
Qwen2.5-3B-Instruct,Qwen2.5,base,5,10,IVQ,ordinal,k4,4,wrong,expected,0.1,15,0.416667,0.02490842490842491,0.007471090862407011,24.724542124542126,0.09577044777149882,5,False,1365,0.02,raw,lora_intervention/experiments/linear_probing/results_probe50/Qwen2.5-3B-Instruct_5k_10u/probe_fits_wrong.json,
Qwen2.5-3B-Instruct,Qwen2.5,base,5,10,IVQ,ordinal,k4,4,wrong,expected,0.1,16,0.444444,0.017582417582417582,0.007822035349473488,24.75824175824176,0.09338292531772856,5,False,1365,0.02,raw,lora_intervention/experiments/linear_probing/results_probe50/Qwen2.5-3B-Instruct_5k_10u/probe_fits_wrong.json,
Qwen2.5-3B-Instruct,Qwen2.5,base,5,10,IVQ,ordinal,k4,4,wrong,expected,0.1,17,0.472222,0.02417582417582418,0.015471583942815293,24.62271062271062,0.09779411048927582,5,False,1365,0.02,raw,lora_intervention/experiments/linear_probing/results_probe50/Qwen2.5-3B-Instruct_5k_10u/probe_fits_wrong.json,
Qwen2.5-3B-Instruct,Qwen2.5,base,5,10,IVQ,ordinal,k4,4,wrong,expected,0.1,18,0.5,0.020512820512820513,0.01051479860396141,24.397069597069596,0.09639262221013366,5,False,1365,0.02,raw,lora_intervention/experiments/linear_probing/results_probe50/Qwen2.5-3B-Instruct_5k_10u/probe_fits_wrong.json,
Qwen2.5-3B-Instruct,Qwen2.5,base,5,10,IVQ,ordinal,k4,4,wrong,expected,0.1,19,0.527778,0.02783882783882784,0.007177991920243745,24.36923076923077,0.0981495897986824,5,False,1365,0.02,raw,lora_intervention/experiments/linear_probing/results_probe50/Qwen2.5-3B-Instruct_5k_10u/probe_fits_wrong.json,
Qwen2.5-3B-Instruct,Qwen2.5,base,5,10,IVQ,ordinal,k4,4,wrong,expected,0.1,20,0.555556,0.022710622710622713,0.0027411409426915316,24.550183150183152,0.09639895648029458,5,False,1365,0.02,raw,lora_intervention/experiments/linear_probing/results_probe50/Qwen2.5-3B-Instruct_5k_10u/probe_fits_wrong.json,
Qwen2.5-3B-Instruct,Qwen2.5,base,5,10,IVQ,ordinal,k4,4,wrong,expected,0.1,21,0.583333,0.0293040293040293,0.010360538918484211,24.314285714285717,0.10452382598269334,5,False,1365,0.02,raw,lora_intervention/experiments/linear_probing/results_probe50/Qwen2.5-3B-Instruct_5k_10u/probe_fits_wrong.json,
Qwen2.5-3B-Instruct,Qwen2.5,base,5,10,IVQ,ordinal,k4,4,wrong,expected,0.1,22,0.611111,0.029304029304029304,0.0051802694592421065,24.0007326007326,0.10537054950015619,5,False,1365,0.02,raw,lora_intervention/experiments/linear_probing/results_probe50/Qwen2.5-3B-Instruct_5k_10u/probe_fits_wrong.json,
Qwen2.5-3B-Instruct,Qwen2.5,base,5,10,IVQ,ordinal,k4,4,wrong,expected,0.1,23,0.638889,0.0315018315018315,0.0043956043956043965,23.537728937728936,0.10865577112426968,5,False,1365,0.02,raw,lora_intervention/experiments/linear_probing/results_probe50/Qwen2.5-3B-Instruct_5k_10u/probe_fits_wrong.json,
Qwen2.5-3B-Instruct,Qwen2.5,base,5,10,IVQ,ordinal,k4,4,wrong,expected,0.1,24,0.666667,0.02417582417582418,0.004968739914377485,23.876190476190477,0.1012396674582586,5,False,1365,0.02,raw,lora_intervention/experiments/linear_probing/results_probe50/Qwen2.5-3B-Instruct_5k_10u/probe_fits_wrong.json,
Qwen2.5-3B-Instruct,Qwen2.5,base,5,10,IVQ,ordinal,k4,4,wrong,expected,0.1,25,0.694444,0.023443223443223443,0.004968739914377485,23.706227106227107,0.10264559230478669,5,False,1365,0.02,raw,lora_intervention/experiments/linear_probing/results_probe50/Qwen2.5-3B-Instruct_5k_10u/probe_fits_wrong.json,
Qwen2.5-3B-Instruct,Qwen2.5,base,5,10,IVQ,ordinal,k4,4,wrong,expected,0.1,26,0.722222,0.02271062271062271,0.009937479828754972,23.920879120879118,0.09813426384475982,5,False,1365,0.02,raw,lora_intervention/experiments/linear_probing/results_probe50/Qwen2.5-3B-Instruct_5k_10u/probe_fits_wrong.json,
Qwen2.5-3B-Instruct,Qwen2.5,base,5,10,IVQ,ordinal,k4,4,wrong,expected,0.1,27,0.75,0.025641025641025644,0.007683581305275836,23.78388278388278,0.10054715125067411,5,False,1365,0.02,raw,lora_intervention/experiments/linear_probing/results_probe50/Qwen2.5-3B-Instruct_5k_10u/probe_fits_wrong.json,
Qwen2.5-3B-Instruct,Qwen2.5,base,5,10,IVQ,ordinal,k4,4,wrong,expected,0.1,28,0.777778,0.03296703296703297,0.0040126194689023165,22.243956043956043,0.11789573378197486,5,False,1365,0.02,raw,lora_intervention/experiments/linear_probing/results_probe50/Qwen2.5-3B-Instruct_5k_10u/probe_fits_wrong.json,
Qwen2.5-3B-Instruct,Qwen2.5,base,5,10,IVQ,ordinal,k4,4,wrong,expected,0.1,29,0.805556,0.046153846153846156,0.010256410256410256,20.73772893772894,0.1366628019176603,5,False,1365,0.02,raw,lora_intervention/experiments/linear_probing/results_probe50/Qwen2.5-3B-Instruct_5k_10u/probe_fits_wrong.json,
Qwen2.5-3B-Instruct,Qwen2.5,base,5,10,IVQ,ordinal,k4,4,wrong,expected,0.1,30,0.833333,0.05201465201465202,0.012981718056168021,19.791208791208792,0.14756694677242393,5,False,1365,0.02,raw,lora_intervention/experiments/linear_probing/results_probe50/Qwen2.5-3B-Instruct_5k_10u/probe_fits_wrong.json,
Qwen2.5-3B-Instruct,Qwen2.5,base,5,10,IVQ,ordinal,k4,4,wrong,expected,0.1,31,0.861111,0.06153846153846154,0.007471090862407013,17.67399267399267,0.16699793442136607,5,False,1365,0.02,raw,lora_intervention/experiments/linear_probing/results_probe50/Qwen2.5-3B-Instruct_5k_10u/probe_fits_wrong.json,
Qwen2.5-3B-Instruct,Qwen2.5,base,5,10,IVQ,ordinal,k4,4,wrong,expected,0.1,32,0.888889,0.07472527472527472,0.015120708747655892,15.54065934065934,0.19114344915863496,5,False,1365,0.02,raw,lora_intervention/experiments/linear_probing/results_probe50/Qwen2.5-3B-Instruct_5k_10u/probe_fits_wrong.json,
Qwen2.5-3B-Instruct,Qwen2.5,base,5,10,IVQ,ordinal,k4,4,wrong,expected,0.1,33,0.916667,0.12967032967032968,0.021558884937087422,10.028571428571428,0.28656746847059766,5,False,1365,0.02,raw,lora_intervention/experiments/linear_probing/results_probe50/Qwen2.5-3B-Instruct_5k_10u/probe_fits_wrong.json,
Qwen2.5-3B-Instruct,Qwen2.5,base,5,10,IVQ,ordinal,k4,4,wrong,expected,0.1,34,0.944444,0.14358974358974358,0.011903352973825587,8.838095238095239,0.30991636266116884,5,False,1365,0.02,raw,lora_intervention/experiments/linear_probing/results_probe50/Qwen2.5-3B-Instruct_5k_10u/probe_fits_wrong.json,
Qwen2.5-3B-Instruct,Qwen2.5,base,5,10,IVQ,ordinal,k4,4,wrong,expected,0.1,35,0.972222,0.1413919413919414,0.019047619047619053,8.56043956043956,0.31125609169004526,5,False,1365,0.02,raw,lora_intervention/experiments/linear_probing/results_probe50/Qwen2.5-3B-Instruct_5k_10u/probe_fits_wrong.json,
Qwen2.5-3B-Instruct,Qwen2.5,base,5,10,IVQ,ordinal,k4,4,wrong,expected,0.1,36,1.0,0.1413919413919414,0.018182672008777812,8.0996336996337,0.3192849421681953,5,False,1365,0.02,raw,lora_intervention/experiments/linear_probing/results_probe50/Qwen2.5-3B-Instruct_5k_10u/probe_fits_wrong.json,
Qwen2.5-3B-Instruct,Qwen2.5,base,5,10,IVQ,ordinal,k4,4,wrong,shuffled,0.1,0,0.0,0.03223443223443223,0.0014652014652014654,22.268864468864468,0.1170653360922463,5,False,1365,0.02,raw,lora_intervention/experiments/linear_probing/results_probe50/Qwen2.5-3B-Instruct_5k_10u/probe_fits_wrong.json,
Qwen2.5-3B-Instruct,Qwen2.5,base,5,10,IVQ,ordinal,k4,4,wrong,shuffled,0.1,1,0.027778,0.0315018315018315,0.0071779919202437465,23.780219780219777,0.10634610094046318,5,False,1365,0.02,raw,lora_intervention/experiments/linear_probing/results_probe50/Qwen2.5-3B-Instruct_5k_10u/probe_fits_wrong.json,
Qwen2.5-3B-Instruct,Qwen2.5,base,5,10,IVQ,ordinal,k4,4,wrong,shuffled,0.1,2,0.055556,0.02490842490842491,0.005383493940182809,23.97435897435897,0.1024414424604577,5,False,1365,0.02,raw,lora_intervention/experiments/linear_probing/results_probe50/Qwen2.5-3B-Instruct_5k_10u/probe_fits_wrong.json,
Qwen2.5-3B-Instruct,Qwen2.5,base,5,10,IVQ,ordinal,k4,4,wrong,shuffled,0.1,3,0.083333,0.02490842490842491,0.0027411409426915316,23.974358974358974,0.10078621368083907,5,False,1365,0.02,raw,lora_intervention/experiments/linear_probing/results_probe50/Qwen2.5-3B-Instruct_5k_10u/probe_fits_wrong.json,
Qwen2.5-3B-Instruct,Qwen2.5,base,5,10,IVQ,ordinal,k4,4,wrong,shuffled,0.1,4,0.111111,0.027838827838827834,0.0029304029304029313,23.942857142857143,0.1018136771294565,5,False,1365,0.02,raw,lora_intervention/experiments/linear_probing/results_probe50/Qwen2.5-3B-Instruct_5k_10u/probe_fits_wrong.json,
Qwen2.5-3B-Instruct,Qwen2.5,base,5,10,IVQ,ordinal,k4,4,wrong,shuffled,0.1,5,0.138889,0.02783882783882784,0.002930402930402931,24.234432234432234,0.10118288062918131,5,False,1365,0.02,raw,lora_intervention/experiments/linear_probing/results_probe50/Qwen2.5-3B-Instruct_5k_10u/probe_fits_wrong.json,
Qwen2.5-3B-Instruct,Qwen2.5,base,5,10,IVQ,ordinal,k4,4,wrong,shuffled,0.1,6,0.166667,0.022710622710622713,0.0027411409426915316,24.208058608058607,0.09859395812911706,5,False,1365,0.02,raw,lora_intervention/experiments/linear_probing/results_probe50/Qwen2.5-3B-Instruct_5k_10u/probe_fits_wrong.json,
Qwen2.5-3B-Instruct,Qwen2.5,base,5,10,IVQ,ordinal,k4,4,wrong,shuffled,0.1,7,0.194444,0.02417582417582418,0.0063866651187409135,24.048351648351648,0.09842884619624456,5,False,1365,0.02,raw,lora_intervention/experiments/linear_probing/results_probe50/Qwen2.5-3B-Instruct_5k_10u/probe_fits_wrong.json,
Qwen2.5-3B-Instruct,Qwen2.5,base,5,10,IVQ,ordinal,k4,4,wrong,shuffled,0.1,8,0.222222,0.02783882783882784,0.00971904700470447,23.995604395604396,0.1016144255581416,5,False,1365,0.02,raw,lora_intervention/experiments/linear_probing/results_probe50/Qwen2.5-3B-Instruct_5k_10u/probe_fits_wrong.json,
Qwen2.5-3B-Instruct,Qwen2.5,base,5,10,IVQ,ordinal,k4,4,wrong,shuffled,0.1,9,0.25,0.021978021978021976,0.0069500607915788555,24.30989010989011,0.09635272049437554,5,False,1365,0.02,raw,lora_intervention/experiments/linear_probing/results_probe50/Qwen2.5-3B-Instruct_5k_10u/probe_fits_wrong.json,
Qwen2.5-3B-Instruct,Qwen2.5,base,5,10,IVQ,ordinal,k4,4,wrong,shuffled,0.1,10,0.277778,0.021978021978021976,0.008352933517209801,24.408058608058607,0.09457737198679525,5,False,1365,0.02,raw,lora_intervention/experiments/linear_probing/results_probe50/Qwen2.5-3B-Instruct_5k_10u/probe_fits_wrong.json,
Qwen2.5-3B-Instruct,Qwen2.5,base,5,10,IVQ,ordinal,k4,4,wrong,shuffled,0.1,11,0.305556,0.02783882783882784,0.00789035136576484,24.3025641025641,0.10091873027331841,5,False,1365,0.02,raw,lora_intervention/experiments/linear_probing/results_probe50/Qwen2.5-3B-Instruct_5k_10u/probe_fits_wrong.json,
Qwen2.5-3B-Instruct,Qwen2.5,base,5,10,IVQ,ordinal,k4,4,wrong,shuffled,0.1,12,0.333333,0.02490842490842491,0.009937479828754972,23.978021978021975,0.09944464955198723,5,False,1365,0.02,raw,lora_intervention/experiments/linear_probing/results_probe50/Qwen2.5-3B-Instruct_5k_10u/probe_fits_wrong.json,
Qwen2.5-3B-Instruct,Qwen2.5,base,5,10,IVQ,ordinal,k4,4,wrong,shuffled,0.1,13,0.361111,0.033699633699633705,0.009381867014553624,23.771428571428572,0.10652943247206859,5,False,1365,0.02,raw,lora_intervention/experiments/linear_probing/results_probe50/Qwen2.5-3B-Instruct_5k_10u/probe_fits_wrong.json,
Qwen2.5-3B-Instruct,Qwen2.5,base,5,10,IVQ,ordinal,k4,4,wrong,shuffled,0.1,14,0.388889,0.02490842490842491,0.004271759629923297,23.89230769230769,0.1007069131620967,5,False,1365,0.02,raw,lora_intervention/experiments/linear_probing/results_probe50/Qwen2.5-3B-Instruct_5k_10u/probe_fits_wrong.json,
Qwen2.5-3B-Instruct,Qwen2.5,base,5,10,IVQ,ordinal,k4,4,wrong,shuffled,0.1,15,0.416667,0.035164835164835165,0.008223422828074598,23.771428571428572,0.10849947295183848,5,False,1365,0.02,raw,lora_intervention/experiments/linear_probing/results_probe50/Qwen2.5-3B-Instruct_5k_10u/probe_fits_wrong.json,
Qwen2.5-3B-Instruct,Qwen2.5,base,5,10,IVQ,ordinal,k4,4,wrong,shuffled,0.1,16,0.444444,0.03223443223443223,0.004271759629923298,23.936996336996337,0.10546020140635474,5,False,1365,0.02,raw,lora_intervention/experiments/linear_probing/results_probe50/Qwen2.5-3B-Instruct_5k_10u/probe_fits_wrong.json,
Qwen2.5-3B-Instruct,Qwen2.5,base,5,10,IVQ,ordinal,k4,4,wrong,shuffled,0.1,17,0.472222,0.030769230769230764,0.005482281885383066,24.012454212454212,0.10578615408087033,5,False,1365,0.02,raw,lora_intervention/experiments/linear_probing/results_probe50/Qwen2.5-3B-Instruct_5k_10u/probe_fits_wrong.json,
Qwen2.5-3B-Instruct,Qwen2.5,base,5,10,IVQ,ordinal,k4,4,wrong,shuffled,0.1,18,0.5,0.03223443223443224,0.005860805860805862,24.273992673992677,0.10697802066874576,5,False,1365,0.02,raw,lora_intervention/experiments/linear_probing/results_probe50/Qwen2.5-3B-Instruct_5k_10u/probe_fits_wrong.json,
Qwen2.5-3B-Instruct,Qwen2.5,base,5,10,IVQ,ordinal,k4,4,wrong,shuffled,0.1,19,0.527778,0.03076923076923077,0.006793859703659858,24.355311355311354,0.10613340799111304,5,False,1365,0.02,raw,lora_intervention/experiments/linear_probing/results_probe50/Qwen2.5-3B-Instruct_5k_10u/probe_fits_wrong.json,
Qwen2.5-3B-Instruct,Qwen2.5,base,5,10,IVQ,ordinal,k4,4,wrong,shuffled,0.1,20,0.555556,0.02417582417582418,0.005951676486912792,24.164835164835164,0.09938548483596009,5,False,1365,0.02,raw,lora_intervention/experiments/linear_probing/results_probe50/Qwen2.5-3B-Instruct_5k_10u/probe_fits_wrong.json,
Qwen2.5-3B-Instruct,Qwen2.5,base,5,10,IVQ,ordinal,k4,4,wrong,shuffled,0.1,21,0.583333,0.02490842490842491,0.00966366736869811,24.56117216117216,0.09781700254770014,5,False,1365,0.02,raw,lora_intervention/experiments/linear_probing/results_probe50/Qwen2.5-3B-Instruct_5k_10u/probe_fits_wrong.json,
Qwen2.5-3B-Instruct,Qwen2.5,base,5,10,IVQ,ordinal,k4,4,wrong,shuffled,0.1,22,0.611111,0.021978021978021976,0.003276290076922768,24.71208791208791,0.09522173233642331,5,False,1365,0.02,raw,lora_intervention/experiments/linear_probing/results_probe50/Qwen2.5-3B-Instruct_5k_10u/probe_fits_wrong.json,
Qwen2.5-3B-Instruct,Qwen2.5,base,5,10,IVQ,ordinal,k4,4,wrong,shuffled,0.1,23,0.638889,0.023443223443223443,0.007542586183873261,24.495970695970698,0.09707078349473541,5,False,1365,0.02,raw,lora_intervention/experiments/linear_probing/results_probe50/Qwen2.5-3B-Instruct_5k_10u/probe_fits_wrong.json,
Qwen2.5-3B-Instruct,Qwen2.5,base,5,10,IVQ,ordinal,k4,4,wrong,shuffled,0.1,24,0.666667,0.021978021978021976,0.0065525801538455376,24.27619047619048,0.09735765957375862,5,False,1365,0.02,raw,lora_intervention/experiments/linear_probing/results_probe50/Qwen2.5-3B-Instruct_5k_10u/probe_fits_wrong.json,
Qwen2.5-3B-Instruct,Qwen2.5,base,5,10,IVQ,ordinal,k4,4,wrong,shuffled,0.1,25,0.694444,0.021978021978021976,0.004012619468902316,24.545787545787544,0.09442239815805546,5,False,1365,0.02,raw,lora_intervention/experiments/linear_probing/results_probe50/Qwen2.5-3B-Instruct_5k_10u/probe_fits_wrong.json,
Qwen2.5-3B-Instruct,Qwen2.5,base,5,10,IVQ,ordinal,k4,4,wrong,shuffled,0.1,26,0.722222,0.020512820512820513,0.007542586183873259,24.29597069597069,0.09284955580801808,5,False,1365,0.02,raw,lora_intervention/experiments/linear_probing/results_probe50/Qwen2.5-3B-Instruct_5k_10u/probe_fits_wrong.json,
Qwen2.5-3B-Instruct,Qwen2.5,base,5,10,IVQ,ordinal,k4,4,wrong,shuffled,0.1,27,0.75,0.018315018315018316,0.005180269459242106,24.316483516483515,0.09067962340980219,5,False,1365,0.02,raw,lora_intervention/experiments/linear_probing/results_probe50/Qwen2.5-3B-Instruct_5k_10u/probe_fits_wrong.json,
Qwen2.5-3B-Instruct,Qwen2.5,base,5,10,IVQ,ordinal,k4,4,wrong,shuffled,0.1,28,0.777778,0.019780219780219783,0.0017944979800609369,24.59194139194139,0.09394627939189108,5,False,1365,0.02,raw,lora_intervention/experiments/linear_probing/results_probe50/Qwen2.5-3B-Instruct_5k_10u/probe_fits_wrong.json,
Qwen2.5-3B-Instruct,Qwen2.5,base,5,10,IVQ,ordinal,k4,4,wrong,shuffled,0.1,29,0.805556,0.02417582417582418,0.005482281885383064,24.413919413919412,0.09831085620044237,5,False,1365,0.02,raw,lora_intervention/experiments/linear_probing/results_probe50/Qwen2.5-3B-Instruct_5k_10u/probe_fits_wrong.json,
Qwen2.5-3B-Instruct,Qwen2.5,base,5,10,IVQ,ordinal,k4,4,wrong,shuffled,0.1,30,0.833333,0.021245421245421246,0.005860805860805861,24.29230769230769,0.09545969552419659,5,False,1365,0.02,raw,lora_intervention/experiments/linear_probing/results_probe50/Qwen2.5-3B-Instruct_5k_10u/probe_fits_wrong.json,
Qwen2.5-3B-Instruct,Qwen2.5,base,5,10,IVQ,ordinal,k4,4,wrong,shuffled,0.1,31,0.861111,0.02710622710622711,0.011254426004203089,24.357509157509156,0.10020016361305202,5,False,1365,0.02,raw,lora_intervention/experiments/linear_probing/results_probe50/Qwen2.5-3B-Instruct_5k_10u/probe_fits_wrong.json,
Qwen2.5-3B-Instruct,Qwen2.5,base,5,10,IVQ,ordinal,k4,4,wrong,shuffled,0.1,32,0.888889,0.02783882783882784,0.011013403940199933,24.25494505494505,0.10099456517497507,5,False,1365,0.02,raw,lora_intervention/experiments/linear_probing/results_probe50/Qwen2.5-3B-Instruct_5k_10u/probe_fits_wrong.json,
Qwen2.5-3B-Instruct,Qwen2.5,base,5,10,IVQ,ordinal,k4,4,wrong,shuffled,0.1,33,0.916667,0.019780219780219783,0.005482281885383064,24.883516483516484,0.09522441178836065,5,False,1365,0.02,raw,lora_intervention/experiments/linear_probing/results_probe50/Qwen2.5-3B-Instruct_5k_10u/probe_fits_wrong.json,
Qwen2.5-3B-Instruct,Qwen2.5,base,5,10,IVQ,ordinal,k4,4,wrong,shuffled,0.1,34,0.944444,0.01904761904761905,0.005383493940182809,25.17142857142857,0.09144373405566612,5,False,1365,0.02,raw,lora_intervention/experiments/linear_probing/results_probe50/Qwen2.5-3B-Instruct_5k_10u/probe_fits_wrong.json,
Qwen2.5-3B-Instruct,Qwen2.5,base,5,10,IVQ,ordinal,k4,4,wrong,shuffled,0.1,35,0.972222,0.021978021978021976,0.004633373861052569,25.345787545787545,0.0931126460990646,5,False,1365,0.02,raw,lora_intervention/experiments/linear_probing/results_probe50/Qwen2.5-3B-Instruct_5k_10u/probe_fits_wrong.json,
Qwen2.5-3B-Instruct,Qwen2.5,base,5,10,IVQ,ordinal,k4,4,wrong,shuffled,0.1,36,1.0,0.022710622710622713,0.004271759629923297,25.342124542124544,0.09290492001837806,5,False,1365,0.02,raw,lora_intervention/experiments/linear_probing/results_probe50/Qwen2.5-3B-Instruct_5k_10u/probe_fits_wrong.json,
Qwen2.5-3B-Instruct,Qwen2.5,base,5,10,IVQ,ordinal,k5,5,wrong,cv_first,0.1,0,0.0,0.030487911067251038,5.6877247096813786e-05,22.594612950976693,0.11184579996060906,5,False,1312,0.02,raw,lora_intervention/experiments/linear_probing/results_probe50/Qwen2.5-3B-Instruct_5k_10u/probe_fits_wrong.json,
Qwen2.5-3B-Instruct,Qwen2.5,base,5,10,IVQ,ordinal,k5,5,wrong,cv_first,0.1,1,0.027778,0.03049661858183612,0.008032556218787578,23.805865962325488,0.10680505329169329,5,False,1312,0.02,raw,lora_intervention/experiments/linear_probing/results_probe50/Qwen2.5-3B-Instruct_5k_10u/probe_fits_wrong.json,
Qwen2.5-3B-Instruct,Qwen2.5,base,5,10,IVQ,ordinal,k5,5,wrong,cv_first,0.1,2,0.055556,0.02133921574318637,0.0038732249893116844,23.916384639944276,0.10244027687687536,5,False,1312,0.02,raw,lora_intervention/experiments/linear_probing/results_probe50/Qwen2.5-3B-Instruct_5k_10u/probe_fits_wrong.json,
Qwen2.5-3B-Instruct,Qwen2.5,base,5,10,IVQ,ordinal,k5,5,wrong,cv_first,0.1,3,0.083333,0.032011726119641246,0.009832898274407965,23.876814791164772,0.10801928070340905,5,False,1312,0.02,raw,lora_intervention/experiments/linear_probing/results_probe50/Qwen2.5-3B-Instruct_5k_10u/probe_fits_wrong.json,
Qwen2.5-3B-Instruct,Qwen2.5,base,5,10,IVQ,ordinal,k5,5,wrong,cv_first,0.1,4,0.111111,0.026679824688706354,0.009959765161322737,23.642460743621747,0.10787070703484639,5,False,1312,0.02,raw,lora_intervention/experiments/linear_probing/results_probe50/Qwen2.5-3B-Instruct_5k_10u/probe_fits_wrong.json,
Qwen2.5-3B-Instruct,Qwen2.5,base,5,10,IVQ,ordinal,k5,5,wrong,cv_first,0.1,5,0.138889,0.029730357298348477,0.007406016298775643,23.377052796563433,0.11132973313875982,5,False,1312,0.02,raw,lora_intervention/experiments/linear_probing/results_probe50/Qwen2.5-3B-Instruct_5k_10u/probe_fits_wrong.json,
Qwen2.5-3B-Instruct,Qwen2.5,base,5,10,IVQ,ordinal,k5,5,wrong,cv_first,0.1,6,0.166667,0.033541346181754854,0.007791819576706388,23.270054857341883,0.11283095284348121,5,False,1312,0.02,raw,lora_intervention/experiments/linear_probing/results_probe50/Qwen2.5-3B-Instruct_5k_10u/probe_fits_wrong.json,
Qwen2.5-3B-Instruct,Qwen2.5,base,5,10,IVQ,ordinal,k5,5,wrong,cv_first,0.1,7,0.194444,0.034310509970104194,0.008399336552389254,23.342440426087713,0.11271420276325883,5,False,1312,0.02,raw,lora_intervention/experiments/linear_probing/results_probe50/Qwen2.5-3B-Instruct_5k_10u/probe_fits_wrong.json,
Qwen2.5-3B-Instruct,Qwen2.5,base,5,10,IVQ,ordinal,k5,5,wrong,cv_first,0.1,8,0.222222,0.029736162308071867,0.00614607717553893,23.420564246945112,0.11089329066262169,5,False,1312,0.02,raw,lora_intervention/experiments/linear_probing/results_probe50/Qwen2.5-3B-Instruct_5k_10u/probe_fits_wrong.json,
Qwen2.5-3B-Instruct,Qwen2.5,base,5,10,IVQ,ordinal,k5,5,wrong,cv_first,0.1,9,0.25,0.03050532609642121,0.012328640099438766,23.244390909354774,0.1127994370754358,5,False,1312,0.02,raw,lora_intervention/experiments/linear_probing/results_probe50/Qwen2.5-3B-Instruct_5k_10u/probe_fits_wrong.json,
Qwen2.5-3B-Instruct,Qwen2.5,base,5,10,IVQ,ordinal,k5,5,wrong,cv_first,0.1,10,0.277778,0.032789597422575686,0.010987844557991693,23.256616259832235,0.11364425505349707,5,False,1312,0.02,raw,lora_intervention/experiments/linear_probing/results_probe50/Qwen2.5-3B-Instruct_5k_10u/probe_fits_wrong.json,
Qwen2.5-3B-Instruct,Qwen2.5,base,5,10,IVQ,ordinal,k5,5,wrong,cv_first,0.1,11,0.305556,0.034313412474965894,0.011603772301207295,23.103950309116765,0.11631297405158576,5,False,1312,0.02,raw,lora_intervention/experiments/linear_probing/results_probe50/Qwen2.5-3B-Instruct_5k_10u/probe_fits_wrong.json,
Qwen2.5-3B-Instruct,Qwen2.5,base,5,10,IVQ,ordinal,k5,5,wrong,cv_first,0.1,12,0.333333,0.03201753112936464,0.007872128289308354,23.05382405015528,0.116444866061204,5,False,1312,0.02,raw,lora_intervention/experiments/linear_probing/results_probe50/Qwen2.5-3B-Instruct_5k_10u/probe_fits_wrong.json,
Qwen2.5-3B-Instruct,Qwen2.5,base,5,10,IVQ,ordinal,k5,5,wrong,cv_first,0.1,13,0.361111,0.03812440135837227,0.013887180029584324,22.731381882564655,0.12124196491667809,5,False,1312,0.02,raw,lora_intervention/experiments/linear_probing/results_probe50/Qwen2.5-3B-Instruct_5k_10u/probe_fits_wrong.json,
Qwen2.5-3B-Instruct,Qwen2.5,base,5,10,IVQ,ordinal,k5,5,wrong,cv_first,0.1,14,0.388889,0.035073868748730155,0.01289094330437559,22.585899631381878,0.11939910201204082,5,False,1312,0.02,raw,lora_intervention/experiments/linear_probing/results_probe50/Qwen2.5-3B-Instruct_5k_10u/probe_fits_wrong.json,
Qwen2.5-3B-Instruct,Qwen2.5,base,5,10,IVQ,ordinal,k5,5,wrong,cv_first,0.1,15,0.416667,0.04116622645342931,0.0074374816711617765,22.45017560154413,0.12275026223861649,5,False,1312,0.02,raw,lora_intervention/experiments/linear_probing/results_probe50/Qwen2.5-3B-Instruct_5k_10u/probe_fits_wrong.json,
Qwen2.5-3B-Instruct,Qwen2.5,base,5,10,IVQ,ordinal,k5,5,wrong,cv_first,0.1,16,0.444444,0.04041157518938844,0.008619919513595132,22.06172466838882,0.1250078296778626,5,False,1312,0.02,raw,lora_intervention/experiments/linear_probing/results_probe50/Qwen2.5-3B-Instruct_5k_10u/probe_fits_wrong.json,
Qwen2.5-3B-Instruct,Qwen2.5,base,5,10,IVQ,ordinal,k5,5,wrong,cv_first,0.1,17,0.472222,0.04116042144370592,0.007410092069659253,22.253893710271967,0.12346821108394516,5,False,1312,0.02,raw,lora_intervention/experiments/linear_probing/results_probe50/Qwen2.5-3B-Instruct_5k_10u/probe_fits_wrong.json,
Qwen2.5-3B-Instruct,Qwen2.5,base,5,10,IVQ,ordinal,k5,5,wrong,cv_first,0.1,18,0.5,0.041920877717470176,0.009944396775170112,22.18005398659043,0.12616867740643584,5,False,1312,0.02,raw,lora_intervention/experiments/linear_probing/results_probe50/Qwen2.5-3B-Instruct_5k_10u/probe_fits_wrong.json,
Qwen2.5-3B-Instruct,Qwen2.5,base,5,10,IVQ,ordinal,k5,5,wrong,cv_first,0.1,19,0.527778,0.035831422517632716,0.007500894744165906,21.924346210779902,0.1252089369939477,5,False,1312,0.02,raw,lora_intervention/experiments/linear_probing/results_probe50/Qwen2.5-3B-Instruct_5k_10u/probe_fits_wrong.json,
Qwen2.5-3B-Instruct,Qwen2.5,base,5,10,IVQ,ordinal,k5,5,wrong,cv_first,0.1,20,0.555556,0.041920877717470176,0.004823956094561834,22.33130641743825,0.12655200945805306,5,False,1312,0.02,raw,lora_intervention/experiments/linear_probing/results_probe50/Qwen2.5-3B-Instruct_5k_10u/probe_fits_wrong.json,
Qwen2.5-3B-Instruct,Qwen2.5,base,5,10,IVQ,ordinal,k5,5,wrong,cv_first,0.1,21,0.583333,0.04496560531738891,0.00556662750086804,22.32613705627957,0.12514487878524694,5,False,1312,0.02,raw,lora_intervention/experiments/linear_probing/results_probe50/Qwen2.5-3B-Instruct_5k_10u/probe_fits_wrong.json,
Qwen2.5-3B-Instruct,Qwen2.5,base,5,10,IVQ,ordinal,k5,5,wrong,cv_first,0.1,22,0.611111,0.04497431283197399,0.007021398632020652,21.85085769018663,0.12870426211747998,5,False,1312,0.02,raw,lora_intervention/experiments/linear_probing/results_probe50/Qwen2.5-3B-Instruct_5k_10u/probe_fits_wrong.json,
Qwen2.5-3B-Instruct,Qwen2.5,base,5,10,IVQ,ordinal,k5,5,wrong,cv_first,0.1,23,0.638889,0.11888659913505353,0.02193439842713854,16.2283777900328,0.23466241690960316,5,False,1312,0.02,raw,lora_intervention/experiments/linear_probing/results_probe50/Qwen2.5-3B-Instruct_5k_10u/probe_fits_wrong.json,
Qwen2.5-3B-Instruct,Qwen2.5,base,5,10,IVQ,ordinal,k5,5,wrong,cv_first,0.1,24,0.666667,0.10974080631585056,0.016133594617588388,16.71127623138769,0.2231290382972742,5,False,1312,0.02,raw,lora_intervention/experiments/linear_probing/results_probe50/Qwen2.5-3B-Instruct_5k_10u/probe_fits_wrong.json,
Qwen2.5-3B-Instruct,Qwen2.5,base,5,10,IVQ,ordinal,k5,5,wrong,cv_first,0.1,25,0.694444,0.1265201869213131,0.009391135104805213,15.694543290860011,0.24341087804230285,5,False,1312,0.02,raw,lora_intervention/experiments/linear_probing/results_probe50/Qwen2.5-3B-Instruct_5k_10u/probe_fits_wrong.json,
Qwen2.5-3B-Instruct,Qwen2.5,base,5,10,IVQ,ordinal,k5,5,wrong,cv_first,0.1,26,0.722222,0.17758975996284793,0.017948907953212367,13.27728499695237,0.2958240438471468,5,False,1312,0.02,raw,lora_intervention/experiments/linear_probing/results_probe50/Qwen2.5-3B-Instruct_5k_10u/probe_fits_wrong.json,
Qwen2.5-3B-Instruct,Qwen2.5,base,5,10,IVQ,ordinal,k5,5,wrong,cv_first,0.1,27,0.75,0.15852610803123096,0.016892634649450483,13.274919455490089,0.28860892809547073,5,False,1312,0.02,raw,lora_intervention/experiments/linear_probing/results_probe50/Qwen2.5-3B-Instruct_5k_10u/probe_fits_wrong.json,
Qwen2.5-3B-Instruct,Qwen2.5,base,5,10,IVQ,ordinal,k5,5,wrong,cv_first,0.1,28,0.777778,0.2293965692392535,0.03303496513946873,11.208971642527501,0.3601279919365877,5,False,1312,0.02,raw,lora_intervention/experiments/linear_probing/results_probe50/Qwen2.5-3B-Instruct_5k_10u/probe_fits_wrong.json,
Qwen2.5-3B-Instruct,Qwen2.5,base,5,10,IVQ,ordinal,k5,5,wrong,cv_first,0.1,29,0.805556,0.237764490755522,0.03394464557125624,11.814167126229936,0.35739558132171967,5,False,1312,0.02,raw,lora_intervention/experiments/linear_probing/results_probe50/Qwen2.5-3B-Instruct_5k_10u/probe_fits_wrong.json,
Qwen2.5-3B-Instruct,Qwen2.5,base,5,10,IVQ,ordinal,k5,5,wrong,cv_first,0.1,30,0.833333,0.2301715380373262,0.012221821757159875,11.36728586770383,0.3581251686004884,5,False,1312,0.02,raw,lora_intervention/experiments/linear_probing/results_probe50/Qwen2.5-3B-Instruct_5k_10u/probe_fits_wrong.json,
Qwen2.5-3B-Instruct,Qwen2.5,base,5,10,IVQ,ordinal,k5,5,wrong,cv_first,0.1,31,0.861111,0.2804806548050968,0.018811625067905922,8.949618320610686,0.42087604517388844,5,False,1312,0.02,raw,lora_intervention/experiments/linear_probing/results_probe50/Qwen2.5-3B-Instruct_5k_10u/probe_fits_wrong.json,
Qwen2.5-3B-Instruct,Qwen2.5,base,5,10,IVQ,ordinal,k5,5,wrong,cv_first,0.1,32,0.888889,0.2599018953356747,0.021146243740247917,9.26600586305982,0.4061239810071994,5,False,1312,0.02,raw,lora_intervention/experiments/linear_probing/results_probe50/Qwen2.5-3B-Instruct_5k_10u/probe_fits_wrong.json,
Qwen2.5-3B-Instruct,Qwen2.5,base,5,10,IVQ,ordinal,k5,5,wrong,cv_first,0.1,33,0.916667,0.23626970075174877,0.009368544752234297,8.870530868139204,0.3925974550135308,5,False,1312,0.02,raw,lora_intervention/experiments/linear_probing/results_probe50/Qwen2.5-3B-Instruct_5k_10u/probe_fits_wrong.json,
Qwen2.5-3B-Instruct,Qwen2.5,base,5,10,IVQ,ordinal,k5,5,wrong,cv_first,0.1,34,0.944444,0.2545496763707079,0.01791987555779297,7.734101529620062,0.4144656934406493,5,False,1312,0.02,raw,lora_intervention/experiments/linear_probing/results_probe50/Qwen2.5-3B-Instruct_5k_10u/probe_fits_wrong.json,
Qwen2.5-3B-Instruct,Qwen2.5,base,5,10,IVQ,ordinal,k5,5,wrong,cv_first,0.1,35,0.972222,0.24768234986793605,0.02210643320146409,7.656398571967609,0.41136346795206646,5,False,1312,0.02,raw,lora_intervention/experiments/linear_probing/results_probe50/Qwen2.5-3B-Instruct_5k_10u/probe_fits_wrong.json,
Qwen2.5-3B-Instruct,Qwen2.5,base,5,10,IVQ,ordinal,k5,5,wrong,cv_first,0.1,36,1.0,0.24541259106609004,0.022363736107933862,7.428522915275883,0.4125449405513173,5,False,1312,0.02,raw,lora_intervention/experiments/linear_probing/results_probe50/Qwen2.5-3B-Instruct_5k_10u/probe_fits_wrong.json,
Qwen2.5-3B-Instruct,Qwen2.5,base,5,10,IVQ,ordinal,k5,5,wrong,cv_last,0.1,0,0.0,0.027437378457608918,0.0014909554698356278,22.85150494877079,0.10940451377778693,5,False,1312,0.02,raw,lora_intervention/experiments/linear_probing/results_probe50/Qwen2.5-3B-Instruct_5k_10u/probe_fits_wrong.json,
Qwen2.5-3B-Instruct,Qwen2.5,base,5,10,IVQ,ordinal,k5,5,wrong,cv_last,0.1,1,0.027778,0.06176820596174498,0.020455404608714332,19.741076248802717,0.15590115457337853,5,False,1312,0.02,raw,lora_intervention/experiments/linear_probing/results_probe50/Qwen2.5-3B-Instruct_5k_10u/probe_fits_wrong.json,
Qwen2.5-3B-Instruct,Qwen2.5,base,5,10,IVQ,ordinal,k5,5,wrong,cv_last,0.1,2,0.055556,0.07853307404289903,0.01758935092914882,17.51292485414913,0.18432939533310586,5,False,1312,0.02,raw,lora_intervention/experiments/linear_probing/results_probe50/Qwen2.5-3B-Instruct_5k_10u/probe_fits_wrong.json,
Qwen2.5-3B-Instruct,Qwen2.5,base,5,10,IVQ,ordinal,k5,5,wrong,cv_last,0.1,3,0.083333,0.07623719269729776,0.013509947010522064,17.393063013380548,0.18589651693016723,5,False,1312,0.02,raw,lora_intervention/experiments/linear_probing/results_probe50/Qwen2.5-3B-Instruct_5k_10u/probe_fits_wrong.json,
Qwen2.5-3B-Instruct,Qwen2.5,base,5,10,IVQ,ordinal,k5,5,wrong,cv_last,0.1,4,0.111111,0.06557048733056628,0.015216325749581686,18.43442661016457,0.17114144646991764,5,False,1312,0.02,raw,lora_intervention/experiments/linear_probing/results_probe50/Qwen2.5-3B-Instruct_5k_10u/probe_fits_wrong.json,
Qwen2.5-3B-Instruct,Qwen2.5,base,5,10,IVQ,ordinal,k5,5,wrong,cv_last,0.1,5,0.138889,0.06862101994020839,0.017624516686445966,18.477566539923956,0.17263479477648094,5,False,1312,0.02,raw,lora_intervention/experiments/linear_probing/results_probe50/Qwen2.5-3B-Instruct_5k_10u/probe_fits_wrong.json,
Qwen2.5-3B-Instruct,Qwen2.5,base,5,10,IVQ,ordinal,k5,5,wrong,cv_last,0.1,6,0.166667,0.07318956259251734,0.01801108318826484,18.48360084753142,0.17538321157915013,5,False,1312,0.02,raw,lora_intervention/experiments/linear_probing/results_probe50/Qwen2.5-3B-Instruct_5k_10u/probe_fits_wrong.json,
Qwen2.5-3B-Instruct,Qwen2.5,base,5,10,IVQ,ordinal,k5,5,wrong,cv_last,0.1,7,0.194444,0.0632862160044118,0.017898120132188413,19.154421966156793,0.16268065753946742,5,False,1312,0.02,raw,lora_intervention/experiments/linear_probing/results_probe50/Qwen2.5-3B-Instruct_5k_10u/probe_fits_wrong.json,
Qwen2.5-3B-Instruct,Qwen2.5,base,5,10,IVQ,ordinal,k5,5,wrong,cv_last,0.1,8,0.222222,0.05719095579485095,0.016784034963193115,19.43456012538821,0.15512636055314274,5,False,1312,0.02,raw,lora_intervention/experiments/linear_probing/results_probe50/Qwen2.5-3B-Instruct_5k_10u/probe_fits_wrong.json,
Qwen2.5-3B-Instruct,Qwen2.5,base,5,10,IVQ,ordinal,k5,5,wrong,cv_last,0.1,9,0.25,0.05565553072301397,0.012023361447693011,19.685316227904682,0.15011747085329463,5,False,1312,0.02,raw,lora_intervention/experiments/linear_probing/results_probe50/Qwen2.5-3B-Instruct_5k_10u/probe_fits_wrong.json,
Qwen2.5-3B-Instruct,Qwen2.5,base,5,10,IVQ,ordinal,k5,5,wrong,cv_last,0.1,10,0.277778,0.054892171944388016,0.0124943667977533,19.819443880068498,0.14996755874030784,5,False,1312,0.02,raw,lora_intervention/experiments/linear_probing/results_probe50/Qwen2.5-3B-Instruct_5k_10u/probe_fits_wrong.json,
Qwen2.5-3B-Instruct,Qwen2.5,base,5,10,IVQ,ordinal,k5,5,wrong,cv_last,0.1,11,0.305556,0.04803065045133951,0.009261904383551242,20.051191478245727,0.14450651239386053,5,False,1312,0.02,raw,lora_intervention/experiments/linear_probing/results_probe50/Qwen2.5-3B-Instruct_5k_10u/probe_fits_wrong.json,
Qwen2.5-3B-Instruct,Qwen2.5,base,5,10,IVQ,ordinal,k5,5,wrong,cv_last,0.1,12,0.333333,0.04955156299886802,0.010533064172509495,19.882634313412474,0.14524350680085743,5,False,1312,0.02,raw,lora_intervention/experiments/linear_probing/results_probe50/Qwen2.5-3B-Instruct_5k_10u/probe_fits_wrong.json,
Qwen2.5-3B-Instruct,Qwen2.5,base,5,10,IVQ,ordinal,k5,5,wrong,cv_last,0.1,13,0.361111,0.05565843322787565,0.01102791968944228,20.218404783328012,0.14551932717531169,5,False,1312,0.02,raw,lora_intervention/experiments/linear_probing/results_probe50/Qwen2.5-3B-Instruct_5k_10u/probe_fits_wrong.json,
Qwen2.5-3B-Instruct,Qwen2.5,base,5,10,IVQ,ordinal,k5,5,wrong,cv_last,0.1,14,0.388889,0.05566133573273735,0.014462496420215708,20.32581778074478,0.1447065111946322,5,False,1312,0.02,raw,lora_intervention/experiments/linear_probing/results_probe50/Qwen2.5-3B-Instruct_5k_10u/probe_fits_wrong.json,
Qwen2.5-3B-Instruct,Qwen2.5,base,5,10,IVQ,ordinal,k5,5,wrong,cv_last,0.1,15,0.416667,0.0465039328940876,0.0098113491664856,20.71823063303631,0.1400948845908481,5,False,1312,0.02,raw,lora_intervention/experiments/linear_probing/results_probe50/Qwen2.5-3B-Instruct_5k_10u/probe_fits_wrong.json,
Qwen2.5-3B-Instruct,Qwen2.5,base,5,10,IVQ,ordinal,k5,5,wrong,cv_last,0.1,16,0.444444,0.04802774794647781,0.007906311361773322,20.8242707456535,0.1388115122701572,5,False,1312,0.02,raw,lora_intervention/experiments/linear_probing/results_probe50/Qwen2.5-3B-Instruct_5k_10u/probe_fits_wrong.json,
Qwen2.5-3B-Instruct,Qwen2.5,base,5,10,IVQ,ordinal,k5,5,wrong,cv_last,0.1,17,0.472222,0.0518329318201608,0.010940116457931807,20.739523408701707,0.14404699956557784,5,False,1312,0.02,raw,lora_intervention/experiments/linear_probing/results_probe50/Qwen2.5-3B-Instruct_5k_10u/probe_fits_wrong.json,
Qwen2.5-3B-Instruct,Qwen2.5,base,5,10,IVQ,ordinal,k5,5,wrong,cv_last,0.1,18,0.5,0.04193248773691696,0.010261221295573148,20.62362058456448,0.1393177944563122,5,False,1312,0.02,raw,lora_intervention/experiments/linear_probing/results_probe50/Qwen2.5-3B-Instruct_5k_10u/probe_fits_wrong.json,
Qwen2.5-3B-Instruct,Qwen2.5,base,5,10,IVQ,ordinal,k5,5,wrong,cv_last,0.1,19,0.527778,0.04268423649609613,0.010325492870166222,21.263503903869044,0.12831433761131075,5,False,1312,0.02,raw,lora_intervention/experiments/linear_probing/results_probe50/Qwen2.5-3B-Instruct_5k_10u/probe_fits_wrong.json,
Qwen2.5-3B-Instruct,Qwen2.5,base,5,10,IVQ,ordinal,k5,5,wrong,cv_last,0.1,20,0.555556,0.03354134618175485,0.007408460438369894,21.789997968246595,0.1216227941583438,5,False,1312,0.02,raw,lora_intervention/experiments/linear_probing/results_probe50/Qwen2.5-3B-Instruct_5k_10u/probe_fits_wrong.json,
Qwen2.5-3B-Instruct,Qwen2.5,base,5,10,IVQ,ordinal,k5,5,wrong,cv_last,0.1,21,0.583333,0.03734072504571445,0.008793650916880379,22.13663541636432,0.12358259842926281,5,False,1312,0.02,raw,lora_intervention/experiments/linear_probing/results_probe50/Qwen2.5-3B-Instruct_5k_10u/probe_fits_wrong.json,
Qwen2.5-3B-Instruct,Qwen2.5,base,5,10,IVQ,ordinal,k5,5,wrong,cv_last,0.1,22,0.611111,0.03278088990799059,0.0109685247809742,23.045366150988304,0.11449196994186364,5,False,1312,0.02,raw,lora_intervention/experiments/linear_probing/results_probe50/Qwen2.5-3B-Instruct_5k_10u/probe_fits_wrong.json,
Qwen2.5-3B-Instruct,Qwen2.5,base,5,10,IVQ,ordinal,k5,5,wrong,cv_last,0.1,23,0.638889,0.02973325980321017,0.010624584851257094,23.99925986126027,0.10502889862205811,5,False,1312,0.02,raw,lora_intervention/experiments/linear_probing/results_probe50/Qwen2.5-3B-Instruct_5k_10u/probe_fits_wrong.json,
Qwen2.5-3B-Instruct,Qwen2.5,base,5,10,IVQ,ordinal,k5,5,wrong,cv_last,0.1,24,0.666667,0.02516471715090123,0.006685445999127888,24.425887440861462,0.0986542108301046,5,False,1312,0.02,raw,lora_intervention/experiments/linear_probing/results_probe50/Qwen2.5-3B-Instruct_5k_10u/probe_fits_wrong.json,
Qwen2.5-3B-Instruct,Qwen2.5,base,5,10,IVQ,ordinal,k5,5,wrong,cv_last,0.1,25,0.694444,0.024407163381998668,0.010427663884742025,24.708196673729425,0.09845186731227148,5,False,1312,0.02,raw,lora_intervention/experiments/linear_probing/results_probe50/Qwen2.5-3B-Instruct_5k_10u/probe_fits_wrong.json,
Qwen2.5-3B-Instruct,Qwen2.5,base,5,10,IVQ,ordinal,k5,5,wrong,cv_last,0.1,26,0.722222,0.025922270919803786,0.011176771013412327,25.103410443212493,0.0970726023768711,5,False,1312,0.02,raw,lora_intervention/experiments/linear_probing/results_probe50/Qwen2.5-3B-Instruct_5k_10u/probe_fits_wrong.json,
Qwen2.5-3B-Instruct,Qwen2.5,base,5,10,IVQ,ordinal,k5,5,wrong,cv_last,0.1,27,0.75,0.0259164659100804,0.0028697598534980777,24.658735088381274,0.0991752983511128,5,False,1312,0.02,raw,lora_intervention/experiments/linear_probing/results_probe50/Qwen2.5-3B-Instruct_5k_10u/probe_fits_wrong.json,
Qwen2.5-3B-Instruct,Qwen2.5,base,5,10,IVQ,ordinal,k5,5,wrong,cv_last,0.1,28,0.777778,0.02438974835282849,0.005709151069058422,24.575203900966535,0.09791559402303822,5,False,1312,0.02,raw,lora_intervention/experiments/linear_probing/results_probe50/Qwen2.5-3B-Instruct_5k_10u/probe_fits_wrong.json,
Qwen2.5-3B-Instruct,Qwen2.5,base,5,10,IVQ,ordinal,k5,5,wrong,cv_last,0.1,29,0.805556,0.028203639741096565,0.003066886132439049,23.651240820828377,0.10421037664682035,5,False,1312,0.02,raw,lora_intervention/experiments/linear_probing/results_probe50/Qwen2.5-3B-Instruct_5k_10u/probe_fits_wrong.json,
Qwen2.5-3B-Instruct,Qwen2.5,base,5,10,IVQ,ordinal,k5,5,wrong,cv_last,0.1,30,0.833333,0.022102574521812326,0.010064646440158864,23.36087133195948,0.10085260449079345,5,False,1312,0.02,raw,lora_intervention/experiments/linear_probing/results_probe50/Qwen2.5-3B-Instruct_5k_10u/probe_fits_wrong.json,
Qwen2.5-3B-Instruct,Qwen2.5,base,5,10,IVQ,ordinal,k5,5,wrong,cv_last,0.1,31,0.861111,0.025144399616869356,0.00743443404795598,22.827634748788206,0.10570181303954371,5,False,1312,0.02,raw,lora_intervention/experiments/linear_probing/results_probe50/Qwen2.5-3B-Instruct_5k_10u/probe_fits_wrong.json,
Qwen2.5-3B-Instruct,Qwen2.5,base,5,10,IVQ,ordinal,k5,5,wrong,cv_last,0.1,32,0.888889,0.04877659420079529,0.0065345563686401405,19.84225466577656,0.1449485355667889,5,False,1312,0.02,raw,lora_intervention/experiments/linear_probing/results_probe50/Qwen2.5-3B-Instruct_5k_10u/probe_fits_wrong.json,
Qwen2.5-3B-Instruct,Qwen2.5,base,5,10,IVQ,ordinal,k5,5,wrong,cv_last,0.1,33,0.916667,0.04956027051345311,0.013483311342438154,19.445638986445303,0.14757835918665607,5,False,1312,0.02,raw,lora_intervention/experiments/linear_probing/results_probe50/Qwen2.5-3B-Instruct_5k_10u/probe_fits_wrong.json,
Qwen2.5-3B-Instruct,Qwen2.5,base,5,10,IVQ,ordinal,k5,5,wrong,cv_last,0.1,34,0.944444,0.05184163933474588,0.009889223811318817,18.54058862798595,0.1545306951049398,5,False,1312,0.02,raw,lora_intervention/experiments/linear_probing/results_probe50/Qwen2.5-3B-Instruct_5k_10u/probe_fits_wrong.json,
Qwen2.5-3B-Instruct,Qwen2.5,base,5,10,IVQ,ordinal,k5,5,wrong,cv_last,0.1,35,0.972222,0.05792528952485996,0.008809862994265592,18.33879197747656,0.1596479423134064,5,False,1312,0.02,raw,lora_intervention/experiments/linear_probing/results_probe50/Qwen2.5-3B-Instruct_5k_10u/probe_fits_wrong.json,
Qwen2.5-3B-Instruct,Qwen2.5,base,5,10,IVQ,ordinal,k5,5,wrong,cv_last,0.1,36,1.0,0.05412010565117696,0.012146701608598503,17.983528284909877,0.15902796296946642,5,False,1312,0.02,raw,lora_intervention/experiments/linear_probing/results_probe50/Qwen2.5-3B-Instruct_5k_10u/probe_fits_wrong.json,
Qwen2.5-3B-Instruct,Qwen2.5,base,5,10,IVQ,ordinal,k5,5,wrong,expected,0.1,0,0.0,0.032011726119641246,0.0018577482310597857,22.605996575044266,0.1126426592774531,5,False,1312,0.02,raw,lora_intervention/experiments/linear_probing/results_probe50/Qwen2.5-3B-Instruct_5k_10u/probe_fits_wrong.json,
Qwen2.5-3B-Instruct,Qwen2.5,base,5,10,IVQ,ordinal,k5,5,wrong,expected,0.1,1,0.027778,0.02133341073346298,0.00951167715996457,23.97749107479755,0.09850185387696678,5,False,1312,0.02,raw,lora_intervention/experiments/linear_probing/results_probe50/Qwen2.5-3B-Instruct_5k_10u/probe_fits_wrong.json,
Qwen2.5-3B-Instruct,Qwen2.5,base,5,10,IVQ,ordinal,k5,5,wrong,expected,0.1,2,0.055556,0.024381040838243405,0.01007948881113619,23.616309174817864,0.10220363238120615,5,False,1312,0.02,raw,lora_intervention/experiments/linear_probing/results_probe50/Qwen2.5-3B-Instruct_5k_10u/probe_fits_wrong.json,
Qwen2.5-3B-Instruct,Qwen2.5,base,5,10,IVQ,ordinal,k5,5,wrong,expected,0.1,3,0.083333,0.01752532435491829,0.007062913845525564,23.756433402025948,0.09634989343107447,5,False,1312,0.02,raw,lora_intervention/experiments/linear_probing/results_probe50/Qwen2.5-3B-Instruct_5k_10u/probe_fits_wrong.json,
Qwen2.5-3B-Instruct,Qwen2.5,base,5,10,IVQ,ordinal,k5,5,wrong,expected,0.1,4,0.111111,0.019043334397585116,0.007199068713110204,23.966708269236353,0.0972264420493752,5,False,1312,0.02,raw,lora_intervention/experiments/linear_probing/results_probe50/Qwen2.5-3B-Instruct_5k_10u/probe_fits_wrong.json,
Qwen2.5-3B-Instruct,Qwen2.5,base,5,10,IVQ,ordinal,k5,5,wrong,expected,0.1,5,0.138889,0.01676196557629234,0.008547292847277163,24.138278234116044,0.09357874863025564,5,False,1312,0.02,raw,lora_intervention/experiments/linear_probing/results_probe50/Qwen2.5-3B-Instruct_5k_10u/probe_fits_wrong.json,
Qwen2.5-3B-Instruct,Qwen2.5,base,5,10,IVQ,ordinal,k5,5,wrong,expected,0.1,6,0.166667,0.01294517168316257,0.01092029798143552,24.209973006704786,0.0908256176021641,5,False,1312,0.02,raw,lora_intervention/experiments/linear_probing/results_probe50/Qwen2.5-3B-Instruct_5k_10u/probe_fits_wrong.json,
Qwen2.5-3B-Instruct,Qwen2.5,base,5,10,IVQ,ordinal,k5,5,wrong,expected,0.1,7,0.194444,0.015232345514178736,0.008319804255406755,24.36208167648681,0.09165663277101102,5,False,1312,0.02,raw,lora_intervention/experiments/linear_probing/results_probe50/Qwen2.5-3B-Instruct_5k_10u/probe_fits_wrong.json,
Qwen2.5-3B-Instruct,Qwen2.5,base,5,10,IVQ,ordinal,k5,5,wrong,expected,0.1,8,0.222222,0.018277073114097465,0.011114424487280011,24.441978927814706,0.09227173847597044,5,False,1312,0.02,raw,lora_intervention/experiments/linear_probing/results_probe50/Qwen2.5-3B-Instruct_5k_10u/probe_fits_wrong.json,
Qwen2.5-3B-Instruct,Qwen2.5,base,5,10,IVQ,ordinal,k5,5,wrong,expected,0.1,9,0.25,0.015998606797666383,0.005580352254063799,24.348477636200037,0.09100528467223656,5,False,1312,0.02,raw,lora_intervention/experiments/linear_probing/results_probe50/Qwen2.5-3B-Instruct_5k_10u/probe_fits_wrong.json,
Qwen2.5-3B-Instruct,Qwen2.5,base,5,10,IVQ,ordinal,k5,5,wrong,expected,0.1,10,0.277778,0.01599570429280469,0.006526870627043644,24.427710213914608,0.09187538023205101,5,False,1312,0.02,raw,lora_intervention/experiments/linear_probing/results_probe50/Qwen2.5-3B-Instruct_5k_10u/probe_fits_wrong.json,
Qwen2.5-3B-Instruct,Qwen2.5,base,5,10,IVQ,ordinal,k5,5,wrong,expected,0.1,11,0.305556,0.01828287812382086,0.006521808938623034,24.722671465474704,0.09039908118968318,5,False,1312,0.02,raw,lora_intervention/experiments/linear_probing/results_probe50/Qwen2.5-3B-Instruct_5k_10u/probe_fits_wrong.json,
Qwen2.5-3B-Instruct,Qwen2.5,base,5,10,IVQ,ordinal,k5,5,wrong,expected,0.1,12,0.333333,0.01752532435491829,0.007827752656513209,25.050280091719152,0.09167330988822917,5,False,1312,0.02,raw,lora_intervention/experiments/linear_probing/results_probe50/Qwen2.5-3B-Instruct_5k_10u/probe_fits_wrong.json,
Qwen2.5-3B-Instruct,Qwen2.5,base,5,10,IVQ,ordinal,k5,5,wrong,expected,0.1,13,0.361111,0.01600150930252808,0.005041757051339457,24.830952311845124,0.0901460933514911,5,False,1312,0.02,raw,lora_intervention/experiments/linear_probing/results_probe50/Qwen2.5-3B-Instruct_5k_10u/probe_fits_wrong.json,
Qwen2.5-3B-Instruct,Qwen2.5,base,5,10,IVQ,ordinal,k5,5,wrong,expected,0.1,14,0.388889,0.019806693176211067,0.007351365851570781,24.896723072011145,0.09342327191433816,5,False,1312,0.02,raw,lora_intervention/experiments/linear_probing/results_probe50/Qwen2.5-3B-Instruct_5k_10u/probe_fits_wrong.json,
Qwen2.5-3B-Instruct,Qwen2.5,base,5,10,IVQ,ordinal,k5,5,wrong,expected,0.1,15,0.416667,0.019057846921893596,0.0024324549315403216,24.84192378022233,0.0910065788535463,5,False,1312,0.02,raw,lora_intervention/experiments/linear_probing/results_probe50/Qwen2.5-3B-Instruct_5k_10u/probe_fits_wrong.json,
Qwen2.5-3B-Instruct,Qwen2.5,base,5,10,IVQ,ordinal,k5,5,wrong,expected,0.1,16,0.444444,0.01904043189272342,0.00930421464189044,24.82254375526079,0.09238834339656506,5,False,1312,0.02,raw,lora_intervention/experiments/linear_probing/results_probe50/Qwen2.5-3B-Instruct_5k_10u/probe_fits_wrong.json,
Qwen2.5-3B-Instruct,Qwen2.5,base,5,10,IVQ,ordinal,k5,5,wrong,expected,0.1,17,0.472222,0.019809595681072767,0.007742983229259147,24.97124488433518,0.09312155839837791,5,False,1312,0.02,raw,lora_intervention/experiments/linear_probing/results_probe50/Qwen2.5-3B-Instruct_5k_10u/probe_fits_wrong.json,
Qwen2.5-3B-Instruct,Qwen2.5,base,5,10,IVQ,ordinal,k5,5,wrong,expected,0.1,18,0.5,0.021333410733462975,0.007447467763951336,25.00592691492758,0.09412920891568807,5,False,1312,0.02,raw,lora_intervention/experiments/linear_probing/results_probe50/Qwen2.5-3B-Instruct_5k_10u/probe_fits_wrong.json,
Qwen2.5-3B-Instruct,Qwen2.5,base,5,10,IVQ,ordinal,k5,5,wrong,expected,0.1,19,0.527778,0.01676196557629234,0.007040641646681608,25.04498592285142,0.08962598722529305,5,False,1312,0.02,raw,lora_intervention/experiments/linear_probing/results_probe50/Qwen2.5-3B-Instruct_5k_10u/probe_fits_wrong.json,
Qwen2.5-3B-Instruct,Qwen2.5,base,5,10,IVQ,ordinal,k5,5,wrong,expected,0.1,20,0.555556,0.018297390648129335,0.006564047953711351,25.19607581342699,0.09110151182462019,5,False,1312,0.02,raw,lora_intervention/experiments/linear_probing/results_probe50/Qwen2.5-3B-Instruct_5k_10u/probe_fits_wrong.json,
Qwen2.5-3B-Instruct,Qwen2.5,base,5,10,IVQ,ordinal,k5,5,wrong,expected,0.1,21,0.583333,0.022108379531535716,0.006121468768147475,25.240397062665078,0.09198179169790763,5,False,1312,0.02,raw,lora_intervention/experiments/linear_probing/results_probe50/Qwen2.5-3B-Instruct_5k_10u/probe_fits_wrong.json,
Qwen2.5-3B-Instruct,Qwen2.5,base,5,10,IVQ,ordinal,k5,5,wrong,expected,0.1,22,0.611111,0.02209967201695063,0.006550609458475175,25.02863321046063,0.09502816201772368,5,False,1312,0.02,raw,lora_intervention/experiments/linear_probing/results_probe50/Qwen2.5-3B-Instruct_5k_10u/probe_fits_wrong.json,
Qwen2.5-3B-Instruct,Qwen2.5,base,5,10,IVQ,ordinal,k5,5,wrong,expected,0.1,23,0.638889,0.014477694250137868,0.0065485076848706076,25.459483934635593,0.08817953147064732,5,False,1312,0.02,raw,lora_intervention/experiments/linear_probing/results_probe50/Qwen2.5-3B-Instruct_5k_10u/probe_fits_wrong.json,
Qwen2.5-3B-Instruct,Qwen2.5,base,5,10,IVQ,ordinal,k5,5,wrong,expected,0.1,24,0.666667,0.010666705366731487,0.004427742388720114,25.517693669636895,0.08231737556002051,5,False,1312,0.02,raw,lora_intervention/experiments/linear_probing/results_probe50/Qwen2.5-3B-Instruct_5k_10u/probe_fits_wrong.json,
Qwen2.5-3B-Instruct,Qwen2.5,base,5,10,IVQ,ordinal,k5,5,wrong,expected,0.1,25,0.694444,0.015252663048210607,0.00591861238326791,25.35063129480742,0.08572829265586171,5,False,1312,0.02,raw,lora_intervention/experiments/linear_probing/results_probe50/Qwen2.5-3B-Instruct_5k_10u/probe_fits_wrong.json,
Qwen2.5-3B-Instruct,Qwen2.5,base,5,10,IVQ,ordinal,k5,5,wrong,expected,0.1,26,0.722222,0.02134502075290976,0.004594779791321096,25.773781673584303,0.08848690700781905,5,False,1312,0.02,raw,lora_intervention/experiments/linear_probing/results_probe50/Qwen2.5-3B-Instruct_5k_10u/probe_fits_wrong.json,
Qwen2.5-3B-Instruct,Qwen2.5,base,5,10,IVQ,ordinal,k5,5,wrong,expected,0.1,27,0.75,0.017534031869503384,0.007083541558737664,25.421286970655675,0.0866537118115607,5,False,1312,0.02,raw,lora_intervention/experiments/linear_probing/results_probe50/Qwen2.5-3B-Instruct_5k_10u/probe_fits_wrong.json,
Qwen2.5-3B-Instruct,Qwen2.5,base,5,10,IVQ,ordinal,k5,5,wrong,expected,0.1,28,0.777778,0.0289786085391693,0.019113181622433296,24.24742983194497,0.10089040156669753,5,False,1312,0.02,raw,lora_intervention/experiments/linear_probing/results_probe50/Qwen2.5-3B-Instruct_5k_10u/probe_fits_wrong.json,
Qwen2.5-3B-Instruct,Qwen2.5,base,5,10,IVQ,ordinal,k5,5,wrong,expected,0.1,29,0.805556,0.025147302121731052,0.007057358055555342,23.713804313122225,0.10260143250315208,5,False,1312,0.02,raw,lora_intervention/experiments/linear_probing/results_probe50/Qwen2.5-3B-Instruct_5k_10u/probe_fits_wrong.json,
Qwen2.5-3B-Instruct,Qwen2.5,base,5,10,IVQ,ordinal,k5,5,wrong,expected,0.1,30,0.833333,0.030485008562389344,0.00993869372644204,23.2309842393986,0.10875173368089544,5,False,1312,0.02,raw,lora_intervention/experiments/linear_probing/results_probe50/Qwen2.5-3B-Instruct_5k_10u/probe_fits_wrong.json,
Qwen2.5-3B-Instruct,Qwen2.5,base,5,10,IVQ,ordinal,k5,5,wrong,expected,0.1,31,0.861111,0.041163323948567615,0.0081697628830033,21.467756073491422,0.1237530347231273,5,False,1312,0.02,raw,lora_intervention/experiments/linear_probing/results_probe50/Qwen2.5-3B-Instruct_5k_10u/probe_fits_wrong.json,
Qwen2.5-3B-Instruct,Qwen2.5,base,5,10,IVQ,ordinal,k5,5,wrong,expected,0.1,32,0.888889,0.04954285548428293,0.01468228404870782,18.971291324412967,0.14990094588235378,5,False,1312,0.02,raw,lora_intervention/experiments/linear_probing/results_probe50/Qwen2.5-3B-Instruct_5k_10u/probe_fits_wrong.json,
Qwen2.5-3B-Instruct,Qwen2.5,base,5,10,IVQ,ordinal,k5,5,wrong,expected,0.1,33,0.916667,0.07926740777290801,0.013276835827041249,14.2024322990741,0.20529826969601536,5,False,1312,0.02,raw,lora_intervention/experiments/linear_probing/results_probe50/Qwen2.5-3B-Instruct_5k_10u/probe_fits_wrong.json,
Qwen2.5-3B-Instruct,Qwen2.5,base,5,10,IVQ,ordinal,k5,5,wrong,expected,0.1,34,0.944444,0.0876643543377935,0.012145713931019157,12.2430325370795,0.23175100200151286,5,False,1312,0.02,raw,lora_intervention/experiments/linear_probing/results_probe50/Qwen2.5-3B-Instruct_5k_10u/probe_fits_wrong.json,
Qwen2.5-3B-Instruct,Qwen2.5,base,5,10,IVQ,ordinal,k5,5,wrong,expected,0.1,35,0.972222,0.09375961454735436,0.021299498713907024,11.698148201898238,0.24077985232233642,5,False,1312,0.02,raw,lora_intervention/experiments/linear_probing/results_probe50/Qwen2.5-3B-Instruct_5k_10u/probe_fits_wrong.json,
Qwen2.5-3B-Instruct,Qwen2.5,base,5,10,IVQ,ordinal,k5,5,wrong,expected,0.1,36,1.0,0.09453458334542711,0.0210447755793798,11.136484486111515,0.24806338603104244,5,False,1312,0.02,raw,lora_intervention/experiments/linear_probing/results_probe50/Qwen2.5-3B-Instruct_5k_10u/probe_fits_wrong.json,
Qwen2.5-3B-Instruct,Qwen2.5,base,5,10,IVQ,ordinal,k5,5,wrong,shuffled,0.1,0,0.0,0.032014628624502946,0.0019082286380055927,22.610460627521554,0.11261871354100195,5,False,1312,0.02,raw,lora_intervention/experiments/linear_probing/results_probe50/Qwen2.5-3B-Instruct_5k_10u/probe_fits_wrong.json,
Qwen2.5-3B-Instruct,Qwen2.5,base,5,10,IVQ,ordinal,k5,5,wrong,shuffled,0.1,1,0.027778,0.019063651931616986,0.01207896360403346,24.961599860679765,0.09209271941697958,5,False,1312,0.02,raw,lora_intervention/experiments/linear_probing/results_probe50/Qwen2.5-3B-Instruct_5k_10u/probe_fits_wrong.json,
Qwen2.5-3B-Instruct,Qwen2.5,base,5,10,IVQ,ordinal,k5,5,wrong,shuffled,0.1,2,0.055556,0.02515600963631614,0.010132879347034898,24.801155196934953,0.0975416670230697,5,False,1312,0.02,raw,lora_intervention/experiments/linear_probing/results_probe50/Qwen2.5-3B-Instruct_5k_10u/probe_fits_wrong.json,
Qwen2.5-3B-Instruct,Qwen2.5,base,5,10,IVQ,ordinal,k5,5,wrong,shuffled,0.1,3,0.083333,0.020581661974283808,0.0018937237212037746,24.76517864917424,0.09357272454027896,5,False,1312,0.02,raw,lora_intervention/experiments/linear_probing/results_probe50/Qwen2.5-3B-Instruct_5k_10u/probe_fits_wrong.json,
Qwen2.5-3B-Instruct,Qwen2.5,base,5,10,IVQ,ordinal,k5,5,wrong,shuffled,0.1,4,0.111111,0.01982120570051955,0.00850282049483661,24.604048994282067,0.09475799125490655,5,False,1312,0.02,raw,lora_intervention/experiments/linear_probing/results_probe50/Qwen2.5-3B-Instruct_5k_10u/probe_fits_wrong.json,
Qwen2.5-3B-Instruct,Qwen2.5,base,5,10,IVQ,ordinal,k5,5,wrong,shuffled,0.1,5,0.138889,0.023635097088787624,0.006128703450327171,24.498905755667142,0.09680432872904926,5,False,1312,0.02,raw,lora_intervention/experiments/linear_probing/results_probe50/Qwen2.5-3B-Instruct_5k_10u/probe_fits_wrong.json,
Qwen2.5-3B-Instruct,Qwen2.5,base,5,10,IVQ,ordinal,k5,5,wrong,shuffled,0.1,6,0.166667,0.018297390648129335,0.006564047953711351,24.59748062578005,0.09374712125606981,5,False,1312,0.02,raw,lora_intervention/experiments/linear_probing/results_probe50/Qwen2.5-3B-Instruct_5k_10u/probe_fits_wrong.json,
Qwen2.5-3B-Instruct,Qwen2.5,base,5,10,IVQ,ordinal,k5,5,wrong,shuffled,0.1,7,0.194444,0.015246858038487212,0.005403974563862297,24.664696833367195,0.09155744577165008,5,False,1312,0.02,raw,lora_intervention/experiments/linear_probing/results_probe50/Qwen2.5-3B-Instruct_5k_10u/probe_fits_wrong.json,
Qwen2.5-3B-Instruct,Qwen2.5,base,5,10,IVQ,ordinal,k5,5,wrong,shuffled,0.1,8,0.222222,0.01676777058601573,0.007840447366728348,24.83676893158796,0.09030169304789819,5,False,1312,0.02,raw,lora_intervention/experiments/linear_probing/results_probe50/Qwen2.5-3B-Instruct_5k_10u/probe_fits_wrong.json,
Qwen2.5-3B-Instruct,Qwen2.5,base,5,10,IVQ,ordinal,k5,5,wrong,shuffled,0.1,9,0.25,0.021339215743186372,0.005699418440945335,24.910446114997246,0.09641032638579686,5,False,1312,0.02,raw,lora_intervention/experiments/linear_probing/results_probe50/Qwen2.5-3B-Instruct_5k_10u/probe_fits_wrong.json,
Qwen2.5-3B-Instruct,Qwen2.5,base,5,10,IVQ,ordinal,k5,5,wrong,shuffled,0.1,10,0.277778,0.023635097088787624,0.008841620581177878,24.76937276869939,0.09834241697206875,5,False,1312,0.02,raw,lora_intervention/experiments/linear_probing/results_probe50/Qwen2.5-3B-Instruct_5k_10u/probe_fits_wrong.json,
Qwen2.5-3B-Instruct,Qwen2.5,base,5,10,IVQ,ordinal,k5,5,wrong,shuffled,0.1,11,0.305556,0.016779380605462517,0.011977461242979801,24.73587786259542,0.09341651976232832,5,False,1312,0.02,raw,lora_intervention/experiments/linear_probing/results_probe50/Qwen2.5-3B-Instruct_5k_10u/probe_fits_wrong.json,
Qwen2.5-3B-Instruct,Qwen2.5,base,5,10,IVQ,ordinal,k5,5,wrong,shuffled,0.1,12,0.333333,0.01601021681711317,0.01007426531867488,24.702638376919282,0.09271911343756566,5,False,1312,0.02,raw,lora_intervention/experiments/linear_probing/results_probe50/Qwen2.5-3B-Instruct_5k_10u/probe_fits_wrong.json,
Qwen2.5-3B-Instruct,Qwen2.5,base,5,10,IVQ,ordinal,k5,5,wrong,shuffled,0.1,13,0.361111,0.02286593330043828,0.007995231905024046,24.720227556381154,0.0964169666147898,5,False,1312,0.02,raw,lora_intervention/experiments/linear_probing/results_probe50/Qwen2.5-3B-Instruct_5k_10u/probe_fits_wrong.json,
Qwen2.5-3B-Instruct,Qwen2.5,base,5,10,IVQ,ordinal,k5,5,wrong,shuffled,0.1,14,0.388889,0.021347923257771455,0.00785569254665589,24.753838562679594,0.09591304697058621,5,False,1312,0.02,raw,lora_intervention/experiments/linear_probing/results_probe50/Qwen2.5-3B-Instruct_5k_10u/probe_fits_wrong.json,
Qwen2.5-3B-Instruct,Qwen2.5,base,5,10,IVQ,ordinal,k5,5,wrong,shuffled,0.1,15,0.416667,0.025161814646039532,0.011232912812994116,24.922294139842684,0.0979614847079107,5,False,1312,0.02,raw,lora_intervention/experiments/linear_probing/results_probe50/Qwen2.5-3B-Instruct_5k_10u/probe_fits_wrong.json,
Qwen2.5-3B-Instruct,Qwen2.5,base,5,10,IVQ,ordinal,k5,5,wrong,shuffled,0.1,16,0.444444,0.02287173831016167,0.006400684641050639,24.634986793602884,0.09788886537646124,5,False,1312,0.02,raw,lora_intervention/experiments/linear_probing/results_probe50/Qwen2.5-3B-Instruct_5k_10u/probe_fits_wrong.json,
Qwen2.5-3B-Instruct,Qwen2.5,base,5,10,IVQ,ordinal,k5,5,wrong,shuffled,0.1,17,0.472222,0.027437378457608914,0.004438969132601851,24.57086175369344,0.0984032800886712,5,False,1312,0.02,raw,lora_intervention/experiments/linear_probing/results_probe50/Qwen2.5-3B-Instruct_5k_10u/probe_fits_wrong.json,
Qwen2.5-3B-Instruct,Qwen2.5,base,5,10,IVQ,ordinal,k5,5,wrong,shuffled,0.1,18,0.5,0.019060749426755293,0.007251091531355993,24.443438887760138,0.093739396953371,5,False,1312,0.02,raw,lora_intervention/experiments/linear_probing/results_probe50/Qwen2.5-3B-Instruct_5k_10u/probe_fits_wrong.json,
Qwen2.5-3B-Instruct,Qwen2.5,base,5,10,IVQ,ordinal,k5,5,wrong,shuffled,0.1,19,0.527778,0.022096769512088933,0.00845511971627043,24.860160218268366,0.09344805858405016,5,False,1312,0.02,raw,lora_intervention/experiments/linear_probing/results_probe50/Qwen2.5-3B-Instruct_5k_10u/probe_fits_wrong.json,
Qwen2.5-3B-Instruct,Qwen2.5,base,5,10,IVQ,ordinal,k5,5,wrong,shuffled,0.1,20,0.555556,0.01906074942675529,0.007251091531355993,24.842428816068264,0.0921064612979636,5,False,1312,0.02,raw,lora_intervention/experiments/linear_probing/results_probe50/Qwen2.5-3B-Instruct_5k_10u/probe_fits_wrong.json,
Qwen2.5-3B-Instruct,Qwen2.5,base,5,10,IVQ,ordinal,k5,5,wrong,shuffled,0.1,21,0.583333,0.019812498185934464,0.011898483696512684,25.030627231300617,0.09223826670508516,5,False,1312,0.02,raw,lora_intervention/experiments/linear_probing/results_probe50/Qwen2.5-3B-Instruct_5k_10u/probe_fits_wrong.json,
Qwen2.5-3B-Instruct,Qwen2.5,base,5,10,IVQ,ordinal,k5,5,wrong,shuffled,0.1,22,0.611111,0.01906074942675529,0.009032246299976072,24.83577627492526,0.09253202550280501,5,False,1312,0.02,raw,lora_intervention/experiments/linear_probing/results_probe50/Qwen2.5-3B-Instruct_5k_10u/probe_fits_wrong.json,
Qwen2.5-3B-Instruct,Qwen2.5,base,5,10,IVQ,ordinal,k5,5,wrong,shuffled,0.1,23,0.638889,0.02515020462659275,0.007057982345356907,24.16732069776217,0.09814786415481007,5,False,1312,0.02,raw,lora_intervention/experiments/linear_probing/results_probe50/Qwen2.5-3B-Instruct_5k_10u/probe_fits_wrong.json,
Qwen2.5-3B-Instruct,Qwen2.5,base,5,10,IVQ,ordinal,k5,5,wrong,shuffled,0.1,24,0.666667,0.02515020462659275,0.010118907917694684,24.737123037181085,0.09887329181903186,5,False,1312,0.02,raw,lora_intervention/experiments/linear_probing/results_probe50/Qwen2.5-3B-Instruct_5k_10u/probe_fits_wrong.json,
Qwen2.5-3B-Instruct,Qwen2.5,base,5,10,IVQ,ordinal,k5,5,wrong,shuffled,0.1,25,0.694444,0.026674019678982964,0.0053733588908367,24.873932603837112,0.10009123841115816,5,False,1312,0.02,raw,lora_intervention/experiments/linear_probing/results_probe50/Qwen2.5-3B-Instruct_5k_10u/probe_fits_wrong.json,
Qwen2.5-3B-Instruct,Qwen2.5,base,5,10,IVQ,ordinal,k5,5,wrong,shuffled,0.1,26,0.722222,0.020570051954837024,0.009487460401484097,25.030859431689546,0.09830970602217765,5,False,1312,0.02,raw,lora_intervention/experiments/linear_probing/results_probe50/Qwen2.5-3B-Instruct_5k_10u/probe_fits_wrong.json,
Qwen2.5-3B-Instruct,Qwen2.5,base,5,10,IVQ,ordinal,k5,5,wrong,shuffled,0.1,27,0.75,0.025907758395495313,0.012575232196787198,24.909258990508807,0.0984363148450834,5,False,1312,0.02,raw,lora_intervention/experiments/linear_probing/results_probe50/Qwen2.5-3B-Instruct_5k_10u/probe_fits_wrong.json,
Qwen2.5-3B-Instruct,Qwen2.5,base,5,10,IVQ,ordinal,k5,5,wrong,shuffled,0.1,28,0.777778,0.02057295445969872,0.0070372222507899766,25.051853249354192,0.09377962140357557,5,False,1312,0.02,raw,lora_intervention/experiments/linear_probing/results_probe50/Qwen2.5-3B-Instruct_5k_10u/probe_fits_wrong.json,
Qwen2.5-3B-Instruct,Qwen2.5,base,5,10,IVQ,ordinal,k5,5,wrong,shuffled,0.1,29,0.805556,0.018285780628682555,0.008808511692863438,25.069387281223694,0.09194026274991204,5,False,1312,0.02,raw,lora_intervention/experiments/linear_probing/results_probe50/Qwen2.5-3B-Instruct_5k_10u/probe_fits_wrong.json,
Qwen2.5-3B-Instruct,Qwen2.5,base,5,10,IVQ,ordinal,k5,5,wrong,shuffled,0.1,30,0.833333,0.020581661974283804,0.0061945356405991294,24.87914550256872,0.0944364937590884,5,False,1312,0.02,raw,lora_intervention/experiments/linear_probing/results_probe50/Qwen2.5-3B-Instruct_5k_10u/probe_fits_wrong.json,
Qwen2.5-3B-Instruct,Qwen2.5,base,5,10,IVQ,ordinal,k5,5,wrong,shuffled,0.1,31,0.861111,0.021342118248048065,0.003894287646961634,25.194238527849535,0.09557258234335253,5,False,1312,0.02,raw,lora_intervention/experiments/linear_probing/results_probe50/Qwen2.5-3B-Instruct_5k_10u/probe_fits_wrong.json,
Qwen2.5-3B-Instruct,Qwen2.5,base,5,10,IVQ,ordinal,k5,5,wrong,shuffled,0.1,32,0.888889,0.024383943343105098,0.009198607124433962,25.71344150001451,0.09387652626135996,5,False,1312,0.02,raw,lora_intervention/experiments/linear_probing/results_probe50/Qwen2.5-3B-Instruct_5k_10u/probe_fits_wrong.json,
Qwen2.5-3B-Instruct,Qwen2.5,base,5,10,IVQ,ordinal,k5,5,wrong,shuffled,0.1,33,0.916667,0.021339215743186372,0.005167246183598527,25.68450642904827,0.09066125039960816,5,False,1312,0.02,raw,lora_intervention/experiments/linear_probing/results_probe50/Qwen2.5-3B-Instruct_5k_10u/probe_fits_wrong.json,
Qwen2.5-3B-Instruct,Qwen2.5,base,5,10,IVQ,ordinal,k5,5,wrong,shuffled,0.1,34,0.944444,0.022860128290714887,0.0033684741281440472,25.073488520593273,0.09345157717025829,5,False,1312,0.02,raw,lora_intervention/experiments/linear_probing/results_probe50/Qwen2.5-3B-Instruct_5k_10u/probe_fits_wrong.json,
Qwen2.5-3B-Instruct,Qwen2.5,base,5,10,IVQ,ordinal,k5,5,wrong,shuffled,0.1,35,0.972222,0.0243839433431051,0.008876215791689282,25.207259164659103,0.09334083480642294,5,False,1312,0.02,raw,lora_intervention/experiments/linear_probing/results_probe50/Qwen2.5-3B-Instruct_5k_10u/probe_fits_wrong.json,
Qwen2.5-3B-Instruct,Qwen2.5,base,5,10,IVQ,ordinal,k5,5,wrong,shuffled,0.1,36,1.0,0.023620584564479147,0.006533051666065208,25.243813310887294,0.09295711576891089,5,False,1312,0.02,raw,lora_intervention/experiments/linear_probing/results_probe50/Qwen2.5-3B-Instruct_5k_10u/probe_fits_wrong.json,
Qwen2.5-3B-Instruct,Qwen2.5,base,5,10,IVQ,ordinal,k6,6,wrong,cv_first,0.1,0,0.0,0.026335650446871896,3.972194637537341e-05,22.722567740104978,0.10830401905829176,5,False,1329,0.02,raw,lora_intervention/experiments/linear_probing/results_probe50/Qwen2.5-3B-Instruct_5k_10u/probe_fits_wrong.json,
Qwen2.5-3B-Instruct,Qwen2.5,base,5,10,IVQ,ordinal,k6,6,wrong,cv_first,0.1,1,0.027778,0.02859980139026812,0.005672151565607018,23.4463838842389,0.10792281529211793,5,False,1329,0.02,raw,lora_intervention/experiments/linear_probing/results_probe50/Qwen2.5-3B-Instruct_5k_10u/probe_fits_wrong.json,
Qwen2.5-3B-Instruct,Qwen2.5,base,5,10,IVQ,ordinal,k6,6,wrong,cv_first,0.1,2,0.055556,0.024834728330259608,0.006573092429491391,23.399625478791318,0.1045598292087303,5,False,1329,0.02,raw,lora_intervention/experiments/linear_probing/results_probe50/Qwen2.5-3B-Instruct_5k_10u/probe_fits_wrong.json,
Qwen2.5-3B-Instruct,Qwen2.5,base,5,10,IVQ,ordinal,k6,6,wrong,cv_first,0.1,3,0.083333,0.0248290537664917,0.006102104885874419,23.350764647467724,0.10504119375483387,5,False,1329,0.02,raw,lora_intervention/experiments/linear_probing/results_probe50/Qwen2.5-3B-Instruct_5k_10u/probe_fits_wrong.json,
Qwen2.5-3B-Instruct,Qwen2.5,base,5,10,IVQ,ordinal,k6,6,wrong,cv_first,0.1,4,0.111111,0.023325294367995457,0.008702232627057313,23.60117747198184,0.1025941387942074,5,False,1329,0.02,raw,lora_intervention/experiments/linear_probing/results_probe50/Qwen2.5-3B-Instruct_5k_10u/probe_fits_wrong.json,
Qwen2.5-3B-Instruct,Qwen2.5,base,5,10,IVQ,ordinal,k6,6,wrong,cv_first,0.1,5,0.138889,0.022567740104979427,0.004737380597384362,23.480822811746346,0.10383931409025829,5,False,1329,0.02,raw,lora_intervention/experiments/linear_probing/results_probe50/Qwen2.5-3B-Instruct_5k_10u/probe_fits_wrong.json,
Qwen2.5-3B-Instruct,Qwen2.5,base,5,10,IVQ,ordinal,k6,6,wrong,cv_first,0.1,6,0.166667,0.025578096183855863,0.006877204911754997,23.41828628174209,0.10423524101062984,5,False,1329,0.02,raw,lora_intervention/experiments/linear_probing/results_probe50/Qwen2.5-3B-Instruct_5k_10u/probe_fits_wrong.json,
Qwen2.5-3B-Instruct,Qwen2.5,base,5,10,IVQ,ordinal,k6,6,wrong,cv_first,0.1,7,0.194444,0.03235919988650872,0.010805481768041428,23.746395233366435,0.10889850055820674,5,False,1329,0.02,raw,lora_intervention/experiments/linear_probing/results_probe50/Qwen2.5-3B-Instruct_5k_10u/probe_fits_wrong.json,
Qwen2.5-3B-Instruct,Qwen2.5,base,5,10,IVQ,ordinal,k6,6,wrong,cv_first,0.1,8,0.222222,0.02784224712725209,0.009980046164382588,23.630432685487303,0.10639916869283787,5,False,1329,0.02,raw,lora_intervention/experiments/linear_probing/results_probe50/Qwen2.5-3B-Instruct_5k_10u/probe_fits_wrong.json,
Qwen2.5-3B-Instruct,Qwen2.5,base,5,10,IVQ,ordinal,k6,6,wrong,cv_first,0.1,9,0.25,0.030089374379344586,0.011388815553513123,23.2673740956164,0.10829915792881861,5,False,1329,0.02,raw,lora_intervention/experiments/linear_probing/results_probe50/Qwen2.5-3B-Instruct_5k_10u/probe_fits_wrong.json,
Qwen2.5-3B-Instruct,Qwen2.5,base,5,10,IVQ,ordinal,k6,6,wrong,cv_first,0.1,10,0.277778,0.030089374379344586,0.012568662371907945,23.206327138601218,0.10698052060727328,5,False,1329,0.02,raw,lora_intervention/experiments/linear_probing/results_probe50/Qwen2.5-3B-Instruct_5k_10u/probe_fits_wrong.json,
Qwen2.5-3B-Instruct,Qwen2.5,base,5,10,IVQ,ordinal,k6,6,wrong,cv_first,0.1,11,0.305556,0.02857710313519648,0.014764007230712771,23.192098169953187,0.10875412737953752,5,False,1329,0.02,raw,lora_intervention/experiments/linear_probing/results_probe50/Qwen2.5-3B-Instruct_5k_10u/probe_fits_wrong.json,
Qwen2.5-3B-Instruct,Qwen2.5,base,5,10,IVQ,ordinal,k6,6,wrong,cv_first,0.1,12,0.333333,0.03084409136047666,0.008355813934982966,22.93956873315364,0.10944664270895994,5,False,1329,0.02,raw,lora_intervention/experiments/linear_probing/results_probe50/Qwen2.5-3B-Instruct_5k_10u/probe_fits_wrong.json,
Qwen2.5-3B-Instruct,Qwen2.5,base,5,10,IVQ,ordinal,k6,6,wrong,cv_first,0.1,13,0.361111,0.032353525322740814,0.00654707697699535,22.59783231664066,0.11538111359503056,5,False,1329,0.02,raw,lora_intervention/experiments/linear_probing/results_probe50/Qwen2.5-3B-Instruct_5k_10u/probe_fits_wrong.json,
Qwen2.5-3B-Instruct,Qwen2.5,base,5,10,IVQ,ordinal,k6,6,wrong,cv_first,0.1,14,0.388889,0.033099730458221024,0.010982800430737153,22.64985671726486,0.11601399324467927,5,False,1329,0.02,raw,lora_intervention/experiments/linear_probing/results_probe50/Qwen2.5-3B-Instruct_5k_10u/probe_fits_wrong.json,
Qwen2.5-3B-Instruct,Qwen2.5,base,5,10,IVQ,ordinal,k6,6,wrong,cv_first,0.1,15,0.416667,0.026335650446871896,0.006290802300416451,22.598703362179034,0.11181142918085787,5,False,1329,0.02,raw,lora_intervention/experiments/linear_probing/results_probe50/Qwen2.5-3B-Instruct_5k_10u/probe_fits_wrong.json,
Qwen2.5-3B-Instruct,Qwen2.5,base,5,10,IVQ,ordinal,k6,6,wrong,cv_first,0.1,16,0.444444,0.034623350829904954,0.012712633275563575,22.215454674421906,0.11820565082981385,5,False,1329,0.02,raw,lora_intervention/experiments/linear_probing/results_probe50/Qwen2.5-3B-Instruct_5k_10u/probe_fits_wrong.json,
Qwen2.5-3B-Instruct,Qwen2.5,base,5,10,IVQ,ordinal,k6,6,wrong,cv_first,0.1,17,0.472222,0.031607320187260604,0.00699730893097441,22.443892750744787,0.11510879683931843,5,False,1329,0.02,raw,lora_intervention/experiments/linear_probing/results_probe50/Qwen2.5-3B-Instruct_5k_10u/probe_fits_wrong.json,
Qwen2.5-3B-Instruct,Qwen2.5,base,5,10,IVQ,ordinal,k6,6,wrong,cv_first,0.1,18,0.5,0.040638388423889914,0.010229125637008623,22.01582919563059,0.12055608390126556,5,False,1329,0.02,raw,lora_intervention/experiments/linear_probing/results_probe50/Qwen2.5-3B-Instruct_5k_10u/probe_fits_wrong.json,
Qwen2.5-3B-Instruct,Qwen2.5,base,5,10,IVQ,ordinal,k6,6,wrong,cv_first,0.1,19,0.527778,0.034620513548020995,0.006523444793801728,21.6734033196198,0.11886409796732436,5,False,1329,0.02,raw,lora_intervention/experiments/linear_probing/results_probe50/Qwen2.5-3B-Instruct_5k_10u/probe_fits_wrong.json,
Qwen2.5-3B-Instruct,Qwen2.5,base,5,10,IVQ,ordinal,k6,6,wrong,cv_first,0.1,20,0.555556,0.03612711022840119,0.009736117798409036,21.965143992055612,0.11996816324222803,5,False,1329,0.02,raw,lora_intervention/experiments/linear_probing/results_probe50/Qwen2.5-3B-Instruct_5k_10u/probe_fits_wrong.json,
Qwen2.5-3B-Instruct,Qwen2.5,base,5,10,IVQ,ordinal,k6,6,wrong,cv_first,0.1,21,0.583333,0.03912895446162576,0.012721127906788554,22.408880692296776,0.12086679951927534,5,False,1329,0.02,raw,lora_intervention/experiments/linear_probing/results_probe50/Qwen2.5-3B-Instruct_5k_10u/probe_fits_wrong.json,
Qwen2.5-3B-Instruct,Qwen2.5,base,5,10,IVQ,ordinal,k6,6,wrong,cv_first,0.1,22,0.611111,0.03912611717974181,0.01078769869817235,21.582423038728898,0.12422906856662083,5,False,1329,0.02,raw,lora_intervention/experiments/linear_probing/results_probe50/Qwen2.5-3B-Instruct_5k_10u/probe_fits_wrong.json,
Qwen2.5-3B-Instruct,Qwen2.5,base,5,10,IVQ,ordinal,k6,6,wrong,cv_first,0.1,23,0.638889,0.11586891757696127,0.012379469569810262,15.15091218612569,0.23082189601494446,5,False,1329,0.02,raw,lora_intervention/experiments/linear_probing/results_probe50/Qwen2.5-3B-Instruct_5k_10u/probe_fits_wrong.json,
Qwen2.5-3B-Instruct,Qwen2.5,base,5,10,IVQ,ordinal,k6,6,wrong,cv_first,0.1,24,0.666667,0.08953610441197332,0.012182614420981161,15.771502340757554,0.20801570144047582,5,False,1329,0.02,raw,lora_intervention/experiments/linear_probing/results_probe50/Qwen2.5-3B-Instruct_5k_10u/probe_fits_wrong.json,
Qwen2.5-3B-Instruct,Qwen2.5,base,5,10,IVQ,ordinal,k6,6,wrong,cv_first,0.1,25,0.694444,0.12793020286565468,0.02096443834307755,14.251536388140162,0.25207421664306046,5,False,1329,0.02,raw,lora_intervention/experiments/linear_probing/results_probe50/Qwen2.5-3B-Instruct_5k_10u/probe_fits_wrong.json,
Qwen2.5-3B-Instruct,Qwen2.5,base,5,10,IVQ,ordinal,k6,6,wrong,cv_first,0.1,26,0.722222,0.17157327280465315,0.024554837042002467,11.939114768052205,0.30206782589792164,5,False,1329,0.02,raw,lora_intervention/experiments/linear_probing/results_probe50/Qwen2.5-3B-Instruct_5k_10u/probe_fits_wrong.json,
Qwen2.5-3B-Instruct,Qwen2.5,base,5,10,IVQ,ordinal,k6,6,wrong,cv_first,0.1,27,0.75,0.17609590012767767,0.026595624626447704,11.752291105121294,0.3129251501931653,5,False,1329,0.02,raw,lora_intervention/experiments/linear_probing/results_probe50/Qwen2.5-3B-Instruct_5k_10u/probe_fits_wrong.json,
Qwen2.5-3B-Instruct,Qwen2.5,base,5,10,IVQ,ordinal,k6,6,wrong,cv_first,0.1,28,0.777778,0.19490140445453258,0.02422128169069411,11.45977869201305,0.32840198354133643,5,False,1329,0.02,raw,lora_intervention/experiments/linear_probing/results_probe50/Qwen2.5-3B-Instruct_5k_10u/probe_fits_wrong.json,
Qwen2.5-3B-Instruct,Qwen2.5,base,5,10,IVQ,ordinal,k6,6,wrong,cv_first,0.1,29,0.805556,0.18585614980848347,0.021625849253349563,12.171777557100297,0.3120044891909871,5,False,1329,0.02,raw,lora_intervention/experiments/linear_probing/results_probe50/Qwen2.5-3B-Instruct_5k_10u/probe_fits_wrong.json,
Qwen2.5-3B-Instruct,Qwen2.5,base,5,10,IVQ,ordinal,k6,6,wrong,cv_first,0.1,30,0.833333,0.1760817137182579,0.026047831641062155,11.958394098453681,0.30896541211144346,5,False,1329,0.02,raw,lora_intervention/experiments/linear_probing/results_probe50/Qwen2.5-3B-Instruct_5k_10u/probe_fits_wrong.json,
Qwen2.5-3B-Instruct,Qwen2.5,base,5,10,IVQ,ordinal,k6,6,wrong,cv_first,0.1,31,0.861111,0.22200312101007236,0.02842598225395654,9.953726769754576,0.3654459838853027,5,False,1329,0.02,raw,lora_intervention/experiments/linear_probing/results_probe50/Qwen2.5-3B-Instruct_5k_10u/probe_fits_wrong.json,
Qwen2.5-3B-Instruct,Qwen2.5,base,5,10,IVQ,ordinal,k6,6,wrong,cv_first,0.1,32,0.888889,0.1888920414243155,0.020950257728736467,10.631525039012626,0.3305837234507139,5,False,1329,0.02,raw,lora_intervention/experiments/linear_probing/results_probe50/Qwen2.5-3B-Instruct_5k_10u/probe_fits_wrong.json,
Qwen2.5-3B-Instruct,Qwen2.5,base,5,10,IVQ,ordinal,k6,6,wrong,cv_first,0.1,33,0.916667,0.15878280607178322,0.011269091455637552,10.811329266562634,0.3033999659503974,5,False,1329,0.02,raw,lora_intervention/experiments/linear_probing/results_probe50/Qwen2.5-3B-Instruct_5k_10u/probe_fits_wrong.json,
Qwen2.5-3B-Instruct,Qwen2.5,base,5,10,IVQ,ordinal,k6,6,wrong,cv_first,0.1,34,0.944444,0.17909206979713432,0.012416071307985213,9.286344162292522,0.34108092385511046,5,False,1329,0.02,raw,lora_intervention/experiments/linear_probing/results_probe50/Qwen2.5-3B-Instruct_5k_10u/probe_fits_wrong.json,
Qwen2.5-3B-Instruct,Qwen2.5,base,5,10,IVQ,ordinal,k6,6,wrong,cv_first,0.1,35,0.972222,0.1888863668605476,0.017330187889421086,9.149331820116327,0.3459712795955759,5,False,1329,0.02,raw,lora_intervention/experiments/linear_probing/results_probe50/Qwen2.5-3B-Instruct_5k_10u/probe_fits_wrong.json,
Qwen2.5-3B-Instruct,Qwen2.5,base,5,10,IVQ,ordinal,k6,6,wrong,cv_first,0.1,36,1.0,0.19039863810469568,0.02166342180198677,8.879191374663073,0.35037605929649285,5,False,1329,0.02,raw,lora_intervention/experiments/linear_probing/results_probe50/Qwen2.5-3B-Instruct_5k_10u/probe_fits_wrong.json,
Qwen2.5-3B-Instruct,Qwen2.5,base,5,10,IVQ,ordinal,k6,6,wrong,cv_last,0.1,0,0.0,0.026335650446871896,3.972194637537341e-05,23.218121719392823,0.10603855919676497,5,False,1329,0.02,raw,lora_intervention/experiments/linear_probing/results_probe50/Qwen2.5-3B-Instruct_5k_10u/probe_fits_wrong.json,
Qwen2.5-3B-Instruct,Qwen2.5,base,5,10,IVQ,ordinal,k6,6,wrong,cv_last,0.1,1,0.027778,0.05115335508582778,0.012680765976947644,20.00907362746489,0.14934674718222465,5,False,1329,0.02,raw,lora_intervention/experiments/linear_probing/results_probe50/Qwen2.5-3B-Instruct_5k_10u/probe_fits_wrong.json,
Qwen2.5-3B-Instruct,Qwen2.5,base,5,10,IVQ,ordinal,k6,6,wrong,cv_last,0.1,2,0.055556,0.07522201730741948,0.01773520792188948,17.79918853738119,0.1824035709999044,5,False,1329,0.02,raw,lora_intervention/experiments/linear_probing/results_probe50/Qwen2.5-3B-Instruct_5k_10u/probe_fits_wrong.json,
Qwen2.5-3B-Instruct,Qwen2.5,base,5,10,IVQ,ordinal,k6,6,wrong,cv_last,0.1,3,0.083333,0.0677088948787062,0.017438065566016903,17.69525890197191,0.17821831132845598,5,False,1329,0.02,raw,lora_intervention/experiments/linear_probing/results_probe50/Qwen2.5-3B-Instruct_5k_10u/probe_fits_wrong.json,
Qwen2.5-3B-Instruct,Qwen2.5,base,5,10,IVQ,ordinal,k6,6,wrong,cv_last,0.1,4,0.111111,0.06921549155908639,0.012893986861875437,18.699429706341327,0.16947678495080146,5,False,1329,0.02,raw,lora_intervention/experiments/linear_probing/results_probe50/Qwen2.5-3B-Instruct_5k_10u/probe_fits_wrong.json,
Qwen2.5-3B-Instruct,Qwen2.5,base,5,10,IVQ,ordinal,k6,6,wrong,cv_last,0.1,5,0.138889,0.06093914030358916,0.015083385446404671,19.105254646049087,0.1599538386121182,5,False,1329,0.02,raw,lora_intervention/experiments/linear_probing/results_probe50/Qwen2.5-3B-Instruct_5k_10u/probe_fits_wrong.json,
Qwen2.5-3B-Instruct,Qwen2.5,base,5,10,IVQ,ordinal,k6,6,wrong,cv_last,0.1,6,0.166667,0.05567314512696836,0.01043841596365212,19.389436799546036,0.15700263186220614,5,False,1329,0.02,raw,lora_intervention/experiments/linear_probing/results_probe50/Qwen2.5-3B-Instruct_5k_10u/probe_fits_wrong.json,
Qwen2.5-3B-Instruct,Qwen2.5,base,5,10,IVQ,ordinal,k6,6,wrong,cv_last,0.1,7,0.194444,0.05943538090509291,0.011218791960863304,19.711717974180736,0.15349081068273165,5,False,1329,0.02,raw,lora_intervention/experiments/linear_probing/results_probe50/Qwen2.5-3B-Instruct_5k_10u/probe_fits_wrong.json,
Qwen2.5-3B-Instruct,Qwen2.5,base,5,10,IVQ,ordinal,k6,6,wrong,cv_last,0.1,8,0.222222,0.05642502482621649,0.013421625725241304,20.054716981132078,0.15044156781670984,5,False,1329,0.02,raw,lora_intervention/experiments/linear_probing/results_probe50/Qwen2.5-3B-Instruct_5k_10u/probe_fits_wrong.json,
Qwen2.5-3B-Instruct,Qwen2.5,base,5,10,IVQ,ordinal,k6,6,wrong,cv_last,0.1,9,0.25,0.05267130089374379,0.010896061608755642,20.565711448432403,0.14322700965450957,5,False,1329,0.02,raw,lora_intervention/experiments/linear_probing/results_probe50/Qwen2.5-3B-Instruct_5k_10u/probe_fits_wrong.json,
Qwen2.5-3B-Instruct,Qwen2.5,base,5,10,IVQ,ordinal,k6,6,wrong,cv_last,0.1,10,0.277778,0.05116186693147964,0.0129201655035141,20.583833167825226,0.14125425590285667,5,False,1329,0.02,raw,lora_intervention/experiments/linear_probing/results_probe50/Qwen2.5-3B-Instruct_5k_10u/probe_fits_wrong.json,
Qwen2.5-3B-Instruct,Qwen2.5,base,5,10,IVQ,ordinal,k6,6,wrong,cv_last,0.1,11,0.305556,0.047405305717122995,0.010796894375551458,20.88015037593985,0.13689885545177538,5,False,1329,0.02,raw,lora_intervention/experiments/linear_probing/results_probe50/Qwen2.5-3B-Instruct_5k_10u/probe_fits_wrong.json,
Qwen2.5-3B-Instruct,Qwen2.5,base,5,10,IVQ,ordinal,k6,6,wrong,cv_last,0.1,12,0.333333,0.0458987090367428,0.009626340077966096,20.989538941693855,0.13593558642008186,5,False,1329,0.02,raw,lora_intervention/experiments/linear_probing/results_probe50/Qwen2.5-3B-Instruct_5k_10u/probe_fits_wrong.json,
Qwen2.5-3B-Instruct,Qwen2.5,base,5,10,IVQ,ordinal,k6,6,wrong,cv_last,0.1,13,0.361111,0.04137891899560221,0.01521187295817501,21.177809618385588,0.1318447607097843,5,False,1329,0.02,raw,lora_intervention/experiments/linear_probing/results_probe50/Qwen2.5-3B-Instruct_5k_10u/probe_fits_wrong.json,
Qwen2.5-3B-Instruct,Qwen2.5,base,5,10,IVQ,ordinal,k6,6,wrong,cv_last,0.1,14,0.388889,0.04138459355937012,0.011402991062615138,20.830767484749607,0.12952058303108305,5,False,1329,0.02,raw,lora_intervention/experiments/linear_probing/results_probe50/Qwen2.5-3B-Instruct_5k_10u/probe_fits_wrong.json,
Qwen2.5-3B-Instruct,Qwen2.5,base,5,10,IVQ,ordinal,k6,6,wrong,cv_last,0.1,15,0.416667,0.03460916442048517,0.013733723966645564,21.259696410838416,0.12299841335232405,5,False,1329,0.02,raw,lora_intervention/experiments/linear_probing/results_probe50/Qwen2.5-3B-Instruct_5k_10u/probe_fits_wrong.json,
Qwen2.5-3B-Instruct,Qwen2.5,base,5,10,IVQ,ordinal,k6,6,wrong,cv_last,0.1,16,0.444444,0.035366718683501205,0.006982048611298491,21.30712157752873,0.12384146410371077,5,False,1329,0.02,raw,lora_intervention/experiments/linear_probing/results_probe50/Qwen2.5-3B-Instruct_5k_10u/probe_fits_wrong.json,
Qwen2.5-3B-Instruct,Qwen2.5,base,5,10,IVQ,ordinal,k6,6,wrong,cv_last,0.1,17,0.472222,0.03762235778124556,0.008572935363443685,21.63609590012768,0.12553412615793755,5,False,1329,0.02,raw,lora_intervention/experiments/linear_probing/results_probe50/Qwen2.5-3B-Instruct_5k_10u/probe_fits_wrong.json,
Qwen2.5-3B-Instruct,Qwen2.5,base,5,10,IVQ,ordinal,k6,6,wrong,cv_last,0.1,18,0.5,0.03912327989785785,0.006953531346942086,21.621089516243437,0.12565178315408318,5,False,1329,0.02,raw,lora_intervention/experiments/linear_probing/results_probe50/Qwen2.5-3B-Instruct_5k_10u/probe_fits_wrong.json,
Qwen2.5-3B-Instruct,Qwen2.5,base,5,10,IVQ,ordinal,k6,6,wrong,cv_last,0.1,19,0.527778,0.033099730458221024,0.007644368271207333,22.619537523052912,0.11635656007658954,5,False,1329,0.02,raw,lora_intervention/experiments/linear_probing/results_probe50/Qwen2.5-3B-Instruct_5k_10u/probe_fits_wrong.json,
Qwen2.5-3B-Instruct,Qwen2.5,base,5,10,IVQ,ordinal,k6,6,wrong,cv_last,0.1,20,0.555556,0.036110086537097456,0.006944861645199461,23.048151510852602,0.11655499387542659,5,False,1329,0.02,raw,lora_intervention/experiments/linear_probing/results_probe50/Qwen2.5-3B-Instruct_5k_10u/probe_fits_wrong.json,
Qwen2.5-3B-Instruct,Qwen2.5,base,5,10,IVQ,ordinal,k6,6,wrong,cv_last,0.1,21,0.583333,0.03310824230387289,0.009920041524655745,23.612986239182867,0.11000414291521883,5,False,1329,0.02,raw,lora_intervention/experiments/linear_probing/results_probe50/Qwen2.5-3B-Instruct_5k_10u/probe_fits_wrong.json,
Qwen2.5-3B-Instruct,Qwen2.5,base,5,10,IVQ,ordinal,k6,6,wrong,cv_last,0.1,22,0.611111,0.021066817988367143,0.002996994409675182,24.33896439211236,0.09714128587810748,5,False,1329,0.02,raw,lora_intervention/experiments/linear_probing/results_probe50/Qwen2.5-3B-Instruct_5k_10u/probe_fits_wrong.json,
Qwen2.5-3B-Instruct,Qwen2.5,base,5,10,IVQ,ordinal,k6,6,wrong,cv_last,0.1,23,0.638889,0.024080011349127534,0.007373072093360084,24.694353809050927,0.09703497055796018,5,False,1329,0.02,raw,lora_intervention/experiments/linear_probing/results_probe50/Qwen2.5-3B-Instruct_5k_10u/probe_fits_wrong.json,
Qwen2.5-3B-Instruct,Qwen2.5,base,5,10,IVQ,ordinal,k6,6,wrong,cv_last,0.1,24,0.666667,0.018802667044970918,0.007123988245108939,24.82955596538516,0.09057592030508778,5,False,1329,0.02,raw,lora_intervention/experiments/linear_probing/results_probe50/Qwen2.5-3B-Instruct_5k_10u/probe_fits_wrong.json,
Qwen2.5-3B-Instruct,Qwen2.5,base,5,10,IVQ,ordinal,k6,6,wrong,cv_last,0.1,25,0.694444,0.016552702510994464,0.0038294624468804225,24.709048091927933,0.08992436043971493,5,False,1329,0.02,raw,lora_intervention/experiments/linear_probing/results_probe50/Qwen2.5-3B-Instruct_5k_10u/probe_fits_wrong.json,
Qwen2.5-3B-Instruct,Qwen2.5,base,5,10,IVQ,ordinal,k6,6,wrong,cv_last,0.1,26,0.722222,0.015800822811746346,0.007288608823011583,24.651996027805364,0.08866807655949524,5,False,1329,0.02,raw,lora_intervention/experiments/linear_probing/results_probe50/Qwen2.5-3B-Instruct_5k_10u/probe_fits_wrong.json,
Qwen2.5-3B-Instruct,Qwen2.5,base,5,10,IVQ,ordinal,k6,6,wrong,cv_last,0.1,27,0.75,0.02181586040573131,0.006002299163909209,24.48740530571712,0.09342045789065823,5,False,1329,0.02,raw,lora_intervention/experiments/linear_probing/results_probe50/Qwen2.5-3B-Instruct_5k_10u/probe_fits_wrong.json,
Qwen2.5-3B-Instruct,Qwen2.5,base,5,10,IVQ,ordinal,k6,6,wrong,cv_last,0.1,28,0.777778,0.02256490282309547,0.0071195063508878486,24.542179032486878,0.09607439117095733,5,False,1329,0.02,raw,lora_intervention/experiments/linear_probing/results_probe50/Qwen2.5-3B-Instruct_5k_10u/probe_fits_wrong.json,
Qwen2.5-3B-Instruct,Qwen2.5,base,5,10,IVQ,ordinal,k6,6,wrong,cv_last,0.1,29,0.805556,0.021063980706483187,0.0077322849831212605,24.084162292523764,0.10017265916474434,5,False,1329,0.02,raw,lora_intervention/experiments/linear_probing/results_probe50/Qwen2.5-3B-Instruct_5k_10u/probe_fits_wrong.json,
Qwen2.5-3B-Instruct,Qwen2.5,base,5,10,IVQ,ordinal,k6,6,wrong,cv_last,0.1,30,0.833333,0.027833735281600224,0.00507441340820833,23.972759256632145,0.10453813297223014,5,False,1329,0.02,raw,lora_intervention/experiments/linear_probing/results_probe50/Qwen2.5-3B-Instruct_5k_10u/probe_fits_wrong.json,
Qwen2.5-3B-Instruct,Qwen2.5,base,5,10,IVQ,ordinal,k6,6,wrong,cv_last,0.1,31,0.861111,0.027081855582352106,0.004357422104662692,23.016481770463898,0.10610482414449426,5,False,1329,0.02,raw,lora_intervention/experiments/linear_probing/results_probe50/Qwen2.5-3B-Instruct_5k_10u/probe_fits_wrong.json,
Qwen2.5-3B-Instruct,Qwen2.5,base,5,10,IVQ,ordinal,k6,6,wrong,cv_last,0.1,32,0.888889,0.04288267839409845,0.008412640783969137,20.432265569584338,0.13687158850790132,5,False,1329,0.02,raw,lora_intervention/experiments/linear_probing/results_probe50/Qwen2.5-3B-Instruct_5k_10u/probe_fits_wrong.json,
Qwen2.5-3B-Instruct,Qwen2.5,base,5,10,IVQ,ordinal,k6,6,wrong,cv_last,0.1,33,0.916667,0.05190239750319194,0.013071741624463137,18.715840544758123,0.15503894529762635,5,False,1329,0.02,raw,lora_intervention/experiments/linear_probing/results_probe50/Qwen2.5-3B-Instruct_5k_10u/probe_fits_wrong.json,
Qwen2.5-3B-Instruct,Qwen2.5,base,5,10,IVQ,ordinal,k6,6,wrong,cv_last,0.1,34,0.944444,0.05116186693147964,0.009062682512202396,17.569672293942403,0.16347169720335222,5,False,1329,0.02,raw,lora_intervention/experiments/linear_probing/results_probe50/Qwen2.5-3B-Instruct_5k_10u/probe_fits_wrong.json,
Qwen2.5-3B-Instruct,Qwen2.5,base,5,10,IVQ,ordinal,k6,6,wrong,cv_last,0.1,35,0.972222,0.05566747056320045,0.01430932704689769,17.17235919988651,0.16566559573289788,5,False,1329,0.02,raw,lora_intervention/experiments/linear_probing/results_probe50/Qwen2.5-3B-Instruct_5k_10u/probe_fits_wrong.json,
Qwen2.5-3B-Instruct,Qwen2.5,base,5,10,IVQ,ordinal,k6,6,wrong,cv_last,0.1,36,1.0,0.054169385728472116,0.013342876076568495,16.763050078025252,0.16907646530172618,5,False,1329,0.02,raw,lora_intervention/experiments/linear_probing/results_probe50/Qwen2.5-3B-Instruct_5k_10u/probe_fits_wrong.json,
Qwen2.5-3B-Instruct,Qwen2.5,base,5,10,IVQ,ordinal,k6,6,wrong,expected,0.1,0,0.0,0.026335650446871896,3.972194637537341e-05,22.714166548446588,0.10795140285018823,5,False,1329,0.02,raw,lora_intervention/experiments/linear_probing/results_probe50/Qwen2.5-3B-Instruct_5k_10u/probe_fits_wrong.json,
Qwen2.5-3B-Instruct,Qwen2.5,base,5,10,IVQ,ordinal,k6,6,wrong,expected,0.1,1,0.027778,0.021821534969499217,0.00870517385047599,24.354021847070506,0.09313990048116155,5,False,1329,0.02,raw,lora_intervention/experiments/linear_probing/results_probe50/Qwen2.5-3B-Instruct_5k_10u/probe_fits_wrong.json,
Qwen2.5-3B-Instruct,Qwen2.5,base,5,10,IVQ,ordinal,k6,6,wrong,expected,0.1,2,0.055556,0.020320612852886933,0.005647884509592847,23.957318768619665,0.09476116496016385,5,False,1329,0.02,raw,lora_intervention/experiments/linear_probing/results_probe50/Qwen2.5-3B-Instruct_5k_10u/probe_fits_wrong.json,
Qwen2.5-3B-Instruct,Qwen2.5,base,5,10,IVQ,ordinal,k6,6,wrong,expected,0.1,3,0.083333,0.01730174492835863,0.00809168518859284,24.07675131224287,0.09256764032342057,5,False,1329,0.02,raw,lora_intervention/experiments/linear_probing/results_probe50/Qwen2.5-3B-Instruct_5k_10u/probe_fits_wrong.json,
Qwen2.5-3B-Instruct,Qwen2.5,base,5,10,IVQ,ordinal,k6,6,wrong,expected,0.1,4,0.111111,0.015043268548730315,0.006283901078678218,24.134682933749467,0.09169868797697898,5,False,1329,0.02,raw,lora_intervention/experiments/linear_probing/results_probe50/Qwen2.5-3B-Instruct_5k_10u/probe_fits_wrong.json,
Qwen2.5-3B-Instruct,Qwen2.5,base,5,10,IVQ,ordinal,k6,6,wrong,expected,0.1,5,0.138889,0.01579798552986239,0.005518236822964226,24.341404454532558,0.09077486522412785,5,False,1329,0.02,raw,lora_intervention/experiments/linear_probing/results_probe50/Qwen2.5-3B-Instruct_5k_10u/probe_fits_wrong.json,
Qwen2.5-3B-Instruct,Qwen2.5,base,5,10,IVQ,ordinal,k6,6,wrong,expected,0.1,6,0.166667,0.016552702510994464,0.005096199002678002,24.523560788764364,0.08953003257968928,5,False,1329,0.02,raw,lora_intervention/experiments/linear_probing/results_probe50/Qwen2.5-3B-Instruct_5k_10u/probe_fits_wrong.json,
Qwen2.5-3B-Instruct,Qwen2.5,base,5,10,IVQ,ordinal,k6,6,wrong,expected,0.1,7,0.194444,0.016558377074762376,0.006125135013365696,24.919412682650023,0.08689741182843971,5,False,1329,0.02,raw,lora_intervention/experiments/linear_probing/results_probe50/Qwen2.5-3B-Instruct_5k_10u/probe_fits_wrong.json,
Qwen2.5-3B-Instruct,Qwen2.5,base,5,10,IVQ,ordinal,k6,6,wrong,expected,0.1,8,0.222222,0.01806497375514257,0.007312350848417798,24.5869144559512,0.09101385632665553,5,False,1329,0.02,raw,lora_intervention/experiments/linear_probing/results_probe50/Qwen2.5-3B-Instruct_5k_10u/probe_fits_wrong.json,
Qwen2.5-3B-Instruct,Qwen2.5,base,5,10,IVQ,ordinal,k6,6,wrong,expected,0.1,9,0.25,0.01656121435664633,0.006584405189688666,24.700456802383314,0.08881007142648085,5,False,1329,0.02,raw,lora_intervention/experiments/linear_probing/results_probe50/Qwen2.5-3B-Instruct_5k_10u/probe_fits_wrong.json,
Qwen2.5-3B-Instruct,Qwen2.5,base,5,10,IVQ,ordinal,k6,6,wrong,expected,0.1,10,0.277778,0.017310256774010498,0.005117149377664719,24.747995460348985,0.09020925709544647,5,False,1329,0.02,raw,lora_intervention/experiments/linear_probing/results_probe50/Qwen2.5-3B-Instruct_5k_10u/probe_fits_wrong.json,
Qwen2.5-3B-Instruct,Qwen2.5,base,5,10,IVQ,ordinal,k6,6,wrong,expected,0.1,11,0.305556,0.01731309405589445,0.007764291213056609,24.759111930770324,0.09117192431714455,5,False,1329,0.02,raw,lora_intervention/experiments/linear_probing/results_probe50/Qwen2.5-3B-Instruct_5k_10u/probe_fits_wrong.json,
Qwen2.5-3B-Instruct,Qwen2.5,base,5,10,IVQ,ordinal,k6,6,wrong,expected,0.1,12,0.333333,0.018053624627606752,0.008365713004910385,24.654328273513972,0.09303946392570275,5,False,1329,0.02,raw,lora_intervention/experiments/linear_probing/results_probe50/Qwen2.5-3B-Instruct_5k_10u/probe_fits_wrong.json,
Qwen2.5-3B-Instruct,Qwen2.5,base,5,10,IVQ,ordinal,k6,6,wrong,expected,0.1,13,0.361111,0.01428855156759824,0.007663804570394236,24.961217193928213,0.0889222828094838,5,False,1329,0.02,raw,lora_intervention/experiments/linear_probing/results_probe50/Qwen2.5-3B-Instruct_5k_10u/probe_fits_wrong.json,
Qwen2.5-3B-Instruct,Qwen2.5,base,5,10,IVQ,ordinal,k6,6,wrong,expected,0.1,14,0.388889,0.01279046673286991,0.006970830318866948,24.952251383174918,0.08694035543884146,5,False,1329,0.02,raw,lora_intervention/experiments/linear_probing/results_probe50/Qwen2.5-3B-Instruct_5k_10u/probe_fits_wrong.json,
Qwen2.5-3B-Instruct,Qwen2.5,base,5,10,IVQ,ordinal,k6,6,wrong,expected,0.1,15,0.416667,0.013542346432118029,0.005095758263583487,25.141600226982554,0.0862119871846796,5,False,1329,0.02,raw,lora_intervention/experiments/linear_probing/results_probe50/Qwen2.5-3B-Instruct_5k_10u/probe_fits_wrong.json,
Qwen2.5-3B-Instruct,Qwen2.5,base,5,10,IVQ,ordinal,k6,6,wrong,expected,0.1,16,0.444444,0.015054617676266136,0.008252025474947742,25.05738118882111,0.08582420805307966,5,False,1329,0.02,raw,lora_intervention/experiments/linear_probing/results_probe50/Qwen2.5-3B-Instruct_5k_10u/probe_fits_wrong.json,
Qwen2.5-3B-Instruct,Qwen2.5,base,5,10,IVQ,ordinal,k6,6,wrong,expected,0.1,17,0.472222,0.02408284863101149,0.006130778578583315,25.18665058873599,0.0946802860647173,5,False,1329,0.02,raw,lora_intervention/experiments/linear_probing/results_probe50/Qwen2.5-3B-Instruct_5k_10u/probe_fits_wrong.json,
Qwen2.5-3B-Instruct,Qwen2.5,base,5,10,IVQ,ordinal,k6,6,wrong,expected,0.1,18,0.5,0.02182720953326713,0.005559223609201114,25.521438501915163,0.0916043594503926,5,False,1329,0.02,raw,lora_intervention/experiments/linear_probing/results_probe50/Qwen2.5-3B-Instruct_5k_10u/probe_fits_wrong.json,
Qwen2.5-3B-Instruct,Qwen2.5,base,5,10,IVQ,ordinal,k6,6,wrong,expected,0.1,19,0.527778,0.020320612852886933,0.009098223828112208,25.422635834870196,0.0900065597329571,5,False,1329,0.02,raw,lora_intervention/experiments/linear_probing/results_probe50/Qwen2.5-3B-Instruct_5k_10u/probe_fits_wrong.json,
Qwen2.5-3B-Instruct,Qwen2.5,base,5,10,IVQ,ordinal,k6,6,wrong,expected,0.1,20,0.555556,0.017307419492126542,0.006111856864421483,25.800680947652147,0.087364494913501,5,False,1329,0.02,raw,lora_intervention/experiments/linear_probing/results_probe50/Qwen2.5-3B-Instruct_5k_10u/probe_fits_wrong.json,
Qwen2.5-3B-Instruct,Qwen2.5,base,5,10,IVQ,ordinal,k6,6,wrong,expected,0.1,21,0.583333,0.016549865229110512,0.0056186105071186114,25.69752589019719,0.08497899873104002,5,False,1329,0.02,raw,lora_intervention/experiments/linear_probing/results_probe50/Qwen2.5-3B-Instruct_5k_10u/probe_fits_wrong.json,
Qwen2.5-3B-Instruct,Qwen2.5,base,5,10,IVQ,ordinal,k6,6,wrong,expected,0.1,22,0.611111,0.0210696552702511,0.008771333847659029,25.48773159313378,0.0899813989375205,5,False,1329,0.02,raw,lora_intervention/experiments/linear_probing/results_probe50/Qwen2.5-3B-Instruct_5k_10u/probe_fits_wrong.json,
Qwen2.5-3B-Instruct,Qwen2.5,base,5,10,IVQ,ordinal,k6,6,wrong,expected,0.1,23,0.638889,0.016564051638530287,0.008803430517329684,25.452171939282167,0.08965009592047264,5,False,1329,0.02,raw,lora_intervention/experiments/linear_probing/results_probe50/Qwen2.5-3B-Instruct_5k_10u/probe_fits_wrong.json,
Qwen2.5-3B-Instruct,Qwen2.5,base,5,10,IVQ,ordinal,k6,6,wrong,expected,0.1,24,0.666667,0.019565895871754856,0.0036974736427508722,25.566051922258474,0.09101469046584658,5,False,1329,0.02,raw,lora_intervention/experiments/linear_probing/results_probe50/Qwen2.5-3B-Instruct_5k_10u/probe_fits_wrong.json,
Qwen2.5-3B-Instruct,Qwen2.5,base,5,10,IVQ,ordinal,k6,6,wrong,expected,0.1,25,0.694444,0.01656121435664633,0.008122026532070477,25.605419208398352,0.08854818020331705,5,False,1329,0.02,raw,lora_intervention/experiments/linear_probing/results_probe50/Qwen2.5-3B-Instruct_5k_10u/probe_fits_wrong.json,
Qwen2.5-3B-Instruct,Qwen2.5,base,5,10,IVQ,ordinal,k6,6,wrong,expected,0.1,26,0.722222,0.024843240175911475,0.009141858721540233,25.53911193077032,0.09290486991224339,5,False,1329,0.02,raw,lora_intervention/experiments/linear_probing/results_probe50/Qwen2.5-3B-Instruct_5k_10u/probe_fits_wrong.json,
Qwen2.5-3B-Instruct,Qwen2.5,base,5,10,IVQ,ordinal,k6,6,wrong,expected,0.1,27,0.75,0.019565895871754856,0.00803432565506075,25.39215491559086,0.09198333684132046,5,False,1329,0.02,raw,lora_intervention/experiments/linear_probing/results_probe50/Qwen2.5-3B-Instruct_5k_10u/probe_fits_wrong.json,
Qwen2.5-3B-Instruct,Qwen2.5,base,5,10,IVQ,ordinal,k6,6,wrong,expected,0.1,28,0.777778,0.020312101007235066,0.004498075329237852,25.669811320754718,0.09234357114762871,5,False,1329,0.02,raw,lora_intervention/experiments/linear_probing/results_probe50/Qwen2.5-3B-Instruct_5k_10u/probe_fits_wrong.json,
Qwen2.5-3B-Instruct,Qwen2.5,base,5,10,IVQ,ordinal,k6,6,wrong,expected,0.1,29,0.805556,0.018808341608738826,0.005308609755093311,25.343319619804227,0.09033623749859049,5,False,1329,0.02,raw,lora_intervention/experiments/linear_probing/results_probe50/Qwen2.5-3B-Instruct_5k_10u/probe_fits_wrong.json,
Qwen2.5-3B-Instruct,Qwen2.5,base,5,10,IVQ,ordinal,k6,6,wrong,expected,0.1,30,0.833333,0.013545183714001985,0.00510289228807381,25.05248120300752,0.08911551918423433,5,False,1329,0.02,raw,lora_intervention/experiments/linear_probing/results_probe50/Qwen2.5-3B-Instruct_5k_10u/probe_fits_wrong.json,
Qwen2.5-3B-Instruct,Qwen2.5,base,5,10,IVQ,ordinal,k6,6,wrong,expected,0.1,31,0.861111,0.02408284863101149,0.006130778578583315,23.705092920981702,0.1041291558606243,5,False,1329,0.02,raw,lora_intervention/experiments/linear_probing/results_probe50/Qwen2.5-3B-Instruct_5k_10u/probe_fits_wrong.json,
Qwen2.5-3B-Instruct,Qwen2.5,base,5,10,IVQ,ordinal,k6,6,wrong,expected,0.1,32,0.888889,0.042133635976734286,0.0072723857454579845,20.7824230387289,0.1308302840801591,5,False,1329,0.02,raw,lora_intervention/experiments/linear_probing/results_probe50/Qwen2.5-3B-Instruct_5k_10u/probe_fits_wrong.json,
Qwen2.5-3B-Instruct,Qwen2.5,base,5,10,IVQ,ordinal,k6,6,wrong,expected,0.1,33,0.916667,0.07675698680663923,0.008177421469227649,15.03423180592992,0.19836805680176994,5,False,1329,0.02,raw,lora_intervention/experiments/linear_probing/results_probe50/Qwen2.5-3B-Instruct_5k_10u/probe_fits_wrong.json,
Qwen2.5-3B-Instruct,Qwen2.5,base,5,10,IVQ,ordinal,k6,6,wrong,expected,0.1,34,0.944444,0.08803518229536104,0.00508189264224136,12.725115619236771,0.22715825676155257,5,False,1329,0.02,raw,lora_intervention/experiments/linear_probing/results_probe50/Qwen2.5-3B-Instruct_5k_10u/probe_fits_wrong.json,
Qwen2.5-3B-Instruct,Qwen2.5,base,5,10,IVQ,ordinal,k6,6,wrong,expected,0.1,35,0.972222,0.09179741807348558,0.0069592770002351685,12.22695134061569,0.23321039567472587,5,False,1329,0.02,raw,lora_intervention/experiments/linear_probing/results_probe50/Qwen2.5-3B-Instruct_5k_10u/probe_fits_wrong.json,
Qwen2.5-3B-Instruct,Qwen2.5,base,5,10,IVQ,ordinal,k6,6,wrong,expected,0.1,36,1.0,0.0955624911334941,0.005657972624611335,11.80312668463612,0.23879587886936907,5,False,1329,0.02,raw,lora_intervention/experiments/linear_probing/results_probe50/Qwen2.5-3B-Instruct_5k_10u/probe_fits_wrong.json,
Qwen2.5-3B-Instruct,Qwen2.5,base,5,10,IVQ,ordinal,k6,6,wrong,shuffled,0.1,0,0.0,0.026335650446871896,3.972194637537341e-05,22.73669456660519,0.10746366579580532,5,False,1329,0.02,raw,lora_intervention/experiments/linear_probing/results_probe50/Qwen2.5-3B-Instruct_5k_10u/probe_fits_wrong.json,
Qwen2.5-3B-Instruct,Qwen2.5,base,5,10,IVQ,ordinal,k6,6,wrong,shuffled,0.1,1,0.027778,0.021821534969499217,0.008374175836797107,24.252818839551708,0.0965271028737067,5,False,1329,0.02,raw,lora_intervention/experiments/linear_probing/results_probe50/Qwen2.5-3B-Instruct_5k_10u/probe_fits_wrong.json,
Qwen2.5-3B-Instruct,Qwen2.5,base,5,10,IVQ,ordinal,k6,6,wrong,shuffled,0.1,2,0.055556,0.019565895871754856,0.007296843638775499,24.41450985955455,0.09414760499897229,5,False,1329,0.02,raw,lora_intervention/experiments/linear_probing/results_probe50/Qwen2.5-3B-Instruct_5k_10u/probe_fits_wrong.json,
Qwen2.5-3B-Instruct,Qwen2.5,base,5,10,IVQ,ordinal,k6,6,wrong,shuffled,0.1,3,0.083333,0.018056461909490708,0.009914558289435169,24.182953610441196,0.09663015272284457,5,False,1329,0.02,raw,lora_intervention/experiments/linear_probing/results_probe50/Qwen2.5-3B-Instruct_5k_10u/probe_fits_wrong.json,
Qwen2.5-3B-Instruct,Qwen2.5,base,5,10,IVQ,ordinal,k6,6,wrong,shuffled,0.1,4,0.111111,0.019563058589870903,0.008371351996893454,24.081126400907927,0.09924853550762354,5,False,1329,0.02,raw,lora_intervention/experiments/linear_probing/results_probe50/Qwen2.5-3B-Instruct_5k_10u/probe_fits_wrong.json,
Qwen2.5-3B-Instruct,Qwen2.5,base,5,10,IVQ,ordinal,k6,6,wrong,shuffled,0.1,5,0.138889,0.018819690736274645,0.012824107975997924,23.87803092637254,0.09983786643000202,5,False,1329,0.02,raw,lora_intervention/experiments/linear_probing/results_probe50/Qwen2.5-3B-Instruct_5k_10u/probe_fits_wrong.json,
Qwen2.5-3B-Instruct,Qwen2.5,base,5,10,IVQ,ordinal,k6,6,wrong,shuffled,0.1,6,0.166667,0.016564051638530287,0.011078187371802621,23.9225819265144,0.09711495401257808,5,False,1329,0.02,raw,lora_intervention/experiments/linear_probing/results_probe50/Qwen2.5-3B-Instruct_5k_10u/probe_fits_wrong.json,
Qwen2.5-3B-Instruct,Qwen2.5,base,5,10,IVQ,ordinal,k6,6,wrong,shuffled,0.1,7,0.194444,0.0188225280181586,0.0092503544067057,23.987183997730178,0.09758803286232917,5,False,1329,0.02,raw,lora_intervention/experiments/linear_probing/results_probe50/Qwen2.5-3B-Instruct_5k_10u/probe_fits_wrong.json,
Qwen2.5-3B-Instruct,Qwen2.5,base,5,10,IVQ,ordinal,k6,6,wrong,shuffled,0.1,8,0.222222,0.022581926514399202,0.00923997078627397,23.780068094765216,0.10121323695753585,5,False,1329,0.02,raw,lora_intervention/experiments/linear_probing/results_probe50/Qwen2.5-3B-Instruct_5k_10u/probe_fits_wrong.json,
Qwen2.5-3B-Instruct,Qwen2.5,base,5,10,IVQ,ordinal,k6,6,wrong,shuffled,0.1,9,0.25,0.02859980139026812,0.009113307894280106,23.82742516669031,0.10451320436332945,5,False,1329,0.02,raw,lora_intervention/experiments/linear_probing/results_probe50/Qwen2.5-3B-Instruct_5k_10u/probe_fits_wrong.json,
Qwen2.5-3B-Instruct,Qwen2.5,base,5,10,IVQ,ordinal,k6,6,wrong,shuffled,0.1,10,0.277778,0.024831891048375652,0.00384183682876953,23.873241594552418,0.10074039494423706,5,False,1329,0.02,raw,lora_intervention/experiments/linear_probing/results_probe50/Qwen2.5-3B-Instruct_5k_10u/probe_fits_wrong.json,
Qwen2.5-3B-Instruct,Qwen2.5,base,5,10,IVQ,ordinal,k6,6,wrong,shuffled,0.1,11,0.305556,0.024834728330259608,0.008112858150633152,23.955361044119734,0.10128415017343699,5,False,1329,0.02,raw,lora_intervention/experiments/linear_probing/results_probe50/Qwen2.5-3B-Instruct_5k_10u/probe_fits_wrong.json,
Qwen2.5-3B-Instruct,Qwen2.5,base,5,10,IVQ,ordinal,k6,6,wrong,shuffled,0.1,12,0.333333,0.01881117889062278,0.007518850525911077,23.974969499219746,0.09706639260561736,5,False,1329,0.02,raw,lora_intervention/experiments/linear_probing/results_probe50/Qwen2.5-3B-Instruct_5k_10u/probe_fits_wrong.json,
Qwen2.5-3B-Instruct,Qwen2.5,base,5,10,IVQ,ordinal,k6,6,wrong,shuffled,0.1,13,0.361111,0.01881117889062278,0.004755389395465597,24.121761952049933,0.09569824783430607,5,False,1329,0.02,raw,lora_intervention/experiments/linear_probing/results_probe50/Qwen2.5-3B-Instruct_5k_10u/probe_fits_wrong.json,
Qwen2.5-3B-Instruct,Qwen2.5,base,5,10,IVQ,ordinal,k6,6,wrong,shuffled,0.1,14,0.388889,0.021824372251383173,0.005541499888949508,24.05189388565754,0.09615287968222755,5,False,1329,0.02,raw,lora_intervention/experiments/linear_probing/results_probe50/Qwen2.5-3B-Instruct_5k_10u/probe_fits_wrong.json,
Qwen2.5-3B-Instruct,Qwen2.5,base,5,10,IVQ,ordinal,k6,6,wrong,shuffled,0.1,15,0.416667,0.02784224712725209,0.0051097280519436595,24.326610866789615,0.0994476962224935,5,False,1329,0.02,raw,lora_intervention/experiments/linear_probing/results_probe50/Qwen2.5-3B-Instruct_5k_10u/probe_fits_wrong.json,
Qwen2.5-3B-Instruct,Qwen2.5,base,5,10,IVQ,ordinal,k6,6,wrong,shuffled,0.1,16,0.444444,0.02709604199177188,0.008065195219795086,24.376910200028373,0.09879925200272803,5,False,1329,0.02,raw,lora_intervention/experiments/linear_probing/results_probe50/Qwen2.5-3B-Instruct_5k_10u/probe_fits_wrong.json,
Qwen2.5-3B-Instruct,Qwen2.5,base,5,10,IVQ,ordinal,k6,6,wrong,shuffled,0.1,17,0.472222,0.021824372251383173,0.007679477529513293,24.755431976166832,0.09382941791284183,5,False,1329,0.02,raw,lora_intervention/experiments/linear_probing/results_probe50/Qwen2.5-3B-Instruct_5k_10u/probe_fits_wrong.json,
Qwen2.5-3B-Instruct,Qwen2.5,base,5,10,IVQ,ordinal,k6,6,wrong,shuffled,0.1,18,0.5,0.023322457086111505,0.010192754998129758,24.725771031351965,0.09418472860803023,5,False,1329,0.02,raw,lora_intervention/experiments/linear_probing/results_probe50/Qwen2.5-3B-Instruct_5k_10u/probe_fits_wrong.json,
Qwen2.5-3B-Instruct,Qwen2.5,base,5,10,IVQ,ordinal,k6,6,wrong,shuffled,0.1,19,0.527778,0.027093204709887925,0.006916309773839324,24.713582068378493,0.09973978340766945,5,False,1329,0.02,raw,lora_intervention/experiments/linear_probing/results_probe50/Qwen2.5-3B-Instruct_5k_10u/probe_fits_wrong.json,
Qwen2.5-3B-Instruct,Qwen2.5,base,5,10,IVQ,ordinal,k6,6,wrong,shuffled,0.1,20,0.555556,0.022579089232515247,0.009528645293518835,24.74204000567456,0.09444991270953403,5,False,1329,0.02,raw,lora_intervention/experiments/linear_probing/results_probe50/Qwen2.5-3B-Instruct_5k_10u/probe_fits_wrong.json,
Qwen2.5-3B-Instruct,Qwen2.5,base,5,10,IVQ,ordinal,k6,6,wrong,shuffled,0.1,21,0.583333,0.015800822811746346,0.004985746129498582,25.146869059441055,0.0885133679728602,5,False,1329,0.02,raw,lora_intervention/experiments/linear_probing/results_probe50/Qwen2.5-3B-Instruct_5k_10u/probe_fits_wrong.json,
Qwen2.5-3B-Instruct,Qwen2.5,base,5,10,IVQ,ordinal,k6,6,wrong,shuffled,0.1,22,0.611111,0.02256490282309547,0.01163983818622703,25.389845368137323,0.09056305404761014,5,False,1329,0.02,raw,lora_intervention/experiments/linear_probing/results_probe50/Qwen2.5-3B-Instruct_5k_10u/probe_fits_wrong.json,
Qwen2.5-3B-Instruct,Qwen2.5,base,5,10,IVQ,ordinal,k6,6,wrong,shuffled,0.1,23,0.638889,0.020312101007235066,0.009078448143986782,24.6052347850759,0.09478592766534724,5,False,1329,0.02,raw,lora_intervention/experiments/linear_probing/results_probe50/Qwen2.5-3B-Instruct_5k_10u/probe_fits_wrong.json,
Qwen2.5-3B-Instruct,Qwen2.5,base,5,10,IVQ,ordinal,k6,6,wrong,shuffled,0.1,24,0.666667,0.025578096183855863,0.008692646404021,24.062261313661516,0.09993645122958111,5,False,1329,0.02,raw,lora_intervention/experiments/linear_probing/results_probe50/Qwen2.5-3B-Instruct_5k_10u/probe_fits_wrong.json,
Qwen2.5-3B-Instruct,Qwen2.5,base,5,10,IVQ,ordinal,k6,6,wrong,shuffled,0.1,25,0.694444,0.027087530146120014,0.009020988611914853,24.22991630018442,0.10061633678544815,5,False,1329,0.02,raw,lora_intervention/experiments/linear_probing/results_probe50/Qwen2.5-3B-Instruct_5k_10u/probe_fits_wrong.json,
Qwen2.5-3B-Instruct,Qwen2.5,base,5,10,IVQ,ordinal,k6,6,wrong,shuffled,0.1,26,0.722222,0.02484040289402752,0.00661007522582051,24.428018158604058,0.09861959307211467,5,False,1329,0.02,raw,lora_intervention/experiments/linear_probing/results_probe50/Qwen2.5-3B-Instruct_5k_10u/probe_fits_wrong.json,
Qwen2.5-3B-Instruct,Qwen2.5,base,5,10,IVQ,ordinal,k6,6,wrong,shuffled,0.1,27,0.75,0.03761952049936161,0.004095156187542866,24.43838274932615,0.10846998332679439,5,False,1329,0.02,raw,lora_intervention/experiments/linear_probing/results_probe50/Qwen2.5-3B-Instruct_5k_10u/probe_fits_wrong.json,
Qwen2.5-3B-Instruct,Qwen2.5,base,5,10,IVQ,ordinal,k6,6,wrong,shuffled,0.1,28,0.777778,0.027828060717832316,0.012924949795886521,24.114007660661084,0.10336060568847776,5,False,1329,0.02,raw,lora_intervention/experiments/linear_probing/results_probe50/Qwen2.5-3B-Instruct_5k_10u/probe_fits_wrong.json,
Qwen2.5-3B-Instruct,Qwen2.5,base,5,10,IVQ,ordinal,k6,6,wrong,shuffled,0.1,29,0.805556,0.030835579514824796,0.013728998698957318,24.164011916583913,0.10710727021351085,5,False,1329,0.02,raw,lora_intervention/experiments/linear_probing/results_probe50/Qwen2.5-3B-Instruct_5k_10u/probe_fits_wrong.json,
Qwen2.5-3B-Instruct,Qwen2.5,base,5,10,IVQ,ordinal,k6,6,wrong,shuffled,0.1,30,0.833333,0.03535536955596538,0.006941451734321154,24.221580366009363,0.10952571137538866,5,False,1329,0.02,raw,lora_intervention/experiments/linear_probing/results_probe50/Qwen2.5-3B-Instruct_5k_10u/probe_fits_wrong.json,
Qwen2.5-3B-Instruct,Qwen2.5,base,5,10,IVQ,ordinal,k6,6,wrong,shuffled,0.1,31,0.861111,0.03159597105972478,0.010239338751747104,24.35784082848631,0.10887808190632313,5,False,1329,0.02,raw,lora_intervention/experiments/linear_probing/results_probe50/Qwen2.5-3B-Instruct_5k_10u/probe_fits_wrong.json,
Qwen2.5-3B-Instruct,Qwen2.5,base,5,10,IVQ,ordinal,k6,6,wrong,shuffled,0.1,32,0.888889,0.03159880834160873,0.009379920883004782,24.49323591998865,0.10521407142146963,5,False,1329,0.02,raw,lora_intervention/experiments/linear_probing/results_probe50/Qwen2.5-3B-Instruct_5k_10u/probe_fits_wrong.json,
Qwen2.5-3B-Instruct,Qwen2.5,base,5,10,IVQ,ordinal,k6,6,wrong,shuffled,0.1,33,0.916667,0.02407717406724358,0.009082242572477518,24.404309831181727,0.09908085443066302,5,False,1329,0.02,raw,lora_intervention/experiments/linear_probing/results_probe50/Qwen2.5-3B-Instruct_5k_10u/probe_fits_wrong.json,
Qwen2.5-3B-Instruct,Qwen2.5,base,5,10,IVQ,ordinal,k6,6,wrong,shuffled,0.1,34,0.944444,0.021824372251383173,0.004404742827498392,24.42082564902823,0.0965821570410442,5,False,1329,0.02,raw,lora_intervention/experiments/linear_probing/results_probe50/Qwen2.5-3B-Instruct_5k_10u/probe_fits_wrong.json,
Qwen2.5-3B-Instruct,Qwen2.5,base,5,10,IVQ,ordinal,k6,6,wrong,shuffled,0.1,35,0.972222,0.022581926514399202,0.007922382018404481,24.51473116754149,0.09712932517658134,5,False,1329,0.02,raw,lora_intervention/experiments/linear_probing/results_probe50/Qwen2.5-3B-Instruct_5k_10u/probe_fits_wrong.json,
Qwen2.5-3B-Instruct,Qwen2.5,base,5,10,IVQ,ordinal,k6,6,wrong,shuffled,0.1,36,1.0,0.021075329834019007,0.008464181104257899,24.59532415945524,0.09762307901792197,5,False,1329,0.02,raw,lora_intervention/experiments/linear_probing/results_probe50/Qwen2.5-3B-Instruct_5k_10u/probe_fits_wrong.json,
Qwen2.5-3B-Instruct,Qwen2.5,base,5,10,IVQ,ordinal,k7,7,wrong,cv_first,0.1,0,0.0,0.025603593486805167,4.5844838906665804e-05,22.937108633459,0.10728525235650803,5,False,1367,0.02,raw,lora_intervention/experiments/linear_probing/results_probe50/Qwen2.5-3B-Instruct_5k_10u/probe_fits_wrong.json,
Qwen2.5-3B-Instruct,Qwen2.5,base,5,10,IVQ,ordinal,k7,7,wrong,cv_first,0.1,1,0.027778,0.023416486190208818,0.004992451594116959,23.642632549931818,0.0990133895741671,5,False,1367,0.02,raw,lora_intervention/experiments/linear_probing/results_probe50/Qwen2.5-3B-Instruct_5k_10u/probe_fits_wrong.json,
Qwen2.5-3B-Instruct,Qwen2.5,base,5,10,IVQ,ordinal,k7,7,wrong,cv_first,0.1,2,0.055556,0.029993850431806635,0.007803699579171443,23.699304831421617,0.10376039355440017,5,False,1367,0.02,raw,lora_intervention/experiments/linear_probing/results_probe50/Qwen2.5-3B-Instruct_5k_10u/probe_fits_wrong.json,
Qwen2.5-3B-Instruct,Qwen2.5,base,5,10,IVQ,ordinal,k7,7,wrong,cv_first,0.1,3,0.083333,0.021948610999705888,0.006542242495005186,23.795438624635704,0.0982590997584375,5,False,1367,0.02,raw,lora_intervention/experiments/linear_probing/results_probe50/Qwen2.5-3B-Instruct_5k_10u/probe_fits_wrong.json,
Qwen2.5-3B-Instruct,Qwen2.5,base,5,10,IVQ,ordinal,k7,7,wrong,cv_first,0.1,4,0.111111,0.02340579128900297,0.0037084714508795504,24.12005828721157,0.09627867608484394,5,False,1367,0.02,raw,lora_intervention/experiments/linear_probing/results_probe50/Qwen2.5-3B-Instruct_5k_10u/probe_fits_wrong.json,
Qwen2.5-3B-Instruct,Qwen2.5,base,5,10,IVQ,ordinal,k7,7,wrong,cv_first,0.1,5,0.138889,0.028539343867811023,0.006332583898613051,23.78239351888987,0.10039171171977557,5,False,1367,0.02,raw,lora_intervention/experiments/linear_probing/results_probe50/Qwen2.5-3B-Instruct_5k_10u/probe_fits_wrong.json,
Qwen2.5-3B-Instruct,Qwen2.5,base,5,10,IVQ,ordinal,k7,7,wrong,cv_first,0.1,6,0.166667,0.02855003876901687,0.011926728862415564,23.507411566535655,0.10227955769151639,5,False,1367,0.02,raw,lora_intervention/experiments/linear_probing/results_probe50/Qwen2.5-3B-Instruct_5k_10u/probe_fits_wrong.json,
Qwen2.5-3B-Instruct,Qwen2.5,base,5,10,IVQ,ordinal,k7,7,wrong,cv_first,0.1,7,0.194444,0.02341915991551028,0.0075589973661726265,23.514307104088125,0.1006865671263267,5,False,1367,0.02,raw,lora_intervention/experiments/linear_probing/results_probe50/Qwen2.5-3B-Instruct_5k_10u/probe_fits_wrong.json,
Qwen2.5-3B-Instruct,Qwen2.5,base,5,10,IVQ,ordinal,k7,7,wrong,cv_first,0.1,8,0.222222,0.022691906633512476,0.009951696084632443,23.49578620892489,0.09970129676791331,5,False,1367,0.02,raw,lora_intervention/experiments/linear_probing/results_probe50/Qwen2.5-3B-Instruct_5k_10u/probe_fits_wrong.json,
Qwen2.5-3B-Instruct,Qwen2.5,base,5,10,IVQ,ordinal,k7,7,wrong,cv_first,0.1,9,0.25,0.024149086922809548,0.00916521522151432,23.133552578808054,0.10371008779090803,5,False,1367,0.02,raw,lora_intervention/experiments/linear_probing/results_probe50/Qwen2.5-3B-Instruct_5k_10u/probe_fits_wrong.json,
Qwen2.5-3B-Instruct,Qwen2.5,base,5,10,IVQ,ordinal,k7,7,wrong,cv_first,0.1,10,0.277778,0.024146413197508088,0.011728022274261006,23.213304457100076,0.10373888782797955,5,False,1367,0.02,raw,lora_intervention/experiments/linear_probing/results_probe50/Qwen2.5-3B-Instruct_5k_10u/probe_fits_wrong.json,
Qwen2.5-3B-Instruct,Qwen2.5,base,5,10,IVQ,ordinal,k7,7,wrong,cv_first,0.1,11,0.305556,0.024876340204807355,0.011436493603576646,23.012833881447023,0.10521975533145726,5,False,1367,0.02,raw,lora_intervention/experiments/linear_probing/results_probe50/Qwen2.5-3B-Instruct_5k_10u/probe_fits_wrong.json,
Qwen2.5-3B-Instruct,Qwen2.5,base,5,10,IVQ,ordinal,k7,7,wrong,cv_first,0.1,12,0.333333,0.027804069409908826,0.008225703614182178,22.889700810138766,0.10930271935508358,5,False,1367,0.02,raw,lora_intervention/experiments/linear_probing/results_probe50/Qwen2.5-3B-Instruct_5k_10u/probe_fits_wrong.json,
Qwen2.5-3B-Instruct,Qwen2.5,base,5,10,IVQ,ordinal,k7,7,wrong,cv_first,0.1,13,0.361111,0.027071468677308096,0.01100213758061436,22.715825780059355,0.10768034485298598,5,False,1367,0.02,raw,lora_intervention/experiments/linear_probing/results_probe50/Qwen2.5-3B-Instruct_5k_10u/probe_fits_wrong.json,
Qwen2.5-3B-Instruct,Qwen2.5,base,5,10,IVQ,ordinal,k7,7,wrong,cv_first,0.1,14,0.388889,0.027063447501403708,0.00941039868977183,22.725766690730193,0.10691362989586102,5,False,1367,0.02,raw,lora_intervention/experiments/linear_probing/results_probe50/Qwen2.5-3B-Instruct_5k_10u/probe_fits_wrong.json,
Qwen2.5-3B-Instruct,Qwen2.5,base,5,10,IVQ,ordinal,k7,7,wrong,cv_first,0.1,15,0.416667,0.02926659714980883,0.012023339861189367,22.54508970348386,0.10965892697349788,5,False,1367,0.02,raw,lora_intervention/experiments/linear_probing/results_probe50/Qwen2.5-3B-Instruct_5k_10u/probe_fits_wrong.json,
Qwen2.5-3B-Instruct,Qwen2.5,base,5,10,IVQ,ordinal,k7,7,wrong,cv_first,0.1,16,0.444444,0.03000721905831395,0.012994754979393003,22.469310980989814,0.11187082345916177,5,False,1367,0.02,raw,lora_intervention/experiments/linear_probing/results_probe50/Qwen2.5-3B-Instruct_5k_10u/probe_fits_wrong.json,
Qwen2.5-3B-Instruct,Qwen2.5,base,5,10,IVQ,ordinal,k7,7,wrong,cv_first,0.1,17,0.472222,0.029266597149808827,0.006148698589911391,22.730761209593325,0.10975776790367928,5,False,1367,0.02,raw,lora_intervention/experiments/linear_probing/results_probe50/Qwen2.5-3B-Instruct_5k_10u/probe_fits_wrong.json,
Qwen2.5-3B-Instruct,Qwen2.5,base,5,10,IVQ,ordinal,k7,7,wrong,cv_first,0.1,18,0.5,0.03586000374321542,0.009695359298454978,22.415948771423224,0.11430301316531104,5,False,1367,0.02,raw,lora_intervention/experiments/linear_probing/results_probe50/Qwen2.5-3B-Instruct_5k_10u/probe_fits_wrong.json,
Qwen2.5-3B-Instruct,Qwen2.5,base,5,10,IVQ,ordinal,k7,7,wrong,cv_first,0.1,19,0.527778,0.02999919788240956,0.005888991507089108,22.427571455308684,0.11456751630976865,5,False,1367,0.02,raw,lora_intervention/experiments/linear_probing/results_probe50/Qwen2.5-3B-Instruct_5k_10u/probe_fits_wrong.json,
Qwen2.5-3B-Instruct,Qwen2.5,base,5,10,IVQ,ordinal,k7,7,wrong,cv_first,0.1,20,0.555556,0.027084837303815407,0.01262373571043598,22.831287933477718,0.10766624830006202,5,False,1367,0.02,raw,lora_intervention/experiments/linear_probing/results_probe50/Qwen2.5-3B-Instruct_5k_10u/probe_fits_wrong.json,
Qwen2.5-3B-Instruct,Qwen2.5,base,5,10,IVQ,ordinal,k7,7,wrong,cv_first,0.1,21,0.583333,0.03073179861501029,0.012365505176845574,22.778123579583433,0.11036370845036776,5,False,1367,0.02,raw,lora_intervention/experiments/linear_probing/results_probe50/Qwen2.5-3B-Instruct_5k_10u/probe_fits_wrong.json,
Qwen2.5-3B-Instruct,Qwen2.5,base,5,10,IVQ,ordinal,k7,7,wrong,cv_first,0.1,22,0.611111,0.03146172562230956,0.009443201088241406,22.060027806743136,0.11377804523603896,5,False,1367,0.02,raw,lora_intervention/experiments/linear_probing/results_probe50/Qwen2.5-3B-Instruct_5k_10u/probe_fits_wrong.json,
Qwen2.5-3B-Instruct,Qwen2.5,base,5,10,IVQ,ordinal,k7,7,wrong,cv_first,0.1,23,0.638889,0.12363305793962728,0.01770701504668638,15.080687682147536,0.24330198913739193,5,False,1367,0.02,raw,lora_intervention/experiments/linear_probing/results_probe50/Qwen2.5-3B-Instruct_5k_10u/probe_fits_wrong.json,
Qwen2.5-3B-Instruct,Qwen2.5,base,5,10,IVQ,ordinal,k7,7,wrong,cv_first,0.1,24,0.666667,0.1185235688885324,0.020697957414606453,15.387321194620466,0.23148292466269282,5,False,1367,0.02,raw,lora_intervention/experiments/linear_probing/results_probe50/Qwen2.5-3B-Instruct_5k_10u/probe_fits_wrong.json,
Qwen2.5-3B-Instruct,Qwen2.5,base,5,10,IVQ,ordinal,k7,7,wrong,cv_first,0.1,25,0.694444,0.13461939520333682,0.017356090685163222,14.673864335178205,0.2576686734965118,5,False,1367,0.02,raw,lora_intervention/experiments/linear_probing/results_probe50/Qwen2.5-3B-Instruct_5k_10u/probe_fits_wrong.json,
Qwen2.5-3B-Instruct,Qwen2.5,base,5,10,IVQ,ordinal,k7,7,wrong,cv_first,0.1,26,0.722222,0.16170155878185075,0.026492835670644442,12.208898157803267,0.29952905223110976,5,False,1367,0.02,raw,lora_intervention/experiments/linear_probing/results_probe50/Qwen2.5-3B-Instruct_5k_10u/probe_fits_wrong.json,
Qwen2.5-3B-Instruct,Qwen2.5,base,5,10,IVQ,ordinal,k7,7,wrong,cv_first,0.1,27,0.75,0.16901687120665224,0.03121037425664455,11.770220047592309,0.3056452825851225,5,False,1367,0.02,raw,lora_intervention/experiments/linear_probing/results_probe50/Qwen2.5-3B-Instruct_5k_10u/probe_fits_wrong.json,
Qwen2.5-3B-Instruct,Qwen2.5,base,5,10,IVQ,ordinal,k7,7,wrong,cv_first,0.1,28,0.777778,0.19458035881393543,0.02299208195916527,10.757621453971819,0.33258593897280864,5,False,1367,0.02,raw,lora_intervention/experiments/linear_probing/results_probe50/Qwen2.5-3B-Instruct_5k_10u/probe_fits_wrong.json,
Qwen2.5-3B-Instruct,Qwen2.5,base,5,10,IVQ,ordinal,k7,7,wrong,cv_first,0.1,29,0.805556,0.2004491858506457,0.02598993438075981,10.801449159113393,0.3366747439488528,5,False,1367,0.02,raw,lora_intervention/experiments/linear_probing/results_probe50/Qwen2.5-3B-Instruct_5k_10u/probe_fits_wrong.json,
Qwen2.5-3B-Instruct,Qwen2.5,base,5,10,IVQ,ordinal,k7,7,wrong,cv_first,0.1,30,0.833333,0.20850512018395229,0.028212302046719383,10.571003449105637,0.3458401517568154,5,False,1367,0.02,raw,lora_intervention/experiments/linear_probing/results_probe50/Qwen2.5-3B-Instruct_5k_10u/probe_fits_wrong.json,
Qwen2.5-3B-Instruct,Qwen2.5,base,5,10,IVQ,ordinal,k7,7,wrong,cv_first,0.1,31,0.861111,0.23627977861554506,0.023403865174595383,9.158105398251383,0.3852035189429909,5,False,1367,0.02,raw,lora_intervention/experiments/linear_probing/results_probe50/Qwen2.5-3B-Instruct_5k_10u/probe_fits_wrong.json,
Qwen2.5-3B-Instruct,Qwen2.5,base,5,10,IVQ,ordinal,k7,7,wrong,cv_first,0.1,32,0.888889,0.21068688002994573,0.018686743217990714,9.785198256731103,0.3549290642651705,5,False,1367,0.02,raw,lora_intervention/experiments/linear_probing/results_probe50/Qwen2.5-3B-Instruct_5k_10u/probe_fits_wrong.json,
Qwen2.5-3B-Instruct,Qwen2.5,base,5,10,IVQ,ordinal,k7,7,wrong,cv_first,0.1,33,0.916667,0.19093874495334348,0.033236717339501856,9.679035319911232,0.34361713026985957,5,False,1367,0.02,raw,lora_intervention/experiments/linear_probing/results_probe50/Qwen2.5-3B-Instruct_5k_10u/probe_fits_wrong.json,
Qwen2.5-3B-Instruct,Qwen2.5,base,5,10,IVQ,ordinal,k7,7,wrong,cv_first,0.1,34,0.944444,0.20995695302264644,0.02199854738458678,8.772623726638324,0.36337646428083115,5,False,1367,0.02,raw,lora_intervention/experiments/linear_probing/results_probe50/Qwen2.5-3B-Instruct_5k_10u/probe_fits_wrong.json,
Qwen2.5-3B-Instruct,Qwen2.5,base,5,10,IVQ,ordinal,k7,7,wrong,cv_first,0.1,35,0.972222,0.20555867490174057,0.02674306292321433,8.629218470094383,0.36233142747192437,5,False,1367,0.02,raw,lora_intervention/experiments/linear_probing/results_probe50/Qwen2.5-3B-Instruct_5k_10u/probe_fits_wrong.json,
Qwen2.5-3B-Instruct,Qwen2.5,base,5,10,IVQ,ordinal,k7,7,wrong,cv_first,0.1,36,1.0,0.21067083767813694,0.03370405850512685,8.204323413812466,0.36996745350794785,5,False,1367,0.02,raw,lora_intervention/experiments/linear_probing/results_probe50/Qwen2.5-3B-Instruct_5k_10u/probe_fits_wrong.json,
Qwen2.5-3B-Instruct,Qwen2.5,base,5,10,IVQ,ordinal,k7,7,wrong,cv_last,0.1,0,0.0,0.030723777439105905,0.0017833246680758028,22.96780834737039,0.10951391268161245,5,False,1367,0.02,raw,lora_intervention/experiments/linear_probing/results_probe50/Qwen2.5-3B-Instruct_5k_10u/probe_fits_wrong.json,
Qwen2.5-3B-Instruct,Qwen2.5,base,5,10,IVQ,ordinal,k7,7,wrong,cv_last,0.1,1,0.027778,0.05414026362931472,0.012151716462921073,19.60771637122002,0.1552714822424652,5,False,1367,0.02,raw,lora_intervention/experiments/linear_probing/results_probe50/Qwen2.5-3B-Instruct_5k_10u/probe_fits_wrong.json,
Qwen2.5-3B-Instruct,Qwen2.5,base,5,10,IVQ,ordinal,k7,7,wrong,cv_last,0.1,2,0.055556,0.07607550600251331,0.01356637678996037,17.341284992379883,0.18737713542347553,5,False,1367,0.02,raw,lora_intervention/experiments/linear_probing/results_probe50/Qwen2.5-3B-Instruct_5k_10u/probe_fits_wrong.json,
Qwen2.5-3B-Instruct,Qwen2.5,base,5,10,IVQ,ordinal,k7,7,wrong,cv_last,0.1,3,0.083333,0.07826261329910965,0.012308521069578486,17.312718911259058,0.18803377059909124,5,False,1367,0.02,raw,lora_intervention/experiments/linear_probing/results_probe50/Qwen2.5-3B-Instruct_5k_10u/probe_fits_wrong.json,
Qwen2.5-3B-Instruct,Qwen2.5,base,5,10,IVQ,ordinal,k7,7,wrong,cv_last,0.1,4,0.111111,0.06802759284511109,0.013183899523525146,18.157562632015185,0.17622995161684937,5,False,1367,0.02,raw,lora_intervention/experiments/linear_probing/results_probe50/Qwen2.5-3B-Instruct_5k_10u/probe_fits_wrong.json,
Qwen2.5-3B-Instruct,Qwen2.5,base,5,10,IVQ,ordinal,k7,7,wrong,cv_last,0.1,5,0.138889,0.07242052351541403,0.01674716693669036,18.67614502286035,0.1708702884623256,5,False,1367,0.02,raw,lora_intervention/experiments/linear_probing/results_probe50/Qwen2.5-3B-Instruct_5k_10u/probe_fits_wrong.json,
Qwen2.5-3B-Instruct,Qwen2.5,base,5,10,IVQ,ordinal,k7,7,wrong,cv_last,0.1,6,0.166667,0.06365070452661695,0.009746612223461867,19.094008181599424,0.16229793890353902,5,False,1367,0.02,raw,lora_intervention/experiments/linear_probing/results_probe50/Qwen2.5-3B-Instruct_5k_10u/probe_fits_wrong.json,
Qwen2.5-3B-Instruct,Qwen2.5,base,5,10,IVQ,ordinal,k7,7,wrong,cv_last,0.1,7,0.194444,0.062196197962621325,0.015244583326681821,19.410261757707012,0.15803821501379395,5,False,1367,0.02,raw,lora_intervention/experiments/linear_probing/results_probe50/Qwen2.5-3B-Instruct_5k_10u/probe_fits_wrong.json,
Qwen2.5-3B-Instruct,Qwen2.5,base,5,10,IVQ,ordinal,k7,7,wrong,cv_last,0.1,8,0.222222,0.051953156332718374,0.01530169135709074,20.065720167909948,0.14930698592603037,5,False,1367,0.02,raw,lora_intervention/experiments/linear_probing/results_probe50/Qwen2.5-3B-Instruct_5k_10u/probe_fits_wrong.json,
Qwen2.5-3B-Instruct,Qwen2.5,base,5,10,IVQ,ordinal,k7,7,wrong,cv_last,0.1,9,0.25,0.04462714900671105,0.014366820493226105,20.32827999251357,0.1404460460636668,5,False,1367,0.02,raw,lora_intervention/experiments/linear_probing/results_probe50/Qwen2.5-3B-Instruct_5k_10u/probe_fits_wrong.json,
Qwen2.5-3B-Instruct,Qwen2.5,base,5,10,IVQ,ordinal,k7,7,wrong,cv_last,0.1,10,0.277778,0.05048528114221544,0.01216018556330808,20.474722600999975,0.1424809394156778,5,False,1367,0.02,raw,lora_intervention/experiments/linear_probing/results_probe50/Qwen2.5-3B-Instruct_5k_10u/probe_fits_wrong.json,
Qwen2.5-3B-Instruct,Qwen2.5,base,5,10,IVQ,ordinal,k7,7,wrong,cv_last,0.1,11,0.305556,0.04828747894441325,0.010988760527703922,20.730579396272827,0.13855851875865327,5,False,1367,0.02,raw,lora_intervention/experiments/linear_probing/results_probe50/Qwen2.5-3B-Instruct_5k_10u/probe_fits_wrong.json,
Qwen2.5-3B-Instruct,Qwen2.5,base,5,10,IVQ,ordinal,k7,7,wrong,cv_last,0.1,12,0.333333,0.041699419801609586,0.01547732120773941,21.08742279618192,0.13204416091887067,5,False,1367,0.02,raw,lora_intervention/experiments/linear_probing/results_probe50/Qwen2.5-3B-Instruct_5k_10u/probe_fits_wrong.json,
Qwen2.5-3B-Instruct,Qwen2.5,base,5,10,IVQ,ordinal,k7,7,wrong,cv_last,0.1,13,0.361111,0.04243736798481324,0.008252233866855713,21.316804363519694,0.1271450500721002,5,False,1367,0.02,raw,lora_intervention/experiments/linear_probing/results_probe50/Qwen2.5-3B-Instruct_5k_10u/probe_fits_wrong.json,
Qwen2.5-3B-Instruct,Qwen2.5,base,5,10,IVQ,ordinal,k7,7,wrong,cv_last,0.1,14,0.388889,0.043164621266811046,0.008802208257919329,21.54866714793722,0.1265162178575852,5,False,1367,0.02,raw,lora_intervention/experiments/linear_probing/results_probe50/Qwen2.5-3B-Instruct_5k_10u/probe_fits_wrong.json,
Qwen2.5-3B-Instruct,Qwen2.5,base,5,10,IVQ,ordinal,k7,7,wrong,cv_last,0.1,15,0.416667,0.03438678110210957,0.011940979327359892,21.686647415844497,0.1223791201201914,5,False,1367,0.02,raw,lora_intervention/experiments/linear_probing/results_probe50/Qwen2.5-3B-Instruct_5k_10u/probe_fits_wrong.json,
Qwen2.5-3B-Instruct,Qwen2.5,base,5,10,IVQ,ordinal,k7,7,wrong,cv_last,0.1,16,0.444444,0.034392128552712495,0.005997777927811374,21.446709981016546,0.12323602875130517,5,False,1367,0.02,raw,lora_intervention/experiments/linear_probing/results_probe50/Qwen2.5-3B-Instruct_5k_10u/probe_fits_wrong.json,
Qwen2.5-3B-Instruct,Qwen2.5,base,5,10,IVQ,ordinal,k7,7,wrong,cv_last,0.1,17,0.472222,0.04169674607630812,0.010764704957363801,21.738646025507336,0.12637442282507877,5,False,1367,0.02,raw,lora_intervention/experiments/linear_probing/results_probe50/Qwen2.5-3B-Instruct_5k_10u/probe_fits_wrong.json,
Qwen2.5-3B-Instruct,Qwen2.5,base,5,10,IVQ,ordinal,k7,7,wrong,cv_last,0.1,18,0.5,0.03511403438410738,0.004971889792758286,22.15354669661239,0.11805888939846795,5,False,1367,0.02,raw,lora_intervention/experiments/linear_probing/results_probe50/Qwen2.5-3B-Instruct_5k_10u/probe_fits_wrong.json,
Qwen2.5-3B-Instruct,Qwen2.5,base,5,10,IVQ,ordinal,k7,7,wrong,cv_last,0.1,19,0.527778,0.037303815406005185,0.0058317657106364855,22.792810352664368,0.1160264790774761,5,False,1367,0.02,raw,lora_intervention/experiments/linear_probing/results_probe50/Qwen2.5-3B-Instruct_5k_10u/probe_fits_wrong.json,
Qwen2.5-3B-Instruct,Qwen2.5,base,5,10,IVQ,ordinal,k7,7,wrong,cv_last,0.1,20,0.555556,0.035119381834710306,0.006814538525188355,22.978880243843747,0.11300267409962068,5,False,1367,0.02,raw,lora_intervention/experiments/linear_probing/results_probe50/Qwen2.5-3B-Instruct_5k_10u/probe_fits_wrong.json,
Qwen2.5-3B-Instruct,Qwen2.5,base,5,10,IVQ,ordinal,k7,7,wrong,cv_last,0.1,21,0.583333,0.028531322691906634,0.007103008792813494,22.725675784069946,0.10708792677525122,5,False,1367,0.02,raw,lora_intervention/experiments/linear_probing/results_probe50/Qwen2.5-3B-Instruct_5k_10u/probe_fits_wrong.json,
Qwen2.5-3B-Instruct,Qwen2.5,base,5,10,IVQ,ordinal,k7,7,wrong,cv_last,0.1,22,0.611111,0.023411138739605895,0.006789379870646071,23.08206732440309,0.1042437085585957,5,False,1367,0.02,raw,lora_intervention/experiments/linear_probing/results_probe50/Qwen2.5-3B-Instruct_5k_10u/probe_fits_wrong.json,
Qwen2.5-3B-Instruct,Qwen2.5,base,5,10,IVQ,ordinal,k7,7,wrong,cv_last,0.1,23,0.638889,0.027790700783401512,0.009410823336279966,23.864196144488115,0.10226102886762349,5,False,1367,0.02,raw,lora_intervention/experiments/linear_probing/results_probe50/Qwen2.5-3B-Instruct_5k_10u/probe_fits_wrong.json,
Qwen2.5-3B-Instruct,Qwen2.5,base,5,10,IVQ,ordinal,k7,7,wrong,cv_last,0.1,24,0.666667,0.01901820806930296,0.002727771190886403,24.18395230074062,0.0953568765437314,5,False,1367,0.02,raw,lora_intervention/experiments/linear_probing/results_probe50/Qwen2.5-3B-Instruct_5k_10u/probe_fits_wrong.json,
Qwen2.5-3B-Instruct,Qwen2.5,base,5,10,IVQ,ordinal,k7,7,wrong,cv_last,0.1,25,0.694444,0.020483409534504428,0.008848368196914574,24.379372209299213,0.09669530171895177,5,False,1367,0.02,raw,lora_intervention/experiments/linear_probing/results_probe50/Qwen2.5-3B-Instruct_5k_10u/probe_fits_wrong.json,
Qwen2.5-3B-Instruct,Qwen2.5,base,5,10,IVQ,ordinal,k7,7,wrong,cv_last,0.1,26,0.722222,0.02487901393010882,0.005408662780603811,24.287583219700007,0.0994989033507512,5,False,1367,0.02,raw,lora_intervention/experiments/linear_probing/results_probe50/Qwen2.5-3B-Instruct_5k_10u/probe_fits_wrong.json,
Qwen2.5-3B-Instruct,Qwen2.5,base,5,10,IVQ,ordinal,k7,7,wrong,cv_last,0.1,27,0.75,0.021210662816502236,0.008469480595180576,24.369663912729607,0.09644207226860028,5,False,1367,0.02,raw,lora_intervention/experiments/linear_probing/results_probe50/Qwen2.5-3B-Instruct_5k_10u/probe_fits_wrong.json,
Qwen2.5-3B-Instruct,Qwen2.5,base,5,10,IVQ,ordinal,k7,7,wrong,cv_last,0.1,28,0.777778,0.019010186893398572,0.007427602150211068,24.30889013662736,0.09034573120858577,5,False,1367,0.02,raw,lora_intervention/experiments/linear_probing/results_probe50/Qwen2.5-3B-Instruct_5k_10u/probe_fits_wrong.json,
Qwen2.5-3B-Instruct,Qwen2.5,base,5,10,IVQ,ordinal,k7,7,wrong,cv_last,0.1,29,0.805556,0.019742787625999306,0.008517925681464249,24.235218309670863,0.09382308938275485,5,False,1367,0.02,raw,lora_intervention/experiments/linear_probing/results_probe50/Qwen2.5-3B-Instruct_5k_10u/probe_fits_wrong.json,
Qwen2.5-3B-Instruct,Qwen2.5,base,5,10,IVQ,ordinal,k7,7,wrong,cv_last,0.1,30,0.833333,0.018282933611400768,0.0061070987983518725,23.985126066147963,0.09426474653961907,5,False,1367,0.02,raw,lora_intervention/experiments/linear_probing/results_probe50/Qwen2.5-3B-Instruct_5k_10u/probe_fits_wrong.json,
Qwen2.5-3B-Instruct,Qwen2.5,base,5,10,IVQ,ordinal,k7,7,wrong,cv_last,0.1,31,0.861111,0.0204780620839015,0.006776384688579732,23.056257854068072,0.1008753456110073,5,False,1367,0.02,raw,lora_intervention/experiments/linear_probing/results_probe50/Qwen2.5-3B-Instruct_5k_10u/probe_fits_wrong.json,
Qwen2.5-3B-Instruct,Qwen2.5,base,5,10,IVQ,ordinal,k7,7,wrong,cv_last,0.1,32,0.888889,0.04975268040961471,0.009470732067477484,20.636330579396276,0.13782908326160553,5,False,1367,0.02,raw,lora_intervention/experiments/linear_probing/results_probe50/Qwen2.5-3B-Instruct_5k_10u/probe_fits_wrong.json,
Qwen2.5-3B-Instruct,Qwen2.5,base,5,10,IVQ,ordinal,k7,7,wrong,cv_last,0.1,33,0.916667,0.05267506216411326,0.0055253450357908365,18.740940081815996,0.1530019206177426,5,False,1367,0.02,raw,lora_intervention/experiments/linear_probing/results_probe50/Qwen2.5-3B-Instruct_5k_10u/probe_fits_wrong.json,
Qwen2.5-3B-Instruct,Qwen2.5,base,5,10,IVQ,ordinal,k7,7,wrong,cv_last,0.1,34,0.944444,0.053426378973824226,0.018227986889164393,17.792930670302933,0.1595125184577232,5,False,1367,0.02,raw,lora_intervention/experiments/linear_probing/results_probe50/Qwen2.5-3B-Instruct_5k_10u/probe_fits_wrong.json,
Qwen2.5-3B-Instruct,Qwen2.5,base,5,10,IVQ,ordinal,k7,7,wrong,cv_last,0.1,35,0.972222,0.051961177508622766,0.013249215098427056,17.428047378412344,0.1621193187848518,5,False,1367,0.02,raw,lora_intervention/experiments/linear_probing/results_probe50/Qwen2.5-3B-Instruct_5k_10u/probe_fits_wrong.json,
Qwen2.5-3B-Instruct,Qwen2.5,base,5,10,IVQ,ordinal,k7,7,wrong,cv_last,0.1,36,1.0,0.0534290526991257,0.018954120695358116,16.6681880163632,0.16833021634188283,5,False,1367,0.02,raw,lora_intervention/experiments/linear_probing/results_probe50/Qwen2.5-3B-Instruct_5k_10u/probe_fits_wrong.json,
Qwen2.5-3B-Instruct,Qwen2.5,base,5,10,IVQ,ordinal,k7,7,wrong,expected,0.1,0,0.0,0.027796048234004438,0.0017600018928938907,23.043210074596935,0.10660127782937914,5,False,1367,0.02,raw,lora_intervention/experiments/linear_probing/results_probe50/Qwen2.5-3B-Instruct_5k_10u/probe_fits_wrong.json,
Qwen2.5-3B-Instruct,Qwen2.5,base,5,10,IVQ,ordinal,k7,7,wrong,expected,0.1,1,0.027778,0.02268655918290955,0.015438674264989885,25.062990294377155,0.09845204799640882,5,False,1367,0.02,raw,lora_intervention/experiments/linear_probing/results_probe50/Qwen2.5-3B-Instruct_5k_10u/probe_fits_wrong.json,
Qwen2.5-3B-Instruct,Qwen2.5,base,5,10,IVQ,ordinal,k7,7,wrong,expected,0.1,2,0.055556,0.01902622924520735,0.004874894173227342,25.152271329643593,0.09350087331687748,5,False,1367,0.02,raw,lora_intervention/experiments/linear_probing/results_probe50/Qwen2.5-3B-Instruct_5k_10u/probe_fits_wrong.json,
Qwen2.5-3B-Instruct,Qwen2.5,base,5,10,IVQ,ordinal,k7,7,wrong,expected,0.1,3,0.083333,0.01902622924520735,0.0063139296957108884,25.13826635651453,0.0919073105521089,5,False,1367,0.02,raw,lora_intervention/experiments/linear_probing/results_probe50/Qwen2.5-3B-Instruct_5k_10u/probe_fits_wrong.json,
Qwen2.5-3B-Instruct,Qwen2.5,base,5,10,IVQ,ordinal,k7,7,wrong,expected,0.1,4,0.111111,0.02341648619020882,0.009725161147243784,25.476663725568834,0.09333973137620741,5,False,1367,0.02,raw,lora_intervention/experiments/linear_probing/results_probe50/Qwen2.5-3B-Instruct_5k_10u/probe_fits_wrong.json,
Qwen2.5-3B-Instruct,Qwen2.5,base,5,10,IVQ,ordinal,k7,7,wrong,expected,0.1,5,0.138889,0.024143739472206625,0.008531257901501306,25.087783749097618,0.09317198726588774,5,False,1367,0.02,raw,lora_intervention/experiments/linear_probing/results_probe50/Qwen2.5-3B-Instruct_5k_10u/probe_fits_wrong.json,
Qwen2.5-3B-Instruct,Qwen2.5,base,5,10,IVQ,ordinal,k7,7,wrong,expected,0.1,6,0.166667,0.024884361380711744,0.012978918083584168,25.1705703056068,0.09359134227786928,5,False,1367,0.02,raw,lora_intervention/experiments/linear_probing/results_probe50/Qwen2.5-3B-Instruct_5k_10u/probe_fits_wrong.json,
Qwen2.5-3B-Instruct,Qwen2.5,base,5,10,IVQ,ordinal,k7,7,wrong,expected,0.1,7,0.194444,0.02708216357851394,0.011959553846627027,25.332801261998345,0.09471085533949028,5,False,1367,0.02,raw,lora_intervention/experiments/linear_probing/results_probe50/Qwen2.5-3B-Instruct_5k_10u/probe_fits_wrong.json,
Qwen2.5-3B-Instruct,Qwen2.5,base,5,10,IVQ,ordinal,k7,7,wrong,expected,0.1,8,0.222222,0.024149086922809548,0.009717119682860731,25.306612122670515,0.09501516385393374,5,False,1367,0.02,raw,lora_intervention/experiments/linear_probing/results_probe50/Qwen2.5-3B-Instruct_5k_10u/probe_fits_wrong.json,
Qwen2.5-3B-Instruct,Qwen2.5,base,5,10,IVQ,ordinal,k7,7,wrong,expected,0.1,9,0.25,0.023427181091414666,0.012613797784274999,25.158894147215314,0.09687143348335983,5,False,1367,0.02,raw,lora_intervention/experiments/linear_probing/results_probe50/Qwen2.5-3B-Instruct_5k_10u/probe_fits_wrong.json,
Qwen2.5-3B-Instruct,Qwen2.5,base,5,10,IVQ,ordinal,k7,7,wrong,expected,0.1,10,0.277778,0.02269190663351247,0.011219244476846257,25.082791903959787,0.09593953318410225,5,False,1367,0.02,raw,lora_intervention/experiments/linear_probing/results_probe50/Qwen2.5-3B-Instruct_5k_10u/probe_fits_wrong.json,
Qwen2.5-3B-Instruct,Qwen2.5,base,5,10,IVQ,ordinal,k7,7,wrong,expected,0.1,11,0.305556,0.02195663217561028,0.0073447511428435175,25.043124515387287,0.09440734947814282,5,False,1367,0.02,raw,lora_intervention/experiments/linear_probing/results_probe50/Qwen2.5-3B-Instruct_5k_10u/probe_fits_wrong.json,
Qwen2.5-3B-Instruct,Qwen2.5,base,5,10,IVQ,ordinal,k7,7,wrong,expected,0.1,12,0.333333,0.01976685115371247,0.009165168421793417,25.08767412636026,0.0937056502656387,5,False,1367,0.02,raw,lora_intervention/experiments/linear_probing/results_probe50/Qwen2.5-3B-Instruct_5k_10u/probe_fits_wrong.json,
Qwen2.5-3B-Instruct,Qwen2.5,base,5,10,IVQ,ordinal,k7,7,wrong,expected,0.1,13,0.361111,0.020491430710408813,0.005969485595492356,24.908617416646614,0.09402365223120353,5,False,1367,0.02,raw,lora_intervention/experiments/linear_probing/results_probe50/Qwen2.5-3B-Instruct_5k_10u/probe_fits_wrong.json,
Qwen2.5-3B-Instruct,Qwen2.5,base,5,10,IVQ,ordinal,k7,7,wrong,expected,0.1,14,0.388889,0.022683885457608084,0.0036217422736266346,24.816039678083474,0.09489224665439908,5,False,1367,0.02,raw,lora_intervention/experiments/linear_probing/results_probe50/Qwen2.5-3B-Instruct_5k_10u/probe_fits_wrong.json,
Qwen2.5-3B-Instruct,Qwen2.5,base,5,10,IVQ,ordinal,k7,7,wrong,expected,0.1,15,0.416667,0.01755835405470442,0.004276904230448776,24.953335472313576,0.09132953561543825,5,False,1367,0.02,raw,lora_intervention/experiments/linear_probing/results_probe50/Qwen2.5-3B-Instruct_5k_10u/probe_fits_wrong.json,
Qwen2.5-3B-Instruct,Qwen2.5,base,5,10,IVQ,ordinal,k7,7,wrong,expected,0.1,16,0.444444,0.019031576695810272,0.007485789122519195,24.82656078714473,0.09190092195257768,5,False,1367,0.02,raw,lora_intervention/experiments/linear_probing/results_probe50/Qwen2.5-3B-Instruct_5k_10u/probe_fits_wrong.json,
Qwen2.5-3B-Instruct,Qwen2.5,base,5,10,IVQ,ordinal,k7,7,wrong,expected,0.1,17,0.472222,0.02195395845030882,0.006572049423850834,25.369375150397047,0.09132525653798167,5,False,1367,0.02,raw,lora_intervention/experiments/linear_probing/results_probe50/Qwen2.5-3B-Instruct_5k_10u/probe_fits_wrong.json,
Qwen2.5-3B-Instruct,Qwen2.5,base,5,10,IVQ,ordinal,k7,7,wrong,expected,0.1,18,0.5,0.02268923290821101,0.007491563592052307,25.4148151118954,0.09235851352584179,5,False,1367,0.02,raw,lora_intervention/experiments/linear_probing/results_probe50/Qwen2.5-3B-Instruct_5k_10u/probe_fits_wrong.json,
Qwen2.5-3B-Instruct,Qwen2.5,base,5,10,IVQ,ordinal,k7,7,wrong,expected,0.1,19,0.527778,0.022678538007005162,0.005864946720569306,24.93081201037405,0.09675592420575896,5,False,1367,0.02,raw,lora_intervention/experiments/linear_probing/results_probe50/Qwen2.5-3B-Instruct_5k_10u/probe_fits_wrong.json,
Qwen2.5-3B-Instruct,Qwen2.5,base,5,10,IVQ,ordinal,k7,7,wrong,expected,0.1,20,0.555556,0.0226758642817037,0.006295373519472295,25.174134381433653,0.09384409403716522,5,False,1367,0.02,raw,lora_intervention/experiments/linear_probing/results_probe50/Qwen2.5-3B-Instruct_5k_10u/probe_fits_wrong.json,
Qwen2.5-3B-Instruct,Qwen2.5,base,5,10,IVQ,ordinal,k7,7,wrong,expected,0.1,21,0.583333,0.014638646025507341,0.004648177428475427,25.394403892944037,0.08601983908467395,5,False,1367,0.02,raw,lora_intervention/experiments/linear_probing/results_probe50/Qwen2.5-3B-Instruct_5k_10u/probe_fits_wrong.json,
Qwen2.5-3B-Instruct,Qwen2.5,base,5,10,IVQ,ordinal,k7,7,wrong,expected,0.1,22,0.611111,0.019753482527205157,0.008228250497823431,25.23559530493837,0.09064511449823406,5,False,1367,0.02,raw,lora_intervention/experiments/linear_probing/results_probe50/Qwen2.5-3B-Instruct_5k_10u/probe_fits_wrong.json,
Qwen2.5-3B-Instruct,Qwen2.5,base,5,10,IVQ,ordinal,k7,7,wrong,expected,0.1,23,0.638889,0.025606267212106626,0.006132733230095713,24.979612844576348,0.09555978649579282,5,False,1367,0.02,raw,lora_intervention/experiments/linear_probing/results_probe50/Qwen2.5-3B-Instruct_5k_10u/probe_fits_wrong.json,
Qwen2.5-3B-Instruct,Qwen2.5,base,5,10,IVQ,ordinal,k7,7,wrong,expected,0.1,24,0.666667,0.021218683992406624,0.005383620090358595,25.20577257292586,0.0918362325437421,5,False,1367,0.02,raw,lora_intervention/experiments/linear_probing/results_probe50/Qwen2.5-3B-Instruct_5k_10u/probe_fits_wrong.json,
Qwen2.5-3B-Instruct,Qwen2.5,base,5,10,IVQ,ordinal,k7,7,wrong,expected,0.1,25,0.694444,0.03073714606561322,0.010282048345193485,25.216202775326863,0.10041602722234552,5,False,1367,0.02,raw,lora_intervention/experiments/linear_probing/results_probe50/Qwen2.5-3B-Instruct_5k_10u/probe_fits_wrong.json,
Qwen2.5-3B-Instruct,Qwen2.5,base,5,10,IVQ,ordinal,k7,7,wrong,expected,0.1,26,0.722222,0.024873666479505896,0.006288870185277959,25.2365578460469,0.0955540739645608,5,False,1367,0.02,raw,lora_intervention/experiments/linear_probing/results_probe50/Qwen2.5-3B-Instruct_5k_10u/probe_fits_wrong.json,
Qwen2.5-3B-Instruct,Qwen2.5,base,5,10,IVQ,ordinal,k7,7,wrong,expected,0.1,27,0.75,0.022673190556402233,0.006281695540084813,25.790949439854547,0.09060457569266687,5,False,1367,0.02,raw,lora_intervention/experiments/linear_probing/results_probe50/Qwen2.5-3B-Instruct_5k_10u/probe_fits_wrong.json,
Qwen2.5-3B-Instruct,Qwen2.5,base,5,10,IVQ,ordinal,k7,7,wrong,expected,0.1,28,0.777778,0.024860297852998585,0.009332245868422217,25.53325312157429,0.09448458322980265,5,False,1367,0.02,raw,lora_intervention/experiments/linear_probing/results_probe50/Qwen2.5-3B-Instruct_5k_10u/probe_fits_wrong.json,
Qwen2.5-3B-Instruct,Qwen2.5,base,5,10,IVQ,ordinal,k7,7,wrong,expected,0.1,29,0.805556,0.01608780513890003,0.004936058990361217,25.21465736210262,0.08923989495979681,5,False,1367,0.02,raw,lora_intervention/experiments/linear_probing/results_probe50/Qwen2.5-3B-Instruct_5k_10u/probe_fits_wrong.json,
Qwen2.5-3B-Instruct,Qwen2.5,base,5,10,IVQ,ordinal,k7,7,wrong,expected,0.1,30,0.833333,0.02413571829630224,0.005457436855257939,24.806721745407877,0.09634891048758447,5,False,1367,0.02,raw,lora_intervention/experiments/linear_probing/results_probe50/Qwen2.5-3B-Instruct_5k_10u/probe_fits_wrong.json,
Qwen2.5-3B-Instruct,Qwen2.5,base,5,10,IVQ,ordinal,k7,7,wrong,expected,0.1,31,0.861111,0.02925055479800005,0.010059548120352996,23.633317290981523,0.10318431084698995,5,False,1367,0.02,raw,lora_intervention/experiments/linear_probing/results_probe50/Qwen2.5-3B-Instruct_5k_10u/probe_fits_wrong.json,
Qwen2.5-3B-Instruct,Qwen2.5,base,5,10,IVQ,ordinal,k7,7,wrong,expected,0.1,32,0.888889,0.025595572310900778,0.006513842379319188,21.78191759578621,0.10983093079197485,5,False,1367,0.02,raw,lora_intervention/experiments/linear_probing/results_probe50/Qwen2.5-3B-Instruct_5k_10u/probe_fits_wrong.json,
Qwen2.5-3B-Instruct,Qwen2.5,base,5,10,IVQ,ordinal,k7,7,wrong,expected,0.1,33,0.916667,0.05778722494050962,0.010922537982799884,16.60692762225609,0.17254781826400806,5,False,1367,0.02,raw,lora_intervention/experiments/linear_probing/results_probe50/Qwen2.5-3B-Instruct_5k_10u/probe_fits_wrong.json,
Qwen2.5-3B-Instruct,Qwen2.5,base,5,10,IVQ,ordinal,k7,7,wrong,expected,0.1,34,0.944444,0.07315312424801476,0.012675818371643938,14.455637549798135,0.1994581312866746,5,False,1367,0.02,raw,lora_intervention/experiments/linear_probing/results_probe50/Qwen2.5-3B-Instruct_5k_10u/probe_fits_wrong.json,
Qwen2.5-3B-Instruct,Qwen2.5,base,5,10,IVQ,ordinal,k7,7,wrong,expected,0.1,35,0.972222,0.07315312424801476,0.010865214977722092,14.094521536857304,0.20369645610539017,5,False,1367,0.02,raw,lora_intervention/experiments/linear_probing/results_probe50/Qwen2.5-3B-Instruct_5k_10u/probe_fits_wrong.json,
Qwen2.5-3B-Instruct,Qwen2.5,base,5,10,IVQ,ordinal,k7,7,wrong,expected,0.1,36,1.0,0.07974118339081844,0.012140097944224063,13.433362744311648,0.21498791533430897,5,False,1367,0.02,raw,lora_intervention/experiments/linear_probing/results_probe50/Qwen2.5-3B-Instruct_5k_10u/probe_fits_wrong.json,
Qwen2.5-3B-Instruct,Qwen2.5,base,5,10,IVQ,ordinal,k7,7,wrong,shuffled,0.1,0,0.0,0.027801395684607367,0.0018403428189676027,23.04801743268897,0.10673777138380687,5,False,1367,0.02,raw,lora_intervention/experiments/linear_probing/results_probe50/Qwen2.5-3B-Instruct_5k_10u/probe_fits_wrong.json,
Qwen2.5-3B-Instruct,Qwen2.5,base,5,10,IVQ,ordinal,k7,7,wrong,shuffled,0.1,1,0.027778,0.020488756985107347,0.005967199018778556,24.829148953236547,0.09076756782132937,5,False,1367,0.02,raw,lora_intervention/experiments/linear_probing/results_probe50/Qwen2.5-3B-Instruct_5k_10u/probe_fits_wrong.json,
Qwen2.5-3B-Instruct,Qwen2.5,base,5,10,IVQ,ordinal,k7,7,wrong,shuffled,0.1,2,0.055556,0.016831100772706616,0.0049829661157098,25.0040186091281,0.09042279393684807,5,False,1367,0.02,raw,lora_intervention/experiments/linear_probing/results_probe50/Qwen2.5-3B-Instruct_5k_10u/probe_fits_wrong.json,
Qwen2.5-3B-Instruct,Qwen2.5,base,5,10,IVQ,ordinal,k7,7,wrong,shuffled,0.1,3,0.083333,0.021213336541803695,0.005853586503280878,24.771281516536995,0.09498347259768393,5,False,1367,0.02,raw,lora_intervention/experiments/linear_probing/results_probe50/Qwen2.5-3B-Instruct_5k_10u/probe_fits_wrong.json,
Qwen2.5-3B-Instruct,Qwen2.5,base,5,10,IVQ,ordinal,k7,7,wrong,shuffled,0.1,4,0.111111,0.024151760648111014,0.013232238153485076,24.810726985909465,0.09785074445048714,5,False,1367,0.02,raw,lora_intervention/experiments/linear_probing/results_probe50/Qwen2.5-3B-Instruct_5k_10u/probe_fits_wrong.json,
Qwen2.5-3B-Instruct,Qwen2.5,base,5,10,IVQ,ordinal,k7,7,wrong,shuffled,0.1,5,0.138889,0.01828828106200369,0.011576727291248604,25.03768081067351,0.09404549344652861,5,False,1367,0.02,raw,lora_intervention/experiments/linear_probing/results_probe50/Qwen2.5-3B-Instruct_5k_10u/probe_fits_wrong.json,
Qwen2.5-3B-Instruct,Qwen2.5,base,5,10,IVQ,ordinal,k7,7,wrong,shuffled,0.1,6,0.166667,0.02047538835860004,0.008828240930219697,24.929635571241413,0.0962047814855643,5,False,1367,0.02,raw,lora_intervention/experiments/linear_probing/results_probe50/Qwen2.5-3B-Instruct_5k_10u/probe_fits_wrong.json,
Qwen2.5-3B-Instruct,Qwen2.5,base,5,10,IVQ,ordinal,k7,7,wrong,shuffled,0.1,7,0.194444,0.02268121173230662,0.007107341235410307,24.867434025828185,0.09569630245753577,5,False,1367,0.02,raw,lora_intervention/experiments/linear_probing/results_probe50/Qwen2.5-3B-Instruct_5k_10u/probe_fits_wrong.json,
Qwen2.5-3B-Instruct,Qwen2.5,base,5,10,IVQ,ordinal,k7,7,wrong,shuffled,0.1,8,0.222222,0.021216010267105158,0.004865298520914102,24.846290206144218,0.09633415195978637,5,False,1367,0.02,raw,lora_intervention/experiments/linear_probing/results_probe50/Qwen2.5-3B-Instruct_5k_10u/probe_fits_wrong.json,
Qwen2.5-3B-Instruct,Qwen2.5,base,5,10,IVQ,ordinal,k7,7,wrong,shuffled,0.1,9,0.25,0.024870992754204437,0.009642706432681749,24.930646239405366,0.09719627720137683,5,False,1367,0.02,raw,lora_intervention/experiments/linear_probing/results_probe50/Qwen2.5-3B-Instruct_5k_10u/probe_fits_wrong.json,
Qwen2.5-3B-Instruct,Qwen2.5,base,5,10,IVQ,ordinal,k7,7,wrong,shuffled,0.1,10,0.277778,0.022673190556402236,0.006284807302737614,25.094283575305475,0.09470969191671261,5,False,1367,0.02,raw,lora_intervention/experiments/linear_probing/results_probe50/Qwen2.5-3B-Instruct_5k_10u/probe_fits_wrong.json,
Qwen2.5-3B-Instruct,Qwen2.5,base,5,10,IVQ,ordinal,k7,7,wrong,shuffled,0.1,11,0.305556,0.024146413197508088,0.010002771919598507,25.089142001550762,0.09433794358221911,5,False,1367,0.02,raw,lora_intervention/experiments/linear_probing/results_probe50/Qwen2.5-3B-Instruct_5k_10u/probe_fits_wrong.json,
Qwen2.5-3B-Instruct,Qwen2.5,base,5,10,IVQ,ordinal,k7,7,wrong,shuffled,0.1,12,0.333333,0.02561161466270955,0.011114044129709488,24.891222159835298,0.09645723498659983,5,False,1367,0.02,raw,lora_intervention/experiments/linear_probing/results_probe50/Qwen2.5-3B-Instruct_5k_10u/probe_fits_wrong.json,
Qwen2.5-3B-Instruct,Qwen2.5,base,5,10,IVQ,ordinal,k7,7,wrong,shuffled,0.1,13,0.361111,0.024873666479505896,0.01298435335587895,24.864156038608595,0.09764793792365999,5,False,1367,0.02,raw,lora_intervention/experiments/linear_probing/results_probe50/Qwen2.5-3B-Instruct_5k_10u/probe_fits_wrong.json,
Qwen2.5-3B-Instruct,Qwen2.5,base,5,10,IVQ,ordinal,k7,7,wrong,shuffled,0.1,14,0.388889,0.024873666479505896,0.012984353355878948,24.6276062137376,0.09886857107021704,5,False,1367,0.02,raw,lora_intervention/experiments/linear_probing/results_probe50/Qwen2.5-3B-Instruct_5k_10u/probe_fits_wrong.json,
Qwen2.5-3B-Instruct,Qwen2.5,base,5,10,IVQ,ordinal,k7,7,wrong,shuffled,0.1,15,0.416667,0.024868319028902974,0.01189440110183146,24.657506483783855,0.099184379649254,5,False,1367,0.02,raw,lora_intervention/experiments/linear_probing/results_probe50/Qwen2.5-3B-Instruct_5k_10u/probe_fits_wrong.json,
Qwen2.5-3B-Instruct,Qwen2.5,base,5,10,IVQ,ordinal,k7,7,wrong,shuffled,0.1,16,0.444444,0.024870992754204437,0.012337533339074688,24.834525814817784,0.09956179047595479,5,False,1367,0.02,raw,lora_intervention/experiments/linear_probing/results_probe50/Qwen2.5-3B-Instruct_5k_10u/probe_fits_wrong.json,
Qwen2.5-3B-Instruct,Qwen2.5,base,5,10,IVQ,ordinal,k7,7,wrong,shuffled,0.1,17,0.472222,0.024881687655410285,0.009955257747973808,24.8681906900885,0.09691158662638996,5,False,1367,0.02,raw,lora_intervention/experiments/linear_probing/results_probe50/Qwen2.5-3B-Instruct_5k_10u/probe_fits_wrong.json,
Qwen2.5-3B-Instruct,Qwen2.5,base,5,10,IVQ,ordinal,k7,7,wrong,shuffled,0.1,18,0.5,0.02707414240260956,0.012615698503842511,24.64713242961418,0.1030938276565734,5,False,1367,0.02,raw,lora_intervention/experiments/linear_probing/results_probe50/Qwen2.5-3B-Instruct_5k_10u/probe_fits_wrong.json,
Qwen2.5-3B-Instruct,Qwen2.5,base,5,10,IVQ,ordinal,k7,7,wrong,shuffled,0.1,19,0.527778,0.029253228523301516,0.011085022617541207,24.75153070773509,0.10468506321992803,5,False,1367,0.02,raw,lora_intervention/experiments/linear_probing/results_probe50/Qwen2.5-3B-Instruct_5k_10u/probe_fits_wrong.json,
Qwen2.5-3B-Instruct,Qwen2.5,base,5,10,IVQ,ordinal,k7,7,wrong,shuffled,0.1,20,0.555556,0.027063447501403704,0.006777324591730124,25.002646988048447,0.10093272391944794,5,False,1367,0.02,raw,lora_intervention/experiments/linear_probing/results_probe50/Qwen2.5-3B-Instruct_5k_10u/probe_fits_wrong.json,
Qwen2.5-3B-Instruct,Qwen2.5,base,5,10,IVQ,ordinal,k7,7,wrong,shuffled,0.1,21,0.583333,0.01902088179460442,0.004271893508148401,24.714684099355633,0.0943894473628383,5,False,1367,0.02,raw,lora_intervention/experiments/linear_probing/results_probe50/Qwen2.5-3B-Instruct_5k_10u/probe_fits_wrong.json,
Qwen2.5-3B-Instruct,Qwen2.5,base,5,10,IVQ,ordinal,k7,7,wrong,shuffled,0.1,22,0.611111,0.019023555519905887,0.012556703328066458,24.918986123365684,0.09303275247256892,5,False,1367,0.02,raw,lora_intervention/experiments/linear_probing/results_probe50/Qwen2.5-3B-Instruct_5k_10u/probe_fits_wrong.json,
Qwen2.5-3B-Instruct,Qwen2.5,base,5,10,IVQ,ordinal,k7,7,wrong,shuffled,0.1,23,0.638889,0.014627951124301491,0.004000507817583807,25.32349937167455,0.08157278028366892,5,False,1367,0.02,raw,lora_intervention/experiments/linear_probing/results_probe50/Qwen2.5-3B-Instruct_5k_10u/probe_fits_wrong.json,
Qwen2.5-3B-Instruct,Qwen2.5,base,5,10,IVQ,ordinal,k7,7,wrong,shuffled,0.1,24,0.666667,0.01974813507660223,0.004950735787795764,25.365966150637682,0.08660738269463511,5,False,1367,0.02,raw,lora_intervention/experiments/linear_probing/results_probe50/Qwen2.5-3B-Instruct_5k_10u/probe_fits_wrong.json,
Qwen2.5-3B-Instruct,Qwen2.5,base,5,10,IVQ,ordinal,k7,7,wrong,shuffled,0.1,25,0.694444,0.019010186893398572,0.008743106265337976,25.81265206812652,0.08711379477500124,5,False,1367,0.02,raw,lora_intervention/experiments/linear_probing/results_probe50/Qwen2.5-3B-Instruct_5k_10u/probe_fits_wrong.json,
Qwen2.5-3B-Instruct,Qwen2.5,base,5,10,IVQ,ordinal,k7,7,wrong,shuffled,0.1,26,0.722222,0.016812384695596375,0.01096754687998863,25.26126306783241,0.0862758387756241,5,False,1367,0.02,raw,lora_intervention/experiments/linear_probing/results_probe50/Qwen2.5-3B-Instruct_5k_10u/probe_fits_wrong.json,
Qwen2.5-3B-Instruct,Qwen2.5,base,5,10,IVQ,ordinal,k7,7,wrong,shuffled,0.1,27,0.75,0.0212133365418037,0.006699346214136631,24.999788775701184,0.09320123843730384,5,False,1367,0.02,raw,lora_intervention/experiments/linear_probing/results_probe50/Qwen2.5-3B-Instruct_5k_10u/probe_fits_wrong.json,
Qwen2.5-3B-Instruct,Qwen2.5,base,5,10,IVQ,ordinal,k7,7,wrong,shuffled,0.1,28,0.777778,0.024141065746905166,0.009138308073471942,24.986692869174618,0.0981621389164676,5,False,1367,0.02,raw,lora_intervention/experiments/linear_probing/results_probe50/Qwen2.5-3B-Instruct_5k_10u/probe_fits_wrong.json,
Qwen2.5-3B-Instruct,Qwen2.5,base,5,10,IVQ,ordinal,k7,7,wrong,shuffled,0.1,29,0.805556,0.025608940937408092,0.006145466725997366,25.36835378733189,0.09576742082605456,5,False,1367,0.02,raw,lora_intervention/experiments/linear_probing/results_probe50/Qwen2.5-3B-Instruct_5k_10u/probe_fits_wrong.json,
Qwen2.5-3B-Instruct,Qwen2.5,base,5,10,IVQ,ordinal,k7,7,wrong,shuffled,0.1,30,0.833333,0.02634421539531029,0.007839887827470174,25.46650624314858,0.09634545156085741,5,False,1367,0.02,raw,lora_intervention/experiments/linear_probing/results_probe50/Qwen2.5-3B-Instruct_5k_10u/probe_fits_wrong.json,
Qwen2.5-3B-Instruct,Qwen2.5,base,5,10,IVQ,ordinal,k7,7,wrong,shuffled,0.1,31,0.861111,0.021221357717708084,0.009103442172365488,25.478834790513623,0.09185376966543116,5,False,1367,0.02,raw,lora_intervention/experiments/linear_probing/results_probe50/Qwen2.5-3B-Instruct_5k_10u/probe_fits_wrong.json,
Qwen2.5-3B-Instruct,Qwen2.5,base,5,10,IVQ,ordinal,k7,7,wrong,shuffled,0.1,32,0.888889,0.024143739472206625,0.008549572689655864,25.711847276810783,0.09322032050570733,5,False,1367,0.02,raw,lora_intervention/experiments/linear_probing/results_probe50/Qwen2.5-3B-Instruct_5k_10u/probe_fits_wrong.json,
Qwen2.5-3B-Instruct,Qwen2.5,base,5,10,IVQ,ordinal,k7,7,wrong,shuffled,0.1,33,0.916667,0.026341541670008822,0.010975707821356661,26.314414053100183,0.09087675829167956,5,False,1367,0.02,raw,lora_intervention/experiments/linear_probing/results_probe50/Qwen2.5-3B-Instruct_5k_10u/probe_fits_wrong.json,
Qwen2.5-3B-Instruct,Qwen2.5,base,5,10,IVQ,ordinal,k7,7,wrong,shuffled,0.1,34,0.944444,0.022683885457608084,0.006317681916075557,26.37303280660945,0.08788343428083624,5,False,1367,0.02,raw,lora_intervention/experiments/linear_probing/results_probe50/Qwen2.5-3B-Instruct_5k_10u/probe_fits_wrong.json,
Qwen2.5-3B-Instruct,Qwen2.5,base,5,10,IVQ,ordinal,k7,7,wrong,shuffled,0.1,35,0.972222,0.017563701505307346,0.006315463678093352,26.350274056843396,0.0854308617365922,5,False,1367,0.02,raw,lora_intervention/experiments/linear_probing/results_probe50/Qwen2.5-3B-Instruct_5k_10u/probe_fits_wrong.json,
Qwen2.5-3B-Instruct,Qwen2.5,base,5,10,IVQ,ordinal,k7,7,wrong,shuffled,0.1,36,1.0,0.019023555519905887,0.004276004873724057,26.310141440068445,0.08692928260020467,5,False,1367,0.02,raw,lora_intervention/experiments/linear_probing/results_probe50/Qwen2.5-3B-Instruct_5k_10u/probe_fits_wrong.json,
Qwen2.5-3B-Instruct,Qwen2.5,base,5,10,IVQ,ordinal,k8,8,wrong,cv_first,0.1,0,0.0,0.03733322638432128,0.0014063795085692886,22.994232774524743,0.11482365965572258,5,False,1366,0.02,raw,lora_intervention/experiments/linear_probing/results_probe50/Qwen2.5-3B-Instruct_5k_10u/probe_fits_wrong.json,
Qwen2.5-3B-Instruct,Qwen2.5,base,5,10,IVQ,ordinal,k8,8,wrong,cv_first,0.1,1,0.027778,0.021967327076816128,0.006961357940765501,24.120488756985104,0.0978883855489239,5,False,1366,0.02,raw,lora_intervention/experiments/linear_probing/results_probe50/Qwen2.5-3B-Instruct_5k_10u/probe_fits_wrong.json,
Qwen2.5-3B-Instruct,Qwen2.5,base,5,10,IVQ,ordinal,k8,8,wrong,cv_first,0.1,2,0.055556,0.02561696211331248,0.003968734313990481,24.070824309510442,0.0991597772595762,5,False,1366,0.02,raw,lora_intervention/experiments/linear_probing/results_probe50/Qwen2.5-3B-Instruct_5k_10u/probe_fits_wrong.json,
Qwen2.5-3B-Instruct,Qwen2.5,base,5,10,IVQ,ordinal,k8,8,wrong,cv_first,0.1,3,0.083333,0.021229378893612472,0.0027370381470725887,24.118825699847598,0.09687956102856256,5,False,1366,0.02,raw,lora_intervention/experiments/linear_probing/results_probe50/Qwen2.5-3B-Instruct_5k_10u/probe_fits_wrong.json,
Qwen2.5-3B-Instruct,Qwen2.5,base,5,10,IVQ,ordinal,k8,8,wrong,cv_first,0.1,4,0.111111,0.019761503703109546,0.0037062539370524812,24.128207801930433,0.09723533357751131,5,False,1366,0.02,raw,lora_intervention/experiments/linear_probing/results_probe50/Qwen2.5-3B-Instruct_5k_10u/probe_fits_wrong.json,
Qwen2.5-3B-Instruct,Qwen2.5,base,5,10,IVQ,ordinal,k8,8,wrong,cv_first,0.1,5,0.138889,0.01976685115371247,0.005955026729399444,24.066086468276247,0.09681157631060551,5,False,1366,0.02,raw,lora_intervention/experiments/linear_probing/results_probe50/Qwen2.5-3B-Instruct_5k_10u/probe_fits_wrong.json,
Qwen2.5-3B-Instruct,Qwen2.5,base,5,10,IVQ,ordinal,k8,8,wrong,cv_first,0.1,6,0.166667,0.021961979626213206,0.0083529951377415,23.936715595839683,0.09811228332096092,5,False,1366,0.02,raw,lora_intervention/experiments/linear_probing/results_probe50/Qwen2.5-3B-Instruct_5k_10u/probe_fits_wrong.json,
Qwen2.5-3B-Instruct,Qwen2.5,base,5,10,IVQ,ordinal,k8,8,wrong,cv_first,0.1,7,0.194444,0.027079489853212478,0.01258403405913633,23.991724820191973,0.10347282967067888,5,False,1366,0.02,raw,lora_intervention/experiments/linear_probing/results_probe50/Qwen2.5-3B-Instruct_5k_10u/probe_fits_wrong.json,
Qwen2.5-3B-Instruct,Qwen2.5,base,5,10,IVQ,ordinal,k8,8,wrong,cv_first,0.1,8,0.222222,0.02122670516831101,0.007091334469957778,23.801336862650732,0.10203576257900401,5,False,1366,0.02,raw,lora_intervention/experiments/linear_probing/results_probe50/Qwen2.5-3B-Instruct_5k_10u/probe_fits_wrong.json,
Qwen2.5-3B-Instruct,Qwen2.5,base,5,10,IVQ,ordinal,k8,8,wrong,cv_first,0.1,9,0.25,0.024892382556616136,0.005392314673838427,23.334798534798537,0.1062659641645598,5,False,1366,0.02,raw,lora_intervention/experiments/linear_probing/results_probe50/Qwen2.5-3B-Instruct_5k_10u/probe_fits_wrong.json,
Qwen2.5-3B-Instruct,Qwen2.5,base,5,10,IVQ,ordinal,k8,8,wrong,cv_first,0.1,10,0.277778,0.024892382556616133,0.0063096065019805974,23.483430924306838,0.1044877368238134,5,False,1366,0.02,raw,lora_intervention/experiments/linear_probing/results_probe50/Qwen2.5-3B-Instruct_5k_10u/probe_fits_wrong.json,
Qwen2.5-3B-Instruct,Qwen2.5,base,5,10,IVQ,ordinal,k8,8,wrong,cv_first,0.1,11,0.305556,0.029285313226919067,0.0073354549023837866,23.2866474158445,0.10804497062945176,5,False,1366,0.02,raw,lora_intervention/experiments/linear_probing/results_probe50/Qwen2.5-3B-Instruct_5k_10u/probe_fits_wrong.json,
Qwen2.5-3B-Instruct,Qwen2.5,base,5,10,IVQ,ordinal,k8,8,wrong,cv_first,0.1,12,0.333333,0.028560733670222722,0.009107720976279862,23.370134488382668,0.10970271737417252,5,False,1366,0.02,raw,lora_intervention/experiments/linear_probing/results_probe50/Qwen2.5-3B-Instruct_5k_10u/probe_fits_wrong.json,
Qwen2.5-3B-Instruct,Qwen2.5,base,5,10,IVQ,ordinal,k8,8,wrong,cv_first,0.1,13,0.361111,0.037330552659019814,0.007795207484633032,22.874364321809576,0.11858077598944909,5,False,1366,0.02,raw,lora_intervention/experiments/linear_probing/results_probe50/Qwen2.5-3B-Instruct_5k_10u/probe_fits_wrong.json,
Qwen2.5-3B-Instruct,Qwen2.5,base,5,10,IVQ,ordinal,k8,8,wrong,cv_first,0.1,14,0.388889,0.0380738482928264,0.007204268355612612,22.525060827250606,0.11990261090662262,5,False,1366,0.02,raw,lora_intervention/experiments/linear_probing/results_probe50/Qwen2.5-3B-Instruct_5k_10u/probe_fits_wrong.json,
Qwen2.5-3B-Instruct,Qwen2.5,base,5,10,IVQ,ordinal,k8,8,wrong,cv_first,0.1,15,0.416667,0.039536376032726396,0.011220888310436997,22.44590518970081,0.12168320786174505,5,False,1366,0.02,raw,lora_intervention/experiments/linear_probing/results_probe50/Qwen2.5-3B-Instruct_5k_10u/probe_fits_wrong.json,
Qwen2.5-3B-Instruct,Qwen2.5,base,5,10,IVQ,ordinal,k8,8,wrong,cv_first,0.1,16,0.444444,0.03441619208042566,0.012830899896974158,22.472305553327452,0.11785789197280731,5,False,1366,0.02,raw,lora_intervention/experiments/linear_probing/results_probe50/Qwen2.5-3B-Instruct_5k_10u/probe_fits_wrong.json,
Qwen2.5-3B-Instruct,Qwen2.5,base,5,10,IVQ,ordinal,k8,8,wrong,cv_first,0.1,17,0.472222,0.032210368706719075,0.008789335032186877,21.995708670891155,0.11845106451471046,5,False,1366,0.02,raw,lora_intervention/experiments/linear_probing/results_probe50/Qwen2.5-3B-Instruct_5k_10u/probe_fits_wrong.json,
Qwen2.5-3B-Instruct,Qwen2.5,base,5,10,IVQ,ordinal,k8,8,wrong,cv_first,0.1,18,0.5,0.030734472340311757,0.00878591178810823,21.98261543808989,0.11766601895421351,5,False,1366,0.02,raw,lora_intervention/experiments/linear_probing/results_probe50/Qwen2.5-3B-Instruct_5k_10u/probe_fits_wrong.json,
Qwen2.5-3B-Instruct,Qwen2.5,base,5,10,IVQ,ordinal,k8,8,wrong,cv_first,0.1,19,0.527778,0.035865351193818354,0.00480645090274287,22.360241704767255,0.11789498028555556,5,False,1366,0.02,raw,lora_intervention/experiments/linear_probing/results_probe50/Qwen2.5-3B-Instruct_5k_10u/probe_fits_wrong.json,
Qwen2.5-3B-Instruct,Qwen2.5,base,5,10,IVQ,ordinal,k8,8,wrong,cv_first,0.1,20,0.555556,0.03293494826341541,0.008310863838042769,22.22672655811342,0.11700394792574978,5,False,1366,0.02,raw,lora_intervention/experiments/linear_probing/results_probe50/Qwen2.5-3B-Instruct_5k_10u/probe_fits_wrong.json,
Qwen2.5-3B-Instruct,Qwen2.5,base,5,10,IVQ,ordinal,k8,8,wrong,cv_first,0.1,21,0.583333,0.032210368706719075,0.007819929367060396,22.230825379000557,0.11731325315223155,5,False,1366,0.02,raw,lora_intervention/experiments/linear_probing/results_probe50/Qwen2.5-3B-Instruct_5k_10u/probe_fits_wrong.json,
Qwen2.5-3B-Instruct,Qwen2.5,base,5,10,IVQ,ordinal,k8,8,wrong,cv_first,0.1,22,0.611111,0.03659260447581615,0.015155571255665506,21.899668458062614,0.12151891947927959,5,False,1366,0.02,raw,lora_intervention/experiments/linear_probing/results_probe50/Qwen2.5-3B-Instruct_5k_10u/probe_fits_wrong.json,
Qwen2.5-3B-Instruct,Qwen2.5,base,5,10,IVQ,ordinal,k8,8,wrong,cv_first,0.1,23,0.638889,0.12445121788187483,0.026108368859631317,14.811352637630009,0.24289140757879252,5,False,1366,0.02,raw,lora_intervention/experiments/linear_probing/results_probe50/Qwen2.5-3B-Instruct_5k_10u/probe_fits_wrong.json,
Qwen2.5-3B-Instruct,Qwen2.5,base,5,10,IVQ,ordinal,k8,8,wrong,cv_first,0.1,24,0.666667,0.11932033902836822,0.018285684549691286,14.85650383679581,0.23934913540391484,5,False,1366,0.02,raw,lora_intervention/experiments/linear_probing/results_probe50/Qwen2.5-3B-Instruct_5k_10u/probe_fits_wrong.json,
Qwen2.5-3B-Instruct,Qwen2.5,base,5,10,IVQ,ordinal,k8,8,wrong,cv_first,0.1,25,0.694444,0.11787117991497553,0.0227864934871856,14.196211331247827,0.2431010155564583,5,False,1366,0.02,raw,lora_intervention/experiments/linear_probing/results_probe50/Qwen2.5-3B-Instruct_5k_10u/probe_fits_wrong.json,
Qwen2.5-3B-Instruct,Qwen2.5,base,5,10,IVQ,ordinal,k8,8,wrong,cv_first,0.1,26,0.722222,0.16180048661800486,0.01735942997122088,11.727726531376167,0.29949741397329166,5,False,1366,0.02,raw,lora_intervention/experiments/linear_probing/results_probe50/Qwen2.5-3B-Instruct_5k_10u/probe_fits_wrong.json,
Qwen2.5-3B-Instruct,Qwen2.5,base,5,10,IVQ,ordinal,k8,8,wrong,cv_first,0.1,27,0.75,0.16835913478249243,0.02256549643702959,11.949092270260152,0.2987723871060976,5,False,1366,0.02,raw,lora_intervention/experiments/linear_probing/results_probe50/Qwen2.5-3B-Instruct_5k_10u/probe_fits_wrong.json,
Qwen2.5-3B-Instruct,Qwen2.5,base,5,10,IVQ,ordinal,k8,8,wrong,cv_first,0.1,28,0.777778,0.16984572605010562,0.01779416396313506,11.959204299350285,0.30560595077064,5,False,1366,0.02,raw,lora_intervention/experiments/linear_probing/results_probe50/Qwen2.5-3B-Instruct_5k_10u/probe_fits_wrong.json,
Qwen2.5-3B-Instruct,Qwen2.5,base,5,10,IVQ,ordinal,k8,8,wrong,cv_first,0.1,29,0.805556,0.1647175209219005,0.03253035155579776,12.177481885511082,0.30293291849275905,5,False,1366,0.02,raw,lora_intervention/experiments/linear_probing/results_probe50/Qwen2.5-3B-Instruct_5k_10u/probe_fits_wrong.json,
Qwen2.5-3B-Instruct,Qwen2.5,base,5,10,IVQ,ordinal,k8,8,wrong,cv_first,0.1,30,0.833333,0.16691264939440123,0.029368914357350694,11.767174674473946,0.30775523281450157,5,False,1366,0.02,raw,lora_intervention/experiments/linear_probing/results_probe50/Qwen2.5-3B-Instruct_5k_10u/probe_fits_wrong.json,
Qwen2.5-3B-Instruct,Qwen2.5,base,5,10,IVQ,ordinal,k8,8,wrong,cv_first,0.1,31,0.861111,0.2035186224967247,0.01570072328554933,10.607791235528461,0.34239333133939215,5,False,1366,0.02,raw,lora_intervention/experiments/linear_probing/results_probe50/Qwen2.5-3B-Instruct_5k_10u/probe_fits_wrong.json,
Qwen2.5-3B-Instruct,Qwen2.5,base,5,10,IVQ,ordinal,k8,8,wrong,cv_first,0.1,32,0.888889,0.1925456538595225,0.012130707898906237,10.9815325793428,0.3267910163802602,5,False,1366,0.02,raw,lora_intervention/experiments/linear_probing/results_probe50/Qwen2.5-3B-Instruct_5k_10u/probe_fits_wrong.json,
Qwen2.5-3B-Instruct,Qwen2.5,base,5,10,IVQ,ordinal,k8,8,wrong,cv_first,0.1,33,0.916667,0.15519905884869387,0.016490956781502097,12.174706558648165,0.2912871164489765,5,False,1366,0.02,raw,lora_intervention/experiments/linear_probing/results_probe50/Qwen2.5-3B-Instruct_5k_10u/probe_fits_wrong.json,
Qwen2.5-3B-Instruct,Qwen2.5,base,5,10,IVQ,ordinal,k8,8,wrong,cv_first,0.1,34,0.944444,0.15080612817839095,0.019853193740414107,10.818683992406621,0.30211862161267256,5,False,1366,0.02,raw,lora_intervention/experiments/linear_probing/results_probe50/Qwen2.5-3B-Instruct_5k_10u/probe_fits_wrong.json,
Qwen2.5-3B-Instruct,Qwen2.5,base,5,10,IVQ,ordinal,k8,8,wrong,cv_first,0.1,35,0.972222,0.15519371139809096,0.013968177659080185,10.714184112724258,0.30209315080787247,5,False,1366,0.02,raw,lora_intervention/experiments/linear_probing/results_probe50/Qwen2.5-3B-Instruct_5k_10u/probe_fits_wrong.json,
Qwen2.5-3B-Instruct,Qwen2.5,base,5,10,IVQ,ordinal,k8,8,wrong,cv_first,0.1,36,1.0,0.1478703777973851,0.014318891155724415,10.418451378305393,0.30302016403514004,5,False,1366,0.02,raw,lora_intervention/experiments/linear_probing/results_probe50/Qwen2.5-3B-Instruct_5k_10u/probe_fits_wrong.json,
Qwen2.5-3B-Instruct,Qwen2.5,base,5,10,IVQ,ordinal,k8,8,wrong,cv_last,0.1,0,0.0,0.02855003876901687,0.0014550962368116325,22.972270794898535,0.10886234430888517,5,False,1366,0.02,raw,lora_intervention/experiments/linear_probing/results_probe50/Qwen2.5-3B-Instruct_5k_10u/probe_fits_wrong.json,
Qwen2.5-3B-Instruct,Qwen2.5,base,5,10,IVQ,ordinal,k8,8,wrong,cv_last,0.1,1,0.027778,0.05710809871393813,0.009474161400981642,20.0184620732066,0.15357422583296304,5,False,1366,0.02,raw,lora_intervention/experiments/linear_probing/results_probe50/Qwen2.5-3B-Instruct_5k_10u/probe_fits_wrong.json,
Qwen2.5-3B-Instruct,Qwen2.5,base,5,10,IVQ,ordinal,k8,8,wrong,cv_last,0.1,2,0.055556,0.0798000053474506,0.011238562783101475,17.93189219539584,0.1824311966424666,5,False,1366,0.02,raw,lora_intervention/experiments/linear_probing/results_probe50/Qwen2.5-3B-Instruct_5k_10u/probe_fits_wrong.json,
Qwen2.5-3B-Instruct,Qwen2.5,base,5,10,IVQ,ordinal,k8,8,wrong,cv_last,0.1,3,0.083333,0.08712333894815646,0.01026084366745292,17.442803668351115,0.19117775987682079,5,False,1366,0.02,raw,lora_intervention/experiments/linear_probing/results_probe50/Qwen2.5-3B-Instruct_5k_10u/probe_fits_wrong.json,
Qwen2.5-3B-Instruct,Qwen2.5,base,5,10,IVQ,ordinal,k8,8,wrong,cv_last,0.1,4,0.111111,0.07466912649394401,0.013014000785297988,18.33295366434053,0.17518482860838175,5,False,1366,0.02,raw,lora_intervention/experiments/linear_probing/results_probe50/Qwen2.5-3B-Instruct_5k_10u/probe_fits_wrong.json,
Qwen2.5-3B-Instruct,Qwen2.5,base,5,10,IVQ,ordinal,k8,8,wrong,cv_last,0.1,5,0.138889,0.06515601187134035,0.010217396970141172,18.58496831635518,0.16637317142033836,5,False,1366,0.02,raw,lora_intervention/experiments/linear_probing/results_probe50/Qwen2.5-3B-Instruct_5k_10u/probe_fits_wrong.json,
Qwen2.5-3B-Instruct,Qwen2.5,base,5,10,IVQ,ordinal,k8,8,wrong,cv_last,0.1,6,0.166667,0.06735381406914252,0.018342602098258082,18.75931124836234,0.16565885853213744,5,False,1366,0.02,raw,lora_intervention/experiments/linear_probing/results_probe50/Qwen2.5-3B-Instruct_5k_10u/probe_fits_wrong.json,
Qwen2.5-3B-Instruct,Qwen2.5,base,5,10,IVQ,ordinal,k8,8,wrong,cv_last,0.1,7,0.194444,0.06441538996283522,0.014546681581219273,18.983356059998396,0.16408473098735527,5,False,1366,0.02,raw,lora_intervention/experiments/linear_probing/results_probe50/Qwen2.5-3B-Instruct_5k_10u/probe_fits_wrong.json,
Qwen2.5-3B-Instruct,Qwen2.5,base,5,10,IVQ,ordinal,k8,8,wrong,cv_last,0.1,8,0.222222,0.06807304617523596,0.014893537944288292,19.317927328146304,0.1625001482048208,5,False,1366,0.02,raw,lora_intervention/experiments/linear_probing/results_probe50/Qwen2.5-3B-Instruct_5k_10u/probe_fits_wrong.json,
Qwen2.5-3B-Instruct,Qwen2.5,base,5,10,IVQ,ordinal,k8,8,wrong,cv_last,0.1,9,0.25,0.0534290526991257,0.016100026446851858,19.580901580171655,0.15355119522667637,5,False,1366,0.02,raw,lora_intervention/experiments/linear_probing/results_probe50/Qwen2.5-3B-Instruct_5k_10u/probe_fits_wrong.json,
Qwen2.5-3B-Instruct,Qwen2.5,base,5,10,IVQ,ordinal,k8,8,wrong,cv_last,0.1,10,0.277778,0.0585652790032352,0.016217034215535504,19.8837330552659,0.15476814770875835,5,False,1366,0.02,raw,lora_intervention/experiments/linear_probing/results_probe50/Qwen2.5-3B-Instruct_5k_10u/probe_fits_wrong.json,
Qwen2.5-3B-Instruct,Qwen2.5,base,5,10,IVQ,ordinal,k8,8,wrong,cv_last,0.1,11,0.305556,0.06368813668083742,0.016635410887488045,19.930758535868026,0.15572669743131412,5,False,1366,0.02,raw,lora_intervention/experiments/linear_probing/results_probe50/Qwen2.5-3B-Instruct_5k_10u/probe_fits_wrong.json,
Qwen2.5-3B-Instruct,Qwen2.5,base,5,10,IVQ,ordinal,k8,8,wrong,cv_last,0.1,12,0.333333,0.062225608940937406,0.015541074256758646,20.207211037138045,0.15188077442620196,5,False,1366,0.02,raw,lora_intervention/experiments/linear_probing/results_probe50/Qwen2.5-3B-Instruct_5k_10u/probe_fits_wrong.json,
Qwen2.5-3B-Instruct,Qwen2.5,base,5,10,IVQ,ordinal,k8,8,wrong,cv_last,0.1,13,0.361111,0.05124996657843374,0.016065243953820228,20.62755006550627,0.144739494423115,5,False,1366,0.02,raw,lora_intervention/experiments/linear_probing/results_probe50/Qwen2.5-3B-Instruct_5k_10u/probe_fits_wrong.json,
Qwen2.5-3B-Instruct,Qwen2.5,base,5,10,IVQ,ordinal,k8,8,wrong,cv_last,0.1,14,0.388889,0.04758696291543007,0.010110039507041235,20.653316756236464,0.1410209619772495,5,False,1366,0.02,raw,lora_intervention/experiments/linear_probing/results_probe50/Qwen2.5-3B-Instruct_5k_10u/probe_fits_wrong.json,
Qwen2.5-3B-Instruct,Qwen2.5,base,5,10,IVQ,ordinal,k8,8,wrong,cv_last,0.1,15,0.416667,0.04759231036603299,0.00736619812371996,21.176465869896525,0.13719572284894738,5,False,1366,0.02,raw,lora_intervention/experiments/linear_probing/results_probe50/Qwen2.5-3B-Instruct_5k_10u/probe_fits_wrong.json,
Qwen2.5-3B-Instruct,Qwen2.5,base,5,10,IVQ,ordinal,k8,8,wrong,cv_last,0.1,16,0.444444,0.046851688457527865,0.011673760241582593,21.136231651560117,0.13783761182383403,5,False,1366,0.02,raw,lora_intervention/experiments/linear_probing/results_probe50/Qwen2.5-3B-Instruct_5k_10u/probe_fits_wrong.json,
Qwen2.5-3B-Instruct,Qwen2.5,base,5,10,IVQ,ordinal,k8,8,wrong,cv_last,0.1,17,0.472222,0.04758161546482714,0.006107425379579353,21.14509772465977,0.13659634802175244,5,False,1366,0.02,raw,lora_intervention/experiments/linear_probing/results_probe50/Qwen2.5-3B-Instruct_5k_10u/probe_fits_wrong.json,
Qwen2.5-3B-Instruct,Qwen2.5,base,5,10,IVQ,ordinal,k8,8,wrong,cv_last,0.1,18,0.5,0.044640517633218364,0.01290307364204463,21.228183738402716,0.13609783724846486,5,False,1366,0.02,raw,lora_intervention/experiments/linear_probing/results_probe50/Qwen2.5-3B-Instruct_5k_10u/probe_fits_wrong.json,
Qwen2.5-3B-Instruct,Qwen2.5,base,5,10,IVQ,ordinal,k8,8,wrong,cv_last,0.1,19,0.527778,0.05196652495922569,0.009310687016661132,21.67009972995374,0.1350670145590431,5,False,1366,0.02,raw,lora_intervention/experiments/linear_probing/results_probe50/Qwen2.5-3B-Instruct_5k_10u/probe_fits_wrong.json,
Qwen2.5-3B-Instruct,Qwen2.5,base,5,10,IVQ,ordinal,k8,8,wrong,cv_last,0.1,20,0.555556,0.04319937969573007,0.007137652791963168,22.082890831795943,0.12689175484574594,5,False,1366,0.02,raw,lora_intervention/experiments/linear_probing/results_probe50/Qwen2.5-3B-Instruct_5k_10u/probe_fits_wrong.json,
Qwen2.5-3B-Instruct,Qwen2.5,base,5,10,IVQ,ordinal,k8,8,wrong,cv_last,0.1,21,0.583333,0.035878719820325665,0.005893586856464604,22.976412395390497,0.11624509120935186,5,False,1366,0.02,raw,lora_intervention/experiments/linear_probing/results_probe50/Qwen2.5-3B-Instruct_5k_10u/probe_fits_wrong.json,
Qwen2.5-3B-Instruct,Qwen2.5,base,5,10,IVQ,ordinal,k8,8,wrong,cv_last,0.1,22,0.611111,0.0263575840218176,0.004288355329062835,23.285259752413033,0.10551985849222256,5,False,1366,0.02,raw,lora_intervention/experiments/linear_probing/results_probe50/Qwen2.5-3B-Instruct_5k_10u/probe_fits_wrong.json,
Qwen2.5-3B-Instruct,Qwen2.5,base,5,10,IVQ,ordinal,k8,8,wrong,cv_last,0.1,23,0.638889,0.027079489853212485,0.011231904700320218,24.559979679687707,0.10172158624494516,5,False,1366,0.02,raw,lora_intervention/experiments/linear_probing/results_probe50/Qwen2.5-3B-Instruct_5k_10u/probe_fits_wrong.json,
Qwen2.5-3B-Instruct,Qwen2.5,base,5,10,IVQ,ordinal,k8,8,wrong,cv_last,0.1,24,0.666667,0.021229378893612472,0.007101245277491897,24.96353306061335,0.09504769560189663,5,False,1366,0.02,raw,lora_intervention/experiments/linear_probing/results_probe50/Qwen2.5-3B-Instruct_5k_10u/probe_fits_wrong.json,
Qwen2.5-3B-Instruct,Qwen2.5,base,5,10,IVQ,ordinal,k8,8,wrong,cv_last,0.1,25,0.694444,0.026349562845913214,0.009073995002951725,24.915611882035243,0.09872901035672041,5,False,1366,0.02,raw,lora_intervention/experiments/linear_probing/results_probe50/Qwen2.5-3B-Instruct_5k_10u/probe_fits_wrong.json,
Qwen2.5-3B-Instruct,Qwen2.5,base,5,10,IVQ,ordinal,k8,8,wrong,cv_last,0.1,26,0.722222,0.016831100772706616,0.006769701393409155,25.421194620464696,0.08976423409506866,5,False,1366,0.02,raw,lora_intervention/experiments/linear_probing/results_probe50/Qwen2.5-3B-Instruct_5k_10u/probe_fits_wrong.json,
Qwen2.5-3B-Instruct,Qwen2.5,base,5,10,IVQ,ordinal,k8,8,wrong,cv_last,0.1,27,0.75,0.021224031443009543,0.008460224565752988,24.506871474024763,0.0957491957574018,5,False,1366,0.02,raw,lora_intervention/experiments/linear_probing/results_probe50/Qwen2.5-3B-Instruct_5k_10u/probe_fits_wrong.json,
Qwen2.5-3B-Instruct,Qwen2.5,base,5,10,IVQ,ordinal,k8,8,wrong,cv_last,0.1,28,0.777778,0.024895056281917592,0.005875887149960533,24.207323333600705,0.0994304920861141,5,False,1366,0.02,raw,lora_intervention/experiments/linear_probing/results_probe50/Qwen2.5-3B-Instruct_5k_10u/probe_fits_wrong.json,
Qwen2.5-3B-Instruct,Qwen2.5,base,5,10,IVQ,ordinal,k8,8,wrong,cv_last,0.1,29,0.805556,0.027084837303815407,0.006379443574797786,23.72372931205048,0.1059634916136906,5,False,1366,0.02,raw,lora_intervention/experiments/linear_probing/results_probe50/Qwen2.5-3B-Instruct_5k_10u/probe_fits_wrong.json,
Qwen2.5-3B-Instruct,Qwen2.5,base,5,10,IVQ,ordinal,k8,8,wrong,cv_last,0.1,30,0.833333,0.02635223657121467,0.002718514720017659,23.452153685730327,0.10774332498330852,5,False,1366,0.02,raw,lora_intervention/experiments/linear_probing/results_probe50/Qwen2.5-3B-Instruct_5k_10u/probe_fits_wrong.json,
Qwen2.5-3B-Instruct,Qwen2.5,base,5,10,IVQ,ordinal,k8,8,wrong,cv_last,0.1,31,0.861111,0.03514879281302639,0.011739689338870532,22.58308868746825,0.11830114194719654,5,False,1366,0.02,raw,lora_intervention/experiments/linear_probing/results_probe50/Qwen2.5-3B-Instruct_5k_10u/probe_fits_wrong.json,
Qwen2.5-3B-Instruct,Qwen2.5,base,5,10,IVQ,ordinal,k8,8,wrong,cv_last,0.1,32,0.888889,0.060768428651640324,0.0068465412984524444,18.616323092965427,0.1668327354665658,5,False,1366,0.02,raw,lora_intervention/experiments/linear_probing/results_probe50/Qwen2.5-3B-Instruct_5k_10u/probe_fits_wrong.json,
Qwen2.5-3B-Instruct,Qwen2.5,base,5,10,IVQ,ordinal,k8,8,wrong,cv_last,0.1,33,0.916667,0.07832143525574183,0.010685644773725507,16.626178444426618,0.1931833175186307,5,False,1366,0.02,raw,lora_intervention/experiments/linear_probing/results_probe50/Qwen2.5-3B-Instruct_5k_10u/probe_fits_wrong.json,
Qwen2.5-3B-Instruct,Qwen2.5,base,5,10,IVQ,ordinal,k8,8,wrong,cv_last,0.1,34,0.944444,0.08345498783454988,0.005376525859353625,15.445677923050187,0.19828337660463688,5,False,1366,0.02,raw,lora_intervention/experiments/linear_probing/results_probe50/Qwen2.5-3B-Instruct_5k_10u/probe_fits_wrong.json,
Qwen2.5-3B-Instruct,Qwen2.5,base,5,10,IVQ,ordinal,k8,8,wrong,cv_last,0.1,35,0.972222,0.08710997032164916,0.004140874604280094,14.969105104141601,0.20548352829890876,5,False,1366,0.02,raw,lora_intervention/experiments/linear_probing/results_probe50/Qwen2.5-3B-Instruct_5k_10u/probe_fits_wrong.json,
Qwen2.5-3B-Instruct,Qwen2.5,base,5,10,IVQ,ordinal,k8,8,wrong,cv_last,0.1,36,1.0,0.08709660169514186,0.01475977254068539,14.331448356995802,0.21218277114910428,5,False,1366,0.02,raw,lora_intervention/experiments/linear_probing/results_probe50/Qwen2.5-3B-Instruct_5k_10u/probe_fits_wrong.json,
Qwen2.5-3B-Instruct,Qwen2.5,base,5,10,IVQ,ordinal,k8,8,wrong,expected,0.1,0,0.0,0.031480441699419805,0.0018210091170923906,22.903355525253335,0.11051328528462323,5,False,1366,0.02,raw,lora_intervention/experiments/linear_probing/results_probe50/Qwen2.5-3B-Instruct_5k_10u/probe_fits_wrong.json,
Qwen2.5-3B-Instruct,Qwen2.5,base,5,10,IVQ,ordinal,k8,8,wrong,expected,0.1,1,0.027778,0.01756904895591027,0.004269550033129363,24.35919895189968,0.09212278322599632,5,False,1366,0.02,raw,lora_intervention/experiments/linear_probing/results_probe50/Qwen2.5-3B-Instruct_5k_10u/probe_fits_wrong.json,
Qwen2.5-3B-Instruct,Qwen2.5,base,5,10,IVQ,ordinal,k8,8,wrong,expected,0.1,2,0.055556,0.01976952487901393,0.007549884446746319,24.63876901687121,0.09285364993819213,5,False,1366,0.02,raw,lora_intervention/experiments/linear_probing/results_probe50/Qwen2.5-3B-Instruct_5k_10u/probe_fits_wrong.json,
Qwen2.5-3B-Instruct,Qwen2.5,base,5,10,IVQ,ordinal,k8,8,wrong,expected,0.1,3,0.083333,0.023427181091414666,0.005955710955698555,24.413705515895295,0.09561377326620293,5,False,1366,0.02,raw,lora_intervention/experiments/linear_probing/results_probe50/Qwen2.5-3B-Instruct_5k_10u/probe_fits_wrong.json,
Qwen2.5-3B-Instruct,Qwen2.5,base,5,10,IVQ,ordinal,k8,8,wrong,expected,0.1,4,0.111111,0.01976685115371247,0.003740880913845914,24.869182642175346,0.09232582429551653,5,False,1366,0.02,raw,lora_intervention/experiments/linear_probing/results_probe50/Qwen2.5-3B-Instruct_5k_10u/probe_fits_wrong.json,
Qwen2.5-3B-Instruct,Qwen2.5,base,5,10,IVQ,ordinal,k8,8,wrong,expected,0.1,5,0.138889,0.0190369241464132,0.007828072281319457,24.92678003261945,0.09044375467664455,5,False,1366,0.02,raw,lora_intervention/experiments/linear_probing/results_probe50/Qwen2.5-3B-Instruct_5k_10u/probe_fits_wrong.json,
Qwen2.5-3B-Instruct,Qwen2.5,base,5,10,IVQ,ordinal,k8,8,wrong,expected,0.1,6,0.166667,0.0204994518863132,0.004402364827770886,24.970067645250122,0.09194074673858872,5,False,1366,0.02,raw,lora_intervention/experiments/linear_probing/results_probe50/Qwen2.5-3B-Instruct_5k_10u/probe_fits_wrong.json,
Qwen2.5-3B-Instruct,Qwen2.5,base,5,10,IVQ,ordinal,k8,8,wrong,expected,0.1,7,0.194444,0.017571722681211734,0.005866189870893332,25.116232186305176,0.08944102607390857,5,False,1366,0.02,raw,lora_intervention/experiments/linear_probing/results_probe50/Qwen2.5-3B-Instruct_5k_10u/probe_fits_wrong.json,
Qwen2.5-3B-Instruct,Qwen2.5,base,5,10,IVQ,ordinal,k8,8,wrong,expected,0.1,8,0.222222,0.0190369241464132,0.008796580622251804,24.863803106868797,0.09082105854550254,5,False,1366,0.02,raw,lora_intervention/experiments/linear_probing/results_probe50/Qwen2.5-3B-Instruct_5k_10u/probe_fits_wrong.json,
Qwen2.5-3B-Instruct,Qwen2.5,base,5,10,IVQ,ordinal,k8,8,wrong,expected,0.1,9,0.25,0.0190369241464132,0.012130594749916545,24.807598727306754,0.0914667815832689,5,False,1366,0.02,raw,lora_intervention/experiments/linear_probing/results_probe50/Qwen2.5-3B-Instruct_5k_10u/probe_fits_wrong.json,
Qwen2.5-3B-Instruct,Qwen2.5,base,5,10,IVQ,ordinal,k8,8,wrong,expected,0.1,10,0.277778,0.018309670864415394,0.012903326281389602,24.68363947488035,0.0913502958130829,5,False,1366,0.02,raw,lora_intervention/experiments/linear_probing/results_probe50/Qwen2.5-3B-Instruct_5k_10u/probe_fits_wrong.json,
Qwen2.5-3B-Instruct,Qwen2.5,base,5,10,IVQ,ordinal,k8,8,wrong,expected,0.1,11,0.305556,0.016847143124515386,0.008547646797260876,24.91136867998182,0.09057864772268535,5,False,1366,0.02,raw,lora_intervention/experiments/linear_probing/results_probe50/Qwen2.5-3B-Instruct_5k_10u/probe_fits_wrong.json,
Qwen2.5-3B-Instruct,Qwen2.5,base,5,10,IVQ,ordinal,k8,8,wrong,expected,0.1,12,0.333333,0.020504799336916124,0.006805113616465596,24.894085719633164,0.09131189047850641,5,False,1366,0.02,raw,lora_intervention/experiments/linear_probing/results_probe50/Qwen2.5-3B-Instruct_5k_10u/probe_fits_wrong.json,
Qwen2.5-3B-Instruct,Qwen2.5,base,5,10,IVQ,ordinal,k8,8,wrong,expected,0.1,13,0.361111,0.0226972540841154,0.007111146293520229,24.537159434239726,0.09452802552276099,5,False,1366,0.02,raw,lora_intervention/experiments/linear_probing/results_probe50/Qwen2.5-3B-Instruct_5k_10u/probe_fits_wrong.json,
Qwen2.5-3B-Instruct,Qwen2.5,base,5,10,IVQ,ordinal,k8,8,wrong,expected,0.1,14,0.388889,0.02269458035881394,0.0035924123799130916,24.309617389909363,0.09495833192428607,5,False,1366,0.02,raw,lora_intervention/experiments/linear_probing/results_probe50/Qwen2.5-3B-Instruct_5k_10u/probe_fits_wrong.json,
Qwen2.5-3B-Instruct,Qwen2.5,base,5,10,IVQ,ordinal,k8,8,wrong,expected,0.1,15,0.416667,0.019039597871714657,0.009098457381738666,24.56347156493142,0.09388641694187558,5,False,1366,0.02,raw,lora_intervention/experiments/linear_probing/results_probe50/Qwen2.5-3B-Instruct_5k_10u/probe_fits_wrong.json,
Qwen2.5-3B-Instruct,Qwen2.5,base,5,10,IVQ,ordinal,k8,8,wrong,expected,0.1,16,0.444444,0.024159781824015403,0.010259897495010866,24.79518996818267,0.09733550598539893,5,False,1366,0.02,raw,lora_intervention/experiments/linear_probing/results_probe50/Qwen2.5-3B-Instruct_5k_10u/probe_fits_wrong.json,
Qwen2.5-3B-Instruct,Qwen2.5,base,5,10,IVQ,ordinal,k8,8,wrong,expected,0.1,17,0.472222,0.02195930590091174,0.008660417064157135,24.640154006577365,0.0962739171577918,5,False,1366,0.02,raw,lora_intervention/experiments/linear_probing/results_probe50/Qwen2.5-3B-Instruct_5k_10u/probe_fits_wrong.json,
Qwen2.5-3B-Instruct,Qwen2.5,base,5,10,IVQ,ordinal,k8,8,wrong,expected,0.1,18,0.5,0.019039597871714657,0.0058718465341554265,24.69980214432769,0.09547122893866598,5,False,1366,0.02,raw,lora_intervention/experiments/linear_probing/results_probe50/Qwen2.5-3B-Instruct_5k_10u/probe_fits_wrong.json,
Qwen2.5-3B-Instruct,Qwen2.5,base,5,10,IVQ,ordinal,k8,8,wrong,expected,0.1,19,0.527778,0.019036924146413198,0.0058688605343120495,25.22499665784337,0.0950118527259873,5,False,1366,0.02,raw,lora_intervention/experiments/linear_probing/results_probe50/Qwen2.5-3B-Instruct_5k_10u/probe_fits_wrong.json,
Qwen2.5-3B-Instruct,Qwen2.5,base,5,10,IVQ,ordinal,k8,8,wrong,expected,0.1,20,0.555556,0.020499451886313202,0.007182133811147074,24.81038474907088,0.09515223149400924,5,False,1366,0.02,raw,lora_intervention/experiments/linear_probing/results_probe50/Qwen2.5-3B-Instruct_5k_10u/probe_fits_wrong.json,
Qwen2.5-3B-Instruct,Qwen2.5,base,5,10,IVQ,ordinal,k8,8,wrong,expected,0.1,21,0.583333,0.021229378893612472,0.009380669103512825,25.170725381674288,0.09683302371131727,5,False,1366,0.02,raw,lora_intervention/experiments/linear_probing/results_probe50/Qwen2.5-3B-Instruct_5k_10u/probe_fits_wrong.json,
Qwen2.5-3B-Instruct,Qwen2.5,base,5,10,IVQ,ordinal,k8,8,wrong,expected,0.1,22,0.611111,0.026354910296516137,0.007104856390529267,24.526031389535042,0.09765137913664194,5,False,1366,0.02,raw,lora_intervention/experiments/linear_probing/results_probe50/Qwen2.5-3B-Instruct_5k_10u/probe_fits_wrong.json,
Qwen2.5-3B-Instruct,Qwen2.5,base,5,10,IVQ,ordinal,k8,8,wrong,expected,0.1,23,0.638889,0.021229378893612472,0.004857210394943219,24.698529451084198,0.09293420778809804,5,False,1366,0.02,raw,lora_intervention/experiments/linear_probing/results_probe50/Qwen2.5-3B-Instruct_5k_10u/probe_fits_wrong.json,
Qwen2.5-3B-Instruct,Qwen2.5,base,5,10,IVQ,ordinal,k8,8,wrong,expected,0.1,24,0.666667,0.02270260153471832,0.0071160705390212195,24.84227427074142,0.09041996122226283,5,False,1366,0.02,raw,lora_intervention/experiments/linear_probing/results_probe50/Qwen2.5-3B-Instruct_5k_10u/probe_fits_wrong.json,
Qwen2.5-3B-Instruct,Qwen2.5,base,5,10,IVQ,ordinal,k8,8,wrong,expected,0.1,25,0.694444,0.016103847490708804,0.002920481642088187,24.66141279644929,0.08818069513568046,5,False,1366,0.02,raw,lora_intervention/experiments/linear_probing/results_probe50/Qwen2.5-3B-Instruct_5k_10u/probe_fits_wrong.json,
Qwen2.5-3B-Instruct,Qwen2.5,base,5,10,IVQ,ordinal,k8,8,wrong,expected,0.1,26,0.722222,0.024892382556616133,0.007477449378768789,24.527582150209888,0.09801874288683884,5,False,1366,0.02,raw,lora_intervention/experiments/linear_probing/results_probe50/Qwen2.5-3B-Instruct_5k_10u/probe_fits_wrong.json,
Qwen2.5-3B-Instruct,Qwen2.5,base,5,10,IVQ,ordinal,k8,8,wrong,expected,0.1,27,0.75,0.021964653351514665,0.0032913113199107428,23.77987486965589,0.0981601463686108,5,False,1366,0.02,raw,lora_intervention/experiments/linear_probing/results_probe50/Qwen2.5-3B-Instruct_5k_10u/probe_fits_wrong.json,
Qwen2.5-3B-Instruct,Qwen2.5,base,5,10,IVQ,ordinal,k8,8,wrong,expected,0.1,28,0.777778,0.021240073794818324,0.008489245833063071,24.544619127830806,0.09810240054096443,5,False,1366,0.02,raw,lora_intervention/experiments/linear_probing/results_probe50/Qwen2.5-3B-Instruct_5k_10u/probe_fits_wrong.json,
Qwen2.5-3B-Instruct,Qwen2.5,base,5,10,IVQ,ordinal,k8,8,wrong,expected,0.1,29,0.805556,0.029290660677521996,0.006971217673730622,24.546316943397237,0.1035711720710597,5,False,1366,0.02,raw,lora_intervention/experiments/linear_probing/results_probe50/Qwen2.5-3B-Instruct_5k_10u/probe_fits_wrong.json,
Qwen2.5-3B-Instruct,Qwen2.5,base,5,10,IVQ,ordinal,k8,8,wrong,expected,0.1,30,0.833333,0.030017913959519797,0.006315221435541725,24.564014331167616,0.1055578783371347,5,False,1366,0.02,raw,lora_intervention/experiments/linear_probing/results_probe50/Qwen2.5-3B-Instruct_5k_10u/probe_fits_wrong.json,
Qwen2.5-3B-Instruct,Qwen2.5,base,5,10,IVQ,ordinal,k8,8,wrong,expected,0.1,31,0.861111,0.028552712494318337,0.009097443751147165,23.73614341862517,0.1086045807553663,5,False,1366,0.02,raw,lora_intervention/experiments/linear_probing/results_probe50/Qwen2.5-3B-Instruct_5k_10u/probe_fits_wrong.json,
Qwen2.5-3B-Instruct,Qwen2.5,base,5,10,IVQ,ordinal,k8,8,wrong,expected,0.1,32,0.888889,0.03586535119381835,0.010439089214372034,21.964332504478488,0.11702487590132546,5,False,1366,0.02,raw,lora_intervention/experiments/linear_probing/results_probe50/Qwen2.5-3B-Instruct_5k_10u/probe_fits_wrong.json,
Qwen2.5-3B-Instruct,Qwen2.5,base,5,10,IVQ,ordinal,k8,8,wrong,expected,0.1,33,0.916667,0.0578380257212374,0.008188436409476958,17.378997887757013,0.1648739917374509,5,False,1366,0.02,raw,lora_intervention/experiments/linear_probing/results_probe50/Qwen2.5-3B-Instruct_5k_10u/probe_fits_wrong.json,
Qwen2.5-3B-Instruct,Qwen2.5,base,5,10,IVQ,ordinal,k8,8,wrong,expected,0.1,34,0.944444,0.06808106735114035,0.013222212591366968,15.64938103259271,0.18334369269544842,5,False,1366,0.02,raw,lora_intervention/experiments/linear_probing/results_probe50/Qwen2.5-3B-Instruct_5k_10u/probe_fits_wrong.json,
Qwen2.5-3B-Instruct,Qwen2.5,base,5,10,IVQ,ordinal,k8,8,wrong,expected,0.1,35,0.972222,0.06661853961124034,0.016119690941672347,15.225330873506056,0.1855746544736256,5,False,1366,0.02,raw,lora_intervention/experiments/linear_probing/results_probe50/Qwen2.5-3B-Instruct_5k_10u/probe_fits_wrong.json,
Qwen2.5-3B-Instruct,Qwen2.5,base,5,10,IVQ,ordinal,k8,8,wrong,expected,0.1,36,1.0,0.07174139728884255,0.014200541454574583,14.606911579904281,0.19599685475062462,5,False,1366,0.02,raw,lora_intervention/experiments/linear_probing/results_probe50/Qwen2.5-3B-Instruct_5k_10u/probe_fits_wrong.json,
Qwen2.5-3B-Instruct,Qwen2.5,base,5,10,IVQ,ordinal,k8,8,wrong,shuffled,0.1,0,0.0,0.03147776797411834,0.0017753938666617915,22.91665730862811,0.11059243361621116,5,False,1366,0.02,raw,lora_intervention/experiments/linear_probing/results_probe50/Qwen2.5-3B-Instruct_5k_10u/probe_fits_wrong.json,
Qwen2.5-3B-Instruct,Qwen2.5,base,5,10,IVQ,ordinal,k8,8,wrong,shuffled,0.1,1,0.027778,0.019772198604315394,0.01101981648537379,25.40919494131173,0.08995839404534813,5,False,1366,0.02,raw,lora_intervention/experiments/linear_probing/results_probe50/Qwen2.5-3B-Instruct_5k_10u/probe_fits_wrong.json,
Qwen2.5-3B-Instruct,Qwen2.5,base,5,10,IVQ,ordinal,k8,8,wrong,shuffled,0.1,2,0.055556,0.016106521216010267,0.011722968022037188,25.53655249859629,0.08456148189563263,5,False,1366,0.02,raw,lora_intervention/experiments/linear_probing/results_probe50/Qwen2.5-3B-Instruct_5k_10u/probe_fits_wrong.json,
Qwen2.5-3B-Instruct,Qwen2.5,base,5,10,IVQ,ordinal,k8,8,wrong,shuffled,0.1,3,0.083333,0.016836448223309534,0.008221084017798665,25.581126173096976,0.08720306253026186,5,False,1366,0.02,raw,lora_intervention/experiments/linear_probing/results_probe50/Qwen2.5-3B-Instruct_5k_10u/probe_fits_wrong.json,
Qwen2.5-3B-Instruct,Qwen2.5,base,5,10,IVQ,ordinal,k8,8,wrong,shuffled,0.1,4,0.111111,0.01463597230020588,0.008338913298348785,25.193141894601748,0.08718896448103429,5,False,1366,0.02,raw,lora_intervention/experiments/linear_probing/results_probe50/Qwen2.5-3B-Instruct_5k_10u/probe_fits_wrong.json,
Qwen2.5-3B-Instruct,Qwen2.5,base,5,10,IVQ,ordinal,k8,8,wrong,shuffled,0.1,5,0.138889,0.021964653351514665,0.01351214109217537,25.295216705435685,0.09191634356123671,5,False,1366,0.02,raw,lora_intervention/experiments/linear_probing/results_probe50/Qwen2.5-3B-Instruct_5k_10u/probe_fits_wrong.json,
Qwen2.5-3B-Instruct,Qwen2.5,base,5,10,IVQ,ordinal,k8,8,wrong,shuffled,0.1,6,0.166667,0.023427181091414673,0.008854761411828001,25.400917087778403,0.09298973609830838,5,False,1366,0.02,raw,lora_intervention/experiments/linear_probing/results_probe50/Qwen2.5-3B-Instruct_5k_10u/probe_fits_wrong.json,
Qwen2.5-3B-Instruct,Qwen2.5,base,5,10,IVQ,ordinal,k8,8,wrong,shuffled,0.1,7,0.194444,0.021229378893612472,0.004857210394943219,25.655969091735518,0.09050025518482033,5,False,1366,0.02,raw,lora_intervention/experiments/linear_probing/results_probe50/Qwen2.5-3B-Instruct_5k_10u/probe_fits_wrong.json,
Qwen2.5-3B-Instruct,Qwen2.5,base,5,10,IVQ,ordinal,k8,8,wrong,shuffled,0.1,8,0.222222,0.021961979626213202,0.008352995137741499,25.851915724178504,0.09048625475179645,5,False,1366,0.02,raw,lora_intervention/experiments/linear_probing/results_probe50/Qwen2.5-3B-Instruct_5k_10u/probe_fits_wrong.json,
Qwen2.5-3B-Instruct,Qwen2.5,base,5,10,IVQ,ordinal,k8,8,wrong,shuffled,0.1,9,0.25,0.021234726344215395,0.007831074396039984,25.5722092992166,0.08982198187979479,5,False,1366,0.02,raw,lora_intervention/experiments/linear_probing/results_probe50/Qwen2.5-3B-Instruct_5k_10u/probe_fits_wrong.json,
Qwen2.5-3B-Instruct,Qwen2.5,base,5,10,IVQ,ordinal,k8,8,wrong,shuffled,0.1,10,0.277778,0.018301649688511,0.006950112221204812,25.647046870404534,0.08776841296789757,5,False,1366,0.02,raw,lora_intervention/experiments/linear_probing/results_probe50/Qwen2.5-3B-Instruct_5k_10u/probe_fits_wrong.json,
Qwen2.5-3B-Instruct,Qwen2.5,base,5,10,IVQ,ordinal,k8,8,wrong,shuffled,0.1,11,0.305556,0.016836448223309534,0.0059484445381357345,25.735704927675734,0.08817518586170406,5,False,1366,0.02,raw,lora_intervention/experiments/linear_probing/results_probe50/Qwen2.5-3B-Instruct_5k_10u/probe_fits_wrong.json,
Qwen2.5-3B-Instruct,Qwen2.5,base,5,10,IVQ,ordinal,k8,8,wrong,shuffled,0.1,12,0.333333,0.016101173765407345,0.005465199161970363,25.741434720996768,0.08664122902476454,5,False,1366,0.02,raw,lora_intervention/experiments/linear_probing/results_probe50/Qwen2.5-3B-Instruct_5k_10u/probe_fits_wrong.json,
Qwen2.5-3B-Instruct,Qwen2.5,base,5,10,IVQ,ordinal,k8,8,wrong,shuffled,0.1,13,0.361111,0.016836448223309538,0.002923833229327616,25.36101975882998,0.08710081787908049,5,False,1366,0.02,raw,lora_intervention/experiments/linear_probing/results_probe50/Qwen2.5-3B-Instruct_5k_10u/probe_fits_wrong.json,
Qwen2.5-3B-Instruct,Qwen2.5,base,5,10,IVQ,ordinal,k8,8,wrong,shuffled,0.1,14,0.388889,0.016836448223309538,0.0017837495392708748,25.247001417074408,0.08710831987359846,5,False,1366,0.02,raw,lora_intervention/experiments/linear_probing/results_probe50/Qwen2.5-3B-Instruct_5k_10u/probe_fits_wrong.json,
Qwen2.5-3B-Instruct,Qwen2.5,base,5,10,IVQ,ordinal,k8,8,wrong,shuffled,0.1,15,0.416667,0.018293628512606616,0.006516750050420021,25.224889708831316,0.08624794906437579,5,False,1366,0.02,raw,lora_intervention/experiments/linear_probing/results_probe50/Qwen2.5-3B-Instruct_5k_10u/probe_fits_wrong.json,
Qwen2.5-3B-Instruct,Qwen2.5,base,5,10,IVQ,ordinal,k8,8,wrong,shuffled,0.1,16,0.444444,0.015368573032806612,0.007087992823930975,25.05569102430416,0.08551250153220738,5,False,1366,0.02,raw,lora_intervention/experiments/linear_probing/results_probe50/Qwen2.5-3B-Instruct_5k_10u/probe_fits_wrong.json,
Qwen2.5-3B-Instruct,Qwen2.5,base,5,10,IVQ,ordinal,k8,8,wrong,shuffled,0.1,17,0.472222,0.01756904895591027,0.006712991073713077,24.980177000614958,0.0863476951512632,5,False,1366,0.02,raw,lora_intervention/experiments/linear_probing/results_probe50/Qwen2.5-3B-Instruct_5k_10u/probe_fits_wrong.json,
Qwen2.5-3B-Instruct,Qwen2.5,base,5,10,IVQ,ordinal,k8,8,wrong,shuffled,0.1,18,0.5,0.011713590545707336,0.006303022581894097,24.787732948316886,0.08577876226798649,5,False,1366,0.02,raw,lora_intervention/experiments/linear_probing/results_probe50/Qwen2.5-3B-Instruct_5k_10u/probe_fits_wrong.json,
Qwen2.5-3B-Instruct,Qwen2.5,base,5,10,IVQ,ordinal,k8,8,wrong,shuffled,0.1,19,0.527778,0.016836448223309538,0.008541268100333578,24.894435977647653,0.08795504702221588,5,False,1366,0.02,raw,lora_intervention/experiments/linear_probing/results_probe50/Qwen2.5-3B-Instruct_5k_10u/probe_fits_wrong.json,
Qwen2.5-3B-Instruct,Qwen2.5,base,5,10,IVQ,ordinal,k8,8,wrong,shuffled,0.1,20,0.555556,0.02196465335151467,0.0032913113199107428,25.077321461992995,0.09109171499591981,5,False,1366,0.02,raw,lora_intervention/experiments/linear_probing/results_probe50/Qwen2.5-3B-Instruct_5k_10u/probe_fits_wrong.json,
Qwen2.5-3B-Instruct,Qwen2.5,base,5,10,IVQ,ordinal,k8,8,wrong,shuffled,0.1,21,0.583333,0.025624983289216863,0.004027365245082399,25.210301863586533,0.09529175766254165,5,False,1366,0.02,raw,lora_intervention/experiments/linear_probing/results_probe50/Qwen2.5-3B-Instruct_5k_10u/probe_fits_wrong.json,
Qwen2.5-3B-Instruct,Qwen2.5,base,5,10,IVQ,ordinal,k8,8,wrong,shuffled,0.1,22,0.611111,0.01976685115371247,0.0037408809138459146,24.501358252453144,0.09436951684911564,5,False,1366,0.02,raw,lora_intervention/experiments/linear_probing/results_probe50/Qwen2.5-3B-Instruct_5k_10u/probe_fits_wrong.json,
Qwen2.5-3B-Instruct,Qwen2.5,base,5,10,IVQ,ordinal,k8,8,wrong,shuffled,0.1,23,0.638889,0.023435202267319055,0.006808566801299407,24.70809604021283,0.09477206805571625,5,False,1366,0.02,raw,lora_intervention/experiments/linear_probing/results_probe50/Qwen2.5-3B-Instruct_5k_10u/probe_fits_wrong.json,
Qwen2.5-3B-Instruct,Qwen2.5,base,5,10,IVQ,ordinal,k8,8,wrong,shuffled,0.1,24,0.666667,0.021961979626213202,0.006129461458130341,24.840343841073768,0.09418272032502431,5,False,1366,0.02,raw,lora_intervention/experiments/linear_probing/results_probe50/Qwen2.5-3B-Instruct_5k_10u/probe_fits_wrong.json,
Qwen2.5-3B-Instruct,Qwen2.5,base,5,10,IVQ,ordinal,k8,8,wrong,shuffled,0.1,25,0.694444,0.025622309563915407,0.006129491781923579,24.925755995828986,0.09750230249586447,5,False,1366,0.02,raw,lora_intervention/experiments/linear_probing/results_probe50/Qwen2.5-3B-Instruct_5k_10u/probe_fits_wrong.json,
Qwen2.5-3B-Instruct,Qwen2.5,base,5,10,IVQ,ordinal,k8,8,wrong,shuffled,0.1,26,0.722222,0.021232052618913932,0.004867651844082266,25.037303815406002,0.09371222879572685,5,False,1366,0.02,raw,lora_intervention/experiments/linear_probing/results_probe50/Qwen2.5-3B-Instruct_5k_10u/probe_fits_wrong.json,
Qwen2.5-3B-Instruct,Qwen2.5,base,5,10,IVQ,ordinal,k8,8,wrong,shuffled,0.1,27,0.75,0.022691906633512476,0.003573877708249364,25.158864736237,0.09498886178412093,5,False,1366,0.02,raw,lora_intervention/experiments/linear_probing/results_probe50/Qwen2.5-3B-Instruct_5k_10u/probe_fits_wrong.json,
Qwen2.5-3B-Instruct,Qwen2.5,base,5,10,IVQ,ordinal,k8,8,wrong,shuffled,0.1,28,0.777778,0.016839121948611,0.004973514292241069,25.404748536135394,0.0896733216039461,5,False,1366,0.02,raw,lora_intervention/experiments/linear_probing/results_probe50/Qwen2.5-3B-Instruct_5k_10u/probe_fits_wrong.json,
Qwen2.5-3B-Instruct,Qwen2.5,base,5,10,IVQ,ordinal,k8,8,wrong,shuffled,0.1,29,0.805556,0.02488703510601321,0.004249908023878553,25.578882917569047,0.09182373175733675,5,False,1366,0.02,raw,lora_intervention/experiments/linear_probing/results_probe50/Qwen2.5-3B-Instruct_5k_10u/probe_fits_wrong.json,
Qwen2.5-3B-Instruct,Qwen2.5,base,5,10,IVQ,ordinal,k8,8,wrong,shuffled,0.1,30,0.833333,0.021229378893612472,0.004269128071008547,25.5914119943317,0.09241214330017572,5,False,1366,0.02,raw,lora_intervention/experiments/linear_probing/results_probe50/Qwen2.5-3B-Instruct_5k_10u/probe_fits_wrong.json,
Qwen2.5-3B-Instruct,Qwen2.5,base,5,10,IVQ,ordinal,k8,8,wrong,shuffled,0.1,31,0.861111,0.021229378893612472,0.0053814060574180565,25.962669447340982,0.09032366510130233,5,False,1366,0.02,raw,lora_intervention/experiments/linear_probing/results_probe50/Qwen2.5-3B-Instruct_5k_10u/probe_fits_wrong.json,
Qwen2.5-3B-Instruct,Qwen2.5,base,5,10,IVQ,ordinal,k8,8,wrong,shuffled,0.1,32,0.888889,0.01903425042111174,0.005385379245311331,26.34910563888666,0.0852148645016442,5,False,1366,0.02,raw,lora_intervention/experiments/linear_probing/results_probe50/Qwen2.5-3B-Instruct_5k_10u/probe_fits_wrong.json,
Qwen2.5-3B-Instruct,Qwen2.5,base,5,10,IVQ,ordinal,k8,8,wrong,shuffled,0.1,33,0.916667,0.016114542391914656,0.006798761398529764,26.39020614422074,0.08220801193944353,5,False,1366,0.02,raw,lora_intervention/experiments/linear_probing/results_probe50/Qwen2.5-3B-Instruct_5k_10u/probe_fits_wrong.json,
Qwen2.5-3B-Instruct,Qwen2.5,base,5,10,IVQ,ordinal,k8,8,wrong,shuffled,0.1,34,0.944444,0.016831100772706616,0.007520833306493932,26.542405283281198,0.08172568027420327,5,False,1366,0.02,raw,lora_intervention/experiments/linear_probing/results_probe50/Qwen2.5-3B-Instruct_5k_10u/probe_fits_wrong.json,
Qwen2.5-3B-Instruct,Qwen2.5,base,5,10,IVQ,ordinal,k8,8,wrong,shuffled,0.1,35,0.972222,0.020494104435710276,0.008532359740675852,26.70279404294003,0.08329430551258278,5,False,1366,0.02,raw,lora_intervention/experiments/linear_probing/results_probe50/Qwen2.5-3B-Instruct_5k_10u/probe_fits_wrong.json,
Qwen2.5-3B-Instruct,Qwen2.5,base,5,10,IVQ,ordinal,k8,8,wrong,shuffled,0.1,36,1.0,0.020491430710408813,0.008200635869606657,26.3733135477661,0.085668434942783,5,False,1366,0.02,raw,lora_intervention/experiments/linear_probing/results_probe50/Qwen2.5-3B-Instruct_5k_10u/probe_fits_wrong.json,
Qwen2.5-3B-Instruct,Qwen2.5,base,5,10,IVQ,ordinal,k9,9,wrong,cv_first,0.1,0,0.0,0.026470588235294114,0.001470588235294118,22.98676470588235,0.10732542342839813,5,False,1360,0.02,raw,lora_intervention/experiments/linear_probing/results_probe50/Qwen2.5-3B-Instruct_5k_10u/probe_fits_wrong.json,
Qwen2.5-3B-Instruct,Qwen2.5,base,5,10,IVQ,ordinal,k9,9,wrong,cv_first,0.1,1,0.027778,0.02426470588235294,0.013276080945049843,23.011029411764707,0.10606426295427263,5,False,1360,0.02,raw,lora_intervention/experiments/linear_probing/results_probe50/Qwen2.5-3B-Instruct_5k_10u/probe_fits_wrong.json,
Qwen2.5-3B-Instruct,Qwen2.5,base,5,10,IVQ,ordinal,k9,9,wrong,cv_first,0.1,2,0.055556,0.025,0.009124760033816806,22.90147058823529,0.10652432590401387,5,False,1360,0.02,raw,lora_intervention/experiments/linear_probing/results_probe50/Qwen2.5-3B-Instruct_5k_10u/probe_fits_wrong.json,
Qwen2.5-3B-Instruct,Qwen2.5,base,5,10,IVQ,ordinal,k9,9,wrong,cv_first,0.1,3,0.083333,0.025,0.008511644781463401,23.169852941176472,0.10415751390367305,5,False,1360,0.02,raw,lora_intervention/experiments/linear_probing/results_probe50/Qwen2.5-3B-Instruct_5k_10u/probe_fits_wrong.json,
Qwen2.5-3B-Instruct,Qwen2.5,base,5,10,IVQ,ordinal,k9,9,wrong,cv_first,0.1,4,0.111111,0.02279411764705882,0.006325239166943108,23.086764705882352,0.10447494795520429,5,False,1360,0.02,raw,lora_intervention/experiments/linear_probing/results_probe50/Qwen2.5-3B-Instruct_5k_10u/probe_fits_wrong.json,
Qwen2.5-3B-Instruct,Qwen2.5,base,5,10,IVQ,ordinal,k9,9,wrong,cv_first,0.1,5,0.138889,0.029411764705882353,0.00838364283161131,23.049264705882354,0.10809321904557265,5,False,1360,0.02,raw,lora_intervention/experiments/linear_probing/results_probe50/Qwen2.5-3B-Instruct_5k_10u/probe_fits_wrong.json,
Qwen2.5-3B-Instruct,Qwen2.5,base,5,10,IVQ,ordinal,k9,9,wrong,cv_first,0.1,6,0.166667,0.01838235294117647,0.0065766705220582046,23.029411764705884,0.10149911949826662,5,False,1360,0.02,raw,lora_intervention/experiments/linear_probing/results_probe50/Qwen2.5-3B-Instruct_5k_10u/probe_fits_wrong.json,
Qwen2.5-3B-Instruct,Qwen2.5,base,5,10,IVQ,ordinal,k9,9,wrong,cv_first,0.1,7,0.194444,0.01911764705882353,0.008187888768867679,22.85955882352941,0.10422389615853629,5,False,1360,0.02,raw,lora_intervention/experiments/linear_probing/results_probe50/Qwen2.5-3B-Instruct_5k_10u/probe_fits_wrong.json,
Qwen2.5-3B-Instruct,Qwen2.5,base,5,10,IVQ,ordinal,k9,9,wrong,cv_first,0.1,8,0.222222,0.022794117647058826,0.008187888768867679,23.01470588235294,0.1069062936461839,5,False,1360,0.02,raw,lora_intervention/experiments/linear_probing/results_probe50/Qwen2.5-3B-Instruct_5k_10u/probe_fits_wrong.json,
Qwen2.5-3B-Instruct,Qwen2.5,base,5,10,IVQ,ordinal,k9,9,wrong,cv_first,0.1,9,0.25,0.03161764705882353,0.004411764705882354,22.74926470588235,0.11406842990389847,5,False,1360,0.02,raw,lora_intervention/experiments/linear_probing/results_probe50/Qwen2.5-3B-Instruct_5k_10u/probe_fits_wrong.json,
Qwen2.5-3B-Instruct,Qwen2.5,base,5,10,IVQ,ordinal,k9,9,wrong,cv_first,0.1,10,0.277778,0.03602941176470588,0.006325239166943109,22.92426470588235,0.1150716675408614,5,False,1360,0.02,raw,lora_intervention/experiments/linear_probing/results_probe50/Qwen2.5-3B-Instruct_5k_10u/probe_fits_wrong.json,
Qwen2.5-3B-Instruct,Qwen2.5,base,5,10,IVQ,ordinal,k9,9,wrong,cv_first,0.1,11,0.305556,0.0375,0.0085116447814634,23.045588235294115,0.11331838525729321,5,False,1360,0.02,raw,lora_intervention/experiments/linear_probing/results_probe50/Qwen2.5-3B-Instruct_5k_10u/probe_fits_wrong.json,
Qwen2.5-3B-Instruct,Qwen2.5,base,5,10,IVQ,ordinal,k9,9,wrong,cv_first,0.1,12,0.333333,0.027941176470588237,0.0075703162801375005,22.968382352941177,0.10845451514005525,5,False,1360,0.02,raw,lora_intervention/experiments/linear_probing/results_probe50/Qwen2.5-3B-Instruct_5k_10u/probe_fits_wrong.json,
Qwen2.5-3B-Instruct,Qwen2.5,base,5,10,IVQ,ordinal,k9,9,wrong,cv_first,0.1,13,0.361111,0.03161764705882353,0.005502437333491091,22.65147058823529,0.11317398211879189,5,False,1360,0.02,raw,lora_intervention/experiments/linear_probing/results_probe50/Qwen2.5-3B-Instruct_5k_10u/probe_fits_wrong.json,
Qwen2.5-3B-Instruct,Qwen2.5,base,5,10,IVQ,ordinal,k9,9,wrong,cv_first,0.1,14,0.388889,0.025735294117647058,0.0077118297659569965,22.790441176470587,0.10897458980663159,5,False,1360,0.02,raw,lora_intervention/experiments/linear_probing/results_probe50/Qwen2.5-3B-Instruct_5k_10u/probe_fits_wrong.json,
Qwen2.5-3B-Instruct,Qwen2.5,base,5,10,IVQ,ordinal,k9,9,wrong,cv_first,0.1,15,0.416667,0.027205882352941173,0.0075703162801375005,22.753676470588236,0.10988087670884834,5,False,1360,0.02,raw,lora_intervention/experiments/linear_probing/results_probe50/Qwen2.5-3B-Instruct_5k_10u/probe_fits_wrong.json,
Qwen2.5-3B-Instruct,Qwen2.5,base,5,10,IVQ,ordinal,k9,9,wrong,cv_first,0.1,16,0.444444,0.027205882352941173,0.006818837129040959,22.5625,0.11335498361863812,5,False,1360,0.02,raw,lora_intervention/experiments/linear_probing/results_probe50/Qwen2.5-3B-Instruct_5k_10u/probe_fits_wrong.json,
Qwen2.5-3B-Instruct,Qwen2.5,base,5,10,IVQ,ordinal,k9,9,wrong,cv_first,0.1,17,0.472222,0.026470588235294117,0.0058823529411764705,22.476470588235294,0.11340027535183791,5,False,1360,0.02,raw,lora_intervention/experiments/linear_probing/results_probe50/Qwen2.5-3B-Instruct_5k_10u/probe_fits_wrong.json,
Qwen2.5-3B-Instruct,Qwen2.5,base,5,10,IVQ,ordinal,k9,9,wrong,cv_first,0.1,18,0.5,0.03235294117647059,0.005403286197315836,22.37720588235294,0.11729861835986832,5,False,1360,0.02,raw,lora_intervention/experiments/linear_probing/results_probe50/Qwen2.5-3B-Instruct_5k_10u/probe_fits_wrong.json,
Qwen2.5-3B-Instruct,Qwen2.5,base,5,10,IVQ,ordinal,k9,9,wrong,cv_first,0.1,19,0.527778,0.029411764705882353,0.0023252041618885147,21.82941176470588,0.12082799572348717,5,False,1360,0.02,raw,lora_intervention/experiments/linear_probing/results_probe50/Qwen2.5-3B-Instruct_5k_10u/probe_fits_wrong.json,
Qwen2.5-3B-Instruct,Qwen2.5,base,5,10,IVQ,ordinal,k9,9,wrong,cv_first,0.1,20,0.555556,0.03455882352941177,0.01055345595177009,22.277941176470584,0.11826853349748574,5,False,1360,0.02,raw,lora_intervention/experiments/linear_probing/results_probe50/Qwen2.5-3B-Instruct_5k_10u/probe_fits_wrong.json,
Qwen2.5-3B-Instruct,Qwen2.5,base,5,10,IVQ,ordinal,k9,9,wrong,cv_first,0.1,21,0.583333,0.031617647058823535,0.007204381596421112,22.04485294117647,0.12005350530796102,5,False,1360,0.02,raw,lora_intervention/experiments/linear_probing/results_probe50/Qwen2.5-3B-Instruct_5k_10u/probe_fits_wrong.json,
Qwen2.5-3B-Instruct,Qwen2.5,base,5,10,IVQ,ordinal,k9,9,wrong,cv_first,0.1,22,0.611111,0.03382352941176471,0.005403286197315836,21.558823529411764,0.11999219484318499,5,False,1360,0.02,raw,lora_intervention/experiments/linear_probing/results_probe50/Qwen2.5-3B-Instruct_5k_10u/probe_fits_wrong.json,
Qwen2.5-3B-Instruct,Qwen2.5,base,5,10,IVQ,ordinal,k9,9,wrong,cv_first,0.1,23,0.638889,0.11249999999999998,0.015176299588639922,15.209558823529411,0.23012665215556266,5,False,1360,0.02,raw,lora_intervention/experiments/linear_probing/results_probe50/Qwen2.5-3B-Instruct_5k_10u/probe_fits_wrong.json,
Qwen2.5-3B-Instruct,Qwen2.5,base,5,10,IVQ,ordinal,k9,9,wrong,cv_first,0.1,24,0.666667,0.10367647058823529,0.009699195557553615,15.351470588235296,0.22367927936486137,5,False,1360,0.02,raw,lora_intervention/experiments/linear_probing/results_probe50/Qwen2.5-3B-Instruct_5k_10u/probe_fits_wrong.json,
Qwen2.5-3B-Instruct,Qwen2.5,base,5,10,IVQ,ordinal,k9,9,wrong,cv_first,0.1,25,0.694444,0.12794117647058822,0.014028517667896258,14.7625,0.24644228880252111,5,False,1360,0.02,raw,lora_intervention/experiments/linear_probing/results_probe50/Qwen2.5-3B-Instruct_5k_10u/probe_fits_wrong.json,
Qwen2.5-3B-Instruct,Qwen2.5,base,5,10,IVQ,ordinal,k9,9,wrong,cv_first,0.1,26,0.722222,0.1625,0.01531813724705857,12.53235294117647,0.2912619347528781,5,False,1360,0.02,raw,lora_intervention/experiments/linear_probing/results_probe50/Qwen2.5-3B-Instruct_5k_10u/probe_fits_wrong.json,
Qwen2.5-3B-Instruct,Qwen2.5,base,5,10,IVQ,ordinal,k9,9,wrong,cv_first,0.1,27,0.75,0.16470588235294117,0.024869903713658475,12.547794117647058,0.292848860483576,5,False,1360,0.02,raw,lora_intervention/experiments/linear_probing/results_probe50/Qwen2.5-3B-Instruct_5k_10u/probe_fits_wrong.json,
Qwen2.5-3B-Instruct,Qwen2.5,base,5,10,IVQ,ordinal,k9,9,wrong,cv_first,0.1,28,0.777778,0.17720588235294116,0.021737861028080126,11.958088235294117,0.3069667202322581,5,False,1360,0.02,raw,lora_intervention/experiments/linear_probing/results_probe50/Qwen2.5-3B-Instruct_5k_10u/probe_fits_wrong.json,
Qwen2.5-3B-Instruct,Qwen2.5,base,5,10,IVQ,ordinal,k9,9,wrong,cv_first,0.1,29,0.805556,0.18382352941176472,0.02168806059375386,12.048529411764708,0.3126822707722743,5,False,1360,0.02,raw,lora_intervention/experiments/linear_probing/results_probe50/Qwen2.5-3B-Instruct_5k_10u/probe_fits_wrong.json,
Qwen2.5-3B-Instruct,Qwen2.5,base,5,10,IVQ,ordinal,k9,9,wrong,cv_first,0.1,30,0.833333,0.1852941176470588,0.01839705294587765,11.494852941176472,0.31782802383827147,5,False,1360,0.02,raw,lora_intervention/experiments/linear_probing/results_probe50/Qwen2.5-3B-Instruct_5k_10u/probe_fits_wrong.json,
Qwen2.5-3B-Instruct,Qwen2.5,base,5,10,IVQ,ordinal,k9,9,wrong,cv_first,0.1,31,0.861111,0.22132352941176472,0.03914362251237107,10.04485294117647,0.3563940637835822,5,False,1360,0.02,raw,lora_intervention/experiments/linear_probing/results_probe50/Qwen2.5-3B-Instruct_5k_10u/probe_fits_wrong.json,
Qwen2.5-3B-Instruct,Qwen2.5,base,5,10,IVQ,ordinal,k9,9,wrong,cv_first,0.1,32,0.888889,0.18970588235294117,0.02273474240255928,10.816176470588236,0.32850289327458565,5,False,1360,0.02,raw,lora_intervention/experiments/linear_probing/results_probe50/Qwen2.5-3B-Instruct_5k_10u/probe_fits_wrong.json,
Qwen2.5-3B-Instruct,Qwen2.5,base,5,10,IVQ,ordinal,k9,9,wrong,cv_first,0.1,33,0.916667,0.17867647058823527,0.02074519997009689,11.55,0.31463889590166766,5,False,1360,0.02,raw,lora_intervention/experiments/linear_probing/results_probe50/Qwen2.5-3B-Instruct_5k_10u/probe_fits_wrong.json,
Qwen2.5-3B-Instruct,Qwen2.5,base,5,10,IVQ,ordinal,k9,9,wrong,cv_first,0.1,34,0.944444,0.18161764705882352,0.022132230798959426,10.047794117647058,0.33736222905228513,5,False,1360,0.02,raw,lora_intervention/experiments/linear_probing/results_probe50/Qwen2.5-3B-Instruct_5k_10u/probe_fits_wrong.json,
Qwen2.5-3B-Instruct,Qwen2.5,base,5,10,IVQ,ordinal,k9,9,wrong,cv_first,0.1,35,0.972222,0.17573529411764705,0.01459517150094059,9.973529411764705,0.3330622309883024,5,False,1360,0.02,raw,lora_intervention/experiments/linear_probing/results_probe50/Qwen2.5-3B-Instruct_5k_10u/probe_fits_wrong.json,
Qwen2.5-3B-Instruct,Qwen2.5,base,5,10,IVQ,ordinal,k9,9,wrong,cv_first,0.1,36,1.0,0.17205882352941176,0.017149858514250885,9.702941176470588,0.3333823643971251,5,False,1360,0.02,raw,lora_intervention/experiments/linear_probing/results_probe50/Qwen2.5-3B-Instruct_5k_10u/probe_fits_wrong.json,
Qwen2.5-3B-Instruct,Qwen2.5,base,5,10,IVQ,ordinal,k9,9,wrong,cv_last,0.1,0,0.0,0.030147058823529416,0.001470588235294118,23.177941176470586,0.10937500629370298,5,False,1360,0.02,raw,lora_intervention/experiments/linear_probing/results_probe50/Qwen2.5-3B-Instruct_5k_10u/probe_fits_wrong.json,
Qwen2.5-3B-Instruct,Qwen2.5,base,5,10,IVQ,ordinal,k9,9,wrong,cv_last,0.1,1,0.027778,0.04926470588235295,0.006818837129040958,20.30955882352941,0.1439782858549307,5,False,1360,0.02,raw,lora_intervention/experiments/linear_probing/results_probe50/Qwen2.5-3B-Instruct_5k_10u/probe_fits_wrong.json,
Qwen2.5-3B-Instruct,Qwen2.5,base,5,10,IVQ,ordinal,k9,9,wrong,cv_last,0.1,2,0.055556,0.06323529411764706,0.021737861028080126,18.325735294117646,0.17284606498318653,5,False,1360,0.02,raw,lora_intervention/experiments/linear_probing/results_probe50/Qwen2.5-3B-Instruct_5k_10u/probe_fits_wrong.json,
Qwen2.5-3B-Instruct,Qwen2.5,base,5,10,IVQ,ordinal,k9,9,wrong,cv_last,0.1,3,0.083333,0.07352941176470588,0.010906174245728917,18.183823529411764,0.17880229530322816,5,False,1360,0.02,raw,lora_intervention/experiments/linear_probing/results_probe50/Qwen2.5-3B-Instruct_5k_10u/probe_fits_wrong.json,
Qwen2.5-3B-Instruct,Qwen2.5,base,5,10,IVQ,ordinal,k9,9,wrong,cv_last,0.1,4,0.111111,0.06985294117647059,0.011391127488845345,19.091176470588238,0.16815075542598915,5,False,1360,0.02,raw,lora_intervention/experiments/linear_probing/results_probe50/Qwen2.5-3B-Instruct_5k_10u/probe_fits_wrong.json,
Qwen2.5-3B-Instruct,Qwen2.5,base,5,10,IVQ,ordinal,k9,9,wrong,cv_last,0.1,5,0.138889,0.06029411764705883,0.01367726120421932,18.929411764705883,0.16339873961421889,5,False,1360,0.02,raw,lora_intervention/experiments/linear_probing/results_probe50/Qwen2.5-3B-Instruct_5k_10u/probe_fits_wrong.json,
Qwen2.5-3B-Instruct,Qwen2.5,base,5,10,IVQ,ordinal,k9,9,wrong,cv_last,0.1,6,0.166667,0.0625,0.015940796609322648,19.22941176470588,0.16187955754842448,5,False,1360,0.02,raw,lora_intervention/experiments/linear_probing/results_probe50/Qwen2.5-3B-Instruct_5k_10u/probe_fits_wrong.json,
Qwen2.5-3B-Instruct,Qwen2.5,base,5,10,IVQ,ordinal,k9,9,wrong,cv_last,0.1,7,0.194444,0.06617647058823531,0.00900547699552639,20.000735294117646,0.15985097514387228,5,False,1360,0.02,raw,lora_intervention/experiments/linear_probing/results_probe50/Qwen2.5-3B-Instruct_5k_10u/probe_fits_wrong.json,
Qwen2.5-3B-Instruct,Qwen2.5,base,5,10,IVQ,ordinal,k9,9,wrong,cv_last,0.1,8,0.222222,0.051470588235294115,0.01524738334803509,20.383088235294117,0.14611380010993802,5,False,1360,0.02,raw,lora_intervention/experiments/linear_probing/results_probe50/Qwen2.5-3B-Instruct_5k_10u/probe_fits_wrong.json,
Qwen2.5-3B-Instruct,Qwen2.5,base,5,10,IVQ,ordinal,k9,9,wrong,cv_last,0.1,9,0.25,0.05,0.016863742560558403,20.877941176470593,0.1449144565339007,5,False,1360,0.02,raw,lora_intervention/experiments/linear_probing/results_probe50/Qwen2.5-3B-Instruct_5k_10u/probe_fits_wrong.json,
Qwen2.5-3B-Instruct,Qwen2.5,base,5,10,IVQ,ordinal,k9,9,wrong,cv_last,0.1,10,0.277778,0.052941176470588235,0.017950817081961327,21.04926470588235,0.1451282043106745,5,False,1360,0.02,raw,lora_intervention/experiments/linear_probing/results_probe50/Qwen2.5-3B-Instruct_5k_10u/probe_fits_wrong.json,
Qwen2.5-3B-Instruct,Qwen2.5,base,5,10,IVQ,ordinal,k9,9,wrong,cv_last,0.1,11,0.305556,0.05367647058823529,0.018249520067633612,20.863235294117647,0.14712052638105066,5,False,1360,0.02,raw,lora_intervention/experiments/linear_probing/results_probe50/Qwen2.5-3B-Instruct_5k_10u/probe_fits_wrong.json,
Qwen2.5-3B-Instruct,Qwen2.5,base,5,10,IVQ,ordinal,k9,9,wrong,cv_last,0.1,12,0.333333,0.05588235294117647,0.014219911474863027,21.013970588235292,0.1482132293170366,5,False,1360,0.02,raw,lora_intervention/experiments/linear_probing/results_probe50/Qwen2.5-3B-Instruct_5k_10u/probe_fits_wrong.json,
Qwen2.5-3B-Instruct,Qwen2.5,base,5,10,IVQ,ordinal,k9,9,wrong,cv_last,0.1,13,0.361111,0.04852941176470589,0.009699195557553617,21.296323529411765,0.1386399853561078,5,False,1360,0.02,raw,lora_intervention/experiments/linear_probing/results_probe50/Qwen2.5-3B-Instruct_5k_10u/probe_fits_wrong.json,
Qwen2.5-3B-Instruct,Qwen2.5,base,5,10,IVQ,ordinal,k9,9,wrong,cv_last,0.1,14,0.388889,0.05073529411764706,0.007128940966788718,21.541176470588233,0.1399646619670988,5,False,1360,0.02,raw,lora_intervention/experiments/linear_probing/results_probe50/Qwen2.5-3B-Instruct_5k_10u/probe_fits_wrong.json,
Qwen2.5-3B-Instruct,Qwen2.5,base,5,10,IVQ,ordinal,k9,9,wrong,cv_last,0.1,15,0.416667,0.047058823529411764,0.007128940966788717,21.748529411764707,0.1321735548491525,5,False,1360,0.02,raw,lora_intervention/experiments/linear_probing/results_probe50/Qwen2.5-3B-Instruct_5k_10u/probe_fits_wrong.json,
Qwen2.5-3B-Instruct,Qwen2.5,base,5,10,IVQ,ordinal,k9,9,wrong,cv_last,0.1,16,0.444444,0.05147058823529412,0.005199314567548143,21.905147058823527,0.13568066388761224,5,False,1360,0.02,raw,lora_intervention/experiments/linear_probing/results_probe50/Qwen2.5-3B-Instruct_5k_10u/probe_fits_wrong.json,
Qwen2.5-3B-Instruct,Qwen2.5,base,5,10,IVQ,ordinal,k9,9,wrong,cv_last,0.1,17,0.472222,0.044852941176470595,0.0074985581082246825,21.9860294117647,0.13455914375282896,5,False,1360,0.02,raw,lora_intervention/experiments/linear_probing/results_probe50/Qwen2.5-3B-Instruct_5k_10u/probe_fits_wrong.json,
Qwen2.5-3B-Instruct,Qwen2.5,base,5,10,IVQ,ordinal,k9,9,wrong,cv_last,0.1,18,0.5,0.047058823529411764,0.007128940966788717,21.72941176470588,0.13611549571740858,5,False,1360,0.02,raw,lora_intervention/experiments/linear_probing/results_probe50/Qwen2.5-3B-Instruct_5k_10u/probe_fits_wrong.json,
Qwen2.5-3B-Instruct,Qwen2.5,base,5,10,IVQ,ordinal,k9,9,wrong,cv_last,0.1,19,0.527778,0.051470588235294115,0.005199314567548143,22.19338235294118,0.13456341659254017,5,False,1360,0.02,raw,lora_intervention/experiments/linear_probing/results_probe50/Qwen2.5-3B-Instruct_5k_10u/probe_fits_wrong.json,
Qwen2.5-3B-Instruct,Qwen2.5,base,5,10,IVQ,ordinal,k9,9,wrong,cv_last,0.1,20,0.555556,0.04044117647058824,0.008383642831611308,22.79191176470588,0.12597567502932544,5,False,1360,0.02,raw,lora_intervention/experiments/linear_probing/results_probe50/Qwen2.5-3B-Instruct_5k_10u/probe_fits_wrong.json,
Qwen2.5-3B-Instruct,Qwen2.5,base,5,10,IVQ,ordinal,k9,9,wrong,cv_last,0.1,21,0.583333,0.03455882352941177,0.006410145505206873,23.113235294117647,0.11535704115948442,5,False,1360,0.02,raw,lora_intervention/experiments/linear_probing/results_probe50/Qwen2.5-3B-Instruct_5k_10u/probe_fits_wrong.json,
Qwen2.5-3B-Instruct,Qwen2.5,base,5,10,IVQ,ordinal,k9,9,wrong,cv_last,0.1,22,0.611111,0.03602941176470588,0.0036021907982105566,23.702941176470592,0.1132225452868351,5,False,1360,0.02,raw,lora_intervention/experiments/linear_probing/results_probe50/Qwen2.5-3B-Instruct_5k_10u/probe_fits_wrong.json,
Qwen2.5-3B-Instruct,Qwen2.5,base,5,10,IVQ,ordinal,k9,9,wrong,cv_last,0.1,23,0.638889,0.03602941176470588,0.009416359172695366,24.033088235294116,0.11166702501195395,5,False,1360,0.02,raw,lora_intervention/experiments/linear_probing/results_probe50/Qwen2.5-3B-Instruct_5k_10u/probe_fits_wrong.json,
Qwen2.5-3B-Instruct,Qwen2.5,base,5,10,IVQ,ordinal,k9,9,wrong,cv_last,0.1,24,0.666667,0.03235294117647059,0.004877389397581471,24.25,0.10477590331467276,5,False,1360,0.02,raw,lora_intervention/experiments/linear_probing/results_probe50/Qwen2.5-3B-Instruct_5k_10u/probe_fits_wrong.json,
Qwen2.5-3B-Instruct,Qwen2.5,base,5,10,IVQ,ordinal,k9,9,wrong,cv_last,0.1,25,0.694444,0.022794117647058826,0.008823529411764706,24.28970588235294,0.1001747186334186,5,False,1360,0.02,raw,lora_intervention/experiments/linear_probing/results_probe50/Qwen2.5-3B-Instruct_5k_10u/probe_fits_wrong.json,
Qwen2.5-3B-Instruct,Qwen2.5,base,5,10,IVQ,ordinal,k9,9,wrong,cv_last,0.1,26,0.722222,0.029411764705882353,0.006576670522058205,24.174264705882354,0.10538654131170169,5,False,1360,0.02,raw,lora_intervention/experiments/linear_probing/results_probe50/Qwen2.5-3B-Instruct_5k_10u/probe_fits_wrong.json,
Qwen2.5-3B-Instruct,Qwen2.5,base,5,10,IVQ,ordinal,k9,9,wrong,cv_last,0.1,27,0.75,0.025,0.0042874646285627205,23.796323529411765,0.10506100576770308,5,False,1360,0.02,raw,lora_intervention/experiments/linear_probing/results_probe50/Qwen2.5-3B-Instruct_5k_10u/probe_fits_wrong.json,
Qwen2.5-3B-Instruct,Qwen2.5,base,5,10,IVQ,ordinal,k9,9,wrong,cv_last,0.1,28,0.777778,0.027941176470588237,0.008253656000236635,24.16764705882353,0.1059794505089906,5,False,1360,0.02,raw,lora_intervention/experiments/linear_probing/results_probe50/Qwen2.5-3B-Instruct_5k_10u/probe_fits_wrong.json,
Qwen2.5-3B-Instruct,Qwen2.5,base,5,10,IVQ,ordinal,k9,9,wrong,cv_last,0.1,29,0.805556,0.03014705882352941,0.0058823529411764705,24.16102941176471,0.10571361847009778,5,False,1360,0.02,raw,lora_intervention/experiments/linear_probing/results_probe50/Qwen2.5-3B-Instruct_5k_10u/probe_fits_wrong.json,
Qwen2.5-3B-Instruct,Qwen2.5,base,5,10,IVQ,ordinal,k9,9,wrong,cv_last,0.1,30,0.833333,0.03235294117647059,0.008823529411764706,24.166176470588237,0.10566064428866198,5,False,1360,0.02,raw,lora_intervention/experiments/linear_probing/results_probe50/Qwen2.5-3B-Instruct_5k_10u/probe_fits_wrong.json,
Qwen2.5-3B-Instruct,Qwen2.5,base,5,10,IVQ,ordinal,k9,9,wrong,cv_last,0.1,31,0.861111,0.03161764705882353,0.00888459262764307,22.972058823529416,0.11288682355327015,5,False,1360,0.02,raw,lora_intervention/experiments/linear_probing/results_probe50/Qwen2.5-3B-Instruct_5k_10u/probe_fits_wrong.json,
Qwen2.5-3B-Instruct,Qwen2.5,base,5,10,IVQ,ordinal,k9,9,wrong,cv_last,0.1,32,0.888889,0.05367647058823529,0.010028074777195481,19.199999999999996,0.1546617115449158,5,False,1360,0.02,raw,lora_intervention/experiments/linear_probing/results_probe50/Qwen2.5-3B-Instruct_5k_10u/probe_fits_wrong.json,
Qwen2.5-3B-Instruct,Qwen2.5,base,5,10,IVQ,ordinal,k9,9,wrong,cv_last,0.1,33,0.916667,0.061764705882352944,0.017462267775055763,17.09485294117647,0.1761851765695863,5,False,1360,0.02,raw,lora_intervention/experiments/linear_probing/results_probe50/Qwen2.5-3B-Instruct_5k_10u/probe_fits_wrong.json,
Qwen2.5-3B-Instruct,Qwen2.5,base,5,10,IVQ,ordinal,k9,9,wrong,cv_last,0.1,34,0.944444,0.06691176470588235,0.024978364340386805,16.030882352941177,0.1846619391886482,5,False,1360,0.02,raw,lora_intervention/experiments/linear_probing/results_probe50/Qwen2.5-3B-Instruct_5k_10u/probe_fits_wrong.json,
Qwen2.5-3B-Instruct,Qwen2.5,base,5,10,IVQ,ordinal,k9,9,wrong,cv_last,0.1,35,0.972222,0.07279411764705883,0.02582965892683867,15.465441176470588,0.19278504221749243,5,False,1360,0.02,raw,lora_intervention/experiments/linear_probing/results_probe50/Qwen2.5-3B-Instruct_5k_10u/probe_fits_wrong.json,
Qwen2.5-3B-Instruct,Qwen2.5,base,5,10,IVQ,ordinal,k9,9,wrong,cv_last,0.1,36,1.0,0.07426470588235294,0.025193884851487963,14.976470588235292,0.19689909309159878,5,False,1360,0.02,raw,lora_intervention/experiments/linear_probing/results_probe50/Qwen2.5-3B-Instruct_5k_10u/probe_fits_wrong.json,
Qwen2.5-3B-Instruct,Qwen2.5,base,5,10,IVQ,ordinal,k9,9,wrong,expected,0.1,0,0.0,0.027941176470588237,0.0018010953991052783,23.48235294117647,0.10491438176488851,5,False,1360,0.02,raw,lora_intervention/experiments/linear_probing/results_probe50/Qwen2.5-3B-Instruct_5k_10u/probe_fits_wrong.json,
Qwen2.5-3B-Instruct,Qwen2.5,base,5,10,IVQ,ordinal,k9,9,wrong,expected,0.1,1,0.027778,0.031617647058823535,0.012862393885688163,23.780882352941177,0.10878438132102144,5,False,1360,0.02,raw,lora_intervention/experiments/linear_probing/results_probe50/Qwen2.5-3B-Instruct_5k_10u/probe_fits_wrong.json,
Qwen2.5-3B-Instruct,Qwen2.5,base,5,10,IVQ,ordinal,k9,9,wrong,expected,0.1,2,0.055556,0.029411764705882353,0.014143664751228928,23.680882352941175,0.10870652477896517,5,False,1360,0.02,raw,lora_intervention/experiments/linear_probing/results_probe50/Qwen2.5-3B-Instruct_5k_10u/probe_fits_wrong.json,
Qwen2.5-3B-Instruct,Qwen2.5,base,5,10,IVQ,ordinal,k9,9,wrong,expected,0.1,3,0.083333,0.03455882352941177,0.010553455951770091,23.78602941176471,0.11098475942212101,5,False,1360,0.02,raw,lora_intervention/experiments/linear_probing/results_probe50/Qwen2.5-3B-Instruct_5k_10u/probe_fits_wrong.json,
Qwen2.5-3B-Instruct,Qwen2.5,base,5,10,IVQ,ordinal,k9,9,wrong,expected,0.1,4,0.111111,0.029411764705882353,0.012303823919618758,24.199264705882353,0.1047256330798764,5,False,1360,0.02,raw,lora_intervention/experiments/linear_probing/results_probe50/Qwen2.5-3B-Instruct_5k_10u/probe_fits_wrong.json,
Qwen2.5-3B-Instruct,Qwen2.5,base,5,10,IVQ,ordinal,k9,9,wrong,expected,0.1,5,0.138889,0.03455882352941177,0.009473602004944943,24.292647058823526,0.10640660453775122,5,False,1360,0.02,raw,lora_intervention/experiments/linear_probing/results_probe50/Qwen2.5-3B-Instruct_5k_10u/probe_fits_wrong.json,
Qwen2.5-3B-Instruct,Qwen2.5,base,5,10,IVQ,ordinal,k9,9,wrong,expected,0.1,6,0.166667,0.03308823529411765,0.007711829765956998,24.409558823529416,0.10500674533908458,5,False,1360,0.02,raw,lora_intervention/experiments/linear_probing/results_probe50/Qwen2.5-3B-Instruct_5k_10u/probe_fits_wrong.json,
Qwen2.5-3B-Instruct,Qwen2.5,base,5,10,IVQ,ordinal,k9,9,wrong,expected,0.1,7,0.194444,0.03161764705882353,0.011532637603939796,24.551470588235293,0.10434007926286648,5,False,1360,0.02,raw,lora_intervention/experiments/linear_probing/results_probe50/Qwen2.5-3B-Instruct_5k_10u/probe_fits_wrong.json,
Qwen2.5-3B-Instruct,Qwen2.5,base,5,10,IVQ,ordinal,k9,9,wrong,expected,0.1,8,0.222222,0.03602941176470588,0.0121712833509168,24.729411764705883,0.10937250358515738,5,False,1360,0.02,raw,lora_intervention/experiments/linear_probing/results_probe50/Qwen2.5-3B-Instruct_5k_10u/probe_fits_wrong.json,
Qwen2.5-3B-Instruct,Qwen2.5,base,5,10,IVQ,ordinal,k9,9,wrong,expected,0.1,9,0.25,0.03382352941176471,0.015838720020983837,25.002941176470593,0.10703566466304729,5,False,1360,0.02,raw,lora_intervention/experiments/linear_probing/results_probe50/Qwen2.5-3B-Instruct_5k_10u/probe_fits_wrong.json,
Qwen2.5-3B-Instruct,Qwen2.5,base,5,10,IVQ,ordinal,k9,9,wrong,expected,0.1,10,0.277778,0.03235294117647059,0.010756425616417497,25.135294117647057,0.10526437799623697,5,False,1360,0.02,raw,lora_intervention/experiments/linear_probing/results_probe50/Qwen2.5-3B-Instruct_5k_10u/probe_fits_wrong.json,
Qwen2.5-3B-Instruct,Qwen2.5,base,5,10,IVQ,ordinal,k9,9,wrong,expected,0.1,11,0.305556,0.030882352941176472,0.012650478333886215,25.06838235294118,0.1035292947309947,5,False,1360,0.02,raw,lora_intervention/experiments/linear_probing/results_probe50/Qwen2.5-3B-Instruct_5k_10u/probe_fits_wrong.json,
Qwen2.5-3B-Instruct,Qwen2.5,base,5,10,IVQ,ordinal,k9,9,wrong,expected,0.1,12,0.333333,0.029411764705882353,0.009587062360592131,24.958823529411767,0.10306945150022992,5,False,1360,0.02,raw,lora_intervention/experiments/linear_probing/results_probe50/Qwen2.5-3B-Instruct_5k_10u/probe_fits_wrong.json,
Qwen2.5-3B-Instruct,Qwen2.5,base,5,10,IVQ,ordinal,k9,9,wrong,expected,0.1,13,0.361111,0.025,0.007498558108224683,24.640441176470592,0.09957364442827998,5,False,1360,0.02,raw,lora_intervention/experiments/linear_probing/results_probe50/Qwen2.5-3B-Instruct_5k_10u/probe_fits_wrong.json,
Qwen2.5-3B-Instruct,Qwen2.5,base,5,10,IVQ,ordinal,k9,9,wrong,expected,0.1,14,0.388889,0.024264705882352945,0.0075703162801375,24.815441176470593,0.09812914494439406,5,False,1360,0.02,raw,lora_intervention/experiments/linear_probing/results_probe50/Qwen2.5-3B-Instruct_5k_10u/probe_fits_wrong.json,
Qwen2.5-3B-Instruct,Qwen2.5,base,5,10,IVQ,ordinal,k9,9,wrong,expected,0.1,15,0.416667,0.024264705882352945,0.007204381596421112,24.67058823529412,0.09892548415303401,5,False,1360,0.02,raw,lora_intervention/experiments/linear_probing/results_probe50/Qwen2.5-3B-Instruct_5k_10u/probe_fits_wrong.json,
Qwen2.5-3B-Instruct,Qwen2.5,base,5,10,IVQ,ordinal,k9,9,wrong,expected,0.1,16,0.444444,0.024264705882352945,0.011295802570395013,24.61911764705882,0.09937232787533645,5,False,1360,0.02,raw,lora_intervention/experiments/linear_probing/results_probe50/Qwen2.5-3B-Instruct_5k_10u/probe_fits_wrong.json,
Qwen2.5-3B-Instruct,Qwen2.5,base,5,10,IVQ,ordinal,k9,9,wrong,expected,0.1,17,0.472222,0.025,0.008823529411764706,24.746323529411764,0.09767645546953194,5,False,1360,0.02,raw,lora_intervention/experiments/linear_probing/results_probe50/Qwen2.5-3B-Instruct_5k_10u/probe_fits_wrong.json,
Qwen2.5-3B-Instruct,Qwen2.5,base,5,10,IVQ,ordinal,k9,9,wrong,expected,0.1,18,0.5,0.02573529411764706,0.012946188868866918,24.55514705882353,0.09843223466316782,5,False,1360,0.02,raw,lora_intervention/experiments/linear_probing/results_probe50/Qwen2.5-3B-Instruct_5k_10u/probe_fits_wrong.json,
Qwen2.5-3B-Instruct,Qwen2.5,base,5,10,IVQ,ordinal,k9,9,wrong,expected,0.1,19,0.527778,0.02573529411764706,0.013153341044116413,24.416176470588233,0.09921280240375793,5,False,1360,0.02,raw,lora_intervention/experiments/linear_probing/results_probe50/Qwen2.5-3B-Instruct_5k_10u/probe_fits_wrong.json,
Qwen2.5-3B-Instruct,Qwen2.5,base,5,10,IVQ,ordinal,k9,9,wrong,expected,0.1,20,0.555556,0.02573529411764706,0.0065766705220582046,24.6875,0.1007633134502061,5,False,1360,0.02,raw,lora_intervention/experiments/linear_probing/results_probe50/Qwen2.5-3B-Instruct_5k_10u/probe_fits_wrong.json,
Qwen2.5-3B-Instruct,Qwen2.5,base,5,10,IVQ,ordinal,k9,9,wrong,expected,0.1,21,0.583333,0.022058823529411763,0.00900547699552639,25.400735294117645,0.09384355118292335,5,False,1360,0.02,raw,lora_intervention/experiments/linear_probing/results_probe50/Qwen2.5-3B-Instruct_5k_10u/probe_fits_wrong.json,
Qwen2.5-3B-Instruct,Qwen2.5,base,5,10,IVQ,ordinal,k9,9,wrong,expected,0.1,22,0.611111,0.027941176470588237,0.011992284139926538,25.49264705882353,0.09384823975965237,5,False,1360,0.02,raw,lora_intervention/experiments/linear_probing/results_probe50/Qwen2.5-3B-Instruct_5k_10u/probe_fits_wrong.json,
Qwen2.5-3B-Instruct,Qwen2.5,base,5,10,IVQ,ordinal,k9,9,wrong,expected,0.1,23,0.638889,0.022794117647058826,0.005882352941176471,25.196323529411764,0.09294686461023016,5,False,1360,0.02,raw,lora_intervention/experiments/linear_probing/results_probe50/Qwen2.5-3B-Instruct_5k_10u/probe_fits_wrong.json,
Qwen2.5-3B-Instruct,Qwen2.5,base,5,10,IVQ,ordinal,k9,9,wrong,expected,0.1,24,0.666667,0.028676470588235296,0.01100487466698218,25.545588235294115,0.09463942570997237,5,False,1360,0.02,raw,lora_intervention/experiments/linear_probing/results_probe50/Qwen2.5-3B-Instruct_5k_10u/probe_fits_wrong.json,
Qwen2.5-3B-Instruct,Qwen2.5,base,5,10,IVQ,ordinal,k9,9,wrong,expected,0.1,25,0.694444,0.022058823529411766,0.013756093333727726,25.52941176470588,0.09455127386520519,5,False,1360,0.02,raw,lora_intervention/experiments/linear_probing/results_probe50/Qwen2.5-3B-Instruct_5k_10u/probe_fits_wrong.json,
Qwen2.5-3B-Instruct,Qwen2.5,base,5,10,IVQ,ordinal,k9,9,wrong,expected,0.1,26,0.722222,0.025,0.007128940966788719,25.58235294117647,0.09582564803154653,5,False,1360,0.02,raw,lora_intervention/experiments/linear_probing/results_probe50/Qwen2.5-3B-Instruct_5k_10u/probe_fits_wrong.json,
Qwen2.5-3B-Instruct,Qwen2.5,base,5,10,IVQ,ordinal,k9,9,wrong,expected,0.1,27,0.75,0.022794117647058826,0.011718659890080314,25.311764705882354,0.09384532815754573,5,False,1360,0.02,raw,lora_intervention/experiments/linear_probing/results_probe50/Qwen2.5-3B-Instruct_5k_10u/probe_fits_wrong.json,
Qwen2.5-3B-Instruct,Qwen2.5,base,5,10,IVQ,ordinal,k9,9,wrong,expected,0.1,28,0.777778,0.029411764705882353,0.013756093333727726,25.474264705882355,0.09684928562955393,5,False,1360,0.02,raw,lora_intervention/experiments/linear_probing/results_probe50/Qwen2.5-3B-Instruct_5k_10u/probe_fits_wrong.json,
Qwen2.5-3B-Instruct,Qwen2.5,base,5,10,IVQ,ordinal,k9,9,wrong,expected,0.1,29,0.805556,0.021323529411764706,0.008187888768867679,25.15514705882353,0.09324428922479626,5,False,1360,0.02,raw,lora_intervention/experiments/linear_probing/results_probe50/Qwen2.5-3B-Instruct_5k_10u/probe_fits_wrong.json,
Qwen2.5-3B-Instruct,Qwen2.5,base,5,10,IVQ,ordinal,k9,9,wrong,expected,0.1,30,0.833333,0.027941176470588237,0.016863742560558403,24.855882352941176,0.09689067617887245,5,False,1360,0.02,raw,lora_intervention/experiments/linear_probing/results_probe50/Qwen2.5-3B-Instruct_5k_10u/probe_fits_wrong.json,
Qwen2.5-3B-Instruct,Qwen2.5,base,5,10,IVQ,ordinal,k9,9,wrong,expected,0.1,31,0.861111,0.026470588235294117,0.01148566128809802,24.098529411764705,0.0998522919659369,5,False,1360,0.02,raw,lora_intervention/experiments/linear_probing/results_probe50/Qwen2.5-3B-Instruct_5k_10u/probe_fits_wrong.json,
Qwen2.5-3B-Instruct,Qwen2.5,base,5,10,IVQ,ordinal,k9,9,wrong,expected,0.1,32,0.888889,0.027941176470588237,0.007204381596421112,22.436764705882354,0.1129455862837786,5,False,1360,0.02,raw,lora_intervention/experiments/linear_probing/results_probe50/Qwen2.5-3B-Instruct_5k_10u/probe_fits_wrong.json,
Qwen2.5-3B-Instruct,Qwen2.5,base,5,10,IVQ,ordinal,k9,9,wrong,expected,0.1,33,0.916667,0.04632352941176471,0.008884592627643066,18.571323529411764,0.14815282795611576,5,False,1360,0.02,raw,lora_intervention/experiments/linear_probing/results_probe50/Qwen2.5-3B-Instruct_5k_10u/probe_fits_wrong.json,
Qwen2.5-3B-Instruct,Qwen2.5,base,5,10,IVQ,ordinal,k9,9,wrong,expected,0.1,34,0.944444,0.059558823529411775,0.009974014681066571,16.890441176470592,0.16996910640434337,5,False,1360,0.02,raw,lora_intervention/experiments/linear_probing/results_probe50/Qwen2.5-3B-Instruct_5k_10u/probe_fits_wrong.json,
Qwen2.5-3B-Instruct,Qwen2.5,base,5,10,IVQ,ordinal,k9,9,wrong,expected,0.1,35,0.972222,0.059558823529411775,0.009124760033816806,16.452941176470585,0.1742520950285939,5,False,1360,0.02,raw,lora_intervention/experiments/linear_probing/results_probe50/Qwen2.5-3B-Instruct_5k_10u/probe_fits_wrong.json,
Qwen2.5-3B-Instruct,Qwen2.5,base,5,10,IVQ,ordinal,k9,9,wrong,expected,0.1,36,1.0,0.06838235294117648,0.00888459262764307,15.756617647058823,0.18456057872194676,5,False,1360,0.02,raw,lora_intervention/experiments/linear_probing/results_probe50/Qwen2.5-3B-Instruct_5k_10u/probe_fits_wrong.json,
Qwen2.5-3B-Instruct,Qwen2.5,base,5,10,IVQ,ordinal,k9,9,wrong,shuffled,0.1,0,0.0,0.02794117647058823,0.0018010953991052785,23.49264705882353,0.10517277292088907,5,False,1360,0.02,raw,lora_intervention/experiments/linear_probing/results_probe50/Qwen2.5-3B-Instruct_5k_10u/probe_fits_wrong.json,
Qwen2.5-3B-Instruct,Qwen2.5,base,5,10,IVQ,ordinal,k9,9,wrong,shuffled,0.1,1,0.027778,0.024264705882352945,0.010028074777195481,24.91985294117647,0.09148922397744982,5,False,1360,0.02,raw,lora_intervention/experiments/linear_probing/results_probe50/Qwen2.5-3B-Instruct_5k_10u/probe_fits_wrong.json,
Qwen2.5-3B-Instruct,Qwen2.5,base,5,10,IVQ,ordinal,k9,9,wrong,shuffled,0.1,2,0.055556,0.02573529411764706,0.009587062360592131,24.877205882352943,0.09480495490885651,5,False,1360,0.02,raw,lora_intervention/experiments/linear_probing/results_probe50/Qwen2.5-3B-Instruct_5k_10u/probe_fits_wrong.json,
Qwen2.5-3B-Instruct,Qwen2.5,base,5,10,IVQ,ordinal,k9,9,wrong,shuffled,0.1,3,0.083333,0.022058823529411766,0.010655424078080471,24.791911764705883,0.09179457775042746,5,False,1360,0.02,raw,lora_intervention/experiments/linear_probing/results_probe50/Qwen2.5-3B-Instruct_5k_10u/probe_fits_wrong.json,
Qwen2.5-3B-Instruct,Qwen2.5,base,5,10,IVQ,ordinal,k9,9,wrong,shuffled,0.1,4,0.111111,0.023529411764705885,0.005973557650467617,24.88235294117647,0.09321823890262107,5,False,1360,0.02,raw,lora_intervention/experiments/linear_probing/results_probe50/Qwen2.5-3B-Instruct_5k_10u/probe_fits_wrong.json,
Qwen2.5-3B-Instruct,Qwen2.5,base,5,10,IVQ,ordinal,k9,9,wrong,shuffled,0.1,5,0.138889,0.01985294117647059,0.011295802570395013,24.913970588235294,0.09113657573235227,5,False,1360,0.02,raw,lora_intervention/experiments/linear_probing/results_probe50/Qwen2.5-3B-Instruct_5k_10u/probe_fits_wrong.json,
Qwen2.5-3B-Instruct,Qwen2.5,base,5,10,IVQ,ordinal,k9,9,wrong,shuffled,0.1,6,0.166667,0.021323529411764706,0.011247837162337026,24.961764705882352,0.09185489866440204,5,False,1360,0.02,raw,lora_intervention/experiments/linear_probing/results_probe50/Qwen2.5-3B-Instruct_5k_10u/probe_fits_wrong.json,
Qwen2.5-3B-Instruct,Qwen2.5,base,5,10,IVQ,ordinal,k9,9,wrong,shuffled,0.1,7,0.194444,0.023529411764705885,0.007204381596421112,25.11176470588235,0.09160839545116886,5,False,1360,0.02,raw,lora_intervention/experiments/linear_probing/results_probe50/Qwen2.5-3B-Instruct_5k_10u/probe_fits_wrong.json,
Qwen2.5-3B-Instruct,Qwen2.5,base,5,10,IVQ,ordinal,k9,9,wrong,shuffled,0.1,8,0.222222,0.01911764705882353,0.008511644781463401,25.165441176470587,0.09026306172715318,5,False,1360,0.02,raw,lora_intervention/experiments/linear_probing/results_probe50/Qwen2.5-3B-Instruct_5k_10u/probe_fits_wrong.json,
Qwen2.5-3B-Instruct,Qwen2.5,base,5,10,IVQ,ordinal,k9,9,wrong,shuffled,0.1,9,0.25,0.018382352941176468,0.008383642831611308,24.99632352941176,0.08944896847259919,5,False,1360,0.02,raw,lora_intervention/experiments/linear_probing/results_probe50/Qwen2.5-3B-Instruct_5k_10u/probe_fits_wrong.json,
Qwen2.5-3B-Instruct,Qwen2.5,base,5,10,IVQ,ordinal,k9,9,wrong,shuffled,0.1,10,0.277778,0.023529411764705885,0.008253656000236635,25.084558823529413,0.09296396599289031,5,False,1360,0.02,raw,lora_intervention/experiments/linear_probing/results_probe50/Qwen2.5-3B-Instruct_5k_10u/probe_fits_wrong.json,
Qwen2.5-3B-Instruct,Qwen2.5,base,5,10,IVQ,ordinal,k9,9,wrong,shuffled,0.1,11,0.305556,0.022058823529411766,0.0077118297659569965,25.00735294117647,0.09218303863381934,5,False,1360,0.02,raw,lora_intervention/experiments/linear_probing/results_probe50/Qwen2.5-3B-Instruct_5k_10u/probe_fits_wrong.json,
Qwen2.5-3B-Instruct,Qwen2.5,base,5,10,IVQ,ordinal,k9,9,wrong,shuffled,0.1,12,0.333333,0.023529411764705882,0.005973557650467617,25.064705882352943,0.09323887029974293,5,False,1360,0.02,raw,lora_intervention/experiments/linear_probing/results_probe50/Qwen2.5-3B-Instruct_5k_10u/probe_fits_wrong.json,
Qwen2.5-3B-Instruct,Qwen2.5,base,5,10,IVQ,ordinal,k9,9,wrong,shuffled,0.1,13,0.361111,0.022794117647058826,0.009699195557553617,25.05735294117647,0.09460658731859382,5,False,1360,0.02,raw,lora_intervention/experiments/linear_probing/results_probe50/Qwen2.5-3B-Instruct_5k_10u/probe_fits_wrong.json,
Qwen2.5-3B-Instruct,Qwen2.5,base,5,10,IVQ,ordinal,k9,9,wrong,shuffled,0.1,14,0.388889,0.022058823529411763,0.0077118297659569965,25.04558823529412,0.09537021049173448,5,False,1360,0.02,raw,lora_intervention/experiments/linear_probing/results_probe50/Qwen2.5-3B-Instruct_5k_10u/probe_fits_wrong.json,
Qwen2.5-3B-Instruct,Qwen2.5,base,5,10,IVQ,ordinal,k9,9,wrong,shuffled,0.1,15,0.416667,0.021323529411764706,0.009416359172695366,25.008823529411764,0.09464323440686608,5,False,1360,0.02,raw,lora_intervention/experiments/linear_probing/results_probe50/Qwen2.5-3B-Instruct_5k_10u/probe_fits_wrong.json,
Qwen2.5-3B-Instruct,Qwen2.5,base,5,10,IVQ,ordinal,k9,9,wrong,shuffled,0.1,16,0.444444,0.022058823529411763,0.01013532996477222,25.03308823529412,0.09437621311183196,5,False,1360,0.02,raw,lora_intervention/experiments/linear_probing/results_probe50/Qwen2.5-3B-Instruct_5k_10u/probe_fits_wrong.json,
Qwen2.5-3B-Instruct,Qwen2.5,base,5,10,IVQ,ordinal,k9,9,wrong,shuffled,0.1,17,0.472222,0.02720588235294118,0.009473602004944947,24.836764705882352,0.09623927260044865,5,False,1360,0.02,raw,lora_intervention/experiments/linear_probing/results_probe50/Qwen2.5-3B-Instruct_5k_10u/probe_fits_wrong.json,
Qwen2.5-3B-Instruct,Qwen2.5,base,5,10,IVQ,ordinal,k9,9,wrong,shuffled,0.1,18,0.5,0.024264705882352938,0.009754778795162941,24.688970588235296,0.09496306095784343,5,False,1360,0.02,raw,lora_intervention/experiments/linear_probing/results_probe50/Qwen2.5-3B-Instruct_5k_10u/probe_fits_wrong.json,
Qwen2.5-3B-Instruct,Qwen2.5,base,5,10,IVQ,ordinal,k9,9,wrong,shuffled,0.1,19,0.527778,0.024264705882352938,0.009754778795162941,24.71397058823529,0.09702946094067959,5,False,1360,0.02,raw,lora_intervention/experiments/linear_probing/results_probe50/Qwen2.5-3B-Instruct_5k_10u/probe_fits_wrong.json,
Qwen2.5-3B-Instruct,Qwen2.5,base,5,10,IVQ,ordinal,k9,9,wrong,shuffled,0.1,20,0.555556,0.014705882352941176,0.004027371746361516,24.383823529411764,0.08907718301331743,5,False,1360,0.02,raw,lora_intervention/experiments/linear_probing/results_probe50/Qwen2.5-3B-Instruct_5k_10u/probe_fits_wrong.json,
Qwen2.5-3B-Instruct,Qwen2.5,base,5,10,IVQ,ordinal,k9,9,wrong,shuffled,0.1,21,0.583333,0.01838235294117647,0.010135329964772222,24.886029411764703,0.08956373381539376,5,False,1360,0.02,raw,lora_intervention/experiments/linear_probing/results_probe50/Qwen2.5-3B-Instruct_5k_10u/probe_fits_wrong.json,
Qwen2.5-3B-Instruct,Qwen2.5,base,5,10,IVQ,ordinal,k9,9,wrong,shuffled,0.1,22,0.611111,0.022794117647058826,0.008823529411764706,24.55661764705882,0.09455546659510547,5,False,1360,0.02,raw,lora_intervention/experiments/linear_probing/results_probe50/Qwen2.5-3B-Instruct_5k_10u/probe_fits_wrong.json,
Qwen2.5-3B-Instruct,Qwen2.5,base,5,10,IVQ,ordinal,k9,9,wrong,shuffled,0.1,23,0.638889,0.021323529411764706,0.012820291010413747,24.649264705882352,0.09379676948173207,5,False,1360,0.02,raw,lora_intervention/experiments/linear_probing/results_probe50/Qwen2.5-3B-Instruct_5k_10u/probe_fits_wrong.json,
Qwen2.5-3B-Instruct,Qwen2.5,base,5,10,IVQ,ordinal,k9,9,wrong,shuffled,0.1,24,0.666667,0.023529411764705882,0.009754778795162941,24.635294117647057,0.0961665075959394,5,False,1360,0.02,raw,lora_intervention/experiments/linear_probing/results_probe50/Qwen2.5-3B-Instruct_5k_10u/probe_fits_wrong.json,
Qwen2.5-3B-Instruct,Qwen2.5,base,5,10,IVQ,ordinal,k9,9,wrong,shuffled,0.1,25,0.694444,0.025,0.00588235294117647,25.034558823529412,0.09548196376325875,5,False,1360,0.02,raw,lora_intervention/experiments/linear_probing/results_probe50/Qwen2.5-3B-Instruct_5k_10u/probe_fits_wrong.json,
Qwen2.5-3B-Instruct,Qwen2.5,base,5,10,IVQ,ordinal,k9,9,wrong,shuffled,0.1,26,0.722222,0.015441176470588236,0.008511644781463401,25.191911764705885,0.08597819885979771,5,False,1360,0.02,raw,lora_intervention/experiments/linear_probing/results_probe50/Qwen2.5-3B-Instruct_5k_10u/probe_fits_wrong.json,
Qwen2.5-3B-Instruct,Qwen2.5,base,5,10,IVQ,ordinal,k9,9,wrong,shuffled,0.1,27,0.75,0.026470588235294117,0.009416359172695366,25.641911764705885,0.09152003125780109,5,False,1360,0.02,raw,lora_intervention/experiments/linear_probing/results_probe50/Qwen2.5-3B-Instruct_5k_10u/probe_fits_wrong.json,
Qwen2.5-3B-Instruct,Qwen2.5,base,5,10,IVQ,ordinal,k9,9,wrong,shuffled,0.1,28,0.777778,0.02058823529411765,0.0037492790541123417,25.51764705882353,0.09008739016828088,5,False,1360,0.02,raw,lora_intervention/experiments/linear_probing/results_probe50/Qwen2.5-3B-Instruct_5k_10u/probe_fits_wrong.json,
Qwen2.5-3B-Instruct,Qwen2.5,base,5,10,IVQ,ordinal,k9,9,wrong,shuffled,0.1,29,0.805556,0.022794117647058822,0.006739081904346823,25.12794117647059,0.09429790516849454,5,False,1360,0.02,raw,lora_intervention/experiments/linear_probing/results_probe50/Qwen2.5-3B-Instruct_5k_10u/probe_fits_wrong.json,
Qwen2.5-3B-Instruct,Qwen2.5,base,5,10,IVQ,ordinal,k9,9,wrong,shuffled,0.1,30,0.833333,0.024264705882352945,0.004987007340533285,25.094117647058823,0.09281420650170975,5,False,1360,0.02,raw,lora_intervention/experiments/linear_probing/results_probe50/Qwen2.5-3B-Instruct_5k_10u/probe_fits_wrong.json,
Qwen2.5-3B-Instruct,Qwen2.5,base,5,10,IVQ,ordinal,k9,9,wrong,shuffled,0.1,31,0.861111,0.02058823529411765,0.008574929257125441,25.008823529411764,0.09156348820772275,5,False,1360,0.02,raw,lora_intervention/experiments/linear_probing/results_probe50/Qwen2.5-3B-Instruct_5k_10u/probe_fits_wrong.json,
Qwen2.5-3B-Instruct,Qwen2.5,base,5,10,IVQ,ordinal,k9,9,wrong,shuffled,0.1,32,0.888889,0.01985294117647059,0.008574929257125441,25.334558823529413,0.09288501864039708,5,False,1360,0.02,raw,lora_intervention/experiments/linear_probing/results_probe50/Qwen2.5-3B-Instruct_5k_10u/probe_fits_wrong.json,
Qwen2.5-3B-Instruct,Qwen2.5,base,5,10,IVQ,ordinal,k9,9,wrong,shuffled,0.1,33,0.916667,0.01985294117647059,0.011764705882352941,25.532352941176473,0.0927243542327186,5,False,1360,0.02,raw,lora_intervention/experiments/linear_probing/results_probe50/Qwen2.5-3B-Instruct_5k_10u/probe_fits_wrong.json,
Qwen2.5-3B-Instruct,Qwen2.5,base,5,10,IVQ,ordinal,k9,9,wrong,shuffled,0.1,34,0.944444,0.024999999999999998,0.007850792832375964,25.688235294117653,0.09697572434187304,5,False,1360,0.02,raw,lora_intervention/experiments/linear_probing/results_probe50/Qwen2.5-3B-Instruct_5k_10u/probe_fits_wrong.json,
Qwen2.5-3B-Instruct,Qwen2.5,base,5,10,IVQ,ordinal,k9,9,wrong,shuffled,0.1,35,0.972222,0.026470588235294117,0.007498558108224683,25.71985294117647,0.09849363021822218,5,False,1360,0.02,raw,lora_intervention/experiments/linear_probing/results_probe50/Qwen2.5-3B-Instruct_5k_10u/probe_fits_wrong.json,
Qwen2.5-3B-Instruct,Qwen2.5,base,5,10,IVQ,ordinal,k9,9,wrong,shuffled,0.1,36,1.0,0.026470588235294117,0.0036021907982105553,25.65955882352941,0.09727081203776292,5,False,1360,0.02,raw,lora_intervention/experiments/linear_probing/results_probe50/Qwen2.5-3B-Instruct_5k_10u/probe_fits_wrong.json,
Qwen2.5-3B-Instruct,Qwen2.5,base,5,10,CVQ,ordinal,k10,10,wrong,cv_first,0.1,0,0.0,0.027592520668035286,0.0018441743362166874,22.94254563613161,0.10903847003684537,5,False,1341,0.02,raw,lora_intervention/experiments/linear_probing/results_probe50/Qwen2.5-3B-Instruct_5k_10u/probe_fits_wrong.json,
Qwen2.5-3B-Instruct,Qwen2.5,base,5,10,CVQ,ordinal,k10,10,wrong,cv_first,0.1,1,0.027778,0.03057759529490096,0.006433293621353659,23.038775453587085,0.10974800211341343,5,False,1341,0.02,raw,lora_intervention/experiments/linear_probing/results_probe50/Qwen2.5-3B-Instruct_5k_10u/probe_fits_wrong.json,
Qwen2.5-3B-Instruct,Qwen2.5,base,5,10,CVQ,ordinal,k10,10,wrong,cv_first,0.1,2,0.055556,0.025350940464961436,0.006404300933482015,22.96205404205737,0.10874965883529208,5,False,1341,0.02,raw,lora_intervention/experiments/linear_probing/results_probe50/Qwen2.5-3B-Instruct_5k_10u/probe_fits_wrong.json,
Qwen2.5-3B-Instruct,Qwen2.5,base,5,10,CVQ,ordinal,k10,10,wrong,cv_first,0.1,3,0.083333,0.026846252011318867,0.007969882089653444,23.0410891638462,0.10777840504991161,5,False,1341,0.02,raw,lora_intervention/experiments/linear_probing/results_probe50/Qwen2.5-3B-Instruct_5k_10u/probe_fits_wrong.json,
Qwen2.5-3B-Instruct,Qwen2.5,base,5,10,CVQ,ordinal,k10,10,wrong,cv_first,0.1,4,0.111111,0.026851800477168064,0.007982294951147415,23.08567663541031,0.10712750986280317,5,False,1341,0.02,raw,lora_intervention/experiments/linear_probing/results_probe50/Qwen2.5-3B-Instruct_5k_10u/probe_fits_wrong.json,
Qwen2.5-3B-Instruct,Qwen2.5,base,5,10,CVQ,ordinal,k10,10,wrong,cv_first,0.1,5,0.138889,0.027592520668035286,0.002995020544559507,22.794645730455528,0.10960712038142786,5,False,1341,0.02,raw,lora_intervention/experiments/linear_probing/results_probe50/Qwen2.5-3B-Instruct_5k_10u/probe_fits_wrong.json,
Qwen2.5-3B-Instruct,Qwen2.5,base,5,10,CVQ,ordinal,k10,10,wrong,cv_first,0.1,6,0.166667,0.027586972202186096,0.006483058854267194,22.983238084669587,0.1081496597648975,5,False,1341,0.02,raw,lora_intervention/experiments/linear_probing/results_probe50/Qwen2.5-3B-Instruct_5k_10u/probe_fits_wrong.json,
Qwen2.5-3B-Instruct,Qwen2.5,base,5,10,CVQ,ordinal,k10,10,wrong,cv_first,0.1,7,0.194444,0.026094434888753258,0.00404194788551327,23.092043499972256,0.1055911242170148,5,False,1341,0.02,raw,lora_intervention/experiments/linear_probing/results_probe50/Qwen2.5-3B-Instruct_5k_10u/probe_fits_wrong.json,
Qwen2.5-3B-Instruct,Qwen2.5,base,5,10,CVQ,ordinal,k10,10,wrong,cv_first,0.1,8,0.222222,0.029825778172335348,0.004064931953456334,23.194692892415247,0.11102101887019393,5,False,1341,0.02,raw,lora_intervention/experiments/linear_probing/results_probe50/Qwen2.5-3B-Instruct_5k_10u/probe_fits_wrong.json,
Qwen2.5-3B-Instruct,Qwen2.5,base,5,10,CVQ,ordinal,k10,10,wrong,cv_first,0.1,9,0.25,0.03281362703212562,0.00831818294695146,23.09473728014204,0.11622315086473956,5,False,1341,0.02,raw,lora_intervention/experiments/linear_probing/results_probe50/Qwen2.5-3B-Instruct_5k_10u/probe_fits_wrong.json,
Qwen2.5-3B-Instruct,Qwen2.5,base,5,10,CVQ,ordinal,k10,10,wrong,cv_first,0.1,10,0.277778,0.03877267935415857,0.008995376570481918,23.044789990567608,0.11992784648138813,5,False,1341,0.02,raw,lora_intervention/experiments/linear_probing/results_probe50/Qwen2.5-3B-Instruct_5k_10u/probe_fits_wrong.json,
Qwen2.5-3B-Instruct,Qwen2.5,base,5,10,CVQ,ordinal,k10,10,wrong,cv_first,0.1,11,0.305556,0.03281640126505021,0.009570618689906493,22.897944293402873,0.11679800026367318,5,False,1341,0.02,raw,lora_intervention/experiments/linear_probing/results_probe50/Qwen2.5-3B-Instruct_5k_10u/probe_fits_wrong.json,
Qwen2.5-3B-Instruct,Qwen2.5,base,5,10,CVQ,ordinal,k10,10,wrong,cv_first,0.1,12,0.333333,0.03728569050657493,0.004087858337473029,22.888736614326138,0.1199948231675523,5,False,1341,0.02,raw,lora_intervention/experiments/linear_probing/results_probe50/Qwen2.5-3B-Instruct_5k_10u/probe_fits_wrong.json,
Qwen2.5-3B-Instruct,Qwen2.5,base,5,10,CVQ,ordinal,k10,10,wrong,cv_first,0.1,13,0.361111,0.03803473339621595,0.005504507384645919,22.852646618210066,0.1196766084257995,5,False,1341,0.02,raw,lora_intervention/experiments/linear_probing/results_probe50/Qwen2.5-3B-Instruct_5k_10u/probe_fits_wrong.json,
Qwen2.5-3B-Instruct,Qwen2.5,base,5,10,CVQ,ordinal,k10,10,wrong,cv_first,0.1,14,0.388889,0.035046884536425675,0.004464064050901186,22.99183820673584,0.11584548807559618,5,False,1341,0.02,raw,lora_intervention/experiments/linear_probing/results_probe50/Qwen2.5-3B-Instruct_5k_10u/probe_fits_wrong.json,
Qwen2.5-3B-Instruct,Qwen2.5,base,5,10,CVQ,ordinal,k10,10,wrong,cv_first,0.1,15,0.416667,0.03505520723519947,0.013279121420201698,22.873342395827553,0.11668269596965405,5,False,1341,0.02,raw,lora_intervention/experiments/linear_probing/results_probe50/Qwen2.5-3B-Instruct_5k_10u/probe_fits_wrong.json,
Qwen2.5-3B-Instruct,Qwen2.5,base,5,10,CVQ,ordinal,k10,10,wrong,cv_first,0.1,16,0.444444,0.037294013205348725,0.013365989933174694,22.80383676413472,0.1210575979829239,5,False,1341,0.02,raw,lora_intervention/experiments/linear_probing/results_probe50/Qwen2.5-3B-Instruct_5k_10u/probe_fits_wrong.json,
Qwen2.5-3B-Instruct,Qwen2.5,base,5,10,CVQ,ordinal,k10,10,wrong,cv_first,0.1,17,0.472222,0.037288464739499524,0.007838984792692657,22.596457304555294,0.12244819040504588,5,False,1341,0.02,raw,lora_intervention/experiments/linear_probing/results_probe50/Qwen2.5-3B-Instruct_5k_10u/probe_fits_wrong.json,
Qwen2.5-3B-Instruct,Qwen2.5,base,5,10,CVQ,ordinal,k10,10,wrong,cv_first,0.1,18,0.5,0.03877267935415857,0.013867234087742241,22.5056844032625,0.12222146355809563,5,False,1341,0.02,raw,lora_intervention/experiments/linear_probing/results_probe50/Qwen2.5-3B-Instruct_5k_10u/probe_fits_wrong.json,
Qwen2.5-3B-Instruct,Qwen2.5,base,5,10,CVQ,ordinal,k10,10,wrong,cv_first,0.1,19,0.527778,0.04174943128225045,0.011116484604783861,22.24351106918937,0.12557535260405972,5,False,1341,0.02,raw,lora_intervention/experiments/linear_probing/results_probe50/Qwen2.5-3B-Instruct_5k_10u/probe_fits_wrong.json,
Qwen2.5-3B-Instruct,Qwen2.5,base,5,10,CVQ,ordinal,k10,10,wrong,cv_first,0.1,20,0.555556,0.04399101148532431,0.012987344396600433,22.292947899905677,0.12731235929732893,5,False,1341,0.02,raw,lora_intervention/experiments/linear_probing/results_probe50/Qwen2.5-3B-Instruct_5k_10u/probe_fits_wrong.json,
Qwen2.5-3B-Instruct,Qwen2.5,base,5,10,CVQ,ordinal,k10,10,wrong,cv_first,0.1,21,0.583333,0.02983132663818454,0.0066857896873474,23.161687843311324,0.11200456832255659,5,False,1341,0.02,raw,lora_intervention/experiments/linear_probing/results_probe50/Qwen2.5-3B-Instruct_5k_10u/probe_fits_wrong.json,
Qwen2.5-3B-Instruct,Qwen2.5,base,5,10,CVQ,ordinal,k10,10,wrong,cv_first,0.1,22,0.611111,0.04399933418409809,0.008649438082602687,22.37632747045442,0.1254802807364514,5,False,1341,0.02,raw,lora_intervention/experiments/linear_probing/results_probe50/Qwen2.5-3B-Instruct_5k_10u/probe_fits_wrong.json,
Qwen2.5-3B-Instruct,Qwen2.5,base,5,10,CVQ,ordinal,k10,10,wrong,cv_first,0.1,23,0.638889,0.12380569272596127,0.02360219417749186,14.9678771569661,0.2413013697818715,5,False,1341,0.02,raw,lora_intervention/experiments/linear_probing/results_probe50/Qwen2.5-3B-Instruct_5k_10u/probe_fits_wrong.json,
Qwen2.5-3B-Instruct,Qwen2.5,base,5,10,CVQ,ordinal,k10,10,wrong,cv_first,0.1,24,0.666667,0.11708650058258892,0.013130561954027087,15.510378405370915,0.22833190494756178,5,False,1341,0.02,raw,lora_intervention/experiments/linear_probing/results_probe50/Qwen2.5-3B-Instruct_5k_10u/probe_fits_wrong.json,
Qwen2.5-3B-Instruct,Qwen2.5,base,5,10,CVQ,ordinal,k10,10,wrong,cv_first,0.1,25,0.694444,0.1335016367974255,0.02190241098880837,14.582095100704654,0.24594599695216438,5,False,1341,0.02,raw,lora_intervention/experiments/linear_probing/results_probe50/Qwen2.5-3B-Instruct_5k_10u/probe_fits_wrong.json,
Qwen2.5-3B-Instruct,Qwen2.5,base,5,10,CVQ,ordinal,k10,10,wrong,cv_first,0.1,26,0.722222,0.16632358652832493,0.025520442355596792,12.872951228985183,0.28909617490964823,5,False,1341,0.02,raw,lora_intervention/experiments/linear_probing/results_probe50/Qwen2.5-3B-Instruct_5k_10u/probe_fits_wrong.json,
Qwen2.5-3B-Instruct,Qwen2.5,base,5,10,CVQ,ordinal,k10,10,wrong,cv_first,0.1,27,0.75,0.16630139266492816,0.024864939143724986,13.336187094268434,0.290169658494475,5,False,1341,0.02,raw,lora_intervention/experiments/linear_probing/results_probe50/Qwen2.5-3B-Instruct_5k_10u/probe_fits_wrong.json,
Qwen2.5-3B-Instruct,Qwen2.5,base,5,10,CVQ,ordinal,k10,10,wrong,cv_first,0.1,28,0.777778,0.1566082228263885,0.010134798771840708,13.29638517449925,0.28220086805734146,5,False,1341,0.02,raw,lora_intervention/experiments/linear_probing/results_probe50/Qwen2.5-3B-Instruct_5k_10u/probe_fits_wrong.json,
Qwen2.5-3B-Instruct,Qwen2.5,base,5,10,CVQ,ordinal,k10,10,wrong,cv_first,0.1,29,0.805556,0.1558564057038229,0.010693075590382803,13.1615269378017,0.2841394734248762,5,False,1341,0.02,raw,lora_intervention/experiments/linear_probing/results_probe50/Qwen2.5-3B-Instruct_5k_10u/probe_fits_wrong.json,
Qwen2.5-3B-Instruct,Qwen2.5,base,5,10,CVQ,ordinal,k10,10,wrong,cv_first,0.1,30,0.833333,0.14988070798424236,0.014347514660913009,13.210109304777228,0.2793395406965794,5,False,1341,0.02,raw,lora_intervention/experiments/linear_probing/results_probe50/Qwen2.5-3B-Instruct_5k_10u/probe_fits_wrong.json,
Qwen2.5-3B-Instruct,Qwen2.5,base,5,10,CVQ,ordinal,k10,10,wrong,cv_first,0.1,31,0.861111,0.18643122676579926,0.02619343755726431,12.090395605615047,0.3135520815287731,5,False,1341,0.02,raw,lora_intervention/experiments/linear_probing/results_probe50/Qwen2.5-3B-Instruct_5k_10u/probe_fits_wrong.json,
Qwen2.5-3B-Instruct,Qwen2.5,base,5,10,CVQ,ordinal,k10,10,wrong,cv_first,0.1,32,0.888889,0.17821117461022026,0.023169327447742496,12.162192753703602,0.30624287836176567,5,False,1341,0.02,raw,lora_intervention/experiments/linear_probing/results_probe50/Qwen2.5-3B-Instruct_5k_10u/probe_fits_wrong.json,
Qwen2.5-3B-Instruct,Qwen2.5,base,5,10,CVQ,ordinal,k10,10,wrong,cv_first,0.1,33,0.916667,0.13273040004438771,0.013814831513388174,13.49413249736448,0.26155975119269764,5,False,1341,0.02,raw,lora_intervention/experiments/linear_probing/results_probe50/Qwen2.5-3B-Instruct_5k_10u/probe_fits_wrong.json,
Qwen2.5-3B-Instruct,Qwen2.5,base,5,10,CVQ,ordinal,k10,10,wrong,cv_first,0.1,34,0.944444,0.14092548410364533,0.021314952782667755,11.934303390112634,0.2799822716697683,5,False,1341,0.02,raw,lora_intervention/experiments/linear_probing/results_probe50/Qwen2.5-3B-Instruct_5k_10u/probe_fits_wrong.json,
Qwen2.5-3B-Instruct,Qwen2.5,base,5,10,CVQ,ordinal,k10,10,wrong,cv_first,0.1,35,0.972222,0.14017644121400433,0.021829329197530237,11.898343782944014,0.27655199208616243,5,False,1341,0.02,raw,lora_intervention/experiments/linear_probing/results_probe50/Qwen2.5-3B-Instruct_5k_10u/probe_fits_wrong.json,
Qwen2.5-3B-Instruct,Qwen2.5,base,5,10,CVQ,ordinal,k10,10,wrong,cv_first,0.1,36,1.0,0.13644232369749762,0.01934635671733834,11.617938190090438,0.2760129349636965,5,False,1341,0.02,raw,lora_intervention/experiments/linear_probing/results_probe50/Qwen2.5-3B-Instruct_5k_10u/probe_fits_wrong.json,
Qwen2.5-3B-Instruct,Qwen2.5,base,5,10,CVQ,ordinal,k10,10,wrong,cv_last,0.1,0,0.0,0.02908228374854353,0.0014820636737435723,22.738320479387447,0.11005544031976071,5,False,1341,0.02,raw,lora_intervention/experiments/linear_probing/results_probe50/Qwen2.5-3B-Instruct_5k_10u/probe_fits_wrong.json,"DEGENERATE: cv_last == expected at k=N, not a control here"
Qwen2.5-3B-Instruct,Qwen2.5,base,5,10,CVQ,ordinal,k10,10,wrong,cv_last,0.1,1,0.027778,0.05294623536592132,0.012578887266773212,19.939283138212282,0.14518972126919483,5,False,1341,0.02,raw,lora_intervention/experiments/linear_probing/results_probe50/Qwen2.5-3B-Instruct_5k_10u/probe_fits_wrong.json,"DEGENERATE: cv_last == expected at k=N, not a control here"
Qwen2.5-3B-Instruct,Qwen2.5,base,5,10,CVQ,ordinal,k10,10,wrong,cv_last,0.1,2,0.055556,0.06262553403983798,0.016849384002936018,18.088639516173778,0.1692973934097194,5,False,1341,0.02,raw,lora_intervention/experiments/linear_probing/results_probe50/Qwen2.5-3B-Instruct_5k_10u/probe_fits_wrong.json,"DEGENERATE: cv_last == expected at k=N, not a control here"
Qwen2.5-3B-Instruct,Qwen2.5,base,5,10,CVQ,ordinal,k10,10,wrong,cv_last,0.1,3,0.083333,0.06784109193807912,0.019283715608728033,17.872052377517612,0.17425600803106603,5,False,1341,0.02,raw,lora_intervention/experiments/linear_probing/results_probe50/Qwen2.5-3B-Instruct_5k_10u/probe_fits_wrong.json,"DEGENERATE: cv_last == expected at k=N, not a control here"
Qwen2.5-3B-Instruct,Qwen2.5,base,5,10,CVQ,ordinal,k10,10,wrong,cv_last,0.1,4,0.111111,0.061879265383121565,0.01603367192751211,18.990742384730623,0.15947868214391972,5,False,1341,0.02,raw,lora_intervention/experiments/linear_probing/results_probe50/Qwen2.5-3B-Instruct_5k_10u/probe_fits_wrong.json,"DEGENERATE: cv_last == expected at k=N, not a control here"
Qwen2.5-3B-Instruct,Qwen2.5,base,5,10,CVQ,ordinal,k10,10,wrong,cv_last,0.1,5,0.138889,0.0633718026965544,0.015759129207605402,19.262015202796427,0.15914877755701337,5,False,1341,0.02,raw,lora_intervention/experiments/linear_probing/results_probe50/Qwen2.5-3B-Instruct_5k_10u/probe_fits_wrong.json,"DEGENERATE: cv_last == expected at k=N, not a control here"
Qwen2.5-3B-Instruct,Qwen2.5,base,5,10,CVQ,ordinal,k10,10,wrong,cv_last,0.1,6,0.166667,0.05890806192087887,0.015887945975633245,19.246940021084168,0.1550560598091998,5,False,1341,0.02,raw,lora_intervention/experiments/linear_probing/results_probe50/Qwen2.5-3B-Instruct_5k_10u/probe_fits_wrong.json,"DEGENERATE: cv_last == expected at k=N, not a control here"
Qwen2.5-3B-Instruct,Qwen2.5,base,5,10,CVQ,ordinal,k10,10,wrong,cv_last,0.1,7,0.194444,0.05144814958663929,0.009221948340197524,19.889776951672864,0.1458459000349678,5,False,1341,0.02,raw,lora_intervention/experiments/linear_probing/results_probe50/Qwen2.5-3B-Instruct_5k_10u/probe_fits_wrong.json,"DEGENERATE: cv_last == expected at k=N, not a control here"
Qwen2.5-3B-Instruct,Qwen2.5,base,5,10,CVQ,ordinal,k10,10,wrong,cv_last,0.1,8,0.222222,0.0559257615269378,0.012474508552561178,20.124163568773234,0.14596872986404769,5,False,1341,0.02,raw,lora_intervention/experiments/linear_probing/results_probe50/Qwen2.5-3B-Instruct_5k_10u/probe_fits_wrong.json,"DEGENERATE: cv_last == expected at k=N, not a control here"
Qwen2.5-3B-Instruct,Qwen2.5,base,5,10,CVQ,ordinal,k10,10,wrong,cv_last,0.1,9,0.25,0.049972257670754035,0.01613165420905809,20.76590467735671,0.13838454854719634,5,False,1341,0.02,raw,lora_intervention/experiments/linear_probing/results_probe50/Qwen2.5-3B-Instruct_5k_10u/probe_fits_wrong.json,"DEGENERATE: cv_last == expected at k=N, not a control here"
Qwen2.5-3B-Instruct,Qwen2.5,base,5,10,CVQ,ordinal,k10,10,wrong,cv_last,0.1,10,0.277778,0.04698163457803917,0.014855725897333789,20.876252566165455,0.1341872192408383,5,False,1341,0.02,raw,lora_intervention/experiments/linear_probing/results_probe50/Qwen2.5-3B-Instruct_5k_10u/probe_fits_wrong.json,"DEGENERATE: cv_last == expected at k=N, not a control here"
Qwen2.5-3B-Instruct,Qwen2.5,base,5,10,CVQ,ordinal,k10,10,wrong,cv_last,0.1,11,0.305556,0.04548632303168174,0.012116763299502085,21.10117627476003,0.13219968359572062,5,False,1341,0.02,raw,lora_intervention/experiments/linear_probing/results_probe50/Qwen2.5-3B-Instruct_5k_10u/probe_fits_wrong.json,"DEGENERATE: cv_last == expected at k=N, not a control here"
Qwen2.5-3B-Instruct,Qwen2.5,base,5,10,CVQ,ordinal,k10,10,wrong,cv_last,0.1,12,0.333333,0.04176330244687344,0.009856726602083962,21.1382927370582,0.1290460822358339,5,False,1341,0.02,raw,lora_intervention/experiments/linear_probing/results_probe50/Qwen2.5-3B-Instruct_5k_10u/probe_fits_wrong.json,"DEGENERATE: cv_last == expected at k=N, not a control here"
Qwen2.5-3B-Instruct,Qwen2.5,base,5,10,CVQ,ordinal,k10,10,wrong,cv_last,0.1,13,0.361111,0.04102535648893081,0.017833222830114664,21.29575542362537,0.12667349747487136,5,False,1341,0.02,raw,lora_intervention/experiments/linear_probing/results_probe50/Qwen2.5-3B-Instruct_5k_10u/probe_fits_wrong.json,"DEGENERATE: cv_last == expected at k=N, not a control here"
Qwen2.5-3B-Instruct,Qwen2.5,base,5,10,CVQ,ordinal,k10,10,wrong,cv_last,0.1,14,0.388889,0.0402707651334406,0.006432771998553555,21.63153193142096,0.12324090265689698,5,False,1341,0.02,raw,lora_intervention/experiments/linear_probing/results_probe50/Qwen2.5-3B-Instruct_5k_10u/probe_fits_wrong.json,"DEGENERATE: cv_last == expected at k=N, not a control here"
Qwen2.5-3B-Instruct,Qwen2.5,base,5,10,CVQ,ordinal,k10,10,wrong,cv_last,0.1,15,0.416667,0.036542196082783106,0.009269129447609634,22.021003717472116,0.1198005153466752,5,False,1341,0.02,raw,lora_intervention/experiments/linear_probing/results_probe50/Qwen2.5-3B-Instruct_5k_10u/probe_fits_wrong.json,"DEGENERATE: cv_last == expected at k=N, not a control here"
Qwen2.5-3B-Instruct,Qwen2.5,base,5,10,CVQ,ordinal,k10,10,wrong,cv_last,0.1,16,0.444444,0.03578760472729291,0.00834144534654127,21.923261943072742,0.12017587192158632,5,False,1341,0.02,raw,lora_intervention/experiments/linear_probing/results_probe50/Qwen2.5-3B-Instruct_5k_10u/probe_fits_wrong.json,"DEGENERATE: cv_last == expected at k=N, not a control here"
Qwen2.5-3B-Instruct,Qwen2.5,base,5,10,CVQ,ordinal,k10,10,wrong,cv_last,0.1,17,0.472222,0.03579592742606669,0.009620940587962644,22.132097874937582,0.11851535912414154,5,False,1341,0.02,raw,lora_intervention/experiments/linear_probing/results_probe50/Qwen2.5-3B-Instruct_5k_10u/probe_fits_wrong.json,"DEGENERATE: cv_last == expected at k=N, not a control here"
Qwen2.5-3B-Instruct,Qwen2.5,base,5,10,CVQ,ordinal,k10,10,wrong,cv_last,0.1,18,0.5,0.03579870165899129,0.010190854552577226,22.460300726849024,0.11765126999502559,5,False,1341,0.02,raw,lora_intervention/experiments/linear_probing/results_probe50/Qwen2.5-3B-Instruct_5k_10u/probe_fits_wrong.json,"DEGENERATE: cv_last == expected at k=N, not a control here"
Qwen2.5-3B-Instruct,Qwen2.5,base,5,10,CVQ,ordinal,k10,10,wrong,cv_last,0.1,19,0.527778,0.02610830605337624,0.009153494826378521,22.755856405703824,0.11037944788526828,5,False,1341,0.02,raw,lora_intervention/experiments/linear_probing/results_probe50/Qwen2.5-3B-Instruct_5k_10u/probe_fits_wrong.json,"DEGENERATE: cv_last == expected at k=N, not a control here"
Qwen2.5-3B-Instruct,Qwen2.5,base,5,10,CVQ,ordinal,k10,10,wrong,cv_last,0.1,20,0.555556,0.029836875104033732,0.0071016786619995656,23.0031015924097,0.11071701401611551,5,False,1341,0.02,raw,lora_intervention/experiments/linear_probing/results_probe50/Qwen2.5-3B-Instruct_5k_10u/probe_fits_wrong.json,"DEGENERATE: cv_last == expected at k=N, not a control here"
Qwen2.5-3B-Instruct,Qwen2.5,base,5,10,CVQ,ordinal,k10,10,wrong,cv_last,0.1,21,0.583333,0.026105531820451645,0.005296569393909989,23.711280031071407,0.10739453736421548,5,False,1341,0.02,raw,lora_intervention/experiments/linear_probing/results_probe50/Qwen2.5-3B-Instruct_5k_10u/probe_fits_wrong.json,"DEGENERATE: cv_last == expected at k=N, not a control here"
Qwen2.5-3B-Instruct,Qwen2.5,base,5,10,CVQ,ordinal,k10,10,wrong,cv_last,0.1,22,0.611111,0.033568218387615825,0.0085331138684595,24.048169006269767,0.10763506889092775,5,False,1341,0.02,raw,lora_intervention/experiments/linear_probing/results_probe50/Qwen2.5-3B-Instruct_5k_10u/probe_fits_wrong.json,"DEGENERATE: cv_last == expected at k=N, not a control here"
Qwen2.5-3B-Instruct,Qwen2.5,base,5,10,CVQ,ordinal,k10,10,wrong,cv_last,0.1,23,0.638889,0.026105531820451645,0.00626035027010874,24.247497641902015,0.1033859458269574,5,False,1341,0.02,raw,lora_intervention/experiments/linear_probing/results_probe50/Qwen2.5-3B-Instruct_5k_10u/probe_fits_wrong.json,"DEGENERATE: cv_last == expected at k=N, not a control here"
Qwen2.5-3B-Instruct,Qwen2.5,base,5,10,CVQ,ordinal,k10,10,wrong,cv_last,0.1,24,0.666667,0.02610830605337624,0.008190174619421647,23.956358541863175,0.09986151861926594,5,False,1341,0.02,raw,lora_intervention/experiments/linear_probing/results_probe50/Qwen2.5-3B-Instruct_5k_10u/probe_fits_wrong.json,"DEGENERATE: cv_last == expected at k=N, not a control here"
Qwen2.5-3B-Instruct,Qwen2.5,base,5,10,CVQ,ordinal,k10,10,wrong,cv_last,0.1,25,0.694444,0.027592520668035286,0.009020495890026556,24.4443377906009,0.09876389799125287,5,False,1341,0.02,raw,lora_intervention/experiments/linear_probing/results_probe50/Qwen2.5-3B-Instruct_5k_10u/probe_fits_wrong.json,"DEGENERATE: cv_last == expected at k=N, not a control here"
Qwen2.5-3B-Instruct,Qwen2.5,base,5,10,CVQ,ordinal,k10,10,wrong,cv_last,0.1,26,0.722222,0.028344337790600898,0.00805433255860902,24.276341341619045,0.10307451343787599,5,False,1341,0.02,raw,lora_intervention/experiments/linear_probing/results_probe50/Qwen2.5-3B-Instruct_5k_10u/probe_fits_wrong.json,"DEGENERATE: cv_last == expected at k=N, not a control here"
Qwen2.5-3B-Instruct,Qwen2.5,base,5,10,CVQ,ordinal,k10,10,wrong,cv_last,0.1,27,0.75,0.017904899295344837,0.005494504005469462,24.192495699938966,0.09777712462344915,5,False,1341,0.02,raw,lora_intervention/experiments/linear_probing/results_probe50/Qwen2.5-3B-Instruct_5k_10u/probe_fits_wrong.json,"DEGENERATE: cv_last == expected at k=N, not a control here"
Qwen2.5-3B-Instruct,Qwen2.5,base,5,10,CVQ,ordinal,k10,10,wrong,cv_last,0.1,28,0.777778,0.022376962769794152,0.010294674882351027,24.797861066415134,0.09633475306702195,5,False,1341,0.02,raw,lora_intervention/experiments/linear_probing/results_probe50/Qwen2.5-3B-Instruct_5k_10u/probe_fits_wrong.json,"DEGENERATE: cv_last == expected at k=N, not a control here"
Qwen2.5-3B-Instruct,Qwen2.5,base,5,10,CVQ,ordinal,k10,10,wrong,cv_last,0.1,29,0.805556,0.026097209121677855,0.012480908567219649,24.133226987737892,0.09872968506496642,5,False,1341,0.02,raw,lora_intervention/experiments/linear_probing/results_probe50/Qwen2.5-3B-Instruct_5k_10u/probe_fits_wrong.json,"DEGENERATE: cv_last == expected at k=N, not a control here"
Qwen2.5-3B-Instruct,Qwen2.5,base,5,10,CVQ,ordinal,k10,10,wrong,cv_last,0.1,30,0.833333,0.028333240858902507,0.009307022647607743,24.377337291238973,0.09960793200499839,5,False,1341,0.02,raw,lora_intervention/experiments/linear_probing/results_probe50/Qwen2.5-3B-Instruct_5k_10u/probe_fits_wrong.json,"DEGENERATE: cv_last == expected at k=N, not a control here"
Qwen2.5-3B-Instruct,Qwen2.5,base,5,10,CVQ,ordinal,k10,10,wrong,cv_last,0.1,31,0.861111,0.038772679354158575,0.010692605581644478,22.71494201853188,0.12117182496486037,5,False,1341,0.02,raw,lora_intervention/experiments/linear_probing/results_probe50/Qwen2.5-3B-Instruct_5k_10u/probe_fits_wrong.json,"DEGENERATE: cv_last == expected at k=N, not a control here"
Qwen2.5-3B-Instruct,Qwen2.5,base,5,10,CVQ,ordinal,k10,10,wrong,cv_last,0.1,32,0.888889,0.05219441824335571,0.010254735014405464,18.65504632968984,0.1591078081079254,5,False,1341,0.02,raw,lora_intervention/experiments/linear_probing/results_probe50/Qwen2.5-3B-Instruct_5k_10u/probe_fits_wrong.json,"DEGENERATE: cv_last == expected at k=N, not a control here"
Qwen2.5-3B-Instruct,Qwen2.5,base,5,10,CVQ,ordinal,k10,10,wrong,cv_last,0.1,33,0.916667,0.07456860678022527,0.007799978745293499,15.732064584142487,0.19357473261266905,5,False,1341,0.02,raw,lora_intervention/experiments/linear_probing/results_probe50/Qwen2.5-3B-Instruct_5k_10u/probe_fits_wrong.json,"DEGENERATE: cv_last == expected at k=N, not a control here"
Qwen2.5-3B-Instruct,Qwen2.5,base,5,10,CVQ,ordinal,k10,10,wrong,cv_last,0.1,34,0.944444,0.07085113466126616,0.014771568307988977,15.03938301059757,0.19552548575041187,5,False,1341,0.02,raw,lora_intervention/experiments/linear_probing/results_probe50/Qwen2.5-3B-Instruct_5k_10u/probe_fits_wrong.json,"DEGENERATE: cv_last == expected at k=N, not a control here"
Qwen2.5-3B-Instruct,Qwen2.5,base,5,10,CVQ,ordinal,k10,10,wrong,cv_last,0.1,35,0.972222,0.07084836042834156,0.013582907880400097,14.570351772734838,0.19852527506463832,5,False,1341,0.02,raw,lora_intervention/experiments/linear_probing/results_probe50/Qwen2.5-3B-Instruct_5k_10u/probe_fits_wrong.json,"DEGENERATE: cv_last == expected at k=N, not a control here"
Qwen2.5-3B-Instruct,Qwen2.5,base,5,10,CVQ,ordinal,k10,10,wrong,cv_last,0.1,36,1.0,0.0686095544581923,0.009925674269382657,13.80374798868113,0.20424206323775174,5,False,1341,0.02,raw,lora_intervention/experiments/linear_probing/results_probe50/Qwen2.5-3B-Instruct_5k_10u/probe_fits_wrong.json,"DEGENERATE: cv_last == expected at k=N, not a control here"
Qwen2.5-3B-Instruct,Qwen2.5,base,5,10,CVQ,ordinal,k10,10,wrong,expected,0.1,0,0.0,0.02908228374854353,0.0014820636737435723,22.738320479387447,0.11005544031976071,5,False,1341,0.02,raw,lora_intervention/experiments/linear_probing/results_probe50/Qwen2.5-3B-Instruct_5k_10u/probe_fits_wrong.json,
Qwen2.5-3B-Instruct,Qwen2.5,base,5,10,CVQ,ordinal,k10,10,wrong,expected,0.1,1,0.027778,0.05294623536592132,0.012578887266773212,19.939283138212282,0.14518972126919483,5,False,1341,0.02,raw,lora_intervention/experiments/linear_probing/results_probe50/Qwen2.5-3B-Instruct_5k_10u/probe_fits_wrong.json,
Qwen2.5-3B-Instruct,Qwen2.5,base,5,10,CVQ,ordinal,k10,10,wrong,expected,0.1,2,0.055556,0.06262553403983798,0.016849384002936018,18.088639516173778,0.1692973934097194,5,False,1341,0.02,raw,lora_intervention/experiments/linear_probing/results_probe50/Qwen2.5-3B-Instruct_5k_10u/probe_fits_wrong.json,
Qwen2.5-3B-Instruct,Qwen2.5,base,5,10,CVQ,ordinal,k10,10,wrong,expected,0.1,3,0.083333,0.06784109193807912,0.019283715608728033,17.872052377517612,0.17425600803106603,5,False,1341,0.02,raw,lora_intervention/experiments/linear_probing/results_probe50/Qwen2.5-3B-Instruct_5k_10u/probe_fits_wrong.json,
Qwen2.5-3B-Instruct,Qwen2.5,base,5,10,CVQ,ordinal,k10,10,wrong,expected,0.1,4,0.111111,0.061879265383121565,0.01603367192751211,18.990742384730623,0.15947868214391972,5,False,1341,0.02,raw,lora_intervention/experiments/linear_probing/results_probe50/Qwen2.5-3B-Instruct_5k_10u/probe_fits_wrong.json,
Qwen2.5-3B-Instruct,Qwen2.5,base,5,10,CVQ,ordinal,k10,10,wrong,expected,0.1,5,0.138889,0.0633718026965544,0.015759129207605402,19.262015202796427,0.15914877755701337,5,False,1341,0.02,raw,lora_intervention/experiments/linear_probing/results_probe50/Qwen2.5-3B-Instruct_5k_10u/probe_fits_wrong.json,
Qwen2.5-3B-Instruct,Qwen2.5,base,5,10,CVQ,ordinal,k10,10,wrong,expected,0.1,6,0.166667,0.05890806192087887,0.015887945975633245,19.246940021084168,0.1550560598091998,5,False,1341,0.02,raw,lora_intervention/experiments/linear_probing/results_probe50/Qwen2.5-3B-Instruct_5k_10u/probe_fits_wrong.json,
Qwen2.5-3B-Instruct,Qwen2.5,base,5,10,CVQ,ordinal,k10,10,wrong,expected,0.1,7,0.194444,0.05144814958663929,0.009221948340197524,19.889776951672864,0.1458459000349678,5,False,1341,0.02,raw,lora_intervention/experiments/linear_probing/results_probe50/Qwen2.5-3B-Instruct_5k_10u/probe_fits_wrong.json,
Qwen2.5-3B-Instruct,Qwen2.5,base,5,10,CVQ,ordinal,k10,10,wrong,expected,0.1,8,0.222222,0.0559257615269378,0.012474508552561178,20.124163568773234,0.14596872986404769,5,False,1341,0.02,raw,lora_intervention/experiments/linear_probing/results_probe50/Qwen2.5-3B-Instruct_5k_10u/probe_fits_wrong.json,
Qwen2.5-3B-Instruct,Qwen2.5,base,5,10,CVQ,ordinal,k10,10,wrong,expected,0.1,9,0.25,0.049972257670754035,0.01613165420905809,20.76590467735671,0.13838454854719634,5,False,1341,0.02,raw,lora_intervention/experiments/linear_probing/results_probe50/Qwen2.5-3B-Instruct_5k_10u/probe_fits_wrong.json,
Qwen2.5-3B-Instruct,Qwen2.5,base,5,10,CVQ,ordinal,k10,10,wrong,expected,0.1,10,0.277778,0.04698163457803917,0.014855725897333789,20.876252566165455,0.1341872192408383,5,False,1341,0.02,raw,lora_intervention/experiments/linear_probing/results_probe50/Qwen2.5-3B-Instruct_5k_10u/probe_fits_wrong.json,
Qwen2.5-3B-Instruct,Qwen2.5,base,5,10,CVQ,ordinal,k10,10,wrong,expected,0.1,11,0.305556,0.04548632303168174,0.012116763299502085,21.10117627476003,0.13219968359572062,5,False,1341,0.02,raw,lora_intervention/experiments/linear_probing/results_probe50/Qwen2.5-3B-Instruct_5k_10u/probe_fits_wrong.json,
Qwen2.5-3B-Instruct,Qwen2.5,base,5,10,CVQ,ordinal,k10,10,wrong,expected,0.1,12,0.333333,0.04176330244687344,0.009856726602083962,21.1382927370582,0.1290460822358339,5,False,1341,0.02,raw,lora_intervention/experiments/linear_probing/results_probe50/Qwen2.5-3B-Instruct_5k_10u/probe_fits_wrong.json,
Qwen2.5-3B-Instruct,Qwen2.5,base,5,10,CVQ,ordinal,k10,10,wrong,expected,0.1,13,0.361111,0.04102535648893081,0.017833222830114664,21.29575542362537,0.12667349747487136,5,False,1341,0.02,raw,lora_intervention/experiments/linear_probing/results_probe50/Qwen2.5-3B-Instruct_5k_10u/probe_fits_wrong.json,
Qwen2.5-3B-Instruct,Qwen2.5,base,5,10,CVQ,ordinal,k10,10,wrong,expected,0.1,14,0.388889,0.0402707651334406,0.006432771998553555,21.63153193142096,0.12324090265689698,5,False,1341,0.02,raw,lora_intervention/experiments/linear_probing/results_probe50/Qwen2.5-3B-Instruct_5k_10u/probe_fits_wrong.json,
Qwen2.5-3B-Instruct,Qwen2.5,base,5,10,CVQ,ordinal,k10,10,wrong,expected,0.1,15,0.416667,0.036542196082783106,0.009269129447609634,22.021003717472116,0.1198005153466752,5,False,1341,0.02,raw,lora_intervention/experiments/linear_probing/results_probe50/Qwen2.5-3B-Instruct_5k_10u/probe_fits_wrong.json,
Qwen2.5-3B-Instruct,Qwen2.5,base,5,10,CVQ,ordinal,k10,10,wrong,expected,0.1,16,0.444444,0.03578760472729291,0.00834144534654127,21.923261943072742,0.12017587192158632,5,False,1341,0.02,raw,lora_intervention/experiments/linear_probing/results_probe50/Qwen2.5-3B-Instruct_5k_10u/probe_fits_wrong.json,
Qwen2.5-3B-Instruct,Qwen2.5,base,5,10,CVQ,ordinal,k10,10,wrong,expected,0.1,17,0.472222,0.03579592742606669,0.009620940587962644,22.132097874937582,0.11851535912414154,5,False,1341,0.02,raw,lora_intervention/experiments/linear_probing/results_probe50/Qwen2.5-3B-Instruct_5k_10u/probe_fits_wrong.json,
Qwen2.5-3B-Instruct,Qwen2.5,base,5,10,CVQ,ordinal,k10,10,wrong,expected,0.1,18,0.5,0.03579870165899129,0.010190854552577226,22.460300726849024,0.11765126999502559,5,False,1341,0.02,raw,lora_intervention/experiments/linear_probing/results_probe50/Qwen2.5-3B-Instruct_5k_10u/probe_fits_wrong.json,
Qwen2.5-3B-Instruct,Qwen2.5,base,5,10,CVQ,ordinal,k10,10,wrong,expected,0.1,19,0.527778,0.02610830605337624,0.009153494826378521,22.755856405703824,0.11037944788526828,5,False,1341,0.02,raw,lora_intervention/experiments/linear_probing/results_probe50/Qwen2.5-3B-Instruct_5k_10u/probe_fits_wrong.json,
Qwen2.5-3B-Instruct,Qwen2.5,base,5,10,CVQ,ordinal,k10,10,wrong,expected,0.1,20,0.555556,0.029836875104033732,0.0071016786619995656,23.0031015924097,0.11071701401611551,5,False,1341,0.02,raw,lora_intervention/experiments/linear_probing/results_probe50/Qwen2.5-3B-Instruct_5k_10u/probe_fits_wrong.json,
Qwen2.5-3B-Instruct,Qwen2.5,base,5,10,CVQ,ordinal,k10,10,wrong,expected,0.1,21,0.583333,0.026105531820451645,0.005296569393909989,23.711280031071407,0.10739453736421548,5,False,1341,0.02,raw,lora_intervention/experiments/linear_probing/results_probe50/Qwen2.5-3B-Instruct_5k_10u/probe_fits_wrong.json,
Qwen2.5-3B-Instruct,Qwen2.5,base,5,10,CVQ,ordinal,k10,10,wrong,expected,0.1,22,0.611111,0.033568218387615825,0.0085331138684595,24.048169006269767,0.10763506889092775,5,False,1341,0.02,raw,lora_intervention/experiments/linear_probing/results_probe50/Qwen2.5-3B-Instruct_5k_10u/probe_fits_wrong.json,
Qwen2.5-3B-Instruct,Qwen2.5,base,5,10,CVQ,ordinal,k10,10,wrong,expected,0.1,23,0.638889,0.026105531820451645,0.00626035027010874,24.247497641902015,0.1033859458269574,5,False,1341,0.02,raw,lora_intervention/experiments/linear_probing/results_probe50/Qwen2.5-3B-Instruct_5k_10u/probe_fits_wrong.json,
Qwen2.5-3B-Instruct,Qwen2.5,base,5,10,CVQ,ordinal,k10,10,wrong,expected,0.1,24,0.666667,0.02610830605337624,0.008190174619421647,23.956358541863175,0.09986151861926594,5,False,1341,0.02,raw,lora_intervention/experiments/linear_probing/results_probe50/Qwen2.5-3B-Instruct_5k_10u/probe_fits_wrong.json,
Qwen2.5-3B-Instruct,Qwen2.5,base,5,10,CVQ,ordinal,k10,10,wrong,expected,0.1,25,0.694444,0.027592520668035286,0.009020495890026556,24.4443377906009,0.09876389799125287,5,False,1341,0.02,raw,lora_intervention/experiments/linear_probing/results_probe50/Qwen2.5-3B-Instruct_5k_10u/probe_fits_wrong.json,
Qwen2.5-3B-Instruct,Qwen2.5,base,5,10,CVQ,ordinal,k10,10,wrong,expected,0.1,26,0.722222,0.028344337790600898,0.00805433255860902,24.276341341619045,0.10307451343787599,5,False,1341,0.02,raw,lora_intervention/experiments/linear_probing/results_probe50/Qwen2.5-3B-Instruct_5k_10u/probe_fits_wrong.json,
Qwen2.5-3B-Instruct,Qwen2.5,base,5,10,CVQ,ordinal,k10,10,wrong,expected,0.1,27,0.75,0.017904899295344837,0.005494504005469462,24.192495699938966,0.09777712462344915,5,False,1341,0.02,raw,lora_intervention/experiments/linear_probing/results_probe50/Qwen2.5-3B-Instruct_5k_10u/probe_fits_wrong.json,
Qwen2.5-3B-Instruct,Qwen2.5,base,5,10,CVQ,ordinal,k10,10,wrong,expected,0.1,28,0.777778,0.022376962769794152,0.010294674882351027,24.797861066415134,0.09633475306702195,5,False,1341,0.02,raw,lora_intervention/experiments/linear_probing/results_probe50/Qwen2.5-3B-Instruct_5k_10u/probe_fits_wrong.json,
Qwen2.5-3B-Instruct,Qwen2.5,base,5,10,CVQ,ordinal,k10,10,wrong,expected,0.1,29,0.805556,0.026097209121677855,0.012480908567219649,24.133226987737892,0.09872968506496642,5,False,1341,0.02,raw,lora_intervention/experiments/linear_probing/results_probe50/Qwen2.5-3B-Instruct_5k_10u/probe_fits_wrong.json,
Qwen2.5-3B-Instruct,Qwen2.5,base,5,10,CVQ,ordinal,k10,10,wrong,expected,0.1,30,0.833333,0.028333240858902507,0.009307022647607743,24.377337291238973,0.09960793200499839,5,False,1341,0.02,raw,lora_intervention/experiments/linear_probing/results_probe50/Qwen2.5-3B-Instruct_5k_10u/probe_fits_wrong.json,
Qwen2.5-3B-Instruct,Qwen2.5,base,5,10,CVQ,ordinal,k10,10,wrong,expected,0.1,31,0.861111,0.038772679354158575,0.010692605581644478,22.71494201853188,0.12117182496486037,5,False,1341,0.02,raw,lora_intervention/experiments/linear_probing/results_probe50/Qwen2.5-3B-Instruct_5k_10u/probe_fits_wrong.json,
Qwen2.5-3B-Instruct,Qwen2.5,base,5,10,CVQ,ordinal,k10,10,wrong,expected,0.1,32,0.888889,0.05219441824335571,0.010254735014405464,18.65504632968984,0.1591078081079254,5,False,1341,0.02,raw,lora_intervention/experiments/linear_probing/results_probe50/Qwen2.5-3B-Instruct_5k_10u/probe_fits_wrong.json,
Qwen2.5-3B-Instruct,Qwen2.5,base,5,10,CVQ,ordinal,k10,10,wrong,expected,0.1,33,0.916667,0.07456860678022527,0.007799978745293499,15.732064584142487,0.19357473261266905,5,False,1341,0.02,raw,lora_intervention/experiments/linear_probing/results_probe50/Qwen2.5-3B-Instruct_5k_10u/probe_fits_wrong.json,
Qwen2.5-3B-Instruct,Qwen2.5,base,5,10,CVQ,ordinal,k10,10,wrong,expected,0.1,34,0.944444,0.07085113466126616,0.014771568307988977,15.03938301059757,0.19552548575041187,5,False,1341,0.02,raw,lora_intervention/experiments/linear_probing/results_probe50/Qwen2.5-3B-Instruct_5k_10u/probe_fits_wrong.json,
Qwen2.5-3B-Instruct,Qwen2.5,base,5,10,CVQ,ordinal,k10,10,wrong,expected,0.1,35,0.972222,0.07084836042834156,0.013582907880400097,14.570351772734838,0.19852527506463832,5,False,1341,0.02,raw,lora_intervention/experiments/linear_probing/results_probe50/Qwen2.5-3B-Instruct_5k_10u/probe_fits_wrong.json,
Qwen2.5-3B-Instruct,Qwen2.5,base,5,10,CVQ,ordinal,k10,10,wrong,expected,0.1,36,1.0,0.0686095544581923,0.009925674269382657,13.80374798868113,0.20424206323775174,5,False,1341,0.02,raw,lora_intervention/experiments/linear_probing/results_probe50/Qwen2.5-3B-Instruct_5k_10u/probe_fits_wrong.json,
Qwen2.5-3B-Instruct,Qwen2.5,base,5,10,CVQ,ordinal,k10,10,wrong,shuffled,0.1,0,0.0,0.02908228374854353,0.0014820636737435723,22.723395106253122,0.10990551909982234,5,False,1341,0.02,raw,lora_intervention/experiments/linear_probing/results_probe50/Qwen2.5-3B-Instruct_5k_10u/probe_fits_wrong.json,
Qwen2.5-3B-Instruct,Qwen2.5,base,5,10,CVQ,ordinal,k10,10,wrong,shuffled,0.1,1,0.027778,0.01864007102036287,0.005265238293963625,24.790498252233256,0.09066210572612049,5,False,1341,0.02,raw,lora_intervention/experiments/linear_probing/results_probe50/Qwen2.5-3B-Instruct_5k_10u/probe_fits_wrong.json,
Qwen2.5-3B-Instruct,Qwen2.5,base,5,10,CVQ,ordinal,k10,10,wrong,shuffled,0.1,2,0.055556,0.022365865838095765,0.006217306662664603,25.191849303667535,0.09282655394433628,5,False,1341,0.02,raw,lora_intervention/experiments/linear_probing/results_probe50/Qwen2.5-3B-Instruct_5k_10u/probe_fits_wrong.json,
Qwen2.5-3B-Instruct,Qwen2.5,base,5,10,CVQ,ordinal,k10,10,wrong,shuffled,0.1,3,0.083333,0.020876102757587525,0.00556650372086388,25.199070631970258,0.09171533212484409,5,False,1341,0.02,raw,lora_intervention/experiments/linear_probing/results_probe50/Qwen2.5-3B-Instruct_5k_10u/probe_fits_wrong.json,
Qwen2.5-3B-Instruct,Qwen2.5,base,5,10,CVQ,ordinal,k10,10,wrong,shuffled,0.1,4,0.111111,0.026843477778394277,0.008631125955802987,24.898621206236477,0.0961048034611961,5,False,1341,0.02,raw,lora_intervention/experiments/linear_probing/results_probe50/Qwen2.5-3B-Instruct_5k_10u/probe_fits_wrong.json,
Qwen2.5-3B-Instruct,Qwen2.5,base,5,10,CVQ,ordinal,k10,10,wrong,shuffled,0.1,5,0.138889,0.02161682294845475,0.013201444984849795,25.065793708039728,0.0933771111449884,5,False,1341,0.02,raw,lora_intervention/experiments/linear_probing/results_probe50/Qwen2.5-3B-Instruct_5k_10u/probe_fits_wrong.json,
Qwen2.5-3B-Instruct,Qwen2.5,base,5,10,CVQ,ordinal,k10,10,wrong,shuffled,0.1,6,0.166667,0.024610220274094215,0.009618931678487187,25.042004660711314,0.09566953293973075,5,False,1341,0.02,raw,lora_intervention/experiments/linear_probing/results_probe50/Qwen2.5-3B-Instruct_5k_10u/probe_fits_wrong.json,
Qwen2.5-3B-Instruct,Qwen2.5,base,5,10,CVQ,ordinal,k10,10,wrong,shuffled,0.1,7,0.194444,0.023114908727736784,0.004338288287761502,25.15663319092271,0.09468711521099507,5,False,1341,0.02,raw,lora_intervention/experiments/linear_probing/results_probe50/Qwen2.5-3B-Instruct_5k_10u/probe_fits_wrong.json,
Qwen2.5-3B-Instruct,Qwen2.5,base,5,10,CVQ,ordinal,k10,10,wrong,shuffled,0.1,8,0.222222,0.021622371414303943,0.00595569336529869,25.323919436275865,0.09324253941303247,5,False,1341,0.02,raw,lora_intervention/experiments/linear_probing/results_probe50/Qwen2.5-3B-Instruct_5k_10u/probe_fits_wrong.json,
Qwen2.5-3B-Instruct,Qwen2.5,base,5,10,CVQ,ordinal,k10,10,wrong,shuffled,0.1,9,0.25,0.018634522554513675,0.007044686966169301,25.29713699162182,0.0894999026787524,5,False,1341,0.02,raw,lora_intervention/experiments/linear_probing/results_probe50/Qwen2.5-3B-Instruct_5k_10u/probe_fits_wrong.json,
Qwen2.5-3B-Instruct,Qwen2.5,base,5,10,CVQ,ordinal,k10,10,wrong,shuffled,0.1,10,0.277778,0.02459634910947123,0.011174296840512297,25.060073239749208,0.09447339976476324,5,False,1341,0.02,raw,lora_intervention/experiments/linear_probing/results_probe50/Qwen2.5-3B-Instruct_5k_10u/probe_fits_wrong.json,
Qwen2.5-3B-Instruct,Qwen2.5,base,5,10,CVQ,ordinal,k10,10,wrong,shuffled,0.1,11,0.305556,0.020870554291738334,0.00726863109045944,24.867477667424957,0.09267218418727383,5,False,1341,0.02,raw,lora_intervention/experiments/linear_probing/results_probe50/Qwen2.5-3B-Instruct_5k_10u/probe_fits_wrong.json,
Qwen2.5-3B-Instruct,Qwen2.5,base,5,10,CVQ,ordinal,k10,10,wrong,shuffled,0.1,12,0.333333,0.01789380236364645,0.005470425764716454,24.821050879431837,0.09328447447445529,5,False,1341,0.02,raw,lora_intervention/experiments/linear_probing/results_probe50/Qwen2.5-3B-Instruct_5k_10u/probe_fits_wrong.json,
Qwen2.5-3B-Instruct,Qwen2.5,base,5,10,CVQ,ordinal,k10,10,wrong,shuffled,0.1,13,0.361111,0.026094434888753258,0.005241724989843681,24.8457027131998,0.096331038516042,5,False,1341,0.02,raw,lora_intervention/experiments/linear_probing/results_probe50/Qwen2.5-3B-Instruct_5k_10u/probe_fits_wrong.json,
Qwen2.5-3B-Instruct,Qwen2.5,base,5,10,CVQ,ordinal,k10,10,wrong,shuffled,0.1,14,0.388889,0.028330466625977917,0.00958928609105759,24.968257226876766,0.09836022731709466,5,False,1341,0.02,raw,lora_intervention/experiments/linear_probing/results_probe50/Qwen2.5-3B-Instruct_5k_10u/probe_fits_wrong.json,
Qwen2.5-3B-Instruct,Qwen2.5,base,5,10,CVQ,ordinal,k10,10,wrong,shuffled,0.1,15,0.416667,0.026094434888753258,0.006214017945669152,24.673722465738223,0.0980582689481369,5,False,1341,0.02,raw,lora_intervention/experiments/linear_probing/results_probe50/Qwen2.5-3B-Instruct_5k_10u/probe_fits_wrong.json,
Qwen2.5-3B-Instruct,Qwen2.5,base,5,10,CVQ,ordinal,k10,10,wrong,shuffled,0.1,16,0.444444,0.02908505798146812,0.0064287866485336145,24.422449092825833,0.10107443841776427,5,False,1341,0.02,raw,lora_intervention/experiments/linear_probing/results_probe50/Qwen2.5-3B-Instruct_5k_10u/probe_fits_wrong.json,
Qwen2.5-3B-Instruct,Qwen2.5,base,5,10,CVQ,ordinal,k10,10,wrong,shuffled,0.1,17,0.472222,0.023863951617377793,0.00506645574329713,24.499356377961494,0.09554192597685895,5,False,1341,0.02,raw,lora_intervention/experiments/linear_probing/results_probe50/Qwen2.5-3B-Instruct_5k_10u/probe_fits_wrong.json,
Qwen2.5-3B-Instruct,Qwen2.5,base,5,10,CVQ,ordinal,k10,10,wrong,shuffled,0.1,18,0.5,0.020884425456361315,0.010454123933264049,24.952199966709205,0.0931704702014696,5,False,1341,0.02,raw,lora_intervention/experiments/linear_probing/results_probe50/Qwen2.5-3B-Instruct_5k_10u/probe_fits_wrong.json,
Qwen2.5-3B-Instruct,Qwen2.5,base,5,10,CVQ,ordinal,k10,10,wrong,shuffled,0.1,19,0.527778,0.021630694113077734,0.0049652693563466375,25.125903012816956,0.09315715758326314,5,False,1341,0.02,raw,lora_intervention/experiments/linear_probing/results_probe50/Qwen2.5-3B-Instruct_5k_10u/probe_fits_wrong.json,
Qwen2.5-3B-Instruct,Qwen2.5,base,5,10,CVQ,ordinal,k10,10,wrong,shuffled,0.1,20,0.555556,0.020146479498418687,0.009022249917205656,25.002460744604114,0.09367575849938757,5,False,1341,0.02,raw,lora_intervention/experiments/linear_probing/results_probe50/Qwen2.5-3B-Instruct_5k_10u/probe_fits_wrong.json,
Qwen2.5-3B-Instruct,Qwen2.5,base,5,10,CVQ,ordinal,k10,10,wrong,shuffled,0.1,21,0.583333,0.019394662375853074,0.007619466964567356,25.052224934805526,0.0933181811843914,5,False,1341,0.02,raw,lora_intervention/experiments/linear_probing/results_probe50/Qwen2.5-3B-Instruct_5k_10u/probe_fits_wrong.json,
Qwen2.5-3B-Instruct,Qwen2.5,base,5,10,CVQ,ordinal,k10,10,wrong,shuffled,0.1,22,0.611111,0.017899350829495644,0.005490014201978529,25.345414192975646,0.0918362502586196,5,False,1341,0.02,raw,lora_intervention/experiments/linear_probing/results_probe50/Qwen2.5-3B-Instruct_5k_10u/probe_fits_wrong.json,
Qwen2.5-3B-Instruct,Qwen2.5,base,5,10,CVQ,ordinal,k10,10,wrong,shuffled,0.1,23,0.638889,0.025353714697886033,0.010915710800333886,25.57402763135993,0.09551139761420167,5,False,1341,0.02,raw,lora_intervention/experiments/linear_probing/results_probe50/Qwen2.5-3B-Instruct_5k_10u/probe_fits_wrong.json,
Qwen2.5-3B-Instruct,Qwen2.5,base,5,10,CVQ,ordinal,k10,10,wrong,shuffled,0.1,24,0.666667,0.02161959718137935,0.0059397201550561935,25.297494867669087,0.09613336217988049,5,False,1341,0.02,raw,lora_intervention/experiments/linear_probing/results_probe50/Qwen2.5-3B-Instruct_5k_10u/probe_fits_wrong.json,
Qwen2.5-3B-Instruct,Qwen2.5,base,5,10,CVQ,ordinal,k10,10,wrong,shuffled,0.1,25,0.694444,0.023109360261887583,0.005926504392936379,25.2269794151917,0.09451048836997085,5,False,1341,0.02,raw,lora_intervention/experiments/linear_probing/results_probe50/Qwen2.5-3B-Instruct_5k_10u/probe_fits_wrong.json,
Qwen2.5-3B-Instruct,Qwen2.5,base,5,10,CVQ,ordinal,k10,10,wrong,shuffled,0.1,26,0.722222,0.0201353825667203,0.0018394775199433917,25.417122565610608,0.09339128646963556,5,False,1341,0.02,raw,lora_intervention/experiments/linear_probing/results_probe50/Qwen2.5-3B-Instruct_5k_10u/probe_fits_wrong.json,
Qwen2.5-3B-Instruct,Qwen2.5,base,5,10,CVQ,ordinal,k10,10,wrong,shuffled,0.1,27,0.75,0.020132608333795703,0.005054181873864954,25.304180769017364,0.09236439884638838,5,False,1341,0.02,raw,lora_intervention/experiments/linear_probing/results_probe50/Qwen2.5-3B-Instruct_5k_10u/probe_fits_wrong.json,
Qwen2.5-3B-Instruct,Qwen2.5,base,5,10,CVQ,ordinal,k10,10,wrong,shuffled,0.1,28,0.777778,0.0238584031515286,0.003770518336280717,25.2491427620263,0.09364222226478745,5,False,1341,0.02,raw,lora_intervention/experiments/linear_probing/results_probe50/Qwen2.5-3B-Instruct_5k_10u/probe_fits_wrong.json,
Qwen2.5-3B-Instruct,Qwen2.5,base,5,10,CVQ,ordinal,k10,10,wrong,shuffled,0.1,29,0.805556,0.023112134494812184,0.006817980934178764,25.24526993286356,0.0924918953859126,5,False,1341,0.02,raw,lora_intervention/experiments/linear_probing/results_probe50/Qwen2.5-3B-Instruct_5k_10u/probe_fits_wrong.json,
Qwen2.5-3B-Instruct,Qwen2.5,base,5,10,CVQ,ordinal,k10,10,wrong,shuffled,0.1,30,0.833333,0.024607446041169614,0.005055859690486095,25.389904566387393,0.0927796091899681,5,False,1341,0.02,raw,lora_intervention/experiments/linear_probing/results_probe50/Qwen2.5-3B-Instruct_5k_10u/probe_fits_wrong.json,
Qwen2.5-3B-Instruct,Qwen2.5,base,5,10,CVQ,ordinal,k10,10,wrong,shuffled,0.1,31,0.861111,0.024610220274094215,0.011222248487502135,25.005368140709095,0.09650181955942212,5,False,1341,0.02,raw,lora_intervention/experiments/linear_probing/results_probe50/Qwen2.5-3B-Instruct_5k_10u/probe_fits_wrong.json,
Qwen2.5-3B-Instruct,Qwen2.5,base,5,10,CVQ,ordinal,k10,10,wrong,shuffled,0.1,32,0.888889,0.022368640071020362,0.008166187288594716,24.690509349164955,0.09430139740827632,5,False,1341,0.02,raw,lora_intervention/experiments/linear_probing/results_probe50/Qwen2.5-3B-Instruct_5k_10u/probe_fits_wrong.json,
Qwen2.5-3B-Instruct,Qwen2.5,base,5,10,CVQ,ordinal,k10,10,wrong,shuffled,0.1,33,0.916667,0.0246157687399434,0.011228491767601127,24.26734173001165,0.09807328702269452,5,False,1341,0.02,raw,lora_intervention/experiments/linear_probing/results_probe50/Qwen2.5-3B-Instruct_5k_10u/probe_fits_wrong.json,
Qwen2.5-3B-Instruct,Qwen2.5,base,5,10,CVQ,ordinal,k10,10,wrong,shuffled,0.1,34,0.944444,0.029825778172335348,0.01564799041618873,24.38740220828941,0.10277437751145964,5,False,1341,0.02,raw,lora_intervention/experiments/linear_probing/results_probe50/Qwen2.5-3B-Instruct_5k_10u/probe_fits_wrong.json,
Qwen2.5-3B-Instruct,Qwen2.5,base,5,10,CVQ,ordinal,k10,10,wrong,shuffled,0.1,35,0.972222,0.032056261443710814,0.015733552753879613,24.446193752427455,0.10441321437235965,5,False,1341,0.02,raw,lora_intervention/experiments/linear_probing/results_probe50/Qwen2.5-3B-Instruct_5k_10u/probe_fits_wrong.json,
Qwen2.5-3B-Instruct,Qwen2.5,base,5,10,CVQ,ordinal,k10,10,wrong,shuffled,0.1,36,1.0,0.03056649836320257,0.012327258345856667,24.525853076624315,0.1024788460737478,5,False,1341,0.02,raw,lora_intervention/experiments/linear_probing/results_probe50/Qwen2.5-3B-Instruct_5k_10u/probe_fits_wrong.json,
Qwen2.5-3B-Instruct,Qwen2.5,base,5,10,CVQ,semantic,CVQ,10,wrong,cv_first,0.1,0,0.0,0.02802248995983936,4.4979919678714285e-05,22.531723694779114,0.10854401954166457,5,False,1249,0.02,raw,lora_intervention/experiments/linear_probing/results_probe50/Qwen2.5-3B-Instruct_5k_10u/probe_fits_wrong.json,
Qwen2.5-3B-Instruct,Qwen2.5,base,5,10,CVQ,semantic,CVQ,10,wrong,cv_first,0.1,1,0.027778,0.024822489959839357,0.01742142241426188,23.866869076305218,0.10294714400598667,5,False,1249,0.02,raw,lora_intervention/experiments/linear_probing/results_probe50/Qwen2.5-3B-Instruct_5k_10u/probe_fits_wrong.json,
Qwen2.5-3B-Instruct,Qwen2.5,base,5,10,CVQ,semantic,CVQ,10,wrong,cv_first,0.1,2,0.055556,0.029619277108433734,0.015710683715649692,23.19546024096386,0.11059266559800032,5,False,1249,0.02,raw,lora_intervention/experiments/linear_probing/results_probe50/Qwen2.5-3B-Instruct_5k_10u/probe_fits_wrong.json,
Qwen2.5-3B-Instruct,Qwen2.5,base,5,10,CVQ,semantic,CVQ,10,wrong,cv_first,0.1,3,0.083333,0.025619277108433737,0.012545110588617795,23.415598393574296,0.10652131840091524,5,False,1249,0.02,raw,lora_intervention/experiments/linear_probing/results_probe50/Qwen2.5-3B-Instruct_5k_10u/probe_fits_wrong.json,
Qwen2.5-3B-Instruct,Qwen2.5,base,5,10,CVQ,semantic,CVQ,10,wrong,cv_first,0.1,4,0.111111,0.028816064257028113,0.014610896663713718,23.399424899598394,0.10931059800903871,5,False,1249,0.02,raw,lora_intervention/experiments/linear_probing/results_probe50/Qwen2.5-3B-Instruct_5k_10u/probe_fits_wrong.json,
Qwen2.5-3B-Instruct,Qwen2.5,base,5,10,CVQ,semantic,CVQ,10,wrong,cv_first,0.1,5,0.138889,0.022422489959839358,0.01062515462209257,23.28278232931727,0.10472691942729011,5,False,1249,0.02,raw,lora_intervention/experiments/linear_probing/results_probe50/Qwen2.5-3B-Instruct_5k_10u/probe_fits_wrong.json,
Qwen2.5-3B-Instruct,Qwen2.5,base,5,10,CVQ,semantic,CVQ,10,wrong,cv_first,0.1,6,0.166667,0.02963212851405623,0.012826238811827548,22.941583935742972,0.11150129313426567,5,False,1249,0.02,raw,lora_intervention/experiments/linear_probing/results_probe50/Qwen2.5-3B-Instruct_5k_10u/probe_fits_wrong.json,
Qwen2.5-3B-Instruct,Qwen2.5,base,5,10,CVQ,semantic,CVQ,10,wrong,cv_first,0.1,7,0.194444,0.026425702811244976,0.008633105699802787,23.2483983935743,0.10822094302200973,5,False,1249,0.02,raw,lora_intervention/experiments/linear_probing/results_probe50/Qwen2.5-3B-Instruct_5k_10u/probe_fits_wrong.json,
Qwen2.5-3B-Instruct,Qwen2.5,base,5,10,CVQ,semantic,CVQ,10,wrong,cv_first,0.1,8,0.222222,0.03683212851405622,0.012758124919267002,22.912812851405626,0.11563574190977559,5,False,1249,0.02,raw,lora_intervention/experiments/linear_probing/results_probe50/Qwen2.5-3B-Instruct_5k_10u/probe_fits_wrong.json,
Qwen2.5-3B-Instruct,Qwen2.5,base,5,10,CVQ,semantic,CVQ,10,wrong,cv_first,0.1,9,0.25,0.03602570281124499,0.009454999738131341,22.703518072289157,0.12163540357404387,5,False,1249,0.02,raw,lora_intervention/experiments/linear_probing/results_probe50/Qwen2.5-3B-Instruct_5k_10u/probe_fits_wrong.json,
Qwen2.5-3B-Instruct,Qwen2.5,base,5,10,CVQ,semantic,CVQ,10,wrong,cv_first,0.1,10,0.277778,0.03762891566265061,0.005979198469837255,22.70035662650602,0.12082379543872364,5,False,1249,0.02,raw,lora_intervention/experiments/linear_probing/results_probe50/Qwen2.5-3B-Instruct_5k_10u/probe_fits_wrong.json,
Qwen2.5-3B-Instruct,Qwen2.5,base,5,10,CVQ,semantic,CVQ,10,wrong,cv_first,0.1,11,0.305556,0.03683534136546185,0.012770039612745978,22.523418473895582,0.12076485232477552,5,False,1249,0.02,raw,lora_intervention/experiments/linear_probing/results_probe50/Qwen2.5-3B-Instruct_5k_10u/probe_fits_wrong.json,
Qwen2.5-3B-Instruct,Qwen2.5,base,5,10,CVQ,semantic,CVQ,10,wrong,cv_first,0.1,12,0.333333,0.04082891566265061,0.015042797416063954,22.36050120481928,0.12377672155542019,5,False,1249,0.02,raw,lora_intervention/experiments/linear_probing/results_probe50/Qwen2.5-3B-Instruct_5k_10u/probe_fits_wrong.json,
Qwen2.5-3B-Instruct,Qwen2.5,base,5,10,CVQ,semantic,CVQ,10,wrong,cv_first,0.1,13,0.361111,0.041632128514056226,0.011477862070990484,22.04242891566265,0.12704457033124208,5,False,1249,0.02,raw,lora_intervention/experiments/linear_probing/results_probe50/Qwen2.5-3B-Instruct_5k_10u/probe_fits_wrong.json,
Qwen2.5-3B-Instruct,Qwen2.5,base,5,10,CVQ,semantic,CVQ,10,wrong,cv_first,0.1,14,0.388889,0.03764176706827309,0.010670045431872985,22.28905702811245,0.1211327575246223,5,False,1249,0.02,raw,lora_intervention/experiments/linear_probing/results_probe50/Qwen2.5-3B-Instruct_5k_10u/probe_fits_wrong.json,
Qwen2.5-3B-Instruct,Qwen2.5,base,5,10,CVQ,semantic,CVQ,10,wrong,cv_first,0.1,15,0.416667,0.03763212851405623,0.004098578513720546,22.41140562248996,0.12347871448019154,5,False,1249,0.02,raw,lora_intervention/experiments/linear_probing/results_probe50/Qwen2.5-3B-Instruct_5k_10u/probe_fits_wrong.json,
Qwen2.5-3B-Instruct,Qwen2.5,base,5,10,CVQ,semantic,CVQ,10,wrong,cv_first,0.1,16,0.444444,0.040041767068273094,0.009176567309758193,22.33206425702811,0.12276159550414804,5,False,1249,0.02,raw,lora_intervention/experiments/linear_probing/results_probe50/Qwen2.5-3B-Instruct_5k_10u/probe_fits_wrong.json,
Qwen2.5-3B-Instruct,Qwen2.5,base,5,10,CVQ,semantic,CVQ,10,wrong,cv_first,0.1,17,0.472222,0.03442570281124498,0.007830662107641197,22.110358232931727,0.12202939442558143,5,False,1249,0.02,raw,lora_intervention/experiments/linear_probing/results_probe50/Qwen2.5-3B-Instruct_5k_10u/probe_fits_wrong.json,
Qwen2.5-3B-Instruct,Qwen2.5,base,5,10,CVQ,semantic,CVQ,10,wrong,cv_first,0.1,18,0.5,0.029622489959839356,0.0064938474975694,22.174406425702813,0.11842557108044534,5,False,1249,0.02,raw,lora_intervention/experiments/linear_probing/results_probe50/Qwen2.5-3B-Instruct_5k_10u/probe_fits_wrong.json,
Qwen2.5-3B-Instruct,Qwen2.5,base,5,10,CVQ,semantic,CVQ,10,wrong,cv_first,0.1,19,0.527778,0.03522570281124497,0.008899333938338064,22.229535742971887,0.12176936222855188,5,False,1249,0.02,raw,lora_intervention/experiments/linear_probing/results_probe50/Qwen2.5-3B-Instruct_5k_10u/probe_fits_wrong.json,
Qwen2.5-3B-Instruct,Qwen2.5,base,5,10,CVQ,semantic,CVQ,10,wrong,cv_first,0.1,20,0.555556,0.03443212851405623,0.010630332465313187,22.633291566265058,0.11716124280062656,5,False,1249,0.02,raw,lora_intervention/experiments/linear_probing/results_probe50/Qwen2.5-3B-Instruct_5k_10u/probe_fits_wrong.json,
Qwen2.5-3B-Instruct,Qwen2.5,base,5,10,CVQ,semantic,CVQ,10,wrong,cv_first,0.1,21,0.583333,0.039228915662650604,0.005289450275900345,22.70709397590361,0.12114705737840972,5,False,1249,0.02,raw,lora_intervention/experiments/linear_probing/results_probe50/Qwen2.5-3B-Instruct_5k_10u/probe_fits_wrong.json,
Qwen2.5-3B-Instruct,Qwen2.5,base,5,10,CVQ,semantic,CVQ,10,wrong,cv_first,0.1,22,0.611111,0.03843212851405623,0.008242993401103859,21.972979919678714,0.12512129309082767,5,False,1249,0.02,raw,lora_intervention/experiments/linear_probing/results_probe50/Qwen2.5-3B-Instruct_5k_10u/probe_fits_wrong.json,
Qwen2.5-3B-Instruct,Qwen2.5,base,5,10,CVQ,semantic,CVQ,10,wrong,cv_first,0.1,23,0.638889,0.12492851405622489,0.025021459849673484,15.477670682730922,0.23672143854935976,5,False,1249,0.02,raw,lora_intervention/experiments/linear_probing/results_probe50/Qwen2.5-3B-Instruct_5k_10u/probe_fits_wrong.json,
Qwen2.5-3B-Instruct,Qwen2.5,base,5,10,CVQ,semantic,CVQ,10,wrong,cv_first,0.1,24,0.666667,0.11450923694779117,0.023778283516427953,15.738049799196787,0.22816255320919776,5,False,1249,0.02,raw,lora_intervention/experiments/linear_probing/results_probe50/Qwen2.5-3B-Instruct_5k_10u/probe_fits_wrong.json,
Qwen2.5-3B-Instruct,Qwen2.5,base,5,10,CVQ,semantic,CVQ,10,wrong,cv_first,0.1,25,0.694444,0.14251566265060242,0.012564379486345721,14.113391164658633,0.262642537623044,5,False,1249,0.02,raw,lora_intervention/experiments/linear_probing/results_probe50/Qwen2.5-3B-Instruct_5k_10u/probe_fits_wrong.json,
Qwen2.5-3B-Instruct,Qwen2.5,base,5,10,CVQ,semantic,CVQ,10,wrong,cv_first,0.1,26,0.722222,0.1585317269076305,0.00752228351488014,12.71930923694779,0.28964365449675833,5,False,1249,0.02,raw,lora_intervention/experiments/linear_probing/results_probe50/Qwen2.5-3B-Instruct_5k_10u/probe_fits_wrong.json,
Qwen2.5-3B-Instruct,Qwen2.5,base,5,10,CVQ,semantic,CVQ,10,wrong,cv_first,0.1,27,0.75,0.1265156626506024,0.019140659254481864,13.728787148594375,0.253952711050238,5,False,1249,0.02,raw,lora_intervention/experiments/linear_probing/results_probe50/Qwen2.5-3B-Instruct_5k_10u/probe_fits_wrong.json,
Qwen2.5-3B-Instruct,Qwen2.5,base,5,10,CVQ,semantic,CVQ,10,wrong,cv_first,0.1,28,0.777778,0.10408674698795181,0.017908770925535045,15.225481124497993,0.22478619191188748,5,False,1249,0.02,raw,lora_intervention/experiments/linear_probing/results_probe50/Qwen2.5-3B-Instruct_5k_10u/probe_fits_wrong.json,
Qwen2.5-3B-Instruct,Qwen2.5,base,5,10,CVQ,semantic,CVQ,10,wrong,cv_first,0.1,29,0.805556,0.10329638554216866,0.012370760482194456,15.805243373493976,0.2167985214880052,5,False,1249,0.02,raw,lora_intervention/experiments/linear_probing/results_probe50/Qwen2.5-3B-Instruct_5k_10u/probe_fits_wrong.json,
Qwen2.5-3B-Instruct,Qwen2.5,base,5,10,CVQ,semantic,CVQ,10,wrong,cv_first,0.1,30,0.833333,0.09368032128514056,0.012070373585154098,16.01564016064257,0.208261695345387,5,False,1249,0.02,raw,lora_intervention/experiments/linear_probing/results_probe50/Qwen2.5-3B-Instruct_5k_10u/probe_fits_wrong.json,
Qwen2.5-3B-Instruct,Qwen2.5,base,5,10,CVQ,semantic,CVQ,10,wrong,cv_first,0.1,31,0.861111,0.08247068273092369,0.007032185348819294,16.36043373493976,0.200507873712186,5,False,1249,0.02,raw,lora_intervention/experiments/linear_probing/results_probe50/Qwen2.5-3B-Instruct_5k_10u/probe_fits_wrong.json,
Qwen2.5-3B-Instruct,Qwen2.5,base,5,10,CVQ,semantic,CVQ,10,wrong,cv_first,0.1,32,0.888889,0.08325783132530121,0.017008173216486167,16.725047389558235,0.19532375108319888,5,False,1249,0.02,raw,lora_intervention/experiments/linear_probing/results_probe50/Qwen2.5-3B-Instruct_5k_10u/probe_fits_wrong.json,
Qwen2.5-3B-Instruct,Qwen2.5,base,5,10,CVQ,semantic,CVQ,10,wrong,cv_first,0.1,33,0.916667,0.054448192771084335,0.004145967825355586,19.40937831325301,0.15725859897142785,5,False,1249,0.02,raw,lora_intervention/experiments/linear_probing/results_probe50/Qwen2.5-3B-Instruct_5k_10u/probe_fits_wrong.json,
Qwen2.5-3B-Instruct,Qwen2.5,base,5,10,CVQ,semantic,CVQ,10,wrong,cv_first,0.1,34,0.944444,0.04403534136546185,0.004382350516383969,20.60955502008032,0.13725770926036204,5,False,1249,0.02,raw,lora_intervention/experiments/linear_probing/results_probe50/Qwen2.5-3B-Instruct_5k_10u/probe_fits_wrong.json,
Qwen2.5-3B-Instruct,Qwen2.5,base,5,10,CVQ,semantic,CVQ,10,wrong,cv_first,0.1,35,0.972222,0.04483212851405623,0.0029420562929220254,20.37252048192771,0.13991854693609423,5,False,1249,0.02,raw,lora_intervention/experiments/linear_probing/results_probe50/Qwen2.5-3B-Instruct_5k_10u/probe_fits_wrong.json,
Qwen2.5-3B-Instruct,Qwen2.5,base,5,10,CVQ,semantic,CVQ,10,wrong,cv_first,0.1,36,1.0,0.045638554216867466,0.003229706790332044,20.548549397590364,0.1392960929515395,5,False,1249,0.02,raw,lora_intervention/experiments/linear_probing/results_probe50/Qwen2.5-3B-Instruct_5k_10u/probe_fits_wrong.json,
Qwen2.5-3B-Instruct,Qwen2.5,base,5,10,CVQ,semantic,CVQ,10,wrong,cv_last,0.1,0,0.0,0.04003212851405623,6.425702811244937e-05,19.155190361445783,0.1345897919360208,5,False,1249,0.02,raw,lora_intervention/experiments/linear_probing/results_probe50/Qwen2.5-3B-Instruct_5k_10u/probe_fits_wrong.json,"DEGENERATE: cv_last == expected at k=N, not a control here"
Qwen2.5-3B-Instruct,Qwen2.5,base,5,10,CVQ,semantic,CVQ,10,wrong,cv_last,0.1,1,0.027778,0.06645783132530121,0.012573825539274745,18.11021686746988,0.17199455416775117,5,False,1249,0.02,raw,lora_intervention/experiments/linear_probing/results_probe50/Qwen2.5-3B-Instruct_5k_10u/probe_fits_wrong.json,"DEGENERATE: cv_last == expected at k=N, not a control here"
Qwen2.5-3B-Instruct,Qwen2.5,base,5,10,CVQ,semantic,CVQ,10,wrong,cv_last,0.1,2,0.055556,0.08247710843373494,0.014517614550600338,16.88173815261044,0.19372945421874596,5,False,1249,0.02,raw,lora_intervention/experiments/linear_probing/results_probe50/Qwen2.5-3B-Instruct_5k_10u/probe_fits_wrong.json,"DEGENERATE: cv_last == expected at k=N, not a control here"
Qwen2.5-3B-Instruct,Qwen2.5,base,5,10,CVQ,semantic,CVQ,10,wrong,cv_last,0.1,3,0.083333,0.08808032128514057,0.017943063196643988,17.12054939759036,0.19424082415434538,5,False,1249,0.02,raw,lora_intervention/experiments/linear_probing/results_probe50/Qwen2.5-3B-Instruct_5k_10u/probe_fits_wrong.json,"DEGENERATE: cv_last == expected at k=N, not a control here"
Qwen2.5-3B-Instruct,Qwen2.5,base,5,10,CVQ,semantic,CVQ,10,wrong,cv_last,0.1,4,0.111111,0.07126746987951807,0.011777327271254348,18.041927710843375,0.17527932297871235,5,False,1249,0.02,raw,lora_intervention/experiments/linear_probing/results_probe50/Qwen2.5-3B-Instruct_5k_10u/probe_fits_wrong.json,"DEGENERATE: cv_last == expected at k=N, not a control here"
Qwen2.5-3B-Instruct,Qwen2.5,base,5,10,CVQ,semantic,CVQ,10,wrong,cv_last,0.1,5,0.138889,0.06726104417670684,0.00782619211852606,18.598573493975906,0.1668236337642417,5,False,1249,0.02,raw,lora_intervention/experiments/linear_probing/results_probe50/Qwen2.5-3B-Instruct_5k_10u/probe_fits_wrong.json,"DEGENERATE: cv_last == expected at k=N, not a control here"
Qwen2.5-3B-Instruct,Qwen2.5,base,5,10,CVQ,semantic,CVQ,10,wrong,cv_last,0.1,6,0.166667,0.06485140562248996,0.003910028280730253,19.001802409638554,0.1600921205038241,5,False,1249,0.02,raw,lora_intervention/experiments/linear_probing/results_probe50/Qwen2.5-3B-Instruct_5k_10u/probe_fits_wrong.json,"DEGENERATE: cv_last == expected at k=N, not a control here"
Qwen2.5-3B-Instruct,Qwen2.5,base,5,10,CVQ,semantic,CVQ,10,wrong,cv_last,0.1,7,0.194444,0.060857831325301204,0.008617934760456901,19.315058634538154,0.1558722498851505,5,False,1249,0.02,raw,lora_intervention/experiments/linear_probing/results_probe50/Qwen2.5-3B-Instruct_5k_10u/probe_fits_wrong.json,"DEGENERATE: cv_last == expected at k=N, not a control here"
Qwen2.5-3B-Instruct,Qwen2.5,base,5,10,CVQ,semantic,CVQ,10,wrong,cv_last,0.1,8,0.222222,0.05444819277108433,0.00485685589747974,19.627161445783134,0.15046284854919234,5,False,1249,0.02,raw,lora_intervention/experiments/linear_probing/results_probe50/Qwen2.5-3B-Instruct_5k_10u/probe_fits_wrong.json,"DEGENERATE: cv_last == expected at k=N, not a control here"
Qwen2.5-3B-Instruct,Qwen2.5,base,5,10,CVQ,semantic,CVQ,10,wrong,cv_last,0.1,9,0.25,0.05364176706827308,0.00965988215940001,19.702416064257026,0.14777260602701545,5,False,1249,0.02,raw,lora_intervention/experiments/linear_probing/results_probe50/Qwen2.5-3B-Instruct_5k_10u/probe_fits_wrong.json,"DEGENERATE: cv_last == expected at k=N, not a control here"
Qwen2.5-3B-Instruct,Qwen2.5,base,5,10,CVQ,semantic,CVQ,10,wrong,cv_last,0.1,10,0.277778,0.054441767068273084,0.0069603517169937405,19.972192771084337,0.14576938649919607,5,False,1249,0.02,raw,lora_intervention/experiments/linear_probing/results_probe50/Qwen2.5-3B-Instruct_5k_10u/probe_fits_wrong.json,"DEGENERATE: cv_last == expected at k=N, not a control here"
Qwen2.5-3B-Instruct,Qwen2.5,base,5,10,CVQ,semantic,CVQ,10,wrong,cv_last,0.1,11,0.305556,0.04804176706827309,0.007179214058527108,19.98582489959839,0.14137026152046067,5,False,1249,0.02,raw,lora_intervention/experiments/linear_probing/results_probe50/Qwen2.5-3B-Instruct_5k_10u/probe_fits_wrong.json,"DEGENERATE: cv_last == expected at k=N, not a control here"
Qwen2.5-3B-Instruct,Qwen2.5,base,5,10,CVQ,semantic,CVQ,10,wrong,cv_last,0.1,12,0.333333,0.0448417670682731,0.00819563443151908,20.23806265060241,0.13766185980171364,5,False,1249,0.02,raw,lora_intervention/experiments/linear_probing/results_probe50/Qwen2.5-3B-Instruct_5k_10u/probe_fits_wrong.json,"DEGENERATE: cv_last == expected at k=N, not a control here"
Qwen2.5-3B-Instruct,Qwen2.5,base,5,10,CVQ,semantic,CVQ,10,wrong,cv_last,0.1,13,0.361111,0.04082891566265061,0.006378538555244478,20.62586345381526,0.1305390374995051,5,False,1249,0.02,raw,lora_intervention/experiments/linear_probing/results_probe50/Qwen2.5-3B-Instruct_5k_10u/probe_fits_wrong.json,"DEGENERATE: cv_last == expected at k=N, not a control here"
Qwen2.5-3B-Instruct,Qwen2.5,base,5,10,CVQ,semantic,CVQ,10,wrong,cv_last,0.1,14,0.388889,0.03922248995983936,0.015455039569434066,20.522557429718876,0.1302958161185785,5,False,1249,0.02,raw,lora_intervention/experiments/linear_probing/results_probe50/Qwen2.5-3B-Instruct_5k_10u/probe_fits_wrong.json,"DEGENERATE: cv_last == expected at k=N, not a control here"
Qwen2.5-3B-Instruct,Qwen2.5,base,5,10,CVQ,semantic,CVQ,10,wrong,cv_last,0.1,15,0.416667,0.04562891566265061,0.01117533729868117,20.436735742971884,0.13106023544206274,5,False,1249,0.02,raw,lora_intervention/experiments/linear_probing/results_probe50/Qwen2.5-3B-Instruct_5k_10u/probe_fits_wrong.json,"DEGENERATE: cv_last == expected at k=N, not a control here"
Qwen2.5-3B-Instruct,Qwen2.5,base,5,10,CVQ,semantic,CVQ,10,wrong,cv_last,0.1,16,0.444444,0.038435341365461846,0.00863949184510429,20.511739759036146,0.1297981775512308,5,False,1249,0.02,raw,lora_intervention/experiments/linear_probing/results_probe50/Qwen2.5-3B-Instruct_5k_10u/probe_fits_wrong.json,"DEGENERATE: cv_last == expected at k=N, not a control here"
Qwen2.5-3B-Instruct,Qwen2.5,base,5,10,CVQ,semantic,CVQ,10,wrong,cv_last,0.1,17,0.472222,0.03924176706827309,0.009318595114058753,20.37892048192771,0.12773325471046432,5,False,1249,0.02,raw,lora_intervention/experiments/linear_probing/results_probe50/Qwen2.5-3B-Instruct_5k_10u/probe_fits_wrong.json,"DEGENERATE: cv_last == expected at k=N, not a control here"
Qwen2.5-3B-Instruct,Qwen2.5,base,5,10,CVQ,semantic,CVQ,10,wrong,cv_last,0.1,18,0.5,0.0352289156626506,0.013950254819265024,20.808963855421688,0.12314131947097584,5,False,1249,0.02,raw,lora_intervention/experiments/linear_probing/results_probe50/Qwen2.5-3B-Instruct_5k_10u/probe_fits_wrong.json,"DEGENERATE: cv_last == expected at k=N, not a control here"
Qwen2.5-3B-Instruct,Qwen2.5,base,5,10,CVQ,semantic,CVQ,10,wrong,cv_last,0.1,19,0.527778,0.03364497991967872,0.015781736063383636,21.136115662650603,0.12111200959710702,5,False,1249,0.02,raw,lora_intervention/experiments/linear_probing/results_probe50/Qwen2.5-3B-Instruct_5k_10u/probe_fits_wrong.json,"DEGENERATE: cv_last == expected at k=N, not a control here"
Qwen2.5-3B-Instruct,Qwen2.5,base,5,10,CVQ,semantic,CVQ,10,wrong,cv_last,0.1,20,0.555556,0.03363534136546185,0.012057366895390439,20.927527710843375,0.12305680327222816,5,False,1249,0.02,raw,lora_intervention/experiments/linear_probing/results_probe50/Qwen2.5-3B-Instruct_5k_10u/probe_fits_wrong.json,"DEGENERATE: cv_last == expected at k=N, not a control here"
Qwen2.5-3B-Instruct,Qwen2.5,base,5,10,CVQ,semantic,CVQ,10,wrong,cv_last,0.1,21,0.583333,0.036828915662650605,0.005875123777585042,21.818923694779116,0.11698103295251697,5,False,1249,0.02,raw,lora_intervention/experiments/linear_probing/results_probe50/Qwen2.5-3B-Instruct_5k_10u/probe_fits_wrong.json,"DEGENERATE: cv_last == expected at k=N, not a control here"
Qwen2.5-3B-Instruct,Qwen2.5,base,5,10,CVQ,semantic,CVQ,10,wrong,cv_last,0.1,22,0.611111,0.02801606425702811,0.007137506856666806,21.814698795180725,0.11279739435022362,5,False,1249,0.02,raw,lora_intervention/experiments/linear_probing/results_probe50/Qwen2.5-3B-Instruct_5k_10u/probe_fits_wrong.json,"DEGENERATE: cv_last == expected at k=N, not a control here"
Qwen2.5-3B-Instruct,Qwen2.5,base,5,10,CVQ,semantic,CVQ,10,wrong,cv_last,0.1,23,0.638889,0.03201927710843373,0.010104110682920022,22.088151004016062,0.11228752731597631,5,False,1249,0.02,raw,lora_intervention/experiments/linear_probing/results_probe50/Qwen2.5-3B-Instruct_5k_10u/probe_fits_wrong.json,"DEGENERATE: cv_last == expected at k=N, not a control here"
Qwen2.5-3B-Instruct,Qwen2.5,base,5,10,CVQ,semantic,CVQ,10,wrong,cv_last,0.1,24,0.666667,0.032022489959839355,0.00798887373253949,21.607697991967875,0.11624185348159591,5,False,1249,0.02,raw,lora_intervention/experiments/linear_probing/results_probe50/Qwen2.5-3B-Instruct_5k_10u/probe_fits_wrong.json,"DEGENERATE: cv_last == expected at k=N, not a control here"
Qwen2.5-3B-Instruct,Qwen2.5,base,5,10,CVQ,semantic,CVQ,10,wrong,cv_last,0.1,25,0.694444,0.035225702811244985,0.008148505663375077,22.461053815261046,0.11300387859454002,5,False,1249,0.02,raw,lora_intervention/experiments/linear_probing/results_probe50/Qwen2.5-3B-Instruct_5k_10u/probe_fits_wrong.json,"DEGENERATE: cv_last == expected at k=N, not a control here"
Qwen2.5-3B-Instruct,Qwen2.5,base,5,10,CVQ,semantic,CVQ,10,wrong,cv_last,0.1,26,0.722222,0.02721927710843373,0.00992159830539729,22.138955823293173,0.10870885985067354,5,False,1249,0.02,raw,lora_intervention/experiments/linear_probing/results_probe50/Qwen2.5-3B-Instruct_5k_10u/probe_fits_wrong.json,"DEGENERATE: cv_last == expected at k=N, not a control here"
Qwen2.5-3B-Instruct,Qwen2.5,base,5,10,CVQ,semantic,CVQ,10,wrong,cv_last,0.1,27,0.75,0.03842248995983935,0.009304527501626058,20.21078232931727,0.13056779095220622,5,False,1249,0.02,raw,lora_intervention/experiments/linear_probing/results_probe50/Qwen2.5-3B-Instruct_5k_10u/probe_fits_wrong.json,"DEGENERATE: cv_last == expected at k=N, not a control here"
Qwen2.5-3B-Instruct,Qwen2.5,base,5,10,CVQ,semantic,CVQ,10,wrong,cv_last,0.1,28,0.777778,0.03763212851405623,0.01422667725904864,19.966213654618475,0.13564387277938264,5,False,1249,0.02,raw,lora_intervention/experiments/linear_probing/results_probe50/Qwen2.5-3B-Instruct_5k_10u/probe_fits_wrong.json,"DEGENERATE: cv_last == expected at k=N, not a control here"
Qwen2.5-3B-Instruct,Qwen2.5,base,5,10,CVQ,semantic,CVQ,10,wrong,cv_last,0.1,29,0.805556,0.03683855421686747,0.00930750021049607,19.689651405622488,0.13721905222889413,5,False,1249,0.02,raw,lora_intervention/experiments/linear_probing/results_probe50/Qwen2.5-3B-Instruct_5k_10u/probe_fits_wrong.json,"DEGENERATE: cv_last == expected at k=N, not a control here"
Qwen2.5-3B-Instruct,Qwen2.5,base,5,10,CVQ,semantic,CVQ,10,wrong,cv_last,0.1,30,0.833333,0.05364497991967872,0.009341520025518068,18.35698313253012,0.1586436840484733,5,False,1249,0.02,raw,lora_intervention/experiments/linear_probing/results_probe50/Qwen2.5-3B-Instruct_5k_10u/probe_fits_wrong.json,"DEGENERATE: cv_last == expected at k=N, not a control here"
Qwen2.5-3B-Instruct,Qwen2.5,base,5,10,CVQ,semantic,CVQ,10,wrong,cv_last,0.1,31,0.861111,0.3090602409638554,0.032067775519020306,8.674441767068274,0.44448547851833553,5,False,1249,0.02,raw,lora_intervention/experiments/linear_probing/results_probe50/Qwen2.5-3B-Instruct_5k_10u/probe_fits_wrong.json,"DEGENERATE: cv_last == expected at k=N, not a control here"
Qwen2.5-3B-Instruct,Qwen2.5,base,5,10,CVQ,semantic,CVQ,10,wrong,cv_last,0.1,32,0.888889,0.3995502008032129,0.0366172820062706,6.047482730923695,0.5434934831251611,5,False,1249,0.02,raw,lora_intervention/experiments/linear_probing/results_probe50/Qwen2.5-3B-Instruct_5k_10u/probe_fits_wrong.json,"DEGENERATE: cv_last == expected at k=N, not a control here"
Qwen2.5-3B-Instruct,Qwen2.5,base,5,10,CVQ,semantic,CVQ,10,wrong,cv_last,0.1,33,0.916667,0.45475341365461847,0.02543543378030088,4.1429140562249,0.6078447766228352,5,False,1249,0.02,raw,lora_intervention/experiments/linear_probing/results_probe50/Qwen2.5-3B-Instruct_5k_10u/probe_fits_wrong.json,"DEGENERATE: cv_last == expected at k=N, not a control here"
Qwen2.5-3B-Instruct,Qwen2.5,base,5,10,CVQ,semantic,CVQ,10,wrong,cv_last,0.1,34,0.944444,0.4379373493975904,0.014043522338396364,3.643524497991968,0.6043669514763202,5,False,1249,0.02,raw,lora_intervention/experiments/linear_probing/results_probe50/Qwen2.5-3B-Instruct_5k_10u/probe_fits_wrong.json,"DEGENERATE: cv_last == expected at k=N, not a control here"
Qwen2.5-3B-Instruct,Qwen2.5,base,5,10,CVQ,semantic,CVQ,10,wrong,cv_last,0.1,35,0.972222,0.429140562248996,0.019093311210772304,3.662714859437751,0.5968095677488517,5,False,1249,0.02,raw,lora_intervention/experiments/linear_probing/results_probe50/Qwen2.5-3B-Instruct_5k_10u/probe_fits_wrong.json,"DEGENERATE: cv_last == expected at k=N, not a control here"
Qwen2.5-3B-Instruct,Qwen2.5,base,5,10,CVQ,semantic,CVQ,10,wrong,cv_last,0.1,36,1.0,0.4195277108433735,0.017945719676176045,3.644289156626506,0.593333458008021,5,False,1249,0.02,raw,lora_intervention/experiments/linear_probing/results_probe50/Qwen2.5-3B-Instruct_5k_10u/probe_fits_wrong.json,"DEGENERATE: cv_last == expected at k=N, not a control here"
Qwen2.5-3B-Instruct,Qwen2.5,base,5,10,CVQ,semantic,CVQ,10,wrong,expected,0.1,0,0.0,0.04003212851405623,6.425702811244937e-05,19.155190361445783,0.1345897919360208,5,False,1249,0.02,raw,lora_intervention/experiments/linear_probing/results_probe50/Qwen2.5-3B-Instruct_5k_10u/probe_fits_wrong.json,
Qwen2.5-3B-Instruct,Qwen2.5,base,5,10,CVQ,semantic,CVQ,10,wrong,expected,0.1,1,0.027778,0.06645783132530121,0.012573825539274745,18.11021686746988,0.17199455416775117,5,False,1249,0.02,raw,lora_intervention/experiments/linear_probing/results_probe50/Qwen2.5-3B-Instruct_5k_10u/probe_fits_wrong.json,
Qwen2.5-3B-Instruct,Qwen2.5,base,5,10,CVQ,semantic,CVQ,10,wrong,expected,0.1,2,0.055556,0.08247710843373494,0.014517614550600338,16.88173815261044,0.19372945421874596,5,False,1249,0.02,raw,lora_intervention/experiments/linear_probing/results_probe50/Qwen2.5-3B-Instruct_5k_10u/probe_fits_wrong.json,
Qwen2.5-3B-Instruct,Qwen2.5,base,5,10,CVQ,semantic,CVQ,10,wrong,expected,0.1,3,0.083333,0.08808032128514057,0.017943063196643988,17.12054939759036,0.19424082415434538,5,False,1249,0.02,raw,lora_intervention/experiments/linear_probing/results_probe50/Qwen2.5-3B-Instruct_5k_10u/probe_fits_wrong.json,
Qwen2.5-3B-Instruct,Qwen2.5,base,5,10,CVQ,semantic,CVQ,10,wrong,expected,0.1,4,0.111111,0.07126746987951807,0.011777327271254348,18.041927710843375,0.17527932297871235,5,False,1249,0.02,raw,lora_intervention/experiments/linear_probing/results_probe50/Qwen2.5-3B-Instruct_5k_10u/probe_fits_wrong.json,
Qwen2.5-3B-Instruct,Qwen2.5,base,5,10,CVQ,semantic,CVQ,10,wrong,expected,0.1,5,0.138889,0.06726104417670684,0.00782619211852606,18.598573493975906,0.1668236337642417,5,False,1249,0.02,raw,lora_intervention/experiments/linear_probing/results_probe50/Qwen2.5-3B-Instruct_5k_10u/probe_fits_wrong.json,
Qwen2.5-3B-Instruct,Qwen2.5,base,5,10,CVQ,semantic,CVQ,10,wrong,expected,0.1,6,0.166667,0.06485140562248996,0.003910028280730253,19.001802409638554,0.1600921205038241,5,False,1249,0.02,raw,lora_intervention/experiments/linear_probing/results_probe50/Qwen2.5-3B-Instruct_5k_10u/probe_fits_wrong.json,
Qwen2.5-3B-Instruct,Qwen2.5,base,5,10,CVQ,semantic,CVQ,10,wrong,expected,0.1,7,0.194444,0.060857831325301204,0.008617934760456901,19.315058634538154,0.1558722498851505,5,False,1249,0.02,raw,lora_intervention/experiments/linear_probing/results_probe50/Qwen2.5-3B-Instruct_5k_10u/probe_fits_wrong.json,
Qwen2.5-3B-Instruct,Qwen2.5,base,5,10,CVQ,semantic,CVQ,10,wrong,expected,0.1,8,0.222222,0.05444819277108433,0.00485685589747974,19.627161445783134,0.15046284854919234,5,False,1249,0.02,raw,lora_intervention/experiments/linear_probing/results_probe50/Qwen2.5-3B-Instruct_5k_10u/probe_fits_wrong.json,
Qwen2.5-3B-Instruct,Qwen2.5,base,5,10,CVQ,semantic,CVQ,10,wrong,expected,0.1,9,0.25,0.05364176706827308,0.00965988215940001,19.702416064257026,0.14777260602701545,5,False,1249,0.02,raw,lora_intervention/experiments/linear_probing/results_probe50/Qwen2.5-3B-Instruct_5k_10u/probe_fits_wrong.json,
Qwen2.5-3B-Instruct,Qwen2.5,base,5,10,CVQ,semantic,CVQ,10,wrong,expected,0.1,10,0.277778,0.054441767068273084,0.0069603517169937405,19.972192771084337,0.14576938649919607,5,False,1249,0.02,raw,lora_intervention/experiments/linear_probing/results_probe50/Qwen2.5-3B-Instruct_5k_10u/probe_fits_wrong.json,
Qwen2.5-3B-Instruct,Qwen2.5,base,5,10,CVQ,semantic,CVQ,10,wrong,expected,0.1,11,0.305556,0.04804176706827309,0.007179214058527108,19.98582489959839,0.14137026152046067,5,False,1249,0.02,raw,lora_intervention/experiments/linear_probing/results_probe50/Qwen2.5-3B-Instruct_5k_10u/probe_fits_wrong.json,
Qwen2.5-3B-Instruct,Qwen2.5,base,5,10,CVQ,semantic,CVQ,10,wrong,expected,0.1,12,0.333333,0.0448417670682731,0.00819563443151908,20.23806265060241,0.13766185980171364,5,False,1249,0.02,raw,lora_intervention/experiments/linear_probing/results_probe50/Qwen2.5-3B-Instruct_5k_10u/probe_fits_wrong.json,
Qwen2.5-3B-Instruct,Qwen2.5,base,5,10,CVQ,semantic,CVQ,10,wrong,expected,0.1,13,0.361111,0.04082891566265061,0.006378538555244478,20.62586345381526,0.1305390374995051,5,False,1249,0.02,raw,lora_intervention/experiments/linear_probing/results_probe50/Qwen2.5-3B-Instruct_5k_10u/probe_fits_wrong.json,
Qwen2.5-3B-Instruct,Qwen2.5,base,5,10,CVQ,semantic,CVQ,10,wrong,expected,0.1,14,0.388889,0.03922248995983936,0.015455039569434066,20.522557429718876,0.1302958161185785,5,False,1249,0.02,raw,lora_intervention/experiments/linear_probing/results_probe50/Qwen2.5-3B-Instruct_5k_10u/probe_fits_wrong.json,
Qwen2.5-3B-Instruct,Qwen2.5,base,5,10,CVQ,semantic,CVQ,10,wrong,expected,0.1,15,0.416667,0.04562891566265061,0.01117533729868117,20.436735742971884,0.13106023544206274,5,False,1249,0.02,raw,lora_intervention/experiments/linear_probing/results_probe50/Qwen2.5-3B-Instruct_5k_10u/probe_fits_wrong.json,
Qwen2.5-3B-Instruct,Qwen2.5,base,5,10,CVQ,semantic,CVQ,10,wrong,expected,0.1,16,0.444444,0.038435341365461846,0.00863949184510429,20.511739759036146,0.1297981775512308,5,False,1249,0.02,raw,lora_intervention/experiments/linear_probing/results_probe50/Qwen2.5-3B-Instruct_5k_10u/probe_fits_wrong.json,
Qwen2.5-3B-Instruct,Qwen2.5,base,5,10,CVQ,semantic,CVQ,10,wrong,expected,0.1,17,0.472222,0.03924176706827309,0.009318595114058753,20.37892048192771,0.12773325471046432,5,False,1249,0.02,raw,lora_intervention/experiments/linear_probing/results_probe50/Qwen2.5-3B-Instruct_5k_10u/probe_fits_wrong.json,
Qwen2.5-3B-Instruct,Qwen2.5,base,5,10,CVQ,semantic,CVQ,10,wrong,expected,0.1,18,0.5,0.0352289156626506,0.013950254819265024,20.808963855421688,0.12314131947097584,5,False,1249,0.02,raw,lora_intervention/experiments/linear_probing/results_probe50/Qwen2.5-3B-Instruct_5k_10u/probe_fits_wrong.json,
Qwen2.5-3B-Instruct,Qwen2.5,base,5,10,CVQ,semantic,CVQ,10,wrong,expected,0.1,19,0.527778,0.03364497991967872,0.015781736063383636,21.136115662650603,0.12111200959710702,5,False,1249,0.02,raw,lora_intervention/experiments/linear_probing/results_probe50/Qwen2.5-3B-Instruct_5k_10u/probe_fits_wrong.json,
Qwen2.5-3B-Instruct,Qwen2.5,base,5,10,CVQ,semantic,CVQ,10,wrong,expected,0.1,20,0.555556,0.03363534136546185,0.012057366895390439,20.927527710843375,0.12305680327222816,5,False,1249,0.02,raw,lora_intervention/experiments/linear_probing/results_probe50/Qwen2.5-3B-Instruct_5k_10u/probe_fits_wrong.json,
Qwen2.5-3B-Instruct,Qwen2.5,base,5,10,CVQ,semantic,CVQ,10,wrong,expected,0.1,21,0.583333,0.036828915662650605,0.005875123777585042,21.818923694779116,0.11698103295251697,5,False,1249,0.02,raw,lora_intervention/experiments/linear_probing/results_probe50/Qwen2.5-3B-Instruct_5k_10u/probe_fits_wrong.json,
Qwen2.5-3B-Instruct,Qwen2.5,base,5,10,CVQ,semantic,CVQ,10,wrong,expected,0.1,22,0.611111,0.02801606425702811,0.007137506856666806,21.814698795180725,0.11279739435022362,5,False,1249,0.02,raw,lora_intervention/experiments/linear_probing/results_probe50/Qwen2.5-3B-Instruct_5k_10u/probe_fits_wrong.json,
Qwen2.5-3B-Instruct,Qwen2.5,base,5,10,CVQ,semantic,CVQ,10,wrong,expected,0.1,23,0.638889,0.03201927710843373,0.010104110682920022,22.088151004016062,0.11228752731597631,5,False,1249,0.02,raw,lora_intervention/experiments/linear_probing/results_probe50/Qwen2.5-3B-Instruct_5k_10u/probe_fits_wrong.json,
Qwen2.5-3B-Instruct,Qwen2.5,base,5,10,CVQ,semantic,CVQ,10,wrong,expected,0.1,24,0.666667,0.032022489959839355,0.00798887373253949,21.607697991967875,0.11624185348159591,5,False,1249,0.02,raw,lora_intervention/experiments/linear_probing/results_probe50/Qwen2.5-3B-Instruct_5k_10u/probe_fits_wrong.json,
Qwen2.5-3B-Instruct,Qwen2.5,base,5,10,CVQ,semantic,CVQ,10,wrong,expected,0.1,25,0.694444,0.035225702811244985,0.008148505663375077,22.461053815261046,0.11300387859454002,5,False,1249,0.02,raw,lora_intervention/experiments/linear_probing/results_probe50/Qwen2.5-3B-Instruct_5k_10u/probe_fits_wrong.json,
Qwen2.5-3B-Instruct,Qwen2.5,base,5,10,CVQ,semantic,CVQ,10,wrong,expected,0.1,26,0.722222,0.02721927710843373,0.00992159830539729,22.138955823293173,0.10870885985067354,5,False,1249,0.02,raw,lora_intervention/experiments/linear_probing/results_probe50/Qwen2.5-3B-Instruct_5k_10u/probe_fits_wrong.json,
Qwen2.5-3B-Instruct,Qwen2.5,base,5,10,CVQ,semantic,CVQ,10,wrong,expected,0.1,27,0.75,0.03842248995983935,0.009304527501626058,20.21078232931727,0.13056779095220622,5,False,1249,0.02,raw,lora_intervention/experiments/linear_probing/results_probe50/Qwen2.5-3B-Instruct_5k_10u/probe_fits_wrong.json,
Qwen2.5-3B-Instruct,Qwen2.5,base,5,10,CVQ,semantic,CVQ,10,wrong,expected,0.1,28,0.777778,0.03763212851405623,0.01422667725904864,19.966213654618475,0.13564387277938264,5,False,1249,0.02,raw,lora_intervention/experiments/linear_probing/results_probe50/Qwen2.5-3B-Instruct_5k_10u/probe_fits_wrong.json,
Qwen2.5-3B-Instruct,Qwen2.5,base,5,10,CVQ,semantic,CVQ,10,wrong,expected,0.1,29,0.805556,0.03683855421686747,0.00930750021049607,19.689651405622488,0.13721905222889413,5,False,1249,0.02,raw,lora_intervention/experiments/linear_probing/results_probe50/Qwen2.5-3B-Instruct_5k_10u/probe_fits_wrong.json,
Qwen2.5-3B-Instruct,Qwen2.5,base,5,10,CVQ,semantic,CVQ,10,wrong,expected,0.1,30,0.833333,0.05364497991967872,0.009341520025518068,18.35698313253012,0.1586436840484733,5,False,1249,0.02,raw,lora_intervention/experiments/linear_probing/results_probe50/Qwen2.5-3B-Instruct_5k_10u/probe_fits_wrong.json,
Qwen2.5-3B-Instruct,Qwen2.5,base,5,10,CVQ,semantic,CVQ,10,wrong,expected,0.1,31,0.861111,0.3090602409638554,0.032067775519020306,8.674441767068274,0.44448547851833553,5,False,1249,0.02,raw,lora_intervention/experiments/linear_probing/results_probe50/Qwen2.5-3B-Instruct_5k_10u/probe_fits_wrong.json,
Qwen2.5-3B-Instruct,Qwen2.5,base,5,10,CVQ,semantic,CVQ,10,wrong,expected,0.1,32,0.888889,0.3995502008032129,0.0366172820062706,6.047482730923695,0.5434934831251611,5,False,1249,0.02,raw,lora_intervention/experiments/linear_probing/results_probe50/Qwen2.5-3B-Instruct_5k_10u/probe_fits_wrong.json,
Qwen2.5-3B-Instruct,Qwen2.5,base,5,10,CVQ,semantic,CVQ,10,wrong,expected,0.1,33,0.916667,0.45475341365461847,0.02543543378030088,4.1429140562249,0.6078447766228352,5,False,1249,0.02,raw,lora_intervention/experiments/linear_probing/results_probe50/Qwen2.5-3B-Instruct_5k_10u/probe_fits_wrong.json,
Qwen2.5-3B-Instruct,Qwen2.5,base,5,10,CVQ,semantic,CVQ,10,wrong,expected,0.1,34,0.944444,0.4379373493975904,0.014043522338396364,3.643524497991968,0.6043669514763202,5,False,1249,0.02,raw,lora_intervention/experiments/linear_probing/results_probe50/Qwen2.5-3B-Instruct_5k_10u/probe_fits_wrong.json,
Qwen2.5-3B-Instruct,Qwen2.5,base,5,10,CVQ,semantic,CVQ,10,wrong,expected,0.1,35,0.972222,0.429140562248996,0.019093311210772304,3.662714859437751,0.5968095677488517,5,False,1249,0.02,raw,lora_intervention/experiments/linear_probing/results_probe50/Qwen2.5-3B-Instruct_5k_10u/probe_fits_wrong.json,
Qwen2.5-3B-Instruct,Qwen2.5,base,5,10,CVQ,semantic,CVQ,10,wrong,expected,0.1,36,1.0,0.4195277108433735,0.017945719676176045,3.644289156626506,0.593333458008021,5,False,1249,0.02,raw,lora_intervention/experiments/linear_probing/results_probe50/Qwen2.5-3B-Instruct_5k_10u/probe_fits_wrong.json,
Qwen2.5-3B-Instruct,Qwen2.5,base,5,10,CVQ,semantic,CVQ,10,wrong,shuffled,0.1,0,0.0,0.04003212851405623,6.425702811244937e-05,19.156963855421687,0.1345326590983482,5,False,1249,0.02,raw,lora_intervention/experiments/linear_probing/results_probe50/Qwen2.5-3B-Instruct_5k_10u/probe_fits_wrong.json,
Qwen2.5-3B-Instruct,Qwen2.5,base,5,10,CVQ,semantic,CVQ,10,wrong,shuffled,0.1,1,0.027778,0.0336289156626506,0.003222132778596962,22.423463453815266,0.11125221469383759,5,False,1249,0.02,raw,lora_intervention/experiments/linear_probing/results_probe50/Qwen2.5-3B-Instruct_5k_10u/probe_fits_wrong.json,
Qwen2.5-3B-Instruct,Qwen2.5,base,5,10,CVQ,semantic,CVQ,10,wrong,shuffled,0.1,2,0.055556,0.034425702811244976,0.006489935981506109,22.39713092369478,0.11279198896080019,5,False,1249,0.02,raw,lora_intervention/experiments/linear_probing/results_probe50/Qwen2.5-3B-Instruct_5k_10u/probe_fits_wrong.json,
Qwen2.5-3B-Instruct,Qwen2.5,base,5,10,CVQ,semantic,CVQ,10,wrong,shuffled,0.1,3,0.083333,0.032028915662650606,0.007171796829483592,22.538695582329318,0.10992474055298955,5,False,1249,0.02,raw,lora_intervention/experiments/linear_probing/results_probe50/Qwen2.5-3B-Instruct_5k_10u/probe_fits_wrong.json,
Qwen2.5-3B-Instruct,Qwen2.5,base,5,10,CVQ,semantic,CVQ,10,wrong,shuffled,0.1,4,0.111111,0.025616064257028115,0.004781329581058035,22.38207550200803,0.1081732537481418,5,False,1249,0.02,raw,lora_intervention/experiments/linear_probing/results_probe50/Qwen2.5-3B-Instruct_5k_10u/probe_fits_wrong.json,
Qwen2.5-3B-Instruct,Qwen2.5,base,5,10,CVQ,semantic,CVQ,10,wrong,shuffled,0.1,5,0.138889,0.024016064257028114,0.011860544599013595,22.39475983935743,0.10720708441232019,5,False,1249,0.02,raw,lora_intervention/experiments/linear_probing/results_probe50/Qwen2.5-3B-Instruct_5k_10u/probe_fits_wrong.json,
Qwen2.5-3B-Instruct,Qwen2.5,base,5,10,CVQ,semantic,CVQ,10,wrong,shuffled,0.1,6,0.166667,0.025616064257028108,0.01060476838798003,22.279688353413654,0.10788139197092543,5,False,1249,0.02,raw,lora_intervention/experiments/linear_probing/results_probe50/Qwen2.5-3B-Instruct_5k_10u/probe_fits_wrong.json,
Qwen2.5-3B-Instruct,Qwen2.5,base,5,10,CVQ,semantic,CVQ,10,wrong,shuffled,0.1,7,0.194444,0.027216064257028112,0.007316399861968359,22.17004016064257,0.10809482394281722,5,False,1249,0.02,raw,lora_intervention/experiments/linear_probing/results_probe50/Qwen2.5-3B-Instruct_5k_10u/probe_fits_wrong.json,
Qwen2.5-3B-Instruct,Qwen2.5,base,5,10,CVQ,semantic,CVQ,10,wrong,shuffled,0.1,8,0.222222,0.026416064257028117,0.0031678714859437753,22.306779116465865,0.10704741368474915,5,False,1249,0.02,raw,lora_intervention/experiments/linear_probing/results_probe50/Qwen2.5-3B-Instruct_5k_10u/probe_fits_wrong.json,
Qwen2.5-3B-Instruct,Qwen2.5,base,5,10,CVQ,semantic,CVQ,10,wrong,shuffled,0.1,9,0.25,0.031225702811244982,0.005310721894056923,22.158673092369476,0.11100740211143709,5,False,1249,0.02,raw,lora_intervention/experiments/linear_probing/results_probe50/Qwen2.5-3B-Instruct_5k_10u/probe_fits_wrong.json,
Qwen2.5-3B-Instruct,Qwen2.5,base,5,10,CVQ,semantic,CVQ,10,wrong,shuffled,0.1,10,0.277778,0.025622489959839356,0.004092673331748237,22.147405622489963,0.10887402297921708,5,False,1249,0.02,raw,lora_intervention/experiments/linear_probing/results_probe50/Qwen2.5-3B-Instruct_5k_10u/probe_fits_wrong.json,
Qwen2.5-3B-Instruct,Qwen2.5,base,5,10,CVQ,semantic,CVQ,10,wrong,shuffled,0.1,11,0.305556,0.02401285140562249,0.008751859125040007,22.13132208835341,0.10711678494314772,5,False,1249,0.02,raw,lora_intervention/experiments/linear_probing/results_probe50/Qwen2.5-3B-Instruct_5k_10u/probe_fits_wrong.json,
Qwen2.5-3B-Instruct,Qwen2.5,base,5,10,CVQ,semantic,CVQ,10,wrong,shuffled,0.1,12,0.333333,0.028809638554216872,0.012224422938741233,22.28433734939759,0.1091836531692745,5,False,1249,0.02,raw,lora_intervention/experiments/linear_probing/results_probe50/Qwen2.5-3B-Instruct_5k_10u/probe_fits_wrong.json,
Qwen2.5-3B-Instruct,Qwen2.5,base,5,10,CVQ,semantic,CVQ,10,wrong,shuffled,0.1,13,0.361111,0.02641606425702811,0.009318551912795013,21.88874859437751,0.10924196801177269,5,False,1249,0.02,raw,lora_intervention/experiments/linear_probing/results_probe50/Qwen2.5-3B-Instruct_5k_10u/probe_fits_wrong.json,
Qwen2.5-3B-Instruct,Qwen2.5,base,5,10,CVQ,semantic,CVQ,10,wrong,shuffled,0.1,14,0.388889,0.02721285140562249,0.012738633723777528,21.853484337349396,0.10673412264098822,5,False,1249,0.02,raw,lora_intervention/experiments/linear_probing/results_probe50/Qwen2.5-3B-Instruct_5k_10u/probe_fits_wrong.json,
Qwen2.5-3B-Instruct,Qwen2.5,base,5,10,CVQ,semantic,CVQ,10,wrong,shuffled,0.1,15,0.416667,0.026416064257028117,0.014873984326718095,22.323424899598393,0.10556805233698811,5,False,1249,0.02,raw,lora_intervention/experiments/linear_probing/results_probe50/Qwen2.5-3B-Instruct_5k_10u/probe_fits_wrong.json,
Qwen2.5-3B-Instruct,Qwen2.5,base,5,10,CVQ,semantic,CVQ,10,wrong,shuffled,0.1,16,0.444444,0.02240963855421687,0.006959877131041806,22.074258634538154,0.1027381942769762,5,False,1249,0.02,raw,lora_intervention/experiments/linear_probing/results_probe50/Qwen2.5-3B-Instruct_5k_10u/probe_fits_wrong.json,
Qwen2.5-3B-Instruct,Qwen2.5,base,5,10,CVQ,semantic,CVQ,10,wrong,shuffled,0.1,17,0.472222,0.0224,0.013047605144240072,22.389786345381527,0.10101592016045897,5,False,1249,0.02,raw,lora_intervention/experiments/linear_probing/results_probe50/Qwen2.5-3B-Instruct_5k_10u/probe_fits_wrong.json,
Qwen2.5-3B-Instruct,Qwen2.5,base,5,10,CVQ,semantic,CVQ,10,wrong,shuffled,0.1,18,0.5,0.02881285140562249,0.011127967678357541,22.719444176706826,0.10467493385558706,5,False,1249,0.02,raw,lora_intervention/experiments/linear_probing/results_probe50/Qwen2.5-3B-Instruct_5k_10u/probe_fits_wrong.json,
Qwen2.5-3B-Instruct,Qwen2.5,base,5,10,CVQ,semantic,CVQ,10,wrong,shuffled,0.1,19,0.527778,0.024012851405622492,0.005638708907590998,22.300562248995988,0.10606403526418218,5,False,1249,0.02,raw,lora_intervention/experiments/linear_probing/results_probe50/Qwen2.5-3B-Instruct_5k_10u/probe_fits_wrong.json,
Qwen2.5-3B-Instruct,Qwen2.5,base,5,10,CVQ,semantic,CVQ,10,wrong,shuffled,0.1,20,0.555556,0.02400321285140562,0.010727139750811104,22.419476305220883,0.10143242426162205,5,False,1249,0.02,raw,lora_intervention/experiments/linear_probing/results_probe50/Qwen2.5-3B-Instruct_5k_10u/probe_fits_wrong.json,
Qwen2.5-3B-Instruct,Qwen2.5,base,5,10,CVQ,semantic,CVQ,10,wrong,shuffled,0.1,21,0.583333,0.02320321285140562,0.011697720623936984,22.82369799196787,0.10244503701876098,5,False,1249,0.02,raw,lora_intervention/experiments/linear_probing/results_probe50/Qwen2.5-3B-Instruct_5k_10u/probe_fits_wrong.json,
Qwen2.5-3B-Instruct,Qwen2.5,base,5,10,CVQ,semantic,CVQ,10,wrong,shuffled,0.1,22,0.611111,0.028019277108433733,0.002499453852378232,22.97709236947791,0.10784950647206668,5,False,1249,0.02,raw,lora_intervention/experiments/linear_probing/results_probe50/Qwen2.5-3B-Instruct_5k_10u/probe_fits_wrong.json,
Qwen2.5-3B-Instruct,Qwen2.5,base,5,10,CVQ,semantic,CVQ,10,wrong,shuffled,0.1,23,0.638889,0.018409638554216866,0.006489761021249832,23.319386345381524,0.09736701800825213,5,False,1249,0.02,raw,lora_intervention/experiments/linear_probing/results_probe50/Qwen2.5-3B-Instruct_5k_10u/probe_fits_wrong.json,
Qwen2.5-3B-Instruct,Qwen2.5,base,5,10,CVQ,semantic,CVQ,10,wrong,shuffled,0.1,24,0.666667,0.021619277108433737,0.0019834355417104417,22.920379116465863,0.10236986335021983,5,False,1249,0.02,raw,lora_intervention/experiments/linear_probing/results_probe50/Qwen2.5-3B-Instruct_5k_10u/probe_fits_wrong.json,
Qwen2.5-3B-Instruct,Qwen2.5,base,5,10,CVQ,semantic,CVQ,10,wrong,shuffled,0.1,25,0.694444,0.02001285140562249,0.0066856450241937005,23.032003212851407,0.09932328415307655,5,False,1249,0.02,raw,lora_intervention/experiments/linear_probing/results_probe50/Qwen2.5-3B-Instruct_5k_10u/probe_fits_wrong.json,
Qwen2.5-3B-Instruct,Qwen2.5,base,5,10,CVQ,semantic,CVQ,10,wrong,shuffled,0.1,26,0.722222,0.02001285140562249,0.007148275973234804,23.12216546184739,0.1011759761493026,5,False,1249,0.02,raw,lora_intervention/experiments/linear_probing/results_probe50/Qwen2.5-3B-Instruct_5k_10u/probe_fits_wrong.json,
Qwen2.5-3B-Instruct,Qwen2.5,base,5,10,CVQ,semantic,CVQ,10,wrong,shuffled,0.1,27,0.75,0.02081606425702811,0.01085059120187331,22.85580401606426,0.10164860117768686,5,False,1249,0.02,raw,lora_intervention/experiments/linear_probing/results_probe50/Qwen2.5-3B-Instruct_5k_10u/probe_fits_wrong.json,
Qwen2.5-3B-Instruct,Qwen2.5,base,5,10,CVQ,semantic,CVQ,10,wrong,shuffled,0.1,28,0.777778,0.02561285140562249,0.010899262068899624,22.74421847389558,0.1052036502614404,5,False,1249,0.02,raw,lora_intervention/experiments/linear_probing/results_probe50/Qwen2.5-3B-Instruct_5k_10u/probe_fits_wrong.json,
Qwen2.5-3B-Instruct,Qwen2.5,base,5,10,CVQ,semantic,CVQ,10,wrong,shuffled,0.1,29,0.805556,0.02082248995983936,0.01144053664016077,22.91848995983936,0.1012752283607125,5,False,1249,0.02,raw,lora_intervention/experiments/linear_probing/results_probe50/Qwen2.5-3B-Instruct_5k_10u/probe_fits_wrong.json,
Qwen2.5-3B-Instruct,Qwen2.5,base,5,10,CVQ,semantic,CVQ,10,wrong,shuffled,0.1,30,0.833333,0.023212851405622494,0.0111344330970886,23.04038554216867,0.1020604718860473,5,False,1249,0.02,raw,lora_intervention/experiments/linear_probing/results_probe50/Qwen2.5-3B-Instruct_5k_10u/probe_fits_wrong.json,
Qwen2.5-3B-Instruct,Qwen2.5,base,5,10,CVQ,semantic,CVQ,10,wrong,shuffled,0.1,31,0.861111,0.020809638554216865,0.009251525985084445,23.165950200803213,0.10030899773501738,5,False,1249,0.02,raw,lora_intervention/experiments/linear_probing/results_probe50/Qwen2.5-3B-Instruct_5k_10u/probe_fits_wrong.json,
Qwen2.5-3B-Instruct,Qwen2.5,base,5,10,CVQ,semantic,CVQ,10,wrong,shuffled,0.1,32,0.888889,0.023225702811244982,0.009623669363394361,23.590573493975903,0.09936957347272819,5,False,1249,0.02,raw,lora_intervention/experiments/linear_probing/results_probe50/Qwen2.5-3B-Instruct_5k_10u/probe_fits_wrong.json,
Qwen2.5-3B-Instruct,Qwen2.5,base,5,10,CVQ,semantic,CVQ,10,wrong,shuffled,0.1,33,0.916667,0.02402248995983936,0.0025655297448848964,23.06459437751004,0.10473800095494908,5,False,1249,0.02,raw,lora_intervention/experiments/linear_probing/results_probe50/Qwen2.5-3B-Instruct_5k_10u/probe_fits_wrong.json,
Qwen2.5-3B-Instruct,Qwen2.5,base,5,10,CVQ,semantic,CVQ,10,wrong,shuffled,0.1,34,0.944444,0.030428915662650602,0.0074409139145586705,22.902287550200803,0.10553430851753512,5,False,1249,0.02,raw,lora_intervention/experiments/linear_probing/results_probe50/Qwen2.5-3B-Instruct_5k_10u/probe_fits_wrong.json,
Qwen2.5-3B-Instruct,Qwen2.5,base,5,10,CVQ,semantic,CVQ,10,wrong,shuffled,0.1,35,0.972222,0.030428915662650602,0.004119126106818391,23.066377510040162,0.10611367739397344,5,False,1249,0.02,raw,lora_intervention/experiments/linear_probing/results_probe50/Qwen2.5-3B-Instruct_5k_10u/probe_fits_wrong.json,
Qwen2.5-3B-Instruct,Qwen2.5,base,5,10,CVQ,semantic,CVQ,10,wrong,shuffled,0.1,36,1.0,0.03282248995983936,0.004641779785676661,22.873310843373496,0.10918339813199977,5,False,1249,0.02,raw,lora_intervention/experiments/linear_probing/results_probe50/Qwen2.5-3B-Instruct_5k_10u/probe_fits_wrong.json,
