theme,model,model_family,is_proprietary,variant,dataset,prompt_format,num_keys,num_updates,condition,query_type,position,accuracy,gap,ci_lower,ci_upper,wilson_hw,n_trials,n_correct,n_offstream,accuracy_onstream,error_types_json,regime,split,provenance_tier,source_file,notes
03_prompt_format,Qwen2.5-3B-Instruct,Qwen2.5,False,base,arbitrary_single,block,2,30,FVQ,ordinal,first,0.9,,,,,100,,,,,,,raw,lora_intervention/experiments/block_readout_results/results_K2N30.json,behavioural accuracy only; per-layer P(v_last) / P(v_first) curves remain in the source file
03_prompt_format,Qwen2.5-3B-Instruct,Qwen2.5,False,base,arbitrary_single,block,2,30,FVQ,ordinal,1,0.9,,0.8308609494456025,0.9691390505543975,0.06913905055439752,80,72,,,,,,raw,lora_intervention/experiments/behavioral_block_lora_results/results.json,cell K2N30; condition key base_block
03_prompt_format,Qwen2.5-3B-Instruct,Qwen2.5,False,base,arbitrary_single,block,2,30,CVQ,ordinal,30,0.953125,,0.8914048570345556,1.0,0.06172014296544431,64,61,,,,,,raw,lora_intervention/experiments/behavioral_block_lora_results/results.json,cell K2N30; condition key base_block
03_prompt_format,Qwen2.5-3B-Instruct,Qwen2.5,False,base,arbitrary_single,block,2,30,CVQ,ordinal,last,0.96,,,,,100,,,,,,,raw,lora_intervention/experiments/block_readout_results/results_K2N30.json,behavioural accuracy only; per-layer P(v_last) / P(v_first) curves remain in the source file
03_prompt_format,Qwen2.5-3B-Instruct,Qwen2.5,False,base,arbitrary_single,block,5,20,FVQ,ordinal,1,1.0,,0.9485813916897793,1.0,0.05141860831022067,48,48,,,,,,raw,lora_intervention/experiments/behavioral_block_lora_results/results.json,cell K5N20; condition key base_block
03_prompt_format,Qwen2.5-3B-Instruct,Qwen2.5,False,base,arbitrary_single,block,5,20,IVQ,ordinal,2,0.9375,,0.8785930169610395,0.9964069830389605,0.058906983038960456,80,75,,,,,,raw,lora_intervention/experiments/behavioral_block_lora_results/results.json,cell K5N20; condition key base_block
03_prompt_format,Qwen2.5-3B-Instruct,Qwen2.5,False,base,arbitrary_single,block,5,20,IVQ,ordinal,3,0.9375,,0.8703384944005647,1.0,0.0671615055994353,64,60,,,,,,raw,lora_intervention/experiments/behavioral_block_lora_results/results.json,cell K5N20; condition key base_block
03_prompt_format,Qwen2.5-3B-Instruct,Qwen2.5,False,base,arbitrary_single,block,5,20,IVQ,ordinal,4,0.953125,,0.8914048570345556,1.0,0.06172014296544431,64,61,,,,,,raw,lora_intervention/experiments/behavioral_block_lora_results/results.json,cell K5N20; condition key base_block
03_prompt_format,Qwen2.5-3B-Instruct,Qwen2.5,False,base,arbitrary_single,block,5,20,IVQ,ordinal,5,0.953125,,0.8914048570345556,1.0,0.06172014296544431,64,61,,,,,,raw,lora_intervention/experiments/behavioral_block_lora_results/results.json,cell K5N20; condition key base_block
03_prompt_format,Qwen2.5-3B-Instruct,Qwen2.5,False,base,arbitrary_single,block,5,20,IVQ,ordinal,6,0.96875,,0.9132209307514648,1.0,0.05552906924853514,64,62,,,,,,raw,lora_intervention/experiments/behavioral_block_lora_results/results.json,cell K5N20; condition key base_block
03_prompt_format,Qwen2.5-3B-Instruct,Qwen2.5,False,base,arbitrary_single,block,5,20,IVQ,ordinal,7,0.9125,,0.846496063261101,0.9785039367388989,0.06600393673889889,80,73,,,,,,raw,lora_intervention/experiments/behavioral_block_lora_results/results.json,cell K5N20; condition key base_block
03_prompt_format,Qwen2.5-3B-Instruct,Qwen2.5,False,base,arbitrary_single,block,5,20,IVQ,ordinal,8,0.9375,,0.8785930169610395,0.9964069830389605,0.058906983038960456,80,75,,,,,,raw,lora_intervention/experiments/behavioral_block_lora_results/results.json,cell K5N20; condition key base_block
03_prompt_format,Qwen2.5-3B-Instruct,Qwen2.5,False,base,arbitrary_single,block,5,20,IVQ,ordinal,9,0.9791666666666666,,0.9163989744333195,1.0,0.06276769223334708,48,47,,,,,,raw,lora_intervention/experiments/behavioral_block_lora_results/results.json,cell K5N20; condition key base_block
03_prompt_format,Qwen2.5-3B-Instruct,Qwen2.5,False,base,arbitrary_single,block,5,20,IVQ,ordinal,10,0.8645833333333334,,0.7946487702282099,0.9345178964384568,0.06993456310512348,96,83,,,,,,raw,lora_intervention/experiments/behavioral_block_lora_results/results.json,cell K5N20; condition key base_block
03_prompt_format,Qwen2.5-3B-Instruct,Qwen2.5,False,base,arbitrary_single,block,5,20,IVQ,ordinal,11,0.9791666666666666,,0.9163989744333195,1.0,0.06276769223334708,48,47,,,,,,raw,lora_intervention/experiments/behavioral_block_lora_results/results.json,cell K5N20; condition key base_block
03_prompt_format,Qwen2.5-3B-Instruct,Qwen2.5,False,base,arbitrary_single,block,5,20,IVQ,ordinal,12,0.8645833333333334,,0.7946487702282099,0.9345178964384568,0.06993456310512348,96,83,,,,,,raw,lora_intervention/experiments/behavioral_block_lora_results/results.json,cell K5N20; condition key base_block
03_prompt_format,Qwen2.5-3B-Instruct,Qwen2.5,False,base,arbitrary_single,block,5,20,IVQ,ordinal,13,0.8958333333333334,,0.8322289143768012,0.9594377522898655,0.06360441895653211,96,86,,,,,,raw,lora_intervention/experiments/behavioral_block_lora_results/results.json,cell K5N20; condition key base_block
03_prompt_format,Qwen2.5-3B-Instruct,Qwen2.5,False,base,arbitrary_single,block,5,20,IVQ,ordinal,14,0.9,,0.8308609494456025,0.9691390505543975,0.06913905055439752,80,72,,,,,,raw,lora_intervention/experiments/behavioral_block_lora_results/results.json,cell K5N20; condition key base_block
03_prompt_format,Qwen2.5-3B-Instruct,Qwen2.5,False,base,arbitrary_single,block,5,20,IVQ,ordinal,15,0.875,,0.8070530407258207,0.9429469592741793,0.06794695927417928,96,84,,,,,,raw,lora_intervention/experiments/behavioral_block_lora_results/results.json,cell K5N20; condition key base_block
03_prompt_format,Qwen2.5-3B-Instruct,Qwen2.5,False,base,arbitrary_single,block,5,20,IVQ,ordinal,16,0.8645833333333334,,0.7946487702282099,0.9345178964384568,0.06993456310512348,96,83,,,,,,raw,lora_intervention/experiments/behavioral_block_lora_results/results.json,cell K5N20; condition key base_block
03_prompt_format,Qwen2.5-3B-Instruct,Qwen2.5,False,base,arbitrary_single,block,5,20,IVQ,ordinal,17,0.9,,0.8308609494456025,0.9691390505543975,0.06913905055439752,80,72,,,,,,raw,lora_intervention/experiments/behavioral_block_lora_results/results.json,cell K5N20; condition key base_block
03_prompt_format,Qwen2.5-3B-Instruct,Qwen2.5,False,base,arbitrary_single,block,5,20,IVQ,ordinal,18,0.9791666666666666,,0.9163989744333195,1.0,0.06276769223334708,48,47,,,,,,raw,lora_intervention/experiments/behavioral_block_lora_results/results.json,cell K5N20; condition key base_block
03_prompt_format,Qwen2.5-3B-Instruct,Qwen2.5,False,base,arbitrary_single,block,5,20,IVQ,ordinal,19,0.9791666666666666,,0.9163989744333195,1.0,0.06276769223334708,48,47,,,,,,raw,lora_intervention/experiments/behavioral_block_lora_results/results.json,cell K5N20; condition key base_block
03_prompt_format,Qwen2.5-3B-Instruct,Qwen2.5,False,base,arbitrary_single,block,5,20,CVQ,ordinal,20,0.953125,,0.8914048570345556,1.0,0.06172014296544431,64,61,,,,,,raw,lora_intervention/experiments/behavioral_block_lora_results/results.json,cell K5N20; condition key base_block
03_prompt_format,Qwen2.5-3B-Instruct,Qwen2.5,False,base,arbitrary_single,block,5,50,FVQ,ordinal,1,0.96875,,0.9132209307514648,1.0,0.05552906924853514,64,62,,,,,,raw,lora_intervention/experiments/behavioral_block_lora_results/results.json,cell K5N50; condition key base_block
03_prompt_format,Qwen2.5-3B-Instruct,Qwen2.5,False,base,arbitrary_single,block,5,50,IVQ,ordinal,2,0.625,,0.5571076440563436,0.6928923559436564,0.06789235594365636,192,120,,,,,,raw,lora_intervention/experiments/behavioral_block_lora_results/results.json,cell K5N50; condition key base_block
03_prompt_format,Qwen2.5-3B-Instruct,Qwen2.5,False,base,arbitrary_single,block,5,50,IVQ,ordinal,4,0.8645833333333334,,0.7946487702282099,0.9345178964384568,0.06993456310512348,96,83,,,,,,raw,lora_intervention/experiments/behavioral_block_lora_results/results.json,cell K5N50; condition key base_block
03_prompt_format,Qwen2.5-3B-Instruct,Qwen2.5,False,base,arbitrary_single,block,5,50,IVQ,ordinal,6,0.8854166666666666,,0.8195758312681732,0.95125750206516,0.06584083539849336,96,85,,,,,,raw,lora_intervention/experiments/behavioral_block_lora_results/results.json,cell K5N50; condition key base_block
03_prompt_format,Qwen2.5-3B-Instruct,Qwen2.5,False,base,arbitrary_single,block,5,50,IVQ,ordinal,8,0.9375,,0.8703384944005647,1.0,0.0671615055994353,64,60,,,,,,raw,lora_intervention/experiments/behavioral_block_lora_results/results.json,cell K5N50; condition key base_block
03_prompt_format,Qwen2.5-3B-Instruct,Qwen2.5,False,base,arbitrary_single,block,5,50,IVQ,ordinal,10,0.7986111111111112,,0.7330521081147151,0.8641701141075072,0.06555900299639601,144,115,,,,,,raw,lora_intervention/experiments/behavioral_block_lora_results/results.json,cell K5N50; condition key base_block
03_prompt_format,Qwen2.5-3B-Instruct,Qwen2.5,False,base,arbitrary_single,block,5,50,IVQ,ordinal,12,0.7708333333333334,,0.70236493703996,0.8393017296267068,0.06846839629337345,144,111,,,,,,raw,lora_intervention/experiments/behavioral_block_lora_results/results.json,cell K5N50; condition key base_block
03_prompt_format,Qwen2.5-3B-Instruct,Qwen2.5,False,base,arbitrary_single,block,5,50,IVQ,ordinal,14,0.828125,,0.762341374928522,0.893908625071478,0.06578362507147795,128,106,,,,,,raw,lora_intervention/experiments/behavioral_block_lora_results/results.json,cell K5N50; condition key base_block
03_prompt_format,Qwen2.5-3B-Instruct,Qwen2.5,False,base,arbitrary_single,block,5,50,IVQ,ordinal,16,0.7569444444444444,,0.6871689153537328,0.826719973535156,0.06977552909071161,144,109,,,,,,raw,lora_intervention/experiments/behavioral_block_lora_results/results.json,cell K5N50; condition key base_block
03_prompt_format,Qwen2.5-3B-Instruct,Qwen2.5,False,base,arbitrary_single,block,5,50,IVQ,ordinal,18,0.7847222222222222,,0.7176572728896237,0.8517871715548208,0.06706494933259853,144,113,,,,,,raw,lora_intervention/experiments/behavioral_block_lora_results/results.json,cell K5N50; condition key base_block
03_prompt_format,Qwen2.5-3B-Instruct,Qwen2.5,False,base,arbitrary_single,block,5,50,IVQ,ordinal,20,0.7375,,0.6696730668944486,0.8053269331055515,0.06782693310555145,160,118,,,,,,raw,lora_intervention/experiments/behavioral_block_lora_results/results.json,cell K5N50; condition key base_block
03_prompt_format,Qwen2.5-3B-Instruct,Qwen2.5,False,base,arbitrary_single,block,5,50,IVQ,ordinal,22,0.8645833333333334,,0.7946487702282099,0.9345178964384568,0.06993456310512348,96,83,,,,,,raw,lora_intervention/experiments/behavioral_block_lora_results/results.json,cell K5N50; condition key base_block
03_prompt_format,Qwen2.5-3B-Instruct,Qwen2.5,False,base,arbitrary_single,block,5,50,IVQ,ordinal,24,0.8046875,,0.7358774059423626,0.8734975940576374,0.06881009405763741,128,103,,,,,,raw,lora_intervention/experiments/behavioral_block_lora_results/results.json,cell K5N50; condition key base_block
03_prompt_format,Qwen2.5-3B-Instruct,Qwen2.5,False,base,arbitrary_single,block,5,50,IVQ,ordinal,26,0.75,,0.6831850752638997,0.8168149247361003,0.06681492473610032,160,120,,,,,,raw,lora_intervention/experiments/behavioral_block_lora_results/results.json,cell K5N50; condition key base_block
03_prompt_format,Qwen2.5-3B-Instruct,Qwen2.5,False,base,arbitrary_single,block,5,50,IVQ,ordinal,28,0.925,,0.8623917382068295,0.9876082617931706,0.06260826179317054,80,74,,,,,,raw,lora_intervention/experiments/behavioral_block_lora_results/results.json,cell K5N50; condition key base_block
03_prompt_format,Qwen2.5-3B-Instruct,Qwen2.5,False,base,arbitrary_single,block,5,50,IVQ,ordinal,30,0.6875,,0.6195219000484253,0.7554780999515747,0.06797809995157464,176,121,,,,,,raw,lora_intervention/experiments/behavioral_block_lora_results/results.json,cell K5N50; condition key base_block
03_prompt_format,Qwen2.5-3B-Instruct,Qwen2.5,False,base,arbitrary_single,block,5,50,IVQ,ordinal,32,0.8660714285714286,,0.801756246056594,0.9303866110862632,0.0643151825148346,112,97,,,,,,raw,lora_intervention/experiments/behavioral_block_lora_results/results.json,cell K5N50; condition key base_block
03_prompt_format,Qwen2.5-3B-Instruct,Qwen2.5,False,base,arbitrary_single,block,5,50,IVQ,ordinal,34,0.8482142857142857,,0.7808953109939074,0.915533260434664,0.0673189747203783,112,95,,,,,,raw,lora_intervention/experiments/behavioral_block_lora_results/results.json,cell K5N50; condition key base_block
03_prompt_format,Qwen2.5-3B-Instruct,Qwen2.5,False,base,arbitrary_single,block,5,50,IVQ,ordinal,36,0.875,,0.8070530407258207,0.9429469592741793,0.06794695927417928,96,84,,,,,,raw,lora_intervention/experiments/behavioral_block_lora_results/results.json,cell K5N50; condition key base_block
03_prompt_format,Qwen2.5-3B-Instruct,Qwen2.5,False,base,arbitrary_single,block,5,50,IVQ,ordinal,38,0.875,,0.8070530407258207,0.9429469592741793,0.06794695927417928,96,84,,,,,,raw,lora_intervention/experiments/behavioral_block_lora_results/results.json,cell K5N50; condition key base_block
03_prompt_format,Qwen2.5-3B-Instruct,Qwen2.5,False,base,arbitrary_single,block,5,50,IVQ,ordinal,40,0.8958333333333334,,0.8322289143768012,0.9594377522898655,0.06360441895653211,96,86,,,,,,raw,lora_intervention/experiments/behavioral_block_lora_results/results.json,cell K5N50; condition key base_block
03_prompt_format,Qwen2.5-3B-Instruct,Qwen2.5,False,base,arbitrary_single,block,5,50,IVQ,ordinal,42,0.9125,,0.846496063261101,0.9785039367388989,0.06600393673889889,80,73,,,,,,raw,lora_intervention/experiments/behavioral_block_lora_results/results.json,cell K5N50; condition key base_block
03_prompt_format,Qwen2.5-3B-Instruct,Qwen2.5,False,base,arbitrary_single,block,5,50,IVQ,ordinal,44,0.8482142857142857,,0.7808953109939074,0.915533260434664,0.0673189747203783,112,95,,,,,,raw,lora_intervention/experiments/behavioral_block_lora_results/results.json,cell K5N50; condition key base_block
03_prompt_format,Qwen2.5-3B-Instruct,Qwen2.5,False,base,arbitrary_single,block,5,50,IVQ,ordinal,46,0.925,,0.8623917382068295,0.9876082617931706,0.06260826179317054,80,74,,,,,,raw,lora_intervention/experiments/behavioral_block_lora_results/results.json,cell K5N50; condition key base_block
03_prompt_format,Qwen2.5-3B-Instruct,Qwen2.5,False,base,arbitrary_single,block,5,50,IVQ,ordinal,48,0.9375,,0.8703384944005647,1.0,0.0671615055994353,64,60,,,,,,raw,lora_intervention/experiments/behavioral_block_lora_results/results.json,cell K5N50; condition key base_block
03_prompt_format,Qwen2.5-3B-Instruct,Qwen2.5,False,base,arbitrary_single,block,5,50,CVQ,ordinal,50,0.96875,,0.9132209307514648,1.0,0.05552906924853514,64,62,,,,,,raw,lora_intervention/experiments/behavioral_block_lora_results/results.json,cell K5N50; condition key base_block
03_prompt_format,Qwen2.5-3B-Instruct,Qwen2.5,False,base,arbitrary_single,block,5,75,FVQ,ordinal,1,0.9,,0.8308609494456025,0.9691390505543975,0.06913905055439752,80,72,,,,,,raw,lora_intervention/experiments/behavioral_block_lora_results/results.json,cell K5N75; condition key base_block
03_prompt_format,Qwen2.5-3B-Instruct,Qwen2.5,False,base,arbitrary_single,block,5,75,IVQ,ordinal,2,0.3409090909090909,,0.27146515580190245,0.4103530260162793,0.06944393510718845,176,60,,,,,,raw,lora_intervention/experiments/behavioral_block_lora_results/results.json,cell K5N75; condition key base_block
03_prompt_format,Qwen2.5-3B-Instruct,Qwen2.5,False,base,arbitrary_single,block,5,75,IVQ,ordinal,4,0.10416666666666667,,0.040562247710134586,0.16777108562319876,0.06360441895653209,96,10,,,,,,raw,lora_intervention/experiments/behavioral_block_lora_results/results.json,cell K5N75; condition key base_block
03_prompt_format,Qwen2.5-3B-Instruct,Qwen2.5,False,base,arbitrary_single,block,5,75,IVQ,ordinal,6,0.0,,0.0,0.051418608310220645,0.051418608310220645,48,0,,,,,,raw,lora_intervention/experiments/behavioral_block_lora_results/results.json,cell K5N75; condition key base_block
03_prompt_format,Qwen2.5-3B-Instruct,Qwen2.5,False,base,arbitrary_single,block,5,75,IVQ,ordinal,8,0.8571428571428571,,0.7912898785465438,0.9229958357391704,0.06585297859631331,112,96,,,,,,raw,lora_intervention/experiments/behavioral_block_lora_results/results.json,cell K5N75; condition key base_block
03_prompt_format,Qwen2.5-3B-Instruct,Qwen2.5,False,base,arbitrary_single,block,5,75,IVQ,ordinal,10,0.6704545454545454,,0.6015644328196113,0.7393446580894796,0.06889011263493411,176,118,,,,,,raw,lora_intervention/experiments/behavioral_block_lora_results/results.json,cell K5N75; condition key base_block
03_prompt_format,Qwen2.5-3B-Instruct,Qwen2.5,False,base,arbitrary_single,block,5,75,IVQ,ordinal,12,0.7916666666666666,,0.7253414528481628,0.8579918804851705,0.06632521381850383,144,114,,,,,,raw,lora_intervention/experiments/behavioral_block_lora_results/results.json,cell K5N75; condition key base_block
03_prompt_format,Qwen2.5-3B-Instruct,Qwen2.5,False,base,arbitrary_single,block,5,75,IVQ,ordinal,14,0.625,,0.5571076440563436,0.6928923559436564,0.06789235594365636,192,120,,,,,,raw,lora_intervention/experiments/behavioral_block_lora_results/results.json,cell K5N75; condition key base_block
03_prompt_format,Qwen2.5-3B-Instruct,Qwen2.5,False,base,arbitrary_single,block,5,75,IVQ,ordinal,16,0.6761363636363636,,0.6075392790858896,0.7447334481868377,0.06859708455047403,176,119,,,,,,raw,lora_intervention/experiments/behavioral_block_lora_results/results.json,cell K5N75; condition key base_block
03_prompt_format,Qwen2.5-3B-Instruct,Qwen2.5,False,base,arbitrary_single,block,5,75,IVQ,ordinal,18,0.8203125,,0.7534797296727171,0.8871452703272829,0.06683277032728288,128,105,,,,,,raw,lora_intervention/experiments/behavioral_block_lora_results/results.json,cell K5N75; condition key base_block
03_prompt_format,Qwen2.5-3B-Instruct,Qwen2.5,False,base,arbitrary_single,block,5,75,IVQ,ordinal,20,0.75625,,0.6899666350837709,0.8225333649162291,0.06628336491622912,160,121,,,,,,raw,lora_intervention/experiments/behavioral_block_lora_results/results.json,cell K5N75; condition key base_block
03_prompt_format,Qwen2.5-3B-Instruct,Qwen2.5,False,base,arbitrary_single,block,5,75,IVQ,ordinal,22,0.875,,0.8122996962277462,0.9377003037722538,0.06270030377225375,112,98,,,,,,raw,lora_intervention/experiments/behavioral_block_lora_results/results.json,cell K5N75; condition key base_block
03_prompt_format,Qwen2.5-3B-Instruct,Qwen2.5,False,base,arbitrary_single,block,5,75,IVQ,ordinal,24,0.6590909090909091,,0.5896469739837206,0.7285348441980976,0.06944393510718846,176,116,,,,,,raw,lora_intervention/experiments/behavioral_block_lora_results/results.json,cell K5N75; condition key base_block
03_prompt_format,Qwen2.5-3B-Instruct,Qwen2.5,False,base,arbitrary_single,block,5,75,IVQ,ordinal,26,0.59375,,0.5249150114491973,0.6625849885508027,0.06883498855080271,192,114,,,,,,raw,lora_intervention/experiments/behavioral_block_lora_results/results.json,cell K5N75; condition key base_block
03_prompt_format,Qwen2.5-3B-Instruct,Qwen2.5,False,base,arbitrary_single,block,5,75,IVQ,ordinal,28,0.74375,,0.67642068272944,0.81107931727056,0.06732931727056006,160,119,,,,,,raw,lora_intervention/experiments/behavioral_block_lora_results/results.json,cell K5N75; condition key base_block
03_prompt_format,Qwen2.5-3B-Instruct,Qwen2.5,False,base,arbitrary_single,block,5,75,IVQ,ordinal,30,0.6988636363636364,,0.6315494438315986,0.7661778288956741,0.06731419253203774,176,123,,,,,,raw,lora_intervention/experiments/behavioral_block_lora_results/results.json,cell K5N75; condition key base_block
03_prompt_format,Qwen2.5-3B-Instruct,Qwen2.5,False,base,arbitrary_single,block,5,75,IVQ,ordinal,32,0.74375,,0.67642068272944,0.81107931727056,0.06732931727056006,160,119,,,,,,raw,lora_intervention/experiments/behavioral_block_lora_results/results.json,cell K5N75; condition key base_block
03_prompt_format,Qwen2.5-3B-Instruct,Qwen2.5,False,base,arbitrary_single,block,5,75,IVQ,ordinal,34,0.6988636363636364,,0.6315494438315986,0.7661778288956741,0.06731419253203774,176,123,,,,,,raw,lora_intervention/experiments/behavioral_block_lora_results/results.json,cell K5N75; condition key base_block
03_prompt_format,Qwen2.5-3B-Instruct,Qwen2.5,False,base,arbitrary_single,block,5,75,IVQ,ordinal,36,0.725,,0.6562267209117956,0.7937732790882044,0.06877327908820446,160,116,,,,,,raw,lora_intervention/experiments/behavioral_block_lora_results/results.json,cell K5N75; condition key base_block
03_prompt_format,Qwen2.5-3B-Instruct,Qwen2.5,False,base,arbitrary_single,block,5,75,IVQ,ordinal,38,0.828125,,0.762341374928522,0.893908625071478,0.06578362507147795,128,106,,,,,,raw,lora_intervention/experiments/behavioral_block_lora_results/results.json,cell K5N75; condition key base_block
03_prompt_format,Qwen2.5-3B-Instruct,Qwen2.5,False,base,arbitrary_single,block,5,75,IVQ,ordinal,40,0.7847222222222222,,0.7176572728896237,0.8517871715548208,0.06706494933259853,144,113,,,,,,raw,lora_intervention/experiments/behavioral_block_lora_results/results.json,cell K5N75; condition key base_block
03_prompt_format,Qwen2.5-3B-Instruct,Qwen2.5,False,base,arbitrary_single,block,5,75,IVQ,ordinal,42,0.71875,,0.6495273224427286,0.7879726775572714,0.06922267755727136,160,115,,,,,,raw,lora_intervention/experiments/behavioral_block_lora_results/results.json,cell K5N75; condition key base_block
03_prompt_format,Qwen2.5-3B-Instruct,Qwen2.5,False,base,arbitrary_single,block,5,75,IVQ,ordinal,44,0.7708333333333334,,0.70236493703996,0.8393017296267068,0.06846839629337345,144,111,,,,,,raw,lora_intervention/experiments/behavioral_block_lora_results/results.json,cell K5N75; condition key base_block
03_prompt_format,Qwen2.5-3B-Instruct,Qwen2.5,False,base,arbitrary_single,block,5,75,IVQ,ordinal,46,0.7986111111111112,,0.7330521081147151,0.8641701141075072,0.06555900299639601,144,115,,,,,,raw,lora_intervention/experiments/behavioral_block_lora_results/results.json,cell K5N75; condition key base_block
03_prompt_format,Qwen2.5-3B-Instruct,Qwen2.5,False,base,arbitrary_single,block,5,75,IVQ,ordinal,48,0.7777777777777778,,0.7099987013852602,0.8455568541702954,0.06777907639251761,144,112,,,,,,raw,lora_intervention/experiments/behavioral_block_lora_results/results.json,cell K5N75; condition key base_block
03_prompt_format,Qwen2.5-3B-Instruct,Qwen2.5,False,base,arbitrary_single,block,5,75,IVQ,ordinal,50,0.6354166666666666,,0.5679020187097147,0.7029313146236186,0.06751464795695197,192,122,,,,,,raw,lora_intervention/experiments/behavioral_block_lora_results/results.json,cell K5N75; condition key base_block
03_prompt_format,Qwen2.5-3B-Instruct,Qwen2.5,False,base,arbitrary_single,block,5,75,IVQ,ordinal,52,0.7569444444444444,,0.6871689153537328,0.826719973535156,0.06977552909071161,144,109,,,,,,raw,lora_intervention/experiments/behavioral_block_lora_results/results.json,cell K5N75; condition key base_block
03_prompt_format,Qwen2.5-3B-Instruct,Qwen2.5,False,base,arbitrary_single,block,5,75,IVQ,ordinal,54,0.7638888888888888,,0.6947552378058229,0.8330225399719547,0.06913365108306593,144,110,,,,,,raw,lora_intervention/experiments/behavioral_block_lora_results/results.json,cell K5N75; condition key base_block
03_prompt_format,Qwen2.5-3B-Instruct,Qwen2.5,False,base,arbitrary_single,block,5,75,IVQ,ordinal,56,0.7569444444444444,,0.6871689153537328,0.826719973535156,0.06977552909071161,144,109,,,,,,raw,lora_intervention/experiments/behavioral_block_lora_results/results.json,cell K5N75; condition key base_block
03_prompt_format,Qwen2.5-3B-Instruct,Qwen2.5,False,base,arbitrary_single,block,5,75,IVQ,ordinal,58,0.9791666666666666,,0.9163989744333195,1.0,0.06276769223334708,48,47,,,,,,raw,lora_intervention/experiments/behavioral_block_lora_results/results.json,cell K5N75; condition key base_block
03_prompt_format,Qwen2.5-3B-Instruct,Qwen2.5,False,base,arbitrary_single,block,5,75,IVQ,ordinal,60,0.9125,,0.846496063261101,0.9785039367388989,0.06600393673889889,80,73,,,,,,raw,lora_intervention/experiments/behavioral_block_lora_results/results.json,cell K5N75; condition key base_block
03_prompt_format,Qwen2.5-3B-Instruct,Qwen2.5,False,base,arbitrary_single,block,5,75,IVQ,ordinal,62,0.8660714285714286,,0.801756246056594,0.9303866110862632,0.0643151825148346,112,97,,,,,,raw,lora_intervention/experiments/behavioral_block_lora_results/results.json,cell K5N75; condition key base_block
03_prompt_format,Qwen2.5-3B-Instruct,Qwen2.5,False,base,arbitrary_single,block,5,75,IVQ,ordinal,64,0.8482142857142857,,0.7808953109939074,0.915533260434664,0.0673189747203783,112,95,,,,,,raw,lora_intervention/experiments/behavioral_block_lora_results/results.json,cell K5N75; condition key base_block
03_prompt_format,Qwen2.5-3B-Instruct,Qwen2.5,False,base,arbitrary_single,block,5,75,IVQ,ordinal,66,0.9125,,0.846496063261101,0.9785039367388989,0.06600393673889889,80,73,,,,,,raw,lora_intervention/experiments/behavioral_block_lora_results/results.json,cell K5N75; condition key base_block
03_prompt_format,Qwen2.5-3B-Instruct,Qwen2.5,False,base,arbitrary_single,block,5,75,IVQ,ordinal,68,0.9,,0.8308609494456025,0.9691390505543975,0.06913905055439752,80,72,,,,,,raw,lora_intervention/experiments/behavioral_block_lora_results/results.json,cell K5N75; condition key base_block
03_prompt_format,Qwen2.5-3B-Instruct,Qwen2.5,False,base,arbitrary_single,block,5,75,IVQ,ordinal,70,0.84375,,0.780195615935263,0.907304384064737,0.06355438406473707,128,108,,,,,,raw,lora_intervention/experiments/behavioral_block_lora_results/results.json,cell K5N75; condition key base_block
03_prompt_format,Qwen2.5-3B-Instruct,Qwen2.5,False,base,arbitrary_single,block,5,75,IVQ,ordinal,72,0.9125,,0.846496063261101,0.9785039367388989,0.06600393673889889,80,73,,,,,,raw,lora_intervention/experiments/behavioral_block_lora_results/results.json,cell K5N75; condition key base_block
03_prompt_format,Qwen2.5-3B-Instruct,Qwen2.5,False,base,arbitrary_single,block,5,75,IVQ,ordinal,74,0.9791666666666666,,0.9163989744333195,1.0,0.06276769223334708,48,47,,,,,,raw,lora_intervention/experiments/behavioral_block_lora_results/results.json,cell K5N75; condition key base_block
03_prompt_format,Qwen2.5-3B-Instruct,Qwen2.5,False,base,arbitrary_single,block,5,75,CVQ,ordinal,75,0.9375,,0.8785930169610395,0.9964069830389605,0.058906983038960456,80,75,,,,,,raw,lora_intervention/experiments/behavioral_block_lora_results/results.json,cell K5N75; condition key base_block
03_prompt_format,Qwen2.5-3B-Instruct,Qwen2.5,False,base,arbitrary_single,block,10,25,FVQ,ordinal,1,0.9125,,0.846496063261101,0.9785039367388989,0.06600393673889889,80,73,,,,,,raw,lora_intervention/experiments/behavioral_block_lora_results/results.json,cell K10N25; condition key base_block
03_prompt_format,Qwen2.5-3B-Instruct,Qwen2.5,False,base,arbitrary_single,block,10,25,IVQ,ordinal,2,0.9375,,0.8703384944005647,1.0,0.0671615055994353,64,60,,,,,,raw,lora_intervention/experiments/behavioral_block_lora_results/results.json,cell K10N25; condition key base_block
03_prompt_format,Qwen2.5-3B-Instruct,Qwen2.5,False,base,arbitrary_single,block,10,25,IVQ,ordinal,3,0.9,,0.8308609494456025,0.9691390505543975,0.06913905055439752,80,72,,,,,,raw,lora_intervention/experiments/behavioral_block_lora_results/results.json,cell K10N25; condition key base_block
03_prompt_format,Qwen2.5-3B-Instruct,Qwen2.5,False,base,arbitrary_single,block,10,25,IVQ,ordinal,4,0.9125,,0.846496063261101,0.9785039367388989,0.06600393673889889,80,73,,,,,,raw,lora_intervention/experiments/behavioral_block_lora_results/results.json,cell K10N25; condition key base_block
03_prompt_format,Qwen2.5-3B-Instruct,Qwen2.5,False,base,arbitrary_single,block,10,25,IVQ,ordinal,5,0.90625,,0.845026566666948,0.967473433333052,0.061223433333052,96,87,,,,,,raw,lora_intervention/experiments/behavioral_block_lora_results/results.json,cell K10N25; condition key base_block
03_prompt_format,Qwen2.5-3B-Instruct,Qwen2.5,False,base,arbitrary_single,block,10,25,IVQ,ordinal,6,0.953125,,0.8914048570345556,1.0,0.06172014296544431,64,61,,,,,,raw,lora_intervention/experiments/behavioral_block_lora_results/results.json,cell K10N25; condition key base_block
03_prompt_format,Qwen2.5-3B-Instruct,Qwen2.5,False,base,arbitrary_single,block,10,25,IVQ,ordinal,7,0.953125,,0.8914048570345556,1.0,0.06172014296544431,64,61,,,,,,raw,lora_intervention/experiments/behavioral_block_lora_results/results.json,cell K10N25; condition key base_block
03_prompt_format,Qwen2.5-3B-Instruct,Qwen2.5,False,base,arbitrary_single,block,10,25,IVQ,ordinal,8,0.875,,0.8070530407258207,0.9429469592741793,0.06794695927417928,96,84,,,,,,raw,lora_intervention/experiments/behavioral_block_lora_results/results.json,cell K10N25; condition key base_block
03_prompt_format,Qwen2.5-3B-Instruct,Qwen2.5,False,base,arbitrary_single,block,10,25,IVQ,ordinal,9,0.953125,,0.8914048570345556,1.0,0.06172014296544431,64,61,,,,,,raw,lora_intervention/experiments/behavioral_block_lora_results/results.json,cell K10N25; condition key base_block
03_prompt_format,Qwen2.5-3B-Instruct,Qwen2.5,False,base,arbitrary_single,block,10,25,IVQ,ordinal,10,0.7986111111111112,,0.7330521081147151,0.8641701141075072,0.06555900299639601,144,115,,,,,,raw,lora_intervention/experiments/behavioral_block_lora_results/results.json,cell K10N25; condition key base_block
03_prompt_format,Qwen2.5-3B-Instruct,Qwen2.5,False,base,arbitrary_single,block,10,25,IVQ,ordinal,11,0.7847222222222222,,0.7176572728896237,0.8517871715548208,0.06706494933259853,144,113,,,,,,raw,lora_intervention/experiments/behavioral_block_lora_results/results.json,cell K10N25; condition key base_block
03_prompt_format,Qwen2.5-3B-Instruct,Qwen2.5,False,base,arbitrary_single,block,10,25,IVQ,ordinal,12,0.6931818181818182,,0.6255299760246628,0.7608336603389737,0.06765184215715551,176,122,,,,,,raw,lora_intervention/experiments/behavioral_block_lora_results/results.json,cell K10N25; condition key base_block
03_prompt_format,Qwen2.5-3B-Instruct,Qwen2.5,False,base,arbitrary_single,block,10,25,IVQ,ordinal,13,0.96875,,0.9132209307514648,1.0,0.05552906924853514,64,62,,,,,,raw,lora_intervention/experiments/behavioral_block_lora_results/results.json,cell K10N25; condition key base_block
03_prompt_format,Qwen2.5-3B-Instruct,Qwen2.5,False,base,arbitrary_single,block,10,25,IVQ,ordinal,14,0.7569444444444444,,0.6871689153537328,0.826719973535156,0.06977552909071161,144,109,,,,,,raw,lora_intervention/experiments/behavioral_block_lora_results/results.json,cell K10N25; condition key base_block
03_prompt_format,Qwen2.5-3B-Instruct,Qwen2.5,False,base,arbitrary_single,block,10,25,IVQ,ordinal,15,0.6988636363636364,,0.6315494438315986,0.7661778288956741,0.06731419253203774,176,123,,,,,,raw,lora_intervention/experiments/behavioral_block_lora_results/results.json,cell K10N25; condition key base_block
03_prompt_format,Qwen2.5-3B-Instruct,Qwen2.5,False,base,arbitrary_single,block,10,25,IVQ,ordinal,16,0.74375,,0.67642068272944,0.81107931727056,0.06732931727056006,160,119,,,,,,raw,lora_intervention/experiments/behavioral_block_lora_results/results.json,cell K10N25; condition key base_block
03_prompt_format,Qwen2.5-3B-Instruct,Qwen2.5,False,base,arbitrary_single,block,10,25,IVQ,ordinal,17,0.8046875,,0.7358774059423626,0.8734975940576374,0.06881009405763741,128,103,,,,,,raw,lora_intervention/experiments/behavioral_block_lora_results/results.json,cell K10N25; condition key base_block
03_prompt_format,Qwen2.5-3B-Instruct,Qwen2.5,False,base,arbitrary_single,block,10,25,IVQ,ordinal,18,0.6761363636363636,,0.6075392790858896,0.7447334481868377,0.06859708455047403,176,119,,,,,,raw,lora_intervention/experiments/behavioral_block_lora_results/results.json,cell K10N25; condition key base_block
03_prompt_format,Qwen2.5-3B-Instruct,Qwen2.5,False,base,arbitrary_single,block,10,25,IVQ,ordinal,19,0.7708333333333334,,0.70236493703996,0.8393017296267068,0.06846839629337345,144,111,,,,,,raw,lora_intervention/experiments/behavioral_block_lora_results/results.json,cell K10N25; condition key base_block
03_prompt_format,Qwen2.5-3B-Instruct,Qwen2.5,False,base,arbitrary_single,block,10,25,IVQ,ordinal,20,0.7916666666666666,,0.7253414528481628,0.8579918804851705,0.06632521381850383,144,114,,,,,,raw,lora_intervention/experiments/behavioral_block_lora_results/results.json,cell K10N25; condition key base_block
03_prompt_format,Qwen2.5-3B-Instruct,Qwen2.5,False,base,arbitrary_single,block,10,25,IVQ,ordinal,21,0.796875,,0.7271332977211775,0.8666167022788225,0.06974170227882245,128,102,,,,,,raw,lora_intervention/experiments/behavioral_block_lora_results/results.json,cell K10N25; condition key base_block
03_prompt_format,Qwen2.5-3B-Instruct,Qwen2.5,False,base,arbitrary_single,block,10,25,IVQ,ordinal,22,0.953125,,0.8914048570345556,1.0,0.06172014296544431,64,61,,,,,,raw,lora_intervention/experiments/behavioral_block_lora_results/results.json,cell K10N25; condition key base_block
03_prompt_format,Qwen2.5-3B-Instruct,Qwen2.5,False,base,arbitrary_single,block,10,25,IVQ,ordinal,23,0.8854166666666666,,0.8195758312681732,0.95125750206516,0.06584083539849336,96,85,,,,,,raw,lora_intervention/experiments/behavioral_block_lora_results/results.json,cell K10N25; condition key base_block
03_prompt_format,Qwen2.5-3B-Instruct,Qwen2.5,False,base,arbitrary_single,block,10,25,IVQ,ordinal,24,0.9375,,0.8703384944005647,1.0,0.0671615055994353,64,60,,,,,,raw,lora_intervention/experiments/behavioral_block_lora_results/results.json,cell K10N25; condition key base_block
03_prompt_format,Qwen2.5-3B-Instruct,Qwen2.5,False,base,arbitrary_single,block,10,25,CVQ,ordinal,25,0.8958333333333334,,0.8322289143768012,0.9594377522898655,0.06360441895653211,96,86,,,,,,raw,lora_intervention/experiments/behavioral_block_lora_results/results.json,cell K10N25; condition key base_block
03_prompt_format,Qwen2.5-3B-Instruct,Qwen2.5,False,base,semantic_multi,block,10,50,FVQ,ordinal,first,0.84,,,,0.05,,,,,,,,derived,paper/figures/tab_format_ci.tex,back-extracted from committed paper table; raw experiments_cloud/results/ucurve_vllm/ not local
03_prompt_format,Qwen2.5-3B-Instruct,Qwen2.5,False,base,arbitrary_single,block,10,50,FVQ,ordinal,first,0.76,,,,,100,,,,,,,raw,lora_intervention/experiments/block_readout_results/results_K10N50.json,behavioural accuracy only; per-layer P(v_last) / P(v_first) curves remain in the source file
03_prompt_format,Qwen2.5-3B-Instruct,Qwen2.5,False,base,arbitrary_single,block,10,50,FVQ,ordinal,1,0.7777777777777778,,0.7099987013852602,0.8455568541702954,0.06777907639251761,144,112,,,,,,raw,lora_intervention/experiments/behavioral_block_lora_results/results.json,cell K10N50; condition key base_block
03_prompt_format,Qwen2.5-3B-Instruct,Qwen2.5,False,base,arbitrary_single,block,10,50,IVQ,ordinal,2,0.2013888888888889,,0.1358298858924929,0.2669478918852849,0.06555900299639601,144,29,,,,,,raw,lora_intervention/experiments/behavioral_block_lora_results/results.json,cell K10N50; condition key base_block
03_prompt_format,Qwen2.5-3B-Instruct,Qwen2.5,False,base,arbitrary_single,block,10,50,IVQ,ordinal,3,0.0,,0.0,0.051418608310220645,0.051418608310220645,48,0,,,,,,raw,lora_intervention/experiments/behavioral_block_lora_results/results.json,cell K10N50; condition key base_block
03_prompt_format,Qwen2.5-3B-Instruct,Qwen2.5,False,base,arbitrary_single,block,10,50,IVQ,ordinal,4,0.3125,,0.2445219000484254,0.3804780999515746,0.06797809995157462,176,55,,,,,,raw,lora_intervention/experiments/behavioral_block_lora_results/results.json,cell K10N50; condition key base_block
03_prompt_format,Qwen2.5-3B-Instruct,Qwen2.5,False,base,arbitrary_single,block,10,50,IVQ,ordinal,5,0.375,,0.3071076440563436,0.4428923559436564,0.06789235594365636,192,72,,,,,,raw,lora_intervention/experiments/behavioral_block_lora_results/results.json,cell K10N50; condition key base_block
03_prompt_format,Qwen2.5-3B-Instruct,Qwen2.5,False,base,arbitrary_single,block,10,50,IVQ,ordinal,6,0.74375,,0.67642068272944,0.81107931727056,0.06732931727056006,160,119,,,,,,raw,lora_intervention/experiments/behavioral_block_lora_results/results.json,cell K10N50; condition key base_block
03_prompt_format,Qwen2.5-3B-Instruct,Qwen2.5,False,base,arbitrary_single,block,10,50,IVQ,ordinal,7,0.7777777777777778,,0.7099987013852602,0.8455568541702954,0.06777907639251761,144,112,,,,,,raw,lora_intervention/experiments/behavioral_block_lora_results/results.json,cell K10N50; condition key base_block
03_prompt_format,Qwen2.5-3B-Instruct,Qwen2.5,False,base,arbitrary_single,block,10,50,IVQ,ordinal,8,0.7638888888888888,,0.6947552378058229,0.8330225399719547,0.06913365108306593,144,110,,,,,,raw,lora_intervention/experiments/behavioral_block_lora_results/results.json,cell K10N50; condition key base_block
03_prompt_format,Qwen2.5-3B-Instruct,Qwen2.5,False,base,arbitrary_single,block,10,50,IVQ,ordinal,9,0.953125,,0.8914048570345556,1.0,0.06172014296544431,64,61,,,,,,raw,lora_intervention/experiments/behavioral_block_lora_results/results.json,cell K10N50; condition key base_block
03_prompt_format,Qwen2.5-3B-Instruct,Qwen2.5,False,base,arbitrary_single,block,10,50,IVQ,ordinal,10,0.546875,,0.477143111208834,0.616606888791166,0.069731888791166,192,105,,,,,,raw,lora_intervention/experiments/behavioral_block_lora_results/results.json,cell K10N50; condition key base_block
03_prompt_format,Qwen2.5-3B-Instruct,Qwen2.5,False,base,arbitrary_single,block,10,50,IVQ,ordinal,11,0.7638888888888888,,0.6947552378058229,0.8330225399719547,0.06913365108306593,144,110,,,,,,raw,lora_intervention/experiments/behavioral_block_lora_results/results.json,cell K10N50; condition key base_block
03_prompt_format,Qwen2.5-3B-Instruct,Qwen2.5,False,base,arbitrary_single,block,10,50,IVQ,ordinal,12,0.6704545454545454,,0.6015644328196113,0.7393446580894796,0.06889011263493411,176,118,,,,,,raw,lora_intervention/experiments/behavioral_block_lora_results/results.json,cell K10N50; condition key base_block
03_prompt_format,Qwen2.5-3B-Instruct,Qwen2.5,False,base,arbitrary_single,block,10,50,IVQ,ordinal,13,0.7916666666666666,,0.7253414528481628,0.8579918804851705,0.06632521381850383,144,114,,,,,,raw,lora_intervention/experiments/behavioral_block_lora_results/results.json,cell K10N50; condition key base_block
03_prompt_format,Qwen2.5-3B-Instruct,Qwen2.5,False,base,arbitrary_single,block,10,50,IVQ,ordinal,14,0.73125,,0.662941861109774,0.7995581388902259,0.0683081388902259,160,117,,,,,,raw,lora_intervention/experiments/behavioral_block_lora_results/results.json,cell K10N50; condition key base_block
03_prompt_format,Qwen2.5-3B-Instruct,Qwen2.5,False,base,arbitrary_single,block,10,50,IVQ,ordinal,15,0.7569444444444444,,0.6871689153537328,0.826719973535156,0.06977552909071161,144,109,,,,,,raw,lora_intervention/experiments/behavioral_block_lora_results/results.json,cell K10N50; condition key base_block
03_prompt_format,Qwen2.5-3B-Instruct,Qwen2.5,False,base,arbitrary_single,block,10,50,IVQ,ordinal,16,0.65625,,0.5895891836124529,0.7229108163875471,0.06666081638754708,192,126,,,,,,raw,lora_intervention/experiments/behavioral_block_lora_results/results.json,cell K10N50; condition key base_block
03_prompt_format,Qwen2.5-3B-Instruct,Qwen2.5,False,base,arbitrary_single,block,10,50,IVQ,ordinal,17,0.71875,,0.6495273224427286,0.7879726775572714,0.06922267755727136,160,115,,,,,,raw,lora_intervention/experiments/behavioral_block_lora_results/results.json,cell K10N50; condition key base_block
03_prompt_format,Qwen2.5-3B-Instruct,Qwen2.5,False,base,arbitrary_single,block,10,50,IVQ,ordinal,18,0.7125,,0.6428433610227418,0.7821566389772583,0.06965663897725821,160,114,,,,,,raw,lora_intervention/experiments/behavioral_block_lora_results/results.json,cell K10N50; condition key base_block
03_prompt_format,Qwen2.5-3B-Instruct,Qwen2.5,False,base,arbitrary_single,block,10,50,IVQ,ordinal,19,0.7125,,0.6428433610227418,0.7821566389772583,0.06965663897725821,160,114,,,,,,raw,lora_intervention/experiments/behavioral_block_lora_results/results.json,cell K10N50; condition key base_block
03_prompt_format,Qwen2.5-3B-Instruct,Qwen2.5,False,base,arbitrary_single,block,10,50,IVQ,ordinal,20,0.8854166666666666,,0.8195758312681732,0.95125750206516,0.06584083539849336,96,85,,,,,,raw,lora_intervention/experiments/behavioral_block_lora_results/results.json,cell K10N50; condition key base_block
03_prompt_format,Qwen2.5-3B-Instruct,Qwen2.5,False,base,arbitrary_single,block,10,50,IVQ,ordinal,21,0.6818181818181818,,0.6135250526355985,0.750111311000765,0.06829312918258325,176,120,,,,,,raw,lora_intervention/experiments/behavioral_block_lora_results/results.json,cell K10N50; condition key base_block
03_prompt_format,Qwen2.5-3B-Instruct,Qwen2.5,False,base,arbitrary_single,block,10,50,IVQ,ordinal,22,0.7847222222222222,,0.7176572728896237,0.8517871715548208,0.06706494933259853,144,113,,,,,,raw,lora_intervention/experiments/behavioral_block_lora_results/results.json,cell K10N50; condition key base_block
03_prompt_format,Qwen2.5-3B-Instruct,Qwen2.5,False,base,arbitrary_single,block,10,50,IVQ,ordinal,23,0.73125,,0.662941861109774,0.7995581388902259,0.0683081388902259,160,117,,,,,,raw,lora_intervention/experiments/behavioral_block_lora_results/results.json,cell K10N50; condition key base_block
03_prompt_format,Qwen2.5-3B-Instruct,Qwen2.5,False,base,arbitrary_single,block,10,50,IVQ,ordinal,24,0.6534090909090909,,0.5837041053093516,0.7231140765088303,0.06970498559973932,176,115,,,,,,raw,lora_intervention/experiments/behavioral_block_lora_results/results.json,cell K10N50; condition key base_block
03_prompt_format,Qwen2.5-3B-Instruct,Qwen2.5,False,base,arbitrary_single,block,10,50,IVQ,ordinal,25,0.5572916666666666,,0.4877066209193801,0.6268767124139532,0.0695850457472865,192,107,,,,,,raw,lora_intervention/experiments/behavioral_block_lora_results/results.json,cell K10N50; condition key base_block
03_prompt_format,Qwen2.5-3B-Instruct,Qwen2.5,False,base,arbitrary_single,block,10,50,IVQ,ordinal,26,0.796875,,0.7271332977211775,0.8666167022788225,0.06974170227882245,128,102,,,,,,raw,lora_intervention/experiments/behavioral_block_lora_results/results.json,cell K10N50; condition key base_block
03_prompt_format,Qwen2.5-3B-Instruct,Qwen2.5,False,base,arbitrary_single,block,10,50,IVQ,ordinal,27,0.9,,0.8308609494456025,0.9691390505543975,0.06913905055439752,80,72,,,,,,raw,lora_intervention/experiments/behavioral_block_lora_results/results.json,cell K10N50; condition key base_block
03_prompt_format,Qwen2.5-3B-Instruct,Qwen2.5,False,base,arbitrary_single,block,10,50,IVQ,ordinal,28,0.8125,,0.7485566842767847,0.8764433157232153,0.06394331572321528,144,117,,,,,,raw,lora_intervention/experiments/behavioral_block_lora_results/results.json,cell K10N50; condition key base_block
03_prompt_format,Qwen2.5-3B-Instruct,Qwen2.5,False,base,arbitrary_single,block,10,50,IVQ,ordinal,29,0.6534090909090909,,0.5837041053093516,0.7231140765088303,0.06970498559973932,176,115,,,,,,raw,lora_intervention/experiments/behavioral_block_lora_results/results.json,cell K10N50; condition key base_block
03_prompt_format,Qwen2.5-3B-Instruct,Qwen2.5,False,base,arbitrary_single,block,10,50,IVQ,ordinal,30,0.725,,0.6562267209117956,0.7937732790882044,0.06877327908820446,160,116,,,,,,raw,lora_intervention/experiments/behavioral_block_lora_results/results.json,cell K10N50; condition key base_block
03_prompt_format,Qwen2.5-3B-Instruct,Qwen2.5,False,base,arbitrary_single,block,10,50,IVQ,ordinal,31,0.8645833333333334,,0.7946487702282099,0.9345178964384568,0.06993456310512348,96,83,,,,,,raw,lora_intervention/experiments/behavioral_block_lora_results/results.json,cell K10N50; condition key base_block
03_prompt_format,Qwen2.5-3B-Instruct,Qwen2.5,False,base,arbitrary_single,block,10,50,IVQ,ordinal,32,0.73125,,0.662941861109774,0.7995581388902259,0.0683081388902259,160,117,,,,,,raw,lora_intervention/experiments/behavioral_block_lora_results/results.json,cell K10N50; condition key base_block
03_prompt_format,Qwen2.5-3B-Instruct,Qwen2.5,False,base,arbitrary_single,block,10,50,IVQ,ordinal,33,0.6590909090909091,,0.5896469739837206,0.7285348441980976,0.06944393510718846,176,116,,,,,,raw,lora_intervention/experiments/behavioral_block_lora_results/results.json,cell K10N50; condition key base_block
03_prompt_format,Qwen2.5-3B-Instruct,Qwen2.5,False,base,arbitrary_single,block,10,50,IVQ,ordinal,34,0.7569444444444444,,0.6871689153537328,0.826719973535156,0.06977552909071161,144,109,,,,,,raw,lora_intervention/experiments/behavioral_block_lora_results/results.json,cell K10N50; condition key base_block
03_prompt_format,Qwen2.5-3B-Instruct,Qwen2.5,False,base,arbitrary_single,block,10,50,IVQ,ordinal,35,0.7045454545454546,,0.6375804757880701,0.7715104333028391,0.06696497875738447,176,124,,,,,,raw,lora_intervention/experiments/behavioral_block_lora_results/results.json,cell K10N50; condition key base_block
03_prompt_format,Qwen2.5-3B-Instruct,Qwen2.5,False,base,arbitrary_single,block,10,50,IVQ,ordinal,36,0.796875,,0.7271332977211775,0.8666167022788225,0.06974170227882245,128,102,,,,,,raw,lora_intervention/experiments/behavioral_block_lora_results/results.json,cell K10N50; condition key base_block
03_prompt_format,Qwen2.5-3B-Instruct,Qwen2.5,False,base,arbitrary_single,block,10,50,IVQ,ordinal,37,0.8359375,,0.7712459329893941,0.9006290670106059,0.06469156701060581,128,107,,,,,,raw,lora_intervention/experiments/behavioral_block_lora_results/results.json,cell K10N50; condition key base_block
03_prompt_format,Qwen2.5-3B-Instruct,Qwen2.5,False,base,arbitrary_single,block,10,50,IVQ,ordinal,38,0.8359375,,0.7712459329893941,0.9006290670106059,0.06469156701060581,128,107,,,,,,raw,lora_intervention/experiments/behavioral_block_lora_results/results.json,cell K10N50; condition key base_block
03_prompt_format,Qwen2.5-3B-Instruct,Qwen2.5,False,base,arbitrary_single,block,10,50,IVQ,ordinal,39,0.7847222222222222,,0.7176572728896237,0.8517871715548208,0.06706494933259853,144,113,,,,,,raw,lora_intervention/experiments/behavioral_block_lora_results/results.json,cell K10N50; condition key base_block
03_prompt_format,Qwen2.5-3B-Instruct,Qwen2.5,False,base,arbitrary_single,block,10,50,IVQ,ordinal,40,0.7847222222222222,,0.7176572728896237,0.8517871715548208,0.06706494933259853,144,113,,,,,,raw,lora_intervention/experiments/behavioral_block_lora_results/results.json,cell K10N50; condition key base_block
03_prompt_format,Qwen2.5-3B-Instruct,Qwen2.5,False,base,arbitrary_single,block,10,50,IVQ,ordinal,41,0.9125,,0.846496063261101,0.9785039367388989,0.06600393673889889,80,73,,,,,,raw,lora_intervention/experiments/behavioral_block_lora_results/results.json,cell K10N50; condition key base_block
03_prompt_format,Qwen2.5-3B-Instruct,Qwen2.5,False,base,arbitrary_single,block,10,50,IVQ,ordinal,42,0.7986111111111112,,0.7330521081147151,0.8641701141075072,0.06555900299639601,144,115,,,,,,raw,lora_intervention/experiments/behavioral_block_lora_results/results.json,cell K10N50; condition key base_block
03_prompt_format,Qwen2.5-3B-Instruct,Qwen2.5,False,base,arbitrary_single,block,10,50,IVQ,ordinal,43,0.8125,,0.7446590062829901,0.8803409937170099,0.06784099371700994,128,104,,,,,,raw,lora_intervention/experiments/behavioral_block_lora_results/results.json,cell K10N50; condition key base_block
03_prompt_format,Qwen2.5-3B-Instruct,Qwen2.5,False,base,arbitrary_single,block,10,50,IVQ,ordinal,44,0.8203125,,0.7534797296727171,0.8871452703272829,0.06683277032728288,128,105,,,,,,raw,lora_intervention/experiments/behavioral_block_lora_results/results.json,cell K10N50; condition key base_block
03_prompt_format,Qwen2.5-3B-Instruct,Qwen2.5,False,base,arbitrary_single,block,10,50,IVQ,ordinal,45,0.71875,,0.6495273224427286,0.7879726775572714,0.06922267755727136,160,115,,,,,,raw,lora_intervention/experiments/behavioral_block_lora_results/results.json,cell K10N50; condition key base_block
03_prompt_format,Qwen2.5-3B-Instruct,Qwen2.5,False,base,arbitrary_single,block,10,50,IVQ,ordinal,46,0.8392857142857143,,0.7705679479941229,0.9080034805773057,0.06871776629159145,112,94,,,,,,raw,lora_intervention/experiments/behavioral_block_lora_results/results.json,cell K10N50; condition key base_block
03_prompt_format,Qwen2.5-3B-Instruct,Qwen2.5,False,base,arbitrary_single,block,10,50,IVQ,ordinal,47,0.8046875,,0.7358774059423626,0.8734975940576374,0.06881009405763741,128,103,,,,,,raw,lora_intervention/experiments/behavioral_block_lora_results/results.json,cell K10N50; condition key base_block
03_prompt_format,Qwen2.5-3B-Instruct,Qwen2.5,False,base,arbitrary_single,block,10,50,IVQ,ordinal,48,0.8392857142857143,,0.7705679479941229,0.9080034805773057,0.06871776629159145,112,94,,,,,,raw,lora_intervention/experiments/behavioral_block_lora_results/results.json,cell K10N50; condition key base_block
03_prompt_format,Qwen2.5-3B-Instruct,Qwen2.5,False,base,arbitrary_single,block,10,50,IVQ,ordinal,49,0.9125,,0.846496063261101,0.9785039367388989,0.06600393673889889,80,73,,,,,,raw,lora_intervention/experiments/behavioral_block_lora_results/results.json,cell K10N50; condition key base_block
03_prompt_format,Qwen2.5-3B-Instruct,Qwen2.5,False,base,arbitrary_single,block,10,50,CVQ,ordinal,50,0.8854166666666666,,0.8195758312681732,0.95125750206516,0.06584083539849336,96,85,,,,,,raw,lora_intervention/experiments/behavioral_block_lora_results/results.json,cell K10N50; condition key base_block
03_prompt_format,Qwen2.5-3B-Instruct,Qwen2.5,False,base,semantic_multi,block,10,50,CVQ,semantic,last,0.92,,,,0.04,,,,,,,,derived,paper/figures/tab_format_ci.tex,back-extracted from committed paper table; raw experiments_cloud/results/ucurve_vllm/ not local
03_prompt_format,Qwen2.5-3B-Instruct,Qwen2.5,False,base,arbitrary_single,block,10,50,CVQ,ordinal,last,0.87,,,,,100,,,,,,,raw,lora_intervention/experiments/block_readout_results/results_K10N50.json,behavioural accuracy only; per-layer P(v_last) / P(v_first) curves remain in the source file
03_prompt_format,Qwen2.5-3B-Instruct,Qwen2.5,False,base,arbitrary_single,block,10,100,FVQ,ordinal,1,0.9791666666666666,,0.9163989744333195,1.0,0.06276769223334708,48,47,,,,,,raw,lora_intervention/experiments/behavioral_block_lora_results/results.json,cell K10N100; condition key base_block
03_prompt_format,Qwen2.5-3B-Instruct,Qwen2.5,False,base,arbitrary_single,block,10,100,CVQ,ordinal,100,0.9,,0.8308609494456025,0.9691390505543975,0.06913905055439752,80,72,,,,,,raw,lora_intervention/experiments/behavioral_block_lora_results/results.json,cell K10N100; condition key base_block
03_prompt_format,Qwen2.5-3B-Instruct,Qwen2.5,False,base,arbitrary_single,block,20,20,FVQ,ordinal,1,0.515,,0.4463893634370925,0.5836106365629075,0.0686106365629075,200,103,,,,,,raw,lora_intervention/experiments/behavioral_block_lora_results/results.json,cell K20N20; condition key base_block
03_prompt_format,Qwen2.5-3B-Instruct,Qwen2.5,False,base,arbitrary_single,block,20,20,CVQ,ordinal,20,1.0,,0.9485813916897793,1.0,0.05141860831022067,48,48,,,,,,raw,lora_intervention/experiments/behavioral_block_lora_results/results.json,cell K20N20; condition key base_block
03_prompt_format,Qwen2.5-3B-Instruct,Qwen2.5,False,base,semantic_multi,flat_nolabel,10,50,FVQ,ordinal,first,0.49,,,,0.07,,,,,,,,derived,paper/figures/tab_format_ci.tex,back-extracted from committed paper table; raw experiments_cloud/results/ucurve_vllm/ not local
03_prompt_format,Qwen2.5-3B-Instruct,Qwen2.5,False,base,semantic_multi,flat_nolabel,10,50,CVQ,semantic,last,0.23,,,,0.06,,,,,,,,derived,paper/figures/tab_format_ci.tex,back-extracted from committed paper table; raw experiments_cloud/results/ucurve_vllm/ not local
03_prompt_format,Qwen2.5-3B-Instruct,Qwen2.5,False,base,semantic_multi,flat_verbose,10,50,FVQ,ordinal,first,0.34,,,,0.06,,,,,,,,derived,paper/figures/tab_format_ci.tex,back-extracted from committed paper table; raw experiments_cloud/results/ucurve_vllm/ not local
03_prompt_format,Qwen2.5-3B-Instruct,Qwen2.5,False,base,semantic_multi,flat_verbose,10,50,CVQ,semantic,last,0.39,,,,0.07,,,,,,,,derived,paper/figures/tab_format_ci.tex,back-extracted from committed paper table; raw experiments_cloud/results/ucurve_vllm/ not local
03_prompt_format,Qwen2.5-3B-Instruct,Qwen2.5,False,base,semantic_multi,landmark,10,50,FVQ,ordinal,first,0.71,,,,0.06,,,,,,,,derived,paper/figures/tab_format_ci.tex,back-extracted from committed paper table; raw experiments_cloud/results/ucurve_vllm/ not local
03_prompt_format,Qwen2.5-3B-Instruct,Qwen2.5,False,base,semantic_multi,landmark,10,50,CVQ,semantic,last,0.27,,,,0.06,,,,,,,,derived,paper/figures/tab_format_ci.tex,back-extracted from committed paper table; raw experiments_cloud/results/ucurve_vllm/ not local
03_prompt_format,Qwen2.5-3B-Instruct,Qwen2.5,False,base,arbitrary_single,plain,2,30,FVQ,semantic,first,0.89,,,,,100,,,,,,,raw,lora_intervention/experiments/block_readout_results/results_K2N30.json,behavioural accuracy only; per-layer P(v_last) / P(v_first) curves remain in the source file
03_prompt_format,Qwen2.5-3B-Instruct,Qwen2.5,False,base,arbitrary_single,plain,2,30,FVQ,ordinal,1,0.8482142857142857,,0.7808953109939074,0.915533260434664,0.0673189747203783,112,95,,,,,,raw,lora_intervention/experiments/behavioral_block_lora_results/results.json,cell K2N30; condition key base_plain
03_prompt_format,Qwen2.5-3B-Instruct,Qwen2.5,False,base,arbitrary_single,plain,2,30,CVQ,semantic,30,0.4114583333333333,,0.3424934425831894,0.4804232240834772,0.06896489075014388,192,79,,,,,,raw,lora_intervention/experiments/behavioral_block_lora_results/results.json,cell K2N30; condition key base_plain
03_prompt_format,Qwen2.5-3B-Instruct,Qwen2.5,False,base,arbitrary_single,plain,2,30,CVQ,semantic,last,0.41,,,,,100,,,,,,,raw,lora_intervention/experiments/block_readout_results/results_K2N30.json,behavioural accuracy only; per-layer P(v_last) / P(v_first) curves remain in the source file
03_prompt_format,Qwen2.5-3B-Instruct,Qwen2.5,False,base,arbitrary_single,plain,5,20,FVQ,ordinal,1,0.7847222222222222,,0.7176572728896237,0.8517871715548208,0.06706494933259853,144,113,,,,,,raw,lora_intervention/experiments/behavioral_block_lora_results/results.json,cell K5N20; condition key base_plain
03_prompt_format,Qwen2.5-3B-Instruct,Qwen2.5,False,base,arbitrary_single,plain,5,20,IVQ,ordinal,2,0.203125,,0.13338329772117755,0.2728667022788225,0.06974170227882245,128,26,,,,,,raw,lora_intervention/experiments/behavioral_block_lora_results/results.json,cell K5N20; condition key base_plain
03_prompt_format,Qwen2.5-3B-Instruct,Qwen2.5,False,base,arbitrary_single,plain,5,20,IVQ,ordinal,3,0.203125,,0.13338329772117755,0.2728667022788225,0.06974170227882245,128,26,,,,,,raw,lora_intervention/experiments/behavioral_block_lora_results/results.json,cell K5N20; condition key base_plain
03_prompt_format,Qwen2.5-3B-Instruct,Qwen2.5,False,base,arbitrary_single,plain,5,20,IVQ,ordinal,4,0.0625,,0.0,0.12966150559943532,0.06716150559943532,64,4,,,,,,raw,lora_intervention/experiments/behavioral_block_lora_results/results.json,cell K5N20; condition key base_plain
03_prompt_format,Qwen2.5-3B-Instruct,Qwen2.5,False,base,arbitrary_single,plain,5,20,IVQ,ordinal,5,0.03125,,0.0,0.08677906924853511,0.05552906924853511,64,2,,,,,,raw,lora_intervention/experiments/behavioral_block_lora_results/results.json,cell K5N20; condition key base_plain
03_prompt_format,Qwen2.5-3B-Instruct,Qwen2.5,False,base,arbitrary_single,plain,5,20,IVQ,ordinal,6,0.0625,,0.0035930169610395232,0.12140698303896047,0.05890698303896048,80,5,,,,,,raw,lora_intervention/experiments/behavioral_block_lora_results/results.json,cell K5N20; condition key base_plain
03_prompt_format,Qwen2.5-3B-Instruct,Qwen2.5,False,base,arbitrary_single,plain,5,20,IVQ,ordinal,7,0.020833333333333332,,0.0,0.0836010255666804,0.06276769223334708,48,1,,,,,,raw,lora_intervention/experiments/behavioral_block_lora_results/results.json,cell K5N20; condition key base_plain
03_prompt_format,Qwen2.5-3B-Instruct,Qwen2.5,False,base,arbitrary_single,plain,5,20,IVQ,ordinal,8,0.1,,0.030860949445602484,0.16913905055439754,0.06913905055439752,80,8,,,,,,raw,lora_intervention/experiments/behavioral_block_lora_results/results.json,cell K5N20; condition key base_plain
03_prompt_format,Qwen2.5-3B-Instruct,Qwen2.5,False,base,arbitrary_single,plain,5,20,IVQ,ordinal,9,0.046875,,0.0,0.1085951429654443,0.0617201429654443,64,3,,,,,,raw,lora_intervention/experiments/behavioral_block_lora_results/results.json,cell K5N20; condition key base_plain
03_prompt_format,Qwen2.5-3B-Instruct,Qwen2.5,False,base,arbitrary_single,plain,5,20,IVQ,ordinal,10,0.075,,0.012391738206829456,0.13760826179317054,0.06260826179317054,80,6,,,,,,raw,lora_intervention/experiments/behavioral_block_lora_results/results.json,cell K5N20; condition key base_plain
03_prompt_format,Qwen2.5-3B-Instruct,Qwen2.5,False,base,arbitrary_single,plain,5,20,IVQ,ordinal,11,0.0,,0.0,0.051418608310220645,0.051418608310220645,48,0,,,,,,raw,lora_intervention/experiments/behavioral_block_lora_results/results.json,cell K5N20; condition key base_plain
03_prompt_format,Qwen2.5-3B-Instruct,Qwen2.5,False,base,arbitrary_single,plain,5,20,IVQ,ordinal,12,0.020833333333333332,,0.0,0.0836010255666804,0.06276769223334708,48,1,,,,,,raw,lora_intervention/experiments/behavioral_block_lora_results/results.json,cell K5N20; condition key base_plain
03_prompt_format,Qwen2.5-3B-Instruct,Qwen2.5,False,base,arbitrary_single,plain,5,20,IVQ,ordinal,13,0.046875,,0.0,0.1085951429654443,0.0617201429654443,64,3,,,,,,raw,lora_intervention/experiments/behavioral_block_lora_results/results.json,cell K5N20; condition key base_plain
03_prompt_format,Qwen2.5-3B-Instruct,Qwen2.5,False,base,arbitrary_single,plain,5,20,IVQ,ordinal,14,0.0,,0.0,0.051418608310220645,0.051418608310220645,48,0,,,,,,raw,lora_intervention/experiments/behavioral_block_lora_results/results.json,cell K5N20; condition key base_plain
03_prompt_format,Qwen2.5-3B-Instruct,Qwen2.5,False,base,arbitrary_single,plain,5,20,IVQ,ordinal,15,0.0,,0.0,0.051418608310220645,0.051418608310220645,48,0,,,,,,raw,lora_intervention/experiments/behavioral_block_lora_results/results.json,cell K5N20; condition key base_plain
03_prompt_format,Qwen2.5-3B-Instruct,Qwen2.5,False,base,arbitrary_single,plain,5,20,IVQ,ordinal,16,0.0,,0.0,0.051418608310220645,0.051418608310220645,48,0,,,,,,raw,lora_intervention/experiments/behavioral_block_lora_results/results.json,cell K5N20; condition key base_plain
03_prompt_format,Qwen2.5-3B-Instruct,Qwen2.5,False,base,arbitrary_single,plain,5,20,IVQ,ordinal,17,0.020833333333333332,,0.0,0.0836010255666804,0.06276769223334708,48,1,,,,,,raw,lora_intervention/experiments/behavioral_block_lora_results/results.json,cell K5N20; condition key base_plain
03_prompt_format,Qwen2.5-3B-Instruct,Qwen2.5,False,base,arbitrary_single,plain,5,20,IVQ,ordinal,18,0.020833333333333332,,0.0,0.0836010255666804,0.06276769223334708,48,1,,,,,,raw,lora_intervention/experiments/behavioral_block_lora_results/results.json,cell K5N20; condition key base_plain
03_prompt_format,Qwen2.5-3B-Instruct,Qwen2.5,False,base,arbitrary_single,plain,5,20,IVQ,ordinal,19,0.0,,0.0,0.051418608310220645,0.051418608310220645,48,0,,,,,,raw,lora_intervention/experiments/behavioral_block_lora_results/results.json,cell K5N20; condition key base_plain
03_prompt_format,Qwen2.5-3B-Instruct,Qwen2.5,False,base,arbitrary_single,plain,5,20,CVQ,semantic,20,0.4166666666666667,,0.347579520413309,0.4857538129200244,0.06908714625335774,192,80,,,,,,raw,lora_intervention/experiments/behavioral_block_lora_results/results.json,cell K5N20; condition key base_plain
03_prompt_format,Qwen2.5-3B-Instruct,Qwen2.5,False,base,arbitrary_single,plain,5,50,FVQ,ordinal,1,0.6761363636363636,,0.6075392790858896,0.7447334481868377,0.06859708455047403,176,119,,,,,,raw,lora_intervention/experiments/behavioral_block_lora_results/results.json,cell K5N50; condition key base_plain
03_prompt_format,Qwen2.5-3B-Instruct,Qwen2.5,False,base,arbitrary_single,plain,5,50,IVQ,ordinal,2,0.11458333333333333,,0.048742497934839965,0.1804241687318267,0.06584083539849336,96,11,,,,,,raw,lora_intervention/experiments/behavioral_block_lora_results/results.json,cell K5N50; condition key base_plain
03_prompt_format,Qwen2.5-3B-Instruct,Qwen2.5,False,base,arbitrary_single,plain,5,50,IVQ,ordinal,4,0.020833333333333332,,0.0,0.0836010255666804,0.06276769223334708,48,1,,,,,,raw,lora_intervention/experiments/behavioral_block_lora_results/results.json,cell K5N50; condition key base_plain
03_prompt_format,Qwen2.5-3B-Instruct,Qwen2.5,False,base,arbitrary_single,plain,5,50,IVQ,ordinal,6,0.03125,,0.0,0.08677906924853511,0.05552906924853511,64,2,,,,,,raw,lora_intervention/experiments/behavioral_block_lora_results/results.json,cell K5N50; condition key base_plain
03_prompt_format,Qwen2.5-3B-Instruct,Qwen2.5,False,base,arbitrary_single,plain,5,50,IVQ,ordinal,8,0.046875,,0.0,0.1085951429654443,0.0617201429654443,64,3,,,,,,raw,lora_intervention/experiments/behavioral_block_lora_results/results.json,cell K5N50; condition key base_plain
03_prompt_format,Qwen2.5-3B-Instruct,Qwen2.5,False,base,arbitrary_single,plain,5,50,IVQ,ordinal,10,0.020833333333333332,,0.0,0.0836010255666804,0.06276769223334708,48,1,,,,,,raw,lora_intervention/experiments/behavioral_block_lora_results/results.json,cell K5N50; condition key base_plain
03_prompt_format,Qwen2.5-3B-Instruct,Qwen2.5,False,base,arbitrary_single,plain,5,50,IVQ,ordinal,12,0.020833333333333332,,0.0,0.0836010255666804,0.06276769223334708,48,1,,,,,,raw,lora_intervention/experiments/behavioral_block_lora_results/results.json,cell K5N50; condition key base_plain
03_prompt_format,Qwen2.5-3B-Instruct,Qwen2.5,False,base,arbitrary_single,plain,5,50,IVQ,ordinal,14,0.0,,0.0,0.051418608310220645,0.051418608310220645,48,0,,,,,,raw,lora_intervention/experiments/behavioral_block_lora_results/results.json,cell K5N50; condition key base_plain
03_prompt_format,Qwen2.5-3B-Instruct,Qwen2.5,False,base,arbitrary_single,plain,5,50,IVQ,ordinal,16,0.0,,0.0,0.051418608310220645,0.051418608310220645,48,0,,,,,,raw,lora_intervention/experiments/behavioral_block_lora_results/results.json,cell K5N50; condition key base_plain
03_prompt_format,Qwen2.5-3B-Instruct,Qwen2.5,False,base,arbitrary_single,plain,5,50,IVQ,ordinal,18,0.046875,,0.0,0.1085951429654443,0.0617201429654443,64,3,,,,,,raw,lora_intervention/experiments/behavioral_block_lora_results/results.json,cell K5N50; condition key base_plain
03_prompt_format,Qwen2.5-3B-Instruct,Qwen2.5,False,base,arbitrary_single,plain,5,50,IVQ,ordinal,20,0.0,,0.0,0.051418608310220645,0.051418608310220645,48,0,,,,,,raw,lora_intervention/experiments/behavioral_block_lora_results/results.json,cell K5N50; condition key base_plain
03_prompt_format,Qwen2.5-3B-Instruct,Qwen2.5,False,base,arbitrary_single,plain,5,50,IVQ,ordinal,22,0.020833333333333332,,0.0,0.0836010255666804,0.06276769223334708,48,1,,,,,,raw,lora_intervention/experiments/behavioral_block_lora_results/results.json,cell K5N50; condition key base_plain
03_prompt_format,Qwen2.5-3B-Instruct,Qwen2.5,False,base,arbitrary_single,plain,5,50,IVQ,ordinal,24,0.0,,0.0,0.051418608310220645,0.051418608310220645,48,0,,,,,,raw,lora_intervention/experiments/behavioral_block_lora_results/results.json,cell K5N50; condition key base_plain
03_prompt_format,Qwen2.5-3B-Instruct,Qwen2.5,False,base,arbitrary_single,plain,5,50,IVQ,ordinal,26,0.0,,0.0,0.051418608310220645,0.051418608310220645,48,0,,,,,,raw,lora_intervention/experiments/behavioral_block_lora_results/results.json,cell K5N50; condition key base_plain
03_prompt_format,Qwen2.5-3B-Instruct,Qwen2.5,False,base,arbitrary_single,plain,5,50,IVQ,ordinal,28,0.0,,0.0,0.051418608310220645,0.051418608310220645,48,0,,,,,,raw,lora_intervention/experiments/behavioral_block_lora_results/results.json,cell K5N50; condition key base_plain
03_prompt_format,Qwen2.5-3B-Instruct,Qwen2.5,False,base,arbitrary_single,plain,5,50,IVQ,ordinal,30,0.020833333333333332,,0.0,0.0836010255666804,0.06276769223334708,48,1,,,,,,raw,lora_intervention/experiments/behavioral_block_lora_results/results.json,cell K5N50; condition key base_plain
03_prompt_format,Qwen2.5-3B-Instruct,Qwen2.5,False,base,arbitrary_single,plain,5,50,IVQ,ordinal,32,0.0,,0.0,0.051418608310220645,0.051418608310220645,48,0,,,,,,raw,lora_intervention/experiments/behavioral_block_lora_results/results.json,cell K5N50; condition key base_plain
03_prompt_format,Qwen2.5-3B-Instruct,Qwen2.5,False,base,arbitrary_single,plain,5,50,IVQ,ordinal,34,0.0,,0.0,0.051418608310220645,0.051418608310220645,48,0,,,,,,raw,lora_intervention/experiments/behavioral_block_lora_results/results.json,cell K5N50; condition key base_plain
03_prompt_format,Qwen2.5-3B-Instruct,Qwen2.5,False,base,arbitrary_single,plain,5,50,IVQ,ordinal,36,0.0,,0.0,0.051418608310220645,0.051418608310220645,48,0,,,,,,raw,lora_intervention/experiments/behavioral_block_lora_results/results.json,cell K5N50; condition key base_plain
03_prompt_format,Qwen2.5-3B-Instruct,Qwen2.5,False,base,arbitrary_single,plain,5,50,IVQ,ordinal,38,0.020833333333333332,,0.0,0.0836010255666804,0.06276769223334708,48,1,,,,,,raw,lora_intervention/experiments/behavioral_block_lora_results/results.json,cell K5N50; condition key base_plain
03_prompt_format,Qwen2.5-3B-Instruct,Qwen2.5,False,base,arbitrary_single,plain,5,50,IVQ,ordinal,40,0.020833333333333332,,0.0,0.0836010255666804,0.06276769223334708,48,1,,,,,,raw,lora_intervention/experiments/behavioral_block_lora_results/results.json,cell K5N50; condition key base_plain
03_prompt_format,Qwen2.5-3B-Instruct,Qwen2.5,False,base,arbitrary_single,plain,5,50,IVQ,ordinal,42,0.0,,0.0,0.051418608310220645,0.051418608310220645,48,0,,,,,,raw,lora_intervention/experiments/behavioral_block_lora_results/results.json,cell K5N50; condition key base_plain
03_prompt_format,Qwen2.5-3B-Instruct,Qwen2.5,False,base,arbitrary_single,plain,5,50,IVQ,ordinal,44,0.020833333333333332,,0.0,0.0836010255666804,0.06276769223334708,48,1,,,,,,raw,lora_intervention/experiments/behavioral_block_lora_results/results.json,cell K5N50; condition key base_plain
03_prompt_format,Qwen2.5-3B-Instruct,Qwen2.5,False,base,arbitrary_single,plain,5,50,IVQ,ordinal,46,0.0,,0.0,0.051418608310220645,0.051418608310220645,48,0,,,,,,raw,lora_intervention/experiments/behavioral_block_lora_results/results.json,cell K5N50; condition key base_plain
03_prompt_format,Qwen2.5-3B-Instruct,Qwen2.5,False,base,arbitrary_single,plain,5,50,IVQ,ordinal,48,0.0,,0.0,0.051418608310220645,0.051418608310220645,48,0,,,,,,raw,lora_intervention/experiments/behavioral_block_lora_results/results.json,cell K5N50; condition key base_plain
03_prompt_format,Qwen2.5-3B-Instruct,Qwen2.5,False,base,arbitrary_single,plain,5,50,CVQ,semantic,50,0.4427083333333333,,0.37312328758604685,0.5122933790806198,0.0695850457472865,192,85,,,,,,raw,lora_intervention/experiments/behavioral_block_lora_results/results.json,cell K5N50; condition key base_plain
03_prompt_format,Qwen2.5-3B-Instruct,Qwen2.5,False,base,arbitrary_single,plain,5,75,FVQ,ordinal,1,0.6534090909090909,,0.5837041053093516,0.7231140765088303,0.06970498559973932,176,115,,,,,,raw,lora_intervention/experiments/behavioral_block_lora_results/results.json,cell K5N75; condition key base_plain
03_prompt_format,Qwen2.5-3B-Instruct,Qwen2.5,False,base,arbitrary_single,plain,5,75,IVQ,ordinal,2,0.125,,0.05705304072582072,0.19294695927417926,0.06794695927417928,96,12,,,,,,raw,lora_intervention/experiments/behavioral_block_lora_results/results.json,cell K5N75; condition key base_plain
03_prompt_format,Qwen2.5-3B-Instruct,Qwen2.5,False,base,arbitrary_single,plain,5,75,IVQ,ordinal,4,0.0875,,0.02149606326110111,0.1535039367388989,0.06600393673889889,80,7,,,,,,raw,lora_intervention/experiments/behavioral_block_lora_results/results.json,cell K5N75; condition key base_plain
03_prompt_format,Qwen2.5-3B-Instruct,Qwen2.5,False,base,arbitrary_single,plain,5,75,IVQ,ordinal,6,0.075,,0.012391738206829456,0.13760826179317054,0.06260826179317054,80,6,,,,,,raw,lora_intervention/experiments/behavioral_block_lora_results/results.json,cell K5N75; condition key base_plain
03_prompt_format,Qwen2.5-3B-Instruct,Qwen2.5,False,base,arbitrary_single,plain,5,75,IVQ,ordinal,8,0.020833333333333332,,0.0,0.0836010255666804,0.06276769223334708,48,1,,,,,,raw,lora_intervention/experiments/behavioral_block_lora_results/results.json,cell K5N75; condition key base_plain
03_prompt_format,Qwen2.5-3B-Instruct,Qwen2.5,False,base,arbitrary_single,plain,5,75,IVQ,ordinal,10,0.03125,,0.0,0.08677906924853511,0.05552906924853511,64,2,,,,,,raw,lora_intervention/experiments/behavioral_block_lora_results/results.json,cell K5N75; condition key base_plain
03_prompt_format,Qwen2.5-3B-Instruct,Qwen2.5,False,base,arbitrary_single,plain,5,75,IVQ,ordinal,12,0.0,,0.0,0.051418608310220645,0.051418608310220645,48,0,,,,,,raw,lora_intervention/experiments/behavioral_block_lora_results/results.json,cell K5N75; condition key base_plain
03_prompt_format,Qwen2.5-3B-Instruct,Qwen2.5,False,base,arbitrary_single,plain,5,75,IVQ,ordinal,14,0.03125,,0.0,0.08677906924853511,0.05552906924853511,64,2,,,,,,raw,lora_intervention/experiments/behavioral_block_lora_results/results.json,cell K5N75; condition key base_plain
03_prompt_format,Qwen2.5-3B-Instruct,Qwen2.5,False,base,arbitrary_single,plain,5,75,IVQ,ordinal,16,0.020833333333333332,,0.0,0.0836010255666804,0.06276769223334708,48,1,,,,,,raw,lora_intervention/experiments/behavioral_block_lora_results/results.json,cell K5N75; condition key base_plain
03_prompt_format,Qwen2.5-3B-Instruct,Qwen2.5,False,base,arbitrary_single,plain,5,75,IVQ,ordinal,18,0.0,,0.0,0.051418608310220645,0.051418608310220645,48,0,,,,,,raw,lora_intervention/experiments/behavioral_block_lora_results/results.json,cell K5N75; condition key base_plain
03_prompt_format,Qwen2.5-3B-Instruct,Qwen2.5,False,base,arbitrary_single,plain,5,75,IVQ,ordinal,20,0.020833333333333332,,0.0,0.0836010255666804,0.06276769223334708,48,1,,,,,,raw,lora_intervention/experiments/behavioral_block_lora_results/results.json,cell K5N75; condition key base_plain
03_prompt_format,Qwen2.5-3B-Instruct,Qwen2.5,False,base,arbitrary_single,plain,5,75,IVQ,ordinal,22,0.0,,0.0,0.051418608310220645,0.051418608310220645,48,0,,,,,,raw,lora_intervention/experiments/behavioral_block_lora_results/results.json,cell K5N75; condition key base_plain
03_prompt_format,Qwen2.5-3B-Instruct,Qwen2.5,False,base,arbitrary_single,plain,5,75,IVQ,ordinal,24,0.020833333333333332,,0.0,0.0836010255666804,0.06276769223334708,48,1,,,,,,raw,lora_intervention/experiments/behavioral_block_lora_results/results.json,cell K5N75; condition key base_plain
03_prompt_format,Qwen2.5-3B-Instruct,Qwen2.5,False,base,arbitrary_single,plain,5,75,IVQ,ordinal,26,0.0,,0.0,0.051418608310220645,0.051418608310220645,48,0,,,,,,raw,lora_intervention/experiments/behavioral_block_lora_results/results.json,cell K5N75; condition key base_plain
03_prompt_format,Qwen2.5-3B-Instruct,Qwen2.5,False,base,arbitrary_single,plain,5,75,IVQ,ordinal,28,0.020833333333333332,,0.0,0.0836010255666804,0.06276769223334708,48,1,,,,,,raw,lora_intervention/experiments/behavioral_block_lora_results/results.json,cell K5N75; condition key base_plain
03_prompt_format,Qwen2.5-3B-Instruct,Qwen2.5,False,base,arbitrary_single,plain,5,75,IVQ,ordinal,30,0.0,,0.0,0.051418608310220645,0.051418608310220645,48,0,,,,,,raw,lora_intervention/experiments/behavioral_block_lora_results/results.json,cell K5N75; condition key base_plain
03_prompt_format,Qwen2.5-3B-Instruct,Qwen2.5,False,base,arbitrary_single,plain,5,75,IVQ,ordinal,32,0.0,,0.0,0.051418608310220645,0.051418608310220645,48,0,,,,,,raw,lora_intervention/experiments/behavioral_block_lora_results/results.json,cell K5N75; condition key base_plain
03_prompt_format,Qwen2.5-3B-Instruct,Qwen2.5,False,base,arbitrary_single,plain,5,75,IVQ,ordinal,34,0.0,,0.0,0.051418608310220645,0.051418608310220645,48,0,,,,,,raw,lora_intervention/experiments/behavioral_block_lora_results/results.json,cell K5N75; condition key base_plain
03_prompt_format,Qwen2.5-3B-Instruct,Qwen2.5,False,base,arbitrary_single,plain,5,75,IVQ,ordinal,36,0.0,,0.0,0.051418608310220645,0.051418608310220645,48,0,,,,,,raw,lora_intervention/experiments/behavioral_block_lora_results/results.json,cell K5N75; condition key base_plain
03_prompt_format,Qwen2.5-3B-Instruct,Qwen2.5,False,base,arbitrary_single,plain,5,75,IVQ,ordinal,38,0.0,,0.0,0.051418608310220645,0.051418608310220645,48,0,,,,,,raw,lora_intervention/experiments/behavioral_block_lora_results/results.json,cell K5N75; condition key base_plain
03_prompt_format,Qwen2.5-3B-Instruct,Qwen2.5,False,base,arbitrary_single,plain,5,75,IVQ,ordinal,40,0.0,,0.0,0.051418608310220645,0.051418608310220645,48,0,,,,,,raw,lora_intervention/experiments/behavioral_block_lora_results/results.json,cell K5N75; condition key base_plain
03_prompt_format,Qwen2.5-3B-Instruct,Qwen2.5,False,base,arbitrary_single,plain,5,75,IVQ,ordinal,42,0.020833333333333332,,0.0,0.0836010255666804,0.06276769223334708,48,1,,,,,,raw,lora_intervention/experiments/behavioral_block_lora_results/results.json,cell K5N75; condition key base_plain
03_prompt_format,Qwen2.5-3B-Instruct,Qwen2.5,False,base,arbitrary_single,plain,5,75,IVQ,ordinal,44,0.0,,0.0,0.051418608310220645,0.051418608310220645,48,0,,,,,,raw,lora_intervention/experiments/behavioral_block_lora_results/results.json,cell K5N75; condition key base_plain
03_prompt_format,Qwen2.5-3B-Instruct,Qwen2.5,False,base,arbitrary_single,plain,5,75,IVQ,ordinal,46,0.0,,0.0,0.051418608310220645,0.051418608310220645,48,0,,,,,,raw,lora_intervention/experiments/behavioral_block_lora_results/results.json,cell K5N75; condition key base_plain
03_prompt_format,Qwen2.5-3B-Instruct,Qwen2.5,False,base,arbitrary_single,plain,5,75,IVQ,ordinal,48,0.0,,0.0,0.051418608310220645,0.051418608310220645,48,0,,,,,,raw,lora_intervention/experiments/behavioral_block_lora_results/results.json,cell K5N75; condition key base_plain
03_prompt_format,Qwen2.5-3B-Instruct,Qwen2.5,False,base,arbitrary_single,plain,5,75,IVQ,ordinal,50,0.0,,0.0,0.051418608310220645,0.051418608310220645,48,0,,,,,,raw,lora_intervention/experiments/behavioral_block_lora_results/results.json,cell K5N75; condition key base_plain
03_prompt_format,Qwen2.5-3B-Instruct,Qwen2.5,False,base,arbitrary_single,plain,5,75,IVQ,ordinal,52,0.020833333333333332,,0.0,0.0836010255666804,0.06276769223334708,48,1,,,,,,raw,lora_intervention/experiments/behavioral_block_lora_results/results.json,cell K5N75; condition key base_plain
03_prompt_format,Qwen2.5-3B-Instruct,Qwen2.5,False,base,arbitrary_single,plain,5,75,IVQ,ordinal,54,0.0,,0.0,0.051418608310220645,0.051418608310220645,48,0,,,,,,raw,lora_intervention/experiments/behavioral_block_lora_results/results.json,cell K5N75; condition key base_plain
03_prompt_format,Qwen2.5-3B-Instruct,Qwen2.5,False,base,arbitrary_single,plain,5,75,IVQ,ordinal,56,0.020833333333333332,,0.0,0.0836010255666804,0.06276769223334708,48,1,,,,,,raw,lora_intervention/experiments/behavioral_block_lora_results/results.json,cell K5N75; condition key base_plain
03_prompt_format,Qwen2.5-3B-Instruct,Qwen2.5,False,base,arbitrary_single,plain,5,75,IVQ,ordinal,58,0.0,,0.0,0.051418608310220645,0.051418608310220645,48,0,,,,,,raw,lora_intervention/experiments/behavioral_block_lora_results/results.json,cell K5N75; condition key base_plain
03_prompt_format,Qwen2.5-3B-Instruct,Qwen2.5,False,base,arbitrary_single,plain,5,75,IVQ,ordinal,60,0.0,,0.0,0.051418608310220645,0.051418608310220645,48,0,,,,,,raw,lora_intervention/experiments/behavioral_block_lora_results/results.json,cell K5N75; condition key base_plain
03_prompt_format,Qwen2.5-3B-Instruct,Qwen2.5,False,base,arbitrary_single,plain,5,75,IVQ,ordinal,62,0.020833333333333332,,0.0,0.0836010255666804,0.06276769223334708,48,1,,,,,,raw,lora_intervention/experiments/behavioral_block_lora_results/results.json,cell K5N75; condition key base_plain
03_prompt_format,Qwen2.5-3B-Instruct,Qwen2.5,False,base,arbitrary_single,plain,5,75,IVQ,ordinal,64,0.03125,,0.0,0.08677906924853511,0.05552906924853511,64,2,,,,,,raw,lora_intervention/experiments/behavioral_block_lora_results/results.json,cell K5N75; condition key base_plain
03_prompt_format,Qwen2.5-3B-Instruct,Qwen2.5,False,base,arbitrary_single,plain,5,75,IVQ,ordinal,66,0.020833333333333332,,0.0,0.0836010255666804,0.06276769223334708,48,1,,,,,,raw,lora_intervention/experiments/behavioral_block_lora_results/results.json,cell K5N75; condition key base_plain
03_prompt_format,Qwen2.5-3B-Instruct,Qwen2.5,False,base,arbitrary_single,plain,5,75,IVQ,ordinal,68,0.020833333333333332,,0.0,0.0836010255666804,0.06276769223334708,48,1,,,,,,raw,lora_intervention/experiments/behavioral_block_lora_results/results.json,cell K5N75; condition key base_plain
03_prompt_format,Qwen2.5-3B-Instruct,Qwen2.5,False,base,arbitrary_single,plain,5,75,IVQ,ordinal,70,0.0,,0.0,0.051418608310220645,0.051418608310220645,48,0,,,,,,raw,lora_intervention/experiments/behavioral_block_lora_results/results.json,cell K5N75; condition key base_plain
03_prompt_format,Qwen2.5-3B-Instruct,Qwen2.5,False,base,arbitrary_single,plain,5,75,IVQ,ordinal,72,0.0,,0.0,0.051418608310220645,0.051418608310220645,48,0,,,,,,raw,lora_intervention/experiments/behavioral_block_lora_results/results.json,cell K5N75; condition key base_plain
03_prompt_format,Qwen2.5-3B-Instruct,Qwen2.5,False,base,arbitrary_single,plain,5,75,IVQ,ordinal,74,0.020833333333333332,,0.0,0.0836010255666804,0.06276769223334708,48,1,,,,,,raw,lora_intervention/experiments/behavioral_block_lora_results/results.json,cell K5N75; condition key base_plain
03_prompt_format,Qwen2.5-3B-Instruct,Qwen2.5,False,base,arbitrary_single,plain,5,75,CVQ,semantic,75,0.495,,0.42636292604801757,0.5636370739519825,0.06863707395198244,200,99,,,,,,raw,lora_intervention/experiments/behavioral_block_lora_results/results.json,cell K5N75; condition key base_plain
03_prompt_format,Qwen2.5-3B-Instruct,Qwen2.5,False,base,arbitrary_single,plain,10,25,FVQ,ordinal,1,0.505,,0.4363629260480176,0.5736370739519825,0.06863707395198244,200,101,,,,,,raw,lora_intervention/experiments/behavioral_block_lora_results/results.json,cell K10N25; condition key base_plain
03_prompt_format,Qwen2.5-3B-Instruct,Qwen2.5,False,base,arbitrary_single,plain,10,25,IVQ,ordinal,2,0.0875,,0.02149606326110111,0.1535039367388989,0.06600393673889889,80,7,,,,,,raw,lora_intervention/experiments/behavioral_block_lora_results/results.json,cell K10N25; condition key base_plain
03_prompt_format,Qwen2.5-3B-Instruct,Qwen2.5,False,base,arbitrary_single,plain,10,25,IVQ,ordinal,3,0.0875,,0.02149606326110111,0.1535039367388989,0.06600393673889889,80,7,,,,,,raw,lora_intervention/experiments/behavioral_block_lora_results/results.json,cell K10N25; condition key base_plain
03_prompt_format,Qwen2.5-3B-Instruct,Qwen2.5,False,base,arbitrary_single,plain,10,25,IVQ,ordinal,4,0.046875,,0.0,0.1085951429654443,0.0617201429654443,64,3,,,,,,raw,lora_intervention/experiments/behavioral_block_lora_results/results.json,cell K10N25; condition key base_plain
03_prompt_format,Qwen2.5-3B-Instruct,Qwen2.5,False,base,arbitrary_single,plain,10,25,IVQ,ordinal,5,0.0,,0.0,0.051418608310220645,0.051418608310220645,48,0,,,,,,raw,lora_intervention/experiments/behavioral_block_lora_results/results.json,cell K10N25; condition key base_plain
03_prompt_format,Qwen2.5-3B-Instruct,Qwen2.5,False,base,arbitrary_single,plain,10,25,IVQ,ordinal,6,0.0625,,0.0035930169610395232,0.12140698303896047,0.05890698303896048,80,5,,,,,,raw,lora_intervention/experiments/behavioral_block_lora_results/results.json,cell K10N25; condition key base_plain
03_prompt_format,Qwen2.5-3B-Instruct,Qwen2.5,False,base,arbitrary_single,plain,10,25,IVQ,ordinal,7,0.0625,,0.0035930169610395232,0.12140698303896047,0.05890698303896048,80,5,,,,,,raw,lora_intervention/experiments/behavioral_block_lora_results/results.json,cell K10N25; condition key base_plain
03_prompt_format,Qwen2.5-3B-Instruct,Qwen2.5,False,base,arbitrary_single,plain,10,25,IVQ,ordinal,8,0.03125,,0.0,0.08677906924853511,0.05552906924853511,64,2,,,,,,raw,lora_intervention/experiments/behavioral_block_lora_results/results.json,cell K10N25; condition key base_plain
03_prompt_format,Qwen2.5-3B-Instruct,Qwen2.5,False,base,arbitrary_single,plain,10,25,IVQ,ordinal,9,0.0625,,0.0,0.12966150559943532,0.06716150559943532,64,4,,,,,,raw,lora_intervention/experiments/behavioral_block_lora_results/results.json,cell K10N25; condition key base_plain
03_prompt_format,Qwen2.5-3B-Instruct,Qwen2.5,False,base,arbitrary_single,plain,10,25,IVQ,ordinal,10,0.03125,,0.0,0.08677906924853511,0.05552906924853511,64,2,,,,,,raw,lora_intervention/experiments/behavioral_block_lora_results/results.json,cell K10N25; condition key base_plain
03_prompt_format,Qwen2.5-3B-Instruct,Qwen2.5,False,base,arbitrary_single,plain,10,25,IVQ,ordinal,11,0.020833333333333332,,0.0,0.0836010255666804,0.06276769223334708,48,1,,,,,,raw,lora_intervention/experiments/behavioral_block_lora_results/results.json,cell K10N25; condition key base_plain
03_prompt_format,Qwen2.5-3B-Instruct,Qwen2.5,False,base,arbitrary_single,plain,10,25,IVQ,ordinal,12,0.03125,,0.0,0.08677906924853511,0.05552906924853511,64,2,,,,,,raw,lora_intervention/experiments/behavioral_block_lora_results/results.json,cell K10N25; condition key base_plain
03_prompt_format,Qwen2.5-3B-Instruct,Qwen2.5,False,base,arbitrary_single,plain,10,25,IVQ,ordinal,13,0.020833333333333332,,0.0,0.0836010255666804,0.06276769223334708,48,1,,,,,,raw,lora_intervention/experiments/behavioral_block_lora_results/results.json,cell K10N25; condition key base_plain
03_prompt_format,Qwen2.5-3B-Instruct,Qwen2.5,False,base,arbitrary_single,plain,10,25,IVQ,ordinal,14,0.0625,,0.0,0.12966150559943532,0.06716150559943532,64,4,,,,,,raw,lora_intervention/experiments/behavioral_block_lora_results/results.json,cell K10N25; condition key base_plain
03_prompt_format,Qwen2.5-3B-Instruct,Qwen2.5,False,base,arbitrary_single,plain,10,25,IVQ,ordinal,15,0.020833333333333332,,0.0,0.0836010255666804,0.06276769223334708,48,1,,,,,,raw,lora_intervention/experiments/behavioral_block_lora_results/results.json,cell K10N25; condition key base_plain
03_prompt_format,Qwen2.5-3B-Instruct,Qwen2.5,False,base,arbitrary_single,plain,10,25,IVQ,ordinal,16,0.0,,0.0,0.051418608310220645,0.051418608310220645,48,0,,,,,,raw,lora_intervention/experiments/behavioral_block_lora_results/results.json,cell K10N25; condition key base_plain
03_prompt_format,Qwen2.5-3B-Instruct,Qwen2.5,False,base,arbitrary_single,plain,10,25,IVQ,ordinal,17,0.03125,,0.0,0.08677906924853511,0.05552906924853511,64,2,,,,,,raw,lora_intervention/experiments/behavioral_block_lora_results/results.json,cell K10N25; condition key base_plain
03_prompt_format,Qwen2.5-3B-Instruct,Qwen2.5,False,base,arbitrary_single,plain,10,25,IVQ,ordinal,18,0.03125,,0.0,0.08677906924853511,0.05552906924853511,64,2,,,,,,raw,lora_intervention/experiments/behavioral_block_lora_results/results.json,cell K10N25; condition key base_plain
03_prompt_format,Qwen2.5-3B-Instruct,Qwen2.5,False,base,arbitrary_single,plain,10,25,IVQ,ordinal,19,0.020833333333333332,,0.0,0.0836010255666804,0.06276769223334708,48,1,,,,,,raw,lora_intervention/experiments/behavioral_block_lora_results/results.json,cell K10N25; condition key base_plain
03_prompt_format,Qwen2.5-3B-Instruct,Qwen2.5,False,base,arbitrary_single,plain,10,25,IVQ,ordinal,20,0.03125,,0.0,0.08677906924853511,0.05552906924853511,64,2,,,,,,raw,lora_intervention/experiments/behavioral_block_lora_results/results.json,cell K10N25; condition key base_plain
03_prompt_format,Qwen2.5-3B-Instruct,Qwen2.5,False,base,arbitrary_single,plain,10,25,IVQ,ordinal,21,0.0,,0.0,0.051418608310220645,0.051418608310220645,48,0,,,,,,raw,lora_intervention/experiments/behavioral_block_lora_results/results.json,cell K10N25; condition key base_plain
03_prompt_format,Qwen2.5-3B-Instruct,Qwen2.5,False,base,arbitrary_single,plain,10,25,IVQ,ordinal,22,0.0,,0.0,0.051418608310220645,0.051418608310220645,48,0,,,,,,raw,lora_intervention/experiments/behavioral_block_lora_results/results.json,cell K10N25; condition key base_plain
03_prompt_format,Qwen2.5-3B-Instruct,Qwen2.5,False,base,arbitrary_single,plain,10,25,IVQ,ordinal,23,0.0625,,0.0,0.12966150559943532,0.06716150559943532,64,4,,,,,,raw,lora_intervention/experiments/behavioral_block_lora_results/results.json,cell K10N25; condition key base_plain
03_prompt_format,Qwen2.5-3B-Instruct,Qwen2.5,False,base,arbitrary_single,plain,10,25,IVQ,ordinal,24,0.0625,,0.0035930169610395232,0.12140698303896047,0.05890698303896048,80,5,,,,,,raw,lora_intervention/experiments/behavioral_block_lora_results/results.json,cell K10N25; condition key base_plain
03_prompt_format,Qwen2.5-3B-Instruct,Qwen2.5,False,base,arbitrary_single,plain,10,25,CVQ,semantic,25,0.5729166666666666,,0.5036077901678355,0.6422255431654977,0.0693088764988311,192,110,,,,,,raw,lora_intervention/experiments/behavioral_block_lora_results/results.json,cell K10N25; condition key base_plain
03_prompt_format,Qwen2.5-3B-Instruct,Qwen2.5,False,base,arbitrary_single,plain,10,50,FVQ,semantic,first,0.32,,,,,100,,,,,,,raw,lora_intervention/experiments/block_readout_results/results_K10N50.json,behavioural accuracy only; per-layer P(v_last) / P(v_first) curves remain in the source file
03_prompt_format,Qwen2.5-3B-Instruct,Qwen2.5,False,base,arbitrary_single,plain,10,50,FVQ,ordinal,1,0.3352272727272727,,0.2660549204206171,0.4043996250339283,0.0691723523066556,176,59,,,,,,raw,lora_intervention/experiments/behavioral_block_lora_results/results.json,cell K10N50; condition key base_plain
03_prompt_format,Qwen2.5-3B-Instruct,Qwen2.5,False,base,arbitrary_single,plain,10,50,IVQ,ordinal,2,0.046875,,0.0,0.1085951429654443,0.0617201429654443,64,3,,,,,,raw,lora_intervention/experiments/behavioral_block_lora_results/results.json,cell K10N50; condition key base_plain
03_prompt_format,Qwen2.5-3B-Instruct,Qwen2.5,False,base,arbitrary_single,plain,10,50,IVQ,ordinal,3,0.03125,,0.0,0.08677906924853511,0.05552906924853511,64,2,,,,,,raw,lora_intervention/experiments/behavioral_block_lora_results/results.json,cell K10N50; condition key base_plain
03_prompt_format,Qwen2.5-3B-Instruct,Qwen2.5,False,base,arbitrary_single,plain,10,50,IVQ,ordinal,4,0.0625,,0.0035930169610395232,0.12140698303896047,0.05890698303896048,80,5,,,,,,raw,lora_intervention/experiments/behavioral_block_lora_results/results.json,cell K10N50; condition key base_plain
03_prompt_format,Qwen2.5-3B-Instruct,Qwen2.5,False,base,arbitrary_single,plain,10,50,IVQ,ordinal,5,0.020833333333333332,,0.0,0.0836010255666804,0.06276769223334708,48,1,,,,,,raw,lora_intervention/experiments/behavioral_block_lora_results/results.json,cell K10N50; condition key base_plain
03_prompt_format,Qwen2.5-3B-Instruct,Qwen2.5,False,base,arbitrary_single,plain,10,50,IVQ,ordinal,6,0.0,,0.0,0.051418608310220645,0.051418608310220645,48,0,,,,,,raw,lora_intervention/experiments/behavioral_block_lora_results/results.json,cell K10N50; condition key base_plain
03_prompt_format,Qwen2.5-3B-Instruct,Qwen2.5,False,base,arbitrary_single,plain,10,50,IVQ,ordinal,7,0.0,,0.0,0.051418608310220645,0.051418608310220645,48,0,,,,,,raw,lora_intervention/experiments/behavioral_block_lora_results/results.json,cell K10N50; condition key base_plain
03_prompt_format,Qwen2.5-3B-Instruct,Qwen2.5,False,base,arbitrary_single,plain,10,50,IVQ,ordinal,8,0.020833333333333332,,0.0,0.0836010255666804,0.06276769223334708,48,1,,,,,,raw,lora_intervention/experiments/behavioral_block_lora_results/results.json,cell K10N50; condition key base_plain
03_prompt_format,Qwen2.5-3B-Instruct,Qwen2.5,False,base,arbitrary_single,plain,10,50,IVQ,ordinal,9,0.0,,0.0,0.051418608310220645,0.051418608310220645,48,0,,,,,,raw,lora_intervention/experiments/behavioral_block_lora_results/results.json,cell K10N50; condition key base_plain
03_prompt_format,Qwen2.5-3B-Instruct,Qwen2.5,False,base,arbitrary_single,plain,10,50,IVQ,ordinal,10,0.0,,0.0,0.051418608310220645,0.051418608310220645,48,0,,,,,,raw,lora_intervention/experiments/behavioral_block_lora_results/results.json,cell K10N50; condition key base_plain
03_prompt_format,Qwen2.5-3B-Instruct,Qwen2.5,False,base,arbitrary_single,plain,10,50,IVQ,ordinal,11,0.020833333333333332,,0.0,0.0836010255666804,0.06276769223334708,48,1,,,,,,raw,lora_intervention/experiments/behavioral_block_lora_results/results.json,cell K10N50; condition key base_plain
03_prompt_format,Qwen2.5-3B-Instruct,Qwen2.5,False,base,arbitrary_single,plain,10,50,IVQ,ordinal,12,0.0,,0.0,0.051418608310220645,0.051418608310220645,48,0,,,,,,raw,lora_intervention/experiments/behavioral_block_lora_results/results.json,cell K10N50; condition key base_plain
03_prompt_format,Qwen2.5-3B-Instruct,Qwen2.5,False,base,arbitrary_single,plain,10,50,IVQ,ordinal,13,0.0,,0.0,0.051418608310220645,0.051418608310220645,48,0,,,,,,raw,lora_intervention/experiments/behavioral_block_lora_results/results.json,cell K10N50; condition key base_plain
03_prompt_format,Qwen2.5-3B-Instruct,Qwen2.5,False,base,arbitrary_single,plain,10,50,IVQ,ordinal,14,0.020833333333333332,,0.0,0.0836010255666804,0.06276769223334708,48,1,,,,,,raw,lora_intervention/experiments/behavioral_block_lora_results/results.json,cell K10N50; condition key base_plain
03_prompt_format,Qwen2.5-3B-Instruct,Qwen2.5,False,base,arbitrary_single,plain,10,50,IVQ,ordinal,15,0.0,,0.0,0.051418608310220645,0.051418608310220645,48,0,,,,,,raw,lora_intervention/experiments/behavioral_block_lora_results/results.json,cell K10N50; condition key base_plain
03_prompt_format,Qwen2.5-3B-Instruct,Qwen2.5,False,base,arbitrary_single,plain,10,50,IVQ,ordinal,16,0.03125,,0.0,0.08677906924853511,0.05552906924853511,64,2,,,,,,raw,lora_intervention/experiments/behavioral_block_lora_results/results.json,cell K10N50; condition key base_plain
03_prompt_format,Qwen2.5-3B-Instruct,Qwen2.5,False,base,arbitrary_single,plain,10,50,IVQ,ordinal,17,0.0,,0.0,0.051418608310220645,0.051418608310220645,48,0,,,,,,raw,lora_intervention/experiments/behavioral_block_lora_results/results.json,cell K10N50; condition key base_plain
03_prompt_format,Qwen2.5-3B-Instruct,Qwen2.5,False,base,arbitrary_single,plain,10,50,IVQ,ordinal,18,0.0,,0.0,0.051418608310220645,0.051418608310220645,48,0,,,,,,raw,lora_intervention/experiments/behavioral_block_lora_results/results.json,cell K10N50; condition key base_plain
03_prompt_format,Qwen2.5-3B-Instruct,Qwen2.5,False,base,arbitrary_single,plain,10,50,IVQ,ordinal,19,0.0,,0.0,0.051418608310220645,0.051418608310220645,48,0,,,,,,raw,lora_intervention/experiments/behavioral_block_lora_results/results.json,cell K10N50; condition key base_plain
03_prompt_format,Qwen2.5-3B-Instruct,Qwen2.5,False,base,arbitrary_single,plain,10,50,IVQ,ordinal,20,0.0,,0.0,0.051418608310220645,0.051418608310220645,48,0,,,,,,raw,lora_intervention/experiments/behavioral_block_lora_results/results.json,cell K10N50; condition key base_plain
03_prompt_format,Qwen2.5-3B-Instruct,Qwen2.5,False,base,arbitrary_single,plain,10,50,IVQ,ordinal,21,0.0,,0.0,0.051418608310220645,0.051418608310220645,48,0,,,,,,raw,lora_intervention/experiments/behavioral_block_lora_results/results.json,cell K10N50; condition key base_plain
03_prompt_format,Qwen2.5-3B-Instruct,Qwen2.5,False,base,arbitrary_single,plain,10,50,IVQ,ordinal,22,0.0,,0.0,0.051418608310220645,0.051418608310220645,48,0,,,,,,raw,lora_intervention/experiments/behavioral_block_lora_results/results.json,cell K10N50; condition key base_plain
03_prompt_format,Qwen2.5-3B-Instruct,Qwen2.5,False,base,arbitrary_single,plain,10,50,IVQ,ordinal,23,0.0,,0.0,0.051418608310220645,0.051418608310220645,48,0,,,,,,raw,lora_intervention/experiments/behavioral_block_lora_results/results.json,cell K10N50; condition key base_plain
03_prompt_format,Qwen2.5-3B-Instruct,Qwen2.5,False,base,arbitrary_single,plain,10,50,IVQ,ordinal,24,0.0,,0.0,0.051418608310220645,0.051418608310220645,48,0,,,,,,raw,lora_intervention/experiments/behavioral_block_lora_results/results.json,cell K10N50; condition key base_plain
03_prompt_format,Qwen2.5-3B-Instruct,Qwen2.5,False,base,arbitrary_single,plain,10,50,IVQ,ordinal,25,0.0,,0.0,0.051418608310220645,0.051418608310220645,48,0,,,,,,raw,lora_intervention/experiments/behavioral_block_lora_results/results.json,cell K10N50; condition key base_plain
03_prompt_format,Qwen2.5-3B-Instruct,Qwen2.5,False,base,arbitrary_single,plain,10,50,IVQ,ordinal,26,0.020833333333333332,,0.0,0.0836010255666804,0.06276769223334708,48,1,,,,,,raw,lora_intervention/experiments/behavioral_block_lora_results/results.json,cell K10N50; condition key base_plain
03_prompt_format,Qwen2.5-3B-Instruct,Qwen2.5,False,base,arbitrary_single,plain,10,50,IVQ,ordinal,27,0.0,,0.0,0.051418608310220645,0.051418608310220645,48,0,,,,,,raw,lora_intervention/experiments/behavioral_block_lora_results/results.json,cell K10N50; condition key base_plain
03_prompt_format,Qwen2.5-3B-Instruct,Qwen2.5,False,base,arbitrary_single,plain,10,50,IVQ,ordinal,28,0.0,,0.0,0.051418608310220645,0.051418608310220645,48,0,,,,,,raw,lora_intervention/experiments/behavioral_block_lora_results/results.json,cell K10N50; condition key base_plain
03_prompt_format,Qwen2.5-3B-Instruct,Qwen2.5,False,base,arbitrary_single,plain,10,50,IVQ,ordinal,29,0.020833333333333332,,0.0,0.0836010255666804,0.06276769223334708,48,1,,,,,,raw,lora_intervention/experiments/behavioral_block_lora_results/results.json,cell K10N50; condition key base_plain
03_prompt_format,Qwen2.5-3B-Instruct,Qwen2.5,False,base,arbitrary_single,plain,10,50,IVQ,ordinal,30,0.020833333333333332,,0.0,0.0836010255666804,0.06276769223334708,48,1,,,,,,raw,lora_intervention/experiments/behavioral_block_lora_results/results.json,cell K10N50; condition key base_plain
03_prompt_format,Qwen2.5-3B-Instruct,Qwen2.5,False,base,arbitrary_single,plain,10,50,IVQ,ordinal,31,0.0,,0.0,0.051418608310220645,0.051418608310220645,48,0,,,,,,raw,lora_intervention/experiments/behavioral_block_lora_results/results.json,cell K10N50; condition key base_plain
03_prompt_format,Qwen2.5-3B-Instruct,Qwen2.5,False,base,arbitrary_single,plain,10,50,IVQ,ordinal,32,0.0,,0.0,0.051418608310220645,0.051418608310220645,48,0,,,,,,raw,lora_intervention/experiments/behavioral_block_lora_results/results.json,cell K10N50; condition key base_plain
03_prompt_format,Qwen2.5-3B-Instruct,Qwen2.5,False,base,arbitrary_single,plain,10,50,IVQ,ordinal,33,0.0,,0.0,0.051418608310220645,0.051418608310220645,48,0,,,,,,raw,lora_intervention/experiments/behavioral_block_lora_results/results.json,cell K10N50; condition key base_plain
03_prompt_format,Qwen2.5-3B-Instruct,Qwen2.5,False,base,arbitrary_single,plain,10,50,IVQ,ordinal,34,0.0,,0.0,0.051418608310220645,0.051418608310220645,48,0,,,,,,raw,lora_intervention/experiments/behavioral_block_lora_results/results.json,cell K10N50; condition key base_plain
03_prompt_format,Qwen2.5-3B-Instruct,Qwen2.5,False,base,arbitrary_single,plain,10,50,IVQ,ordinal,35,0.03125,,0.0,0.08677906924853511,0.05552906924853511,64,2,,,,,,raw,lora_intervention/experiments/behavioral_block_lora_results/results.json,cell K10N50; condition key base_plain
03_prompt_format,Qwen2.5-3B-Instruct,Qwen2.5,False,base,arbitrary_single,plain,10,50,IVQ,ordinal,36,0.03125,,0.0,0.08677906924853511,0.05552906924853511,64,2,,,,,,raw,lora_intervention/experiments/behavioral_block_lora_results/results.json,cell K10N50; condition key base_plain
03_prompt_format,Qwen2.5-3B-Instruct,Qwen2.5,False,base,arbitrary_single,plain,10,50,IVQ,ordinal,37,0.020833333333333332,,0.0,0.0836010255666804,0.06276769223334708,48,1,,,,,,raw,lora_intervention/experiments/behavioral_block_lora_results/results.json,cell K10N50; condition key base_plain
03_prompt_format,Qwen2.5-3B-Instruct,Qwen2.5,False,base,arbitrary_single,plain,10,50,IVQ,ordinal,38,0.0,,0.0,0.051418608310220645,0.051418608310220645,48,0,,,,,,raw,lora_intervention/experiments/behavioral_block_lora_results/results.json,cell K10N50; condition key base_plain
03_prompt_format,Qwen2.5-3B-Instruct,Qwen2.5,False,base,arbitrary_single,plain,10,50,IVQ,ordinal,39,0.0,,0.0,0.051418608310220645,0.051418608310220645,48,0,,,,,,raw,lora_intervention/experiments/behavioral_block_lora_results/results.json,cell K10N50; condition key base_plain
03_prompt_format,Qwen2.5-3B-Instruct,Qwen2.5,False,base,arbitrary_single,plain,10,50,IVQ,ordinal,40,0.020833333333333332,,0.0,0.0836010255666804,0.06276769223334708,48,1,,,,,,raw,lora_intervention/experiments/behavioral_block_lora_results/results.json,cell K10N50; condition key base_plain
03_prompt_format,Qwen2.5-3B-Instruct,Qwen2.5,False,base,arbitrary_single,plain,10,50,IVQ,ordinal,41,0.020833333333333332,,0.0,0.0836010255666804,0.06276769223334708,48,1,,,,,,raw,lora_intervention/experiments/behavioral_block_lora_results/results.json,cell K10N50; condition key base_plain
03_prompt_format,Qwen2.5-3B-Instruct,Qwen2.5,False,base,arbitrary_single,plain,10,50,IVQ,ordinal,42,0.020833333333333332,,0.0,0.0836010255666804,0.06276769223334708,48,1,,,,,,raw,lora_intervention/experiments/behavioral_block_lora_results/results.json,cell K10N50; condition key base_plain
03_prompt_format,Qwen2.5-3B-Instruct,Qwen2.5,False,base,arbitrary_single,plain,10,50,IVQ,ordinal,43,0.020833333333333332,,0.0,0.0836010255666804,0.06276769223334708,48,1,,,,,,raw,lora_intervention/experiments/behavioral_block_lora_results/results.json,cell K10N50; condition key base_plain
03_prompt_format,Qwen2.5-3B-Instruct,Qwen2.5,False,base,arbitrary_single,plain,10,50,IVQ,ordinal,44,0.046875,,0.0,0.1085951429654443,0.0617201429654443,64,3,,,,,,raw,lora_intervention/experiments/behavioral_block_lora_results/results.json,cell K10N50; condition key base_plain
03_prompt_format,Qwen2.5-3B-Instruct,Qwen2.5,False,base,arbitrary_single,plain,10,50,IVQ,ordinal,45,0.020833333333333332,,0.0,0.0836010255666804,0.06276769223334708,48,1,,,,,,raw,lora_intervention/experiments/behavioral_block_lora_results/results.json,cell K10N50; condition key base_plain
03_prompt_format,Qwen2.5-3B-Instruct,Qwen2.5,False,base,arbitrary_single,plain,10,50,IVQ,ordinal,46,0.020833333333333332,,0.0,0.0836010255666804,0.06276769223334708,48,1,,,,,,raw,lora_intervention/experiments/behavioral_block_lora_results/results.json,cell K10N50; condition key base_plain
03_prompt_format,Qwen2.5-3B-Instruct,Qwen2.5,False,base,arbitrary_single,plain,10,50,IVQ,ordinal,47,0.020833333333333332,,0.0,0.0836010255666804,0.06276769223334708,48,1,,,,,,raw,lora_intervention/experiments/behavioral_block_lora_results/results.json,cell K10N50; condition key base_plain
03_prompt_format,Qwen2.5-3B-Instruct,Qwen2.5,False,base,arbitrary_single,plain,10,50,IVQ,ordinal,48,0.0625,,0.0,0.12966150559943532,0.06716150559943532,64,4,,,,,,raw,lora_intervention/experiments/behavioral_block_lora_results/results.json,cell K10N50; condition key base_plain
03_prompt_format,Qwen2.5-3B-Instruct,Qwen2.5,False,base,arbitrary_single,plain,10,50,IVQ,ordinal,49,0.075,,0.012391738206829456,0.13760826179317054,0.06260826179317054,80,6,,,,,,raw,lora_intervention/experiments/behavioral_block_lora_results/results.json,cell K10N50; condition key base_plain
03_prompt_format,Qwen2.5-3B-Instruct,Qwen2.5,False,base,arbitrary_single,plain,10,50,CVQ,semantic,50,0.51,,0.4413728388754208,0.5786271611245792,0.06862716112457923,200,102,,,,,,raw,lora_intervention/experiments/behavioral_block_lora_results/results.json,cell K10N50; condition key base_plain
03_prompt_format,Qwen2.5-3B-Instruct,Qwen2.5,False,base,arbitrary_single,plain,10,50,CVQ,semantic,last,0.5,,,,,100,,,,,,,raw,lora_intervention/experiments/block_readout_results/results_K10N50.json,behavioural accuracy only; per-layer P(v_last) / P(v_first) curves remain in the source file
03_prompt_format,Qwen2.5-3B-Instruct,Qwen2.5,False,base,arbitrary_single,plain,10,100,FVQ,ordinal,1,0.15625,,0.09269561593526293,0.21980438406473707,0.06355438406473707,128,20,,,,,,raw,lora_intervention/experiments/behavioral_block_lora_results/results.json,cell K10N100; condition key base_plain
03_prompt_format,Qwen2.5-3B-Instruct,Qwen2.5,False,base,arbitrary_single,plain,10,100,CVQ,semantic,100,0.5572916666666666,,0.4877066209193801,0.6268767124139532,0.0695850457472865,192,107,,,,,,raw,lora_intervention/experiments/behavioral_block_lora_results/results.json,cell K10N100; condition key base_plain
03_prompt_format,Qwen2.5-3B-Instruct,Qwen2.5,False,base,arbitrary_single,plain,20,20,FVQ,ordinal,1,0.26875,,0.20044186110977408,0.3370581388902259,0.0683081388902259,160,43,,,,,,raw,lora_intervention/experiments/behavioral_block_lora_results/results.json,cell K20N20; condition key base_plain
03_prompt_format,Qwen2.5-3B-Instruct,Qwen2.5,False,base,arbitrary_single,plain,20,20,CVQ,semantic,20,0.578125,,0.5089232044123866,0.6473267955876134,0.06920179558761336,192,111,,,,,,raw,lora_intervention/experiments/behavioral_block_lora_results/results.json,cell K20N20; condition key base_plain
03_prompt_format,Qwen2.5-3B-Instruct,Qwen2.5,False,lora,arbitrary_single,plain,2,30,FVQ,semantic,first,1.0,,,,,100,,,,,,,raw,lora_intervention/experiments/block_readout_results/results_K2N30.json,behavioural accuracy only; per-layer P(v_last) / P(v_first) curves remain in the source file
03_prompt_format,Qwen2.5-3B-Instruct,Qwen2.5,False,lora,arbitrary_single,plain,2,30,FVQ,ordinal,1,1.0,,0.9485813916897793,1.0,0.05141860831022067,48,48,,,,,,raw,lora_intervention/experiments/behavioral_block_lora_results/results.json,cell K2N30; condition key lora_plain
03_prompt_format,Qwen2.5-3B-Instruct,Qwen2.5,False,lora,arbitrary_single,plain,2,30,CVQ,semantic,30,1.0,,0.9485813916897793,1.0,0.05141860831022067,48,48,,,,,,raw,lora_intervention/experiments/behavioral_block_lora_results/results.json,cell K2N30; condition key lora_plain
03_prompt_format,Qwen2.5-3B-Instruct,Qwen2.5,False,lora,arbitrary_single,plain,2,30,CVQ,semantic,last,1.0,,,,,100,,,,,,,raw,lora_intervention/experiments/block_readout_results/results_K2N30.json,behavioural accuracy only; per-layer P(v_last) / P(v_first) curves remain in the source file
03_prompt_format,Qwen2.5-3B-Instruct,Qwen2.5,False,lora,arbitrary_single,plain,5,20,FVQ,ordinal,1,1.0,,0.9485813916897793,1.0,0.05141860831022067,48,48,,,,,,raw,lora_intervention/experiments/behavioral_block_lora_results/results.json,cell K5N20; condition key lora_plain
03_prompt_format,Qwen2.5-3B-Instruct,Qwen2.5,False,lora,arbitrary_single,plain,5,20,IVQ,ordinal,2,1.0,,0.9485813916897793,1.0,0.05141860831022067,48,48,,,,,,raw,lora_intervention/experiments/behavioral_block_lora_results/results.json,cell K5N20; condition key lora_plain
03_prompt_format,Qwen2.5-3B-Instruct,Qwen2.5,False,lora,arbitrary_single,plain,5,20,IVQ,ordinal,3,0.953125,,0.8914048570345556,1.0,0.06172014296544431,64,61,,,,,,raw,lora_intervention/experiments/behavioral_block_lora_results/results.json,cell K5N20; condition key lora_plain
03_prompt_format,Qwen2.5-3B-Instruct,Qwen2.5,False,lora,arbitrary_single,plain,5,20,IVQ,ordinal,4,0.9791666666666666,,0.9163989744333195,1.0,0.06276769223334708,48,47,,,,,,raw,lora_intervention/experiments/behavioral_block_lora_results/results.json,cell K5N20; condition key lora_plain
03_prompt_format,Qwen2.5-3B-Instruct,Qwen2.5,False,lora,arbitrary_single,plain,5,20,IVQ,ordinal,5,0.875,,0.8070530407258207,0.9429469592741793,0.06794695927417928,96,84,,,,,,raw,lora_intervention/experiments/behavioral_block_lora_results/results.json,cell K5N20; condition key lora_plain
03_prompt_format,Qwen2.5-3B-Instruct,Qwen2.5,False,lora,arbitrary_single,plain,5,20,IVQ,ordinal,6,0.75625,,0.6899666350837709,0.8225333649162291,0.06628336491622912,160,121,,,,,,raw,lora_intervention/experiments/behavioral_block_lora_results/results.json,cell K5N20; condition key lora_plain
03_prompt_format,Qwen2.5-3B-Instruct,Qwen2.5,False,lora,arbitrary_single,plain,5,20,IVQ,ordinal,7,0.73125,,0.662941861109774,0.7995581388902259,0.0683081388902259,160,117,,,,,,raw,lora_intervention/experiments/behavioral_block_lora_results/results.json,cell K5N20; condition key lora_plain
03_prompt_format,Qwen2.5-3B-Instruct,Qwen2.5,False,lora,arbitrary_single,plain,5,20,IVQ,ordinal,8,0.609375,,0.5409760467200028,0.6777739532799972,0.06839895327999723,192,117,,,,,,raw,lora_intervention/experiments/behavioral_block_lora_results/results.json,cell K5N20; condition key lora_plain
03_prompt_format,Qwen2.5-3B-Instruct,Qwen2.5,False,lora,arbitrary_single,plain,5,20,IVQ,ordinal,9,0.515625,,0.4456295700398919,0.5856204299601081,0.06999542996010812,192,99,,,,,,raw,lora_intervention/experiments/behavioral_block_lora_results/results.json,cell K5N20; condition key lora_plain
03_prompt_format,Qwen2.5-3B-Instruct,Qwen2.5,False,lora,arbitrary_single,plain,5,20,IVQ,ordinal,10,0.4583333333333333,,0.38853912980220573,0.5281275368644609,0.06979420353112761,192,88,,,,,,raw,lora_intervention/experiments/behavioral_block_lora_results/results.json,cell K5N20; condition key lora_plain
03_prompt_format,Qwen2.5-3B-Instruct,Qwen2.5,False,lora,arbitrary_single,plain,5,20,IVQ,ordinal,11,0.4479166666666667,,0.37825448972619174,0.5175788436071416,0.06966217694047493,192,86,,,,,,raw,lora_intervention/experiments/behavioral_block_lora_results/results.json,cell K5N20; condition key lora_plain
03_prompt_format,Qwen2.5-3B-Instruct,Qwen2.5,False,lora,arbitrary_single,plain,5,20,IVQ,ordinal,12,0.3068181818181818,,0.2391663396610263,0.37447002397533735,0.06765184215715551,176,54,,,,,,raw,lora_intervention/experiments/behavioral_block_lora_results/results.json,cell K5N20; condition key lora_plain
03_prompt_format,Qwen2.5-3B-Instruct,Qwen2.5,False,lora,arbitrary_single,plain,5,20,IVQ,ordinal,13,0.22916666666666666,,0.1606982703732932,0.2976350629600401,0.06846839629337345,144,33,,,,,,raw,lora_intervention/experiments/behavioral_block_lora_results/results.json,cell K5N20; condition key lora_plain
03_prompt_format,Qwen2.5-3B-Instruct,Qwen2.5,False,lora,arbitrary_single,plain,5,20,IVQ,ordinal,14,0.203125,,0.13338329772117755,0.2728667022788225,0.06974170227882245,128,26,,,,,,raw,lora_intervention/experiments/behavioral_block_lora_results/results.json,cell K5N20; condition key lora_plain
03_prompt_format,Qwen2.5-3B-Instruct,Qwen2.5,False,lora,arbitrary_single,plain,5,20,IVQ,ordinal,15,0.24375,,0.17746663508377086,0.3100333649162291,0.06628336491622912,160,39,,,,,,raw,lora_intervention/experiments/behavioral_block_lora_results/results.json,cell K5N20; condition key lora_plain
03_prompt_format,Qwen2.5-3B-Instruct,Qwen2.5,False,lora,arbitrary_single,plain,5,20,IVQ,ordinal,16,0.29545454545454547,,0.228489566697161,0.3624195242119299,0.06696497875738447,176,52,,,,,,raw,lora_intervention/experiments/behavioral_block_lora_results/results.json,cell K5N20; condition key lora_plain
03_prompt_format,Qwen2.5-3B-Instruct,Qwen2.5,False,lora,arbitrary_single,plain,5,20,IVQ,ordinal,17,0.3181818181818182,,0.24988868899923494,0.3864749473644014,0.06829312918258325,176,56,,,,,,raw,lora_intervention/experiments/behavioral_block_lora_results/results.json,cell K5N20; condition key lora_plain
03_prompt_format,Qwen2.5-3B-Instruct,Qwen2.5,False,lora,arbitrary_single,plain,5,20,IVQ,ordinal,18,0.4010416666666667,,0.3323442703894975,0.4697390629438359,0.0686973962771692,192,77,,,,,,raw,lora_intervention/experiments/behavioral_block_lora_results/results.json,cell K5N20; condition key lora_plain
03_prompt_format,Qwen2.5-3B-Instruct,Qwen2.5,False,lora,arbitrary_single,plain,5,20,IVQ,ordinal,19,0.4583333333333333,,0.38853912980220573,0.5281275368644609,0.06979420353112761,192,88,,,,,,raw,lora_intervention/experiments/behavioral_block_lora_results/results.json,cell K5N20; condition key lora_plain
03_prompt_format,Qwen2.5-3B-Instruct,Qwen2.5,False,lora,arbitrary_single,plain,5,20,CVQ,semantic,20,1.0,,0.9485813916897793,1.0,0.05141860831022067,48,48,,,,,,raw,lora_intervention/experiments/behavioral_block_lora_results/results.json,cell K5N20; condition key lora_plain
03_prompt_format,Qwen2.5-3B-Instruct,Qwen2.5,False,lora,arbitrary_single,plain,5,50,FVQ,ordinal,1,1.0,,0.9485813916897793,1.0,0.05141860831022067,48,48,,,,,,raw,lora_intervention/experiments/behavioral_block_lora_results/results.json,cell K5N50; condition key lora_plain
03_prompt_format,Qwen2.5-3B-Instruct,Qwen2.5,False,lora,arbitrary_single,plain,5,50,IVQ,ordinal,2,1.0,,0.9485813916897793,1.0,0.05141860831022067,48,48,,,,,,raw,lora_intervention/experiments/behavioral_block_lora_results/results.json,cell K5N50; condition key lora_plain
03_prompt_format,Qwen2.5-3B-Instruct,Qwen2.5,False,lora,arbitrary_single,plain,5,50,IVQ,ordinal,4,0.7777777777777778,,0.7099987013852602,0.8455568541702954,0.06777907639251761,144,112,,,,,,raw,lora_intervention/experiments/behavioral_block_lora_results/results.json,cell K5N50; condition key lora_plain
03_prompt_format,Qwen2.5-3B-Instruct,Qwen2.5,False,lora,arbitrary_single,plain,5,50,IVQ,ordinal,6,0.4583333333333333,,0.38853912980220573,0.5281275368644609,0.06979420353112761,192,88,,,,,,raw,lora_intervention/experiments/behavioral_block_lora_results/results.json,cell K5N50; condition key lora_plain
03_prompt_format,Qwen2.5-3B-Instruct,Qwen2.5,False,lora,arbitrary_single,plain,5,50,IVQ,ordinal,8,0.5260416666666666,,0.45610471558780014,0.5959786177455332,0.06993695107886651,192,101,,,,,,raw,lora_intervention/experiments/behavioral_block_lora_results/results.json,cell K5N50; condition key lora_plain
03_prompt_format,Qwen2.5-3B-Instruct,Qwen2.5,False,lora,arbitrary_single,plain,5,50,IVQ,ordinal,10,0.375,,0.3071076440563436,0.4428923559436564,0.06789235594365636,192,72,,,,,,raw,lora_intervention/experiments/behavioral_block_lora_results/results.json,cell K5N50; condition key lora_plain
03_prompt_format,Qwen2.5-3B-Instruct,Qwen2.5,False,lora,arbitrary_single,plain,5,50,IVQ,ordinal,12,0.3125,,0.2445219000484254,0.3804780999515746,0.06797809995157462,176,55,,,,,,raw,lora_intervention/experiments/behavioral_block_lora_results/results.json,cell K5N50; condition key lora_plain
03_prompt_format,Qwen2.5-3B-Instruct,Qwen2.5,False,lora,arbitrary_single,plain,5,50,IVQ,ordinal,14,0.171875,,0.10609137492852205,0.23765862507147795,0.06578362507147795,128,22,,,,,,raw,lora_intervention/experiments/behavioral_block_lora_results/results.json,cell K5N50; condition key lora_plain
03_prompt_format,Qwen2.5-3B-Instruct,Qwen2.5,False,lora,arbitrary_single,plain,5,50,IVQ,ordinal,16,0.125,,0.05705304072582072,0.19294695927417926,0.06794695927417928,96,12,,,,,,raw,lora_intervention/experiments/behavioral_block_lora_results/results.json,cell K5N50; condition key lora_plain
03_prompt_format,Qwen2.5-3B-Instruct,Qwen2.5,False,lora,arbitrary_single,plain,5,50,IVQ,ordinal,18,0.0,,0.0,0.051418608310220645,0.051418608310220645,48,0,,,,,,raw,lora_intervention/experiments/behavioral_block_lora_results/results.json,cell K5N50; condition key lora_plain
03_prompt_format,Qwen2.5-3B-Instruct,Qwen2.5,False,lora,arbitrary_single,plain,5,50,IVQ,ordinal,20,0.020833333333333332,,0.0,0.0836010255666804,0.06276769223334708,48,1,,,,,,raw,lora_intervention/experiments/behavioral_block_lora_results/results.json,cell K5N50; condition key lora_plain
03_prompt_format,Qwen2.5-3B-Instruct,Qwen2.5,False,lora,arbitrary_single,plain,5,50,IVQ,ordinal,22,0.0,,0.0,0.051418608310220645,0.051418608310220645,48,0,,,,,,raw,lora_intervention/experiments/behavioral_block_lora_results/results.json,cell K5N50; condition key lora_plain
03_prompt_format,Qwen2.5-3B-Instruct,Qwen2.5,False,lora,arbitrary_single,plain,5,50,IVQ,ordinal,24,0.03125,,0.0,0.08677906924853511,0.05552906924853511,64,2,,,,,,raw,lora_intervention/experiments/behavioral_block_lora_results/results.json,cell K5N50; condition key lora_plain
03_prompt_format,Qwen2.5-3B-Instruct,Qwen2.5,False,lora,arbitrary_single,plain,5,50,IVQ,ordinal,26,0.0,,0.0,0.051418608310220645,0.051418608310220645,48,0,,,,,,raw,lora_intervention/experiments/behavioral_block_lora_results/results.json,cell K5N50; condition key lora_plain
03_prompt_format,Qwen2.5-3B-Instruct,Qwen2.5,False,lora,arbitrary_single,plain,5,50,IVQ,ordinal,28,0.03125,,0.0,0.08677906924853511,0.05552906924853511,64,2,,,,,,raw,lora_intervention/experiments/behavioral_block_lora_results/results.json,cell K5N50; condition key lora_plain
03_prompt_format,Qwen2.5-3B-Instruct,Qwen2.5,False,lora,arbitrary_single,plain,5,50,IVQ,ordinal,30,0.046875,,0.0,0.1085951429654443,0.0617201429654443,64,3,,,,,,raw,lora_intervention/experiments/behavioral_block_lora_results/results.json,cell K5N50; condition key lora_plain
03_prompt_format,Qwen2.5-3B-Instruct,Qwen2.5,False,lora,arbitrary_single,plain,5,50,IVQ,ordinal,32,0.0,,0.0,0.051418608310220645,0.051418608310220645,48,0,,,,,,raw,lora_intervention/experiments/behavioral_block_lora_results/results.json,cell K5N50; condition key lora_plain
03_prompt_format,Qwen2.5-3B-Instruct,Qwen2.5,False,lora,arbitrary_single,plain,5,50,IVQ,ordinal,34,0.020833333333333332,,0.0,0.0836010255666804,0.06276769223334708,48,1,,,,,,raw,lora_intervention/experiments/behavioral_block_lora_results/results.json,cell K5N50; condition key lora_plain
03_prompt_format,Qwen2.5-3B-Instruct,Qwen2.5,False,lora,arbitrary_single,plain,5,50,IVQ,ordinal,36,0.020833333333333332,,0.0,0.0836010255666804,0.06276769223334708,48,1,,,,,,raw,lora_intervention/experiments/behavioral_block_lora_results/results.json,cell K5N50; condition key lora_plain
03_prompt_format,Qwen2.5-3B-Instruct,Qwen2.5,False,lora,arbitrary_single,plain,5,50,IVQ,ordinal,38,0.020833333333333332,,0.0,0.0836010255666804,0.06276769223334708,48,1,,,,,,raw,lora_intervention/experiments/behavioral_block_lora_results/results.json,cell K5N50; condition key lora_plain
03_prompt_format,Qwen2.5-3B-Instruct,Qwen2.5,False,lora,arbitrary_single,plain,5,50,IVQ,ordinal,40,0.046875,,0.0,0.1085951429654443,0.0617201429654443,64,3,,,,,,raw,lora_intervention/experiments/behavioral_block_lora_results/results.json,cell K5N50; condition key lora_plain
03_prompt_format,Qwen2.5-3B-Instruct,Qwen2.5,False,lora,arbitrary_single,plain,5,50,IVQ,ordinal,42,0.03125,,0.0,0.08677906924853511,0.05552906924853511,64,2,,,,,,raw,lora_intervention/experiments/behavioral_block_lora_results/results.json,cell K5N50; condition key lora_plain
03_prompt_format,Qwen2.5-3B-Instruct,Qwen2.5,False,lora,arbitrary_single,plain,5,50,IVQ,ordinal,44,0.0625,,0.0,0.12966150559943532,0.06716150559943532,64,4,,,,,,raw,lora_intervention/experiments/behavioral_block_lora_results/results.json,cell K5N50; condition key lora_plain
03_prompt_format,Qwen2.5-3B-Instruct,Qwen2.5,False,lora,arbitrary_single,plain,5,50,IVQ,ordinal,46,0.1796875,,0.11285472967271712,0.24652027032728288,0.06683277032728288,128,23,,,,,,raw,lora_intervention/experiments/behavioral_block_lora_results/results.json,cell K5N50; condition key lora_plain
03_prompt_format,Qwen2.5-3B-Instruct,Qwen2.5,False,lora,arbitrary_single,plain,5,50,IVQ,ordinal,48,0.1953125,,0.12650240594236262,0.2641225940576374,0.0688100940576374,128,25,,,,,,raw,lora_intervention/experiments/behavioral_block_lora_results/results.json,cell K5N50; condition key lora_plain
03_prompt_format,Qwen2.5-3B-Instruct,Qwen2.5,False,lora,arbitrary_single,plain,5,50,CVQ,semantic,50,1.0,,0.9485813916897793,1.0,0.05141860831022067,48,48,,,,,,raw,lora_intervention/experiments/behavioral_block_lora_results/results.json,cell K5N50; condition key lora_plain
03_prompt_format,Qwen2.5-3B-Instruct,Qwen2.5,False,lora,arbitrary_single,plain,5,75,FVQ,ordinal,1,1.0,,0.9485813916897793,1.0,0.05141860831022067,48,48,,,,,,raw,lora_intervention/experiments/behavioral_block_lora_results/results.json,cell K5N75; condition key lora_plain
03_prompt_format,Qwen2.5-3B-Instruct,Qwen2.5,False,lora,arbitrary_single,plain,5,75,IVQ,ordinal,2,1.0,,0.9485813916897793,1.0,0.05141860831022067,48,48,,,,,,raw,lora_intervention/experiments/behavioral_block_lora_results/results.json,cell K5N75; condition key lora_plain
03_prompt_format,Qwen2.5-3B-Instruct,Qwen2.5,False,lora,arbitrary_single,plain,5,75,IVQ,ordinal,4,0.7847222222222222,,0.7176572728896237,0.8517871715548208,0.06706494933259853,144,113,,,,,,raw,lora_intervention/experiments/behavioral_block_lora_results/results.json,cell K5N75; condition key lora_plain
03_prompt_format,Qwen2.5-3B-Instruct,Qwen2.5,False,lora,arbitrary_single,plain,5,75,IVQ,ordinal,6,0.4270833333333333,,0.3577744568345022,0.4963922098321644,0.0693088764988311,192,82,,,,,,raw,lora_intervention/experiments/behavioral_block_lora_results/results.json,cell K5N75; condition key lora_plain
03_prompt_format,Qwen2.5-3B-Instruct,Qwen2.5,False,lora,arbitrary_single,plain,5,75,IVQ,ordinal,8,0.4739583333333333,,0.4040213822544668,0.5438952844121998,0.0699369510788665,192,91,,,,,,raw,lora_intervention/experiments/behavioral_block_lora_results/results.json,cell K5N75; condition key lora_plain
03_prompt_format,Qwen2.5-3B-Instruct,Qwen2.5,False,lora,arbitrary_single,plain,5,75,IVQ,ordinal,10,0.3854166666666667,,0.31717866583236043,0.45365466750097294,0.06823800083430628,192,74,,,,,,raw,lora_intervention/experiments/behavioral_block_lora_results/results.json,cell K5N75; condition key lora_plain
03_prompt_format,Qwen2.5-3B-Instruct,Qwen2.5,False,lora,arbitrary_single,plain,5,75,IVQ,ordinal,12,0.23125,,0.1660829505030252,0.2964170494969748,0.0651670494969748,160,37,,,,,,raw,lora_intervention/experiments/behavioral_block_lora_results/results.json,cell K5N75; condition key lora_plain
03_prompt_format,Qwen2.5-3B-Instruct,Qwen2.5,False,lora,arbitrary_single,plain,5,75,IVQ,ordinal,14,0.14285714285714285,,0.07700416426082954,0.20871012145345616,0.06585297859631331,112,16,,,,,,raw,lora_intervention/experiments/behavioral_block_lora_results/results.json,cell K5N75; condition key lora_plain
03_prompt_format,Qwen2.5-3B-Instruct,Qwen2.5,False,lora,arbitrary_single,plain,5,75,IVQ,ordinal,16,0.1,,0.030860949445602484,0.16913905055439754,0.06913905055439752,80,8,,,,,,raw,lora_intervention/experiments/behavioral_block_lora_results/results.json,cell K5N75; condition key lora_plain
03_prompt_format,Qwen2.5-3B-Instruct,Qwen2.5,False,lora,arbitrary_single,plain,5,75,IVQ,ordinal,18,0.020833333333333332,,0.0,0.0836010255666804,0.06276769223334708,48,1,,,,,,raw,lora_intervention/experiments/behavioral_block_lora_results/results.json,cell K5N75; condition key lora_plain
03_prompt_format,Qwen2.5-3B-Instruct,Qwen2.5,False,lora,arbitrary_single,plain,5,75,IVQ,ordinal,20,0.0,,0.0,0.051418608310220645,0.051418608310220645,48,0,,,,,,raw,lora_intervention/experiments/behavioral_block_lora_results/results.json,cell K5N75; condition key lora_plain
03_prompt_format,Qwen2.5-3B-Instruct,Qwen2.5,False,lora,arbitrary_single,plain,5,75,IVQ,ordinal,22,0.0,,0.0,0.051418608310220645,0.051418608310220645,48,0,,,,,,raw,lora_intervention/experiments/behavioral_block_lora_results/results.json,cell K5N75; condition key lora_plain
03_prompt_format,Qwen2.5-3B-Instruct,Qwen2.5,False,lora,arbitrary_single,plain,5,75,IVQ,ordinal,24,0.0,,0.0,0.051418608310220645,0.051418608310220645,48,0,,,,,,raw,lora_intervention/experiments/behavioral_block_lora_results/results.json,cell K5N75; condition key lora_plain
03_prompt_format,Qwen2.5-3B-Instruct,Qwen2.5,False,lora,arbitrary_single,plain,5,75,IVQ,ordinal,26,0.0,,0.0,0.051418608310220645,0.051418608310220645,48,0,,,,,,raw,lora_intervention/experiments/behavioral_block_lora_results/results.json,cell K5N75; condition key lora_plain
03_prompt_format,Qwen2.5-3B-Instruct,Qwen2.5,False,lora,arbitrary_single,plain,5,75,IVQ,ordinal,28,0.0,,0.0,0.051418608310220645,0.051418608310220645,48,0,,,,,,raw,lora_intervention/experiments/behavioral_block_lora_results/results.json,cell K5N75; condition key lora_plain
03_prompt_format,Qwen2.5-3B-Instruct,Qwen2.5,False,lora,arbitrary_single,plain,5,75,IVQ,ordinal,30,0.0,,0.0,0.051418608310220645,0.051418608310220645,48,0,,,,,,raw,lora_intervention/experiments/behavioral_block_lora_results/results.json,cell K5N75; condition key lora_plain
03_prompt_format,Qwen2.5-3B-Instruct,Qwen2.5,False,lora,arbitrary_single,plain,5,75,IVQ,ordinal,32,0.020833333333333332,,0.0,0.0836010255666804,0.06276769223334708,48,1,,,,,,raw,lora_intervention/experiments/behavioral_block_lora_results/results.json,cell K5N75; condition key lora_plain
03_prompt_format,Qwen2.5-3B-Instruct,Qwen2.5,False,lora,arbitrary_single,plain,5,75,IVQ,ordinal,34,0.020833333333333332,,0.0,0.0836010255666804,0.06276769223334708,48,1,,,,,,raw,lora_intervention/experiments/behavioral_block_lora_results/results.json,cell K5N75; condition key lora_plain
03_prompt_format,Qwen2.5-3B-Instruct,Qwen2.5,False,lora,arbitrary_single,plain,5,75,IVQ,ordinal,36,0.0,,0.0,0.051418608310220645,0.051418608310220645,48,0,,,,,,raw,lora_intervention/experiments/behavioral_block_lora_results/results.json,cell K5N75; condition key lora_plain
03_prompt_format,Qwen2.5-3B-Instruct,Qwen2.5,False,lora,arbitrary_single,plain,5,75,IVQ,ordinal,38,0.0,,0.0,0.051418608310220645,0.051418608310220645,48,0,,,,,,raw,lora_intervention/experiments/behavioral_block_lora_results/results.json,cell K5N75; condition key lora_plain
03_prompt_format,Qwen2.5-3B-Instruct,Qwen2.5,False,lora,arbitrary_single,plain,5,75,IVQ,ordinal,40,0.0,,0.0,0.051418608310220645,0.051418608310220645,48,0,,,,,,raw,lora_intervention/experiments/behavioral_block_lora_results/results.json,cell K5N75; condition key lora_plain
03_prompt_format,Qwen2.5-3B-Instruct,Qwen2.5,False,lora,arbitrary_single,plain,5,75,IVQ,ordinal,42,0.0,,0.0,0.051418608310220645,0.051418608310220645,48,0,,,,,,raw,lora_intervention/experiments/behavioral_block_lora_results/results.json,cell K5N75; condition key lora_plain
03_prompt_format,Qwen2.5-3B-Instruct,Qwen2.5,False,lora,arbitrary_single,plain,5,75,IVQ,ordinal,44,0.0,,0.0,0.051418608310220645,0.051418608310220645,48,0,,,,,,raw,lora_intervention/experiments/behavioral_block_lora_results/results.json,cell K5N75; condition key lora_plain
03_prompt_format,Qwen2.5-3B-Instruct,Qwen2.5,False,lora,arbitrary_single,plain,5,75,IVQ,ordinal,46,0.0,,0.0,0.051418608310220645,0.051418608310220645,48,0,,,,,,raw,lora_intervention/experiments/behavioral_block_lora_results/results.json,cell K5N75; condition key lora_plain
03_prompt_format,Qwen2.5-3B-Instruct,Qwen2.5,False,lora,arbitrary_single,plain,5,75,IVQ,ordinal,48,0.0,,0.0,0.051418608310220645,0.051418608310220645,48,0,,,,,,raw,lora_intervention/experiments/behavioral_block_lora_results/results.json,cell K5N75; condition key lora_plain
03_prompt_format,Qwen2.5-3B-Instruct,Qwen2.5,False,lora,arbitrary_single,plain,5,75,IVQ,ordinal,50,0.020833333333333332,,0.0,0.0836010255666804,0.06276769223334708,48,1,,,,,,raw,lora_intervention/experiments/behavioral_block_lora_results/results.json,cell K5N75; condition key lora_plain
03_prompt_format,Qwen2.5-3B-Instruct,Qwen2.5,False,lora,arbitrary_single,plain,5,75,IVQ,ordinal,52,0.0,,0.0,0.051418608310220645,0.051418608310220645,48,0,,,,,,raw,lora_intervention/experiments/behavioral_block_lora_results/results.json,cell K5N75; condition key lora_plain
03_prompt_format,Qwen2.5-3B-Instruct,Qwen2.5,False,lora,arbitrary_single,plain,5,75,IVQ,ordinal,54,0.0,,0.0,0.051418608310220645,0.051418608310220645,48,0,,,,,,raw,lora_intervention/experiments/behavioral_block_lora_results/results.json,cell K5N75; condition key lora_plain
03_prompt_format,Qwen2.5-3B-Instruct,Qwen2.5,False,lora,arbitrary_single,plain,5,75,IVQ,ordinal,56,0.020833333333333332,,0.0,0.0836010255666804,0.06276769223334708,48,1,,,,,,raw,lora_intervention/experiments/behavioral_block_lora_results/results.json,cell K5N75; condition key lora_plain
03_prompt_format,Qwen2.5-3B-Instruct,Qwen2.5,False,lora,arbitrary_single,plain,5,75,IVQ,ordinal,58,0.0,,0.0,0.051418608310220645,0.051418608310220645,48,0,,,,,,raw,lora_intervention/experiments/behavioral_block_lora_results/results.json,cell K5N75; condition key lora_plain
03_prompt_format,Qwen2.5-3B-Instruct,Qwen2.5,False,lora,arbitrary_single,plain,5,75,IVQ,ordinal,60,0.03125,,0.0,0.08677906924853511,0.05552906924853511,64,2,,,,,,raw,lora_intervention/experiments/behavioral_block_lora_results/results.json,cell K5N75; condition key lora_plain
03_prompt_format,Qwen2.5-3B-Instruct,Qwen2.5,False,lora,arbitrary_single,plain,5,75,IVQ,ordinal,62,0.020833333333333332,,0.0,0.0836010255666804,0.06276769223334708,48,1,,,,,,raw,lora_intervention/experiments/behavioral_block_lora_results/results.json,cell K5N75; condition key lora_plain
03_prompt_format,Qwen2.5-3B-Instruct,Qwen2.5,False,lora,arbitrary_single,plain,5,75,IVQ,ordinal,64,0.0625,,0.0,0.12966150559943532,0.06716150559943532,64,4,,,,,,raw,lora_intervention/experiments/behavioral_block_lora_results/results.json,cell K5N75; condition key lora_plain
03_prompt_format,Qwen2.5-3B-Instruct,Qwen2.5,False,lora,arbitrary_single,plain,5,75,IVQ,ordinal,66,0.0625,,0.0,0.12966150559943532,0.06716150559943532,64,4,,,,,,raw,lora_intervention/experiments/behavioral_block_lora_results/results.json,cell K5N75; condition key lora_plain
03_prompt_format,Qwen2.5-3B-Instruct,Qwen2.5,False,lora,arbitrary_single,plain,5,75,IVQ,ordinal,68,0.020833333333333332,,0.0,0.0836010255666804,0.06276769223334708,48,1,,,,,,raw,lora_intervention/experiments/behavioral_block_lora_results/results.json,cell K5N75; condition key lora_plain
03_prompt_format,Qwen2.5-3B-Instruct,Qwen2.5,False,lora,arbitrary_single,plain,5,75,IVQ,ordinal,70,0.1,,0.030860949445602484,0.16913905055439754,0.06913905055439752,80,8,,,,,,raw,lora_intervention/experiments/behavioral_block_lora_results/results.json,cell K5N75; condition key lora_plain
03_prompt_format,Qwen2.5-3B-Instruct,Qwen2.5,False,lora,arbitrary_single,plain,5,75,IVQ,ordinal,72,0.046875,,0.0,0.1085951429654443,0.0617201429654443,64,3,,,,,,raw,lora_intervention/experiments/behavioral_block_lora_results/results.json,cell K5N75; condition key lora_plain
03_prompt_format,Qwen2.5-3B-Instruct,Qwen2.5,False,lora,arbitrary_single,plain,5,75,IVQ,ordinal,74,0.020833333333333332,,0.0,0.0836010255666804,0.06276769223334708,48,1,,,,,,raw,lora_intervention/experiments/behavioral_block_lora_results/results.json,cell K5N75; condition key lora_plain
03_prompt_format,Qwen2.5-3B-Instruct,Qwen2.5,False,lora,arbitrary_single,plain,5,75,CVQ,semantic,75,0.9791666666666666,,0.9163989744333195,1.0,0.06276769223334708,48,47,,,,,,raw,lora_intervention/experiments/behavioral_block_lora_results/results.json,cell K5N75; condition key lora_plain
03_prompt_format,Qwen2.5-3B-Instruct,Qwen2.5,False,lora,arbitrary_single,plain,10,25,FVQ,ordinal,1,1.0,,0.9485813916897793,1.0,0.05141860831022067,48,48,,,,,,raw,lora_intervention/experiments/behavioral_block_lora_results/results.json,cell K10N25; condition key lora_plain
03_prompt_format,Qwen2.5-3B-Instruct,Qwen2.5,False,lora,arbitrary_single,plain,10,25,IVQ,ordinal,2,0.9791666666666666,,0.9163989744333195,1.0,0.06276769223334708,48,47,,,,,,raw,lora_intervention/experiments/behavioral_block_lora_results/results.json,cell K10N25; condition key lora_plain
03_prompt_format,Qwen2.5-3B-Instruct,Qwen2.5,False,lora,arbitrary_single,plain,10,25,IVQ,ordinal,3,0.925,,0.8623917382068295,0.9876082617931706,0.06260826179317054,80,74,,,,,,raw,lora_intervention/experiments/behavioral_block_lora_results/results.json,cell K10N25; condition key lora_plain
03_prompt_format,Qwen2.5-3B-Instruct,Qwen2.5,False,lora,arbitrary_single,plain,10,25,IVQ,ordinal,4,0.7638888888888888,,0.6947552378058229,0.8330225399719547,0.06913365108306593,144,110,,,,,,raw,lora_intervention/experiments/behavioral_block_lora_results/results.json,cell K10N25; condition key lora_plain
03_prompt_format,Qwen2.5-3B-Instruct,Qwen2.5,False,lora,arbitrary_single,plain,10,25,IVQ,ordinal,5,0.5677083333333334,,0.4982999093174112,0.6371167573492555,0.0694084240159222,192,109,,,,,,raw,lora_intervention/experiments/behavioral_block_lora_results/results.json,cell K10N25; condition key lora_plain
03_prompt_format,Qwen2.5-3B-Instruct,Qwen2.5,False,lora,arbitrary_single,plain,10,25,IVQ,ordinal,6,0.525,,0.4564422687997749,0.5935577312002251,0.06855773120022512,200,105,,,,,,raw,lora_intervention/experiments/behavioral_block_lora_results/results.json,cell K10N25; condition key lora_plain
03_prompt_format,Qwen2.5-3B-Instruct,Qwen2.5,False,lora,arbitrary_single,plain,10,25,IVQ,ordinal,7,0.4739583333333333,,0.4040213822544668,0.5438952844121998,0.0699369510788665,192,91,,,,,,raw,lora_intervention/experiments/behavioral_block_lora_results/results.json,cell K10N25; condition key lora_plain
03_prompt_format,Qwen2.5-3B-Instruct,Qwen2.5,False,lora,arbitrary_single,plain,10,25,IVQ,ordinal,8,0.485,,0.4163893634370925,0.5536106365629074,0.0686106365629075,200,97,,,,,,raw,lora_intervention/experiments/behavioral_block_lora_results/results.json,cell K10N25; condition key lora_plain
03_prompt_format,Qwen2.5-3B-Instruct,Qwen2.5,False,lora,arbitrary_single,plain,10,25,IVQ,ordinal,9,0.4166666666666667,,0.347579520413309,0.4857538129200244,0.06908714625335774,192,80,,,,,,raw,lora_intervention/experiments/behavioral_block_lora_results/results.json,cell K10N25; condition key lora_plain
03_prompt_format,Qwen2.5-3B-Instruct,Qwen2.5,False,lora,arbitrary_single,plain,10,25,IVQ,ordinal,10,0.3125,,0.2445219000484254,0.3804780999515746,0.06797809995157462,176,55,,,,,,raw,lora_intervention/experiments/behavioral_block_lora_results/results.json,cell K10N25; condition key lora_plain
03_prompt_format,Qwen2.5-3B-Instruct,Qwen2.5,False,lora,arbitrary_single,plain,10,25,IVQ,ordinal,11,0.29545454545454547,,0.228489566697161,0.3624195242119299,0.06696497875738447,176,52,,,,,,raw,lora_intervention/experiments/behavioral_block_lora_results/results.json,cell K10N25; condition key lora_plain
03_prompt_format,Qwen2.5-3B-Instruct,Qwen2.5,False,lora,arbitrary_single,plain,10,25,IVQ,ordinal,12,0.15178571428571427,,0.08446673956533599,0.21910468900609256,0.06731897472037829,112,17,,,,,,raw,lora_intervention/experiments/behavioral_block_lora_results/results.json,cell K10N25; condition key lora_plain
03_prompt_format,Qwen2.5-3B-Instruct,Qwen2.5,False,lora,arbitrary_single,plain,10,25,IVQ,ordinal,13,0.125,,0.05705304072582072,0.19294695927417926,0.06794695927417928,96,12,,,,,,raw,lora_intervention/experiments/behavioral_block_lora_results/results.json,cell K10N25; condition key lora_plain
03_prompt_format,Qwen2.5-3B-Instruct,Qwen2.5,False,lora,arbitrary_single,plain,10,25,IVQ,ordinal,14,0.13541666666666666,,0.06548210356154319,0.20535122977179013,0.06993456310512347,96,13,,,,,,raw,lora_intervention/experiments/behavioral_block_lora_results/results.json,cell K10N25; condition key lora_plain
03_prompt_format,Qwen2.5-3B-Instruct,Qwen2.5,False,lora,arbitrary_single,plain,10,25,IVQ,ordinal,15,0.03125,,0.0,0.08677906924853511,0.05552906924853511,64,2,,,,,,raw,lora_intervention/experiments/behavioral_block_lora_results/results.json,cell K10N25; condition key lora_plain
03_prompt_format,Qwen2.5-3B-Instruct,Qwen2.5,False,lora,arbitrary_single,plain,10,25,IVQ,ordinal,16,0.020833333333333332,,0.0,0.0836010255666804,0.06276769223334708,48,1,,,,,,raw,lora_intervention/experiments/behavioral_block_lora_results/results.json,cell K10N25; condition key lora_plain
03_prompt_format,Qwen2.5-3B-Instruct,Qwen2.5,False,lora,arbitrary_single,plain,10,25,IVQ,ordinal,17,0.020833333333333332,,0.0,0.0836010255666804,0.06276769223334708,48,1,,,,,,raw,lora_intervention/experiments/behavioral_block_lora_results/results.json,cell K10N25; condition key lora_plain
03_prompt_format,Qwen2.5-3B-Instruct,Qwen2.5,False,lora,arbitrary_single,plain,10,25,IVQ,ordinal,18,0.046875,,0.0,0.1085951429654443,0.0617201429654443,64,3,,,,,,raw,lora_intervention/experiments/behavioral_block_lora_results/results.json,cell K10N25; condition key lora_plain
03_prompt_format,Qwen2.5-3B-Instruct,Qwen2.5,False,lora,arbitrary_single,plain,10,25,IVQ,ordinal,19,0.0,,0.0,0.051418608310220645,0.051418608310220645,48,0,,,,,,raw,lora_intervention/experiments/behavioral_block_lora_results/results.json,cell K10N25; condition key lora_plain
03_prompt_format,Qwen2.5-3B-Instruct,Qwen2.5,False,lora,arbitrary_single,plain,10,25,IVQ,ordinal,20,0.125,,0.05705304072582072,0.19294695927417926,0.06794695927417928,96,12,,,,,,raw,lora_intervention/experiments/behavioral_block_lora_results/results.json,cell K10N25; condition key lora_plain
03_prompt_format,Qwen2.5-3B-Instruct,Qwen2.5,False,lora,arbitrary_single,plain,10,25,IVQ,ordinal,21,0.0875,,0.02149606326110111,0.1535039367388989,0.06600393673889889,80,7,,,,,,raw,lora_intervention/experiments/behavioral_block_lora_results/results.json,cell K10N25; condition key lora_plain
03_prompt_format,Qwen2.5-3B-Instruct,Qwen2.5,False,lora,arbitrary_single,plain,10,25,IVQ,ordinal,22,0.20833333333333334,,0.1420081195148295,0.2746585471518372,0.06632521381850383,144,30,,,,,,raw,lora_intervention/experiments/behavioral_block_lora_results/results.json,cell K10N25; condition key lora_plain
03_prompt_format,Qwen2.5-3B-Instruct,Qwen2.5,False,lora,arbitrary_single,plain,10,25,IVQ,ordinal,23,0.275,,0.20622672091179556,0.3437732790882045,0.06877327908820446,160,44,,,,,,raw,lora_intervention/experiments/behavioral_block_lora_results/results.json,cell K10N25; condition key lora_plain
03_prompt_format,Qwen2.5-3B-Instruct,Qwen2.5,False,lora,arbitrary_single,plain,10,25,IVQ,ordinal,24,0.2361111111111111,,0.16697746002804517,0.30524476219417707,0.06913365108306593,144,34,,,,,,raw,lora_intervention/experiments/behavioral_block_lora_results/results.json,cell K10N25; condition key lora_plain
03_prompt_format,Qwen2.5-3B-Instruct,Qwen2.5,False,lora,arbitrary_single,plain,10,25,CVQ,semantic,25,1.0,,0.9485813916897793,1.0,0.05141860831022067,48,48,,,,,,raw,lora_intervention/experiments/behavioral_block_lora_results/results.json,cell K10N25; condition key lora_plain
03_prompt_format,Qwen2.5-3B-Instruct,Qwen2.5,False,lora,arbitrary_single,plain,10,50,FVQ,semantic,first,1.0,,,,,100,,,,,,,raw,lora_intervention/experiments/block_readout_results/results_K10N50.json,behavioural accuracy only; per-layer P(v_last) / P(v_first) curves remain in the source file
03_prompt_format,Qwen2.5-3B-Instruct,Qwen2.5,False,lora,arbitrary_single,plain,10,50,FVQ,ordinal,1,1.0,,0.9485813916897793,1.0,0.05141860831022067,48,48,,,,,,raw,lora_intervention/experiments/behavioral_block_lora_results/results.json,cell K10N50; condition key lora_plain
03_prompt_format,Qwen2.5-3B-Instruct,Qwen2.5,False,lora,arbitrary_single,plain,10,50,IVQ,ordinal,2,0.9791666666666666,,0.9163989744333195,1.0,0.06276769223334708,48,47,,,,,,raw,lora_intervention/experiments/behavioral_block_lora_results/results.json,cell K10N50; condition key lora_plain
03_prompt_format,Qwen2.5-3B-Instruct,Qwen2.5,False,lora,arbitrary_single,plain,10,50,IVQ,ordinal,3,0.7708333333333334,,0.70236493703996,0.8393017296267068,0.06846839629337345,144,111,,,,,,raw,lora_intervention/experiments/behavioral_block_lora_results/results.json,cell K10N50; condition key lora_plain
03_prompt_format,Qwen2.5-3B-Instruct,Qwen2.5,False,lora,arbitrary_single,plain,10,50,IVQ,ordinal,4,0.4583333333333333,,0.38853912980220573,0.5281275368644609,0.06979420353112761,192,88,,,,,,raw,lora_intervention/experiments/behavioral_block_lora_results/results.json,cell K10N50; condition key lora_plain
03_prompt_format,Qwen2.5-3B-Instruct,Qwen2.5,False,lora,arbitrary_single,plain,10,50,IVQ,ordinal,5,0.28125,,0.21202732244272865,0.35047267755727135,0.06922267755727136,160,45,,,,,,raw,lora_intervention/experiments/behavioral_block_lora_results/results.json,cell K10N50; condition key lora_plain
03_prompt_format,Qwen2.5-3B-Instruct,Qwen2.5,False,lora,arbitrary_single,plain,10,50,IVQ,ordinal,6,0.29545454545454547,,0.228489566697161,0.3624195242119299,0.06696497875738447,176,52,,,,,,raw,lora_intervention/experiments/behavioral_block_lora_results/results.json,cell K10N50; condition key lora_plain
03_prompt_format,Qwen2.5-3B-Instruct,Qwen2.5,False,lora,arbitrary_single,plain,10,50,IVQ,ordinal,7,0.3645833333333333,,0.2970686853763813,0.4320979812902853,0.06751464795695197,192,70,,,,,,raw,lora_intervention/experiments/behavioral_block_lora_results/results.json,cell K10N50; condition key lora_plain
03_prompt_format,Qwen2.5-3B-Instruct,Qwen2.5,False,lora,arbitrary_single,plain,10,50,IVQ,ordinal,8,0.375,,0.3071076440563436,0.4428923559436564,0.06789235594365636,192,72,,,,,,raw,lora_intervention/experiments/behavioral_block_lora_results/results.json,cell K10N50; condition key lora_plain
03_prompt_format,Qwen2.5-3B-Instruct,Qwen2.5,False,lora,arbitrary_single,plain,10,50,IVQ,ordinal,9,0.3409090909090909,,0.27146515580190245,0.4103530260162793,0.06944393510718845,176,60,,,,,,raw,lora_intervention/experiments/behavioral_block_lora_results/results.json,cell K10N50; condition key lora_plain
03_prompt_format,Qwen2.5-3B-Instruct,Qwen2.5,False,lora,arbitrary_single,plain,10,50,IVQ,ordinal,10,0.1953125,,0.12650240594236262,0.2641225940576374,0.0688100940576374,128,25,,,,,,raw,lora_intervention/experiments/behavioral_block_lora_results/results.json,cell K10N50; condition key lora_plain
03_prompt_format,Qwen2.5-3B-Instruct,Qwen2.5,False,lora,arbitrary_single,plain,10,50,IVQ,ordinal,11,0.16071428571428573,,0.09199651942269428,0.22943205200587719,0.06871776629159145,112,18,,,,,,raw,lora_intervention/experiments/behavioral_block_lora_results/results.json,cell K10N50; condition key lora_plain
03_prompt_format,Qwen2.5-3B-Instruct,Qwen2.5,False,lora,arbitrary_single,plain,10,50,IVQ,ordinal,12,0.10416666666666667,,0.040562247710134586,0.16777108562319876,0.06360441895653209,96,10,,,,,,raw,lora_intervention/experiments/behavioral_block_lora_results/results.json,cell K10N50; condition key lora_plain
03_prompt_format,Qwen2.5-3B-Instruct,Qwen2.5,False,lora,arbitrary_single,plain,10,50,IVQ,ordinal,13,0.1,,0.030860949445602484,0.16913905055439754,0.06913905055439752,80,8,,,,,,raw,lora_intervention/experiments/behavioral_block_lora_results/results.json,cell K10N50; condition key lora_plain
03_prompt_format,Qwen2.5-3B-Instruct,Qwen2.5,False,lora,arbitrary_single,plain,10,50,IVQ,ordinal,14,0.0625,,0.0,0.12966150559943532,0.06716150559943532,64,4,,,,,,raw,lora_intervention/experiments/behavioral_block_lora_results/results.json,cell K10N50; condition key lora_plain
03_prompt_format,Qwen2.5-3B-Instruct,Qwen2.5,False,lora,arbitrary_single,plain,10,50,IVQ,ordinal,15,0.020833333333333332,,0.0,0.0836010255666804,0.06276769223334708,48,1,,,,,,raw,lora_intervention/experiments/behavioral_block_lora_results/results.json,cell K10N50; condition key lora_plain
03_prompt_format,Qwen2.5-3B-Instruct,Qwen2.5,False,lora,arbitrary_single,plain,10,50,IVQ,ordinal,16,0.03125,,0.0,0.08677906924853511,0.05552906924853511,64,2,,,,,,raw,lora_intervention/experiments/behavioral_block_lora_results/results.json,cell K10N50; condition key lora_plain
03_prompt_format,Qwen2.5-3B-Instruct,Qwen2.5,False,lora,arbitrary_single,plain,10,50,IVQ,ordinal,17,0.0,,0.0,0.051418608310220645,0.051418608310220645,48,0,,,,,,raw,lora_intervention/experiments/behavioral_block_lora_results/results.json,cell K10N50; condition key lora_plain
03_prompt_format,Qwen2.5-3B-Instruct,Qwen2.5,False,lora,arbitrary_single,plain,10,50,IVQ,ordinal,18,0.0,,0.0,0.051418608310220645,0.051418608310220645,48,0,,,,,,raw,lora_intervention/experiments/behavioral_block_lora_results/results.json,cell K10N50; condition key lora_plain
03_prompt_format,Qwen2.5-3B-Instruct,Qwen2.5,False,lora,arbitrary_single,plain,10,50,IVQ,ordinal,19,0.0,,0.0,0.051418608310220645,0.051418608310220645,48,0,,,,,,raw,lora_intervention/experiments/behavioral_block_lora_results/results.json,cell K10N50; condition key lora_plain
03_prompt_format,Qwen2.5-3B-Instruct,Qwen2.5,False,lora,arbitrary_single,plain,10,50,IVQ,ordinal,20,0.0,,0.0,0.051418608310220645,0.051418608310220645,48,0,,,,,,raw,lora_intervention/experiments/behavioral_block_lora_results/results.json,cell K10N50; condition key lora_plain
03_prompt_format,Qwen2.5-3B-Instruct,Qwen2.5,False,lora,arbitrary_single,plain,10,50,IVQ,ordinal,21,0.0,,0.0,0.051418608310220645,0.051418608310220645,48,0,,,,,,raw,lora_intervention/experiments/behavioral_block_lora_results/results.json,cell K10N50; condition key lora_plain
03_prompt_format,Qwen2.5-3B-Instruct,Qwen2.5,False,lora,arbitrary_single,plain,10,50,IVQ,ordinal,22,0.0,,0.0,0.051418608310220645,0.051418608310220645,48,0,,,,,,raw,lora_intervention/experiments/behavioral_block_lora_results/results.json,cell K10N50; condition key lora_plain
03_prompt_format,Qwen2.5-3B-Instruct,Qwen2.5,False,lora,arbitrary_single,plain,10,50,IVQ,ordinal,23,0.0,,0.0,0.051418608310220645,0.051418608310220645,48,0,,,,,,raw,lora_intervention/experiments/behavioral_block_lora_results/results.json,cell K10N50; condition key lora_plain
03_prompt_format,Qwen2.5-3B-Instruct,Qwen2.5,False,lora,arbitrary_single,plain,10,50,IVQ,ordinal,24,0.0,,0.0,0.051418608310220645,0.051418608310220645,48,0,,,,,,raw,lora_intervention/experiments/behavioral_block_lora_results/results.json,cell K10N50; condition key lora_plain
03_prompt_format,Qwen2.5-3B-Instruct,Qwen2.5,False,lora,arbitrary_single,plain,10,50,IVQ,ordinal,25,0.0,,0.0,0.051418608310220645,0.051418608310220645,48,0,,,,,,raw,lora_intervention/experiments/behavioral_block_lora_results/results.json,cell K10N50; condition key lora_plain
03_prompt_format,Qwen2.5-3B-Instruct,Qwen2.5,False,lora,arbitrary_single,plain,10,50,IVQ,ordinal,26,0.0,,0.0,0.051418608310220645,0.051418608310220645,48,0,,,,,,raw,lora_intervention/experiments/behavioral_block_lora_results/results.json,cell K10N50; condition key lora_plain
03_prompt_format,Qwen2.5-3B-Instruct,Qwen2.5,False,lora,arbitrary_single,plain,10,50,IVQ,ordinal,27,0.0,,0.0,0.051418608310220645,0.051418608310220645,48,0,,,,,,raw,lora_intervention/experiments/behavioral_block_lora_results/results.json,cell K10N50; condition key lora_plain
03_prompt_format,Qwen2.5-3B-Instruct,Qwen2.5,False,lora,arbitrary_single,plain,10,50,IVQ,ordinal,28,0.0,,0.0,0.051418608310220645,0.051418608310220645,48,0,,,,,,raw,lora_intervention/experiments/behavioral_block_lora_results/results.json,cell K10N50; condition key lora_plain
03_prompt_format,Qwen2.5-3B-Instruct,Qwen2.5,False,lora,arbitrary_single,plain,10,50,IVQ,ordinal,29,0.0,,0.0,0.051418608310220645,0.051418608310220645,48,0,,,,,,raw,lora_intervention/experiments/behavioral_block_lora_results/results.json,cell K10N50; condition key lora_plain
03_prompt_format,Qwen2.5-3B-Instruct,Qwen2.5,False,lora,arbitrary_single,plain,10,50,IVQ,ordinal,30,0.0,,0.0,0.051418608310220645,0.051418608310220645,48,0,,,,,,raw,lora_intervention/experiments/behavioral_block_lora_results/results.json,cell K10N50; condition key lora_plain
03_prompt_format,Qwen2.5-3B-Instruct,Qwen2.5,False,lora,arbitrary_single,plain,10,50,IVQ,ordinal,31,0.0,,0.0,0.051418608310220645,0.051418608310220645,48,0,,,,,,raw,lora_intervention/experiments/behavioral_block_lora_results/results.json,cell K10N50; condition key lora_plain
03_prompt_format,Qwen2.5-3B-Instruct,Qwen2.5,False,lora,arbitrary_single,plain,10,50,IVQ,ordinal,32,0.0,,0.0,0.051418608310220645,0.051418608310220645,48,0,,,,,,raw,lora_intervention/experiments/behavioral_block_lora_results/results.json,cell K10N50; condition key lora_plain
03_prompt_format,Qwen2.5-3B-Instruct,Qwen2.5,False,lora,arbitrary_single,plain,10,50,IVQ,ordinal,33,0.0,,0.0,0.051418608310220645,0.051418608310220645,48,0,,,,,,raw,lora_intervention/experiments/behavioral_block_lora_results/results.json,cell K10N50; condition key lora_plain
03_prompt_format,Qwen2.5-3B-Instruct,Qwen2.5,False,lora,arbitrary_single,plain,10,50,IVQ,ordinal,34,0.0,,0.0,0.051418608310220645,0.051418608310220645,48,0,,,,,,raw,lora_intervention/experiments/behavioral_block_lora_results/results.json,cell K10N50; condition key lora_plain
03_prompt_format,Qwen2.5-3B-Instruct,Qwen2.5,False,lora,arbitrary_single,plain,10,50,IVQ,ordinal,35,0.0,,0.0,0.051418608310220645,0.051418608310220645,48,0,,,,,,raw,lora_intervention/experiments/behavioral_block_lora_results/results.json,cell K10N50; condition key lora_plain
03_prompt_format,Qwen2.5-3B-Instruct,Qwen2.5,False,lora,arbitrary_single,plain,10,50,IVQ,ordinal,36,0.0,,0.0,0.051418608310220645,0.051418608310220645,48,0,,,,,,raw,lora_intervention/experiments/behavioral_block_lora_results/results.json,cell K10N50; condition key lora_plain
03_prompt_format,Qwen2.5-3B-Instruct,Qwen2.5,False,lora,arbitrary_single,plain,10,50,IVQ,ordinal,37,0.0,,0.0,0.051418608310220645,0.051418608310220645,48,0,,,,,,raw,lora_intervention/experiments/behavioral_block_lora_results/results.json,cell K10N50; condition key lora_plain
03_prompt_format,Qwen2.5-3B-Instruct,Qwen2.5,False,lora,arbitrary_single,plain,10,50,IVQ,ordinal,38,0.0,,0.0,0.051418608310220645,0.051418608310220645,48,0,,,,,,raw,lora_intervention/experiments/behavioral_block_lora_results/results.json,cell K10N50; condition key lora_plain
03_prompt_format,Qwen2.5-3B-Instruct,Qwen2.5,False,lora,arbitrary_single,plain,10,50,IVQ,ordinal,39,0.0,,0.0,0.051418608310220645,0.051418608310220645,48,0,,,,,,raw,lora_intervention/experiments/behavioral_block_lora_results/results.json,cell K10N50; condition key lora_plain
03_prompt_format,Qwen2.5-3B-Instruct,Qwen2.5,False,lora,arbitrary_single,plain,10,50,IVQ,ordinal,40,0.0,,0.0,0.051418608310220645,0.051418608310220645,48,0,,,,,,raw,lora_intervention/experiments/behavioral_block_lora_results/results.json,cell K10N50; condition key lora_plain
03_prompt_format,Qwen2.5-3B-Instruct,Qwen2.5,False,lora,arbitrary_single,plain,10,50,IVQ,ordinal,41,0.0,,0.0,0.051418608310220645,0.051418608310220645,48,0,,,,,,raw,lora_intervention/experiments/behavioral_block_lora_results/results.json,cell K10N50; condition key lora_plain
03_prompt_format,Qwen2.5-3B-Instruct,Qwen2.5,False,lora,arbitrary_single,plain,10,50,IVQ,ordinal,42,0.0,,0.0,0.051418608310220645,0.051418608310220645,48,0,,,,,,raw,lora_intervention/experiments/behavioral_block_lora_results/results.json,cell K10N50; condition key lora_plain
03_prompt_format,Qwen2.5-3B-Instruct,Qwen2.5,False,lora,arbitrary_single,plain,10,50,IVQ,ordinal,43,0.020833333333333332,,0.0,0.0836010255666804,0.06276769223334708,48,1,,,,,,raw,lora_intervention/experiments/behavioral_block_lora_results/results.json,cell K10N50; condition key lora_plain
03_prompt_format,Qwen2.5-3B-Instruct,Qwen2.5,False,lora,arbitrary_single,plain,10,50,IVQ,ordinal,44,0.075,,0.012391738206829456,0.13760826179317054,0.06260826179317054,80,6,,,,,,raw,lora_intervention/experiments/behavioral_block_lora_results/results.json,cell K10N50; condition key lora_plain
03_prompt_format,Qwen2.5-3B-Instruct,Qwen2.5,False,lora,arbitrary_single,plain,10,50,IVQ,ordinal,45,0.0625,,0.0,0.12966150559943532,0.06716150559943532,64,4,,,,,,raw,lora_intervention/experiments/behavioral_block_lora_results/results.json,cell K10N50; condition key lora_plain
03_prompt_format,Qwen2.5-3B-Instruct,Qwen2.5,False,lora,arbitrary_single,plain,10,50,IVQ,ordinal,46,0.0875,,0.02149606326110111,0.1535039367388989,0.06600393673889889,80,7,,,,,,raw,lora_intervention/experiments/behavioral_block_lora_results/results.json,cell K10N50; condition key lora_plain
03_prompt_format,Qwen2.5-3B-Instruct,Qwen2.5,False,lora,arbitrary_single,plain,10,50,IVQ,ordinal,47,0.25,,0.18318507526389968,0.3168149247361003,0.06681492473610032,160,40,,,,,,raw,lora_intervention/experiments/behavioral_block_lora_results/results.json,cell K10N50; condition key lora_plain
03_prompt_format,Qwen2.5-3B-Instruct,Qwen2.5,False,lora,arbitrary_single,plain,10,50,IVQ,ordinal,48,0.24375,,0.17746663508377086,0.3100333649162291,0.06628336491622912,160,39,,,,,,raw,lora_intervention/experiments/behavioral_block_lora_results/results.json,cell K10N50; condition key lora_plain
03_prompt_format,Qwen2.5-3B-Instruct,Qwen2.5,False,lora,arbitrary_single,plain,10,50,IVQ,ordinal,49,0.2875,,0.21784336102274177,0.3571566389772582,0.06965663897725821,160,46,,,,,,raw,lora_intervention/experiments/behavioral_block_lora_results/results.json,cell K10N50; condition key lora_plain
03_prompt_format,Qwen2.5-3B-Instruct,Qwen2.5,False,lora,arbitrary_single,plain,10,50,CVQ,semantic,50,0.9791666666666666,,0.9163989744333195,1.0,0.06276769223334708,48,47,,,,,,raw,lora_intervention/experiments/behavioral_block_lora_results/results.json,cell K10N50; condition key lora_plain
03_prompt_format,Qwen2.5-3B-Instruct,Qwen2.5,False,lora,arbitrary_single,plain,10,50,CVQ,semantic,last,1.0,,,,,100,,,,,,,raw,lora_intervention/experiments/block_readout_results/results_K10N50.json,behavioural accuracy only; per-layer P(v_last) / P(v_first) curves remain in the source file
03_prompt_format,Qwen2.5-3B-Instruct,Qwen2.5,False,lora,arbitrary_single,plain,10,100,FVQ,ordinal,1,1.0,,0.9485813916897793,1.0,0.05141860831022067,48,48,,,,,,raw,lora_intervention/experiments/behavioral_block_lora_results/results.json,cell K10N100; condition key lora_plain
03_prompt_format,Qwen2.5-3B-Instruct,Qwen2.5,False,lora,arbitrary_single,plain,10,100,CVQ,semantic,100,1.0,,0.9485813916897793,1.0,0.05141860831022067,48,48,,,,,,raw,lora_intervention/experiments/behavioral_block_lora_results/results.json,cell K10N100; condition key lora_plain
03_prompt_format,Qwen2.5-3B-Instruct,Qwen2.5,False,lora,arbitrary_single,plain,20,20,FVQ,ordinal,1,1.0,,0.9485813916897793,1.0,0.05141860831022067,48,48,,,,,,raw,lora_intervention/experiments/behavioral_block_lora_results/results.json,cell K20N20; condition key lora_plain
03_prompt_format,Qwen2.5-3B-Instruct,Qwen2.5,False,lora,arbitrary_single,plain,20,20,CVQ,semantic,20,0.9791666666666666,,0.9163989744333195,1.0,0.06276769223334708,48,47,,,,,,raw,lora_intervention/experiments/behavioral_block_lora_results/results.json,cell K20N20; condition key lora_plain
03_prompt_format,Qwen3.5-2B,Qwen3.5,False,base,semantic_multi,block,10,50,FVQ,ordinal,first,1.0,,,,0.01,,,,,,,,derived,paper/figures/tab_format_ci.tex,back-extracted from committed paper table; raw experiments_cloud/results/ucurve_vllm/ not local
03_prompt_format,Qwen3.5-2B,Qwen3.5,False,base,semantic_multi,block,10,50,CVQ,semantic,last,0.98,,,,0.02,,,,,,,,derived,paper/figures/tab_format_ci.tex,back-extracted from committed paper table; raw experiments_cloud/results/ucurve_vllm/ not local
03_prompt_format,Qwen3.5-2B,Qwen3.5,False,base,semantic_multi,flat_nolabel,10,50,FVQ,ordinal,first,0.95,,,,0.03,,,,,,,,derived,paper/figures/tab_format_ci.tex,back-extracted from committed paper table; raw experiments_cloud/results/ucurve_vllm/ not local
03_prompt_format,Qwen3.5-2B,Qwen3.5,False,base,semantic_multi,flat_nolabel,10,50,CVQ,semantic,last,0.01,,,,0.02,,,,,,,,derived,paper/figures/tab_format_ci.tex,back-extracted from committed paper table; raw experiments_cloud/results/ucurve_vllm/ not local
03_prompt_format,Qwen3.5-2B,Qwen3.5,False,base,semantic_multi,flat_verbose,10,50,FVQ,ordinal,first,0.85,,,,0.05,,,,,,,,derived,paper/figures/tab_format_ci.tex,back-extracted from committed paper table; raw experiments_cloud/results/ucurve_vllm/ not local
03_prompt_format,Qwen3.5-2B,Qwen3.5,False,base,semantic_multi,flat_verbose,10,50,CVQ,semantic,last,0.93,,,,0.04,,,,,,,,derived,paper/figures/tab_format_ci.tex,back-extracted from committed paper table; raw experiments_cloud/results/ucurve_vllm/ not local
03_prompt_format,Qwen3.5-2B,Qwen3.5,False,base,semantic_multi,landmark,10,50,FVQ,ordinal,first,0.8,,,,0.06,,,,,,,,derived,paper/figures/tab_format_ci.tex,back-extracted from committed paper table; raw experiments_cloud/results/ucurve_vllm/ not local
03_prompt_format,Qwen3.5-2B,Qwen3.5,False,base,semantic_multi,landmark,10,50,CVQ,semantic,last,0.07,,,,0.03,,,,,,,,derived,paper/figures/tab_format_ci.tex,back-extracted from committed paper table; raw experiments_cloud/results/ucurve_vllm/ not local
03_prompt_format,Qwen3.5-4B,Qwen3.5,False,base,semantic_multi,block,10,50,FVQ,ordinal,first,1.0,,,,0.02,,,,,,,,derived,paper/figures/tab_format_ci.tex,back-extracted from committed paper table; raw experiments_cloud/results/ucurve_vllm/ not local
03_prompt_format,Qwen3.5-4B,Qwen3.5,False,base,semantic_multi,block,10,50,CVQ,semantic,last,1.0,,,,0.02,,,,,,,,derived,paper/figures/tab_format_ci.tex,back-extracted from committed paper table; raw experiments_cloud/results/ucurve_vllm/ not local
03_prompt_format,Qwen3.5-4B,Qwen3.5,False,base,semantic_multi,flat_nolabel,10,50,FVQ,ordinal,first,0.99,,,,0.02,,,,,,,,derived,paper/figures/tab_format_ci.tex,back-extracted from committed paper table; raw experiments_cloud/results/ucurve_vllm/ not local
03_prompt_format,Qwen3.5-4B,Qwen3.5,False,base,semantic_multi,flat_nolabel,10,50,CVQ,semantic,last,0.0,,,,0.01,,,,,,,,derived,paper/figures/tab_format_ci.tex,back-extracted from committed paper table; raw experiments_cloud/results/ucurve_vllm/ not local
03_prompt_format,Qwen3.5-4B,Qwen3.5,False,base,semantic_multi,flat_verbose,10,50,FVQ,ordinal,first,0.93,,,,0.04,,,,,,,,derived,paper/figures/tab_format_ci.tex,back-extracted from committed paper table; raw experiments_cloud/results/ucurve_vllm/ not local
03_prompt_format,Qwen3.5-4B,Qwen3.5,False,base,semantic_multi,flat_verbose,10,50,CVQ,semantic,last,0.97,,,,0.02,,,,,,,,derived,paper/figures/tab_format_ci.tex,back-extracted from committed paper table; raw experiments_cloud/results/ucurve_vllm/ not local
03_prompt_format,Qwen3.5-4B,Qwen3.5,False,base,semantic_multi,landmark,10,50,FVQ,ordinal,first,0.99,,,,0.01,,,,,,,,derived,paper/figures/tab_format_ci.tex,back-extracted from committed paper table; raw experiments_cloud/results/ucurve_vllm/ not local
03_prompt_format,Qwen3.5-4B,Qwen3.5,False,base,semantic_multi,landmark,10,50,CVQ,semantic,last,0.47,,,,0.07,,,,,,,,derived,paper/figures/tab_format_ci.tex,back-extracted from committed paper table; raw experiments_cloud/results/ucurve_vllm/ not local
03_prompt_format,SmolLM3-3B,SmolLM3,False,final,arbitrary_single,chat_1024,,,FVQ-CVQ,semantic,,,0.18,,,,,,,,,,,derived,paper/figures/tab_smollm3_formats.tex,"post-training stage final; mean gap over 32 (K,N) cells (K in 2,3,5,7 x N in 2,3,5,7,10,15,20,30; 100 trials/cell, per paper App. training); raw v3/results_vllm/training_dynamics_smollm3/ not local"
03_prompt_format,SmolLM3-3B,SmolLM3,False,it-LC-expert,arbitrary_single,chat_1024,,,FVQ-CVQ,semantic,,,0.33,,,,,,,,,,,derived,paper/figures/tab_smollm3_formats.tex,"post-training stage it-LC-expert; mean gap over 32 (K,N) cells (K in 2,3,5,7 x N in 2,3,5,7,10,15,20,30; 100 trials/cell, per paper App. training); raw v3/results_vllm/training_dynamics_smollm3/ not local"
03_prompt_format,SmolLM3-3B,SmolLM3,False,it-SFT,arbitrary_single,chat_1024,,,FVQ-CVQ,semantic,,,0.29,,,,,,,,,,,derived,paper/figures/tab_smollm3_formats.tex,"post-training stage it-SFT; mean gap over 32 (K,N) cells (K in 2,3,5,7 x N in 2,3,5,7,10,15,20,30; 100 trials/cell, per paper App. training); raw v3/results_vllm/training_dynamics_smollm3/ not local"
03_prompt_format,SmolLM3-3B,SmolLM3,False,it-mid-training,arbitrary_single,chat_1024,,,FVQ-CVQ,semantic,,,-0.0,,,,,,,,,,,derived,paper/figures/tab_smollm3_formats.tex,"post-training stage it-mid-training; mean gap over 32 (K,N) cells (K in 2,3,5,7 x N in 2,3,5,7,10,15,20,30; 100 trials/cell, per paper App. training); raw v3/results_vllm/training_dynamics_smollm3/ not local"
03_prompt_format,SmolLM3-3B,SmolLM3,False,it-soup-APO,arbitrary_single,chat_1024,,,FVQ-CVQ,semantic,,,0.2,,,,,,,,,,,derived,paper/figures/tab_smollm3_formats.tex,"post-training stage it-soup-APO; mean gap over 32 (K,N) cells (K in 2,3,5,7 x N in 2,3,5,7,10,15,20,30; 100 trials/cell, per paper App. training); raw v3/results_vllm/training_dynamics_smollm3/ not local"
03_prompt_format,SmolLM3-3B,SmolLM3,False,final,arbitrary_single,completion,,,FVQ-CVQ,semantic,,,0.16,,,,,,,,,,,derived,paper/figures/tab_smollm3_formats.tex,"post-training stage final; mean gap over 32 (K,N) cells (K in 2,3,5,7 x N in 2,3,5,7,10,15,20,30; 100 trials/cell, per paper App. training); raw v3/results_vllm/training_dynamics_smollm3/ not local"
03_prompt_format,SmolLM3-3B,SmolLM3,False,it-LC-expert,arbitrary_single,completion,,,FVQ-CVQ,semantic,,,0.27,,,,,,,,,,,derived,paper/figures/tab_smollm3_formats.tex,"post-training stage it-LC-expert; mean gap over 32 (K,N) cells (K in 2,3,5,7 x N in 2,3,5,7,10,15,20,30; 100 trials/cell, per paper App. training); raw v3/results_vllm/training_dynamics_smollm3/ not local"
03_prompt_format,SmolLM3-3B,SmolLM3,False,it-SFT,arbitrary_single,completion,,,FVQ-CVQ,semantic,,,0.19,,,,,,,,,,,derived,paper/figures/tab_smollm3_formats.tex,"post-training stage it-SFT; mean gap over 32 (K,N) cells (K in 2,3,5,7 x N in 2,3,5,7,10,15,20,30; 100 trials/cell, per paper App. training); raw v3/results_vllm/training_dynamics_smollm3/ not local"
03_prompt_format,SmolLM3-3B,SmolLM3,False,it-mid-training,arbitrary_single,completion,,,FVQ-CVQ,semantic,,,0.25,,,,,,,,,,,derived,paper/figures/tab_smollm3_formats.tex,"post-training stage it-mid-training; mean gap over 32 (K,N) cells (K in 2,3,5,7 x N in 2,3,5,7,10,15,20,30; 100 trials/cell, per paper App. training); raw v3/results_vllm/training_dynamics_smollm3/ not local"
03_prompt_format,SmolLM3-3B,SmolLM3,False,it-soup-APO,arbitrary_single,completion,,,FVQ-CVQ,semantic,,,0.19,,,,,,,,,,,derived,paper/figures/tab_smollm3_formats.tex,"post-training stage it-soup-APO; mean gap over 32 (K,N) cells (K in 2,3,5,7 x N in 2,3,5,7,10,15,20,30; 100 trials/cell, per paper App. training); raw v3/results_vllm/training_dynamics_smollm3/ not local"
03_prompt_format,gemma-3-4b-it,Gemma-3,False,base,arbitrary_single,block,2,30,FVQ,ordinal,first,1.0,,,,,100,,,,,,,raw,lora_intervention/experiments/gemma_results/block/results_K2N30.json,behavioural accuracy only; per-layer P(v_last) / P(v_first) curves remain in the source file
03_prompt_format,gemma-3-4b-it,Gemma-3,False,base,arbitrary_single,block,2,30,FVQ,ordinal,1,1.0,,0.9485813916897793,1.0,0.05141860831022067,48,48,,,,,,raw,lora_intervention/experiments/gemma_results/behavioral/results.json,cell K2N30; condition key base_block
03_prompt_format,gemma-3-4b-it,Gemma-3,False,base,arbitrary_single,block,2,30,CVQ,ordinal,30,0.9375,,0.8703384944005647,1.0,0.0671615055994353,64,60,,,,,,raw,lora_intervention/experiments/gemma_results/behavioral/results.json,cell K2N30; condition key base_block
03_prompt_format,gemma-3-4b-it,Gemma-3,False,base,arbitrary_single,block,2,30,CVQ,ordinal,last,0.92,,,,,100,,,,,,,raw,lora_intervention/experiments/gemma_results/block/results_K2N30.json,behavioural accuracy only; per-layer P(v_last) / P(v_first) curves remain in the source file
03_prompt_format,gemma-3-4b-it,Gemma-3,False,base,arbitrary_single,block,5,20,FVQ,ordinal,1,1.0,,0.9485813916897793,1.0,0.05141860831022067,48,48,,,,,,raw,lora_intervention/experiments/gemma_results/behavioral/results.json,cell K5N20; condition key base_block
03_prompt_format,gemma-3-4b-it,Gemma-3,False,base,arbitrary_single,block,5,20,IVQ,ordinal,2,1.0,,0.9485813916897793,1.0,0.05141860831022067,48,48,,,,,,raw,lora_intervention/experiments/gemma_results/behavioral/results.json,cell K5N20; condition key base_block
03_prompt_format,gemma-3-4b-it,Gemma-3,False,base,arbitrary_single,block,5,20,IVQ,ordinal,3,1.0,,0.9485813916897793,1.0,0.05141860831022067,48,48,,,,,,raw,lora_intervention/experiments/gemma_results/behavioral/results.json,cell K5N20; condition key base_block
03_prompt_format,gemma-3-4b-it,Gemma-3,False,base,arbitrary_single,block,5,20,IVQ,ordinal,4,0.9791666666666666,,0.9163989744333195,1.0,0.06276769223334708,48,47,,,,,,raw,lora_intervention/experiments/gemma_results/behavioral/results.json,cell K5N20; condition key base_block
03_prompt_format,gemma-3-4b-it,Gemma-3,False,base,arbitrary_single,block,5,20,IVQ,ordinal,5,1.0,,0.9485813916897793,1.0,0.05141860831022067,48,48,,,,,,raw,lora_intervention/experiments/gemma_results/behavioral/results.json,cell K5N20; condition key base_block
03_prompt_format,gemma-3-4b-it,Gemma-3,False,base,arbitrary_single,block,5,20,IVQ,ordinal,6,0.9375,,0.8703384944005647,1.0,0.0671615055994353,64,60,,,,,,raw,lora_intervention/experiments/gemma_results/behavioral/results.json,cell K5N20; condition key base_block
03_prompt_format,gemma-3-4b-it,Gemma-3,False,base,arbitrary_single,block,5,20,IVQ,ordinal,7,1.0,,0.9485813916897793,1.0,0.05141860831022067,48,48,,,,,,raw,lora_intervention/experiments/gemma_results/behavioral/results.json,cell K5N20; condition key base_block
03_prompt_format,gemma-3-4b-it,Gemma-3,False,base,arbitrary_single,block,5,20,IVQ,ordinal,8,0.9375,,0.8703384944005647,1.0,0.0671615055994353,64,60,,,,,,raw,lora_intervention/experiments/gemma_results/behavioral/results.json,cell K5N20; condition key base_block
03_prompt_format,gemma-3-4b-it,Gemma-3,False,base,arbitrary_single,block,5,20,IVQ,ordinal,9,0.9791666666666666,,0.9163989744333195,1.0,0.06276769223334708,48,47,,,,,,raw,lora_intervention/experiments/gemma_results/behavioral/results.json,cell K5N20; condition key base_block
03_prompt_format,gemma-3-4b-it,Gemma-3,False,base,arbitrary_single,block,5,20,IVQ,ordinal,10,0.96875,,0.9132209307514648,1.0,0.05552906924853514,64,62,,,,,,raw,lora_intervention/experiments/gemma_results/behavioral/results.json,cell K5N20; condition key base_block
03_prompt_format,gemma-3-4b-it,Gemma-3,False,base,arbitrary_single,block,5,20,IVQ,ordinal,11,0.953125,,0.8914048570345556,1.0,0.06172014296544431,64,61,,,,,,raw,lora_intervention/experiments/gemma_results/behavioral/results.json,cell K5N20; condition key base_block
03_prompt_format,gemma-3-4b-it,Gemma-3,False,base,arbitrary_single,block,5,20,IVQ,ordinal,12,0.953125,,0.8914048570345556,1.0,0.06172014296544431,64,61,,,,,,raw,lora_intervention/experiments/gemma_results/behavioral/results.json,cell K5N20; condition key base_block
03_prompt_format,gemma-3-4b-it,Gemma-3,False,base,arbitrary_single,block,5,20,IVQ,ordinal,13,0.9375,,0.8703384944005647,1.0,0.0671615055994353,64,60,,,,,,raw,lora_intervention/experiments/gemma_results/behavioral/results.json,cell K5N20; condition key base_block
03_prompt_format,gemma-3-4b-it,Gemma-3,False,base,arbitrary_single,block,5,20,IVQ,ordinal,14,0.953125,,0.8914048570345556,1.0,0.06172014296544431,64,61,,,,,,raw,lora_intervention/experiments/gemma_results/behavioral/results.json,cell K5N20; condition key base_block
03_prompt_format,gemma-3-4b-it,Gemma-3,False,base,arbitrary_single,block,5,20,IVQ,ordinal,15,0.9791666666666666,,0.9163989744333195,1.0,0.06276769223334708,48,47,,,,,,raw,lora_intervention/experiments/gemma_results/behavioral/results.json,cell K5N20; condition key base_block
03_prompt_format,gemma-3-4b-it,Gemma-3,False,base,arbitrary_single,block,5,20,IVQ,ordinal,16,0.953125,,0.8914048570345556,1.0,0.06172014296544431,64,61,,,,,,raw,lora_intervention/experiments/gemma_results/behavioral/results.json,cell K5N20; condition key base_block
03_prompt_format,gemma-3-4b-it,Gemma-3,False,base,arbitrary_single,block,5,20,IVQ,ordinal,17,0.9791666666666666,,0.9163989744333195,1.0,0.06276769223334708,48,47,,,,,,raw,lora_intervention/experiments/gemma_results/behavioral/results.json,cell K5N20; condition key base_block
03_prompt_format,gemma-3-4b-it,Gemma-3,False,base,arbitrary_single,block,5,20,IVQ,ordinal,18,0.953125,,0.8914048570345556,1.0,0.06172014296544431,64,61,,,,,,raw,lora_intervention/experiments/gemma_results/behavioral/results.json,cell K5N20; condition key base_block
03_prompt_format,gemma-3-4b-it,Gemma-3,False,base,arbitrary_single,block,5,20,IVQ,ordinal,19,1.0,,0.9485813916897793,1.0,0.05141860831022067,48,48,,,,,,raw,lora_intervention/experiments/gemma_results/behavioral/results.json,cell K5N20; condition key base_block
03_prompt_format,gemma-3-4b-it,Gemma-3,False,base,arbitrary_single,block,5,20,CVQ,ordinal,20,0.953125,,0.8914048570345556,1.0,0.06172014296544431,64,61,,,,,,raw,lora_intervention/experiments/gemma_results/behavioral/results.json,cell K5N20; condition key base_block
03_prompt_format,gemma-3-4b-it,Gemma-3,False,base,arbitrary_single,block,5,50,FVQ,ordinal,1,1.0,,0.9485813916897793,1.0,0.05141860831022067,48,48,,,,,,raw,lora_intervention/experiments/gemma_results/behavioral/results.json,cell K5N50; condition key base_block
03_prompt_format,gemma-3-4b-it,Gemma-3,False,base,arbitrary_single,block,5,50,IVQ,ordinal,2,1.0,,0.9485813916897793,1.0,0.05141860831022067,48,48,,,,,,raw,lora_intervention/experiments/gemma_results/behavioral/results.json,cell K5N50; condition key base_block
03_prompt_format,gemma-3-4b-it,Gemma-3,False,base,arbitrary_single,block,5,50,IVQ,ordinal,4,0.9375,,0.8703384944005647,1.0,0.0671615055994353,64,60,,,,,,raw,lora_intervention/experiments/gemma_results/behavioral/results.json,cell K5N50; condition key base_block
03_prompt_format,gemma-3-4b-it,Gemma-3,False,base,arbitrary_single,block,5,50,IVQ,ordinal,6,0.9375,,0.8785930169610395,0.9964069830389605,0.058906983038960456,80,75,,,,,,raw,lora_intervention/experiments/gemma_results/behavioral/results.json,cell K5N50; condition key base_block
03_prompt_format,gemma-3-4b-it,Gemma-3,False,base,arbitrary_single,block,5,50,IVQ,ordinal,8,0.8854166666666666,,0.8195758312681732,0.95125750206516,0.06584083539849336,96,85,,,,,,raw,lora_intervention/experiments/gemma_results/behavioral/results.json,cell K5N50; condition key base_block
03_prompt_format,gemma-3-4b-it,Gemma-3,False,base,arbitrary_single,block,5,50,IVQ,ordinal,10,0.8392857142857143,,0.7705679479941229,0.9080034805773057,0.06871776629159145,112,94,,,,,,raw,lora_intervention/experiments/gemma_results/behavioral/results.json,cell K5N50; condition key base_block
03_prompt_format,gemma-3-4b-it,Gemma-3,False,base,arbitrary_single,block,5,50,IVQ,ordinal,12,0.84375,,0.780195615935263,0.907304384064737,0.06355438406473707,128,108,,,,,,raw,lora_intervention/experiments/gemma_results/behavioral/results.json,cell K5N50; condition key base_block
03_prompt_format,gemma-3-4b-it,Gemma-3,False,base,arbitrary_single,block,5,50,IVQ,ordinal,14,0.8125,,0.7446590062829901,0.8803409937170099,0.06784099371700994,128,104,,,,,,raw,lora_intervention/experiments/gemma_results/behavioral/results.json,cell K5N50; condition key base_block
03_prompt_format,gemma-3-4b-it,Gemma-3,False,base,arbitrary_single,block,5,50,IVQ,ordinal,16,0.7708333333333334,,0.70236493703996,0.8393017296267068,0.06846839629337345,144,111,,,,,,raw,lora_intervention/experiments/gemma_results/behavioral/results.json,cell K5N50; condition key base_block
03_prompt_format,gemma-3-4b-it,Gemma-3,False,base,arbitrary_single,block,5,50,IVQ,ordinal,18,0.8645833333333334,,0.7946487702282099,0.9345178964384568,0.06993456310512348,96,83,,,,,,raw,lora_intervention/experiments/gemma_results/behavioral/results.json,cell K5N50; condition key base_block
03_prompt_format,gemma-3-4b-it,Gemma-3,False,base,arbitrary_single,block,5,50,IVQ,ordinal,20,0.8854166666666666,,0.8195758312681732,0.95125750206516,0.06584083539849336,96,85,,,,,,raw,lora_intervention/experiments/gemma_results/behavioral/results.json,cell K5N50; condition key base_block
03_prompt_format,gemma-3-4b-it,Gemma-3,False,base,arbitrary_single,block,5,50,IVQ,ordinal,22,0.9125,,0.846496063261101,0.9785039367388989,0.06600393673889889,80,73,,,,,,raw,lora_intervention/experiments/gemma_results/behavioral/results.json,cell K5N50; condition key base_block
03_prompt_format,gemma-3-4b-it,Gemma-3,False,base,arbitrary_single,block,5,50,IVQ,ordinal,24,0.875,,0.8070530407258207,0.9429469592741793,0.06794695927417928,96,84,,,,,,raw,lora_intervention/experiments/gemma_results/behavioral/results.json,cell K5N50; condition key base_block
03_prompt_format,gemma-3-4b-it,Gemma-3,False,base,arbitrary_single,block,5,50,IVQ,ordinal,26,0.90625,,0.845026566666948,0.967473433333052,0.061223433333052,96,87,,,,,,raw,lora_intervention/experiments/gemma_results/behavioral/results.json,cell K5N50; condition key base_block
03_prompt_format,gemma-3-4b-it,Gemma-3,False,base,arbitrary_single,block,5,50,IVQ,ordinal,28,0.9791666666666666,,0.9163989744333195,1.0,0.06276769223334708,48,47,,,,,,raw,lora_intervention/experiments/gemma_results/behavioral/results.json,cell K5N50; condition key base_block
03_prompt_format,gemma-3-4b-it,Gemma-3,False,base,arbitrary_single,block,5,50,IVQ,ordinal,30,0.9375,,0.8703384944005647,1.0,0.0671615055994353,64,60,,,,,,raw,lora_intervention/experiments/gemma_results/behavioral/results.json,cell K5N50; condition key base_block
03_prompt_format,gemma-3-4b-it,Gemma-3,False,base,arbitrary_single,block,5,50,IVQ,ordinal,32,0.9125,,0.846496063261101,0.9785039367388989,0.06600393673889889,80,73,,,,,,raw,lora_intervention/experiments/gemma_results/behavioral/results.json,cell K5N50; condition key base_block
03_prompt_format,gemma-3-4b-it,Gemma-3,False,base,arbitrary_single,block,5,50,IVQ,ordinal,34,0.9,,0.8308609494456025,0.9691390505543975,0.06913905055439752,80,72,,,,,,raw,lora_intervention/experiments/gemma_results/behavioral/results.json,cell K5N50; condition key base_block
03_prompt_format,gemma-3-4b-it,Gemma-3,False,base,arbitrary_single,block,5,50,IVQ,ordinal,36,0.96875,,0.9132209307514648,1.0,0.05552906924853514,64,62,,,,,,raw,lora_intervention/experiments/gemma_results/behavioral/results.json,cell K5N50; condition key base_block
03_prompt_format,gemma-3-4b-it,Gemma-3,False,base,arbitrary_single,block,5,50,IVQ,ordinal,38,0.953125,,0.8914048570345556,1.0,0.06172014296544431,64,61,,,,,,raw,lora_intervention/experiments/gemma_results/behavioral/results.json,cell K5N50; condition key base_block
03_prompt_format,gemma-3-4b-it,Gemma-3,False,base,arbitrary_single,block,5,50,IVQ,ordinal,40,0.9791666666666666,,0.9163989744333195,1.0,0.06276769223334708,48,47,,,,,,raw,lora_intervention/experiments/gemma_results/behavioral/results.json,cell K5N50; condition key base_block
03_prompt_format,gemma-3-4b-it,Gemma-3,False,base,arbitrary_single,block,5,50,IVQ,ordinal,42,0.9,,0.8308609494456025,0.9691390505543975,0.06913905055439752,80,72,,,,,,raw,lora_intervention/experiments/gemma_results/behavioral/results.json,cell K5N50; condition key base_block
03_prompt_format,gemma-3-4b-it,Gemma-3,False,base,arbitrary_single,block,5,50,IVQ,ordinal,44,0.9,,0.8308609494456025,0.9691390505543975,0.06913905055439752,80,72,,,,,,raw,lora_intervention/experiments/gemma_results/behavioral/results.json,cell K5N50; condition key base_block
03_prompt_format,gemma-3-4b-it,Gemma-3,False,base,arbitrary_single,block,5,50,IVQ,ordinal,46,0.9,,0.8308609494456025,0.9691390505543975,0.06913905055439752,80,72,,,,,,raw,lora_intervention/experiments/gemma_results/behavioral/results.json,cell K5N50; condition key base_block
03_prompt_format,gemma-3-4b-it,Gemma-3,False,base,arbitrary_single,block,5,50,IVQ,ordinal,48,0.953125,,0.8914048570345556,1.0,0.06172014296544431,64,61,,,,,,raw,lora_intervention/experiments/gemma_results/behavioral/results.json,cell K5N50; condition key base_block
03_prompt_format,gemma-3-4b-it,Gemma-3,False,base,arbitrary_single,block,5,50,CVQ,ordinal,50,1.0,,0.9485813916897793,1.0,0.05141860831022067,48,48,,,,,,raw,lora_intervention/experiments/gemma_results/behavioral/results.json,cell K5N50; condition key base_block
03_prompt_format,gemma-3-4b-it,Gemma-3,False,base,arbitrary_single,block,5,75,FVQ,ordinal,1,0.96875,,0.9132209307514648,1.0,0.05552906924853514,64,62,,,,,,raw,lora_intervention/experiments/gemma_results/behavioral/results.json,cell K5N75; condition key base_block
03_prompt_format,gemma-3-4b-it,Gemma-3,False,base,arbitrary_single,block,5,75,IVQ,ordinal,2,0.9791666666666666,,0.9163989744333195,1.0,0.06276769223334708,48,47,,,,,,raw,lora_intervention/experiments/gemma_results/behavioral/results.json,cell K5N75; condition key base_block
03_prompt_format,gemma-3-4b-it,Gemma-3,False,base,arbitrary_single,block,5,75,IVQ,ordinal,4,0.953125,,0.8914048570345556,1.0,0.06172014296544431,64,61,,,,,,raw,lora_intervention/experiments/gemma_results/behavioral/results.json,cell K5N75; condition key base_block
03_prompt_format,gemma-3-4b-it,Gemma-3,False,base,arbitrary_single,block,5,75,IVQ,ordinal,6,0.96875,,0.9132209307514648,1.0,0.05552906924853514,64,62,,,,,,raw,lora_intervention/experiments/gemma_results/behavioral/results.json,cell K5N75; condition key base_block
03_prompt_format,gemma-3-4b-it,Gemma-3,False,base,arbitrary_single,block,5,75,IVQ,ordinal,8,0.7708333333333334,,0.70236493703996,0.8393017296267068,0.06846839629337345,144,111,,,,,,raw,lora_intervention/experiments/gemma_results/behavioral/results.json,cell K5N75; condition key base_block
03_prompt_format,gemma-3-4b-it,Gemma-3,False,base,arbitrary_single,block,5,75,IVQ,ordinal,10,0.725,,0.6562267209117956,0.7937732790882044,0.06877327908820446,160,116,,,,,,raw,lora_intervention/experiments/gemma_results/behavioral/results.json,cell K5N75; condition key base_block
03_prompt_format,gemma-3-4b-it,Gemma-3,False,base,arbitrary_single,block,5,75,IVQ,ordinal,12,0.8203125,,0.7534797296727171,0.8871452703272829,0.06683277032728288,128,105,,,,,,raw,lora_intervention/experiments/gemma_results/behavioral/results.json,cell K5N75; condition key base_block
03_prompt_format,gemma-3-4b-it,Gemma-3,False,base,arbitrary_single,block,5,75,IVQ,ordinal,14,0.7102272727272727,,0.6436232537909743,0.7768312916635711,0.06660401893629847,176,125,,,,,,raw,lora_intervention/experiments/gemma_results/behavioral/results.json,cell K5N75; condition key base_block
03_prompt_format,gemma-3-4b-it,Gemma-3,False,base,arbitrary_single,block,5,75,IVQ,ordinal,16,0.5520833333333334,,0.48242115639285843,0.6217455102738083,0.06966217694047493,192,106,,,,,,raw,lora_intervention/experiments/gemma_results/behavioral/results.json,cell K5N75; condition key base_block
03_prompt_format,gemma-3-4b-it,Gemma-3,False,base,arbitrary_single,block,5,75,IVQ,ordinal,18,0.7638888888888888,,0.6947552378058229,0.8330225399719547,0.06913365108306593,144,110,,,,,,raw,lora_intervention/experiments/gemma_results/behavioral/results.json,cell K5N75; condition key base_block
03_prompt_format,gemma-3-4b-it,Gemma-3,False,base,arbitrary_single,block,5,75,IVQ,ordinal,20,0.7777777777777778,,0.7099987013852602,0.8455568541702954,0.06777907639251761,144,112,,,,,,raw,lora_intervention/experiments/gemma_results/behavioral/results.json,cell K5N75; condition key base_block
03_prompt_format,gemma-3-4b-it,Gemma-3,False,base,arbitrary_single,block,5,75,IVQ,ordinal,22,0.7847222222222222,,0.7176572728896237,0.8517871715548208,0.06706494933259853,144,113,,,,,,raw,lora_intervention/experiments/gemma_results/behavioral/results.json,cell K5N75; condition key base_block
03_prompt_format,gemma-3-4b-it,Gemma-3,False,base,arbitrary_single,block,5,75,IVQ,ordinal,24,0.7916666666666666,,0.7253414528481628,0.8579918804851705,0.06632521381850383,144,114,,,,,,raw,lora_intervention/experiments/gemma_results/behavioral/results.json,cell K5N75; condition key base_block
03_prompt_format,gemma-3-4b-it,Gemma-3,False,base,arbitrary_single,block,5,75,IVQ,ordinal,26,0.7375,,0.6696730668944486,0.8053269331055515,0.06782693310555145,160,118,,,,,,raw,lora_intervention/experiments/gemma_results/behavioral/results.json,cell K5N75; condition key base_block
03_prompt_format,gemma-3-4b-it,Gemma-3,False,base,arbitrary_single,block,5,75,IVQ,ordinal,28,0.8203125,,0.7534797296727171,0.8871452703272829,0.06683277032728288,128,105,,,,,,raw,lora_intervention/experiments/gemma_results/behavioral/results.json,cell K5N75; condition key base_block
03_prompt_format,gemma-3-4b-it,Gemma-3,False,base,arbitrary_single,block,5,75,IVQ,ordinal,30,0.9125,,0.846496063261101,0.9785039367388989,0.06600393673889889,80,73,,,,,,raw,lora_intervention/experiments/gemma_results/behavioral/results.json,cell K5N75; condition key base_block
03_prompt_format,gemma-3-4b-it,Gemma-3,False,base,arbitrary_single,block,5,75,IVQ,ordinal,32,0.9,,0.8308609494456025,0.9691390505543975,0.06913905055439752,80,72,,,,,,raw,lora_intervention/experiments/gemma_results/behavioral/results.json,cell K5N75; condition key base_block
03_prompt_format,gemma-3-4b-it,Gemma-3,False,base,arbitrary_single,block,5,75,IVQ,ordinal,34,0.8645833333333334,,0.7946487702282099,0.9345178964384568,0.06993456310512348,96,83,,,,,,raw,lora_intervention/experiments/gemma_results/behavioral/results.json,cell K5N75; condition key base_block
03_prompt_format,gemma-3-4b-it,Gemma-3,False,base,arbitrary_single,block,5,75,IVQ,ordinal,36,0.8482142857142857,,0.7808953109939074,0.915533260434664,0.0673189747203783,112,95,,,,,,raw,lora_intervention/experiments/gemma_results/behavioral/results.json,cell K5N75; condition key base_block
03_prompt_format,gemma-3-4b-it,Gemma-3,False,base,arbitrary_single,block,5,75,IVQ,ordinal,38,0.828125,,0.762341374928522,0.893908625071478,0.06578362507147795,128,106,,,,,,raw,lora_intervention/experiments/gemma_results/behavioral/results.json,cell K5N75; condition key base_block
03_prompt_format,gemma-3-4b-it,Gemma-3,False,base,arbitrary_single,block,5,75,IVQ,ordinal,40,0.9,,0.8308609494456025,0.9691390505543975,0.06913905055439752,80,72,,,,,,raw,lora_intervention/experiments/gemma_results/behavioral/results.json,cell K5N75; condition key base_block
03_prompt_format,gemma-3-4b-it,Gemma-3,False,base,arbitrary_single,block,5,75,IVQ,ordinal,42,0.9791666666666666,,0.9163989744333195,1.0,0.06276769223334708,48,47,,,,,,raw,lora_intervention/experiments/gemma_results/behavioral/results.json,cell K5N75; condition key base_block
03_prompt_format,gemma-3-4b-it,Gemma-3,False,base,arbitrary_single,block,5,75,IVQ,ordinal,44,0.8392857142857143,,0.7705679479941229,0.9080034805773057,0.06871776629159145,112,94,,,,,,raw,lora_intervention/experiments/gemma_results/behavioral/results.json,cell K5N75; condition key base_block
03_prompt_format,gemma-3-4b-it,Gemma-3,False,base,arbitrary_single,block,5,75,IVQ,ordinal,46,0.7159090909090909,,0.6496779698880044,0.7821402119301775,0.06623112102108651,176,126,,,,,,raw,lora_intervention/experiments/gemma_results/behavioral/results.json,cell K5N75; condition key base_block
03_prompt_format,gemma-3-4b-it,Gemma-3,False,base,arbitrary_single,block,5,75,IVQ,ordinal,48,0.8125,,0.7446590062829901,0.8803409937170099,0.06784099371700994,128,104,,,,,,raw,lora_intervention/experiments/gemma_results/behavioral/results.json,cell K5N75; condition key base_block
03_prompt_format,gemma-3-4b-it,Gemma-3,False,base,arbitrary_single,block,5,75,IVQ,ordinal,50,0.8125,,0.7446590062829901,0.8803409937170099,0.06784099371700994,128,104,,,,,,raw,lora_intervention/experiments/gemma_results/behavioral/results.json,cell K5N75; condition key base_block
03_prompt_format,gemma-3-4b-it,Gemma-3,False,base,arbitrary_single,block,5,75,IVQ,ordinal,52,0.75625,,0.6899666350837709,0.8225333649162291,0.06628336491622912,160,121,,,,,,raw,lora_intervention/experiments/gemma_results/behavioral/results.json,cell K5N75; condition key base_block
03_prompt_format,gemma-3-4b-it,Gemma-3,False,base,arbitrary_single,block,5,75,IVQ,ordinal,54,0.6354166666666666,,0.5679020187097147,0.7029313146236186,0.06751464795695197,192,122,,,,,,raw,lora_intervention/experiments/gemma_results/behavioral/results.json,cell K5N75; condition key base_block
03_prompt_format,gemma-3-4b-it,Gemma-3,False,base,arbitrary_single,block,5,75,IVQ,ordinal,56,0.6761363636363636,,0.6075392790858896,0.7447334481868377,0.06859708455047403,176,119,,,,,,raw,lora_intervention/experiments/gemma_results/behavioral/results.json,cell K5N75; condition key base_block
03_prompt_format,gemma-3-4b-it,Gemma-3,False,base,arbitrary_single,block,5,75,IVQ,ordinal,58,0.6302083333333334,,0.562500791026483,0.6979158756401838,0.06770754230685039,192,121,,,,,,raw,lora_intervention/experiments/gemma_results/behavioral/results.json,cell K5N75; condition key base_block
03_prompt_format,gemma-3-4b-it,Gemma-3,False,base,arbitrary_single,block,5,75,IVQ,ordinal,60,0.7916666666666666,,0.7253414528481628,0.8579918804851705,0.06632521381850383,144,114,,,,,,raw,lora_intervention/experiments/gemma_results/behavioral/results.json,cell K5N75; condition key base_block
03_prompt_format,gemma-3-4b-it,Gemma-3,False,base,arbitrary_single,block,5,75,IVQ,ordinal,62,0.7102272727272727,,0.6436232537909743,0.7768312916635711,0.06660401893629847,176,125,,,,,,raw,lora_intervention/experiments/gemma_results/behavioral/results.json,cell K5N75; condition key base_block
03_prompt_format,gemma-3-4b-it,Gemma-3,False,base,arbitrary_single,block,5,75,IVQ,ordinal,64,0.6477272727272727,,0.5777716510339344,0.7176828944206111,0.06995562169333841,176,114,,,,,,raw,lora_intervention/experiments/gemma_results/behavioral/results.json,cell K5N75; condition key base_block
03_prompt_format,gemma-3-4b-it,Gemma-3,False,base,arbitrary_single,block,5,75,IVQ,ordinal,66,0.796875,,0.7271332977211775,0.8666167022788225,0.06974170227882245,128,102,,,,,,raw,lora_intervention/experiments/gemma_results/behavioral/results.json,cell K5N75; condition key base_block
03_prompt_format,gemma-3-4b-it,Gemma-3,False,base,arbitrary_single,block,5,75,IVQ,ordinal,68,0.8854166666666666,,0.8195758312681732,0.95125750206516,0.06584083539849336,96,85,,,,,,raw,lora_intervention/experiments/gemma_results/behavioral/results.json,cell K5N75; condition key base_block
03_prompt_format,gemma-3-4b-it,Gemma-3,False,base,arbitrary_single,block,5,75,IVQ,ordinal,70,0.9125,,0.846496063261101,0.9785039367388989,0.06600393673889889,80,73,,,,,,raw,lora_intervention/experiments/gemma_results/behavioral/results.json,cell K5N75; condition key base_block
03_prompt_format,gemma-3-4b-it,Gemma-3,False,base,arbitrary_single,block,5,75,IVQ,ordinal,72,0.7708333333333334,,0.70236493703996,0.8393017296267068,0.06846839629337345,144,111,,,,,,raw,lora_intervention/experiments/gemma_results/behavioral/results.json,cell K5N75; condition key base_block
03_prompt_format,gemma-3-4b-it,Gemma-3,False,base,arbitrary_single,block,5,75,IVQ,ordinal,74,0.8958333333333334,,0.8322289143768012,0.9594377522898655,0.06360441895653211,96,86,,,,,,raw,lora_intervention/experiments/gemma_results/behavioral/results.json,cell K5N75; condition key base_block
03_prompt_format,gemma-3-4b-it,Gemma-3,False,base,arbitrary_single,block,5,75,CVQ,ordinal,75,0.953125,,0.8914048570345556,1.0,0.06172014296544431,64,61,,,,,,raw,lora_intervention/experiments/gemma_results/behavioral/results.json,cell K5N75; condition key base_block
03_prompt_format,gemma-3-4b-it,Gemma-3,False,base,arbitrary_single,block,10,25,FVQ,ordinal,1,1.0,,0.9485813916897793,1.0,0.05141860831022067,48,48,,,,,,raw,lora_intervention/experiments/gemma_results/behavioral/results.json,cell K10N25; condition key base_block
03_prompt_format,gemma-3-4b-it,Gemma-3,False,base,arbitrary_single,block,10,25,IVQ,ordinal,2,1.0,,0.9485813916897793,1.0,0.05141860831022067,48,48,,,,,,raw,lora_intervention/experiments/gemma_results/behavioral/results.json,cell K10N25; condition key base_block
03_prompt_format,gemma-3-4b-it,Gemma-3,False,base,arbitrary_single,block,10,25,IVQ,ordinal,3,0.9375,,0.8703384944005647,1.0,0.0671615055994353,64,60,,,,,,raw,lora_intervention/experiments/gemma_results/behavioral/results.json,cell K10N25; condition key base_block
03_prompt_format,gemma-3-4b-it,Gemma-3,False,base,arbitrary_single,block,10,25,IVQ,ordinal,4,0.8660714285714286,,0.801756246056594,0.9303866110862632,0.0643151825148346,112,97,,,,,,raw,lora_intervention/experiments/gemma_results/behavioral/results.json,cell K10N25; condition key base_block
03_prompt_format,gemma-3-4b-it,Gemma-3,False,base,arbitrary_single,block,10,25,IVQ,ordinal,5,0.9125,,0.846496063261101,0.9785039367388989,0.06600393673889889,80,73,,,,,,raw,lora_intervention/experiments/gemma_results/behavioral/results.json,cell K10N25; condition key base_block
03_prompt_format,gemma-3-4b-it,Gemma-3,False,base,arbitrary_single,block,10,25,IVQ,ordinal,6,0.8571428571428571,,0.7912898785465438,0.9229958357391704,0.06585297859631331,112,96,,,,,,raw,lora_intervention/experiments/gemma_results/behavioral/results.json,cell K10N25; condition key base_block
03_prompt_format,gemma-3-4b-it,Gemma-3,False,base,arbitrary_single,block,10,25,IVQ,ordinal,7,0.8645833333333334,,0.7946487702282099,0.9345178964384568,0.06993456310512348,96,83,,,,,,raw,lora_intervention/experiments/gemma_results/behavioral/results.json,cell K10N25; condition key base_block
03_prompt_format,gemma-3-4b-it,Gemma-3,False,base,arbitrary_single,block,10,25,IVQ,ordinal,8,0.953125,,0.8914048570345556,1.0,0.06172014296544431,64,61,,,,,,raw,lora_intervention/experiments/gemma_results/behavioral/results.json,cell K10N25; condition key base_block
03_prompt_format,gemma-3-4b-it,Gemma-3,False,base,arbitrary_single,block,10,25,IVQ,ordinal,9,0.9791666666666666,,0.9163989744333195,1.0,0.06276769223334708,48,47,,,,,,raw,lora_intervention/experiments/gemma_results/behavioral/results.json,cell K10N25; condition key base_block
03_prompt_format,gemma-3-4b-it,Gemma-3,False,base,arbitrary_single,block,10,25,IVQ,ordinal,10,0.8854166666666666,,0.8195758312681732,0.95125750206516,0.06584083539849336,96,85,,,,,,raw,lora_intervention/experiments/gemma_results/behavioral/results.json,cell K10N25; condition key base_block
03_prompt_format,gemma-3-4b-it,Gemma-3,False,base,arbitrary_single,block,10,25,IVQ,ordinal,11,0.9,,0.8308609494456025,0.9691390505543975,0.06913905055439752,80,72,,,,,,raw,lora_intervention/experiments/gemma_results/behavioral/results.json,cell K10N25; condition key base_block
03_prompt_format,gemma-3-4b-it,Gemma-3,False,base,arbitrary_single,block,10,25,IVQ,ordinal,12,0.953125,,0.8914048570345556,1.0,0.06172014296544431,64,61,,,,,,raw,lora_intervention/experiments/gemma_results/behavioral/results.json,cell K10N25; condition key base_block
03_prompt_format,gemma-3-4b-it,Gemma-3,False,base,arbitrary_single,block,10,25,IVQ,ordinal,13,0.9791666666666666,,0.9163989744333195,1.0,0.06276769223334708,48,47,,,,,,raw,lora_intervention/experiments/gemma_results/behavioral/results.json,cell K10N25; condition key base_block
03_prompt_format,gemma-3-4b-it,Gemma-3,False,base,arbitrary_single,block,10,25,IVQ,ordinal,14,0.925,,0.8623917382068295,0.9876082617931706,0.06260826179317054,80,74,,,,,,raw,lora_intervention/experiments/gemma_results/behavioral/results.json,cell K10N25; condition key base_block
03_prompt_format,gemma-3-4b-it,Gemma-3,False,base,arbitrary_single,block,10,25,IVQ,ordinal,15,0.9125,,0.846496063261101,0.9785039367388989,0.06600393673889889,80,73,,,,,,raw,lora_intervention/experiments/gemma_results/behavioral/results.json,cell K10N25; condition key base_block
03_prompt_format,gemma-3-4b-it,Gemma-3,False,base,arbitrary_single,block,10,25,IVQ,ordinal,16,0.828125,,0.762341374928522,0.893908625071478,0.06578362507147795,128,106,,,,,,raw,lora_intervention/experiments/gemma_results/behavioral/results.json,cell K10N25; condition key base_block
03_prompt_format,gemma-3-4b-it,Gemma-3,False,base,arbitrary_single,block,10,25,IVQ,ordinal,17,0.9375,,0.8703384944005647,1.0,0.0671615055994353,64,60,,,,,,raw,lora_intervention/experiments/gemma_results/behavioral/results.json,cell K10N25; condition key base_block
03_prompt_format,gemma-3-4b-it,Gemma-3,False,base,arbitrary_single,block,10,25,IVQ,ordinal,18,0.9375,,0.8703384944005647,1.0,0.0671615055994353,64,60,,,,,,raw,lora_intervention/experiments/gemma_results/behavioral/results.json,cell K10N25; condition key base_block
03_prompt_format,gemma-3-4b-it,Gemma-3,False,base,arbitrary_single,block,10,25,IVQ,ordinal,19,0.953125,,0.8914048570345556,1.0,0.06172014296544431,64,61,,,,,,raw,lora_intervention/experiments/gemma_results/behavioral/results.json,cell K10N25; condition key base_block
03_prompt_format,gemma-3-4b-it,Gemma-3,False,base,arbitrary_single,block,10,25,IVQ,ordinal,20,0.953125,,0.8914048570345556,1.0,0.06172014296544431,64,61,,,,,,raw,lora_intervention/experiments/gemma_results/behavioral/results.json,cell K10N25; condition key base_block
03_prompt_format,gemma-3-4b-it,Gemma-3,False,base,arbitrary_single,block,10,25,IVQ,ordinal,21,0.9791666666666666,,0.9163989744333195,1.0,0.06276769223334708,48,47,,,,,,raw,lora_intervention/experiments/gemma_results/behavioral/results.json,cell K10N25; condition key base_block
03_prompt_format,gemma-3-4b-it,Gemma-3,False,base,arbitrary_single,block,10,25,IVQ,ordinal,22,0.9791666666666666,,0.9163989744333195,1.0,0.06276769223334708,48,47,,,,,,raw,lora_intervention/experiments/gemma_results/behavioral/results.json,cell K10N25; condition key base_block
03_prompt_format,gemma-3-4b-it,Gemma-3,False,base,arbitrary_single,block,10,25,IVQ,ordinal,23,0.9375,,0.8703384944005647,1.0,0.0671615055994353,64,60,,,,,,raw,lora_intervention/experiments/gemma_results/behavioral/results.json,cell K10N25; condition key base_block
03_prompt_format,gemma-3-4b-it,Gemma-3,False,base,arbitrary_single,block,10,25,IVQ,ordinal,24,0.9375,,0.8703384944005647,1.0,0.0671615055994353,64,60,,,,,,raw,lora_intervention/experiments/gemma_results/behavioral/results.json,cell K10N25; condition key base_block
03_prompt_format,gemma-3-4b-it,Gemma-3,False,base,arbitrary_single,block,10,25,CVQ,ordinal,25,0.9791666666666666,,0.9163989744333195,1.0,0.06276769223334708,48,47,,,,,,raw,lora_intervention/experiments/gemma_results/behavioral/results.json,cell K10N25; condition key base_block
03_prompt_format,gemma-3-4b-it,Gemma-3,False,base,semantic_multi,block,10,50,FVQ,ordinal,first,0.99,,,,0.02,,,,,,,,derived,paper/figures/tab_format_ci.tex,back-extracted from committed paper table; raw experiments_cloud/results/ucurve_vllm/ not local
03_prompt_format,gemma-3-4b-it,Gemma-3,False,base,arbitrary_single,block,10,50,FVQ,ordinal,first,0.99,,,,,100,,,,,,,raw,lora_intervention/experiments/gemma_results/block/results_K10N50.json,behavioural accuracy only; per-layer P(v_last) / P(v_first) curves remain in the source file
03_prompt_format,gemma-3-4b-it,Gemma-3,False,base,arbitrary_single,block,10,50,FVQ,ordinal,1,0.9791666666666666,,0.9163989744333195,1.0,0.06276769223334708,48,47,,,,,,raw,lora_intervention/experiments/gemma_results/behavioral/results.json,cell K10N50; condition key base_block
03_prompt_format,gemma-3-4b-it,Gemma-3,False,base,arbitrary_single,block,10,50,IVQ,ordinal,2,0.9791666666666666,,0.9163989744333195,1.0,0.06276769223334708,48,47,,,,,,raw,lora_intervention/experiments/gemma_results/behavioral/results.json,cell K10N50; condition key base_block
03_prompt_format,gemma-3-4b-it,Gemma-3,False,base,arbitrary_single,block,10,50,IVQ,ordinal,3,0.90625,,0.845026566666948,0.967473433333052,0.061223433333052,96,87,,,,,,raw,lora_intervention/experiments/gemma_results/behavioral/results.json,cell K10N50; condition key base_block
03_prompt_format,gemma-3-4b-it,Gemma-3,False,base,arbitrary_single,block,10,50,IVQ,ordinal,4,0.725,,0.6562267209117956,0.7937732790882044,0.06877327908820446,160,116,,,,,,raw,lora_intervention/experiments/gemma_results/behavioral/results.json,cell K10N50; condition key base_block
03_prompt_format,gemma-3-4b-it,Gemma-3,False,base,arbitrary_single,block,10,50,IVQ,ordinal,5,0.7847222222222222,,0.7176572728896237,0.8517871715548208,0.06706494933259853,144,113,,,,,,raw,lora_intervention/experiments/gemma_results/behavioral/results.json,cell K10N50; condition key base_block
03_prompt_format,gemma-3-4b-it,Gemma-3,False,base,arbitrary_single,block,10,50,IVQ,ordinal,6,0.8055555555555556,,0.7407901783357969,0.8703209327753143,0.06476537721975871,144,116,,,,,,raw,lora_intervention/experiments/gemma_results/behavioral/results.json,cell K10N50; condition key base_block
03_prompt_format,gemma-3-4b-it,Gemma-3,False,base,arbitrary_single,block,10,50,IVQ,ordinal,7,0.640625,,0.5733113965744531,0.7079386034255469,0.06731360342554694,192,123,,,,,,raw,lora_intervention/experiments/gemma_results/behavioral/results.json,cell K10N50; condition key base_block
03_prompt_format,gemma-3-4b-it,Gemma-3,False,base,arbitrary_single,block,10,50,IVQ,ordinal,8,0.7375,,0.6696730668944486,0.8053269331055515,0.06782693310555145,160,118,,,,,,raw,lora_intervention/experiments/gemma_results/behavioral/results.json,cell K10N50; condition key base_block
03_prompt_format,gemma-3-4b-it,Gemma-3,False,base,arbitrary_single,block,10,50,IVQ,ordinal,9,0.875,,0.8070530407258207,0.9429469592741793,0.06794695927417928,96,84,,,,,,raw,lora_intervention/experiments/gemma_results/behavioral/results.json,cell K10N50; condition key base_block
03_prompt_format,gemma-3-4b-it,Gemma-3,False,base,arbitrary_single,block,10,50,IVQ,ordinal,10,0.6988636363636364,,0.6315494438315986,0.7661778288956741,0.06731419253203774,176,123,,,,,,raw,lora_intervention/experiments/gemma_results/behavioral/results.json,cell K10N50; condition key base_block
03_prompt_format,gemma-3-4b-it,Gemma-3,False,base,arbitrary_single,block,10,50,IVQ,ordinal,11,0.7125,,0.6428433610227418,0.7821566389772583,0.06965663897725821,160,114,,,,,,raw,lora_intervention/experiments/gemma_results/behavioral/results.json,cell K10N50; condition key base_block
03_prompt_format,gemma-3-4b-it,Gemma-3,False,base,arbitrary_single,block,10,50,IVQ,ordinal,12,0.8203125,,0.7534797296727171,0.8871452703272829,0.06683277032728288,128,105,,,,,,raw,lora_intervention/experiments/gemma_results/behavioral/results.json,cell K10N50; condition key base_block
03_prompt_format,gemma-3-4b-it,Gemma-3,False,base,arbitrary_single,block,10,50,IVQ,ordinal,13,0.640625,,0.5733113965744531,0.7079386034255469,0.06731360342554694,192,123,,,,,,raw,lora_intervention/experiments/gemma_results/behavioral/results.json,cell K10N50; condition key base_block
03_prompt_format,gemma-3-4b-it,Gemma-3,False,base,arbitrary_single,block,10,50,IVQ,ordinal,14,0.578125,,0.5089232044123866,0.6473267955876134,0.06920179558761336,192,111,,,,,,raw,lora_intervention/experiments/gemma_results/behavioral/results.json,cell K10N50; condition key base_block
03_prompt_format,gemma-3-4b-it,Gemma-3,False,base,arbitrary_single,block,10,50,IVQ,ordinal,15,0.4375,,0.36799952949021647,0.5070004705097835,0.06950047050978352,192,84,,,,,,raw,lora_intervention/experiments/gemma_results/behavioral/results.json,cell K10N50; condition key base_block
03_prompt_format,gemma-3-4b-it,Gemma-3,False,base,arbitrary_single,block,10,50,IVQ,ordinal,16,0.5260416666666666,,0.45610471558780014,0.5959786177455332,0.06993695107886651,192,101,,,,,,raw,lora_intervention/experiments/gemma_results/behavioral/results.json,cell K10N50; condition key base_block
03_prompt_format,gemma-3-4b-it,Gemma-3,False,base,arbitrary_single,block,10,50,IVQ,ordinal,17,0.5520833333333334,,0.48242115639285843,0.6217455102738083,0.06966217694047493,192,106,,,,,,raw,lora_intervention/experiments/gemma_results/behavioral/results.json,cell K10N50; condition key base_block
03_prompt_format,gemma-3-4b-it,Gemma-3,False,base,arbitrary_single,block,10,50,IVQ,ordinal,18,0.6931818181818182,,0.6255299760246628,0.7608336603389737,0.06765184215715551,176,122,,,,,,raw,lora_intervention/experiments/gemma_results/behavioral/results.json,cell K10N50; condition key base_block
03_prompt_format,gemma-3-4b-it,Gemma-3,False,base,arbitrary_single,block,10,50,IVQ,ordinal,19,0.6590909090909091,,0.5896469739837206,0.7285348441980976,0.06944393510718846,176,116,,,,,,raw,lora_intervention/experiments/gemma_results/behavioral/results.json,cell K10N50; condition key base_block
03_prompt_format,gemma-3-4b-it,Gemma-3,False,base,arbitrary_single,block,10,50,IVQ,ordinal,20,0.609375,,0.5409760467200028,0.6777739532799972,0.06839895327999723,192,117,,,,,,raw,lora_intervention/experiments/gemma_results/behavioral/results.json,cell K10N50; condition key base_block
03_prompt_format,gemma-3-4b-it,Gemma-3,False,base,arbitrary_single,block,10,50,IVQ,ordinal,21,0.6458333333333334,,0.5787289978744685,0.7129376687921982,0.06710433545886488,192,124,,,,,,raw,lora_intervention/experiments/gemma_results/behavioral/results.json,cell K10N50; condition key base_block
03_prompt_format,gemma-3-4b-it,Gemma-3,False,base,arbitrary_single,block,10,50,IVQ,ordinal,22,0.7102272727272727,,0.6436232537909743,0.7768312916635711,0.06660401893629847,176,125,,,,,,raw,lora_intervention/experiments/gemma_results/behavioral/results.json,cell K10N50; condition key base_block
03_prompt_format,gemma-3-4b-it,Gemma-3,False,base,arbitrary_single,block,10,50,IVQ,ordinal,23,0.609375,,0.5409760467200028,0.6777739532799972,0.06839895327999723,192,117,,,,,,raw,lora_intervention/experiments/gemma_results/behavioral/results.json,cell K10N50; condition key base_block
03_prompt_format,gemma-3-4b-it,Gemma-3,False,base,arbitrary_single,block,10,50,IVQ,ordinal,24,0.59375,,0.5249150114491973,0.6625849885508027,0.06883498855080271,192,114,,,,,,raw,lora_intervention/experiments/gemma_results/behavioral/results.json,cell K10N50; condition key base_block
03_prompt_format,gemma-3-4b-it,Gemma-3,False,base,arbitrary_single,block,10,50,IVQ,ordinal,25,0.4375,,0.36799952949021647,0.5070004705097835,0.06950047050978352,192,84,,,,,,raw,lora_intervention/experiments/gemma_results/behavioral/results.json,cell K10N50; condition key base_block
03_prompt_format,gemma-3-4b-it,Gemma-3,False,base,arbitrary_single,block,10,50,IVQ,ordinal,26,0.640625,,0.5733113965744531,0.7079386034255469,0.06731360342554694,192,123,,,,,,raw,lora_intervention/experiments/gemma_results/behavioral/results.json,cell K10N50; condition key base_block
03_prompt_format,gemma-3-4b-it,Gemma-3,False,base,arbitrary_single,block,10,50,IVQ,ordinal,27,0.6354166666666666,,0.5679020187097147,0.7029313146236186,0.06751464795695197,192,122,,,,,,raw,lora_intervention/experiments/gemma_results/behavioral/results.json,cell K10N50; condition key base_block
03_prompt_format,gemma-3-4b-it,Gemma-3,False,base,arbitrary_single,block,10,50,IVQ,ordinal,28,0.6197916666666666,,0.551722511979762,0.6878608213535713,0.06806915468690461,192,119,,,,,,raw,lora_intervention/experiments/gemma_results/behavioral/results.json,cell K10N50; condition key base_block
03_prompt_format,gemma-3-4b-it,Gemma-3,False,base,arbitrary_single,block,10,50,IVQ,ordinal,29,0.546875,,0.477143111208834,0.616606888791166,0.069731888791166,192,105,,,,,,raw,lora_intervention/experiments/gemma_results/behavioral/results.json,cell K10N50; condition key base_block
03_prompt_format,gemma-3-4b-it,Gemma-3,False,base,arbitrary_single,block,10,50,IVQ,ordinal,30,0.5260416666666666,,0.45610471558780014,0.5959786177455332,0.06993695107886651,192,101,,,,,,raw,lora_intervention/experiments/gemma_results/behavioral/results.json,cell K10N50; condition key base_block
03_prompt_format,gemma-3-4b-it,Gemma-3,False,base,arbitrary_single,block,10,50,IVQ,ordinal,31,0.6145833333333334,,0.5463453324990271,0.6828213341676397,0.06823800083430628,192,118,,,,,,raw,lora_intervention/experiments/gemma_results/behavioral/results.json,cell K10N50; condition key base_block
03_prompt_format,gemma-3-4b-it,Gemma-3,False,base,arbitrary_single,block,10,50,IVQ,ordinal,32,0.5260416666666666,,0.45610471558780014,0.5959786177455332,0.06993695107886651,192,101,,,,,,raw,lora_intervention/experiments/gemma_results/behavioral/results.json,cell K10N50; condition key base_block
03_prompt_format,gemma-3-4b-it,Gemma-3,False,base,arbitrary_single,block,10,50,IVQ,ordinal,33,0.53125,,0.4613532815329891,0.6011467184670108,0.06989671846701088,192,102,,,,,,raw,lora_intervention/experiments/gemma_results/behavioral/results.json,cell K10N50; condition key base_block
03_prompt_format,gemma-3-4b-it,Gemma-3,False,base,arbitrary_single,block,10,50,IVQ,ordinal,34,0.53125,,0.4613532815329891,0.6011467184670108,0.06989671846701088,192,102,,,,,,raw,lora_intervention/experiments/gemma_results/behavioral/results.json,cell K10N50; condition key base_block
03_prompt_format,gemma-3-4b-it,Gemma-3,False,base,arbitrary_single,block,10,50,IVQ,ordinal,35,0.4583333333333333,,0.38853912980220573,0.5281275368644609,0.06979420353112761,192,88,,,,,,raw,lora_intervention/experiments/gemma_results/behavioral/results.json,cell K10N50; condition key base_block
03_prompt_format,gemma-3-4b-it,Gemma-3,False,base,arbitrary_single,block,10,50,IVQ,ordinal,36,0.609375,,0.5409760467200028,0.6777739532799972,0.06839895327999723,192,117,,,,,,raw,lora_intervention/experiments/gemma_results/behavioral/results.json,cell K10N50; condition key base_block
03_prompt_format,gemma-3-4b-it,Gemma-3,False,base,arbitrary_single,block,10,50,IVQ,ordinal,37,0.546875,,0.477143111208834,0.616606888791166,0.069731888791166,192,105,,,,,,raw,lora_intervention/experiments/gemma_results/behavioral/results.json,cell K10N50; condition key base_block
03_prompt_format,gemma-3-4b-it,Gemma-3,False,base,arbitrary_single,block,10,50,IVQ,ordinal,38,0.5989583333333334,,0.5302609370561642,0.6676557296105026,0.0686973962771692,192,115,,,,,,raw,lora_intervention/experiments/gemma_results/behavioral/results.json,cell K10N50; condition key base_block
03_prompt_format,gemma-3-4b-it,Gemma-3,False,base,arbitrary_single,block,10,50,IVQ,ordinal,39,0.6197916666666666,,0.551722511979762,0.6878608213535713,0.06806915468690461,192,119,,,,,,raw,lora_intervention/experiments/gemma_results/behavioral/results.json,cell K10N50; condition key base_block
03_prompt_format,gemma-3-4b-it,Gemma-3,False,base,arbitrary_single,block,10,50,IVQ,ordinal,40,0.7125,,0.6428433610227418,0.7821566389772583,0.06965663897725821,160,114,,,,,,raw,lora_intervention/experiments/gemma_results/behavioral/results.json,cell K10N50; condition key base_block
03_prompt_format,gemma-3-4b-it,Gemma-3,False,base,arbitrary_single,block,10,50,IVQ,ordinal,41,0.6477272727272727,,0.5777716510339344,0.7176828944206111,0.06995562169333841,176,114,,,,,,raw,lora_intervention/experiments/gemma_results/behavioral/results.json,cell K10N50; condition key base_block
03_prompt_format,gemma-3-4b-it,Gemma-3,False,base,arbitrary_single,block,10,50,IVQ,ordinal,42,0.71875,,0.6495273224427286,0.7879726775572714,0.06922267755727136,160,115,,,,,,raw,lora_intervention/experiments/gemma_results/behavioral/results.json,cell K10N50; condition key base_block
03_prompt_format,gemma-3-4b-it,Gemma-3,False,base,arbitrary_single,block,10,50,IVQ,ordinal,43,0.6534090909090909,,0.5837041053093516,0.7231140765088303,0.06970498559973932,176,115,,,,,,raw,lora_intervention/experiments/gemma_results/behavioral/results.json,cell K10N50; condition key base_block
03_prompt_format,gemma-3-4b-it,Gemma-3,False,base,arbitrary_single,block,10,50,IVQ,ordinal,44,0.7708333333333334,,0.70236493703996,0.8393017296267068,0.06846839629337345,144,111,,,,,,raw,lora_intervention/experiments/gemma_results/behavioral/results.json,cell K10N50; condition key base_block
03_prompt_format,gemma-3-4b-it,Gemma-3,False,base,arbitrary_single,block,10,50,IVQ,ordinal,45,0.8046875,,0.7358774059423626,0.8734975940576374,0.06881009405763741,128,103,,,,,,raw,lora_intervention/experiments/gemma_results/behavioral/results.json,cell K10N50; condition key base_block
03_prompt_format,gemma-3-4b-it,Gemma-3,False,base,arbitrary_single,block,10,50,IVQ,ordinal,46,0.6988636363636364,,0.6315494438315986,0.7661778288956741,0.06731419253203774,176,123,,,,,,raw,lora_intervention/experiments/gemma_results/behavioral/results.json,cell K10N50; condition key base_block
03_prompt_format,gemma-3-4b-it,Gemma-3,False,base,arbitrary_single,block,10,50,IVQ,ordinal,47,0.7569444444444444,,0.6871689153537328,0.826719973535156,0.06977552909071161,144,109,,,,,,raw,lora_intervention/experiments/gemma_results/behavioral/results.json,cell K10N50; condition key base_block
03_prompt_format,gemma-3-4b-it,Gemma-3,False,base,arbitrary_single,block,10,50,IVQ,ordinal,48,0.73125,,0.662941861109774,0.7995581388902259,0.0683081388902259,160,117,,,,,,raw,lora_intervention/experiments/gemma_results/behavioral/results.json,cell K10N50; condition key base_block
03_prompt_format,gemma-3-4b-it,Gemma-3,False,base,arbitrary_single,block,10,50,IVQ,ordinal,49,0.8203125,,0.7534797296727171,0.8871452703272829,0.06683277032728288,128,105,,,,,,raw,lora_intervention/experiments/gemma_results/behavioral/results.json,cell K10N50; condition key base_block
03_prompt_format,gemma-3-4b-it,Gemma-3,False,base,arbitrary_single,block,10,50,CVQ,ordinal,50,0.953125,,0.8914048570345556,1.0,0.06172014296544431,64,61,,,,,,raw,lora_intervention/experiments/gemma_results/behavioral/results.json,cell K10N50; condition key base_block
03_prompt_format,gemma-3-4b-it,Gemma-3,False,base,semantic_multi,block,10,50,CVQ,semantic,last,0.89,,,,0.04,,,,,,,,derived,paper/figures/tab_format_ci.tex,back-extracted from committed paper table; raw experiments_cloud/results/ucurve_vllm/ not local
03_prompt_format,gemma-3-4b-it,Gemma-3,False,base,arbitrary_single,block,10,50,CVQ,ordinal,last,0.92,,,,,100,,,,,,,raw,lora_intervention/experiments/gemma_results/block/results_K10N50.json,behavioural accuracy only; per-layer P(v_last) / P(v_first) curves remain in the source file
03_prompt_format,gemma-3-4b-it,Gemma-3,False,base,arbitrary_single,block,10,100,FVQ,ordinal,1,0.96875,,0.9132209307514648,1.0,0.05552906924853514,64,62,,,,,,raw,lora_intervention/experiments/gemma_results/behavioral/results.json,cell K10N100; condition key base_block
03_prompt_format,gemma-3-4b-it,Gemma-3,False,base,arbitrary_single,block,10,100,CVQ,ordinal,100,0.9375,,0.8703384944005647,1.0,0.0671615055994353,64,60,,,,,,raw,lora_intervention/experiments/gemma_results/behavioral/results.json,cell K10N100; condition key base_block
03_prompt_format,gemma-3-4b-it,Gemma-3,False,base,arbitrary_single,block,20,20,FVQ,ordinal,1,0.9125,,0.846496063261101,0.9785039367388989,0.06600393673889889,80,73,,,,,,raw,lora_intervention/experiments/gemma_results/behavioral/results.json,cell K20N20; condition key base_block
03_prompt_format,gemma-3-4b-it,Gemma-3,False,base,arbitrary_single,block,20,20,CVQ,ordinal,20,0.9375,,0.8703384944005647,1.0,0.0671615055994353,64,60,,,,,,raw,lora_intervention/experiments/gemma_results/behavioral/results.json,cell K20N20; condition key base_block
03_prompt_format,gemma-3-4b-it,Gemma-3,False,base,semantic_multi,flat_nolabel,10,50,FVQ,ordinal,first,0.92,,,,0.04,,,,,,,,derived,paper/figures/tab_format_ci.tex,back-extracted from committed paper table; raw experiments_cloud/results/ucurve_vllm/ not local
03_prompt_format,gemma-3-4b-it,Gemma-3,False,base,semantic_multi,flat_nolabel,10,50,CVQ,semantic,last,0.01,,,,0.02,,,,,,,,derived,paper/figures/tab_format_ci.tex,back-extracted from committed paper table; raw experiments_cloud/results/ucurve_vllm/ not local
03_prompt_format,gemma-3-4b-it,Gemma-3,False,base,semantic_multi,flat_verbose,10,50,FVQ,ordinal,first,0.39,,,,0.07,,,,,,,,derived,paper/figures/tab_format_ci.tex,back-extracted from committed paper table; raw experiments_cloud/results/ucurve_vllm/ not local
03_prompt_format,gemma-3-4b-it,Gemma-3,False,base,semantic_multi,flat_verbose,10,50,CVQ,semantic,last,0.47,,,,0.07,,,,,,,,derived,paper/figures/tab_format_ci.tex,back-extracted from committed paper table; raw experiments_cloud/results/ucurve_vllm/ not local
03_prompt_format,gemma-3-4b-it,Gemma-3,False,base,semantic_multi,landmark,10,50,FVQ,ordinal,first,0.92,,,,0.04,,,,,,,,derived,paper/figures/tab_format_ci.tex,back-extracted from committed paper table; raw experiments_cloud/results/ucurve_vllm/ not local
03_prompt_format,gemma-3-4b-it,Gemma-3,False,base,semantic_multi,landmark,10,50,CVQ,semantic,last,0.0,,,,0.01,,,,,,,,derived,paper/figures/tab_format_ci.tex,back-extracted from committed paper table; raw experiments_cloud/results/ucurve_vllm/ not local
03_prompt_format,gemma-3-4b-it,Gemma-3,False,base,arbitrary_single,plain,2,30,FVQ,semantic,first,1.0,,,,,100,,,,,,,raw,lora_intervention/experiments/gemma_results/block/results_K2N30.json,behavioural accuracy only; per-layer P(v_last) / P(v_first) curves remain in the source file
03_prompt_format,gemma-3-4b-it,Gemma-3,False,base,arbitrary_single,plain,2,30,FVQ,ordinal,1,1.0,,0.9485813916897793,1.0,0.05141860831022067,48,48,,,,,,raw,lora_intervention/experiments/gemma_results/behavioral/results.json,cell K2N30; condition key base_plain
03_prompt_format,gemma-3-4b-it,Gemma-3,False,base,arbitrary_single,plain,2,30,CVQ,semantic,30,0.6145833333333334,,0.5463453324990271,0.6828213341676397,0.06823800083430628,192,118,,,,,,raw,lora_intervention/experiments/gemma_results/behavioral/results.json,cell K2N30; condition key base_plain
03_prompt_format,gemma-3-4b-it,Gemma-3,False,base,arbitrary_single,plain,2,30,CVQ,semantic,last,0.67,,,,,100,,,,,,,raw,lora_intervention/experiments/gemma_results/block/results_K2N30.json,behavioural accuracy only; per-layer P(v_last) / P(v_first) curves remain in the source file
03_prompt_format,gemma-3-4b-it,Gemma-3,False,base,arbitrary_single,plain,5,20,FVQ,ordinal,1,1.0,,0.9485813916897793,1.0,0.05141860831022067,48,48,,,,,,raw,lora_intervention/experiments/gemma_results/behavioral/results.json,cell K5N20; condition key base_plain
03_prompt_format,gemma-3-4b-it,Gemma-3,False,base,arbitrary_single,plain,5,20,IVQ,ordinal,2,0.5260416666666666,,0.45610471558780014,0.5959786177455332,0.06993695107886651,192,101,,,,,,raw,lora_intervention/experiments/gemma_results/behavioral/results.json,cell K5N20; condition key base_plain
03_prompt_format,gemma-3-4b-it,Gemma-3,False,base,arbitrary_single,plain,5,20,IVQ,ordinal,3,0.020833333333333332,,0.0,0.0836010255666804,0.06276769223334708,48,1,,,,,,raw,lora_intervention/experiments/gemma_results/behavioral/results.json,cell K5N20; condition key base_plain
03_prompt_format,gemma-3-4b-it,Gemma-3,False,base,arbitrary_single,plain,5,20,IVQ,ordinal,4,0.0,,0.0,0.051418608310220645,0.051418608310220645,48,0,,,,,,raw,lora_intervention/experiments/gemma_results/behavioral/results.json,cell K5N20; condition key base_plain
03_prompt_format,gemma-3-4b-it,Gemma-3,False,base,arbitrary_single,plain,5,20,IVQ,ordinal,5,0.0,,0.0,0.051418608310220645,0.051418608310220645,48,0,,,,,,raw,lora_intervention/experiments/gemma_results/behavioral/results.json,cell K5N20; condition key base_plain
03_prompt_format,gemma-3-4b-it,Gemma-3,False,base,arbitrary_single,plain,5,20,IVQ,ordinal,6,0.0,,0.0,0.051418608310220645,0.051418608310220645,48,0,,,,,,raw,lora_intervention/experiments/gemma_results/behavioral/results.json,cell K5N20; condition key base_plain
03_prompt_format,gemma-3-4b-it,Gemma-3,False,base,arbitrary_single,plain,5,20,IVQ,ordinal,7,0.0,,0.0,0.051418608310220645,0.051418608310220645,48,0,,,,,,raw,lora_intervention/experiments/gemma_results/behavioral/results.json,cell K5N20; condition key base_plain
03_prompt_format,gemma-3-4b-it,Gemma-3,False,base,arbitrary_single,plain,5,20,IVQ,ordinal,8,0.020833333333333332,,0.0,0.0836010255666804,0.06276769223334708,48,1,,,,,,raw,lora_intervention/experiments/gemma_results/behavioral/results.json,cell K5N20; condition key base_plain
03_prompt_format,gemma-3-4b-it,Gemma-3,False,base,arbitrary_single,plain,5,20,IVQ,ordinal,9,0.0,,0.0,0.051418608310220645,0.051418608310220645,48,0,,,,,,raw,lora_intervention/experiments/gemma_results/behavioral/results.json,cell K5N20; condition key base_plain
03_prompt_format,gemma-3-4b-it,Gemma-3,False,base,arbitrary_single,plain,5,20,IVQ,ordinal,10,0.0,,0.0,0.051418608310220645,0.051418608310220645,48,0,,,,,,raw,lora_intervention/experiments/gemma_results/behavioral/results.json,cell K5N20; condition key base_plain
03_prompt_format,gemma-3-4b-it,Gemma-3,False,base,arbitrary_single,plain,5,20,IVQ,ordinal,11,0.0,,0.0,0.051418608310220645,0.051418608310220645,48,0,,,,,,raw,lora_intervention/experiments/gemma_results/behavioral/results.json,cell K5N20; condition key base_plain
03_prompt_format,gemma-3-4b-it,Gemma-3,False,base,arbitrary_single,plain,5,20,IVQ,ordinal,12,0.0,,0.0,0.051418608310220645,0.051418608310220645,48,0,,,,,,raw,lora_intervention/experiments/gemma_results/behavioral/results.json,cell K5N20; condition key base_plain
03_prompt_format,gemma-3-4b-it,Gemma-3,False,base,arbitrary_single,plain,5,20,IVQ,ordinal,13,0.0,,0.0,0.051418608310220645,0.051418608310220645,48,0,,,,,,raw,lora_intervention/experiments/gemma_results/behavioral/results.json,cell K5N20; condition key base_plain
03_prompt_format,gemma-3-4b-it,Gemma-3,False,base,arbitrary_single,plain,5,20,IVQ,ordinal,14,0.020833333333333332,,0.0,0.0836010255666804,0.06276769223334708,48,1,,,,,,raw,lora_intervention/experiments/gemma_results/behavioral/results.json,cell K5N20; condition key base_plain
03_prompt_format,gemma-3-4b-it,Gemma-3,False,base,arbitrary_single,plain,5,20,IVQ,ordinal,15,0.0,,0.0,0.051418608310220645,0.051418608310220645,48,0,,,,,,raw,lora_intervention/experiments/gemma_results/behavioral/results.json,cell K5N20; condition key base_plain
03_prompt_format,gemma-3-4b-it,Gemma-3,False,base,arbitrary_single,plain,5,20,IVQ,ordinal,16,0.0,,0.0,0.051418608310220645,0.051418608310220645,48,0,,,,,,raw,lora_intervention/experiments/gemma_results/behavioral/results.json,cell K5N20; condition key base_plain
03_prompt_format,gemma-3-4b-it,Gemma-3,False,base,arbitrary_single,plain,5,20,IVQ,ordinal,17,0.0625,,0.0,0.12966150559943532,0.06716150559943532,64,4,,,,,,raw,lora_intervention/experiments/gemma_results/behavioral/results.json,cell K5N20; condition key base_plain
03_prompt_format,gemma-3-4b-it,Gemma-3,False,base,arbitrary_single,plain,5,20,IVQ,ordinal,18,0.020833333333333332,,0.0,0.0836010255666804,0.06276769223334708,48,1,,,,,,raw,lora_intervention/experiments/gemma_results/behavioral/results.json,cell K5N20; condition key base_plain
03_prompt_format,gemma-3-4b-it,Gemma-3,False,base,arbitrary_single,plain,5,20,IVQ,ordinal,19,0.15178571428571427,,0.08446673956533599,0.21910468900609256,0.06731897472037829,112,17,,,,,,raw,lora_intervention/experiments/gemma_results/behavioral/results.json,cell K5N20; condition key base_plain
03_prompt_format,gemma-3-4b-it,Gemma-3,False,base,arbitrary_single,plain,5,20,CVQ,semantic,20,0.71875,,0.6495273224427286,0.7879726775572714,0.06922267755727136,160,115,,,,,,raw,lora_intervention/experiments/gemma_results/behavioral/results.json,cell K5N20; condition key base_plain
03_prompt_format,gemma-3-4b-it,Gemma-3,False,base,arbitrary_single,plain,5,50,FVQ,ordinal,1,0.953125,,0.8914048570345556,1.0,0.06172014296544431,64,61,,,,,,raw,lora_intervention/experiments/gemma_results/behavioral/results.json,cell K5N50; condition key base_plain
03_prompt_format,gemma-3-4b-it,Gemma-3,False,base,arbitrary_single,plain,5,50,IVQ,ordinal,2,0.3854166666666667,,0.31717866583236043,0.45365466750097294,0.06823800083430628,192,74,,,,,,raw,lora_intervention/experiments/gemma_results/behavioral/results.json,cell K5N50; condition key base_plain
03_prompt_format,gemma-3-4b-it,Gemma-3,False,base,arbitrary_single,plain,5,50,IVQ,ordinal,4,0.0,,0.0,0.051418608310220645,0.051418608310220645,48,0,,,,,,raw,lora_intervention/experiments/gemma_results/behavioral/results.json,cell K5N50; condition key base_plain
03_prompt_format,gemma-3-4b-it,Gemma-3,False,base,arbitrary_single,plain,5,50,IVQ,ordinal,6,0.0,,0.0,0.051418608310220645,0.051418608310220645,48,0,,,,,,raw,lora_intervention/experiments/gemma_results/behavioral/results.json,cell K5N50; condition key base_plain
03_prompt_format,gemma-3-4b-it,Gemma-3,False,base,arbitrary_single,plain,5,50,IVQ,ordinal,8,0.0,,0.0,0.051418608310220645,0.051418608310220645,48,0,,,,,,raw,lora_intervention/experiments/gemma_results/behavioral/results.json,cell K5N50; condition key base_plain
03_prompt_format,gemma-3-4b-it,Gemma-3,False,base,arbitrary_single,plain,5,50,IVQ,ordinal,10,0.0,,0.0,0.051418608310220645,0.051418608310220645,48,0,,,,,,raw,lora_intervention/experiments/gemma_results/behavioral/results.json,cell K5N50; condition key base_plain
03_prompt_format,gemma-3-4b-it,Gemma-3,False,base,arbitrary_single,plain,5,50,IVQ,ordinal,12,0.0,,0.0,0.051418608310220645,0.051418608310220645,48,0,,,,,,raw,lora_intervention/experiments/gemma_results/behavioral/results.json,cell K5N50; condition key base_plain
03_prompt_format,gemma-3-4b-it,Gemma-3,False,base,arbitrary_single,plain,5,50,IVQ,ordinal,14,0.0,,0.0,0.051418608310220645,0.051418608310220645,48,0,,,,,,raw,lora_intervention/experiments/gemma_results/behavioral/results.json,cell K5N50; condition key base_plain
03_prompt_format,gemma-3-4b-it,Gemma-3,False,base,arbitrary_single,plain,5,50,IVQ,ordinal,16,0.0,,0.0,0.051418608310220645,0.051418608310220645,48,0,,,,,,raw,lora_intervention/experiments/gemma_results/behavioral/results.json,cell K5N50; condition key base_plain
03_prompt_format,gemma-3-4b-it,Gemma-3,False,base,arbitrary_single,plain,5,50,IVQ,ordinal,18,0.0,,0.0,0.051418608310220645,0.051418608310220645,48,0,,,,,,raw,lora_intervention/experiments/gemma_results/behavioral/results.json,cell K5N50; condition key base_plain
03_prompt_format,gemma-3-4b-it,Gemma-3,False,base,arbitrary_single,plain,5,50,IVQ,ordinal,20,0.020833333333333332,,0.0,0.0836010255666804,0.06276769223334708,48,1,,,,,,raw,lora_intervention/experiments/gemma_results/behavioral/results.json,cell K5N50; condition key base_plain
03_prompt_format,gemma-3-4b-it,Gemma-3,False,base,arbitrary_single,plain,5,50,IVQ,ordinal,22,0.0,,0.0,0.051418608310220645,0.051418608310220645,48,0,,,,,,raw,lora_intervention/experiments/gemma_results/behavioral/results.json,cell K5N50; condition key base_plain
03_prompt_format,gemma-3-4b-it,Gemma-3,False,base,arbitrary_single,plain,5,50,IVQ,ordinal,24,0.0,,0.0,0.051418608310220645,0.051418608310220645,48,0,,,,,,raw,lora_intervention/experiments/gemma_results/behavioral/results.json,cell K5N50; condition key base_plain
03_prompt_format,gemma-3-4b-it,Gemma-3,False,base,arbitrary_single,plain,5,50,IVQ,ordinal,26,0.0,,0.0,0.051418608310220645,0.051418608310220645,48,0,,,,,,raw,lora_intervention/experiments/gemma_results/behavioral/results.json,cell K5N50; condition key base_plain
03_prompt_format,gemma-3-4b-it,Gemma-3,False,base,arbitrary_single,plain,5,50,IVQ,ordinal,28,0.0,,0.0,0.051418608310220645,0.051418608310220645,48,0,,,,,,raw,lora_intervention/experiments/gemma_results/behavioral/results.json,cell K5N50; condition key base_plain
03_prompt_format,gemma-3-4b-it,Gemma-3,False,base,arbitrary_single,plain,5,50,IVQ,ordinal,30,0.0,,0.0,0.051418608310220645,0.051418608310220645,48,0,,,,,,raw,lora_intervention/experiments/gemma_results/behavioral/results.json,cell K5N50; condition key base_plain
03_prompt_format,gemma-3-4b-it,Gemma-3,False,base,arbitrary_single,plain,5,50,IVQ,ordinal,32,0.0,,0.0,0.051418608310220645,0.051418608310220645,48,0,,,,,,raw,lora_intervention/experiments/gemma_results/behavioral/results.json,cell K5N50; condition key base_plain
03_prompt_format,gemma-3-4b-it,Gemma-3,False,base,arbitrary_single,plain,5,50,IVQ,ordinal,34,0.0,,0.0,0.051418608310220645,0.051418608310220645,48,0,,,,,,raw,lora_intervention/experiments/gemma_results/behavioral/results.json,cell K5N50; condition key base_plain
03_prompt_format,gemma-3-4b-it,Gemma-3,False,base,arbitrary_single,plain,5,50,IVQ,ordinal,36,0.020833333333333332,,0.0,0.0836010255666804,0.06276769223334708,48,1,,,,,,raw,lora_intervention/experiments/gemma_results/behavioral/results.json,cell K5N50; condition key base_plain
03_prompt_format,gemma-3-4b-it,Gemma-3,False,base,arbitrary_single,plain,5,50,IVQ,ordinal,38,0.0,,0.0,0.051418608310220645,0.051418608310220645,48,0,,,,,,raw,lora_intervention/experiments/gemma_results/behavioral/results.json,cell K5N50; condition key base_plain
03_prompt_format,gemma-3-4b-it,Gemma-3,False,base,arbitrary_single,plain,5,50,IVQ,ordinal,40,0.0,,0.0,0.051418608310220645,0.051418608310220645,48,0,,,,,,raw,lora_intervention/experiments/gemma_results/behavioral/results.json,cell K5N50; condition key base_plain
03_prompt_format,gemma-3-4b-it,Gemma-3,False,base,arbitrary_single,plain,5,50,IVQ,ordinal,42,0.0,,0.0,0.051418608310220645,0.051418608310220645,48,0,,,,,,raw,lora_intervention/experiments/gemma_results/behavioral/results.json,cell K5N50; condition key base_plain
03_prompt_format,gemma-3-4b-it,Gemma-3,False,base,arbitrary_single,plain,5,50,IVQ,ordinal,44,0.0,,0.0,0.051418608310220645,0.051418608310220645,48,0,,,,,,raw,lora_intervention/experiments/gemma_results/behavioral/results.json,cell K5N50; condition key base_plain
03_prompt_format,gemma-3-4b-it,Gemma-3,False,base,arbitrary_single,plain,5,50,IVQ,ordinal,46,0.0,,0.0,0.051418608310220645,0.051418608310220645,48,0,,,,,,raw,lora_intervention/experiments/gemma_results/behavioral/results.json,cell K5N50; condition key base_plain
03_prompt_format,gemma-3-4b-it,Gemma-3,False,base,arbitrary_single,plain,5,50,IVQ,ordinal,48,0.020833333333333332,,0.0,0.0836010255666804,0.06276769223334708,48,1,,,,,,raw,lora_intervention/experiments/gemma_results/behavioral/results.json,cell K5N50; condition key base_plain
03_prompt_format,gemma-3-4b-it,Gemma-3,False,base,arbitrary_single,plain,5,50,CVQ,semantic,50,0.578125,,0.5089232044123866,0.6473267955876134,0.06920179558761336,192,111,,,,,,raw,lora_intervention/experiments/gemma_results/behavioral/results.json,cell K5N50; condition key base_plain
03_prompt_format,gemma-3-4b-it,Gemma-3,False,base,arbitrary_single,plain,5,75,FVQ,ordinal,1,0.96875,,0.9132209307514648,1.0,0.05552906924853514,64,62,,,,,,raw,lora_intervention/experiments/gemma_results/behavioral/results.json,cell K5N75; condition key base_plain
03_prompt_format,gemma-3-4b-it,Gemma-3,False,base,arbitrary_single,plain,5,75,IVQ,ordinal,2,0.4010416666666667,,0.3323442703894975,0.4697390629438359,0.0686973962771692,192,77,,,,,,raw,lora_intervention/experiments/gemma_results/behavioral/results.json,cell K5N75; condition key base_plain
03_prompt_format,gemma-3-4b-it,Gemma-3,False,base,arbitrary_single,plain,5,75,IVQ,ordinal,4,0.0,,0.0,0.051418608310220645,0.051418608310220645,48,0,,,,,,raw,lora_intervention/experiments/gemma_results/behavioral/results.json,cell K5N75; condition key base_plain
03_prompt_format,gemma-3-4b-it,Gemma-3,False,base,arbitrary_single,plain,5,75,IVQ,ordinal,6,0.0,,0.0,0.051418608310220645,0.051418608310220645,48,0,,,,,,raw,lora_intervention/experiments/gemma_results/behavioral/results.json,cell K5N75; condition key base_plain
03_prompt_format,gemma-3-4b-it,Gemma-3,False,base,arbitrary_single,plain,5,75,IVQ,ordinal,8,0.0,,0.0,0.051418608310220645,0.051418608310220645,48,0,,,,,,raw,lora_intervention/experiments/gemma_results/behavioral/results.json,cell K5N75; condition key base_plain
03_prompt_format,gemma-3-4b-it,Gemma-3,False,base,arbitrary_single,plain,5,75,IVQ,ordinal,10,0.0,,0.0,0.051418608310220645,0.051418608310220645,48,0,,,,,,raw,lora_intervention/experiments/gemma_results/behavioral/results.json,cell K5N75; condition key base_plain
03_prompt_format,gemma-3-4b-it,Gemma-3,False,base,arbitrary_single,plain,5,75,IVQ,ordinal,12,0.0,,0.0,0.051418608310220645,0.051418608310220645,48,0,,,,,,raw,lora_intervention/experiments/gemma_results/behavioral/results.json,cell K5N75; condition key base_plain
03_prompt_format,gemma-3-4b-it,Gemma-3,False,base,arbitrary_single,plain,5,75,IVQ,ordinal,14,0.0,,0.0,0.051418608310220645,0.051418608310220645,48,0,,,,,,raw,lora_intervention/experiments/gemma_results/behavioral/results.json,cell K5N75; condition key base_plain
03_prompt_format,gemma-3-4b-it,Gemma-3,False,base,arbitrary_single,plain,5,75,IVQ,ordinal,16,0.0,,0.0,0.051418608310220645,0.051418608310220645,48,0,,,,,,raw,lora_intervention/experiments/gemma_results/behavioral/results.json,cell K5N75; condition key base_plain
03_prompt_format,gemma-3-4b-it,Gemma-3,False,base,arbitrary_single,plain,5,75,IVQ,ordinal,18,0.0,,0.0,0.051418608310220645,0.051418608310220645,48,0,,,,,,raw,lora_intervention/experiments/gemma_results/behavioral/results.json,cell K5N75; condition key base_plain
03_prompt_format,gemma-3-4b-it,Gemma-3,False,base,arbitrary_single,plain,5,75,IVQ,ordinal,20,0.0,,0.0,0.051418608310220645,0.051418608310220645,48,0,,,,,,raw,lora_intervention/experiments/gemma_results/behavioral/results.json,cell K5N75; condition key base_plain
03_prompt_format,gemma-3-4b-it,Gemma-3,False,base,arbitrary_single,plain,5,75,IVQ,ordinal,22,0.020833333333333332,,0.0,0.0836010255666804,0.06276769223334708,48,1,,,,,,raw,lora_intervention/experiments/gemma_results/behavioral/results.json,cell K5N75; condition key base_plain
03_prompt_format,gemma-3-4b-it,Gemma-3,False,base,arbitrary_single,plain,5,75,IVQ,ordinal,24,0.020833333333333332,,0.0,0.0836010255666804,0.06276769223334708,48,1,,,,,,raw,lora_intervention/experiments/gemma_results/behavioral/results.json,cell K5N75; condition key base_plain
03_prompt_format,gemma-3-4b-it,Gemma-3,False,base,arbitrary_single,plain,5,75,IVQ,ordinal,26,0.0,,0.0,0.051418608310220645,0.051418608310220645,48,0,,,,,,raw,lora_intervention/experiments/gemma_results/behavioral/results.json,cell K5N75; condition key base_plain
03_prompt_format,gemma-3-4b-it,Gemma-3,False,base,arbitrary_single,plain,5,75,IVQ,ordinal,28,0.0,,0.0,0.051418608310220645,0.051418608310220645,48,0,,,,,,raw,lora_intervention/experiments/gemma_results/behavioral/results.json,cell K5N75; condition key base_plain
03_prompt_format,gemma-3-4b-it,Gemma-3,False,base,arbitrary_single,plain,5,75,IVQ,ordinal,30,0.0,,0.0,0.051418608310220645,0.051418608310220645,48,0,,,,,,raw,lora_intervention/experiments/gemma_results/behavioral/results.json,cell K5N75; condition key base_plain
03_prompt_format,gemma-3-4b-it,Gemma-3,False,base,arbitrary_single,plain,5,75,IVQ,ordinal,32,0.0,,0.0,0.051418608310220645,0.051418608310220645,48,0,,,,,,raw,lora_intervention/experiments/gemma_results/behavioral/results.json,cell K5N75; condition key base_plain
03_prompt_format,gemma-3-4b-it,Gemma-3,False,base,arbitrary_single,plain,5,75,IVQ,ordinal,34,0.020833333333333332,,0.0,0.0836010255666804,0.06276769223334708,48,1,,,,,,raw,lora_intervention/experiments/gemma_results/behavioral/results.json,cell K5N75; condition key base_plain
03_prompt_format,gemma-3-4b-it,Gemma-3,False,base,arbitrary_single,plain,5,75,IVQ,ordinal,36,0.0,,0.0,0.051418608310220645,0.051418608310220645,48,0,,,,,,raw,lora_intervention/experiments/gemma_results/behavioral/results.json,cell K5N75; condition key base_plain
03_prompt_format,gemma-3-4b-it,Gemma-3,False,base,arbitrary_single,plain,5,75,IVQ,ordinal,38,0.0,,0.0,0.051418608310220645,0.051418608310220645,48,0,,,,,,raw,lora_intervention/experiments/gemma_results/behavioral/results.json,cell K5N75; condition key base_plain
03_prompt_format,gemma-3-4b-it,Gemma-3,False,base,arbitrary_single,plain,5,75,IVQ,ordinal,40,0.020833333333333332,,0.0,0.0836010255666804,0.06276769223334708,48,1,,,,,,raw,lora_intervention/experiments/gemma_results/behavioral/results.json,cell K5N75; condition key base_plain
03_prompt_format,gemma-3-4b-it,Gemma-3,False,base,arbitrary_single,plain,5,75,IVQ,ordinal,42,0.0,,0.0,0.051418608310220645,0.051418608310220645,48,0,,,,,,raw,lora_intervention/experiments/gemma_results/behavioral/results.json,cell K5N75; condition key base_plain
03_prompt_format,gemma-3-4b-it,Gemma-3,False,base,arbitrary_single,plain,5,75,IVQ,ordinal,44,0.0,,0.0,0.051418608310220645,0.051418608310220645,48,0,,,,,,raw,lora_intervention/experiments/gemma_results/behavioral/results.json,cell K5N75; condition key base_plain
03_prompt_format,gemma-3-4b-it,Gemma-3,False,base,arbitrary_single,plain,5,75,IVQ,ordinal,46,0.0,,0.0,0.051418608310220645,0.051418608310220645,48,0,,,,,,raw,lora_intervention/experiments/gemma_results/behavioral/results.json,cell K5N75; condition key base_plain
03_prompt_format,gemma-3-4b-it,Gemma-3,False,base,arbitrary_single,plain,5,75,IVQ,ordinal,48,0.0,,0.0,0.051418608310220645,0.051418608310220645,48,0,,,,,,raw,lora_intervention/experiments/gemma_results/behavioral/results.json,cell K5N75; condition key base_plain
03_prompt_format,gemma-3-4b-it,Gemma-3,False,base,arbitrary_single,plain,5,75,IVQ,ordinal,50,0.0,,0.0,0.051418608310220645,0.051418608310220645,48,0,,,,,,raw,lora_intervention/experiments/gemma_results/behavioral/results.json,cell K5N75; condition key base_plain
03_prompt_format,gemma-3-4b-it,Gemma-3,False,base,arbitrary_single,plain,5,75,IVQ,ordinal,52,0.0,,0.0,0.051418608310220645,0.051418608310220645,48,0,,,,,,raw,lora_intervention/experiments/gemma_results/behavioral/results.json,cell K5N75; condition key base_plain
03_prompt_format,gemma-3-4b-it,Gemma-3,False,base,arbitrary_single,plain,5,75,IVQ,ordinal,54,0.0,,0.0,0.051418608310220645,0.051418608310220645,48,0,,,,,,raw,lora_intervention/experiments/gemma_results/behavioral/results.json,cell K5N75; condition key base_plain
03_prompt_format,gemma-3-4b-it,Gemma-3,False,base,arbitrary_single,plain,5,75,IVQ,ordinal,56,0.0,,0.0,0.051418608310220645,0.051418608310220645,48,0,,,,,,raw,lora_intervention/experiments/gemma_results/behavioral/results.json,cell K5N75; condition key base_plain
03_prompt_format,gemma-3-4b-it,Gemma-3,False,base,arbitrary_single,plain,5,75,IVQ,ordinal,58,0.020833333333333332,,0.0,0.0836010255666804,0.06276769223334708,48,1,,,,,,raw,lora_intervention/experiments/gemma_results/behavioral/results.json,cell K5N75; condition key base_plain
03_prompt_format,gemma-3-4b-it,Gemma-3,False,base,arbitrary_single,plain,5,75,IVQ,ordinal,60,0.0,,0.0,0.051418608310220645,0.051418608310220645,48,0,,,,,,raw,lora_intervention/experiments/gemma_results/behavioral/results.json,cell K5N75; condition key base_plain
03_prompt_format,gemma-3-4b-it,Gemma-3,False,base,arbitrary_single,plain,5,75,IVQ,ordinal,62,0.0,,0.0,0.051418608310220645,0.051418608310220645,48,0,,,,,,raw,lora_intervention/experiments/gemma_results/behavioral/results.json,cell K5N75; condition key base_plain
03_prompt_format,gemma-3-4b-it,Gemma-3,False,base,arbitrary_single,plain,5,75,IVQ,ordinal,64,0.0,,0.0,0.051418608310220645,0.051418608310220645,48,0,,,,,,raw,lora_intervention/experiments/gemma_results/behavioral/results.json,cell K5N75; condition key base_plain
03_prompt_format,gemma-3-4b-it,Gemma-3,False,base,arbitrary_single,plain,5,75,IVQ,ordinal,66,0.0,,0.0,0.051418608310220645,0.051418608310220645,48,0,,,,,,raw,lora_intervention/experiments/gemma_results/behavioral/results.json,cell K5N75; condition key base_plain
03_prompt_format,gemma-3-4b-it,Gemma-3,False,base,arbitrary_single,plain,5,75,IVQ,ordinal,68,0.0,,0.0,0.051418608310220645,0.051418608310220645,48,0,,,,,,raw,lora_intervention/experiments/gemma_results/behavioral/results.json,cell K5N75; condition key base_plain
03_prompt_format,gemma-3-4b-it,Gemma-3,False,base,arbitrary_single,plain,5,75,IVQ,ordinal,70,0.0,,0.0,0.051418608310220645,0.051418608310220645,48,0,,,,,,raw,lora_intervention/experiments/gemma_results/behavioral/results.json,cell K5N75; condition key base_plain
03_prompt_format,gemma-3-4b-it,Gemma-3,False,base,arbitrary_single,plain,5,75,IVQ,ordinal,72,0.0,,0.0,0.051418608310220645,0.051418608310220645,48,0,,,,,,raw,lora_intervention/experiments/gemma_results/behavioral/results.json,cell K5N75; condition key base_plain
03_prompt_format,gemma-3-4b-it,Gemma-3,False,base,arbitrary_single,plain,5,75,IVQ,ordinal,74,0.046875,,0.0,0.1085951429654443,0.0617201429654443,64,3,,,,,,raw,lora_intervention/experiments/gemma_results/behavioral/results.json,cell K5N75; condition key base_plain
03_prompt_format,gemma-3-4b-it,Gemma-3,False,base,arbitrary_single,plain,5,75,CVQ,semantic,75,0.4270833333333333,,0.3577744568345022,0.4963922098321644,0.0693088764988311,192,82,,,,,,raw,lora_intervention/experiments/gemma_results/behavioral/results.json,cell K5N75; condition key base_plain
03_prompt_format,gemma-3-4b-it,Gemma-3,False,base,arbitrary_single,plain,10,25,FVQ,ordinal,1,0.9791666666666666,,0.9163989744333195,1.0,0.06276769223334708,48,47,,,,,,raw,lora_intervention/experiments/gemma_results/behavioral/results.json,cell K10N25; condition key base_plain
03_prompt_format,gemma-3-4b-it,Gemma-3,False,base,arbitrary_single,plain,10,25,IVQ,ordinal,2,0.32954545454545453,,0.2606553419105204,0.39843556718038864,0.06889011263493411,176,58,,,,,,raw,lora_intervention/experiments/gemma_results/behavioral/results.json,cell K10N25; condition key base_plain
03_prompt_format,gemma-3-4b-it,Gemma-3,False,base,arbitrary_single,plain,10,25,IVQ,ordinal,3,0.020833333333333332,,0.0,0.0836010255666804,0.06276769223334708,48,1,,,,,,raw,lora_intervention/experiments/gemma_results/behavioral/results.json,cell K10N25; condition key base_plain
03_prompt_format,gemma-3-4b-it,Gemma-3,False,base,arbitrary_single,plain,10,25,IVQ,ordinal,4,0.0,,0.0,0.051418608310220645,0.051418608310220645,48,0,,,,,,raw,lora_intervention/experiments/gemma_results/behavioral/results.json,cell K10N25; condition key base_plain
03_prompt_format,gemma-3-4b-it,Gemma-3,False,base,arbitrary_single,plain,10,25,IVQ,ordinal,5,0.0,,0.0,0.051418608310220645,0.051418608310220645,48,0,,,,,,raw,lora_intervention/experiments/gemma_results/behavioral/results.json,cell K10N25; condition key base_plain
03_prompt_format,gemma-3-4b-it,Gemma-3,False,base,arbitrary_single,plain,10,25,IVQ,ordinal,6,0.0,,0.0,0.051418608310220645,0.051418608310220645,48,0,,,,,,raw,lora_intervention/experiments/gemma_results/behavioral/results.json,cell K10N25; condition key base_plain
03_prompt_format,gemma-3-4b-it,Gemma-3,False,base,arbitrary_single,plain,10,25,IVQ,ordinal,7,0.0,,0.0,0.051418608310220645,0.051418608310220645,48,0,,,,,,raw,lora_intervention/experiments/gemma_results/behavioral/results.json,cell K10N25; condition key base_plain
03_prompt_format,gemma-3-4b-it,Gemma-3,False,base,arbitrary_single,plain,10,25,IVQ,ordinal,8,0.0,,0.0,0.051418608310220645,0.051418608310220645,48,0,,,,,,raw,lora_intervention/experiments/gemma_results/behavioral/results.json,cell K10N25; condition key base_plain
03_prompt_format,gemma-3-4b-it,Gemma-3,False,base,arbitrary_single,plain,10,25,IVQ,ordinal,9,0.0,,0.0,0.051418608310220645,0.051418608310220645,48,0,,,,,,raw,lora_intervention/experiments/gemma_results/behavioral/results.json,cell K10N25; condition key base_plain
03_prompt_format,gemma-3-4b-it,Gemma-3,False,base,arbitrary_single,plain,10,25,IVQ,ordinal,10,0.0,,0.0,0.051418608310220645,0.051418608310220645,48,0,,,,,,raw,lora_intervention/experiments/gemma_results/behavioral/results.json,cell K10N25; condition key base_plain
03_prompt_format,gemma-3-4b-it,Gemma-3,False,base,arbitrary_single,plain,10,25,IVQ,ordinal,11,0.0,,0.0,0.051418608310220645,0.051418608310220645,48,0,,,,,,raw,lora_intervention/experiments/gemma_results/behavioral/results.json,cell K10N25; condition key base_plain
03_prompt_format,gemma-3-4b-it,Gemma-3,False,base,arbitrary_single,plain,10,25,IVQ,ordinal,12,0.0,,0.0,0.051418608310220645,0.051418608310220645,48,0,,,,,,raw,lora_intervention/experiments/gemma_results/behavioral/results.json,cell K10N25; condition key base_plain
03_prompt_format,gemma-3-4b-it,Gemma-3,False,base,arbitrary_single,plain,10,25,IVQ,ordinal,13,0.0,,0.0,0.051418608310220645,0.051418608310220645,48,0,,,,,,raw,lora_intervention/experiments/gemma_results/behavioral/results.json,cell K10N25; condition key base_plain
03_prompt_format,gemma-3-4b-it,Gemma-3,False,base,arbitrary_single,plain,10,25,IVQ,ordinal,14,0.020833333333333332,,0.0,0.0836010255666804,0.06276769223334708,48,1,,,,,,raw,lora_intervention/experiments/gemma_results/behavioral/results.json,cell K10N25; condition key base_plain
03_prompt_format,gemma-3-4b-it,Gemma-3,False,base,arbitrary_single,plain,10,25,IVQ,ordinal,15,0.0,,0.0,0.051418608310220645,0.051418608310220645,48,0,,,,,,raw,lora_intervention/experiments/gemma_results/behavioral/results.json,cell K10N25; condition key base_plain
03_prompt_format,gemma-3-4b-it,Gemma-3,False,base,arbitrary_single,plain,10,25,IVQ,ordinal,16,0.0,,0.0,0.051418608310220645,0.051418608310220645,48,0,,,,,,raw,lora_intervention/experiments/gemma_results/behavioral/results.json,cell K10N25; condition key base_plain
03_prompt_format,gemma-3-4b-it,Gemma-3,False,base,arbitrary_single,plain,10,25,IVQ,ordinal,17,0.0,,0.0,0.051418608310220645,0.051418608310220645,48,0,,,,,,raw,lora_intervention/experiments/gemma_results/behavioral/results.json,cell K10N25; condition key base_plain
03_prompt_format,gemma-3-4b-it,Gemma-3,False,base,arbitrary_single,plain,10,25,IVQ,ordinal,18,0.0,,0.0,0.051418608310220645,0.051418608310220645,48,0,,,,,,raw,lora_intervention/experiments/gemma_results/behavioral/results.json,cell K10N25; condition key base_plain
03_prompt_format,gemma-3-4b-it,Gemma-3,False,base,arbitrary_single,plain,10,25,IVQ,ordinal,19,0.0,,0.0,0.051418608310220645,0.051418608310220645,48,0,,,,,,raw,lora_intervention/experiments/gemma_results/behavioral/results.json,cell K10N25; condition key base_plain
03_prompt_format,gemma-3-4b-it,Gemma-3,False,base,arbitrary_single,plain,10,25,IVQ,ordinal,20,0.0,,0.0,0.051418608310220645,0.051418608310220645,48,0,,,,,,raw,lora_intervention/experiments/gemma_results/behavioral/results.json,cell K10N25; condition key base_plain
03_prompt_format,gemma-3-4b-it,Gemma-3,False,base,arbitrary_single,plain,10,25,IVQ,ordinal,21,0.0,,0.0,0.051418608310220645,0.051418608310220645,48,0,,,,,,raw,lora_intervention/experiments/gemma_results/behavioral/results.json,cell K10N25; condition key base_plain
03_prompt_format,gemma-3-4b-it,Gemma-3,False,base,arbitrary_single,plain,10,25,IVQ,ordinal,22,0.0,,0.0,0.051418608310220645,0.051418608310220645,48,0,,,,,,raw,lora_intervention/experiments/gemma_results/behavioral/results.json,cell K10N25; condition key base_plain
03_prompt_format,gemma-3-4b-it,Gemma-3,False,base,arbitrary_single,plain,10,25,IVQ,ordinal,23,0.020833333333333332,,0.0,0.0836010255666804,0.06276769223334708,48,1,,,,,,raw,lora_intervention/experiments/gemma_results/behavioral/results.json,cell K10N25; condition key base_plain
03_prompt_format,gemma-3-4b-it,Gemma-3,False,base,arbitrary_single,plain,10,25,IVQ,ordinal,24,0.020833333333333332,,0.0,0.0836010255666804,0.06276769223334708,48,1,,,,,,raw,lora_intervention/experiments/gemma_results/behavioral/results.json,cell K10N25; condition key base_plain
03_prompt_format,gemma-3-4b-it,Gemma-3,False,base,arbitrary_single,plain,10,25,CVQ,semantic,25,0.4427083333333333,,0.37312328758604685,0.5122933790806198,0.0695850457472865,192,85,,,,,,raw,lora_intervention/experiments/gemma_results/behavioral/results.json,cell K10N25; condition key base_plain
03_prompt_format,gemma-3-4b-it,Gemma-3,False,base,arbitrary_single,plain,10,50,FVQ,semantic,first,0.93,,,,,100,,,,,,,raw,lora_intervention/experiments/gemma_results/block/results_K10N50.json,behavioural accuracy only; per-layer P(v_last) / P(v_first) curves remain in the source file
03_prompt_format,gemma-3-4b-it,Gemma-3,False,base,arbitrary_single,plain,10,50,FVQ,ordinal,1,0.9,,0.8308609494456025,0.9691390505543975,0.06913905055439752,80,72,,,,,,raw,lora_intervention/experiments/gemma_results/behavioral/results.json,cell K10N50; condition key base_plain
03_prompt_format,gemma-3-4b-it,Gemma-3,False,base,arbitrary_single,plain,10,50,IVQ,ordinal,2,0.2222222222222222,,0.1544431458297046,0.29000129861473983,0.06777907639251761,144,32,,,,,,raw,lora_intervention/experiments/gemma_results/behavioral/results.json,cell K10N50; condition key base_plain
03_prompt_format,gemma-3-4b-it,Gemma-3,False,base,arbitrary_single,plain,10,50,IVQ,ordinal,3,0.0,,0.0,0.051418608310220645,0.051418608310220645,48,0,,,,,,raw,lora_intervention/experiments/gemma_results/behavioral/results.json,cell K10N50; condition key base_plain
03_prompt_format,gemma-3-4b-it,Gemma-3,False,base,arbitrary_single,plain,10,50,IVQ,ordinal,4,0.020833333333333332,,0.0,0.0836010255666804,0.06276769223334708,48,1,,,,,,raw,lora_intervention/experiments/gemma_results/behavioral/results.json,cell K10N50; condition key base_plain
03_prompt_format,gemma-3-4b-it,Gemma-3,False,base,arbitrary_single,plain,10,50,IVQ,ordinal,5,0.0,,0.0,0.051418608310220645,0.051418608310220645,48,0,,,,,,raw,lora_intervention/experiments/gemma_results/behavioral/results.json,cell K10N50; condition key base_plain
03_prompt_format,gemma-3-4b-it,Gemma-3,False,base,arbitrary_single,plain,10,50,IVQ,ordinal,6,0.0,,0.0,0.051418608310220645,0.051418608310220645,48,0,,,,,,raw,lora_intervention/experiments/gemma_results/behavioral/results.json,cell K10N50; condition key base_plain
03_prompt_format,gemma-3-4b-it,Gemma-3,False,base,arbitrary_single,plain,10,50,IVQ,ordinal,7,0.0,,0.0,0.051418608310220645,0.051418608310220645,48,0,,,,,,raw,lora_intervention/experiments/gemma_results/behavioral/results.json,cell K10N50; condition key base_plain
03_prompt_format,gemma-3-4b-it,Gemma-3,False,base,arbitrary_single,plain,10,50,IVQ,ordinal,8,0.0,,0.0,0.051418608310220645,0.051418608310220645,48,0,,,,,,raw,lora_intervention/experiments/gemma_results/behavioral/results.json,cell K10N50; condition key base_plain
03_prompt_format,gemma-3-4b-it,Gemma-3,False,base,arbitrary_single,plain,10,50,IVQ,ordinal,9,0.0,,0.0,0.051418608310220645,0.051418608310220645,48,0,,,,,,raw,lora_intervention/experiments/gemma_results/behavioral/results.json,cell K10N50; condition key base_plain
03_prompt_format,gemma-3-4b-it,Gemma-3,False,base,arbitrary_single,plain,10,50,IVQ,ordinal,10,0.0,,0.0,0.051418608310220645,0.051418608310220645,48,0,,,,,,raw,lora_intervention/experiments/gemma_results/behavioral/results.json,cell K10N50; condition key base_plain
03_prompt_format,gemma-3-4b-it,Gemma-3,False,base,arbitrary_single,plain,10,50,IVQ,ordinal,11,0.0,,0.0,0.051418608310220645,0.051418608310220645,48,0,,,,,,raw,lora_intervention/experiments/gemma_results/behavioral/results.json,cell K10N50; condition key base_plain
03_prompt_format,gemma-3-4b-it,Gemma-3,False,base,arbitrary_single,plain,10,50,IVQ,ordinal,12,0.0,,0.0,0.051418608310220645,0.051418608310220645,48,0,,,,,,raw,lora_intervention/experiments/gemma_results/behavioral/results.json,cell K10N50; condition key base_plain
03_prompt_format,gemma-3-4b-it,Gemma-3,False,base,arbitrary_single,plain,10,50,IVQ,ordinal,13,0.0,,0.0,0.051418608310220645,0.051418608310220645,48,0,,,,,,raw,lora_intervention/experiments/gemma_results/behavioral/results.json,cell K10N50; condition key base_plain
03_prompt_format,gemma-3-4b-it,Gemma-3,False,base,arbitrary_single,plain,10,50,IVQ,ordinal,14,0.0,,0.0,0.051418608310220645,0.051418608310220645,48,0,,,,,,raw,lora_intervention/experiments/gemma_results/behavioral/results.json,cell K10N50; condition key base_plain
03_prompt_format,gemma-3-4b-it,Gemma-3,False,base,arbitrary_single,plain,10,50,IVQ,ordinal,15,0.0,,0.0,0.051418608310220645,0.051418608310220645,48,0,,,,,,raw,lora_intervention/experiments/gemma_results/behavioral/results.json,cell K10N50; condition key base_plain
03_prompt_format,gemma-3-4b-it,Gemma-3,False,base,arbitrary_single,plain,10,50,IVQ,ordinal,16,0.0,,0.0,0.051418608310220645,0.051418608310220645,48,0,,,,,,raw,lora_intervention/experiments/gemma_results/behavioral/results.json,cell K10N50; condition key base_plain
03_prompt_format,gemma-3-4b-it,Gemma-3,False,base,arbitrary_single,plain,10,50,IVQ,ordinal,17,0.0,,0.0,0.051418608310220645,0.051418608310220645,48,0,,,,,,raw,lora_intervention/experiments/gemma_results/behavioral/results.json,cell K10N50; condition key base_plain
03_prompt_format,gemma-3-4b-it,Gemma-3,False,base,arbitrary_single,plain,10,50,IVQ,ordinal,18,0.0,,0.0,0.051418608310220645,0.051418608310220645,48,0,,,,,,raw,lora_intervention/experiments/gemma_results/behavioral/results.json,cell K10N50; condition key base_plain
03_prompt_format,gemma-3-4b-it,Gemma-3,False,base,arbitrary_single,plain,10,50,IVQ,ordinal,19,0.0,,0.0,0.051418608310220645,0.051418608310220645,48,0,,,,,,raw,lora_intervention/experiments/gemma_results/behavioral/results.json,cell K10N50; condition key base_plain
03_prompt_format,gemma-3-4b-it,Gemma-3,False,base,arbitrary_single,plain,10,50,IVQ,ordinal,20,0.020833333333333332,,0.0,0.0836010255666804,0.06276769223334708,48,1,,,,,,raw,lora_intervention/experiments/gemma_results/behavioral/results.json,cell K10N50; condition key base_plain
03_prompt_format,gemma-3-4b-it,Gemma-3,False,base,arbitrary_single,plain,10,50,IVQ,ordinal,21,0.020833333333333332,,0.0,0.0836010255666804,0.06276769223334708,48,1,,,,,,raw,lora_intervention/experiments/gemma_results/behavioral/results.json,cell K10N50; condition key base_plain
03_prompt_format,gemma-3-4b-it,Gemma-3,False,base,arbitrary_single,plain,10,50,IVQ,ordinal,22,0.020833333333333332,,0.0,0.0836010255666804,0.06276769223334708,48,1,,,,,,raw,lora_intervention/experiments/gemma_results/behavioral/results.json,cell K10N50; condition key base_plain
03_prompt_format,gemma-3-4b-it,Gemma-3,False,base,arbitrary_single,plain,10,50,IVQ,ordinal,23,0.0,,0.0,0.051418608310220645,0.051418608310220645,48,0,,,,,,raw,lora_intervention/experiments/gemma_results/behavioral/results.json,cell K10N50; condition key base_plain
03_prompt_format,gemma-3-4b-it,Gemma-3,False,base,arbitrary_single,plain,10,50,IVQ,ordinal,24,0.0,,0.0,0.051418608310220645,0.051418608310220645,48,0,,,,,,raw,lora_intervention/experiments/gemma_results/behavioral/results.json,cell K10N50; condition key base_plain
03_prompt_format,gemma-3-4b-it,Gemma-3,False,base,arbitrary_single,plain,10,50,IVQ,ordinal,25,0.0,,0.0,0.051418608310220645,0.051418608310220645,48,0,,,,,,raw,lora_intervention/experiments/gemma_results/behavioral/results.json,cell K10N50; condition key base_plain
03_prompt_format,gemma-3-4b-it,Gemma-3,False,base,arbitrary_single,plain,10,50,IVQ,ordinal,26,0.0,,0.0,0.051418608310220645,0.051418608310220645,48,0,,,,,,raw,lora_intervention/experiments/gemma_results/behavioral/results.json,cell K10N50; condition key base_plain
03_prompt_format,gemma-3-4b-it,Gemma-3,False,base,arbitrary_single,plain,10,50,IVQ,ordinal,27,0.0,,0.0,0.051418608310220645,0.051418608310220645,48,0,,,,,,raw,lora_intervention/experiments/gemma_results/behavioral/results.json,cell K10N50; condition key base_plain
03_prompt_format,gemma-3-4b-it,Gemma-3,False,base,arbitrary_single,plain,10,50,IVQ,ordinal,28,0.0,,0.0,0.051418608310220645,0.051418608310220645,48,0,,,,,,raw,lora_intervention/experiments/gemma_results/behavioral/results.json,cell K10N50; condition key base_plain
03_prompt_format,gemma-3-4b-it,Gemma-3,False,base,arbitrary_single,plain,10,50,IVQ,ordinal,29,0.0,,0.0,0.051418608310220645,0.051418608310220645,48,0,,,,,,raw,lora_intervention/experiments/gemma_results/behavioral/results.json,cell K10N50; condition key base_plain
03_prompt_format,gemma-3-4b-it,Gemma-3,False,base,arbitrary_single,plain,10,50,IVQ,ordinal,30,0.0,,0.0,0.051418608310220645,0.051418608310220645,48,0,,,,,,raw,lora_intervention/experiments/gemma_results/behavioral/results.json,cell K10N50; condition key base_plain
03_prompt_format,gemma-3-4b-it,Gemma-3,False,base,arbitrary_single,plain,10,50,IVQ,ordinal,31,0.0,,0.0,0.051418608310220645,0.051418608310220645,48,0,,,,,,raw,lora_intervention/experiments/gemma_results/behavioral/results.json,cell K10N50; condition key base_plain
03_prompt_format,gemma-3-4b-it,Gemma-3,False,base,arbitrary_single,plain,10,50,IVQ,ordinal,32,0.020833333333333332,,0.0,0.0836010255666804,0.06276769223334708,48,1,,,,,,raw,lora_intervention/experiments/gemma_results/behavioral/results.json,cell K10N50; condition key base_plain
03_prompt_format,gemma-3-4b-it,Gemma-3,False,base,arbitrary_single,plain,10,50,IVQ,ordinal,33,0.0,,0.0,0.051418608310220645,0.051418608310220645,48,0,,,,,,raw,lora_intervention/experiments/gemma_results/behavioral/results.json,cell K10N50; condition key base_plain
03_prompt_format,gemma-3-4b-it,Gemma-3,False,base,arbitrary_single,plain,10,50,IVQ,ordinal,34,0.0,,0.0,0.051418608310220645,0.051418608310220645,48,0,,,,,,raw,lora_intervention/experiments/gemma_results/behavioral/results.json,cell K10N50; condition key base_plain
03_prompt_format,gemma-3-4b-it,Gemma-3,False,base,arbitrary_single,plain,10,50,IVQ,ordinal,35,0.0,,0.0,0.051418608310220645,0.051418608310220645,48,0,,,,,,raw,lora_intervention/experiments/gemma_results/behavioral/results.json,cell K10N50; condition key base_plain
03_prompt_format,gemma-3-4b-it,Gemma-3,False,base,arbitrary_single,plain,10,50,IVQ,ordinal,36,0.0,,0.0,0.051418608310220645,0.051418608310220645,48,0,,,,,,raw,lora_intervention/experiments/gemma_results/behavioral/results.json,cell K10N50; condition key base_plain
03_prompt_format,gemma-3-4b-it,Gemma-3,False,base,arbitrary_single,plain,10,50,IVQ,ordinal,37,0.0,,0.0,0.051418608310220645,0.051418608310220645,48,0,,,,,,raw,lora_intervention/experiments/gemma_results/behavioral/results.json,cell K10N50; condition key base_plain
03_prompt_format,gemma-3-4b-it,Gemma-3,False,base,arbitrary_single,plain,10,50,IVQ,ordinal,38,0.0,,0.0,0.051418608310220645,0.051418608310220645,48,0,,,,,,raw,lora_intervention/experiments/gemma_results/behavioral/results.json,cell K10N50; condition key base_plain
03_prompt_format,gemma-3-4b-it,Gemma-3,False,base,arbitrary_single,plain,10,50,IVQ,ordinal,39,0.0,,0.0,0.051418608310220645,0.051418608310220645,48,0,,,,,,raw,lora_intervention/experiments/gemma_results/behavioral/results.json,cell K10N50; condition key base_plain
03_prompt_format,gemma-3-4b-it,Gemma-3,False,base,arbitrary_single,plain,10,50,IVQ,ordinal,40,0.0,,0.0,0.051418608310220645,0.051418608310220645,48,0,,,,,,raw,lora_intervention/experiments/gemma_results/behavioral/results.json,cell K10N50; condition key base_plain
03_prompt_format,gemma-3-4b-it,Gemma-3,False,base,arbitrary_single,plain,10,50,IVQ,ordinal,41,0.0,,0.0,0.051418608310220645,0.051418608310220645,48,0,,,,,,raw,lora_intervention/experiments/gemma_results/behavioral/results.json,cell K10N50; condition key base_plain
03_prompt_format,gemma-3-4b-it,Gemma-3,False,base,arbitrary_single,plain,10,50,IVQ,ordinal,42,0.0,,0.0,0.051418608310220645,0.051418608310220645,48,0,,,,,,raw,lora_intervention/experiments/gemma_results/behavioral/results.json,cell K10N50; condition key base_plain
03_prompt_format,gemma-3-4b-it,Gemma-3,False,base,arbitrary_single,plain,10,50,IVQ,ordinal,43,0.0,,0.0,0.051418608310220645,0.051418608310220645,48,0,,,,,,raw,lora_intervention/experiments/gemma_results/behavioral/results.json,cell K10N50; condition key base_plain
03_prompt_format,gemma-3-4b-it,Gemma-3,False,base,arbitrary_single,plain,10,50,IVQ,ordinal,44,0.0,,0.0,0.051418608310220645,0.051418608310220645,48,0,,,,,,raw,lora_intervention/experiments/gemma_results/behavioral/results.json,cell K10N50; condition key base_plain
03_prompt_format,gemma-3-4b-it,Gemma-3,False,base,arbitrary_single,plain,10,50,IVQ,ordinal,45,0.0,,0.0,0.051418608310220645,0.051418608310220645,48,0,,,,,,raw,lora_intervention/experiments/gemma_results/behavioral/results.json,cell K10N50; condition key base_plain
03_prompt_format,gemma-3-4b-it,Gemma-3,False,base,arbitrary_single,plain,10,50,IVQ,ordinal,46,0.0,,0.0,0.051418608310220645,0.051418608310220645,48,0,,,,,,raw,lora_intervention/experiments/gemma_results/behavioral/results.json,cell K10N50; condition key base_plain
03_prompt_format,gemma-3-4b-it,Gemma-3,False,base,arbitrary_single,plain,10,50,IVQ,ordinal,47,0.0,,0.0,0.051418608310220645,0.051418608310220645,48,0,,,,,,raw,lora_intervention/experiments/gemma_results/behavioral/results.json,cell K10N50; condition key base_plain
03_prompt_format,gemma-3-4b-it,Gemma-3,False,base,arbitrary_single,plain,10,50,IVQ,ordinal,48,0.0,,0.0,0.051418608310220645,0.051418608310220645,48,0,,,,,,raw,lora_intervention/experiments/gemma_results/behavioral/results.json,cell K10N50; condition key base_plain
03_prompt_format,gemma-3-4b-it,Gemma-3,False,base,arbitrary_single,plain,10,50,IVQ,ordinal,49,0.03125,,0.0,0.08677906924853511,0.05552906924853511,64,2,,,,,,raw,lora_intervention/experiments/gemma_results/behavioral/results.json,cell K10N50; condition key base_plain
03_prompt_format,gemma-3-4b-it,Gemma-3,False,base,arbitrary_single,plain,10,50,CVQ,semantic,50,0.3181818181818182,,0.24988868899923494,0.3864749473644014,0.06829312918258325,176,56,,,,,,raw,lora_intervention/experiments/gemma_results/behavioral/results.json,cell K10N50; condition key base_plain
03_prompt_format,gemma-3-4b-it,Gemma-3,False,base,arbitrary_single,plain,10,50,CVQ,semantic,last,0.3,,,,,100,,,,,,,raw,lora_intervention/experiments/gemma_results/block/results_K10N50.json,behavioural accuracy only; per-layer P(v_last) / P(v_first) curves remain in the source file
03_prompt_format,gemma-3-4b-it,Gemma-3,False,base,arbitrary_single,plain,10,100,FVQ,ordinal,1,0.9125,,0.846496063261101,0.9785039367388989,0.06600393673889889,80,73,,,,,,raw,lora_intervention/experiments/gemma_results/behavioral/results.json,cell K10N100; condition key base_plain
03_prompt_format,gemma-3-4b-it,Gemma-3,False,base,arbitrary_single,plain,10,100,CVQ,semantic,100,0.10416666666666667,,0.040562247710134586,0.16777108562319876,0.06360441895653209,96,10,,,,,,raw,lora_intervention/experiments/gemma_results/behavioral/results.json,cell K10N100; condition key base_plain
03_prompt_format,gemma-3-4b-it,Gemma-3,False,base,arbitrary_single,plain,20,20,FVQ,ordinal,1,0.8660714285714286,,0.801756246056594,0.9303866110862632,0.0643151825148346,112,97,,,,,,raw,lora_intervention/experiments/gemma_results/behavioral/results.json,cell K20N20; condition key base_plain
03_prompt_format,gemma-3-4b-it,Gemma-3,False,base,arbitrary_single,plain,20,20,CVQ,semantic,20,0.2222222222222222,,0.1544431458297046,0.29000129861473983,0.06777907639251761,144,32,,,,,,raw,lora_intervention/experiments/gemma_results/behavioral/results.json,cell K20N20; condition key base_plain
03_prompt_format,gemma-3-4b-it,Gemma-3,False,lora,arbitrary_single,plain,2,30,FVQ,semantic,first,1.0,,,,,100,,,,,,,raw,lora_intervention/experiments/gemma_results/block/results_K2N30.json,behavioural accuracy only; per-layer P(v_last) / P(v_first) curves remain in the source file
03_prompt_format,gemma-3-4b-it,Gemma-3,False,lora,arbitrary_single,plain,2,30,FVQ,ordinal,1,1.0,,0.9485813916897793,1.0,0.05141860831022067,48,48,,,,,,raw,lora_intervention/experiments/gemma_results/behavioral/results.json,cell K2N30; condition key lora_plain
03_prompt_format,gemma-3-4b-it,Gemma-3,False,lora,arbitrary_single,plain,2,30,CVQ,semantic,30,1.0,,0.9485813916897793,1.0,0.05141860831022067,48,48,,,,,,raw,lora_intervention/experiments/gemma_results/behavioral/results.json,cell K2N30; condition key lora_plain
03_prompt_format,gemma-3-4b-it,Gemma-3,False,lora,arbitrary_single,plain,2,30,CVQ,semantic,last,1.0,,,,,100,,,,,,,raw,lora_intervention/experiments/gemma_results/block/results_K2N30.json,behavioural accuracy only; per-layer P(v_last) / P(v_first) curves remain in the source file
03_prompt_format,gemma-3-4b-it,Gemma-3,False,lora,arbitrary_single,plain,5,20,FVQ,ordinal,1,1.0,,0.9485813916897793,1.0,0.05141860831022067,48,48,,,,,,raw,lora_intervention/experiments/gemma_results/behavioral/results.json,cell K5N20; condition key lora_plain
03_prompt_format,gemma-3-4b-it,Gemma-3,False,lora,arbitrary_single,plain,5,20,IVQ,ordinal,2,1.0,,0.9485813916897793,1.0,0.05141860831022067,48,48,,,,,,raw,lora_intervention/experiments/gemma_results/behavioral/results.json,cell K5N20; condition key lora_plain
03_prompt_format,gemma-3-4b-it,Gemma-3,False,lora,arbitrary_single,plain,5,20,IVQ,ordinal,3,1.0,,0.9485813916897793,1.0,0.05141860831022067,48,48,,,,,,raw,lora_intervention/experiments/gemma_results/behavioral/results.json,cell K5N20; condition key lora_plain
03_prompt_format,gemma-3-4b-it,Gemma-3,False,lora,arbitrary_single,plain,5,20,IVQ,ordinal,4,1.0,,0.9485813916897793,1.0,0.05141860831022067,48,48,,,,,,raw,lora_intervention/experiments/gemma_results/behavioral/results.json,cell K5N20; condition key lora_plain
03_prompt_format,gemma-3-4b-it,Gemma-3,False,lora,arbitrary_single,plain,5,20,IVQ,ordinal,5,0.9125,,0.846496063261101,0.9785039367388989,0.06600393673889889,80,73,,,,,,raw,lora_intervention/experiments/gemma_results/behavioral/results.json,cell K5N20; condition key lora_plain
03_prompt_format,gemma-3-4b-it,Gemma-3,False,lora,arbitrary_single,plain,5,20,IVQ,ordinal,6,0.625,,0.5571076440563436,0.6928923559436564,0.06789235594365636,192,120,,,,,,raw,lora_intervention/experiments/gemma_results/behavioral/results.json,cell K5N20; condition key lora_plain
03_prompt_format,gemma-3-4b-it,Gemma-3,False,lora,arbitrary_single,plain,5,20,IVQ,ordinal,7,0.2875,,0.21784336102274177,0.3571566389772582,0.06965663897725821,160,46,,,,,,raw,lora_intervention/experiments/gemma_results/behavioral/results.json,cell K5N20; condition key lora_plain
03_prompt_format,gemma-3-4b-it,Gemma-3,False,lora,arbitrary_single,plain,5,20,IVQ,ordinal,8,0.25625,,0.18892068272943993,0.32357931727056,0.06732931727056005,160,41,,,,,,raw,lora_intervention/experiments/gemma_results/behavioral/results.json,cell K5N20; condition key lora_plain
03_prompt_format,gemma-3-4b-it,Gemma-3,False,lora,arbitrary_single,plain,5,20,IVQ,ordinal,9,0.046875,,0.0,0.1085951429654443,0.0617201429654443,64,3,,,,,,raw,lora_intervention/experiments/gemma_results/behavioral/results.json,cell K5N20; condition key lora_plain
03_prompt_format,gemma-3-4b-it,Gemma-3,False,lora,arbitrary_single,plain,5,20,IVQ,ordinal,10,0.22916666666666666,,0.1606982703732932,0.2976350629600401,0.06846839629337345,144,33,,,,,,raw,lora_intervention/experiments/gemma_results/behavioral/results.json,cell K5N20; condition key lora_plain
03_prompt_format,gemma-3-4b-it,Gemma-3,False,lora,arbitrary_single,plain,5,20,IVQ,ordinal,11,0.171875,,0.10609137492852205,0.23765862507147795,0.06578362507147795,128,22,,,,,,raw,lora_intervention/experiments/gemma_results/behavioral/results.json,cell K5N20; condition key lora_plain
03_prompt_format,gemma-3-4b-it,Gemma-3,False,lora,arbitrary_single,plain,5,20,IVQ,ordinal,12,0.16071428571428573,,0.09199651942269428,0.22943205200587719,0.06871776629159145,112,18,,,,,,raw,lora_intervention/experiments/gemma_results/behavioral/results.json,cell K5N20; condition key lora_plain
03_prompt_format,gemma-3-4b-it,Gemma-3,False,lora,arbitrary_single,plain,5,20,IVQ,ordinal,13,0.0625,,0.0035930169610395232,0.12140698303896047,0.05890698303896048,80,5,,,,,,raw,lora_intervention/experiments/gemma_results/behavioral/results.json,cell K5N20; condition key lora_plain
03_prompt_format,gemma-3-4b-it,Gemma-3,False,lora,arbitrary_single,plain,5,20,IVQ,ordinal,14,0.075,,0.012391738206829456,0.13760826179317054,0.06260826179317054,80,6,,,,,,raw,lora_intervention/experiments/gemma_results/behavioral/results.json,cell K5N20; condition key lora_plain
03_prompt_format,gemma-3-4b-it,Gemma-3,False,lora,arbitrary_single,plain,5,20,IVQ,ordinal,15,0.16071428571428573,,0.09199651942269428,0.22943205200587719,0.06871776629159145,112,18,,,,,,raw,lora_intervention/experiments/gemma_results/behavioral/results.json,cell K5N20; condition key lora_plain
03_prompt_format,gemma-3-4b-it,Gemma-3,False,lora,arbitrary_single,plain,5,20,IVQ,ordinal,16,0.20833333333333334,,0.1420081195148295,0.2746585471518372,0.06632521381850383,144,30,,,,,,raw,lora_intervention/experiments/gemma_results/behavioral/results.json,cell K5N20; condition key lora_plain
03_prompt_format,gemma-3-4b-it,Gemma-3,False,lora,arbitrary_single,plain,5,20,IVQ,ordinal,17,0.2361111111111111,,0.16697746002804517,0.30524476219417707,0.06913365108306593,144,34,,,,,,raw,lora_intervention/experiments/gemma_results/behavioral/results.json,cell K5N20; condition key lora_plain
03_prompt_format,gemma-3-4b-it,Gemma-3,False,lora,arbitrary_single,plain,5,20,IVQ,ordinal,18,0.32954545454545453,,0.2606553419105204,0.39843556718038864,0.06889011263493411,176,58,,,,,,raw,lora_intervention/experiments/gemma_results/behavioral/results.json,cell K5N20; condition key lora_plain
03_prompt_format,gemma-3-4b-it,Gemma-3,False,lora,arbitrary_single,plain,5,20,IVQ,ordinal,19,0.4010416666666667,,0.3323442703894975,0.4697390629438359,0.0686973962771692,192,77,,,,,,raw,lora_intervention/experiments/gemma_results/behavioral/results.json,cell K5N20; condition key lora_plain
03_prompt_format,gemma-3-4b-it,Gemma-3,False,lora,arbitrary_single,plain,5,20,CVQ,semantic,20,1.0,,0.9485813916897793,1.0,0.05141860831022067,48,48,,,,,,raw,lora_intervention/experiments/gemma_results/behavioral/results.json,cell K5N20; condition key lora_plain
03_prompt_format,gemma-3-4b-it,Gemma-3,False,lora,arbitrary_single,plain,5,50,FVQ,ordinal,1,1.0,,0.9485813916897793,1.0,0.05141860831022067,48,48,,,,,,raw,lora_intervention/experiments/gemma_results/behavioral/results.json,cell K5N50; condition key lora_plain
03_prompt_format,gemma-3-4b-it,Gemma-3,False,lora,arbitrary_single,plain,5,50,IVQ,ordinal,2,1.0,,0.9485813916897793,1.0,0.05141860831022067,48,48,,,,,,raw,lora_intervention/experiments/gemma_results/behavioral/results.json,cell K5N50; condition key lora_plain
03_prompt_format,gemma-3-4b-it,Gemma-3,False,lora,arbitrary_single,plain,5,50,IVQ,ordinal,4,0.8482142857142857,,0.7808953109939074,0.915533260434664,0.0673189747203783,112,95,,,,,,raw,lora_intervention/experiments/gemma_results/behavioral/results.json,cell K5N50; condition key lora_plain
03_prompt_format,gemma-3-4b-it,Gemma-3,False,lora,arbitrary_single,plain,5,50,IVQ,ordinal,6,0.1640625,,0.09937093298939419,0.2287540670106058,0.06469156701060581,128,21,,,,,,raw,lora_intervention/experiments/gemma_results/behavioral/results.json,cell K5N50; condition key lora_plain
03_prompt_format,gemma-3-4b-it,Gemma-3,False,lora,arbitrary_single,plain,5,50,IVQ,ordinal,8,0.2152777777777778,,0.14821282844517925,0.28234272711037633,0.06706494933259853,144,31,,,,,,raw,lora_intervention/experiments/gemma_results/behavioral/results.json,cell K5N50; condition key lora_plain
03_prompt_format,gemma-3-4b-it,Gemma-3,False,lora,arbitrary_single,plain,5,50,IVQ,ordinal,10,0.2361111111111111,,0.16697746002804517,0.30524476219417707,0.06913365108306593,144,34,,,,,,raw,lora_intervention/experiments/gemma_results/behavioral/results.json,cell K5N50; condition key lora_plain
03_prompt_format,gemma-3-4b-it,Gemma-3,False,lora,arbitrary_single,plain,5,50,IVQ,ordinal,12,0.1875,,0.11965900628299005,0.25534099371700997,0.06784099371700995,128,24,,,,,,raw,lora_intervention/experiments/gemma_results/behavioral/results.json,cell K5N50; condition key lora_plain
03_prompt_format,gemma-3-4b-it,Gemma-3,False,lora,arbitrary_single,plain,5,50,IVQ,ordinal,14,0.13541666666666666,,0.06548210356154319,0.20535122977179013,0.06993456310512347,96,13,,,,,,raw,lora_intervention/experiments/gemma_results/behavioral/results.json,cell K5N50; condition key lora_plain
03_prompt_format,gemma-3-4b-it,Gemma-3,False,lora,arbitrary_single,plain,5,50,IVQ,ordinal,16,0.020833333333333332,,0.0,0.0836010255666804,0.06276769223334708,48,1,,,,,,raw,lora_intervention/experiments/gemma_results/behavioral/results.json,cell K5N50; condition key lora_plain
03_prompt_format,gemma-3-4b-it,Gemma-3,False,lora,arbitrary_single,plain,5,50,IVQ,ordinal,18,0.0,,0.0,0.051418608310220645,0.051418608310220645,48,0,,,,,,raw,lora_intervention/experiments/gemma_results/behavioral/results.json,cell K5N50; condition key lora_plain
03_prompt_format,gemma-3-4b-it,Gemma-3,False,lora,arbitrary_single,plain,5,50,IVQ,ordinal,20,0.0,,0.0,0.051418608310220645,0.051418608310220645,48,0,,,,,,raw,lora_intervention/experiments/gemma_results/behavioral/results.json,cell K5N50; condition key lora_plain
03_prompt_format,gemma-3-4b-it,Gemma-3,False,lora,arbitrary_single,plain,5,50,IVQ,ordinal,22,0.0625,,0.0035930169610395232,0.12140698303896047,0.05890698303896048,80,5,,,,,,raw,lora_intervention/experiments/gemma_results/behavioral/results.json,cell K5N50; condition key lora_plain
03_prompt_format,gemma-3-4b-it,Gemma-3,False,lora,arbitrary_single,plain,5,50,IVQ,ordinal,24,0.03125,,0.0,0.08677906924853511,0.05552906924853511,64,2,,,,,,raw,lora_intervention/experiments/gemma_results/behavioral/results.json,cell K5N50; condition key lora_plain
03_prompt_format,gemma-3-4b-it,Gemma-3,False,lora,arbitrary_single,plain,5,50,IVQ,ordinal,26,0.020833333333333332,,0.0,0.0836010255666804,0.06276769223334708,48,1,,,,,,raw,lora_intervention/experiments/gemma_results/behavioral/results.json,cell K5N50; condition key lora_plain
03_prompt_format,gemma-3-4b-it,Gemma-3,False,lora,arbitrary_single,plain,5,50,IVQ,ordinal,28,0.046875,,0.0,0.1085951429654443,0.0617201429654443,64,3,,,,,,raw,lora_intervention/experiments/gemma_results/behavioral/results.json,cell K5N50; condition key lora_plain
03_prompt_format,gemma-3-4b-it,Gemma-3,False,lora,arbitrary_single,plain,5,50,IVQ,ordinal,30,0.046875,,0.0,0.1085951429654443,0.0617201429654443,64,3,,,,,,raw,lora_intervention/experiments/gemma_results/behavioral/results.json,cell K5N50; condition key lora_plain
03_prompt_format,gemma-3-4b-it,Gemma-3,False,lora,arbitrary_single,plain,5,50,IVQ,ordinal,32,0.03125,,0.0,0.08677906924853511,0.05552906924853511,64,2,,,,,,raw,lora_intervention/experiments/gemma_results/behavioral/results.json,cell K5N50; condition key lora_plain
03_prompt_format,gemma-3-4b-it,Gemma-3,False,lora,arbitrary_single,plain,5,50,IVQ,ordinal,34,0.0,,0.0,0.051418608310220645,0.051418608310220645,48,0,,,,,,raw,lora_intervention/experiments/gemma_results/behavioral/results.json,cell K5N50; condition key lora_plain
03_prompt_format,gemma-3-4b-it,Gemma-3,False,lora,arbitrary_single,plain,5,50,IVQ,ordinal,36,0.020833333333333332,,0.0,0.0836010255666804,0.06276769223334708,48,1,,,,,,raw,lora_intervention/experiments/gemma_results/behavioral/results.json,cell K5N50; condition key lora_plain
03_prompt_format,gemma-3-4b-it,Gemma-3,False,lora,arbitrary_single,plain,5,50,IVQ,ordinal,38,0.0,,0.0,0.051418608310220645,0.051418608310220645,48,0,,,,,,raw,lora_intervention/experiments/gemma_results/behavioral/results.json,cell K5N50; condition key lora_plain
03_prompt_format,gemma-3-4b-it,Gemma-3,False,lora,arbitrary_single,plain,5,50,IVQ,ordinal,40,0.0625,,0.0035930169610395232,0.12140698303896047,0.05890698303896048,80,5,,,,,,raw,lora_intervention/experiments/gemma_results/behavioral/results.json,cell K5N50; condition key lora_plain
03_prompt_format,gemma-3-4b-it,Gemma-3,False,lora,arbitrary_single,plain,5,50,IVQ,ordinal,42,0.03125,,0.0,0.08677906924853511,0.05552906924853511,64,2,,,,,,raw,lora_intervention/experiments/gemma_results/behavioral/results.json,cell K5N50; condition key lora_plain
03_prompt_format,gemma-3-4b-it,Gemma-3,False,lora,arbitrary_single,plain,5,50,IVQ,ordinal,44,0.020833333333333332,,0.0,0.0836010255666804,0.06276769223334708,48,1,,,,,,raw,lora_intervention/experiments/gemma_results/behavioral/results.json,cell K5N50; condition key lora_plain
03_prompt_format,gemma-3-4b-it,Gemma-3,False,lora,arbitrary_single,plain,5,50,IVQ,ordinal,46,0.0625,,0.0035930169610395232,0.12140698303896047,0.05890698303896048,80,5,,,,,,raw,lora_intervention/experiments/gemma_results/behavioral/results.json,cell K5N50; condition key lora_plain
03_prompt_format,gemma-3-4b-it,Gemma-3,False,lora,arbitrary_single,plain,5,50,IVQ,ordinal,48,0.0,,0.0,0.051418608310220645,0.051418608310220645,48,0,,,,,,raw,lora_intervention/experiments/gemma_results/behavioral/results.json,cell K5N50; condition key lora_plain
03_prompt_format,gemma-3-4b-it,Gemma-3,False,lora,arbitrary_single,plain,5,50,CVQ,semantic,50,1.0,,0.9485813916897793,1.0,0.05141860831022067,48,48,,,,,,raw,lora_intervention/experiments/gemma_results/behavioral/results.json,cell K5N50; condition key lora_plain
03_prompt_format,gemma-3-4b-it,Gemma-3,False,lora,arbitrary_single,plain,5,75,FVQ,ordinal,1,1.0,,0.9485813916897793,1.0,0.05141860831022067,48,48,,,,,,raw,lora_intervention/experiments/gemma_results/behavioral/results.json,cell K5N75; condition key lora_plain
03_prompt_format,gemma-3-4b-it,Gemma-3,False,lora,arbitrary_single,plain,5,75,IVQ,ordinal,2,1.0,,0.9485813916897793,1.0,0.05141860831022067,48,48,,,,,,raw,lora_intervention/experiments/gemma_results/behavioral/results.json,cell K5N75; condition key lora_plain
03_prompt_format,gemma-3-4b-it,Gemma-3,False,lora,arbitrary_single,plain,5,75,IVQ,ordinal,4,0.925,,0.8623917382068295,0.9876082617931706,0.06260826179317054,80,74,,,,,,raw,lora_intervention/experiments/gemma_results/behavioral/results.json,cell K5N75; condition key lora_plain
03_prompt_format,gemma-3-4b-it,Gemma-3,False,lora,arbitrary_single,plain,5,75,IVQ,ordinal,6,0.1796875,,0.11285472967271712,0.24652027032728288,0.06683277032728288,128,23,,,,,,raw,lora_intervention/experiments/gemma_results/behavioral/results.json,cell K5N75; condition key lora_plain
03_prompt_format,gemma-3-4b-it,Gemma-3,False,lora,arbitrary_single,plain,5,75,IVQ,ordinal,8,0.3465909090909091,,0.2768859234911698,0.4162958946906484,0.06970498559973932,176,61,,,,,,raw,lora_intervention/experiments/gemma_results/behavioral/results.json,cell K5N75; condition key lora_plain
03_prompt_format,gemma-3-4b-it,Gemma-3,False,lora,arbitrary_single,plain,5,75,IVQ,ordinal,10,0.3697916666666667,,0.3020841243598163,0.4374992089735171,0.06770754230685039,192,71,,,,,,raw,lora_intervention/experiments/gemma_results/behavioral/results.json,cell K5N75; condition key lora_plain
03_prompt_format,gemma-3-4b-it,Gemma-3,False,lora,arbitrary_single,plain,5,75,IVQ,ordinal,12,0.3125,,0.2445219000484254,0.3804780999515746,0.06797809995157462,176,55,,,,,,raw,lora_intervention/experiments/gemma_results/behavioral/results.json,cell K5N75; condition key lora_plain
03_prompt_format,gemma-3-4b-it,Gemma-3,False,lora,arbitrary_single,plain,5,75,IVQ,ordinal,14,0.1875,,0.11965900628299005,0.25534099371700997,0.06784099371700995,128,24,,,,,,raw,lora_intervention/experiments/gemma_results/behavioral/results.json,cell K5N75; condition key lora_plain
03_prompt_format,gemma-3-4b-it,Gemma-3,False,lora,arbitrary_single,plain,5,75,IVQ,ordinal,16,0.03125,,0.0,0.08677906924853511,0.05552906924853511,64,2,,,,,,raw,lora_intervention/experiments/gemma_results/behavioral/results.json,cell K5N75; condition key lora_plain
03_prompt_format,gemma-3-4b-it,Gemma-3,False,lora,arbitrary_single,plain,5,75,IVQ,ordinal,18,0.0,,0.0,0.051418608310220645,0.051418608310220645,48,0,,,,,,raw,lora_intervention/experiments/gemma_results/behavioral/results.json,cell K5N75; condition key lora_plain
03_prompt_format,gemma-3-4b-it,Gemma-3,False,lora,arbitrary_single,plain,5,75,IVQ,ordinal,20,0.0,,0.0,0.051418608310220645,0.051418608310220645,48,0,,,,,,raw,lora_intervention/experiments/gemma_results/behavioral/results.json,cell K5N75; condition key lora_plain
03_prompt_format,gemma-3-4b-it,Gemma-3,False,lora,arbitrary_single,plain,5,75,IVQ,ordinal,22,0.0,,0.0,0.051418608310220645,0.051418608310220645,48,0,,,,,,raw,lora_intervention/experiments/gemma_results/behavioral/results.json,cell K5N75; condition key lora_plain
03_prompt_format,gemma-3-4b-it,Gemma-3,False,lora,arbitrary_single,plain,5,75,IVQ,ordinal,24,0.0,,0.0,0.051418608310220645,0.051418608310220645,48,0,,,,,,raw,lora_intervention/experiments/gemma_results/behavioral/results.json,cell K5N75; condition key lora_plain
03_prompt_format,gemma-3-4b-it,Gemma-3,False,lora,arbitrary_single,plain,5,75,IVQ,ordinal,26,0.0,,0.0,0.051418608310220645,0.051418608310220645,48,0,,,,,,raw,lora_intervention/experiments/gemma_results/behavioral/results.json,cell K5N75; condition key lora_plain
03_prompt_format,gemma-3-4b-it,Gemma-3,False,lora,arbitrary_single,plain,5,75,IVQ,ordinal,28,0.0,,0.0,0.051418608310220645,0.051418608310220645,48,0,,,,,,raw,lora_intervention/experiments/gemma_results/behavioral/results.json,cell K5N75; condition key lora_plain
03_prompt_format,gemma-3-4b-it,Gemma-3,False,lora,arbitrary_single,plain,5,75,IVQ,ordinal,30,0.0,,0.0,0.051418608310220645,0.051418608310220645,48,0,,,,,,raw,lora_intervention/experiments/gemma_results/behavioral/results.json,cell K5N75; condition key lora_plain
03_prompt_format,gemma-3-4b-it,Gemma-3,False,lora,arbitrary_single,plain,5,75,IVQ,ordinal,32,0.0,,0.0,0.051418608310220645,0.051418608310220645,48,0,,,,,,raw,lora_intervention/experiments/gemma_results/behavioral/results.json,cell K5N75; condition key lora_plain
03_prompt_format,gemma-3-4b-it,Gemma-3,False,lora,arbitrary_single,plain,5,75,IVQ,ordinal,34,0.0,,0.0,0.051418608310220645,0.051418608310220645,48,0,,,,,,raw,lora_intervention/experiments/gemma_results/behavioral/results.json,cell K5N75; condition key lora_plain
03_prompt_format,gemma-3-4b-it,Gemma-3,False,lora,arbitrary_single,plain,5,75,IVQ,ordinal,36,0.0,,0.0,0.051418608310220645,0.051418608310220645,48,0,,,,,,raw,lora_intervention/experiments/gemma_results/behavioral/results.json,cell K5N75; condition key lora_plain
03_prompt_format,gemma-3-4b-it,Gemma-3,False,lora,arbitrary_single,plain,5,75,IVQ,ordinal,38,0.0,,0.0,0.051418608310220645,0.051418608310220645,48,0,,,,,,raw,lora_intervention/experiments/gemma_results/behavioral/results.json,cell K5N75; condition key lora_plain
03_prompt_format,gemma-3-4b-it,Gemma-3,False,lora,arbitrary_single,plain,5,75,IVQ,ordinal,40,0.0,,0.0,0.051418608310220645,0.051418608310220645,48,0,,,,,,raw,lora_intervention/experiments/gemma_results/behavioral/results.json,cell K5N75; condition key lora_plain
03_prompt_format,gemma-3-4b-it,Gemma-3,False,lora,arbitrary_single,plain,5,75,IVQ,ordinal,42,0.020833333333333332,,0.0,0.0836010255666804,0.06276769223334708,48,1,,,,,,raw,lora_intervention/experiments/gemma_results/behavioral/results.json,cell K5N75; condition key lora_plain
03_prompt_format,gemma-3-4b-it,Gemma-3,False,lora,arbitrary_single,plain,5,75,IVQ,ordinal,44,0.0,,0.0,0.051418608310220645,0.051418608310220645,48,0,,,,,,raw,lora_intervention/experiments/gemma_results/behavioral/results.json,cell K5N75; condition key lora_plain
03_prompt_format,gemma-3-4b-it,Gemma-3,False,lora,arbitrary_single,plain,5,75,IVQ,ordinal,46,0.0,,0.0,0.051418608310220645,0.051418608310220645,48,0,,,,,,raw,lora_intervention/experiments/gemma_results/behavioral/results.json,cell K5N75; condition key lora_plain
03_prompt_format,gemma-3-4b-it,Gemma-3,False,lora,arbitrary_single,plain,5,75,IVQ,ordinal,48,0.0,,0.0,0.051418608310220645,0.051418608310220645,48,0,,,,,,raw,lora_intervention/experiments/gemma_results/behavioral/results.json,cell K5N75; condition key lora_plain
03_prompt_format,gemma-3-4b-it,Gemma-3,False,lora,arbitrary_single,plain,5,75,IVQ,ordinal,50,0.0,,0.0,0.051418608310220645,0.051418608310220645,48,0,,,,,,raw,lora_intervention/experiments/gemma_results/behavioral/results.json,cell K5N75; condition key lora_plain
03_prompt_format,gemma-3-4b-it,Gemma-3,False,lora,arbitrary_single,plain,5,75,IVQ,ordinal,52,0.020833333333333332,,0.0,0.0836010255666804,0.06276769223334708,48,1,,,,,,raw,lora_intervention/experiments/gemma_results/behavioral/results.json,cell K5N75; condition key lora_plain
03_prompt_format,gemma-3-4b-it,Gemma-3,False,lora,arbitrary_single,plain,5,75,IVQ,ordinal,54,0.0,,0.0,0.051418608310220645,0.051418608310220645,48,0,,,,,,raw,lora_intervention/experiments/gemma_results/behavioral/results.json,cell K5N75; condition key lora_plain
03_prompt_format,gemma-3-4b-it,Gemma-3,False,lora,arbitrary_single,plain,5,75,IVQ,ordinal,56,0.020833333333333332,,0.0,0.0836010255666804,0.06276769223334708,48,1,,,,,,raw,lora_intervention/experiments/gemma_results/behavioral/results.json,cell K5N75; condition key lora_plain
03_prompt_format,gemma-3-4b-it,Gemma-3,False,lora,arbitrary_single,plain,5,75,IVQ,ordinal,58,0.020833333333333332,,0.0,0.0836010255666804,0.06276769223334708,48,1,,,,,,raw,lora_intervention/experiments/gemma_results/behavioral/results.json,cell K5N75; condition key lora_plain
03_prompt_format,gemma-3-4b-it,Gemma-3,False,lora,arbitrary_single,plain,5,75,IVQ,ordinal,60,0.046875,,0.0,0.1085951429654443,0.0617201429654443,64,3,,,,,,raw,lora_intervention/experiments/gemma_results/behavioral/results.json,cell K5N75; condition key lora_plain
03_prompt_format,gemma-3-4b-it,Gemma-3,False,lora,arbitrary_single,plain,5,75,IVQ,ordinal,62,0.020833333333333332,,0.0,0.0836010255666804,0.06276769223334708,48,1,,,,,,raw,lora_intervention/experiments/gemma_results/behavioral/results.json,cell K5N75; condition key lora_plain
03_prompt_format,gemma-3-4b-it,Gemma-3,False,lora,arbitrary_single,plain,5,75,IVQ,ordinal,64,0.020833333333333332,,0.0,0.0836010255666804,0.06276769223334708,48,1,,,,,,raw,lora_intervention/experiments/gemma_results/behavioral/results.json,cell K5N75; condition key lora_plain
03_prompt_format,gemma-3-4b-it,Gemma-3,False,lora,arbitrary_single,plain,5,75,IVQ,ordinal,66,0.020833333333333332,,0.0,0.0836010255666804,0.06276769223334708,48,1,,,,,,raw,lora_intervention/experiments/gemma_results/behavioral/results.json,cell K5N75; condition key lora_plain
03_prompt_format,gemma-3-4b-it,Gemma-3,False,lora,arbitrary_single,plain,5,75,IVQ,ordinal,68,0.0,,0.0,0.051418608310220645,0.051418608310220645,48,0,,,,,,raw,lora_intervention/experiments/gemma_results/behavioral/results.json,cell K5N75; condition key lora_plain
03_prompt_format,gemma-3-4b-it,Gemma-3,False,lora,arbitrary_single,plain,5,75,IVQ,ordinal,70,0.0625,,0.0035930169610395232,0.12140698303896047,0.05890698303896048,80,5,,,,,,raw,lora_intervention/experiments/gemma_results/behavioral/results.json,cell K5N75; condition key lora_plain
03_prompt_format,gemma-3-4b-it,Gemma-3,False,lora,arbitrary_single,plain,5,75,IVQ,ordinal,72,0.0875,,0.02149606326110111,0.1535039367388989,0.06600393673889889,80,7,,,,,,raw,lora_intervention/experiments/gemma_results/behavioral/results.json,cell K5N75; condition key lora_plain
03_prompt_format,gemma-3-4b-it,Gemma-3,False,lora,arbitrary_single,plain,5,75,IVQ,ordinal,74,0.0,,0.0,0.051418608310220645,0.051418608310220645,48,0,,,,,,raw,lora_intervention/experiments/gemma_results/behavioral/results.json,cell K5N75; condition key lora_plain
03_prompt_format,gemma-3-4b-it,Gemma-3,False,lora,arbitrary_single,plain,5,75,CVQ,semantic,75,1.0,,0.9485813916897793,1.0,0.05141860831022067,48,48,,,,,,raw,lora_intervention/experiments/gemma_results/behavioral/results.json,cell K5N75; condition key lora_plain
03_prompt_format,gemma-3-4b-it,Gemma-3,False,lora,arbitrary_single,plain,10,25,FVQ,ordinal,1,1.0,,0.9485813916897793,1.0,0.05141860831022067,48,48,,,,,,raw,lora_intervention/experiments/gemma_results/behavioral/results.json,cell K10N25; condition key lora_plain
03_prompt_format,gemma-3-4b-it,Gemma-3,False,lora,arbitrary_single,plain,10,25,IVQ,ordinal,2,1.0,,0.9485813916897793,1.0,0.05141860831022067,48,48,,,,,,raw,lora_intervention/experiments/gemma_results/behavioral/results.json,cell K10N25; condition key lora_plain
03_prompt_format,gemma-3-4b-it,Gemma-3,False,lora,arbitrary_single,plain,10,25,IVQ,ordinal,3,1.0,,0.9485813916897793,1.0,0.05141860831022067,48,48,,,,,,raw,lora_intervention/experiments/gemma_results/behavioral/results.json,cell K10N25; condition key lora_plain
03_prompt_format,gemma-3-4b-it,Gemma-3,False,lora,arbitrary_single,plain,10,25,IVQ,ordinal,4,0.8645833333333334,,0.7946487702282099,0.9345178964384568,0.06993456310512348,96,83,,,,,,raw,lora_intervention/experiments/gemma_results/behavioral/results.json,cell K10N25; condition key lora_plain
03_prompt_format,gemma-3-4b-it,Gemma-3,False,lora,arbitrary_single,plain,10,25,IVQ,ordinal,5,0.30113636363636365,,0.2338221711043259,0.3684505561684014,0.06731419253203774,176,53,,,,,,raw,lora_intervention/experiments/gemma_results/behavioral/results.json,cell K10N25; condition key lora_plain
03_prompt_format,gemma-3-4b-it,Gemma-3,False,lora,arbitrary_single,plain,10,25,IVQ,ordinal,6,0.2152777777777778,,0.14821282844517925,0.28234272711037633,0.06706494933259853,144,31,,,,,,raw,lora_intervention/experiments/gemma_results/behavioral/results.json,cell K10N25; condition key lora_plain
03_prompt_format,gemma-3-4b-it,Gemma-3,False,lora,arbitrary_single,plain,10,25,IVQ,ordinal,7,0.20833333333333334,,0.1420081195148295,0.2746585471518372,0.06632521381850383,144,30,,,,,,raw,lora_intervention/experiments/gemma_results/behavioral/results.json,cell K10N25; condition key lora_plain
03_prompt_format,gemma-3-4b-it,Gemma-3,False,lora,arbitrary_single,plain,10,25,IVQ,ordinal,8,0.1875,,0.11965900628299005,0.25534099371700997,0.06784099371700995,128,24,,,,,,raw,lora_intervention/experiments/gemma_results/behavioral/results.json,cell K10N25; condition key lora_plain
03_prompt_format,gemma-3-4b-it,Gemma-3,False,lora,arbitrary_single,plain,10,25,IVQ,ordinal,9,0.13541666666666666,,0.06548210356154319,0.20535122977179013,0.06993456310512347,96,13,,,,,,raw,lora_intervention/experiments/gemma_results/behavioral/results.json,cell K10N25; condition key lora_plain
03_prompt_format,gemma-3-4b-it,Gemma-3,False,lora,arbitrary_single,plain,10,25,IVQ,ordinal,10,0.1796875,,0.11285472967271712,0.24652027032728288,0.06683277032728288,128,23,,,,,,raw,lora_intervention/experiments/gemma_results/behavioral/results.json,cell K10N25; condition key lora_plain
03_prompt_format,gemma-3-4b-it,Gemma-3,False,lora,arbitrary_single,plain,10,25,IVQ,ordinal,11,0.020833333333333332,,0.0,0.0836010255666804,0.06276769223334708,48,1,,,,,,raw,lora_intervention/experiments/gemma_results/behavioral/results.json,cell K10N25; condition key lora_plain
03_prompt_format,gemma-3-4b-it,Gemma-3,False,lora,arbitrary_single,plain,10,25,IVQ,ordinal,12,0.16071428571428573,,0.09199651942269428,0.22943205200587719,0.06871776629159145,112,18,,,,,,raw,lora_intervention/experiments/gemma_results/behavioral/results.json,cell K10N25; condition key lora_plain
03_prompt_format,gemma-3-4b-it,Gemma-3,False,lora,arbitrary_single,plain,10,25,IVQ,ordinal,13,0.1,,0.030860949445602484,0.16913905055439754,0.06913905055439752,80,8,,,,,,raw,lora_intervention/experiments/gemma_results/behavioral/results.json,cell K10N25; condition key lora_plain
03_prompt_format,gemma-3-4b-it,Gemma-3,False,lora,arbitrary_single,plain,10,25,IVQ,ordinal,14,0.13541666666666666,,0.06548210356154319,0.20535122977179013,0.06993456310512347,96,13,,,,,,raw,lora_intervention/experiments/gemma_results/behavioral/results.json,cell K10N25; condition key lora_plain
03_prompt_format,gemma-3-4b-it,Gemma-3,False,lora,arbitrary_single,plain,10,25,IVQ,ordinal,15,0.1875,,0.11965900628299005,0.25534099371700997,0.06784099371700995,128,24,,,,,,raw,lora_intervention/experiments/gemma_results/behavioral/results.json,cell K10N25; condition key lora_plain
03_prompt_format,gemma-3-4b-it,Gemma-3,False,lora,arbitrary_single,plain,10,25,IVQ,ordinal,16,0.13392857142857142,,0.0696133889137368,0.19824375394340604,0.06431518251483462,112,15,,,,,,raw,lora_intervention/experiments/gemma_results/behavioral/results.json,cell K10N25; condition key lora_plain
03_prompt_format,gemma-3-4b-it,Gemma-3,False,lora,arbitrary_single,plain,10,25,IVQ,ordinal,17,0.0625,,0.0,0.12966150559943532,0.06716150559943532,64,4,,,,,,raw,lora_intervention/experiments/gemma_results/behavioral/results.json,cell K10N25; condition key lora_plain
03_prompt_format,gemma-3-4b-it,Gemma-3,False,lora,arbitrary_single,plain,10,25,IVQ,ordinal,18,0.0625,,0.0,0.12966150559943532,0.06716150559943532,64,4,,,,,,raw,lora_intervention/experiments/gemma_results/behavioral/results.json,cell K10N25; condition key lora_plain
03_prompt_format,gemma-3-4b-it,Gemma-3,False,lora,arbitrary_single,plain,10,25,IVQ,ordinal,19,0.0,,0.0,0.051418608310220645,0.051418608310220645,48,0,,,,,,raw,lora_intervention/experiments/gemma_results/behavioral/results.json,cell K10N25; condition key lora_plain
03_prompt_format,gemma-3-4b-it,Gemma-3,False,lora,arbitrary_single,plain,10,25,IVQ,ordinal,20,0.0875,,0.02149606326110111,0.1535039367388989,0.06600393673889889,80,7,,,,,,raw,lora_intervention/experiments/gemma_results/behavioral/results.json,cell K10N25; condition key lora_plain
03_prompt_format,gemma-3-4b-it,Gemma-3,False,lora,arbitrary_single,plain,10,25,IVQ,ordinal,21,0.22916666666666666,,0.1606982703732932,0.2976350629600401,0.06846839629337345,144,33,,,,,,raw,lora_intervention/experiments/gemma_results/behavioral/results.json,cell K10N25; condition key lora_plain
03_prompt_format,gemma-3-4b-it,Gemma-3,False,lora,arbitrary_single,plain,10,25,IVQ,ordinal,22,0.11458333333333333,,0.048742497934839965,0.1804241687318267,0.06584083539849336,96,11,,,,,,raw,lora_intervention/experiments/gemma_results/behavioral/results.json,cell K10N25; condition key lora_plain
03_prompt_format,gemma-3-4b-it,Gemma-3,False,lora,arbitrary_single,plain,10,25,IVQ,ordinal,23,0.0625,,0.0,0.12966150559943532,0.06716150559943532,64,4,,,,,,raw,lora_intervention/experiments/gemma_results/behavioral/results.json,cell K10N25; condition key lora_plain
03_prompt_format,gemma-3-4b-it,Gemma-3,False,lora,arbitrary_single,plain,10,25,IVQ,ordinal,24,0.020833333333333332,,0.0,0.0836010255666804,0.06276769223334708,48,1,,,,,,raw,lora_intervention/experiments/gemma_results/behavioral/results.json,cell K10N25; condition key lora_plain
03_prompt_format,gemma-3-4b-it,Gemma-3,False,lora,arbitrary_single,plain,10,25,CVQ,semantic,25,1.0,,0.9485813916897793,1.0,0.05141860831022067,48,48,,,,,,raw,lora_intervention/experiments/gemma_results/behavioral/results.json,cell K10N25; condition key lora_plain
03_prompt_format,gemma-3-4b-it,Gemma-3,False,lora,arbitrary_single,plain,10,50,FVQ,semantic,first,0.99,,,,,100,,,,,,,raw,lora_intervention/experiments/gemma_results/block/results_K10N50.json,behavioural accuracy only; per-layer P(v_last) / P(v_first) curves remain in the source file
03_prompt_format,gemma-3-4b-it,Gemma-3,False,lora,arbitrary_single,plain,10,50,FVQ,ordinal,1,1.0,,0.9485813916897793,1.0,0.05141860831022067,48,48,,,,,,raw,lora_intervention/experiments/gemma_results/behavioral/results.json,cell K10N50; condition key lora_plain
03_prompt_format,gemma-3-4b-it,Gemma-3,False,lora,arbitrary_single,plain,10,50,IVQ,ordinal,2,1.0,,0.9485813916897793,1.0,0.05141860831022067,48,48,,,,,,raw,lora_intervention/experiments/gemma_results/behavioral/results.json,cell K10N50; condition key lora_plain
03_prompt_format,gemma-3-4b-it,Gemma-3,False,lora,arbitrary_single,plain,10,50,IVQ,ordinal,3,1.0,,0.9485813916897793,1.0,0.05141860831022067,48,48,,,,,,raw,lora_intervention/experiments/gemma_results/behavioral/results.json,cell K10N50; condition key lora_plain
03_prompt_format,gemma-3-4b-it,Gemma-3,False,lora,arbitrary_single,plain,10,50,IVQ,ordinal,4,0.8958333333333334,,0.8322289143768012,0.9594377522898655,0.06360441895653211,96,86,,,,,,raw,lora_intervention/experiments/gemma_results/behavioral/results.json,cell K10N50; condition key lora_plain
03_prompt_format,gemma-3-4b-it,Gemma-3,False,lora,arbitrary_single,plain,10,50,IVQ,ordinal,5,0.3125,,0.2445219000484254,0.3804780999515746,0.06797809995157462,176,55,,,,,,raw,lora_intervention/experiments/gemma_results/behavioral/results.json,cell K10N50; condition key lora_plain
03_prompt_format,gemma-3-4b-it,Gemma-3,False,lora,arbitrary_single,plain,10,50,IVQ,ordinal,6,0.203125,,0.13338329772117755,0.2728667022788225,0.06974170227882245,128,26,,,,,,raw,lora_intervention/experiments/gemma_results/behavioral/results.json,cell K10N50; condition key lora_plain
03_prompt_format,gemma-3-4b-it,Gemma-3,False,lora,arbitrary_single,plain,10,50,IVQ,ordinal,7,0.171875,,0.10609137492852205,0.23765862507147795,0.06578362507147795,128,22,,,,,,raw,lora_intervention/experiments/gemma_results/behavioral/results.json,cell K10N50; condition key lora_plain
03_prompt_format,gemma-3-4b-it,Gemma-3,False,lora,arbitrary_single,plain,10,50,IVQ,ordinal,8,0.3409090909090909,,0.27146515580190245,0.4103530260162793,0.06944393510718845,176,60,,,,,,raw,lora_intervention/experiments/gemma_results/behavioral/results.json,cell K10N50; condition key lora_plain
03_prompt_format,gemma-3-4b-it,Gemma-3,False,lora,arbitrary_single,plain,10,50,IVQ,ordinal,9,0.1953125,,0.12650240594236262,0.2641225940576374,0.0688100940576374,128,25,,,,,,raw,lora_intervention/experiments/gemma_results/behavioral/results.json,cell K10N50; condition key lora_plain
03_prompt_format,gemma-3-4b-it,Gemma-3,False,lora,arbitrary_single,plain,10,50,IVQ,ordinal,10,0.1953125,,0.12650240594236262,0.2641225940576374,0.0688100940576374,128,25,,,,,,raw,lora_intervention/experiments/gemma_results/behavioral/results.json,cell K10N50; condition key lora_plain
03_prompt_format,gemma-3-4b-it,Gemma-3,False,lora,arbitrary_single,plain,10,50,IVQ,ordinal,11,0.046875,,0.0,0.1085951429654443,0.0617201429654443,64,3,,,,,,raw,lora_intervention/experiments/gemma_results/behavioral/results.json,cell K10N50; condition key lora_plain
03_prompt_format,gemma-3-4b-it,Gemma-3,False,lora,arbitrary_single,plain,10,50,IVQ,ordinal,12,0.0875,,0.02149606326110111,0.1535039367388989,0.06600393673889889,80,7,,,,,,raw,lora_intervention/experiments/gemma_results/behavioral/results.json,cell K10N50; condition key lora_plain
03_prompt_format,gemma-3-4b-it,Gemma-3,False,lora,arbitrary_single,plain,10,50,IVQ,ordinal,13,0.0,,0.0,0.051418608310220645,0.051418608310220645,48,0,,,,,,raw,lora_intervention/experiments/gemma_results/behavioral/results.json,cell K10N50; condition key lora_plain
03_prompt_format,gemma-3-4b-it,Gemma-3,False,lora,arbitrary_single,plain,10,50,IVQ,ordinal,14,0.0,,0.0,0.051418608310220645,0.051418608310220645,48,0,,,,,,raw,lora_intervention/experiments/gemma_results/behavioral/results.json,cell K10N50; condition key lora_plain
03_prompt_format,gemma-3-4b-it,Gemma-3,False,lora,arbitrary_single,plain,10,50,IVQ,ordinal,15,0.020833333333333332,,0.0,0.0836010255666804,0.06276769223334708,48,1,,,,,,raw,lora_intervention/experiments/gemma_results/behavioral/results.json,cell K10N50; condition key lora_plain
03_prompt_format,gemma-3-4b-it,Gemma-3,False,lora,arbitrary_single,plain,10,50,IVQ,ordinal,16,0.0,,0.0,0.051418608310220645,0.051418608310220645,48,0,,,,,,raw,lora_intervention/experiments/gemma_results/behavioral/results.json,cell K10N50; condition key lora_plain
03_prompt_format,gemma-3-4b-it,Gemma-3,False,lora,arbitrary_single,plain,10,50,IVQ,ordinal,17,0.0,,0.0,0.051418608310220645,0.051418608310220645,48,0,,,,,,raw,lora_intervention/experiments/gemma_results/behavioral/results.json,cell K10N50; condition key lora_plain
03_prompt_format,gemma-3-4b-it,Gemma-3,False,lora,arbitrary_single,plain,10,50,IVQ,ordinal,18,0.0,,0.0,0.051418608310220645,0.051418608310220645,48,0,,,,,,raw,lora_intervention/experiments/gemma_results/behavioral/results.json,cell K10N50; condition key lora_plain
03_prompt_format,gemma-3-4b-it,Gemma-3,False,lora,arbitrary_single,plain,10,50,IVQ,ordinal,19,0.0,,0.0,0.051418608310220645,0.051418608310220645,48,0,,,,,,raw,lora_intervention/experiments/gemma_results/behavioral/results.json,cell K10N50; condition key lora_plain
03_prompt_format,gemma-3-4b-it,Gemma-3,False,lora,arbitrary_single,plain,10,50,IVQ,ordinal,20,0.0,,0.0,0.051418608310220645,0.051418608310220645,48,0,,,,,,raw,lora_intervention/experiments/gemma_results/behavioral/results.json,cell K10N50; condition key lora_plain
03_prompt_format,gemma-3-4b-it,Gemma-3,False,lora,arbitrary_single,plain,10,50,IVQ,ordinal,21,0.0,,0.0,0.051418608310220645,0.051418608310220645,48,0,,,,,,raw,lora_intervention/experiments/gemma_results/behavioral/results.json,cell K10N50; condition key lora_plain
03_prompt_format,gemma-3-4b-it,Gemma-3,False,lora,arbitrary_single,plain,10,50,IVQ,ordinal,22,0.0,,0.0,0.051418608310220645,0.051418608310220645,48,0,,,,,,raw,lora_intervention/experiments/gemma_results/behavioral/results.json,cell K10N50; condition key lora_plain
03_prompt_format,gemma-3-4b-it,Gemma-3,False,lora,arbitrary_single,plain,10,50,IVQ,ordinal,23,0.0,,0.0,0.051418608310220645,0.051418608310220645,48,0,,,,,,raw,lora_intervention/experiments/gemma_results/behavioral/results.json,cell K10N50; condition key lora_plain
03_prompt_format,gemma-3-4b-it,Gemma-3,False,lora,arbitrary_single,plain,10,50,IVQ,ordinal,24,0.020833333333333332,,0.0,0.0836010255666804,0.06276769223334708,48,1,,,,,,raw,lora_intervention/experiments/gemma_results/behavioral/results.json,cell K10N50; condition key lora_plain
03_prompt_format,gemma-3-4b-it,Gemma-3,False,lora,arbitrary_single,plain,10,50,IVQ,ordinal,25,0.0,,0.0,0.051418608310220645,0.051418608310220645,48,0,,,,,,raw,lora_intervention/experiments/gemma_results/behavioral/results.json,cell K10N50; condition key lora_plain
03_prompt_format,gemma-3-4b-it,Gemma-3,False,lora,arbitrary_single,plain,10,50,IVQ,ordinal,26,0.0,,0.0,0.051418608310220645,0.051418608310220645,48,0,,,,,,raw,lora_intervention/experiments/gemma_results/behavioral/results.json,cell K10N50; condition key lora_plain
03_prompt_format,gemma-3-4b-it,Gemma-3,False,lora,arbitrary_single,plain,10,50,IVQ,ordinal,27,0.0,,0.0,0.051418608310220645,0.051418608310220645,48,0,,,,,,raw,lora_intervention/experiments/gemma_results/behavioral/results.json,cell K10N50; condition key lora_plain
03_prompt_format,gemma-3-4b-it,Gemma-3,False,lora,arbitrary_single,plain,10,50,IVQ,ordinal,28,0.020833333333333332,,0.0,0.0836010255666804,0.06276769223334708,48,1,,,,,,raw,lora_intervention/experiments/gemma_results/behavioral/results.json,cell K10N50; condition key lora_plain
03_prompt_format,gemma-3-4b-it,Gemma-3,False,lora,arbitrary_single,plain,10,50,IVQ,ordinal,29,0.020833333333333332,,0.0,0.0836010255666804,0.06276769223334708,48,1,,,,,,raw,lora_intervention/experiments/gemma_results/behavioral/results.json,cell K10N50; condition key lora_plain
03_prompt_format,gemma-3-4b-it,Gemma-3,False,lora,arbitrary_single,plain,10,50,IVQ,ordinal,30,0.0,,0.0,0.051418608310220645,0.051418608310220645,48,0,,,,,,raw,lora_intervention/experiments/gemma_results/behavioral/results.json,cell K10N50; condition key lora_plain
03_prompt_format,gemma-3-4b-it,Gemma-3,False,lora,arbitrary_single,plain,10,50,IVQ,ordinal,31,0.0,,0.0,0.051418608310220645,0.051418608310220645,48,0,,,,,,raw,lora_intervention/experiments/gemma_results/behavioral/results.json,cell K10N50; condition key lora_plain
03_prompt_format,gemma-3-4b-it,Gemma-3,False,lora,arbitrary_single,plain,10,50,IVQ,ordinal,32,0.0,,0.0,0.051418608310220645,0.051418608310220645,48,0,,,,,,raw,lora_intervention/experiments/gemma_results/behavioral/results.json,cell K10N50; condition key lora_plain
03_prompt_format,gemma-3-4b-it,Gemma-3,False,lora,arbitrary_single,plain,10,50,IVQ,ordinal,33,0.020833333333333332,,0.0,0.0836010255666804,0.06276769223334708,48,1,,,,,,raw,lora_intervention/experiments/gemma_results/behavioral/results.json,cell K10N50; condition key lora_plain
03_prompt_format,gemma-3-4b-it,Gemma-3,False,lora,arbitrary_single,plain,10,50,IVQ,ordinal,34,0.046875,,0.0,0.1085951429654443,0.0617201429654443,64,3,,,,,,raw,lora_intervention/experiments/gemma_results/behavioral/results.json,cell K10N50; condition key lora_plain
03_prompt_format,gemma-3-4b-it,Gemma-3,False,lora,arbitrary_single,plain,10,50,IVQ,ordinal,35,0.020833333333333332,,0.0,0.0836010255666804,0.06276769223334708,48,1,,,,,,raw,lora_intervention/experiments/gemma_results/behavioral/results.json,cell K10N50; condition key lora_plain
03_prompt_format,gemma-3-4b-it,Gemma-3,False,lora,arbitrary_single,plain,10,50,IVQ,ordinal,36,0.0,,0.0,0.051418608310220645,0.051418608310220645,48,0,,,,,,raw,lora_intervention/experiments/gemma_results/behavioral/results.json,cell K10N50; condition key lora_plain
03_prompt_format,gemma-3-4b-it,Gemma-3,False,lora,arbitrary_single,plain,10,50,IVQ,ordinal,37,0.020833333333333332,,0.0,0.0836010255666804,0.06276769223334708,48,1,,,,,,raw,lora_intervention/experiments/gemma_results/behavioral/results.json,cell K10N50; condition key lora_plain
03_prompt_format,gemma-3-4b-it,Gemma-3,False,lora,arbitrary_single,plain,10,50,IVQ,ordinal,38,0.0,,0.0,0.051418608310220645,0.051418608310220645,48,0,,,,,,raw,lora_intervention/experiments/gemma_results/behavioral/results.json,cell K10N50; condition key lora_plain
03_prompt_format,gemma-3-4b-it,Gemma-3,False,lora,arbitrary_single,plain,10,50,IVQ,ordinal,39,0.020833333333333332,,0.0,0.0836010255666804,0.06276769223334708,48,1,,,,,,raw,lora_intervention/experiments/gemma_results/behavioral/results.json,cell K10N50; condition key lora_plain
03_prompt_format,gemma-3-4b-it,Gemma-3,False,lora,arbitrary_single,plain,10,50,IVQ,ordinal,40,0.020833333333333332,,0.0,0.0836010255666804,0.06276769223334708,48,1,,,,,,raw,lora_intervention/experiments/gemma_results/behavioral/results.json,cell K10N50; condition key lora_plain
03_prompt_format,gemma-3-4b-it,Gemma-3,False,lora,arbitrary_single,plain,10,50,IVQ,ordinal,41,0.020833333333333332,,0.0,0.0836010255666804,0.06276769223334708,48,1,,,,,,raw,lora_intervention/experiments/gemma_results/behavioral/results.json,cell K10N50; condition key lora_plain
03_prompt_format,gemma-3-4b-it,Gemma-3,False,lora,arbitrary_single,plain,10,50,IVQ,ordinal,42,0.0875,,0.02149606326110111,0.1535039367388989,0.06600393673889889,80,7,,,,,,raw,lora_intervention/experiments/gemma_results/behavioral/results.json,cell K10N50; condition key lora_plain
03_prompt_format,gemma-3-4b-it,Gemma-3,False,lora,arbitrary_single,plain,10,50,IVQ,ordinal,43,0.1,,0.030860949445602484,0.16913905055439754,0.06913905055439752,80,8,,,,,,raw,lora_intervention/experiments/gemma_results/behavioral/results.json,cell K10N50; condition key lora_plain
03_prompt_format,gemma-3-4b-it,Gemma-3,False,lora,arbitrary_single,plain,10,50,IVQ,ordinal,44,0.046875,,0.0,0.1085951429654443,0.0617201429654443,64,3,,,,,,raw,lora_intervention/experiments/gemma_results/behavioral/results.json,cell K10N50; condition key lora_plain
03_prompt_format,gemma-3-4b-it,Gemma-3,False,lora,arbitrary_single,plain,10,50,IVQ,ordinal,45,0.0625,,0.0,0.12966150559943532,0.06716150559943532,64,4,,,,,,raw,lora_intervention/experiments/gemma_results/behavioral/results.json,cell K10N50; condition key lora_plain
03_prompt_format,gemma-3-4b-it,Gemma-3,False,lora,arbitrary_single,plain,10,50,IVQ,ordinal,46,0.09375,,0.03252656666694799,0.15497343333305202,0.06122343333305201,96,9,,,,,,raw,lora_intervention/experiments/gemma_results/behavioral/results.json,cell K10N50; condition key lora_plain
03_prompt_format,gemma-3-4b-it,Gemma-3,False,lora,arbitrary_single,plain,10,50,IVQ,ordinal,47,0.046875,,0.0,0.1085951429654443,0.0617201429654443,64,3,,,,,,raw,lora_intervention/experiments/gemma_results/behavioral/results.json,cell K10N50; condition key lora_plain
03_prompt_format,gemma-3-4b-it,Gemma-3,False,lora,arbitrary_single,plain,10,50,IVQ,ordinal,48,0.046875,,0.0,0.1085951429654443,0.0617201429654443,64,3,,,,,,raw,lora_intervention/experiments/gemma_results/behavioral/results.json,cell K10N50; condition key lora_plain
03_prompt_format,gemma-3-4b-it,Gemma-3,False,lora,arbitrary_single,plain,10,50,IVQ,ordinal,49,0.0875,,0.02149606326110111,0.1535039367388989,0.06600393673889889,80,7,,,,,,raw,lora_intervention/experiments/gemma_results/behavioral/results.json,cell K10N50; condition key lora_plain
03_prompt_format,gemma-3-4b-it,Gemma-3,False,lora,arbitrary_single,plain,10,50,CVQ,semantic,50,0.96875,,0.9132209307514648,1.0,0.05552906924853514,64,62,,,,,,raw,lora_intervention/experiments/gemma_results/behavioral/results.json,cell K10N50; condition key lora_plain
03_prompt_format,gemma-3-4b-it,Gemma-3,False,lora,arbitrary_single,plain,10,50,CVQ,semantic,last,0.98,,,,,100,,,,,,,raw,lora_intervention/experiments/gemma_results/block/results_K10N50.json,behavioural accuracy only; per-layer P(v_last) / P(v_first) curves remain in the source file
03_prompt_format,gemma-3-4b-it,Gemma-3,False,lora,arbitrary_single,plain,10,100,FVQ,ordinal,1,1.0,,0.9485813916897793,1.0,0.05141860831022067,48,48,,,,,,raw,lora_intervention/experiments/gemma_results/behavioral/results.json,cell K10N100; condition key lora_plain
03_prompt_format,gemma-3-4b-it,Gemma-3,False,lora,arbitrary_single,plain,10,100,CVQ,semantic,100,0.9375,,0.8703384944005647,1.0,0.0671615055994353,64,60,,,,,,raw,lora_intervention/experiments/gemma_results/behavioral/results.json,cell K10N100; condition key lora_plain
03_prompt_format,gemma-3-4b-it,Gemma-3,False,lora,arbitrary_single,plain,20,20,FVQ,ordinal,1,1.0,,0.9485813916897793,1.0,0.05141860831022067,48,48,,,,,,raw,lora_intervention/experiments/gemma_results/behavioral/results.json,cell K20N20; condition key lora_plain
03_prompt_format,gemma-3-4b-it,Gemma-3,False,lora,arbitrary_single,plain,20,20,CVQ,semantic,20,1.0,,0.9485813916897793,1.0,0.05141860831022067,48,48,,,,,,raw,lora_intervention/experiments/gemma_results/behavioral/results.json,cell K20N20; condition key lora_plain
03_prompt_format,claude-4.5-haiku,Claude-4.5,True,base,semantic_multi,block,5,10,FVQ,ordinal,1,1.0,,1.0,1.0,0.0354,72,,,,,,,raw,experiments_cloud/results/ucurve_proprietary_results.csv,upstream source_file: experiments_cloud/results/ucurve_proprietary/claude-haiku/ucurve_20260520_011947.json
03_prompt_format,claude-4.5-haiku,Claude-4.5,True,base,semantic_multi,block,5,10,IVQ,ordinal,2,1.0,,1.0,1.0,0.0354,72,,,,,,,raw,experiments_cloud/results/ucurve_proprietary_results.csv,upstream source_file: experiments_cloud/results/ucurve_proprietary/claude-haiku/ucurve_20260520_011947.json
03_prompt_format,claude-4.5-haiku,Claude-4.5,True,base,semantic_multi,block,5,10,IVQ,ordinal,3,1.0,,1.0,1.0,0.0354,72,,,,,,,raw,experiments_cloud/results/ucurve_proprietary_results.csv,upstream source_file: experiments_cloud/results/ucurve_proprietary/claude-haiku/ucurve_20260520_011947.json
03_prompt_format,claude-4.5-haiku,Claude-4.5,True,base,semantic_multi,block,5,10,IVQ,ordinal,4,1.0,,1.0,1.0,0.0354,72,,,,,,,raw,experiments_cloud/results/ucurve_proprietary_results.csv,upstream source_file: experiments_cloud/results/ucurve_proprietary/claude-haiku/ucurve_20260520_011947.json
03_prompt_format,claude-4.5-haiku,Claude-4.5,True,base,semantic_multi,block,5,10,IVQ,ordinal,5,1.0,,1.0,1.0,0.0354,72,,,,,,,raw,experiments_cloud/results/ucurve_proprietary_results.csv,upstream source_file: experiments_cloud/results/ucurve_proprietary/claude-haiku/ucurve_20260520_011947.json
03_prompt_format,claude-4.5-haiku,Claude-4.5,True,base,semantic_multi,block,5,10,IVQ,ordinal,6,1.0,,1.0,1.0,0.0354,72,,,,,,,raw,experiments_cloud/results/ucurve_proprietary_results.csv,upstream source_file: experiments_cloud/results/ucurve_proprietary/claude-haiku/ucurve_20260520_011947.json
03_prompt_format,claude-4.5-haiku,Claude-4.5,True,base,semantic_multi,block,5,10,IVQ,ordinal,7,1.0,,1.0,1.0,0.0354,72,,,,,,,raw,experiments_cloud/results/ucurve_proprietary_results.csv,upstream source_file: experiments_cloud/results/ucurve_proprietary/claude-haiku/ucurve_20260520_011947.json
03_prompt_format,claude-4.5-haiku,Claude-4.5,True,base,semantic_multi,block,5,10,IVQ,ordinal,8,1.0,,1.0,1.0,0.0354,72,,,,,,,raw,experiments_cloud/results/ucurve_proprietary_results.csv,upstream source_file: experiments_cloud/results/ucurve_proprietary/claude-haiku/ucurve_20260520_011947.json
03_prompt_format,claude-4.5-haiku,Claude-4.5,True,base,semantic_multi,block,5,10,IVQ,ordinal,9,0.9722,,0.9306,1.0,0.0498,72,,,,,,,raw,experiments_cloud/results/ucurve_proprietary_results.csv,upstream source_file: experiments_cloud/results/ucurve_proprietary/claude-haiku/ucurve_20260520_011947.json
03_prompt_format,claude-4.5-haiku,Claude-4.5,True,base,semantic_multi,block,5,10,CVQ,ordinal,10,1.0,,1.0,1.0,0.0354,72,,,,,,,raw,experiments_cloud/results/ucurve_proprietary_results.csv,upstream source_file: experiments_cloud/results/ucurve_proprietary/claude-haiku/ucurve_20260520_011947.json
03_prompt_format,claude-4.5-haiku,Claude-4.5,True,base,semantic_multi,block,5,10,CVQ,semantic,last,1.0,,1.0,1.0,0.0354,72,,,,,,,raw,experiments_cloud/results/ucurve_proprietary_results.csv,upstream source_file: experiments_cloud/results/ucurve_proprietary/claude-haiku/ucurve_20260520_011947.json
03_prompt_format,claude-4.5-haiku,Claude-4.5,True,base,semantic_multi,block,5,20,FVQ,ordinal,1,1.0,,1.0,1.0,0.0354,72,,,,,,,raw,experiments_cloud/results/ucurve_proprietary_results.csv,upstream source_file: experiments_cloud/results/ucurve_proprietary/claude-haiku/ucurve_20260520_011947.json
03_prompt_format,claude-4.5-haiku,Claude-4.5,True,base,semantic_multi,block,5,20,IVQ,ordinal,2,1.0,,1.0,1.0,0.0354,72,,,,,,,raw,experiments_cloud/results/ucurve_proprietary_results.csv,upstream source_file: experiments_cloud/results/ucurve_proprietary/claude-haiku/ucurve_20260520_011947.json
03_prompt_format,claude-4.5-haiku,Claude-4.5,True,base,semantic_multi,block,5,20,IVQ,ordinal,3,1.0,,1.0,1.0,0.0354,72,,,,,,,raw,experiments_cloud/results/ucurve_proprietary_results.csv,upstream source_file: experiments_cloud/results/ucurve_proprietary/claude-haiku/ucurve_20260520_011947.json
03_prompt_format,claude-4.5-haiku,Claude-4.5,True,base,semantic_multi,block,5,20,IVQ,ordinal,4,1.0,,1.0,1.0,0.0354,72,,,,,,,raw,experiments_cloud/results/ucurve_proprietary_results.csv,upstream source_file: experiments_cloud/results/ucurve_proprietary/claude-haiku/ucurve_20260520_011947.json
03_prompt_format,claude-4.5-haiku,Claude-4.5,True,base,semantic_multi,block,5,20,IVQ,ordinal,5,1.0,,1.0,1.0,0.0354,72,,,,,,,raw,experiments_cloud/results/ucurve_proprietary_results.csv,upstream source_file: experiments_cloud/results/ucurve_proprietary/claude-haiku/ucurve_20260520_011947.json
03_prompt_format,claude-4.5-haiku,Claude-4.5,True,base,semantic_multi,block,5,20,IVQ,ordinal,6,1.0,,1.0,1.0,0.0354,72,,,,,,,raw,experiments_cloud/results/ucurve_proprietary_results.csv,upstream source_file: experiments_cloud/results/ucurve_proprietary/claude-haiku/ucurve_20260520_011947.json
03_prompt_format,claude-4.5-haiku,Claude-4.5,True,base,semantic_multi,block,5,20,IVQ,ordinal,7,1.0,,1.0,1.0,0.0354,72,,,,,,,raw,experiments_cloud/results/ucurve_proprietary_results.csv,upstream source_file: experiments_cloud/results/ucurve_proprietary/claude-haiku/ucurve_20260520_011947.json
03_prompt_format,claude-4.5-haiku,Claude-4.5,True,base,semantic_multi,block,5,20,IVQ,ordinal,8,1.0,,1.0,1.0,0.0354,72,,,,,,,raw,experiments_cloud/results/ucurve_proprietary_results.csv,upstream source_file: experiments_cloud/results/ucurve_proprietary/claude-haiku/ucurve_20260520_011947.json
03_prompt_format,claude-4.5-haiku,Claude-4.5,True,base,semantic_multi,block,5,20,IVQ,ordinal,10,0.9722,,0.9306,1.0,0.0498,72,,,,,,,raw,experiments_cloud/results/ucurve_proprietary_results.csv,upstream source_file: experiments_cloud/results/ucurve_proprietary/claude-haiku/ucurve_20260520_011947.json
03_prompt_format,claude-4.5-haiku,Claude-4.5,True,base,semantic_multi,block,5,20,IVQ,ordinal,11,0.9861,,0.9583,1.0,0.0433,72,,,,,,,raw,experiments_cloud/results/ucurve_proprietary_results.csv,upstream source_file: experiments_cloud/results/ucurve_proprietary/claude-haiku/ucurve_20260520_011947.json
03_prompt_format,claude-4.5-haiku,Claude-4.5,True,base,semantic_multi,block,5,20,IVQ,ordinal,13,1.0,,1.0,1.0,0.0354,72,,,,,,,raw,experiments_cloud/results/ucurve_proprietary_results.csv,upstream source_file: experiments_cloud/results/ucurve_proprietary/claude-haiku/ucurve_20260520_011947.json
03_prompt_format,claude-4.5-haiku,Claude-4.5,True,base,semantic_multi,block,5,20,IVQ,ordinal,14,0.9861,,0.9583,1.0,0.0433,72,,,,,,,raw,experiments_cloud/results/ucurve_proprietary_results.csv,upstream source_file: experiments_cloud/results/ucurve_proprietary/claude-haiku/ucurve_20260520_011947.json
03_prompt_format,claude-4.5-haiku,Claude-4.5,True,base,semantic_multi,block,5,20,IVQ,ordinal,16,1.0,,1.0,1.0,0.0354,72,,,,,,,raw,experiments_cloud/results/ucurve_proprietary_results.csv,upstream source_file: experiments_cloud/results/ucurve_proprietary/claude-haiku/ucurve_20260520_011947.json
03_prompt_format,claude-4.5-haiku,Claude-4.5,True,base,semantic_multi,block,5,20,IVQ,ordinal,17,1.0,,1.0,1.0,0.0354,72,,,,,,,raw,experiments_cloud/results/ucurve_proprietary_results.csv,upstream source_file: experiments_cloud/results/ucurve_proprietary/claude-haiku/ucurve_20260520_011947.json
03_prompt_format,claude-4.5-haiku,Claude-4.5,True,base,semantic_multi,block,5,20,IVQ,ordinal,19,1.0,,1.0,1.0,0.0354,72,,,,,,,raw,experiments_cloud/results/ucurve_proprietary_results.csv,upstream source_file: experiments_cloud/results/ucurve_proprietary/claude-haiku/ucurve_20260520_011947.json
03_prompt_format,claude-4.5-haiku,Claude-4.5,True,base,semantic_multi,block,5,20,CVQ,ordinal,20,1.0,,1.0,1.0,0.0354,72,,,,,,,raw,experiments_cloud/results/ucurve_proprietary_results.csv,upstream source_file: experiments_cloud/results/ucurve_proprietary/claude-haiku/ucurve_20260520_011947.json
03_prompt_format,claude-4.5-haiku,Claude-4.5,True,base,semantic_multi,block,5,20,CVQ,semantic,last,1.0,,1.0,1.0,0.0354,72,,,,,,,raw,experiments_cloud/results/ucurve_proprietary_results.csv,upstream source_file: experiments_cloud/results/ucurve_proprietary/claude-haiku/ucurve_20260520_011947.json
03_prompt_format,claude-4.5-haiku,Claude-4.5,True,base,semantic_multi,block,5,50,FVQ,ordinal,1,1.0,,1.0,1.0,0.0188,140,,,,,,,raw,experiments_cloud/results/ucurve_proprietary_results.csv,upstream source_file: experiments_cloud/results/ucurve_proprietary/claude-haiku/ucurve_20260520_011947.json
03_prompt_format,claude-4.5-haiku,Claude-4.5,True,base,semantic_multi,block,5,50,IVQ,ordinal,2,1.0,,1.0,1.0,0.0188,140,,,,,,,raw,experiments_cloud/results/ucurve_proprietary_results.csv,upstream source_file: experiments_cloud/results/ucurve_proprietary/claude-haiku/ucurve_20260520_011947.json
03_prompt_format,claude-4.5-haiku,Claude-4.5,True,base,semantic_multi,block,5,50,IVQ,ordinal,3,1.0,,1.0,1.0,0.0188,140,,,,,,,raw,experiments_cloud/results/ucurve_proprietary_results.csv,upstream source_file: experiments_cloud/results/ucurve_proprietary/claude-haiku/ucurve_20260520_011947.json
03_prompt_format,claude-4.5-haiku,Claude-4.5,True,base,semantic_multi,block,5,50,IVQ,ordinal,4,1.0,,1.0,1.0,0.0188,140,,,,,,,raw,experiments_cloud/results/ucurve_proprietary_results.csv,upstream source_file: experiments_cloud/results/ucurve_proprietary/claude-haiku/ucurve_20260520_011947.json
03_prompt_format,claude-4.5-haiku,Claude-4.5,True,base,semantic_multi,block,5,50,IVQ,ordinal,5,1.0,,1.0,1.0,0.0188,140,,,,,,,raw,experiments_cloud/results/ucurve_proprietary_results.csv,upstream source_file: experiments_cloud/results/ucurve_proprietary/claude-haiku/ucurve_20260520_011947.json
03_prompt_format,claude-4.5-haiku,Claude-4.5,True,base,semantic_multi,block,5,50,IVQ,ordinal,6,1.0,,1.0,1.0,0.0188,140,,,,,,,raw,experiments_cloud/results/ucurve_proprietary_results.csv,upstream source_file: experiments_cloud/results/ucurve_proprietary/claude-haiku/ucurve_20260520_011947.json
03_prompt_format,claude-4.5-haiku,Claude-4.5,True,base,semantic_multi,block,5,50,IVQ,ordinal,7,0.9929,,0.9786,1.0,0.023,140,,,,,,,raw,experiments_cloud/results/ucurve_proprietary_results.csv,upstream source_file: experiments_cloud/results/ucurve_proprietary/claude-haiku/ucurve_20260520_011947.json
03_prompt_format,claude-4.5-haiku,Claude-4.5,True,base,semantic_multi,block,5,50,IVQ,ordinal,8,1.0,,1.0,1.0,0.0188,140,,,,,,,raw,experiments_cloud/results/ucurve_proprietary_results.csv,upstream source_file: experiments_cloud/results/ucurve_proprietary/claude-haiku/ucurve_20260520_011947.json
03_prompt_format,claude-4.5-haiku,Claude-4.5,True,base,semantic_multi,block,5,50,IVQ,ordinal,14,0.9643,,0.9286,0.9929,0.035,140,,,,,,,raw,experiments_cloud/results/ucurve_proprietary_results.csv,upstream source_file: experiments_cloud/results/ucurve_proprietary/claude-haiku/ucurve_20260520_011947.json
03_prompt_format,claude-4.5-haiku,Claude-4.5,True,base,semantic_multi,block,5,50,IVQ,ordinal,20,0.9929,,0.9786,1.0,0.023,140,,,,,,,raw,experiments_cloud/results/ucurve_proprietary_results.csv,upstream source_file: experiments_cloud/results/ucurve_proprietary/claude-haiku/ucurve_20260520_011947.json
03_prompt_format,claude-4.5-haiku,Claude-4.5,True,base,semantic_multi,block,5,50,IVQ,ordinal,26,0.9929,,0.9786,1.0,0.023,140,,,,,,,raw,experiments_cloud/results/ucurve_proprietary_results.csv,upstream source_file: experiments_cloud/results/ucurve_proprietary/claude-haiku/ucurve_20260520_011947.json
03_prompt_format,claude-4.5-haiku,Claude-4.5,True,base,semantic_multi,block,5,50,IVQ,ordinal,31,0.9786,,0.95,1.0,0.0297,140,,,,,,,raw,experiments_cloud/results/ucurve_proprietary_results.csv,upstream source_file: experiments_cloud/results/ucurve_proprietary/claude-haiku/ucurve_20260520_011947.json
03_prompt_format,claude-4.5-haiku,Claude-4.5,True,base,semantic_multi,block,5,50,IVQ,ordinal,37,1.0,,1.0,1.0,0.0188,140,,,,,,,raw,experiments_cloud/results/ucurve_proprietary_results.csv,upstream source_file: experiments_cloud/results/ucurve_proprietary/claude-haiku/ucurve_20260520_011947.json
03_prompt_format,claude-4.5-haiku,Claude-4.5,True,base,semantic_multi,block,5,50,IVQ,ordinal,43,0.9929,,0.9786,1.0,0.023,140,,,,,,,raw,experiments_cloud/results/ucurve_proprietary_results.csv,upstream source_file: experiments_cloud/results/ucurve_proprietary/claude-haiku/ucurve_20260520_011947.json
03_prompt_format,claude-4.5-haiku,Claude-4.5,True,base,semantic_multi,block,5,50,IVQ,ordinal,49,0.9071,,0.8571,0.95,0.0498,140,,,,,,,raw,experiments_cloud/results/ucurve_proprietary_results.csv,upstream source_file: experiments_cloud/results/ucurve_proprietary/claude-haiku/ucurve_20260520_011947.json
03_prompt_format,claude-4.5-haiku,Claude-4.5,True,base,semantic_multi,block,5,50,CVQ,ordinal,50,0.9857,,0.9643,1.0,0.0266,140,,,,,,,raw,experiments_cloud/results/ucurve_proprietary_results.csv,upstream source_file: experiments_cloud/results/ucurve_proprietary/claude-haiku/ucurve_20260520_011947.json
03_prompt_format,claude-4.5-haiku,Claude-4.5,True,base,semantic_multi,block,5,50,CVQ,semantic,last,1.0,,1.0,1.0,0.0188,140,,,,,,,raw,experiments_cloud/results/ucurve_proprietary_results.csv,upstream source_file: experiments_cloud/results/ucurve_proprietary/claude-haiku/ucurve_20260520_011947.json
03_prompt_format,claude-4.5-haiku,Claude-4.5,True,base,semantic_multi,block,10,10,FVQ,ordinal,1,1.0,,1.0,1.0,0.0407,62,,,,,,,raw,experiments_cloud/results/ucurve_proprietary_results.csv,upstream source_file: experiments_cloud/results/ucurve_proprietary/claude-haiku/ucurve_20260520_011947.json
03_prompt_format,claude-4.5-haiku,Claude-4.5,True,base,semantic_multi,block,10,10,IVQ,ordinal,2,1.0,,1.0,1.0,0.0407,62,,,,,,,raw,experiments_cloud/results/ucurve_proprietary_results.csv,upstream source_file: experiments_cloud/results/ucurve_proprietary/claude-haiku/ucurve_20260520_011947.json
03_prompt_format,claude-4.5-haiku,Claude-4.5,True,base,semantic_multi,block,10,10,IVQ,ordinal,3,1.0,,1.0,1.0,0.0407,62,,,,,,,raw,experiments_cloud/results/ucurve_proprietary_results.csv,upstream source_file: experiments_cloud/results/ucurve_proprietary/claude-haiku/ucurve_20260520_011947.json
03_prompt_format,claude-4.5-haiku,Claude-4.5,True,base,semantic_multi,block,10,10,IVQ,ordinal,4,1.0,,1.0,1.0,0.0407,62,,,,,,,raw,experiments_cloud/results/ucurve_proprietary_results.csv,upstream source_file: experiments_cloud/results/ucurve_proprietary/claude-haiku/ucurve_20260520_011947.json
03_prompt_format,claude-4.5-haiku,Claude-4.5,True,base,semantic_multi,block,10,10,IVQ,ordinal,5,1.0,,1.0,1.0,0.0407,62,,,,,,,raw,experiments_cloud/results/ucurve_proprietary_results.csv,upstream source_file: experiments_cloud/results/ucurve_proprietary/claude-haiku/ucurve_20260520_011947.json
03_prompt_format,claude-4.5-haiku,Claude-4.5,True,base,semantic_multi,block,10,10,IVQ,ordinal,6,1.0,,1.0,1.0,0.0407,62,,,,,,,raw,experiments_cloud/results/ucurve_proprietary_results.csv,upstream source_file: experiments_cloud/results/ucurve_proprietary/claude-haiku/ucurve_20260520_011947.json
03_prompt_format,claude-4.5-haiku,Claude-4.5,True,base,semantic_multi,block,10,10,IVQ,ordinal,7,0.9839,,0.9516,1.0,0.0497,62,,,,,,,raw,experiments_cloud/results/ucurve_proprietary_results.csv,upstream source_file: experiments_cloud/results/ucurve_proprietary/claude-haiku/ucurve_20260520_011947.json
03_prompt_format,claude-4.5-haiku,Claude-4.5,True,base,semantic_multi,block,10,10,IVQ,ordinal,8,1.0,,1.0,1.0,0.0407,62,,,,,,,raw,experiments_cloud/results/ucurve_proprietary_results.csv,upstream source_file: experiments_cloud/results/ucurve_proprietary/claude-haiku/ucurve_20260520_011947.json
03_prompt_format,claude-4.5-haiku,Claude-4.5,True,base,semantic_multi,block,10,10,IVQ,ordinal,9,1.0,,1.0,1.0,0.0407,62,,,,,,,raw,experiments_cloud/results/ucurve_proprietary_results.csv,upstream source_file: experiments_cloud/results/ucurve_proprietary/claude-haiku/ucurve_20260520_011947.json
03_prompt_format,claude-4.5-haiku,Claude-4.5,True,base,semantic_multi,block,10,10,CVQ,ordinal,10,0.9839,,0.9516,1.0,0.0497,62,,,,,,,raw,experiments_cloud/results/ucurve_proprietary_results.csv,upstream source_file: experiments_cloud/results/ucurve_proprietary/claude-haiku/ucurve_20260520_011947.json
03_prompt_format,claude-4.5-haiku,Claude-4.5,True,base,semantic_multi,block,10,10,CVQ,semantic,last,1.0,,1.0,1.0,0.0407,62,,,,,,,raw,experiments_cloud/results/ucurve_proprietary_results.csv,upstream source_file: experiments_cloud/results/ucurve_proprietary/claude-haiku/ucurve_20260520_011947.json
03_prompt_format,claude-4.5-haiku,Claude-4.5,True,base,semantic_multi,block,10,20,FVQ,ordinal,1,1.0,,1.0,1.0,0.0317,81,,,,,,,raw,experiments_cloud/results/ucurve_proprietary_results.csv,upstream source_file: experiments_cloud/results/ucurve_proprietary/claude-haiku/ucurve_20260520_011947.json
03_prompt_format,claude-4.5-haiku,Claude-4.5,True,base,semantic_multi,block,10,20,IVQ,ordinal,2,1.0,,1.0,1.0,0.0317,81,,,,,,,raw,experiments_cloud/results/ucurve_proprietary_results.csv,upstream source_file: experiments_cloud/results/ucurve_proprietary/claude-haiku/ucurve_20260520_011947.json
03_prompt_format,claude-4.5-haiku,Claude-4.5,True,base,semantic_multi,block,10,20,IVQ,ordinal,3,1.0,,1.0,1.0,0.0317,81,,,,,,,raw,experiments_cloud/results/ucurve_proprietary_results.csv,upstream source_file: experiments_cloud/results/ucurve_proprietary/claude-haiku/ucurve_20260520_011947.json
03_prompt_format,claude-4.5-haiku,Claude-4.5,True,base,semantic_multi,block,10,20,IVQ,ordinal,4,1.0,,1.0,1.0,0.0317,81,,,,,,,raw,experiments_cloud/results/ucurve_proprietary_results.csv,upstream source_file: experiments_cloud/results/ucurve_proprietary/claude-haiku/ucurve_20260520_011947.json
03_prompt_format,claude-4.5-haiku,Claude-4.5,True,base,semantic_multi,block,10,20,IVQ,ordinal,5,1.0,,1.0,1.0,0.0317,81,,,,,,,raw,experiments_cloud/results/ucurve_proprietary_results.csv,upstream source_file: experiments_cloud/results/ucurve_proprietary/claude-haiku/ucurve_20260520_011947.json
03_prompt_format,claude-4.5-haiku,Claude-4.5,True,base,semantic_multi,block,10,20,IVQ,ordinal,6,1.0,,1.0,1.0,0.0317,81,,,,,,,raw,experiments_cloud/results/ucurve_proprietary_results.csv,upstream source_file: experiments_cloud/results/ucurve_proprietary/claude-haiku/ucurve_20260520_011947.json
03_prompt_format,claude-4.5-haiku,Claude-4.5,True,base,semantic_multi,block,10,20,IVQ,ordinal,7,1.0,,1.0,1.0,0.0317,81,,,,,,,raw,experiments_cloud/results/ucurve_proprietary_results.csv,upstream source_file: experiments_cloud/results/ucurve_proprietary/claude-haiku/ucurve_20260520_011947.json
03_prompt_format,claude-4.5-haiku,Claude-4.5,True,base,semantic_multi,block,10,20,IVQ,ordinal,8,1.0,,1.0,1.0,0.0317,81,,,,,,,raw,experiments_cloud/results/ucurve_proprietary_results.csv,upstream source_file: experiments_cloud/results/ucurve_proprietary/claude-haiku/ucurve_20260520_011947.json
03_prompt_format,claude-4.5-haiku,Claude-4.5,True,base,semantic_multi,block,10,20,IVQ,ordinal,10,0.963,,0.9136,1.0,0.0497,81,,,,,,,raw,experiments_cloud/results/ucurve_proprietary_results.csv,upstream source_file: experiments_cloud/results/ucurve_proprietary/claude-haiku/ucurve_20260520_011947.json
03_prompt_format,claude-4.5-haiku,Claude-4.5,True,base,semantic_multi,block,10,20,IVQ,ordinal,11,1.0,,1.0,1.0,0.0317,81,,,,,,,raw,experiments_cloud/results/ucurve_proprietary_results.csv,upstream source_file: experiments_cloud/results/ucurve_proprietary/claude-haiku/ucurve_20260520_011947.json
03_prompt_format,claude-4.5-haiku,Claude-4.5,True,base,semantic_multi,block,10,20,IVQ,ordinal,13,0.9877,,0.963,1.0,0.0388,81,,,,,,,raw,experiments_cloud/results/ucurve_proprietary_results.csv,upstream source_file: experiments_cloud/results/ucurve_proprietary/claude-haiku/ucurve_20260520_011947.json
03_prompt_format,claude-4.5-haiku,Claude-4.5,True,base,semantic_multi,block,10,20,IVQ,ordinal,14,1.0,,1.0,1.0,0.0317,81,,,,,,,raw,experiments_cloud/results/ucurve_proprietary_results.csv,upstream source_file: experiments_cloud/results/ucurve_proprietary/claude-haiku/ucurve_20260520_011947.json
03_prompt_format,claude-4.5-haiku,Claude-4.5,True,base,semantic_multi,block,10,20,IVQ,ordinal,16,1.0,,1.0,1.0,0.0317,81,,,,,,,raw,experiments_cloud/results/ucurve_proprietary_results.csv,upstream source_file: experiments_cloud/results/ucurve_proprietary/claude-haiku/ucurve_20260520_011947.json
03_prompt_format,claude-4.5-haiku,Claude-4.5,True,base,semantic_multi,block,10,20,IVQ,ordinal,17,1.0,,1.0,1.0,0.0317,81,,,,,,,raw,experiments_cloud/results/ucurve_proprietary_results.csv,upstream source_file: experiments_cloud/results/ucurve_proprietary/claude-haiku/ucurve_20260520_011947.json
03_prompt_format,claude-4.5-haiku,Claude-4.5,True,base,semantic_multi,block,10,20,IVQ,ordinal,19,0.9877,,0.963,1.0,0.0388,81,,,,,,,raw,experiments_cloud/results/ucurve_proprietary_results.csv,upstream source_file: experiments_cloud/results/ucurve_proprietary/claude-haiku/ucurve_20260520_011947.json
03_prompt_format,claude-4.5-haiku,Claude-4.5,True,base,semantic_multi,block,10,20,CVQ,ordinal,20,0.9877,,0.963,1.0,0.0388,81,,,,,,,raw,experiments_cloud/results/ucurve_proprietary_results.csv,upstream source_file: experiments_cloud/results/ucurve_proprietary/claude-haiku/ucurve_20260520_011947.json
03_prompt_format,claude-4.5-haiku,Claude-4.5,True,base,semantic_multi,block,10,20,CVQ,semantic,last,1.0,,1.0,1.0,0.0317,81,,,,,,,raw,experiments_cloud/results/ucurve_proprietary_results.csv,upstream source_file: experiments_cloud/results/ucurve_proprietary/claude-haiku/ucurve_20260520_011947.json
03_prompt_format,claude-4.5-haiku,Claude-4.5,True,base,semantic_multi,block,10,50,FVQ,ordinal,1,1.0,,1.0,1.0,0.0188,140,,,,,,,raw,experiments_cloud/results/ucurve_proprietary_results.csv,upstream source_file: experiments_cloud/results/ucurve_proprietary/claude-haiku/ucurve_20260520_011947.json
03_prompt_format,claude-4.5-haiku,Claude-4.5,True,base,semantic_multi,block,10,50,IVQ,ordinal,2,1.0,,1.0,1.0,0.0188,140,,,,,,,raw,experiments_cloud/results/ucurve_proprietary_results.csv,upstream source_file: experiments_cloud/results/ucurve_proprietary/claude-haiku/ucurve_20260520_011947.json
03_prompt_format,claude-4.5-haiku,Claude-4.5,True,base,semantic_multi,block,10,50,IVQ,ordinal,3,1.0,,1.0,1.0,0.0188,140,,,,,,,raw,experiments_cloud/results/ucurve_proprietary_results.csv,upstream source_file: experiments_cloud/results/ucurve_proprietary/claude-haiku/ucurve_20260520_011947.json
03_prompt_format,claude-4.5-haiku,Claude-4.5,True,base,semantic_multi,block,10,50,IVQ,ordinal,4,1.0,,1.0,1.0,0.0188,140,,,,,,,raw,experiments_cloud/results/ucurve_proprietary_results.csv,upstream source_file: experiments_cloud/results/ucurve_proprietary/claude-haiku/ucurve_20260520_011947.json
03_prompt_format,claude-4.5-haiku,Claude-4.5,True,base,semantic_multi,block,10,50,IVQ,ordinal,5,1.0,,1.0,1.0,0.0188,140,,,,,,,raw,experiments_cloud/results/ucurve_proprietary_results.csv,upstream source_file: experiments_cloud/results/ucurve_proprietary/claude-haiku/ucurve_20260520_011947.json
03_prompt_format,claude-4.5-haiku,Claude-4.5,True,base,semantic_multi,block,10,50,IVQ,ordinal,6,1.0,,1.0,1.0,0.0188,140,,,,,,,raw,experiments_cloud/results/ucurve_proprietary_results.csv,upstream source_file: experiments_cloud/results/ucurve_proprietary/claude-haiku/ucurve_20260520_011947.json
03_prompt_format,claude-4.5-haiku,Claude-4.5,True,base,semantic_multi,block,10,50,IVQ,ordinal,7,1.0,,1.0,1.0,0.0188,140,,,,,,,raw,experiments_cloud/results/ucurve_proprietary_results.csv,upstream source_file: experiments_cloud/results/ucurve_proprietary/claude-haiku/ucurve_20260520_011947.json
03_prompt_format,claude-4.5-haiku,Claude-4.5,True,base,semantic_multi,block,10,50,IVQ,ordinal,8,1.0,,1.0,1.0,0.0188,140,,,,,,,raw,experiments_cloud/results/ucurve_proprietary_results.csv,upstream source_file: experiments_cloud/results/ucurve_proprietary/claude-haiku/ucurve_20260520_011947.json
03_prompt_format,claude-4.5-haiku,Claude-4.5,True,base,semantic_multi,block,10,50,IVQ,ordinal,14,0.9714,,0.9357,0.9929,0.0325,140,,,,,,,raw,experiments_cloud/results/ucurve_proprietary_results.csv,upstream source_file: experiments_cloud/results/ucurve_proprietary/claude-haiku/ucurve_20260520_011947.json
03_prompt_format,claude-4.5-haiku,Claude-4.5,True,base,semantic_multi,block,10,50,IVQ,ordinal,20,0.9214,,0.8714,0.9643,0.0467,140,,,,,,,raw,experiments_cloud/results/ucurve_proprietary_results.csv,upstream source_file: experiments_cloud/results/ucurve_proprietary/claude-haiku/ucurve_20260520_011947.json
03_prompt_format,claude-4.5-haiku,Claude-4.5,True,base,semantic_multi,block,10,50,IVQ,ordinal,26,0.9071,,0.8571,0.9571,0.0498,140,,,,,,,raw,experiments_cloud/results/ucurve_proprietary_results.csv,upstream source_file: experiments_cloud/results/ucurve_proprietary/claude-haiku/ucurve_20260520_011947.json
03_prompt_format,claude-4.5-haiku,Claude-4.5,True,base,semantic_multi,block,10,50,IVQ,ordinal,31,0.9357,,0.8929,0.9714,0.0433,140,,,,,,,raw,experiments_cloud/results/ucurve_proprietary_results.csv,upstream source_file: experiments_cloud/results/ucurve_proprietary/claude-haiku/ucurve_20260520_011947.json
03_prompt_format,claude-4.5-haiku,Claude-4.5,True,base,semantic_multi,block,10,50,IVQ,ordinal,37,0.9857,,0.9643,1.0,0.0266,140,,,,,,,raw,experiments_cloud/results/ucurve_proprietary_results.csv,upstream source_file: experiments_cloud/results/ucurve_proprietary/claude-haiku/ucurve_20260520_011947.json
03_prompt_format,claude-4.5-haiku,Claude-4.5,True,base,semantic_multi,block,10,50,IVQ,ordinal,43,0.9857,,0.9643,1.0,0.0266,140,,,,,,,raw,experiments_cloud/results/ucurve_proprietary_results.csv,upstream source_file: experiments_cloud/results/ucurve_proprietary/claude-haiku/ucurve_20260520_011947.json
03_prompt_format,claude-4.5-haiku,Claude-4.5,True,base,semantic_multi,block,10,50,IVQ,ordinal,49,0.9429,,0.9,0.9786,0.0414,140,,,,,,,raw,experiments_cloud/results/ucurve_proprietary_results.csv,upstream source_file: experiments_cloud/results/ucurve_proprietary/claude-haiku/ucurve_20260520_011947.json
03_prompt_format,claude-4.5-haiku,Claude-4.5,True,base,semantic_multi,block,10,50,CVQ,ordinal,50,0.9857,,0.9643,1.0,0.0266,140,,,,,,,raw,experiments_cloud/results/ucurve_proprietary_results.csv,upstream source_file: experiments_cloud/results/ucurve_proprietary/claude-haiku/ucurve_20260520_011947.json
03_prompt_format,claude-4.5-haiku,Claude-4.5,True,base,semantic_multi,block,10,50,CVQ,semantic,last,0.9929,,0.9786,1.0,0.023,140,,,,,,,raw,experiments_cloud/results/ucurve_proprietary_results.csv,upstream source_file: experiments_cloud/results/ucurve_proprietary/claude-haiku/ucurve_20260520_011947.json
03_prompt_format,claude-4.5-haiku,Claude-4.5,True,base,semantic_multi,flat_nolabel,5,10,FVQ,ordinal,1,0.995,,0.985,1.0,0.0163,200,,,,,,,raw,experiments_cloud/results/ucurve_proprietary_results.csv,upstream source_file: experiments_cloud/results/ucurve_proprietary/claude-haiku/ucurve_20260520_011947.json
03_prompt_format,claude-4.5-haiku,Claude-4.5,True,base,semantic_multi,flat_nolabel,5,10,IVQ,ordinal,2,0.995,,0.985,1.0,0.0163,200,,,,,,,raw,experiments_cloud/results/ucurve_proprietary_results.csv,upstream source_file: experiments_cloud/results/ucurve_proprietary/claude-haiku/ucurve_20260520_011947.json
03_prompt_format,claude-4.5-haiku,Claude-4.5,True,base,semantic_multi,flat_nolabel,5,10,IVQ,ordinal,3,0.87,,0.82,0.915,0.0472,200,,,,,,,raw,experiments_cloud/results/ucurve_proprietary_results.csv,upstream source_file: experiments_cloud/results/ucurve_proprietary/claude-haiku/ucurve_20260520_011947.json
03_prompt_format,claude-4.5-haiku,Claude-4.5,True,base,semantic_multi,flat_nolabel,5,10,IVQ,ordinal,4,0.355,,0.29,0.425,0.0658,200,,,,,,,raw,experiments_cloud/results/ucurve_proprietary_results.csv,upstream source_file: experiments_cloud/results/ucurve_proprietary/claude-haiku/ucurve_20260520_011947.json
03_prompt_format,claude-4.5-haiku,Claude-4.5,True,base,semantic_multi,flat_nolabel,5,10,IVQ,ordinal,5,0.09,,0.05,0.13,0.0408,200,,,,,,,raw,experiments_cloud/results/ucurve_proprietary_results.csv,upstream source_file: experiments_cloud/results/ucurve_proprietary/claude-haiku/ucurve_20260520_011947.json
03_prompt_format,claude-4.5-haiku,Claude-4.5,True,base,semantic_multi,flat_nolabel,5,10,IVQ,ordinal,6,0.095,,0.055,0.135,0.0417,200,,,,,,,raw,experiments_cloud/results/ucurve_proprietary_results.csv,upstream source_file: experiments_cloud/results/ucurve_proprietary/claude-haiku/ucurve_20260520_011947.json
03_prompt_format,claude-4.5-haiku,Claude-4.5,True,base,semantic_multi,flat_nolabel,5,10,IVQ,ordinal,7,0.08,,0.045,0.12,0.0389,200,,,,,,,raw,experiments_cloud/results/ucurve_proprietary_results.csv,upstream source_file: experiments_cloud/results/ucurve_proprietary/claude-haiku/ucurve_20260520_011947.json
03_prompt_format,claude-4.5-haiku,Claude-4.5,True,base,semantic_multi,flat_nolabel,5,10,IVQ,ordinal,8,0.06,,0.03,0.095,0.0346,200,,,,,,,raw,experiments_cloud/results/ucurve_proprietary_results.csv,upstream source_file: experiments_cloud/results/ucurve_proprietary/claude-haiku/ucurve_20260520_011947.json
03_prompt_format,claude-4.5-haiku,Claude-4.5,True,base,semantic_multi,flat_nolabel,5,10,IVQ,ordinal,9,0.055,,0.025,0.09,0.0334,200,,,,,,,raw,experiments_cloud/results/ucurve_proprietary_results.csv,upstream source_file: experiments_cloud/results/ucurve_proprietary/claude-haiku/ucurve_20260520_011947.json
03_prompt_format,claude-4.5-haiku,Claude-4.5,True,base,semantic_multi,flat_nolabel,5,10,CVQ,ordinal,10,0.08,,0.045,0.12,0.0389,200,,,,,,,raw,experiments_cloud/results/ucurve_proprietary_results.csv,upstream source_file: experiments_cloud/results/ucurve_proprietary/claude-haiku/ucurve_20260520_011947.json
03_prompt_format,claude-4.5-haiku,Claude-4.5,True,base,semantic_multi,flat_nolabel,5,10,CVQ,semantic,last,0.91,,0.865,0.945,0.0408,200,,,,,,,raw,experiments_cloud/results/ucurve_proprietary_results.csv,upstream source_file: experiments_cloud/results/ucurve_proprietary/claude-haiku/ucurve_20260520_011947.json
03_prompt_format,claude-4.5-haiku,Claude-4.5,True,base,semantic_multi,flat_nolabel,5,20,FVQ,ordinal,1,1.0,,1.0,1.0,0.0133,200,,,,,,,raw,experiments_cloud/results/ucurve_proprietary_results.csv,upstream source_file: experiments_cloud/results/ucurve_proprietary/claude-haiku/ucurve_20260520_011947.json
03_prompt_format,claude-4.5-haiku,Claude-4.5,True,base,semantic_multi,flat_nolabel,5,20,IVQ,ordinal,2,0.975,,0.95,0.995,0.0249,200,,,,,,,raw,experiments_cloud/results/ucurve_proprietary_results.csv,upstream source_file: experiments_cloud/results/ucurve_proprietary/claude-haiku/ucurve_20260520_011947.json
03_prompt_format,claude-4.5-haiku,Claude-4.5,True,base,semantic_multi,flat_nolabel,5,20,IVQ,ordinal,3,0.785,,0.725,0.84,0.0569,200,,,,,,,raw,experiments_cloud/results/ucurve_proprietary_results.csv,upstream source_file: experiments_cloud/results/ucurve_proprietary/claude-haiku/ucurve_20260520_011947.json
03_prompt_format,claude-4.5-haiku,Claude-4.5,True,base,semantic_multi,flat_nolabel,5,20,IVQ,ordinal,4,0.195,,0.14,0.25,0.055,200,,,,,,,raw,experiments_cloud/results/ucurve_proprietary_results.csv,upstream source_file: experiments_cloud/results/ucurve_proprietary/claude-haiku/ucurve_20260520_011947.json
03_prompt_format,claude-4.5-haiku,Claude-4.5,True,base,semantic_multi,flat_nolabel,5,20,IVQ,ordinal,5,0.05,,0.02,0.085,0.0322,200,,,,,,,raw,experiments_cloud/results/ucurve_proprietary_results.csv,upstream source_file: experiments_cloud/results/ucurve_proprietary/claude-haiku/ucurve_20260520_011947.json
03_prompt_format,claude-4.5-haiku,Claude-4.5,True,base,semantic_multi,flat_nolabel,5,20,IVQ,ordinal,6,0.01,,0.0,0.025,0.0189,200,,,,,,,raw,experiments_cloud/results/ucurve_proprietary_results.csv,upstream source_file: experiments_cloud/results/ucurve_proprietary/claude-haiku/ucurve_20260520_011947.json
03_prompt_format,claude-4.5-haiku,Claude-4.5,True,base,semantic_multi,flat_nolabel,5,20,IVQ,ordinal,7,0.0,,0.0,0.0,0.0133,200,,,,,,,raw,experiments_cloud/results/ucurve_proprietary_results.csv,upstream source_file: experiments_cloud/results/ucurve_proprietary/claude-haiku/ucurve_20260520_011947.json
03_prompt_format,claude-4.5-haiku,Claude-4.5,True,base,semantic_multi,flat_nolabel,5,20,IVQ,ordinal,8,0.01,,0.0,0.025,0.0189,200,,,,,,,raw,experiments_cloud/results/ucurve_proprietary_results.csv,upstream source_file: experiments_cloud/results/ucurve_proprietary/claude-haiku/ucurve_20260520_011947.json
03_prompt_format,claude-4.5-haiku,Claude-4.5,True,base,semantic_multi,flat_nolabel,5,20,IVQ,ordinal,10,0.0,,0.0,0.0,0.0133,200,,,,,,,raw,experiments_cloud/results/ucurve_proprietary_results.csv,upstream source_file: experiments_cloud/results/ucurve_proprietary/claude-haiku/ucurve_20260520_011947.json
03_prompt_format,claude-4.5-haiku,Claude-4.5,True,base,semantic_multi,flat_nolabel,5,20,IVQ,ordinal,11,0.015,,0.0,0.035,0.0211,200,,,,,,,raw,experiments_cloud/results/ucurve_proprietary_results.csv,upstream source_file: experiments_cloud/results/ucurve_proprietary/claude-haiku/ucurve_20260520_011947.json
03_prompt_format,claude-4.5-haiku,Claude-4.5,True,base,semantic_multi,flat_nolabel,5,20,IVQ,ordinal,13,0.01,,0.0,0.025,0.0189,200,,,,,,,raw,experiments_cloud/results/ucurve_proprietary_results.csv,upstream source_file: experiments_cloud/results/ucurve_proprietary/claude-haiku/ucurve_20260520_011947.json
03_prompt_format,claude-4.5-haiku,Claude-4.5,True,base,semantic_multi,flat_nolabel,5,20,IVQ,ordinal,14,0.01,,0.0,0.025,0.0189,200,,,,,,,raw,experiments_cloud/results/ucurve_proprietary_results.csv,upstream source_file: experiments_cloud/results/ucurve_proprietary/claude-haiku/ucurve_20260520_011947.json
03_prompt_format,claude-4.5-haiku,Claude-4.5,True,base,semantic_multi,flat_nolabel,5,20,IVQ,ordinal,16,0.0,,0.0,0.0,0.0133,200,,,,,,,raw,experiments_cloud/results/ucurve_proprietary_results.csv,upstream source_file: experiments_cloud/results/ucurve_proprietary/claude-haiku/ucurve_20260520_011947.json
03_prompt_format,claude-4.5-haiku,Claude-4.5,True,base,semantic_multi,flat_nolabel,5,20,IVQ,ordinal,17,0.01,,0.0,0.025,0.0189,200,,,,,,,raw,experiments_cloud/results/ucurve_proprietary_results.csv,upstream source_file: experiments_cloud/results/ucurve_proprietary/claude-haiku/ucurve_20260520_011947.json
03_prompt_format,claude-4.5-haiku,Claude-4.5,True,base,semantic_multi,flat_nolabel,5,20,IVQ,ordinal,19,0.02,,0.005,0.04,0.0231,200,,,,,,,raw,experiments_cloud/results/ucurve_proprietary_results.csv,upstream source_file: experiments_cloud/results/ucurve_proprietary/claude-haiku/ucurve_20260520_011947.json
03_prompt_format,claude-4.5-haiku,Claude-4.5,True,base,semantic_multi,flat_nolabel,5,20,CVQ,ordinal,20,0.005,,0.0,0.015,0.0163,200,,,,,,,raw,experiments_cloud/results/ucurve_proprietary_results.csv,upstream source_file: experiments_cloud/results/ucurve_proprietary/claude-haiku/ucurve_20260520_011947.json
03_prompt_format,claude-4.5-haiku,Claude-4.5,True,base,semantic_multi,flat_nolabel,5,20,CVQ,semantic,last,0.73,,0.67,0.79,0.0613,200,,,,,,,raw,experiments_cloud/results/ucurve_proprietary_results.csv,upstream source_file: experiments_cloud/results/ucurve_proprietary/claude-haiku/ucurve_20260520_011947.json
03_prompt_format,claude-4.5-haiku,Claude-4.5,True,base,semantic_multi,flat_nolabel,5,50,FVQ,ordinal,1,1.0,,1.0,1.0,0.0133,200,,,,,,,raw,experiments_cloud/results/ucurve_proprietary_results.csv,upstream source_file: experiments_cloud/results/ucurve_proprietary/claude-haiku/ucurve_20260520_011947.json
03_prompt_format,claude-4.5-haiku,Claude-4.5,True,base,semantic_multi,flat_nolabel,5,50,IVQ,ordinal,2,0.99,,0.975,1.0,0.0189,200,,,,,,,raw,experiments_cloud/results/ucurve_proprietary_results.csv,upstream source_file: experiments_cloud/results/ucurve_proprietary/claude-haiku/ucurve_20260520_011947.json
03_prompt_format,claude-4.5-haiku,Claude-4.5,True,base,semantic_multi,flat_nolabel,5,50,IVQ,ordinal,3,0.705,,0.645,0.765,0.0628,200,,,,,,,raw,experiments_cloud/results/ucurve_proprietary_results.csv,upstream source_file: experiments_cloud/results/ucurve_proprietary/claude-haiku/ucurve_20260520_011947.json
03_prompt_format,claude-4.5-haiku,Claude-4.5,True,base,semantic_multi,flat_nolabel,5,50,IVQ,ordinal,4,0.225,,0.17,0.28,0.0578,200,,,,,,,raw,experiments_cloud/results/ucurve_proprietary_results.csv,upstream source_file: experiments_cloud/results/ucurve_proprietary/claude-haiku/ucurve_20260520_011947.json
03_prompt_format,claude-4.5-haiku,Claude-4.5,True,base,semantic_multi,flat_nolabel,5,50,IVQ,ordinal,5,0.055,,0.025,0.09,0.0334,200,,,,,,,raw,experiments_cloud/results/ucurve_proprietary_results.csv,upstream source_file: experiments_cloud/results/ucurve_proprietary/claude-haiku/ucurve_20260520_011947.json
03_prompt_format,claude-4.5-haiku,Claude-4.5,True,base,semantic_multi,flat_nolabel,5,50,IVQ,ordinal,6,0.005,,0.0,0.015,0.0163,200,,,,,,,raw,experiments_cloud/results/ucurve_proprietary_results.csv,upstream source_file: experiments_cloud/results/ucurve_proprietary/claude-haiku/ucurve_20260520_011947.json
03_prompt_format,claude-4.5-haiku,Claude-4.5,True,base,semantic_multi,flat_nolabel,5,50,IVQ,ordinal,7,0.0,,0.0,0.0,0.0133,200,,,,,,,raw,experiments_cloud/results/ucurve_proprietary_results.csv,upstream source_file: experiments_cloud/results/ucurve_proprietary/claude-haiku/ucurve_20260520_011947.json
03_prompt_format,claude-4.5-haiku,Claude-4.5,True,base,semantic_multi,flat_nolabel,5,50,IVQ,ordinal,8,0.005,,0.0,0.015,0.0163,200,,,,,,,raw,experiments_cloud/results/ucurve_proprietary_results.csv,upstream source_file: experiments_cloud/results/ucurve_proprietary/claude-haiku/ucurve_20260520_011947.json
03_prompt_format,claude-4.5-haiku,Claude-4.5,True,base,semantic_multi,flat_nolabel,5,50,IVQ,ordinal,14,0.0,,0.0,0.0,0.0133,200,,,,,,,raw,experiments_cloud/results/ucurve_proprietary_results.csv,upstream source_file: experiments_cloud/results/ucurve_proprietary/claude-haiku/ucurve_20260520_011947.json
03_prompt_format,claude-4.5-haiku,Claude-4.5,True,base,semantic_multi,flat_nolabel,5,50,IVQ,ordinal,20,0.015,,0.0,0.035,0.0211,200,,,,,,,raw,experiments_cloud/results/ucurve_proprietary_results.csv,upstream source_file: experiments_cloud/results/ucurve_proprietary/claude-haiku/ucurve_20260520_011947.json
03_prompt_format,claude-4.5-haiku,Claude-4.5,True,base,semantic_multi,flat_nolabel,5,50,IVQ,ordinal,26,0.0,,0.0,0.0,0.0133,200,,,,,,,raw,experiments_cloud/results/ucurve_proprietary_results.csv,upstream source_file: experiments_cloud/results/ucurve_proprietary/claude-haiku/ucurve_20260520_011947.json
03_prompt_format,claude-4.5-haiku,Claude-4.5,True,base,semantic_multi,flat_nolabel,5,50,IVQ,ordinal,31,0.005,,0.0,0.015,0.0163,200,,,,,,,raw,experiments_cloud/results/ucurve_proprietary_results.csv,upstream source_file: experiments_cloud/results/ucurve_proprietary/claude-haiku/ucurve_20260520_011947.json
03_prompt_format,claude-4.5-haiku,Claude-4.5,True,base,semantic_multi,flat_nolabel,5,50,IVQ,ordinal,37,0.0,,0.0,0.0,0.0133,200,,,,,,,raw,experiments_cloud/results/ucurve_proprietary_results.csv,upstream source_file: experiments_cloud/results/ucurve_proprietary/claude-haiku/ucurve_20260520_011947.json
03_prompt_format,claude-4.5-haiku,Claude-4.5,True,base,semantic_multi,flat_nolabel,5,50,IVQ,ordinal,43,0.0,,0.0,0.0,0.0133,200,,,,,,,raw,experiments_cloud/results/ucurve_proprietary_results.csv,upstream source_file: experiments_cloud/results/ucurve_proprietary/claude-haiku/ucurve_20260520_011947.json
03_prompt_format,claude-4.5-haiku,Claude-4.5,True,base,semantic_multi,flat_nolabel,5,50,IVQ,ordinal,49,0.0,,0.0,0.0,0.0133,200,,,,,,,raw,experiments_cloud/results/ucurve_proprietary_results.csv,upstream source_file: experiments_cloud/results/ucurve_proprietary/claude-haiku/ucurve_20260520_011947.json
03_prompt_format,claude-4.5-haiku,Claude-4.5,True,base,semantic_multi,flat_nolabel,5,50,CVQ,ordinal,50,0.0,,0.0,0.0,0.0133,200,,,,,,,raw,experiments_cloud/results/ucurve_proprietary_results.csv,upstream source_file: experiments_cloud/results/ucurve_proprietary/claude-haiku/ucurve_20260520_011947.json
03_prompt_format,claude-4.5-haiku,Claude-4.5,True,base,semantic_multi,flat_nolabel,5,50,CVQ,semantic,last,0.575,,0.505,0.645,0.0679,200,,,,,,,raw,experiments_cloud/results/ucurve_proprietary_results.csv,upstream source_file: experiments_cloud/results/ucurve_proprietary/claude-haiku/ucurve_20260520_011947.json
03_prompt_format,claude-4.5-haiku,Claude-4.5,True,base,semantic_multi,flat_nolabel,10,10,FVQ,ordinal,1,1.0,,1.0,1.0,0.0133,200,,,,,,,raw,experiments_cloud/results/ucurve_proprietary_results.csv,upstream source_file: experiments_cloud/results/ucurve_proprietary/claude-haiku/ucurve_20260520_011947.json
03_prompt_format,claude-4.5-haiku,Claude-4.5,True,base,semantic_multi,flat_nolabel,10,10,IVQ,ordinal,2,0.975,,0.95,0.995,0.0249,200,,,,,,,raw,experiments_cloud/results/ucurve_proprietary_results.csv,upstream source_file: experiments_cloud/results/ucurve_proprietary/claude-haiku/ucurve_20260520_011947.json
03_prompt_format,claude-4.5-haiku,Claude-4.5,True,base,semantic_multi,flat_nolabel,10,10,IVQ,ordinal,3,0.84,,0.79,0.89,0.0511,200,,,,,,,raw,experiments_cloud/results/ucurve_proprietary_results.csv,upstream source_file: experiments_cloud/results/ucurve_proprietary/claude-haiku/ucurve_20260520_011947.json
03_prompt_format,claude-4.5-haiku,Claude-4.5,True,base,semantic_multi,flat_nolabel,10,10,IVQ,ordinal,4,0.255,,0.195,0.32,0.0602,200,,,,,,,raw,experiments_cloud/results/ucurve_proprietary_results.csv,upstream source_file: experiments_cloud/results/ucurve_proprietary/claude-haiku/ucurve_20260520_011947.json
03_prompt_format,claude-4.5-haiku,Claude-4.5,True,base,semantic_multi,flat_nolabel,10,10,IVQ,ordinal,5,0.075,,0.04,0.115,0.0379,200,,,,,,,raw,experiments_cloud/results/ucurve_proprietary_results.csv,upstream source_file: experiments_cloud/results/ucurve_proprietary/claude-haiku/ucurve_20260520_011947.json
03_prompt_format,claude-4.5-haiku,Claude-4.5,True,base,semantic_multi,flat_nolabel,10,10,IVQ,ordinal,6,0.13,,0.085,0.18,0.0472,200,,,,,,,raw,experiments_cloud/results/ucurve_proprietary_results.csv,upstream source_file: experiments_cloud/results/ucurve_proprietary/claude-haiku/ucurve_20260520_011947.json
03_prompt_format,claude-4.5-haiku,Claude-4.5,True,base,semantic_multi,flat_nolabel,10,10,IVQ,ordinal,7,0.065,,0.035,0.1,0.0358,200,,,,,,,raw,experiments_cloud/results/ucurve_proprietary_results.csv,upstream source_file: experiments_cloud/results/ucurve_proprietary/claude-haiku/ucurve_20260520_011947.json
03_prompt_format,claude-4.5-haiku,Claude-4.5,True,base,semantic_multi,flat_nolabel,10,10,IVQ,ordinal,8,0.095,,0.055,0.135,0.0417,200,,,,,,,raw,experiments_cloud/results/ucurve_proprietary_results.csv,upstream source_file: experiments_cloud/results/ucurve_proprietary/claude-haiku/ucurve_20260520_011947.json
03_prompt_format,claude-4.5-haiku,Claude-4.5,True,base,semantic_multi,flat_nolabel,10,10,IVQ,ordinal,9,0.075,,0.04,0.115,0.0379,200,,,,,,,raw,experiments_cloud/results/ucurve_proprietary_results.csv,upstream source_file: experiments_cloud/results/ucurve_proprietary/claude-haiku/ucurve_20260520_011947.json
03_prompt_format,claude-4.5-haiku,Claude-4.5,True,base,semantic_multi,flat_nolabel,10,10,CVQ,ordinal,10,0.095,,0.055,0.14,0.0417,200,,,,,,,raw,experiments_cloud/results/ucurve_proprietary_results.csv,upstream source_file: experiments_cloud/results/ucurve_proprietary/claude-haiku/ucurve_20260520_011947.json
03_prompt_format,claude-4.5-haiku,Claude-4.5,True,base,semantic_multi,flat_nolabel,10,10,CVQ,semantic,last,0.73,,0.67,0.79,0.0613,200,,,,,,,raw,experiments_cloud/results/ucurve_proprietary_results.csv,upstream source_file: experiments_cloud/results/ucurve_proprietary/claude-haiku/ucurve_20260520_011947.json
03_prompt_format,claude-4.5-haiku,Claude-4.5,True,base,semantic_multi,flat_nolabel,10,20,FVQ,ordinal,1,1.0,,1.0,1.0,0.0133,200,,,,,,,raw,experiments_cloud/results/ucurve_proprietary_results.csv,upstream source_file: experiments_cloud/results/ucurve_proprietary/claude-haiku/ucurve_20260520_011947.json
03_prompt_format,claude-4.5-haiku,Claude-4.5,True,base,semantic_multi,flat_nolabel,10,20,IVQ,ordinal,2,0.99,,0.975,1.0,0.0189,200,,,,,,,raw,experiments_cloud/results/ucurve_proprietary_results.csv,upstream source_file: experiments_cloud/results/ucurve_proprietary/claude-haiku/ucurve_20260520_011947.json
03_prompt_format,claude-4.5-haiku,Claude-4.5,True,base,semantic_multi,flat_nolabel,10,20,IVQ,ordinal,3,0.7,,0.635,0.76,0.0631,200,,,,,,,raw,experiments_cloud/results/ucurve_proprietary_results.csv,upstream source_file: experiments_cloud/results/ucurve_proprietary/claude-haiku/ucurve_20260520_011947.json
03_prompt_format,claude-4.5-haiku,Claude-4.5,True,base,semantic_multi,flat_nolabel,10,20,IVQ,ordinal,4,0.19,,0.135,0.245,0.0545,200,,,,,,,raw,experiments_cloud/results/ucurve_proprietary_results.csv,upstream source_file: experiments_cloud/results/ucurve_proprietary/claude-haiku/ucurve_20260520_011947.json
03_prompt_format,claude-4.5-haiku,Claude-4.5,True,base,semantic_multi,flat_nolabel,10,20,IVQ,ordinal,5,0.05,,0.025,0.08,0.0322,200,,,,,,,raw,experiments_cloud/results/ucurve_proprietary_results.csv,upstream source_file: experiments_cloud/results/ucurve_proprietary/claude-haiku/ucurve_20260520_011947.json
03_prompt_format,claude-4.5-haiku,Claude-4.5,True,base,semantic_multi,flat_nolabel,10,20,IVQ,ordinal,6,0.03,,0.01,0.055,0.0265,200,,,,,,,raw,experiments_cloud/results/ucurve_proprietary_results.csv,upstream source_file: experiments_cloud/results/ucurve_proprietary/claude-haiku/ucurve_20260520_011947.json
03_prompt_format,claude-4.5-haiku,Claude-4.5,True,base,semantic_multi,flat_nolabel,10,20,IVQ,ordinal,7,0.01,,0.0,0.025,0.0189,200,,,,,,,raw,experiments_cloud/results/ucurve_proprietary_results.csv,upstream source_file: experiments_cloud/results/ucurve_proprietary/claude-haiku/ucurve_20260520_011947.json
03_prompt_format,claude-4.5-haiku,Claude-4.5,True,base,semantic_multi,flat_nolabel,10,20,IVQ,ordinal,8,0.0,,0.0,0.0,0.0133,200,,,,,,,raw,experiments_cloud/results/ucurve_proprietary_results.csv,upstream source_file: experiments_cloud/results/ucurve_proprietary/claude-haiku/ucurve_20260520_011947.json
03_prompt_format,claude-4.5-haiku,Claude-4.5,True,base,semantic_multi,flat_nolabel,10,20,IVQ,ordinal,10,0.0,,0.0,0.0,0.0133,200,,,,,,,raw,experiments_cloud/results/ucurve_proprietary_results.csv,upstream source_file: experiments_cloud/results/ucurve_proprietary/claude-haiku/ucurve_20260520_011947.json
03_prompt_format,claude-4.5-haiku,Claude-4.5,True,base,semantic_multi,flat_nolabel,10,20,IVQ,ordinal,11,0.01,,0.0,0.025,0.0189,200,,,,,,,raw,experiments_cloud/results/ucurve_proprietary_results.csv,upstream source_file: experiments_cloud/results/ucurve_proprietary/claude-haiku/ucurve_20260520_011947.json
03_prompt_format,claude-4.5-haiku,Claude-4.5,True,base,semantic_multi,flat_nolabel,10,20,IVQ,ordinal,13,0.025,,0.005,0.05,0.0249,200,,,,,,,raw,experiments_cloud/results/ucurve_proprietary_results.csv,upstream source_file: experiments_cloud/results/ucurve_proprietary/claude-haiku/ucurve_20260520_011947.json
03_prompt_format,claude-4.5-haiku,Claude-4.5,True,base,semantic_multi,flat_nolabel,10,20,IVQ,ordinal,14,0.025,,0.005,0.05,0.0249,200,,,,,,,raw,experiments_cloud/results/ucurve_proprietary_results.csv,upstream source_file: experiments_cloud/results/ucurve_proprietary/claude-haiku/ucurve_20260520_011947.json
03_prompt_format,claude-4.5-haiku,Claude-4.5,True,base,semantic_multi,flat_nolabel,10,20,IVQ,ordinal,16,0.035,,0.01,0.065,0.0281,200,,,,,,,raw,experiments_cloud/results/ucurve_proprietary_results.csv,upstream source_file: experiments_cloud/results/ucurve_proprietary/claude-haiku/ucurve_20260520_011947.json
03_prompt_format,claude-4.5-haiku,Claude-4.5,True,base,semantic_multi,flat_nolabel,10,20,IVQ,ordinal,17,0.01,,0.0,0.025,0.0189,200,,,,,,,raw,experiments_cloud/results/ucurve_proprietary_results.csv,upstream source_file: experiments_cloud/results/ucurve_proprietary/claude-haiku/ucurve_20260520_011947.json
03_prompt_format,claude-4.5-haiku,Claude-4.5,True,base,semantic_multi,flat_nolabel,10,20,IVQ,ordinal,19,0.02,,0.005,0.04,0.0231,200,,,,,,,raw,experiments_cloud/results/ucurve_proprietary_results.csv,upstream source_file: experiments_cloud/results/ucurve_proprietary/claude-haiku/ucurve_20260520_011947.json
03_prompt_format,claude-4.5-haiku,Claude-4.5,True,base,semantic_multi,flat_nolabel,10,20,CVQ,ordinal,20,0.03,,0.01,0.055,0.0265,200,,,,,,,raw,experiments_cloud/results/ucurve_proprietary_results.csv,upstream source_file: experiments_cloud/results/ucurve_proprietary/claude-haiku/ucurve_20260520_011947.json
03_prompt_format,claude-4.5-haiku,Claude-4.5,True,base,semantic_multi,flat_nolabel,10,20,CVQ,semantic,last,0.555,,0.485,0.62,0.0682,200,,,,,,,raw,experiments_cloud/results/ucurve_proprietary_results.csv,upstream source_file: experiments_cloud/results/ucurve_proprietary/claude-haiku/ucurve_20260520_011947.json
03_prompt_format,claude-4.5-haiku,Claude-4.5,True,base,semantic_multi,flat_nolabel,10,50,FVQ,ordinal,1,1.0,,1.0,1.0,0.0133,200,,,,,,,raw,experiments_cloud/results/ucurve_proprietary_results.csv,upstream source_file: experiments_cloud/results/ucurve_proprietary/claude-haiku/ucurve_20260520_011947.json
03_prompt_format,claude-4.5-haiku,Claude-4.5,True,base,semantic_multi,flat_nolabel,10,50,IVQ,ordinal,2,0.975,,0.95,0.995,0.0249,200,,,,,,,raw,experiments_cloud/results/ucurve_proprietary_results.csv,upstream source_file: experiments_cloud/results/ucurve_proprietary/claude-haiku/ucurve_20260520_011947.json
03_prompt_format,claude-4.5-haiku,Claude-4.5,True,base,semantic_multi,flat_nolabel,10,50,IVQ,ordinal,3,0.705,,0.64,0.77,0.0628,200,,,,,,,raw,experiments_cloud/results/ucurve_proprietary_results.csv,upstream source_file: experiments_cloud/results/ucurve_proprietary/claude-haiku/ucurve_20260520_011947.json
03_prompt_format,claude-4.5-haiku,Claude-4.5,True,base,semantic_multi,flat_nolabel,10,50,IVQ,ordinal,4,0.13,,0.085,0.18,0.0472,200,,,,,,,raw,experiments_cloud/results/ucurve_proprietary_results.csv,upstream source_file: experiments_cloud/results/ucurve_proprietary/claude-haiku/ucurve_20260520_011947.json
03_prompt_format,claude-4.5-haiku,Claude-4.5,True,base,semantic_multi,flat_nolabel,10,50,IVQ,ordinal,5,0.02,,0.005,0.04,0.0231,200,,,,,,,raw,experiments_cloud/results/ucurve_proprietary_results.csv,upstream source_file: experiments_cloud/results/ucurve_proprietary/claude-haiku/ucurve_20260520_011947.json
03_prompt_format,claude-4.5-haiku,Claude-4.5,True,base,semantic_multi,flat_nolabel,10,50,IVQ,ordinal,6,0.01,,0.0,0.025,0.0189,200,,,,,,,raw,experiments_cloud/results/ucurve_proprietary_results.csv,upstream source_file: experiments_cloud/results/ucurve_proprietary/claude-haiku/ucurve_20260520_011947.json
03_prompt_format,claude-4.5-haiku,Claude-4.5,True,base,semantic_multi,flat_nolabel,10,50,IVQ,ordinal,7,0.0,,0.0,0.0,0.0133,200,,,,,,,raw,experiments_cloud/results/ucurve_proprietary_results.csv,upstream source_file: experiments_cloud/results/ucurve_proprietary/claude-haiku/ucurve_20260520_011947.json
03_prompt_format,claude-4.5-haiku,Claude-4.5,True,base,semantic_multi,flat_nolabel,10,50,IVQ,ordinal,8,0.01,,0.0,0.025,0.0189,200,,,,,,,raw,experiments_cloud/results/ucurve_proprietary_results.csv,upstream source_file: experiments_cloud/results/ucurve_proprietary/claude-haiku/ucurve_20260520_011947.json
03_prompt_format,claude-4.5-haiku,Claude-4.5,True,base,semantic_multi,flat_nolabel,10,50,IVQ,ordinal,14,0.01,,0.0,0.025,0.0189,200,,,,,,,raw,experiments_cloud/results/ucurve_proprietary_results.csv,upstream source_file: experiments_cloud/results/ucurve_proprietary/claude-haiku/ucurve_20260520_011947.json
03_prompt_format,claude-4.5-haiku,Claude-4.5,True,base,semantic_multi,flat_nolabel,10,50,IVQ,ordinal,20,0.0,,0.0,0.0,0.0133,200,,,,,,,raw,experiments_cloud/results/ucurve_proprietary_results.csv,upstream source_file: experiments_cloud/results/ucurve_proprietary/claude-haiku/ucurve_20260520_011947.json
03_prompt_format,claude-4.5-haiku,Claude-4.5,True,base,semantic_multi,flat_nolabel,10,50,IVQ,ordinal,26,0.02,,0.005,0.04,0.0231,200,,,,,,,raw,experiments_cloud/results/ucurve_proprietary_results.csv,upstream source_file: experiments_cloud/results/ucurve_proprietary/claude-haiku/ucurve_20260520_011947.json
03_prompt_format,claude-4.5-haiku,Claude-4.5,True,base,semantic_multi,flat_nolabel,10,50,IVQ,ordinal,31,0.005,,0.0,0.015,0.0163,200,,,,,,,raw,experiments_cloud/results/ucurve_proprietary_results.csv,upstream source_file: experiments_cloud/results/ucurve_proprietary/claude-haiku/ucurve_20260520_011947.json
03_prompt_format,claude-4.5-haiku,Claude-4.5,True,base,semantic_multi,flat_nolabel,10,50,IVQ,ordinal,37,0.005,,0.0,0.015,0.0163,200,,,,,,,raw,experiments_cloud/results/ucurve_proprietary_results.csv,upstream source_file: experiments_cloud/results/ucurve_proprietary/claude-haiku/ucurve_20260520_011947.json
03_prompt_format,claude-4.5-haiku,Claude-4.5,True,base,semantic_multi,flat_nolabel,10,50,IVQ,ordinal,43,0.005,,0.0,0.015,0.0163,200,,,,,,,raw,experiments_cloud/results/ucurve_proprietary_results.csv,upstream source_file: experiments_cloud/results/ucurve_proprietary/claude-haiku/ucurve_20260520_011947.json
03_prompt_format,claude-4.5-haiku,Claude-4.5,True,base,semantic_multi,flat_nolabel,10,50,IVQ,ordinal,49,0.0,,0.0,0.0,0.0133,200,,,,,,,raw,experiments_cloud/results/ucurve_proprietary_results.csv,upstream source_file: experiments_cloud/results/ucurve_proprietary/claude-haiku/ucurve_20260520_011947.json
03_prompt_format,claude-4.5-haiku,Claude-4.5,True,base,semantic_multi,flat_nolabel,10,50,CVQ,ordinal,50,0.0,,0.0,0.0,0.0133,200,,,,,,,raw,experiments_cloud/results/ucurve_proprietary_results.csv,upstream source_file: experiments_cloud/results/ucurve_proprietary/claude-haiku/ucurve_20260520_011947.json
03_prompt_format,claude-4.5-haiku,Claude-4.5,True,base,semantic_multi,flat_nolabel,10,50,CVQ,semantic,last,0.435,,0.365,0.5001,0.0681,200,,,,,,,raw,experiments_cloud/results/ucurve_proprietary_results.csv,upstream source_file: experiments_cloud/results/ucurve_proprietary/claude-haiku/ucurve_20260520_011947.json
03_prompt_format,claude-4.5-haiku,Claude-4.5,True,base,semantic_multi,flat_verbose,5,10,FVQ,ordinal,1,1.0,,1.0,1.0,0.0354,72,,,,,,,raw,experiments_cloud/results/ucurve_proprietary_results.csv,upstream source_file: experiments_cloud/results/ucurve_proprietary/claude-haiku/ucurve_20260520_011947.json
03_prompt_format,claude-4.5-haiku,Claude-4.5,True,base,semantic_multi,flat_verbose,5,10,IVQ,ordinal,2,1.0,,1.0,1.0,0.0354,72,,,,,,,raw,experiments_cloud/results/ucurve_proprietary_results.csv,upstream source_file: experiments_cloud/results/ucurve_proprietary/claude-haiku/ucurve_20260520_011947.json
03_prompt_format,claude-4.5-haiku,Claude-4.5,True,base,semantic_multi,flat_verbose,5,10,IVQ,ordinal,3,1.0,,1.0,1.0,0.0354,72,,,,,,,raw,experiments_cloud/results/ucurve_proprietary_results.csv,upstream source_file: experiments_cloud/results/ucurve_proprietary/claude-haiku/ucurve_20260520_011947.json
03_prompt_format,claude-4.5-haiku,Claude-4.5,True,base,semantic_multi,flat_verbose,5,10,IVQ,ordinal,4,1.0,,1.0,1.0,0.0354,72,,,,,,,raw,experiments_cloud/results/ucurve_proprietary_results.csv,upstream source_file: experiments_cloud/results/ucurve_proprietary/claude-haiku/ucurve_20260520_011947.json
03_prompt_format,claude-4.5-haiku,Claude-4.5,True,base,semantic_multi,flat_verbose,5,10,IVQ,ordinal,5,0.9861,,0.9583,1.0,0.0433,72,,,,,,,raw,experiments_cloud/results/ucurve_proprietary_results.csv,upstream source_file: experiments_cloud/results/ucurve_proprietary/claude-haiku/ucurve_20260520_011947.json
03_prompt_format,claude-4.5-haiku,Claude-4.5,True,base,semantic_multi,flat_verbose,5,10,IVQ,ordinal,6,0.9861,,0.9583,1.0,0.0433,72,,,,,,,raw,experiments_cloud/results/ucurve_proprietary_results.csv,upstream source_file: experiments_cloud/results/ucurve_proprietary/claude-haiku/ucurve_20260520_011947.json
03_prompt_format,claude-4.5-haiku,Claude-4.5,True,base,semantic_multi,flat_verbose,5,10,IVQ,ordinal,7,1.0,,1.0,1.0,0.0354,72,,,,,,,raw,experiments_cloud/results/ucurve_proprietary_results.csv,upstream source_file: experiments_cloud/results/ucurve_proprietary/claude-haiku/ucurve_20260520_011947.json
03_prompt_format,claude-4.5-haiku,Claude-4.5,True,base,semantic_multi,flat_verbose,5,10,IVQ,ordinal,8,0.9861,,0.9583,1.0,0.0433,72,,,,,,,raw,experiments_cloud/results/ucurve_proprietary_results.csv,upstream source_file: experiments_cloud/results/ucurve_proprietary/claude-haiku/ucurve_20260520_011947.json
03_prompt_format,claude-4.5-haiku,Claude-4.5,True,base,semantic_multi,flat_verbose,5,10,IVQ,ordinal,9,0.9861,,0.9583,1.0,0.0433,72,,,,,,,raw,experiments_cloud/results/ucurve_proprietary_results.csv,upstream source_file: experiments_cloud/results/ucurve_proprietary/claude-haiku/ucurve_20260520_011947.json
03_prompt_format,claude-4.5-haiku,Claude-4.5,True,base,semantic_multi,flat_verbose,5,10,CVQ,ordinal,10,1.0,,1.0,1.0,0.0354,72,,,,,,,raw,experiments_cloud/results/ucurve_proprietary_results.csv,upstream source_file: experiments_cloud/results/ucurve_proprietary/claude-haiku/ucurve_20260520_011947.json
03_prompt_format,claude-4.5-haiku,Claude-4.5,True,base,semantic_multi,flat_verbose,5,10,CVQ,semantic,last,0.9722,,0.9306,1.0,0.0498,72,,,,,,,raw,experiments_cloud/results/ucurve_proprietary_results.csv,upstream source_file: experiments_cloud/results/ucurve_proprietary/claude-haiku/ucurve_20260520_011947.json
03_prompt_format,claude-4.5-haiku,Claude-4.5,True,base,semantic_multi,flat_verbose,5,20,FVQ,ordinal,1,1.0,,1.0,1.0,0.029,89,,,,,,,raw,experiments_cloud/results/ucurve_proprietary_results.csv,upstream source_file: experiments_cloud/results/ucurve_proprietary/claude-haiku/ucurve_20260520_011947.json
03_prompt_format,claude-4.5-haiku,Claude-4.5,True,base,semantic_multi,flat_verbose,5,20,IVQ,ordinal,2,1.0,,1.0,1.0,0.029,89,,,,,,,raw,experiments_cloud/results/ucurve_proprietary_results.csv,upstream source_file: experiments_cloud/results/ucurve_proprietary/claude-haiku/ucurve_20260520_011947.json
03_prompt_format,claude-4.5-haiku,Claude-4.5,True,base,semantic_multi,flat_verbose,5,20,IVQ,ordinal,3,1.0,,1.0,1.0,0.029,89,,,,,,,raw,experiments_cloud/results/ucurve_proprietary_results.csv,upstream source_file: experiments_cloud/results/ucurve_proprietary/claude-haiku/ucurve_20260520_011947.json
03_prompt_format,claude-4.5-haiku,Claude-4.5,True,base,semantic_multi,flat_verbose,5,20,IVQ,ordinal,4,1.0,,1.0,1.0,0.029,89,,,,,,,raw,experiments_cloud/results/ucurve_proprietary_results.csv,upstream source_file: experiments_cloud/results/ucurve_proprietary/claude-haiku/ucurve_20260520_011947.json
03_prompt_format,claude-4.5-haiku,Claude-4.5,True,base,semantic_multi,flat_verbose,5,20,IVQ,ordinal,5,1.0,,1.0,1.0,0.029,89,,,,,,,raw,experiments_cloud/results/ucurve_proprietary_results.csv,upstream source_file: experiments_cloud/results/ucurve_proprietary/claude-haiku/ucurve_20260520_011947.json
03_prompt_format,claude-4.5-haiku,Claude-4.5,True,base,semantic_multi,flat_verbose,5,20,IVQ,ordinal,6,1.0,,1.0,1.0,0.029,89,,,,,,,raw,experiments_cloud/results/ucurve_proprietary_results.csv,upstream source_file: experiments_cloud/results/ucurve_proprietary/claude-haiku/ucurve_20260520_011947.json
03_prompt_format,claude-4.5-haiku,Claude-4.5,True,base,semantic_multi,flat_verbose,5,20,IVQ,ordinal,7,1.0,,1.0,1.0,0.029,89,,,,,,,raw,experiments_cloud/results/ucurve_proprietary_results.csv,upstream source_file: experiments_cloud/results/ucurve_proprietary/claude-haiku/ucurve_20260520_011947.json
03_prompt_format,claude-4.5-haiku,Claude-4.5,True,base,semantic_multi,flat_verbose,5,20,IVQ,ordinal,8,1.0,,1.0,1.0,0.029,89,,,,,,,raw,experiments_cloud/results/ucurve_proprietary_results.csv,upstream source_file: experiments_cloud/results/ucurve_proprietary/claude-haiku/ucurve_20260520_011947.json
03_prompt_format,claude-4.5-haiku,Claude-4.5,True,base,semantic_multi,flat_verbose,5,20,IVQ,ordinal,10,1.0,,1.0,1.0,0.029,89,,,,,,,raw,experiments_cloud/results/ucurve_proprietary_results.csv,upstream source_file: experiments_cloud/results/ucurve_proprietary/claude-haiku/ucurve_20260520_011947.json
03_prompt_format,claude-4.5-haiku,Claude-4.5,True,base,semantic_multi,flat_verbose,5,20,IVQ,ordinal,11,0.9775,,0.9438,1.0,0.0409,89,,,,,,,raw,experiments_cloud/results/ucurve_proprietary_results.csv,upstream source_file: experiments_cloud/results/ucurve_proprietary/claude-haiku/ucurve_20260520_011947.json
03_prompt_format,claude-4.5-haiku,Claude-4.5,True,base,semantic_multi,flat_verbose,5,20,IVQ,ordinal,13,0.9888,,0.9663,1.0,0.0355,89,,,,,,,raw,experiments_cloud/results/ucurve_proprietary_results.csv,upstream source_file: experiments_cloud/results/ucurve_proprietary/claude-haiku/ucurve_20260520_011947.json
03_prompt_format,claude-4.5-haiku,Claude-4.5,True,base,semantic_multi,flat_verbose,5,20,IVQ,ordinal,14,0.9775,,0.9438,1.0,0.0409,89,,,,,,,raw,experiments_cloud/results/ucurve_proprietary_results.csv,upstream source_file: experiments_cloud/results/ucurve_proprietary/claude-haiku/ucurve_20260520_011947.json
03_prompt_format,claude-4.5-haiku,Claude-4.5,True,base,semantic_multi,flat_verbose,5,20,IVQ,ordinal,16,0.9888,,0.9663,1.0,0.0355,89,,,,,,,raw,experiments_cloud/results/ucurve_proprietary_results.csv,upstream source_file: experiments_cloud/results/ucurve_proprietary/claude-haiku/ucurve_20260520_011947.json
03_prompt_format,claude-4.5-haiku,Claude-4.5,True,base,semantic_multi,flat_verbose,5,20,IVQ,ordinal,17,1.0,,1.0,1.0,0.029,89,,,,,,,raw,experiments_cloud/results/ucurve_proprietary_results.csv,upstream source_file: experiments_cloud/results/ucurve_proprietary/claude-haiku/ucurve_20260520_011947.json
03_prompt_format,claude-4.5-haiku,Claude-4.5,True,base,semantic_multi,flat_verbose,5,20,IVQ,ordinal,19,0.9551,,0.9101,0.9888,0.0497,89,,,,,,,raw,experiments_cloud/results/ucurve_proprietary_results.csv,upstream source_file: experiments_cloud/results/ucurve_proprietary/claude-haiku/ucurve_20260520_011947.json
03_prompt_format,claude-4.5-haiku,Claude-4.5,True,base,semantic_multi,flat_verbose,5,20,CVQ,ordinal,20,0.9775,,0.9438,1.0,0.0409,89,,,,,,,raw,experiments_cloud/results/ucurve_proprietary_results.csv,upstream source_file: experiments_cloud/results/ucurve_proprietary/claude-haiku/ucurve_20260520_011947.json
03_prompt_format,claude-4.5-haiku,Claude-4.5,True,base,semantic_multi,flat_verbose,5,20,CVQ,semantic,last,0.9551,,0.9101,0.9888,0.0497,89,,,,,,,raw,experiments_cloud/results/ucurve_proprietary_results.csv,upstream source_file: experiments_cloud/results/ucurve_proprietary/claude-haiku/ucurve_20260520_011947.json
03_prompt_format,claude-4.5-haiku,Claude-4.5,True,base,semantic_multi,flat_verbose,5,50,FVQ,ordinal,1,1.0,,1.0,1.0,0.0317,81,,,,,,,raw,experiments_cloud/results/ucurve_proprietary_results.csv,upstream source_file: experiments_cloud/results/ucurve_proprietary/claude-haiku/ucurve_20260520_011947.json
03_prompt_format,claude-4.5-haiku,Claude-4.5,True,base,semantic_multi,flat_verbose,5,50,IVQ,ordinal,2,1.0,,1.0,1.0,0.0317,81,,,,,,,raw,experiments_cloud/results/ucurve_proprietary_results.csv,upstream source_file: experiments_cloud/results/ucurve_proprietary/claude-haiku/ucurve_20260520_011947.json
03_prompt_format,claude-4.5-haiku,Claude-4.5,True,base,semantic_multi,flat_verbose,5,50,IVQ,ordinal,3,0.9877,,0.963,1.0,0.0388,81,,,,,,,raw,experiments_cloud/results/ucurve_proprietary_results.csv,upstream source_file: experiments_cloud/results/ucurve_proprietary/claude-haiku/ucurve_20260520_011947.json
03_prompt_format,claude-4.5-haiku,Claude-4.5,True,base,semantic_multi,flat_verbose,5,50,IVQ,ordinal,4,1.0,,1.0,1.0,0.0317,81,,,,,,,raw,experiments_cloud/results/ucurve_proprietary_results.csv,upstream source_file: experiments_cloud/results/ucurve_proprietary/claude-haiku/ucurve_20260520_011947.json
03_prompt_format,claude-4.5-haiku,Claude-4.5,True,base,semantic_multi,flat_verbose,5,50,IVQ,ordinal,5,1.0,,1.0,1.0,0.0317,81,,,,,,,raw,experiments_cloud/results/ucurve_proprietary_results.csv,upstream source_file: experiments_cloud/results/ucurve_proprietary/claude-haiku/ucurve_20260520_011947.json
03_prompt_format,claude-4.5-haiku,Claude-4.5,True,base,semantic_multi,flat_verbose,5,50,IVQ,ordinal,6,0.9753,,0.9383,1.0,0.0447,81,,,,,,,raw,experiments_cloud/results/ucurve_proprietary_results.csv,upstream source_file: experiments_cloud/results/ucurve_proprietary/claude-haiku/ucurve_20260520_011947.json
03_prompt_format,claude-4.5-haiku,Claude-4.5,True,base,semantic_multi,flat_verbose,5,50,IVQ,ordinal,7,0.9877,,0.963,1.0,0.0388,81,,,,,,,raw,experiments_cloud/results/ucurve_proprietary_results.csv,upstream source_file: experiments_cloud/results/ucurve_proprietary/claude-haiku/ucurve_20260520_011947.json
03_prompt_format,claude-4.5-haiku,Claude-4.5,True,base,semantic_multi,flat_verbose,5,50,IVQ,ordinal,8,1.0,,1.0,1.0,0.0317,81,,,,,,,raw,experiments_cloud/results/ucurve_proprietary_results.csv,upstream source_file: experiments_cloud/results/ucurve_proprietary/claude-haiku/ucurve_20260520_011947.json
03_prompt_format,claude-4.5-haiku,Claude-4.5,True,base,semantic_multi,flat_verbose,5,50,IVQ,ordinal,14,0.9877,,0.963,1.0,0.0388,81,,,,,,,raw,experiments_cloud/results/ucurve_proprietary_results.csv,upstream source_file: experiments_cloud/results/ucurve_proprietary/claude-haiku/ucurve_20260520_011947.json
03_prompt_format,claude-4.5-haiku,Claude-4.5,True,base,semantic_multi,flat_verbose,5,50,IVQ,ordinal,20,1.0,,1.0,1.0,0.0317,81,,,,,,,raw,experiments_cloud/results/ucurve_proprietary_results.csv,upstream source_file: experiments_cloud/results/ucurve_proprietary/claude-haiku/ucurve_20260520_011947.json
03_prompt_format,claude-4.5-haiku,Claude-4.5,True,base,semantic_multi,flat_verbose,5,50,IVQ,ordinal,26,1.0,,1.0,1.0,0.0317,81,,,,,,,raw,experiments_cloud/results/ucurve_proprietary_results.csv,upstream source_file: experiments_cloud/results/ucurve_proprietary/claude-haiku/ucurve_20260520_011947.json
03_prompt_format,claude-4.5-haiku,Claude-4.5,True,base,semantic_multi,flat_verbose,5,50,IVQ,ordinal,31,1.0,,1.0,1.0,0.0317,81,,,,,,,raw,experiments_cloud/results/ucurve_proprietary_results.csv,upstream source_file: experiments_cloud/results/ucurve_proprietary/claude-haiku/ucurve_20260520_011947.json
03_prompt_format,claude-4.5-haiku,Claude-4.5,True,base,semantic_multi,flat_verbose,5,50,IVQ,ordinal,37,0.9877,,0.963,1.0,0.0388,81,,,,,,,raw,experiments_cloud/results/ucurve_proprietary_results.csv,upstream source_file: experiments_cloud/results/ucurve_proprietary/claude-haiku/ucurve_20260520_011947.json
03_prompt_format,claude-4.5-haiku,Claude-4.5,True,base,semantic_multi,flat_verbose,5,50,IVQ,ordinal,43,0.9877,,0.963,1.0,0.0388,81,,,,,,,raw,experiments_cloud/results/ucurve_proprietary_results.csv,upstream source_file: experiments_cloud/results/ucurve_proprietary/claude-haiku/ucurve_20260520_011947.json
03_prompt_format,claude-4.5-haiku,Claude-4.5,True,base,semantic_multi,flat_verbose,5,50,IVQ,ordinal,49,0.963,,0.9256,1.0,0.0497,81,,,,,,,raw,experiments_cloud/results/ucurve_proprietary_results.csv,upstream source_file: experiments_cloud/results/ucurve_proprietary/claude-haiku/ucurve_20260520_011947.json
03_prompt_format,claude-4.5-haiku,Claude-4.5,True,base,semantic_multi,flat_verbose,5,50,CVQ,ordinal,50,0.9877,,0.963,1.0,0.0388,81,,,,,,,raw,experiments_cloud/results/ucurve_proprietary_results.csv,upstream source_file: experiments_cloud/results/ucurve_proprietary/claude-haiku/ucurve_20260520_011947.json
03_prompt_format,claude-4.5-haiku,Claude-4.5,True,base,semantic_multi,flat_verbose,5,50,CVQ,semantic,last,0.963,,0.9136,1.0,0.0497,81,,,,,,,raw,experiments_cloud/results/ucurve_proprietary_results.csv,upstream source_file: experiments_cloud/results/ucurve_proprietary/claude-haiku/ucurve_20260520_011947.json
03_prompt_format,claude-4.5-haiku,Claude-4.5,True,base,semantic_multi,flat_verbose,10,10,FVQ,ordinal,1,1.0,,1.0,1.0,0.029,89,,,,,,,raw,experiments_cloud/results/ucurve_proprietary_results.csv,upstream source_file: experiments_cloud/results/ucurve_proprietary/claude-haiku/ucurve_20260520_011947.json
03_prompt_format,claude-4.5-haiku,Claude-4.5,True,base,semantic_multi,flat_verbose,10,10,IVQ,ordinal,2,1.0,,1.0,1.0,0.029,89,,,,,,,raw,experiments_cloud/results/ucurve_proprietary_results.csv,upstream source_file: experiments_cloud/results/ucurve_proprietary/claude-haiku/ucurve_20260520_011947.json
03_prompt_format,claude-4.5-haiku,Claude-4.5,True,base,semantic_multi,flat_verbose,10,10,IVQ,ordinal,3,0.9888,,0.9663,1.0,0.0355,89,,,,,,,raw,experiments_cloud/results/ucurve_proprietary_results.csv,upstream source_file: experiments_cloud/results/ucurve_proprietary/claude-haiku/ucurve_20260520_011947.json
03_prompt_format,claude-4.5-haiku,Claude-4.5,True,base,semantic_multi,flat_verbose,10,10,IVQ,ordinal,4,1.0,,1.0,1.0,0.029,89,,,,,,,raw,experiments_cloud/results/ucurve_proprietary_results.csv,upstream source_file: experiments_cloud/results/ucurve_proprietary/claude-haiku/ucurve_20260520_011947.json
03_prompt_format,claude-4.5-haiku,Claude-4.5,True,base,semantic_multi,flat_verbose,10,10,IVQ,ordinal,5,1.0,,1.0,1.0,0.029,89,,,,,,,raw,experiments_cloud/results/ucurve_proprietary_results.csv,upstream source_file: experiments_cloud/results/ucurve_proprietary/claude-haiku/ucurve_20260520_011947.json
03_prompt_format,claude-4.5-haiku,Claude-4.5,True,base,semantic_multi,flat_verbose,10,10,IVQ,ordinal,6,1.0,,1.0,1.0,0.029,89,,,,,,,raw,experiments_cloud/results/ucurve_proprietary_results.csv,upstream source_file: experiments_cloud/results/ucurve_proprietary/claude-haiku/ucurve_20260520_011947.json
03_prompt_format,claude-4.5-haiku,Claude-4.5,True,base,semantic_multi,flat_verbose,10,10,IVQ,ordinal,7,1.0,,1.0,1.0,0.029,89,,,,,,,raw,experiments_cloud/results/ucurve_proprietary_results.csv,upstream source_file: experiments_cloud/results/ucurve_proprietary/claude-haiku/ucurve_20260520_011947.json
03_prompt_format,claude-4.5-haiku,Claude-4.5,True,base,semantic_multi,flat_verbose,10,10,IVQ,ordinal,8,1.0,,1.0,1.0,0.029,89,,,,,,,raw,experiments_cloud/results/ucurve_proprietary_results.csv,upstream source_file: experiments_cloud/results/ucurve_proprietary/claude-haiku/ucurve_20260520_011947.json
03_prompt_format,claude-4.5-haiku,Claude-4.5,True,base,semantic_multi,flat_verbose,10,10,IVQ,ordinal,9,0.9888,,0.9663,1.0,0.0355,89,,,,,,,raw,experiments_cloud/results/ucurve_proprietary_results.csv,upstream source_file: experiments_cloud/results/ucurve_proprietary/claude-haiku/ucurve_20260520_011947.json
03_prompt_format,claude-4.5-haiku,Claude-4.5,True,base,semantic_multi,flat_verbose,10,10,CVQ,ordinal,10,1.0,,1.0,1.0,0.029,89,,,,,,,raw,experiments_cloud/results/ucurve_proprietary_results.csv,upstream source_file: experiments_cloud/results/ucurve_proprietary/claude-haiku/ucurve_20260520_011947.json
03_prompt_format,claude-4.5-haiku,Claude-4.5,True,base,semantic_multi,flat_verbose,10,10,CVQ,semantic,last,0.9551,,0.9101,0.9888,0.0497,89,,,,,,,raw,experiments_cloud/results/ucurve_proprietary_results.csv,upstream source_file: experiments_cloud/results/ucurve_proprietary/claude-haiku/ucurve_20260520_011947.json
03_prompt_format,claude-4.5-haiku,Claude-4.5,True,base,semantic_multi,flat_verbose,10,20,FVQ,ordinal,1,1.0,,1.0,1.0,0.0239,109,,,,,,,raw,experiments_cloud/results/ucurve_proprietary_results.csv,upstream source_file: experiments_cloud/results/ucurve_proprietary/claude-haiku/ucurve_20260520_011947.json
03_prompt_format,claude-4.5-haiku,Claude-4.5,True,base,semantic_multi,flat_verbose,10,20,IVQ,ordinal,2,1.0,,1.0,1.0,0.0239,109,,,,,,,raw,experiments_cloud/results/ucurve_proprietary_results.csv,upstream source_file: experiments_cloud/results/ucurve_proprietary/claude-haiku/ucurve_20260520_011947.json
03_prompt_format,claude-4.5-haiku,Claude-4.5,True,base,semantic_multi,flat_verbose,10,20,IVQ,ordinal,3,1.0,,1.0,1.0,0.0239,109,,,,,,,raw,experiments_cloud/results/ucurve_proprietary_results.csv,upstream source_file: experiments_cloud/results/ucurve_proprietary/claude-haiku/ucurve_20260520_011947.json
03_prompt_format,claude-4.5-haiku,Claude-4.5,True,base,semantic_multi,flat_verbose,10,20,IVQ,ordinal,4,1.0,,1.0,1.0,0.0239,109,,,,,,,raw,experiments_cloud/results/ucurve_proprietary_results.csv,upstream source_file: experiments_cloud/results/ucurve_proprietary/claude-haiku/ucurve_20260520_011947.json
03_prompt_format,claude-4.5-haiku,Claude-4.5,True,base,semantic_multi,flat_verbose,10,20,IVQ,ordinal,5,1.0,,1.0,1.0,0.0239,109,,,,,,,raw,experiments_cloud/results/ucurve_proprietary_results.csv,upstream source_file: experiments_cloud/results/ucurve_proprietary/claude-haiku/ucurve_20260520_011947.json
03_prompt_format,claude-4.5-haiku,Claude-4.5,True,base,semantic_multi,flat_verbose,10,20,IVQ,ordinal,6,0.9908,,0.9725,1.0,0.0293,109,,,,,,,raw,experiments_cloud/results/ucurve_proprietary_results.csv,upstream source_file: experiments_cloud/results/ucurve_proprietary/claude-haiku/ucurve_20260520_011947.json
03_prompt_format,claude-4.5-haiku,Claude-4.5,True,base,semantic_multi,flat_verbose,10,20,IVQ,ordinal,7,0.9908,,0.9725,1.0,0.0293,109,,,,,,,raw,experiments_cloud/results/ucurve_proprietary_results.csv,upstream source_file: experiments_cloud/results/ucurve_proprietary/claude-haiku/ucurve_20260520_011947.json
03_prompt_format,claude-4.5-haiku,Claude-4.5,True,base,semantic_multi,flat_verbose,10,20,IVQ,ordinal,8,1.0,,1.0,1.0,0.0239,109,,,,,,,raw,experiments_cloud/results/ucurve_proprietary_results.csv,upstream source_file: experiments_cloud/results/ucurve_proprietary/claude-haiku/ucurve_20260520_011947.json
03_prompt_format,claude-4.5-haiku,Claude-4.5,True,base,semantic_multi,flat_verbose,10,20,IVQ,ordinal,10,0.9725,,0.9358,1.0,0.0377,109,,,,,,,raw,experiments_cloud/results/ucurve_proprietary_results.csv,upstream source_file: experiments_cloud/results/ucurve_proprietary/claude-haiku/ucurve_20260520_011947.json
03_prompt_format,claude-4.5-haiku,Claude-4.5,True,base,semantic_multi,flat_verbose,10,20,IVQ,ordinal,11,0.9817,,0.9541,1.0,0.0338,109,,,,,,,raw,experiments_cloud/results/ucurve_proprietary_results.csv,upstream source_file: experiments_cloud/results/ucurve_proprietary/claude-haiku/ucurve_20260520_011947.json
03_prompt_format,claude-4.5-haiku,Claude-4.5,True,base,semantic_multi,flat_verbose,10,20,IVQ,ordinal,13,1.0,,1.0,1.0,0.0239,109,,,,,,,raw,experiments_cloud/results/ucurve_proprietary_results.csv,upstream source_file: experiments_cloud/results/ucurve_proprietary/claude-haiku/ucurve_20260520_011947.json
03_prompt_format,claude-4.5-haiku,Claude-4.5,True,base,semantic_multi,flat_verbose,10,20,IVQ,ordinal,14,0.9817,,0.9541,1.0,0.0338,109,,,,,,,raw,experiments_cloud/results/ucurve_proprietary_results.csv,upstream source_file: experiments_cloud/results/ucurve_proprietary/claude-haiku/ucurve_20260520_011947.json
03_prompt_format,claude-4.5-haiku,Claude-4.5,True,base,semantic_multi,flat_verbose,10,20,IVQ,ordinal,16,0.9908,,0.9725,1.0,0.0293,109,,,,,,,raw,experiments_cloud/results/ucurve_proprietary_results.csv,upstream source_file: experiments_cloud/results/ucurve_proprietary/claude-haiku/ucurve_20260520_011947.json
03_prompt_format,claude-4.5-haiku,Claude-4.5,True,base,semantic_multi,flat_verbose,10,20,IVQ,ordinal,17,0.9908,,0.9725,1.0,0.0293,109,,,,,,,raw,experiments_cloud/results/ucurve_proprietary_results.csv,upstream source_file: experiments_cloud/results/ucurve_proprietary/claude-haiku/ucurve_20260520_011947.json
03_prompt_format,claude-4.5-haiku,Claude-4.5,True,base,semantic_multi,flat_verbose,10,20,IVQ,ordinal,19,0.945,,0.8991,0.9817,0.0471,109,,,,,,,raw,experiments_cloud/results/ucurve_proprietary_results.csv,upstream source_file: experiments_cloud/results/ucurve_proprietary/claude-haiku/ucurve_20260520_011947.json
03_prompt_format,claude-4.5-haiku,Claude-4.5,True,base,semantic_multi,flat_verbose,10,20,CVQ,ordinal,20,0.9908,,0.9725,1.0,0.0293,109,,,,,,,raw,experiments_cloud/results/ucurve_proprietary_results.csv,upstream source_file: experiments_cloud/results/ucurve_proprietary/claude-haiku/ucurve_20260520_011947.json
03_prompt_format,claude-4.5-haiku,Claude-4.5,True,base,semantic_multi,flat_verbose,10,20,CVQ,semantic,last,0.9358,,0.8899,0.9725,0.0498,109,,,,,,,raw,experiments_cloud/results/ucurve_proprietary_results.csv,upstream source_file: experiments_cloud/results/ucurve_proprietary/claude-haiku/ucurve_20260520_011947.json
03_prompt_format,claude-4.5-haiku,Claude-4.5,True,base,semantic_multi,flat_verbose,10,50,FVQ,ordinal,1,1.0,,1.0,1.0,0.0252,103,,,,,,,raw,experiments_cloud/results/ucurve_proprietary_results.csv,upstream source_file: experiments_cloud/results/ucurve_proprietary/claude-haiku/ucurve_20260520_011947.json
03_prompt_format,claude-4.5-haiku,Claude-4.5,True,base,semantic_multi,flat_verbose,10,50,IVQ,ordinal,2,1.0,,1.0,1.0,0.0252,103,,,,,,,raw,experiments_cloud/results/ucurve_proprietary_results.csv,upstream source_file: experiments_cloud/results/ucurve_proprietary/claude-haiku/ucurve_20260520_011947.json
03_prompt_format,claude-4.5-haiku,Claude-4.5,True,base,semantic_multi,flat_verbose,10,50,IVQ,ordinal,3,1.0,,1.0,1.0,0.0252,103,,,,,,,raw,experiments_cloud/results/ucurve_proprietary_results.csv,upstream source_file: experiments_cloud/results/ucurve_proprietary/claude-haiku/ucurve_20260520_011947.json
03_prompt_format,claude-4.5-haiku,Claude-4.5,True,base,semantic_multi,flat_verbose,10,50,IVQ,ordinal,4,1.0,,1.0,1.0,0.0252,103,,,,,,,raw,experiments_cloud/results/ucurve_proprietary_results.csv,upstream source_file: experiments_cloud/results/ucurve_proprietary/claude-haiku/ucurve_20260520_011947.json
03_prompt_format,claude-4.5-haiku,Claude-4.5,True,base,semantic_multi,flat_verbose,10,50,IVQ,ordinal,5,1.0,,1.0,1.0,0.0252,103,,,,,,,raw,experiments_cloud/results/ucurve_proprietary_results.csv,upstream source_file: experiments_cloud/results/ucurve_proprietary/claude-haiku/ucurve_20260520_011947.json
03_prompt_format,claude-4.5-haiku,Claude-4.5,True,base,semantic_multi,flat_verbose,10,50,IVQ,ordinal,6,0.9806,,0.9515,1.0,0.0357,103,,,,,,,raw,experiments_cloud/results/ucurve_proprietary_results.csv,upstream source_file: experiments_cloud/results/ucurve_proprietary/claude-haiku/ucurve_20260520_011947.json
03_prompt_format,claude-4.5-haiku,Claude-4.5,True,base,semantic_multi,flat_verbose,10,50,IVQ,ordinal,7,1.0,,1.0,1.0,0.0252,103,,,,,,,raw,experiments_cloud/results/ucurve_proprietary_results.csv,upstream source_file: experiments_cloud/results/ucurve_proprietary/claude-haiku/ucurve_20260520_011947.json
03_prompt_format,claude-4.5-haiku,Claude-4.5,True,base,semantic_multi,flat_verbose,10,50,IVQ,ordinal,8,0.9903,,0.9709,1.0,0.0309,103,,,,,,,raw,experiments_cloud/results/ucurve_proprietary_results.csv,upstream source_file: experiments_cloud/results/ucurve_proprietary/claude-haiku/ucurve_20260520_011947.json
03_prompt_format,claude-4.5-haiku,Claude-4.5,True,base,semantic_multi,flat_verbose,10,50,IVQ,ordinal,14,0.9806,,0.9515,1.0,0.0357,103,,,,,,,raw,experiments_cloud/results/ucurve_proprietary_results.csv,upstream source_file: experiments_cloud/results/ucurve_proprietary/claude-haiku/ucurve_20260520_011947.json
03_prompt_format,claude-4.5-haiku,Claude-4.5,True,base,semantic_multi,flat_verbose,10,50,IVQ,ordinal,20,0.9806,,0.9515,1.0,0.0357,103,,,,,,,raw,experiments_cloud/results/ucurve_proprietary_results.csv,upstream source_file: experiments_cloud/results/ucurve_proprietary/claude-haiku/ucurve_20260520_011947.json
03_prompt_format,claude-4.5-haiku,Claude-4.5,True,base,semantic_multi,flat_verbose,10,50,IVQ,ordinal,26,0.9903,,0.9709,1.0,0.0309,103,,,,,,,raw,experiments_cloud/results/ucurve_proprietary_results.csv,upstream source_file: experiments_cloud/results/ucurve_proprietary/claude-haiku/ucurve_20260520_011947.json
03_prompt_format,claude-4.5-haiku,Claude-4.5,True,base,semantic_multi,flat_verbose,10,50,IVQ,ordinal,31,1.0,,1.0,1.0,0.0252,103,,,,,,,raw,experiments_cloud/results/ucurve_proprietary_results.csv,upstream source_file: experiments_cloud/results/ucurve_proprietary/claude-haiku/ucurve_20260520_011947.json
03_prompt_format,claude-4.5-haiku,Claude-4.5,True,base,semantic_multi,flat_verbose,10,50,IVQ,ordinal,37,0.9903,,0.9709,1.0,0.0309,103,,,,,,,raw,experiments_cloud/results/ucurve_proprietary_results.csv,upstream source_file: experiments_cloud/results/ucurve_proprietary/claude-haiku/ucurve_20260520_011947.json
03_prompt_format,claude-4.5-haiku,Claude-4.5,True,base,semantic_multi,flat_verbose,10,50,IVQ,ordinal,43,0.9612,,0.9223,0.9903,0.0434,103,,,,,,,raw,experiments_cloud/results/ucurve_proprietary_results.csv,upstream source_file: experiments_cloud/results/ucurve_proprietary/claude-haiku/ucurve_20260520_011947.json
03_prompt_format,claude-4.5-haiku,Claude-4.5,True,base,semantic_multi,flat_verbose,10,50,IVQ,ordinal,49,0.9417,,0.8932,0.9806,0.0497,103,,,,,,,raw,experiments_cloud/results/ucurve_proprietary_results.csv,upstream source_file: experiments_cloud/results/ucurve_proprietary/claude-haiku/ucurve_20260520_011947.json
03_prompt_format,claude-4.5-haiku,Claude-4.5,True,base,semantic_multi,flat_verbose,10,50,CVQ,ordinal,50,1.0,,1.0,1.0,0.0252,103,,,,,,,raw,experiments_cloud/results/ucurve_proprietary_results.csv,upstream source_file: experiments_cloud/results/ucurve_proprietary/claude-haiku/ucurve_20260520_011947.json
03_prompt_format,claude-4.5-haiku,Claude-4.5,True,base,semantic_multi,flat_verbose,10,50,CVQ,semantic,last,0.9515,,0.9126,0.9903,0.0467,103,,,,,,,raw,experiments_cloud/results/ucurve_proprietary_results.csv,upstream source_file: experiments_cloud/results/ucurve_proprietary/claude-haiku/ucurve_20260520_011947.json
03_prompt_format,claude-4.5-haiku,Claude-4.5,True,base,semantic_multi,landmark,5,10,FVQ,ordinal,1,0.9612,,0.9223,0.9903,0.0434,103,,,,,,,raw,experiments_cloud/results/ucurve_proprietary_results.csv,upstream source_file: experiments_cloud/results/ucurve_proprietary/claude-haiku/ucurve_20260520_011947.json
03_prompt_format,claude-4.5-haiku,Claude-4.5,True,base,semantic_multi,landmark,5,10,IVQ,ordinal,2,0.9417,,0.8932,0.9806,0.0497,103,,,,,,,raw,experiments_cloud/results/ucurve_proprietary_results.csv,upstream source_file: experiments_cloud/results/ucurve_proprietary/claude-haiku/ucurve_20260520_011947.json
03_prompt_format,claude-4.5-haiku,Claude-4.5,True,base,semantic_multi,landmark,5,10,IVQ,ordinal,3,0.9903,,0.9709,1.0,0.0309,103,,,,,,,raw,experiments_cloud/results/ucurve_proprietary_results.csv,upstream source_file: experiments_cloud/results/ucurve_proprietary/claude-haiku/ucurve_20260520_011947.json
03_prompt_format,claude-4.5-haiku,Claude-4.5,True,base,semantic_multi,landmark,5,10,IVQ,ordinal,4,1.0,,1.0,1.0,0.0252,103,,,,,,,raw,experiments_cloud/results/ucurve_proprietary_results.csv,upstream source_file: experiments_cloud/results/ucurve_proprietary/claude-haiku/ucurve_20260520_011947.json
03_prompt_format,claude-4.5-haiku,Claude-4.5,True,base,semantic_multi,landmark,5,10,IVQ,ordinal,5,1.0,,1.0,1.0,0.0252,103,,,,,,,raw,experiments_cloud/results/ucurve_proprietary_results.csv,upstream source_file: experiments_cloud/results/ucurve_proprietary/claude-haiku/ucurve_20260520_011947.json
03_prompt_format,claude-4.5-haiku,Claude-4.5,True,base,semantic_multi,landmark,5,10,IVQ,ordinal,6,0.9903,,0.9709,1.0,0.0309,103,,,,,,,raw,experiments_cloud/results/ucurve_proprietary_results.csv,upstream source_file: experiments_cloud/results/ucurve_proprietary/claude-haiku/ucurve_20260520_011947.json
03_prompt_format,claude-4.5-haiku,Claude-4.5,True,base,semantic_multi,landmark,5,10,IVQ,ordinal,7,0.9903,,0.9709,1.0,0.0309,103,,,,,,,raw,experiments_cloud/results/ucurve_proprietary_results.csv,upstream source_file: experiments_cloud/results/ucurve_proprietary/claude-haiku/ucurve_20260520_011947.json
03_prompt_format,claude-4.5-haiku,Claude-4.5,True,base,semantic_multi,landmark,5,10,IVQ,ordinal,8,0.9709,,0.932,1.0,0.0397,103,,,,,,,raw,experiments_cloud/results/ucurve_proprietary_results.csv,upstream source_file: experiments_cloud/results/ucurve_proprietary/claude-haiku/ucurve_20260520_011947.json
03_prompt_format,claude-4.5-haiku,Claude-4.5,True,base,semantic_multi,landmark,5,10,IVQ,ordinal,9,0.9612,,0.9223,0.9903,0.0434,103,,,,,,,raw,experiments_cloud/results/ucurve_proprietary_results.csv,upstream source_file: experiments_cloud/results/ucurve_proprietary/claude-haiku/ucurve_20260520_011947.json
03_prompt_format,claude-4.5-haiku,Claude-4.5,True,base,semantic_multi,landmark,5,10,CVQ,ordinal,10,0.9903,,0.9709,1.0,0.0309,103,,,,,,,raw,experiments_cloud/results/ucurve_proprietary_results.csv,upstream source_file: experiments_cloud/results/ucurve_proprietary/claude-haiku/ucurve_20260520_011947.json
03_prompt_format,claude-4.5-haiku,Claude-4.5,True,base,semantic_multi,landmark,5,10,CVQ,semantic,last,1.0,,1.0,1.0,0.0252,103,,,,,,,raw,experiments_cloud/results/ucurve_proprietary_results.csv,upstream source_file: experiments_cloud/results/ucurve_proprietary/claude-haiku/ucurve_20260520_011947.json
03_prompt_format,claude-4.5-haiku,Claude-4.5,True,base,semantic_multi,landmark,5,20,FVQ,ordinal,1,0.98,,0.96,0.995,0.0231,200,,,,,,,raw,experiments_cloud/results/ucurve_proprietary_results.csv,upstream source_file: experiments_cloud/results/ucurve_proprietary/claude-haiku/ucurve_20260520_011947.json
03_prompt_format,claude-4.5-haiku,Claude-4.5,True,base,semantic_multi,landmark,5,20,IVQ,ordinal,2,0.97,,0.945,0.99,0.0265,200,,,,,,,raw,experiments_cloud/results/ucurve_proprietary_results.csv,upstream source_file: experiments_cloud/results/ucurve_proprietary/claude-haiku/ucurve_20260520_011947.json
03_prompt_format,claude-4.5-haiku,Claude-4.5,True,base,semantic_multi,landmark,5,20,IVQ,ordinal,3,0.995,,0.985,1.0,0.0163,200,,,,,,,raw,experiments_cloud/results/ucurve_proprietary_results.csv,upstream source_file: experiments_cloud/results/ucurve_proprietary/claude-haiku/ucurve_20260520_011947.json
03_prompt_format,claude-4.5-haiku,Claude-4.5,True,base,semantic_multi,landmark,5,20,IVQ,ordinal,4,0.99,,0.975,1.0,0.0189,200,,,,,,,raw,experiments_cloud/results/ucurve_proprietary_results.csv,upstream source_file: experiments_cloud/results/ucurve_proprietary/claude-haiku/ucurve_20260520_011947.json
03_prompt_format,claude-4.5-haiku,Claude-4.5,True,base,semantic_multi,landmark,5,20,IVQ,ordinal,5,0.985,,0.965,1.0,0.0211,200,,,,,,,raw,experiments_cloud/results/ucurve_proprietary_results.csv,upstream source_file: experiments_cloud/results/ucurve_proprietary/claude-haiku/ucurve_20260520_011947.json
03_prompt_format,claude-4.5-haiku,Claude-4.5,True,base,semantic_multi,landmark,5,20,IVQ,ordinal,6,1.0,,1.0,1.0,0.0133,200,,,,,,,raw,experiments_cloud/results/ucurve_proprietary_results.csv,upstream source_file: experiments_cloud/results/ucurve_proprietary/claude-haiku/ucurve_20260520_011947.json
03_prompt_format,claude-4.5-haiku,Claude-4.5,True,base,semantic_multi,landmark,5,20,IVQ,ordinal,7,0.995,,0.985,1.0,0.0163,200,,,,,,,raw,experiments_cloud/results/ucurve_proprietary_results.csv,upstream source_file: experiments_cloud/results/ucurve_proprietary/claude-haiku/ucurve_20260520_011947.json
03_prompt_format,claude-4.5-haiku,Claude-4.5,True,base,semantic_multi,landmark,5,20,IVQ,ordinal,8,0.99,,0.975,1.0,0.0189,200,,,,,,,raw,experiments_cloud/results/ucurve_proprietary_results.csv,upstream source_file: experiments_cloud/results/ucurve_proprietary/claude-haiku/ucurve_20260520_011947.json
03_prompt_format,claude-4.5-haiku,Claude-4.5,True,base,semantic_multi,landmark,5,20,IVQ,ordinal,10,0.995,,0.985,1.0,0.0163,200,,,,,,,raw,experiments_cloud/results/ucurve_proprietary_results.csv,upstream source_file: experiments_cloud/results/ucurve_proprietary/claude-haiku/ucurve_20260520_011947.json
03_prompt_format,claude-4.5-haiku,Claude-4.5,True,base,semantic_multi,landmark,5,20,IVQ,ordinal,11,0.99,,0.975,1.0,0.0189,200,,,,,,,raw,experiments_cloud/results/ucurve_proprietary_results.csv,upstream source_file: experiments_cloud/results/ucurve_proprietary/claude-haiku/ucurve_20260520_011947.json
03_prompt_format,claude-4.5-haiku,Claude-4.5,True,base,semantic_multi,landmark,5,20,IVQ,ordinal,13,0.85,,0.8,0.9,0.0499,200,,,,,,,raw,experiments_cloud/results/ucurve_proprietary_results.csv,upstream source_file: experiments_cloud/results/ucurve_proprietary/claude-haiku/ucurve_20260520_011947.json
03_prompt_format,claude-4.5-haiku,Claude-4.5,True,base,semantic_multi,landmark,5,20,IVQ,ordinal,14,0.89,,0.845,0.93,0.0442,200,,,,,,,raw,experiments_cloud/results/ucurve_proprietary_results.csv,upstream source_file: experiments_cloud/results/ucurve_proprietary/claude-haiku/ucurve_20260520_011947.json
03_prompt_format,claude-4.5-haiku,Claude-4.5,True,base,semantic_multi,landmark,5,20,IVQ,ordinal,16,0.71,,0.645,0.77,0.0625,200,,,,,,,raw,experiments_cloud/results/ucurve_proprietary_results.csv,upstream source_file: experiments_cloud/results/ucurve_proprietary/claude-haiku/ucurve_20260520_011947.json
03_prompt_format,claude-4.5-haiku,Claude-4.5,True,base,semantic_multi,landmark,5,20,IVQ,ordinal,17,0.555,,0.485,0.6201,0.0682,200,,,,,,,raw,experiments_cloud/results/ucurve_proprietary_results.csv,upstream source_file: experiments_cloud/results/ucurve_proprietary/claude-haiku/ucurve_20260520_011947.json
03_prompt_format,claude-4.5-haiku,Claude-4.5,True,base,semantic_multi,landmark,5,20,IVQ,ordinal,19,0.485,,0.415,0.555,0.0686,200,,,,,,,raw,experiments_cloud/results/ucurve_proprietary_results.csv,upstream source_file: experiments_cloud/results/ucurve_proprietary/claude-haiku/ucurve_20260520_011947.json
03_prompt_format,claude-4.5-haiku,Claude-4.5,True,base,semantic_multi,landmark,5,20,CVQ,ordinal,20,0.305,,0.245,0.37,0.0634,200,,,,,,,raw,experiments_cloud/results/ucurve_proprietary_results.csv,upstream source_file: experiments_cloud/results/ucurve_proprietary/claude-haiku/ucurve_20260520_011947.json
03_prompt_format,claude-4.5-haiku,Claude-4.5,True,base,semantic_multi,landmark,5,20,CVQ,semantic,last,1.0,,1.0,1.0,0.0133,200,,,,,,,raw,experiments_cloud/results/ucurve_proprietary_results.csv,upstream source_file: experiments_cloud/results/ucurve_proprietary/claude-haiku/ucurve_20260520_011947.json
03_prompt_format,claude-4.5-haiku,Claude-4.5,True,base,semantic_multi,landmark,5,50,FVQ,ordinal,1,0.96,,0.93,0.985,0.0295,200,,,,,,,raw,experiments_cloud/results/ucurve_proprietary_results.csv,upstream source_file: experiments_cloud/results/ucurve_proprietary/claude-haiku/ucurve_20260520_011947.json
03_prompt_format,claude-4.5-haiku,Claude-4.5,True,base,semantic_multi,landmark,5,50,IVQ,ordinal,2,0.88,,0.835,0.925,0.0457,200,,,,,,,raw,experiments_cloud/results/ucurve_proprietary_results.csv,upstream source_file: experiments_cloud/results/ucurve_proprietary/claude-haiku/ucurve_20260520_011947.json
03_prompt_format,claude-4.5-haiku,Claude-4.5,True,base,semantic_multi,landmark,5,50,IVQ,ordinal,3,0.985,,0.965,1.0,0.0211,200,,,,,,,raw,experiments_cloud/results/ucurve_proprietary_results.csv,upstream source_file: experiments_cloud/results/ucurve_proprietary/claude-haiku/ucurve_20260520_011947.json
03_prompt_format,claude-4.5-haiku,Claude-4.5,True,base,semantic_multi,landmark,5,50,IVQ,ordinal,4,1.0,,1.0,1.0,0.0133,200,,,,,,,raw,experiments_cloud/results/ucurve_proprietary_results.csv,upstream source_file: experiments_cloud/results/ucurve_proprietary/claude-haiku/ucurve_20260520_011947.json
03_prompt_format,claude-4.5-haiku,Claude-4.5,True,base,semantic_multi,landmark,5,50,IVQ,ordinal,5,0.985,,0.965,1.0,0.0211,200,,,,,,,raw,experiments_cloud/results/ucurve_proprietary_results.csv,upstream source_file: experiments_cloud/results/ucurve_proprietary/claude-haiku/ucurve_20260520_011947.json
03_prompt_format,claude-4.5-haiku,Claude-4.5,True,base,semantic_multi,landmark,5,50,IVQ,ordinal,6,1.0,,1.0,1.0,0.0133,200,,,,,,,raw,experiments_cloud/results/ucurve_proprietary_results.csv,upstream source_file: experiments_cloud/results/ucurve_proprietary/claude-haiku/ucurve_20260520_011947.json
03_prompt_format,claude-4.5-haiku,Claude-4.5,True,base,semantic_multi,landmark,5,50,IVQ,ordinal,7,0.985,,0.965,1.0,0.0211,200,,,,,,,raw,experiments_cloud/results/ucurve_proprietary_results.csv,upstream source_file: experiments_cloud/results/ucurve_proprietary/claude-haiku/ucurve_20260520_011947.json
03_prompt_format,claude-4.5-haiku,Claude-4.5,True,base,semantic_multi,landmark,5,50,IVQ,ordinal,8,0.975,,0.95,0.995,0.0249,200,,,,,,,raw,experiments_cloud/results/ucurve_proprietary_results.csv,upstream source_file: experiments_cloud/results/ucurve_proprietary/claude-haiku/ucurve_20260520_011947.json
03_prompt_format,claude-4.5-haiku,Claude-4.5,True,base,semantic_multi,landmark,5,50,IVQ,ordinal,14,0.845,,0.7949,0.8901,0.0505,200,,,,,,,raw,experiments_cloud/results/ucurve_proprietary_results.csv,upstream source_file: experiments_cloud/results/ucurve_proprietary/claude-haiku/ucurve_20260520_011947.json
03_prompt_format,claude-4.5-haiku,Claude-4.5,True,base,semantic_multi,landmark,5,50,IVQ,ordinal,20,0.175,,0.125,0.23,0.0529,200,,,,,,,raw,experiments_cloud/results/ucurve_proprietary_results.csv,upstream source_file: experiments_cloud/results/ucurve_proprietary/claude-haiku/ucurve_20260520_011947.json
03_prompt_format,claude-4.5-haiku,Claude-4.5,True,base,semantic_multi,landmark,5,50,IVQ,ordinal,26,0.005,,0.0,0.015,0.0163,200,,,,,,,raw,experiments_cloud/results/ucurve_proprietary_results.csv,upstream source_file: experiments_cloud/results/ucurve_proprietary/claude-haiku/ucurve_20260520_011947.json
03_prompt_format,claude-4.5-haiku,Claude-4.5,True,base,semantic_multi,landmark,5,50,IVQ,ordinal,31,0.005,,0.0,0.015,0.0163,200,,,,,,,raw,experiments_cloud/results/ucurve_proprietary_results.csv,upstream source_file: experiments_cloud/results/ucurve_proprietary/claude-haiku/ucurve_20260520_011947.json
03_prompt_format,claude-4.5-haiku,Claude-4.5,True,base,semantic_multi,landmark,5,50,IVQ,ordinal,37,0.005,,0.0,0.015,0.0163,200,,,,,,,raw,experiments_cloud/results/ucurve_proprietary_results.csv,upstream source_file: experiments_cloud/results/ucurve_proprietary/claude-haiku/ucurve_20260520_011947.json
03_prompt_format,claude-4.5-haiku,Claude-4.5,True,base,semantic_multi,landmark,5,50,IVQ,ordinal,43,0.035,,0.01,0.06,0.0281,200,,,,,,,raw,experiments_cloud/results/ucurve_proprietary_results.csv,upstream source_file: experiments_cloud/results/ucurve_proprietary/claude-haiku/ucurve_20260520_011947.json
03_prompt_format,claude-4.5-haiku,Claude-4.5,True,base,semantic_multi,landmark,5,50,IVQ,ordinal,49,0.025,,0.005,0.05,0.0249,200,,,,,,,raw,experiments_cloud/results/ucurve_proprietary_results.csv,upstream source_file: experiments_cloud/results/ucurve_proprietary/claude-haiku/ucurve_20260520_011947.json
03_prompt_format,claude-4.5-haiku,Claude-4.5,True,base,semantic_multi,landmark,5,50,CVQ,ordinal,50,0.03,,0.01,0.055,0.0265,200,,,,,,,raw,experiments_cloud/results/ucurve_proprietary_results.csv,upstream source_file: experiments_cloud/results/ucurve_proprietary/claude-haiku/ucurve_20260520_011947.json
03_prompt_format,claude-4.5-haiku,Claude-4.5,True,base,semantic_multi,landmark,5,50,CVQ,semantic,last,0.99,,0.975,1.0,0.0189,200,,,,,,,raw,experiments_cloud/results/ucurve_proprietary_results.csv,upstream source_file: experiments_cloud/results/ucurve_proprietary/claude-haiku/ucurve_20260520_011947.json
03_prompt_format,claude-4.5-haiku,Claude-4.5,True,base,semantic_multi,landmark,10,10,FVQ,ordinal,1,0.88,,0.835,0.925,0.0457,200,,,,,,,raw,experiments_cloud/results/ucurve_proprietary_results.csv,upstream source_file: experiments_cloud/results/ucurve_proprietary/claude-haiku/ucurve_20260520_011947.json
03_prompt_format,claude-4.5-haiku,Claude-4.5,True,base,semantic_multi,landmark,10,10,IVQ,ordinal,2,0.76,,0.7,0.82,0.059,200,,,,,,,raw,experiments_cloud/results/ucurve_proprietary_results.csv,upstream source_file: experiments_cloud/results/ucurve_proprietary/claude-haiku/ucurve_20260520_011947.json
03_prompt_format,claude-4.5-haiku,Claude-4.5,True,base,semantic_multi,landmark,10,10,IVQ,ordinal,3,0.97,,0.9449,0.99,0.0265,200,,,,,,,raw,experiments_cloud/results/ucurve_proprietary_results.csv,upstream source_file: experiments_cloud/results/ucurve_proprietary/claude-haiku/ucurve_20260520_011947.json
03_prompt_format,claude-4.5-haiku,Claude-4.5,True,base,semantic_multi,landmark,10,10,IVQ,ordinal,4,0.995,,0.985,1.0,0.0163,200,,,,,,,raw,experiments_cloud/results/ucurve_proprietary_results.csv,upstream source_file: experiments_cloud/results/ucurve_proprietary/claude-haiku/ucurve_20260520_011947.json
03_prompt_format,claude-4.5-haiku,Claude-4.5,True,base,semantic_multi,landmark,10,10,IVQ,ordinal,5,0.99,,0.975,1.0,0.0189,200,,,,,,,raw,experiments_cloud/results/ucurve_proprietary_results.csv,upstream source_file: experiments_cloud/results/ucurve_proprietary/claude-haiku/ucurve_20260520_011947.json
03_prompt_format,claude-4.5-haiku,Claude-4.5,True,base,semantic_multi,landmark,10,10,IVQ,ordinal,6,0.99,,0.975,1.0,0.0189,200,,,,,,,raw,experiments_cloud/results/ucurve_proprietary_results.csv,upstream source_file: experiments_cloud/results/ucurve_proprietary/claude-haiku/ucurve_20260520_011947.json
03_prompt_format,claude-4.5-haiku,Claude-4.5,True,base,semantic_multi,landmark,10,10,IVQ,ordinal,7,1.0,,1.0,1.0,0.0133,200,,,,,,,raw,experiments_cloud/results/ucurve_proprietary_results.csv,upstream source_file: experiments_cloud/results/ucurve_proprietary/claude-haiku/ucurve_20260520_011947.json
03_prompt_format,claude-4.5-haiku,Claude-4.5,True,base,semantic_multi,landmark,10,10,IVQ,ordinal,8,0.99,,0.975,1.0,0.0189,200,,,,,,,raw,experiments_cloud/results/ucurve_proprietary_results.csv,upstream source_file: experiments_cloud/results/ucurve_proprietary/claude-haiku/ucurve_20260520_011947.json
03_prompt_format,claude-4.5-haiku,Claude-4.5,True,base,semantic_multi,landmark,10,10,IVQ,ordinal,9,0.98,,0.96,0.995,0.0231,200,,,,,,,raw,experiments_cloud/results/ucurve_proprietary_results.csv,upstream source_file: experiments_cloud/results/ucurve_proprietary/claude-haiku/ucurve_20260520_011947.json
03_prompt_format,claude-4.5-haiku,Claude-4.5,True,base,semantic_multi,landmark,10,10,CVQ,ordinal,10,0.87,,0.82,0.92,0.0472,200,,,,,,,raw,experiments_cloud/results/ucurve_proprietary_results.csv,upstream source_file: experiments_cloud/results/ucurve_proprietary/claude-haiku/ucurve_20260520_011947.json
03_prompt_format,claude-4.5-haiku,Claude-4.5,True,base,semantic_multi,landmark,10,10,CVQ,semantic,last,1.0,,1.0,1.0,0.0133,200,,,,,,,raw,experiments_cloud/results/ucurve_proprietary_results.csv,upstream source_file: experiments_cloud/results/ucurve_proprietary/claude-haiku/ucurve_20260520_011947.json
03_prompt_format,claude-4.5-haiku,Claude-4.5,True,base,semantic_multi,landmark,10,20,FVQ,ordinal,1,0.94,,0.905,0.97,0.0346,200,,,,,,,raw,experiments_cloud/results/ucurve_proprietary_results.csv,upstream source_file: experiments_cloud/results/ucurve_proprietary/claude-haiku/ucurve_20260520_011947.json
03_prompt_format,claude-4.5-haiku,Claude-4.5,True,base,semantic_multi,landmark,10,20,IVQ,ordinal,2,0.72,,0.655,0.78,0.0619,200,,,,,,,raw,experiments_cloud/results/ucurve_proprietary_results.csv,upstream source_file: experiments_cloud/results/ucurve_proprietary/claude-haiku/ucurve_20260520_011947.json
03_prompt_format,claude-4.5-haiku,Claude-4.5,True,base,semantic_multi,landmark,10,20,IVQ,ordinal,3,0.975,,0.955,0.995,0.0249,200,,,,,,,raw,experiments_cloud/results/ucurve_proprietary_results.csv,upstream source_file: experiments_cloud/results/ucurve_proprietary/claude-haiku/ucurve_20260520_011947.json
03_prompt_format,claude-4.5-haiku,Claude-4.5,True,base,semantic_multi,landmark,10,20,IVQ,ordinal,4,0.985,,0.965,1.0,0.0211,200,,,,,,,raw,experiments_cloud/results/ucurve_proprietary_results.csv,upstream source_file: experiments_cloud/results/ucurve_proprietary/claude-haiku/ucurve_20260520_011947.json
03_prompt_format,claude-4.5-haiku,Claude-4.5,True,base,semantic_multi,landmark,10,20,IVQ,ordinal,5,0.99,,0.975,1.0,0.0189,200,,,,,,,raw,experiments_cloud/results/ucurve_proprietary_results.csv,upstream source_file: experiments_cloud/results/ucurve_proprietary/claude-haiku/ucurve_20260520_011947.json
03_prompt_format,claude-4.5-haiku,Claude-4.5,True,base,semantic_multi,landmark,10,20,IVQ,ordinal,6,0.99,,0.975,1.0,0.0189,200,,,,,,,raw,experiments_cloud/results/ucurve_proprietary_results.csv,upstream source_file: experiments_cloud/results/ucurve_proprietary/claude-haiku/ucurve_20260520_011947.json
03_prompt_format,claude-4.5-haiku,Claude-4.5,True,base,semantic_multi,landmark,10,20,IVQ,ordinal,7,0.99,,0.975,1.0,0.0189,200,,,,,,,raw,experiments_cloud/results/ucurve_proprietary_results.csv,upstream source_file: experiments_cloud/results/ucurve_proprietary/claude-haiku/ucurve_20260520_011947.json
03_prompt_format,claude-4.5-haiku,Claude-4.5,True,base,semantic_multi,landmark,10,20,IVQ,ordinal,8,0.975,,0.95,0.995,0.0249,200,,,,,,,raw,experiments_cloud/results/ucurve_proprietary_results.csv,upstream source_file: experiments_cloud/results/ucurve_proprietary/claude-haiku/ucurve_20260520_011947.json
03_prompt_format,claude-4.5-haiku,Claude-4.5,True,base,semantic_multi,landmark,10,20,IVQ,ordinal,10,0.68,,0.615,0.745,0.0642,200,,,,,,,raw,experiments_cloud/results/ucurve_proprietary_results.csv,upstream source_file: experiments_cloud/results/ucurve_proprietary/claude-haiku/ucurve_20260520_011947.json
03_prompt_format,claude-4.5-haiku,Claude-4.5,True,base,semantic_multi,landmark,10,20,IVQ,ordinal,11,0.745,,0.685,0.805,0.0602,200,,,,,,,raw,experiments_cloud/results/ucurve_proprietary_results.csv,upstream source_file: experiments_cloud/results/ucurve_proprietary/claude-haiku/ucurve_20260520_011947.json
03_prompt_format,claude-4.5-haiku,Claude-4.5,True,base,semantic_multi,landmark,10,20,IVQ,ordinal,13,0.64,,0.57,0.705,0.066,200,,,,,,,raw,experiments_cloud/results/ucurve_proprietary_results.csv,upstream source_file: experiments_cloud/results/ucurve_proprietary/claude-haiku/ucurve_20260520_011947.json
03_prompt_format,claude-4.5-haiku,Claude-4.5,True,base,semantic_multi,landmark,10,20,IVQ,ordinal,14,0.695,,0.63,0.76,0.0634,200,,,,,,,raw,experiments_cloud/results/ucurve_proprietary_results.csv,upstream source_file: experiments_cloud/results/ucurve_proprietary/claude-haiku/ucurve_20260520_011947.json
03_prompt_format,claude-4.5-haiku,Claude-4.5,True,base,semantic_multi,landmark,10,20,IVQ,ordinal,16,0.48,,0.41,0.555,0.0686,200,,,,,,,raw,experiments_cloud/results/ucurve_proprietary_results.csv,upstream source_file: experiments_cloud/results/ucurve_proprietary/claude-haiku/ucurve_20260520_011947.json
03_prompt_format,claude-4.5-haiku,Claude-4.5,True,base,semantic_multi,landmark,10,20,IVQ,ordinal,17,0.485,,0.415,0.555,0.0686,200,,,,,,,raw,experiments_cloud/results/ucurve_proprietary_results.csv,upstream source_file: experiments_cloud/results/ucurve_proprietary/claude-haiku/ucurve_20260520_011947.json
03_prompt_format,claude-4.5-haiku,Claude-4.5,True,base,semantic_multi,landmark,10,20,IVQ,ordinal,19,0.31,,0.25,0.38,0.0637,200,,,,,,,raw,experiments_cloud/results/ucurve_proprietary_results.csv,upstream source_file: experiments_cloud/results/ucurve_proprietary/claude-haiku/ucurve_20260520_011947.json
03_prompt_format,claude-4.5-haiku,Claude-4.5,True,base,semantic_multi,landmark,10,20,CVQ,ordinal,20,0.17,,0.12,0.225,0.0523,200,,,,,,,raw,experiments_cloud/results/ucurve_proprietary_results.csv,upstream source_file: experiments_cloud/results/ucurve_proprietary/claude-haiku/ucurve_20260520_011947.json
03_prompt_format,claude-4.5-haiku,Claude-4.5,True,base,semantic_multi,landmark,10,20,CVQ,semantic,last,0.98,,0.96,0.995,0.0231,200,,,,,,,raw,experiments_cloud/results/ucurve_proprietary_results.csv,upstream source_file: experiments_cloud/results/ucurve_proprietary/claude-haiku/ucurve_20260520_011947.json
03_prompt_format,claude-4.5-haiku,Claude-4.5,True,base,semantic_multi,landmark,10,50,FVQ,ordinal,1,0.905,,0.865,0.945,0.0417,200,,,,,,,raw,experiments_cloud/results/ucurve_proprietary_results.csv,upstream source_file: experiments_cloud/results/ucurve_proprietary/claude-haiku/ucurve_20260520_011947.json
03_prompt_format,claude-4.5-haiku,Claude-4.5,True,base,semantic_multi,landmark,10,50,IVQ,ordinal,2,0.79,,0.73,0.845,0.0564,200,,,,,,,raw,experiments_cloud/results/ucurve_proprietary_results.csv,upstream source_file: experiments_cloud/results/ucurve_proprietary/claude-haiku/ucurve_20260520_011947.json
03_prompt_format,claude-4.5-haiku,Claude-4.5,True,base,semantic_multi,landmark,10,50,IVQ,ordinal,3,0.995,,0.985,1.0,0.0163,200,,,,,,,raw,experiments_cloud/results/ucurve_proprietary_results.csv,upstream source_file: experiments_cloud/results/ucurve_proprietary/claude-haiku/ucurve_20260520_011947.json
03_prompt_format,claude-4.5-haiku,Claude-4.5,True,base,semantic_multi,landmark,10,50,IVQ,ordinal,4,1.0,,1.0,1.0,0.0133,200,,,,,,,raw,experiments_cloud/results/ucurve_proprietary_results.csv,upstream source_file: experiments_cloud/results/ucurve_proprietary/claude-haiku/ucurve_20260520_011947.json
03_prompt_format,claude-4.5-haiku,Claude-4.5,True,base,semantic_multi,landmark,10,50,IVQ,ordinal,5,0.985,,0.965,1.0,0.0211,200,,,,,,,raw,experiments_cloud/results/ucurve_proprietary_results.csv,upstream source_file: experiments_cloud/results/ucurve_proprietary/claude-haiku/ucurve_20260520_011947.json
03_prompt_format,claude-4.5-haiku,Claude-4.5,True,base,semantic_multi,landmark,10,50,IVQ,ordinal,6,0.965,,0.935,0.985,0.0281,200,,,,,,,raw,experiments_cloud/results/ucurve_proprietary_results.csv,upstream source_file: experiments_cloud/results/ucurve_proprietary/claude-haiku/ucurve_20260520_011947.json
03_prompt_format,claude-4.5-haiku,Claude-4.5,True,base,semantic_multi,landmark,10,50,IVQ,ordinal,7,0.99,,0.975,1.0,0.0189,200,,,,,,,raw,experiments_cloud/results/ucurve_proprietary_results.csv,upstream source_file: experiments_cloud/results/ucurve_proprietary/claude-haiku/ucurve_20260520_011947.json
03_prompt_format,claude-4.5-haiku,Claude-4.5,True,base,semantic_multi,landmark,10,50,IVQ,ordinal,8,0.96,,0.93,0.985,0.0295,200,,,,,,,raw,experiments_cloud/results/ucurve_proprietary_results.csv,upstream source_file: experiments_cloud/results/ucurve_proprietary/claude-haiku/ucurve_20260520_011947.json
03_prompt_format,claude-4.5-haiku,Claude-4.5,True,base,semantic_multi,landmark,10,50,IVQ,ordinal,14,0.27,,0.2099,0.33,0.0613,200,,,,,,,raw,experiments_cloud/results/ucurve_proprietary_results.csv,upstream source_file: experiments_cloud/results/ucurve_proprietary/claude-haiku/ucurve_20260520_011947.json
03_prompt_format,claude-4.5-haiku,Claude-4.5,True,base,semantic_multi,landmark,10,50,IVQ,ordinal,20,0.045,,0.02,0.075,0.0309,200,,,,,,,raw,experiments_cloud/results/ucurve_proprietary_results.csv,upstream source_file: experiments_cloud/results/ucurve_proprietary/claude-haiku/ucurve_20260520_011947.json
03_prompt_format,claude-4.5-haiku,Claude-4.5,True,base,semantic_multi,landmark,10,50,IVQ,ordinal,26,0.055,,0.0299,0.09,0.0334,200,,,,,,,raw,experiments_cloud/results/ucurve_proprietary_results.csv,upstream source_file: experiments_cloud/results/ucurve_proprietary/claude-haiku/ucurve_20260520_011947.json
03_prompt_format,claude-4.5-haiku,Claude-4.5,True,base,semantic_multi,landmark,10,50,IVQ,ordinal,31,0.055,,0.025,0.0851,0.0334,200,,,,,,,raw,experiments_cloud/results/ucurve_proprietary_results.csv,upstream source_file: experiments_cloud/results/ucurve_proprietary/claude-haiku/ucurve_20260520_011947.json
03_prompt_format,claude-4.5-haiku,Claude-4.5,True,base,semantic_multi,landmark,10,50,IVQ,ordinal,37,0.01,,0.0,0.025,0.0189,200,,,,,,,raw,experiments_cloud/results/ucurve_proprietary_results.csv,upstream source_file: experiments_cloud/results/ucurve_proprietary/claude-haiku/ucurve_20260520_011947.json
03_prompt_format,claude-4.5-haiku,Claude-4.5,True,base,semantic_multi,landmark,10,50,IVQ,ordinal,43,0.035,,0.01,0.065,0.0281,200,,,,,,,raw,experiments_cloud/results/ucurve_proprietary_results.csv,upstream source_file: experiments_cloud/results/ucurve_proprietary/claude-haiku/ucurve_20260520_011947.json
03_prompt_format,claude-4.5-haiku,Claude-4.5,True,base,semantic_multi,landmark,10,50,IVQ,ordinal,49,0.02,,0.005,0.04,0.0231,200,,,,,,,raw,experiments_cloud/results/ucurve_proprietary_results.csv,upstream source_file: experiments_cloud/results/ucurve_proprietary/claude-haiku/ucurve_20260520_011947.json
03_prompt_format,claude-4.5-haiku,Claude-4.5,True,base,semantic_multi,landmark,10,50,CVQ,ordinal,50,0.03,,0.01,0.055,0.0265,200,,,,,,,raw,experiments_cloud/results/ucurve_proprietary_results.csv,upstream source_file: experiments_cloud/results/ucurve_proprietary/claude-haiku/ucurve_20260520_011947.json
03_prompt_format,claude-4.5-haiku,Claude-4.5,True,base,semantic_multi,landmark,10,50,CVQ,semantic,last,0.895,,0.85,0.935,0.0434,200,,,,,,,raw,experiments_cloud/results/ucurve_proprietary_results.csv,upstream source_file: experiments_cloud/results/ucurve_proprietary/claude-haiku/ucurve_20260520_011947.json
03_prompt_format,claude-4.5-sonnet,Claude-4.5,True,base,semantic_multi,block,5,10,FVQ,ordinal,1,1.0,,1.0,1.0,0.0495,50,,,,,,,raw,experiments_cloud/results/ucurve_proprietary_results.csv,upstream source_file: experiments_cloud/results/ucurve_proprietary/claude-sonnet/ucurve_20260520_024541.json
03_prompt_format,claude-4.5-sonnet,Claude-4.5,True,base,semantic_multi,block,5,10,IVQ,ordinal,2,1.0,,1.0,1.0,0.0495,50,,,,,,,raw,experiments_cloud/results/ucurve_proprietary_results.csv,upstream source_file: experiments_cloud/results/ucurve_proprietary/claude-sonnet/ucurve_20260520_024541.json
03_prompt_format,claude-4.5-sonnet,Claude-4.5,True,base,semantic_multi,block,5,10,IVQ,ordinal,3,1.0,,1.0,1.0,0.0495,50,,,,,,,raw,experiments_cloud/results/ucurve_proprietary_results.csv,upstream source_file: experiments_cloud/results/ucurve_proprietary/claude-sonnet/ucurve_20260520_024541.json
03_prompt_format,claude-4.5-sonnet,Claude-4.5,True,base,semantic_multi,block,5,10,IVQ,ordinal,4,1.0,,1.0,1.0,0.0495,50,,,,,,,raw,experiments_cloud/results/ucurve_proprietary_results.csv,upstream source_file: experiments_cloud/results/ucurve_proprietary/claude-sonnet/ucurve_20260520_024541.json
03_prompt_format,claude-4.5-sonnet,Claude-4.5,True,base,semantic_multi,block,5,10,IVQ,ordinal,5,1.0,,1.0,1.0,0.0495,50,,,,,,,raw,experiments_cloud/results/ucurve_proprietary_results.csv,upstream source_file: experiments_cloud/results/ucurve_proprietary/claude-sonnet/ucurve_20260520_024541.json
03_prompt_format,claude-4.5-sonnet,Claude-4.5,True,base,semantic_multi,block,5,10,IVQ,ordinal,6,1.0,,1.0,1.0,0.0495,50,,,,,,,raw,experiments_cloud/results/ucurve_proprietary_results.csv,upstream source_file: experiments_cloud/results/ucurve_proprietary/claude-sonnet/ucurve_20260520_024541.json
03_prompt_format,claude-4.5-sonnet,Claude-4.5,True,base,semantic_multi,block,5,10,IVQ,ordinal,7,1.0,,1.0,1.0,0.0495,50,,,,,,,raw,experiments_cloud/results/ucurve_proprietary_results.csv,upstream source_file: experiments_cloud/results/ucurve_proprietary/claude-sonnet/ucurve_20260520_024541.json
03_prompt_format,claude-4.5-sonnet,Claude-4.5,True,base,semantic_multi,block,5,10,IVQ,ordinal,8,1.0,,1.0,1.0,0.0495,50,,,,,,,raw,experiments_cloud/results/ucurve_proprietary_results.csv,upstream source_file: experiments_cloud/results/ucurve_proprietary/claude-sonnet/ucurve_20260520_024541.json
03_prompt_format,claude-4.5-sonnet,Claude-4.5,True,base,semantic_multi,block,5,10,IVQ,ordinal,9,1.0,,1.0,1.0,0.0495,50,,,,,,,raw,experiments_cloud/results/ucurve_proprietary_results.csv,upstream source_file: experiments_cloud/results/ucurve_proprietary/claude-sonnet/ucurve_20260520_024541.json
03_prompt_format,claude-4.5-sonnet,Claude-4.5,True,base,semantic_multi,block,5,10,CVQ,ordinal,10,1.0,,1.0,1.0,0.0495,50,,,,,,,raw,experiments_cloud/results/ucurve_proprietary_results.csv,upstream source_file: experiments_cloud/results/ucurve_proprietary/claude-sonnet/ucurve_20260520_024541.json
03_prompt_format,claude-4.5-sonnet,Claude-4.5,True,base,semantic_multi,block,5,10,CVQ,semantic,last,1.0,,1.0,1.0,0.0495,50,,,,,,,raw,experiments_cloud/results/ucurve_proprietary_results.csv,upstream source_file: experiments_cloud/results/ucurve_proprietary/claude-sonnet/ucurve_20260520_024541.json
03_prompt_format,claude-4.5-sonnet,Claude-4.5,True,base,semantic_multi,block,5,20,FVQ,ordinal,1,1.0,,1.0,1.0,0.0495,50,,,,,,,raw,experiments_cloud/results/ucurve_proprietary_results.csv,upstream source_file: experiments_cloud/results/ucurve_proprietary/claude-sonnet/ucurve_20260520_024541.json
03_prompt_format,claude-4.5-sonnet,Claude-4.5,True,base,semantic_multi,block,5,20,IVQ,ordinal,2,1.0,,1.0,1.0,0.0495,50,,,,,,,raw,experiments_cloud/results/ucurve_proprietary_results.csv,upstream source_file: experiments_cloud/results/ucurve_proprietary/claude-sonnet/ucurve_20260520_024541.json
03_prompt_format,claude-4.5-sonnet,Claude-4.5,True,base,semantic_multi,block,5,20,IVQ,ordinal,3,1.0,,1.0,1.0,0.0495,50,,,,,,,raw,experiments_cloud/results/ucurve_proprietary_results.csv,upstream source_file: experiments_cloud/results/ucurve_proprietary/claude-sonnet/ucurve_20260520_024541.json
03_prompt_format,claude-4.5-sonnet,Claude-4.5,True,base,semantic_multi,block,5,20,IVQ,ordinal,4,1.0,,1.0,1.0,0.0495,50,,,,,,,raw,experiments_cloud/results/ucurve_proprietary_results.csv,upstream source_file: experiments_cloud/results/ucurve_proprietary/claude-sonnet/ucurve_20260520_024541.json
03_prompt_format,claude-4.5-sonnet,Claude-4.5,True,base,semantic_multi,block,5,20,IVQ,ordinal,5,1.0,,1.0,1.0,0.0495,50,,,,,,,raw,experiments_cloud/results/ucurve_proprietary_results.csv,upstream source_file: experiments_cloud/results/ucurve_proprietary/claude-sonnet/ucurve_20260520_024541.json
03_prompt_format,claude-4.5-sonnet,Claude-4.5,True,base,semantic_multi,block,5,20,IVQ,ordinal,6,1.0,,1.0,1.0,0.0495,50,,,,,,,raw,experiments_cloud/results/ucurve_proprietary_results.csv,upstream source_file: experiments_cloud/results/ucurve_proprietary/claude-sonnet/ucurve_20260520_024541.json
03_prompt_format,claude-4.5-sonnet,Claude-4.5,True,base,semantic_multi,block,5,20,IVQ,ordinal,7,1.0,,1.0,1.0,0.0495,50,,,,,,,raw,experiments_cloud/results/ucurve_proprietary_results.csv,upstream source_file: experiments_cloud/results/ucurve_proprietary/claude-sonnet/ucurve_20260520_024541.json
03_prompt_format,claude-4.5-sonnet,Claude-4.5,True,base,semantic_multi,block,5,20,IVQ,ordinal,8,1.0,,1.0,1.0,0.0495,50,,,,,,,raw,experiments_cloud/results/ucurve_proprietary_results.csv,upstream source_file: experiments_cloud/results/ucurve_proprietary/claude-sonnet/ucurve_20260520_024541.json
03_prompt_format,claude-4.5-sonnet,Claude-4.5,True,base,semantic_multi,block,5,20,IVQ,ordinal,10,1.0,,1.0,1.0,0.0495,50,,,,,,,raw,experiments_cloud/results/ucurve_proprietary_results.csv,upstream source_file: experiments_cloud/results/ucurve_proprietary/claude-sonnet/ucurve_20260520_024541.json
03_prompt_format,claude-4.5-sonnet,Claude-4.5,True,base,semantic_multi,block,5,20,IVQ,ordinal,11,1.0,,1.0,1.0,0.0495,50,,,,,,,raw,experiments_cloud/results/ucurve_proprietary_results.csv,upstream source_file: experiments_cloud/results/ucurve_proprietary/claude-sonnet/ucurve_20260520_024541.json
03_prompt_format,claude-4.5-sonnet,Claude-4.5,True,base,semantic_multi,block,5,20,IVQ,ordinal,13,1.0,,1.0,1.0,0.0495,50,,,,,,,raw,experiments_cloud/results/ucurve_proprietary_results.csv,upstream source_file: experiments_cloud/results/ucurve_proprietary/claude-sonnet/ucurve_20260520_024541.json
03_prompt_format,claude-4.5-sonnet,Claude-4.5,True,base,semantic_multi,block,5,20,IVQ,ordinal,14,1.0,,1.0,1.0,0.0495,50,,,,,,,raw,experiments_cloud/results/ucurve_proprietary_results.csv,upstream source_file: experiments_cloud/results/ucurve_proprietary/claude-sonnet/ucurve_20260520_024541.json
03_prompt_format,claude-4.5-sonnet,Claude-4.5,True,base,semantic_multi,block,5,20,IVQ,ordinal,16,1.0,,1.0,1.0,0.0495,50,,,,,,,raw,experiments_cloud/results/ucurve_proprietary_results.csv,upstream source_file: experiments_cloud/results/ucurve_proprietary/claude-sonnet/ucurve_20260520_024541.json
03_prompt_format,claude-4.5-sonnet,Claude-4.5,True,base,semantic_multi,block,5,20,IVQ,ordinal,17,1.0,,1.0,1.0,0.0495,50,,,,,,,raw,experiments_cloud/results/ucurve_proprietary_results.csv,upstream source_file: experiments_cloud/results/ucurve_proprietary/claude-sonnet/ucurve_20260520_024541.json
03_prompt_format,claude-4.5-sonnet,Claude-4.5,True,base,semantic_multi,block,5,20,IVQ,ordinal,19,1.0,,1.0,1.0,0.0495,50,,,,,,,raw,experiments_cloud/results/ucurve_proprietary_results.csv,upstream source_file: experiments_cloud/results/ucurve_proprietary/claude-sonnet/ucurve_20260520_024541.json
03_prompt_format,claude-4.5-sonnet,Claude-4.5,True,base,semantic_multi,block,5,20,CVQ,ordinal,20,1.0,,1.0,1.0,0.0495,50,,,,,,,raw,experiments_cloud/results/ucurve_proprietary_results.csv,upstream source_file: experiments_cloud/results/ucurve_proprietary/claude-sonnet/ucurve_20260520_024541.json
03_prompt_format,claude-4.5-sonnet,Claude-4.5,True,base,semantic_multi,block,5,20,CVQ,semantic,last,1.0,,1.0,1.0,0.0495,50,,,,,,,raw,experiments_cloud/results/ucurve_proprietary_results.csv,upstream source_file: experiments_cloud/results/ucurve_proprietary/claude-sonnet/ucurve_20260520_024541.json
03_prompt_format,claude-4.5-sonnet,Claude-4.5,True,base,semantic_multi,block,5,50,FVQ,ordinal,1,1.0,,1.0,1.0,0.0495,50,,,,,,,raw,experiments_cloud/results/ucurve_proprietary_results.csv,upstream source_file: experiments_cloud/results/ucurve_proprietary/claude-sonnet/ucurve_20260520_024541.json
03_prompt_format,claude-4.5-sonnet,Claude-4.5,True,base,semantic_multi,block,5,50,IVQ,ordinal,2,1.0,,1.0,1.0,0.0495,50,,,,,,,raw,experiments_cloud/results/ucurve_proprietary_results.csv,upstream source_file: experiments_cloud/results/ucurve_proprietary/claude-sonnet/ucurve_20260520_024541.json
03_prompt_format,claude-4.5-sonnet,Claude-4.5,True,base,semantic_multi,block,5,50,IVQ,ordinal,3,1.0,,1.0,1.0,0.0495,50,,,,,,,raw,experiments_cloud/results/ucurve_proprietary_results.csv,upstream source_file: experiments_cloud/results/ucurve_proprietary/claude-sonnet/ucurve_20260520_024541.json
03_prompt_format,claude-4.5-sonnet,Claude-4.5,True,base,semantic_multi,block,5,50,IVQ,ordinal,4,1.0,,1.0,1.0,0.0495,50,,,,,,,raw,experiments_cloud/results/ucurve_proprietary_results.csv,upstream source_file: experiments_cloud/results/ucurve_proprietary/claude-sonnet/ucurve_20260520_024541.json
03_prompt_format,claude-4.5-sonnet,Claude-4.5,True,base,semantic_multi,block,5,50,IVQ,ordinal,5,1.0,,1.0,1.0,0.0495,50,,,,,,,raw,experiments_cloud/results/ucurve_proprietary_results.csv,upstream source_file: experiments_cloud/results/ucurve_proprietary/claude-sonnet/ucurve_20260520_024541.json
03_prompt_format,claude-4.5-sonnet,Claude-4.5,True,base,semantic_multi,block,5,50,IVQ,ordinal,6,1.0,,1.0,1.0,0.0495,50,,,,,,,raw,experiments_cloud/results/ucurve_proprietary_results.csv,upstream source_file: experiments_cloud/results/ucurve_proprietary/claude-sonnet/ucurve_20260520_024541.json
03_prompt_format,claude-4.5-sonnet,Claude-4.5,True,base,semantic_multi,block,5,50,IVQ,ordinal,7,1.0,,1.0,1.0,0.0495,50,,,,,,,raw,experiments_cloud/results/ucurve_proprietary_results.csv,upstream source_file: experiments_cloud/results/ucurve_proprietary/claude-sonnet/ucurve_20260520_024541.json
03_prompt_format,claude-4.5-sonnet,Claude-4.5,True,base,semantic_multi,block,5,50,IVQ,ordinal,8,1.0,,1.0,1.0,0.0495,50,,,,,,,raw,experiments_cloud/results/ucurve_proprietary_results.csv,upstream source_file: experiments_cloud/results/ucurve_proprietary/claude-sonnet/ucurve_20260520_024541.json
03_prompt_format,claude-4.5-sonnet,Claude-4.5,True,base,semantic_multi,block,5,50,IVQ,ordinal,14,1.0,,1.0,1.0,0.0495,50,,,,,,,raw,experiments_cloud/results/ucurve_proprietary_results.csv,upstream source_file: experiments_cloud/results/ucurve_proprietary/claude-sonnet/ucurve_20260520_024541.json
03_prompt_format,claude-4.5-sonnet,Claude-4.5,True,base,semantic_multi,block,5,50,IVQ,ordinal,20,1.0,,1.0,1.0,0.0495,50,,,,,,,raw,experiments_cloud/results/ucurve_proprietary_results.csv,upstream source_file: experiments_cloud/results/ucurve_proprietary/claude-sonnet/ucurve_20260520_024541.json
03_prompt_format,claude-4.5-sonnet,Claude-4.5,True,base,semantic_multi,block,5,50,IVQ,ordinal,26,1.0,,1.0,1.0,0.0495,50,,,,,,,raw,experiments_cloud/results/ucurve_proprietary_results.csv,upstream source_file: experiments_cloud/results/ucurve_proprietary/claude-sonnet/ucurve_20260520_024541.json
03_prompt_format,claude-4.5-sonnet,Claude-4.5,True,base,semantic_multi,block,5,50,IVQ,ordinal,31,1.0,,1.0,1.0,0.0495,50,,,,,,,raw,experiments_cloud/results/ucurve_proprietary_results.csv,upstream source_file: experiments_cloud/results/ucurve_proprietary/claude-sonnet/ucurve_20260520_024541.json
03_prompt_format,claude-4.5-sonnet,Claude-4.5,True,base,semantic_multi,block,5,50,IVQ,ordinal,37,1.0,,1.0,1.0,0.0495,50,,,,,,,raw,experiments_cloud/results/ucurve_proprietary_results.csv,upstream source_file: experiments_cloud/results/ucurve_proprietary/claude-sonnet/ucurve_20260520_024541.json
03_prompt_format,claude-4.5-sonnet,Claude-4.5,True,base,semantic_multi,block,5,50,IVQ,ordinal,43,1.0,,1.0,1.0,0.0495,50,,,,,,,raw,experiments_cloud/results/ucurve_proprietary_results.csv,upstream source_file: experiments_cloud/results/ucurve_proprietary/claude-sonnet/ucurve_20260520_024541.json
03_prompt_format,claude-4.5-sonnet,Claude-4.5,True,base,semantic_multi,block,5,50,IVQ,ordinal,49,1.0,,1.0,1.0,0.0495,50,,,,,,,raw,experiments_cloud/results/ucurve_proprietary_results.csv,upstream source_file: experiments_cloud/results/ucurve_proprietary/claude-sonnet/ucurve_20260520_024541.json
03_prompt_format,claude-4.5-sonnet,Claude-4.5,True,base,semantic_multi,block,5,50,CVQ,ordinal,50,1.0,,1.0,1.0,0.0495,50,,,,,,,raw,experiments_cloud/results/ucurve_proprietary_results.csv,upstream source_file: experiments_cloud/results/ucurve_proprietary/claude-sonnet/ucurve_20260520_024541.json
03_prompt_format,claude-4.5-sonnet,Claude-4.5,True,base,semantic_multi,block,5,50,CVQ,semantic,last,1.0,,1.0,1.0,0.0495,50,,,,,,,raw,experiments_cloud/results/ucurve_proprietary_results.csv,upstream source_file: experiments_cloud/results/ucurve_proprietary/claude-sonnet/ucurve_20260520_024541.json
03_prompt_format,claude-4.5-sonnet,Claude-4.5,True,base,semantic_multi,block,10,10,FVQ,ordinal,1,1.0,,1.0,1.0,0.0495,50,,,,,,,raw,experiments_cloud/results/ucurve_proprietary_results.csv,upstream source_file: experiments_cloud/results/ucurve_proprietary/claude-sonnet/ucurve_20260520_024541.json
03_prompt_format,claude-4.5-sonnet,Claude-4.5,True,base,semantic_multi,block,10,10,IVQ,ordinal,2,1.0,,1.0,1.0,0.0495,50,,,,,,,raw,experiments_cloud/results/ucurve_proprietary_results.csv,upstream source_file: experiments_cloud/results/ucurve_proprietary/claude-sonnet/ucurve_20260520_024541.json
03_prompt_format,claude-4.5-sonnet,Claude-4.5,True,base,semantic_multi,block,10,10,IVQ,ordinal,3,1.0,,1.0,1.0,0.0495,50,,,,,,,raw,experiments_cloud/results/ucurve_proprietary_results.csv,upstream source_file: experiments_cloud/results/ucurve_proprietary/claude-sonnet/ucurve_20260520_024541.json
03_prompt_format,claude-4.5-sonnet,Claude-4.5,True,base,semantic_multi,block,10,10,IVQ,ordinal,4,1.0,,1.0,1.0,0.0495,50,,,,,,,raw,experiments_cloud/results/ucurve_proprietary_results.csv,upstream source_file: experiments_cloud/results/ucurve_proprietary/claude-sonnet/ucurve_20260520_024541.json
03_prompt_format,claude-4.5-sonnet,Claude-4.5,True,base,semantic_multi,block,10,10,IVQ,ordinal,5,1.0,,1.0,1.0,0.0495,50,,,,,,,raw,experiments_cloud/results/ucurve_proprietary_results.csv,upstream source_file: experiments_cloud/results/ucurve_proprietary/claude-sonnet/ucurve_20260520_024541.json
03_prompt_format,claude-4.5-sonnet,Claude-4.5,True,base,semantic_multi,block,10,10,IVQ,ordinal,6,1.0,,1.0,1.0,0.0495,50,,,,,,,raw,experiments_cloud/results/ucurve_proprietary_results.csv,upstream source_file: experiments_cloud/results/ucurve_proprietary/claude-sonnet/ucurve_20260520_024541.json
03_prompt_format,claude-4.5-sonnet,Claude-4.5,True,base,semantic_multi,block,10,10,IVQ,ordinal,7,1.0,,1.0,1.0,0.0495,50,,,,,,,raw,experiments_cloud/results/ucurve_proprietary_results.csv,upstream source_file: experiments_cloud/results/ucurve_proprietary/claude-sonnet/ucurve_20260520_024541.json
03_prompt_format,claude-4.5-sonnet,Claude-4.5,True,base,semantic_multi,block,10,10,IVQ,ordinal,8,1.0,,1.0,1.0,0.0495,50,,,,,,,raw,experiments_cloud/results/ucurve_proprietary_results.csv,upstream source_file: experiments_cloud/results/ucurve_proprietary/claude-sonnet/ucurve_20260520_024541.json
03_prompt_format,claude-4.5-sonnet,Claude-4.5,True,base,semantic_multi,block,10,10,IVQ,ordinal,9,1.0,,1.0,1.0,0.0495,50,,,,,,,raw,experiments_cloud/results/ucurve_proprietary_results.csv,upstream source_file: experiments_cloud/results/ucurve_proprietary/claude-sonnet/ucurve_20260520_024541.json
03_prompt_format,claude-4.5-sonnet,Claude-4.5,True,base,semantic_multi,block,10,10,CVQ,ordinal,10,1.0,,1.0,1.0,0.0495,50,,,,,,,raw,experiments_cloud/results/ucurve_proprietary_results.csv,upstream source_file: experiments_cloud/results/ucurve_proprietary/claude-sonnet/ucurve_20260520_024541.json
03_prompt_format,claude-4.5-sonnet,Claude-4.5,True,base,semantic_multi,block,10,10,CVQ,semantic,last,1.0,,1.0,1.0,0.0495,50,,,,,,,raw,experiments_cloud/results/ucurve_proprietary_results.csv,upstream source_file: experiments_cloud/results/ucurve_proprietary/claude-sonnet/ucurve_20260520_024541.json
03_prompt_format,claude-4.5-sonnet,Claude-4.5,True,base,semantic_multi,block,10,20,FVQ,ordinal,1,1.0,,1.0,1.0,0.0495,50,,,,,,,raw,experiments_cloud/results/ucurve_proprietary_results.csv,upstream source_file: experiments_cloud/results/ucurve_proprietary/claude-sonnet/ucurve_20260520_024541.json
03_prompt_format,claude-4.5-sonnet,Claude-4.5,True,base,semantic_multi,block,10,20,IVQ,ordinal,2,1.0,,1.0,1.0,0.0495,50,,,,,,,raw,experiments_cloud/results/ucurve_proprietary_results.csv,upstream source_file: experiments_cloud/results/ucurve_proprietary/claude-sonnet/ucurve_20260520_024541.json
03_prompt_format,claude-4.5-sonnet,Claude-4.5,True,base,semantic_multi,block,10,20,IVQ,ordinal,3,1.0,,1.0,1.0,0.0495,50,,,,,,,raw,experiments_cloud/results/ucurve_proprietary_results.csv,upstream source_file: experiments_cloud/results/ucurve_proprietary/claude-sonnet/ucurve_20260520_024541.json
03_prompt_format,claude-4.5-sonnet,Claude-4.5,True,base,semantic_multi,block,10,20,IVQ,ordinal,4,1.0,,1.0,1.0,0.0495,50,,,,,,,raw,experiments_cloud/results/ucurve_proprietary_results.csv,upstream source_file: experiments_cloud/results/ucurve_proprietary/claude-sonnet/ucurve_20260520_024541.json
03_prompt_format,claude-4.5-sonnet,Claude-4.5,True,base,semantic_multi,block,10,20,IVQ,ordinal,5,1.0,,1.0,1.0,0.0495,50,,,,,,,raw,experiments_cloud/results/ucurve_proprietary_results.csv,upstream source_file: experiments_cloud/results/ucurve_proprietary/claude-sonnet/ucurve_20260520_024541.json
03_prompt_format,claude-4.5-sonnet,Claude-4.5,True,base,semantic_multi,block,10,20,IVQ,ordinal,6,1.0,,1.0,1.0,0.0495,50,,,,,,,raw,experiments_cloud/results/ucurve_proprietary_results.csv,upstream source_file: experiments_cloud/results/ucurve_proprietary/claude-sonnet/ucurve_20260520_024541.json
03_prompt_format,claude-4.5-sonnet,Claude-4.5,True,base,semantic_multi,block,10,20,IVQ,ordinal,7,1.0,,1.0,1.0,0.0495,50,,,,,,,raw,experiments_cloud/results/ucurve_proprietary_results.csv,upstream source_file: experiments_cloud/results/ucurve_proprietary/claude-sonnet/ucurve_20260520_024541.json
03_prompt_format,claude-4.5-sonnet,Claude-4.5,True,base,semantic_multi,block,10,20,IVQ,ordinal,8,1.0,,1.0,1.0,0.0495,50,,,,,,,raw,experiments_cloud/results/ucurve_proprietary_results.csv,upstream source_file: experiments_cloud/results/ucurve_proprietary/claude-sonnet/ucurve_20260520_024541.json
03_prompt_format,claude-4.5-sonnet,Claude-4.5,True,base,semantic_multi,block,10,20,IVQ,ordinal,10,1.0,,1.0,1.0,0.0495,50,,,,,,,raw,experiments_cloud/results/ucurve_proprietary_results.csv,upstream source_file: experiments_cloud/results/ucurve_proprietary/claude-sonnet/ucurve_20260520_024541.json
03_prompt_format,claude-4.5-sonnet,Claude-4.5,True,base,semantic_multi,block,10,20,IVQ,ordinal,11,1.0,,1.0,1.0,0.0495,50,,,,,,,raw,experiments_cloud/results/ucurve_proprietary_results.csv,upstream source_file: experiments_cloud/results/ucurve_proprietary/claude-sonnet/ucurve_20260520_024541.json
03_prompt_format,claude-4.5-sonnet,Claude-4.5,True,base,semantic_multi,block,10,20,IVQ,ordinal,13,1.0,,1.0,1.0,0.0495,50,,,,,,,raw,experiments_cloud/results/ucurve_proprietary_results.csv,upstream source_file: experiments_cloud/results/ucurve_proprietary/claude-sonnet/ucurve_20260520_024541.json
03_prompt_format,claude-4.5-sonnet,Claude-4.5,True,base,semantic_multi,block,10,20,IVQ,ordinal,14,1.0,,1.0,1.0,0.0495,50,,,,,,,raw,experiments_cloud/results/ucurve_proprietary_results.csv,upstream source_file: experiments_cloud/results/ucurve_proprietary/claude-sonnet/ucurve_20260520_024541.json
03_prompt_format,claude-4.5-sonnet,Claude-4.5,True,base,semantic_multi,block,10,20,IVQ,ordinal,16,1.0,,1.0,1.0,0.0495,50,,,,,,,raw,experiments_cloud/results/ucurve_proprietary_results.csv,upstream source_file: experiments_cloud/results/ucurve_proprietary/claude-sonnet/ucurve_20260520_024541.json
03_prompt_format,claude-4.5-sonnet,Claude-4.5,True,base,semantic_multi,block,10,20,IVQ,ordinal,17,1.0,,1.0,1.0,0.0495,50,,,,,,,raw,experiments_cloud/results/ucurve_proprietary_results.csv,upstream source_file: experiments_cloud/results/ucurve_proprietary/claude-sonnet/ucurve_20260520_024541.json
03_prompt_format,claude-4.5-sonnet,Claude-4.5,True,base,semantic_multi,block,10,20,IVQ,ordinal,19,1.0,,1.0,1.0,0.0495,50,,,,,,,raw,experiments_cloud/results/ucurve_proprietary_results.csv,upstream source_file: experiments_cloud/results/ucurve_proprietary/claude-sonnet/ucurve_20260520_024541.json
03_prompt_format,claude-4.5-sonnet,Claude-4.5,True,base,semantic_multi,block,10,20,CVQ,ordinal,20,1.0,,1.0,1.0,0.0495,50,,,,,,,raw,experiments_cloud/results/ucurve_proprietary_results.csv,upstream source_file: experiments_cloud/results/ucurve_proprietary/claude-sonnet/ucurve_20260520_024541.json
03_prompt_format,claude-4.5-sonnet,Claude-4.5,True,base,semantic_multi,block,10,20,CVQ,semantic,last,1.0,,1.0,1.0,0.0495,50,,,,,,,raw,experiments_cloud/results/ucurve_proprietary_results.csv,upstream source_file: experiments_cloud/results/ucurve_proprietary/claude-sonnet/ucurve_20260520_024541.json
03_prompt_format,claude-4.5-sonnet,Claude-4.5,True,base,semantic_multi,block,10,50,FVQ,ordinal,1,1.0,,1.0,1.0,0.0495,50,,,,,,,raw,experiments_cloud/results/ucurve_proprietary_results.csv,upstream source_file: experiments_cloud/results/ucurve_proprietary/claude-sonnet/ucurve_20260520_024541.json
03_prompt_format,claude-4.5-sonnet,Claude-4.5,True,base,semantic_multi,block,10,50,IVQ,ordinal,2,1.0,,1.0,1.0,0.0495,50,,,,,,,raw,experiments_cloud/results/ucurve_proprietary_results.csv,upstream source_file: experiments_cloud/results/ucurve_proprietary/claude-sonnet/ucurve_20260520_024541.json
03_prompt_format,claude-4.5-sonnet,Claude-4.5,True,base,semantic_multi,block,10,50,IVQ,ordinal,3,1.0,,1.0,1.0,0.0495,50,,,,,,,raw,experiments_cloud/results/ucurve_proprietary_results.csv,upstream source_file: experiments_cloud/results/ucurve_proprietary/claude-sonnet/ucurve_20260520_024541.json
03_prompt_format,claude-4.5-sonnet,Claude-4.5,True,base,semantic_multi,block,10,50,IVQ,ordinal,4,1.0,,1.0,1.0,0.0495,50,,,,,,,raw,experiments_cloud/results/ucurve_proprietary_results.csv,upstream source_file: experiments_cloud/results/ucurve_proprietary/claude-sonnet/ucurve_20260520_024541.json
03_prompt_format,claude-4.5-sonnet,Claude-4.5,True,base,semantic_multi,block,10,50,IVQ,ordinal,5,1.0,,1.0,1.0,0.0495,50,,,,,,,raw,experiments_cloud/results/ucurve_proprietary_results.csv,upstream source_file: experiments_cloud/results/ucurve_proprietary/claude-sonnet/ucurve_20260520_024541.json
03_prompt_format,claude-4.5-sonnet,Claude-4.5,True,base,semantic_multi,block,10,50,IVQ,ordinal,6,1.0,,1.0,1.0,0.0495,50,,,,,,,raw,experiments_cloud/results/ucurve_proprietary_results.csv,upstream source_file: experiments_cloud/results/ucurve_proprietary/claude-sonnet/ucurve_20260520_024541.json
03_prompt_format,claude-4.5-sonnet,Claude-4.5,True,base,semantic_multi,block,10,50,IVQ,ordinal,7,1.0,,1.0,1.0,0.0495,50,,,,,,,raw,experiments_cloud/results/ucurve_proprietary_results.csv,upstream source_file: experiments_cloud/results/ucurve_proprietary/claude-sonnet/ucurve_20260520_024541.json
03_prompt_format,claude-4.5-sonnet,Claude-4.5,True,base,semantic_multi,block,10,50,IVQ,ordinal,8,1.0,,1.0,1.0,0.0495,50,,,,,,,raw,experiments_cloud/results/ucurve_proprietary_results.csv,upstream source_file: experiments_cloud/results/ucurve_proprietary/claude-sonnet/ucurve_20260520_024541.json
03_prompt_format,claude-4.5-sonnet,Claude-4.5,True,base,semantic_multi,block,10,50,IVQ,ordinal,14,1.0,,1.0,1.0,0.0495,50,,,,,,,raw,experiments_cloud/results/ucurve_proprietary_results.csv,upstream source_file: experiments_cloud/results/ucurve_proprietary/claude-sonnet/ucurve_20260520_024541.json
03_prompt_format,claude-4.5-sonnet,Claude-4.5,True,base,semantic_multi,block,10,50,IVQ,ordinal,20,1.0,,1.0,1.0,0.0495,50,,,,,,,raw,experiments_cloud/results/ucurve_proprietary_results.csv,upstream source_file: experiments_cloud/results/ucurve_proprietary/claude-sonnet/ucurve_20260520_024541.json
03_prompt_format,claude-4.5-sonnet,Claude-4.5,True,base,semantic_multi,block,10,50,IVQ,ordinal,26,1.0,,1.0,1.0,0.0495,50,,,,,,,raw,experiments_cloud/results/ucurve_proprietary_results.csv,upstream source_file: experiments_cloud/results/ucurve_proprietary/claude-sonnet/ucurve_20260520_024541.json
03_prompt_format,claude-4.5-sonnet,Claude-4.5,True,base,semantic_multi,block,10,50,IVQ,ordinal,31,1.0,,1.0,1.0,0.0495,50,,,,,,,raw,experiments_cloud/results/ucurve_proprietary_results.csv,upstream source_file: experiments_cloud/results/ucurve_proprietary/claude-sonnet/ucurve_20260520_024541.json
03_prompt_format,claude-4.5-sonnet,Claude-4.5,True,base,semantic_multi,block,10,50,IVQ,ordinal,37,1.0,,1.0,1.0,0.0495,50,,,,,,,raw,experiments_cloud/results/ucurve_proprietary_results.csv,upstream source_file: experiments_cloud/results/ucurve_proprietary/claude-sonnet/ucurve_20260520_024541.json
03_prompt_format,claude-4.5-sonnet,Claude-4.5,True,base,semantic_multi,block,10,50,IVQ,ordinal,43,1.0,,1.0,1.0,0.0495,50,,,,,,,raw,experiments_cloud/results/ucurve_proprietary_results.csv,upstream source_file: experiments_cloud/results/ucurve_proprietary/claude-sonnet/ucurve_20260520_024541.json
03_prompt_format,claude-4.5-sonnet,Claude-4.5,True,base,semantic_multi,block,10,50,IVQ,ordinal,49,1.0,,1.0,1.0,0.0495,50,,,,,,,raw,experiments_cloud/results/ucurve_proprietary_results.csv,upstream source_file: experiments_cloud/results/ucurve_proprietary/claude-sonnet/ucurve_20260520_024541.json
03_prompt_format,claude-4.5-sonnet,Claude-4.5,True,base,semantic_multi,block,10,50,CVQ,ordinal,50,1.0,,1.0,1.0,0.0495,50,,,,,,,raw,experiments_cloud/results/ucurve_proprietary_results.csv,upstream source_file: experiments_cloud/results/ucurve_proprietary/claude-sonnet/ucurve_20260520_024541.json
03_prompt_format,claude-4.5-sonnet,Claude-4.5,True,base,semantic_multi,block,10,50,CVQ,semantic,last,1.0,,1.0,1.0,0.0495,50,,,,,,,raw,experiments_cloud/results/ucurve_proprietary_results.csv,upstream source_file: experiments_cloud/results/ucurve_proprietary/claude-sonnet/ucurve_20260520_024541.json
03_prompt_format,claude-4.5-sonnet,Claude-4.5,True,base,semantic_multi,flat_nolabel,5,10,FVQ,ordinal,1,1.0,,1.0,1.0,0.0133,200,,,,,,,raw,experiments_cloud/results/ucurve_proprietary_results.csv,upstream source_file: experiments_cloud/results/ucurve_proprietary/claude-sonnet/ucurve_20260520_024541.json
03_prompt_format,claude-4.5-sonnet,Claude-4.5,True,base,semantic_multi,flat_nolabel,5,10,IVQ,ordinal,2,0.995,,0.985,1.0,0.0163,200,,,,,,,raw,experiments_cloud/results/ucurve_proprietary_results.csv,upstream source_file: experiments_cloud/results/ucurve_proprietary/claude-sonnet/ucurve_20260520_024541.json
03_prompt_format,claude-4.5-sonnet,Claude-4.5,True,base,semantic_multi,flat_nolabel,5,10,IVQ,ordinal,3,0.715,,0.655,0.775,0.0622,200,,,,,,,raw,experiments_cloud/results/ucurve_proprietary_results.csv,upstream source_file: experiments_cloud/results/ucurve_proprietary/claude-sonnet/ucurve_20260520_024541.json
03_prompt_format,claude-4.5-sonnet,Claude-4.5,True,base,semantic_multi,flat_nolabel,5,10,IVQ,ordinal,4,0.43,,0.36,0.5,0.068,200,,,,,,,raw,experiments_cloud/results/ucurve_proprietary_results.csv,upstream source_file: experiments_cloud/results/ucurve_proprietary/claude-sonnet/ucurve_20260520_024541.json
03_prompt_format,claude-4.5-sonnet,Claude-4.5,True,base,semantic_multi,flat_nolabel,5,10,IVQ,ordinal,5,0.355,,0.295,0.42,0.0658,200,,,,,,,raw,experiments_cloud/results/ucurve_proprietary_results.csv,upstream source_file: experiments_cloud/results/ucurve_proprietary/claude-sonnet/ucurve_20260520_024541.json
03_prompt_format,claude-4.5-sonnet,Claude-4.5,True,base,semantic_multi,flat_nolabel,5,10,IVQ,ordinal,6,0.235,,0.175,0.295,0.0586,200,,,,,,,raw,experiments_cloud/results/ucurve_proprietary_results.csv,upstream source_file: experiments_cloud/results/ucurve_proprietary/claude-sonnet/ucurve_20260520_024541.json
03_prompt_format,claude-4.5-sonnet,Claude-4.5,True,base,semantic_multi,flat_nolabel,5,10,IVQ,ordinal,7,0.195,,0.14,0.25,0.055,200,,,,,,,raw,experiments_cloud/results/ucurve_proprietary_results.csv,upstream source_file: experiments_cloud/results/ucurve_proprietary/claude-sonnet/ucurve_20260520_024541.json
03_prompt_format,claude-4.5-sonnet,Claude-4.5,True,base,semantic_multi,flat_nolabel,5,10,IVQ,ordinal,8,0.115,,0.07,0.16,0.045,200,,,,,,,raw,experiments_cloud/results/ucurve_proprietary_results.csv,upstream source_file: experiments_cloud/results/ucurve_proprietary/claude-sonnet/ucurve_20260520_024541.json
03_prompt_format,claude-4.5-sonnet,Claude-4.5,True,base,semantic_multi,flat_nolabel,5,10,IVQ,ordinal,9,0.155,,0.105,0.205,0.0505,200,,,,,,,raw,experiments_cloud/results/ucurve_proprietary_results.csv,upstream source_file: experiments_cloud/results/ucurve_proprietary/claude-sonnet/ucurve_20260520_024541.json
03_prompt_format,claude-4.5-sonnet,Claude-4.5,True,base,semantic_multi,flat_nolabel,5,10,CVQ,ordinal,10,0.22,,0.16,0.28,0.0574,200,,,,,,,raw,experiments_cloud/results/ucurve_proprietary_results.csv,upstream source_file: experiments_cloud/results/ucurve_proprietary/claude-sonnet/ucurve_20260520_024541.json
03_prompt_format,claude-4.5-sonnet,Claude-4.5,True,base,semantic_multi,flat_nolabel,5,10,CVQ,semantic,last,0.975,,0.955,0.995,0.0249,200,,,,,,,raw,experiments_cloud/results/ucurve_proprietary_results.csv,upstream source_file: experiments_cloud/results/ucurve_proprietary/claude-sonnet/ucurve_20260520_024541.json
03_prompt_format,claude-4.5-sonnet,Claude-4.5,True,base,semantic_multi,flat_nolabel,5,20,FVQ,ordinal,1,1.0,,1.0,1.0,0.0133,200,,,,,,,raw,experiments_cloud/results/ucurve_proprietary_results.csv,upstream source_file: experiments_cloud/results/ucurve_proprietary/claude-sonnet/ucurve_20260520_024541.json
03_prompt_format,claude-4.5-sonnet,Claude-4.5,True,base,semantic_multi,flat_nolabel,5,20,IVQ,ordinal,2,0.96,,0.93,0.985,0.0295,200,,,,,,,raw,experiments_cloud/results/ucurve_proprietary_results.csv,upstream source_file: experiments_cloud/results/ucurve_proprietary/claude-sonnet/ucurve_20260520_024541.json
03_prompt_format,claude-4.5-sonnet,Claude-4.5,True,base,semantic_multi,flat_nolabel,5,20,IVQ,ordinal,3,0.63,,0.56,0.695,0.0664,200,,,,,,,raw,experiments_cloud/results/ucurve_proprietary_results.csv,upstream source_file: experiments_cloud/results/ucurve_proprietary/claude-sonnet/ucurve_20260520_024541.json
03_prompt_format,claude-4.5-sonnet,Claude-4.5,True,base,semantic_multi,flat_nolabel,5,20,IVQ,ordinal,4,0.42,,0.355,0.4851,0.0678,200,,,,,,,raw,experiments_cloud/results/ucurve_proprietary_results.csv,upstream source_file: experiments_cloud/results/ucurve_proprietary/claude-sonnet/ucurve_20260520_024541.json
03_prompt_format,claude-4.5-sonnet,Claude-4.5,True,base,semantic_multi,flat_nolabel,5,20,IVQ,ordinal,5,0.3,,0.24,0.365,0.0631,200,,,,,,,raw,experiments_cloud/results/ucurve_proprietary_results.csv,upstream source_file: experiments_cloud/results/ucurve_proprietary/claude-sonnet/ucurve_20260520_024541.json
03_prompt_format,claude-4.5-sonnet,Claude-4.5,True,base,semantic_multi,flat_nolabel,5,20,IVQ,ordinal,6,0.275,,0.215,0.335,0.0616,200,,,,,,,raw,experiments_cloud/results/ucurve_proprietary_results.csv,upstream source_file: experiments_cloud/results/ucurve_proprietary/claude-sonnet/ucurve_20260520_024541.json
03_prompt_format,claude-4.5-sonnet,Claude-4.5,True,base,semantic_multi,flat_nolabel,5,20,IVQ,ordinal,7,0.205,,0.15,0.265,0.056,200,,,,,,,raw,experiments_cloud/results/ucurve_proprietary_results.csv,upstream source_file: experiments_cloud/results/ucurve_proprietary/claude-sonnet/ucurve_20260520_024541.json
03_prompt_format,claude-4.5-sonnet,Claude-4.5,True,base,semantic_multi,flat_nolabel,5,20,IVQ,ordinal,8,0.12,,0.08,0.17,0.0457,200,,,,,,,raw,experiments_cloud/results/ucurve_proprietary_results.csv,upstream source_file: experiments_cloud/results/ucurve_proprietary/claude-sonnet/ucurve_20260520_024541.json
03_prompt_format,claude-4.5-sonnet,Claude-4.5,True,base,semantic_multi,flat_nolabel,5,20,IVQ,ordinal,10,0.175,,0.125,0.23,0.0529,200,,,,,,,raw,experiments_cloud/results/ucurve_proprietary_results.csv,upstream source_file: experiments_cloud/results/ucurve_proprietary/claude-sonnet/ucurve_20260520_024541.json
03_prompt_format,claude-4.5-sonnet,Claude-4.5,True,base,semantic_multi,flat_nolabel,5,20,IVQ,ordinal,11,0.07,,0.035,0.105,0.0368,200,,,,,,,raw,experiments_cloud/results/ucurve_proprietary_results.csv,upstream source_file: experiments_cloud/results/ucurve_proprietary/claude-sonnet/ucurve_20260520_024541.json
03_prompt_format,claude-4.5-sonnet,Claude-4.5,True,base,semantic_multi,flat_nolabel,5,20,IVQ,ordinal,13,0.03,,0.01,0.055,0.0265,200,,,,,,,raw,experiments_cloud/results/ucurve_proprietary_results.csv,upstream source_file: experiments_cloud/results/ucurve_proprietary/claude-sonnet/ucurve_20260520_024541.json
03_prompt_format,claude-4.5-sonnet,Claude-4.5,True,base,semantic_multi,flat_nolabel,5,20,IVQ,ordinal,14,0.045,,0.02,0.075,0.0309,200,,,,,,,raw,experiments_cloud/results/ucurve_proprietary_results.csv,upstream source_file: experiments_cloud/results/ucurve_proprietary/claude-sonnet/ucurve_20260520_024541.json
03_prompt_format,claude-4.5-sonnet,Claude-4.5,True,base,semantic_multi,flat_nolabel,5,20,IVQ,ordinal,16,0.02,,0.005,0.04,0.0231,200,,,,,,,raw,experiments_cloud/results/ucurve_proprietary_results.csv,upstream source_file: experiments_cloud/results/ucurve_proprietary/claude-sonnet/ucurve_20260520_024541.json
03_prompt_format,claude-4.5-sonnet,Claude-4.5,True,base,semantic_multi,flat_nolabel,5,20,IVQ,ordinal,17,0.015,,0.0,0.035,0.0211,200,,,,,,,raw,experiments_cloud/results/ucurve_proprietary_results.csv,upstream source_file: experiments_cloud/results/ucurve_proprietary/claude-sonnet/ucurve_20260520_024541.json
03_prompt_format,claude-4.5-sonnet,Claude-4.5,True,base,semantic_multi,flat_nolabel,5,20,IVQ,ordinal,19,0.03,,0.01,0.055,0.0265,200,,,,,,,raw,experiments_cloud/results/ucurve_proprietary_results.csv,upstream source_file: experiments_cloud/results/ucurve_proprietary/claude-sonnet/ucurve_20260520_024541.json
03_prompt_format,claude-4.5-sonnet,Claude-4.5,True,base,semantic_multi,flat_nolabel,5,20,CVQ,ordinal,20,0.045,,0.02,0.075,0.0309,200,,,,,,,raw,experiments_cloud/results/ucurve_proprietary_results.csv,upstream source_file: experiments_cloud/results/ucurve_proprietary/claude-sonnet/ucurve_20260520_024541.json
03_prompt_format,claude-4.5-sonnet,Claude-4.5,True,base,semantic_multi,flat_nolabel,5,20,CVQ,semantic,last,0.94,,0.905,0.97,0.0346,200,,,,,,,raw,experiments_cloud/results/ucurve_proprietary_results.csv,upstream source_file: experiments_cloud/results/ucurve_proprietary/claude-sonnet/ucurve_20260520_024541.json
03_prompt_format,claude-4.5-sonnet,Claude-4.5,True,base,semantic_multi,flat_nolabel,5,50,FVQ,ordinal,1,0.995,,0.985,1.0,0.0163,200,,,,,,,raw,experiments_cloud/results/ucurve_proprietary_results.csv,upstream source_file: experiments_cloud/results/ucurve_proprietary/claude-sonnet/ucurve_20260520_024541.json
03_prompt_format,claude-4.5-sonnet,Claude-4.5,True,base,semantic_multi,flat_nolabel,5,50,IVQ,ordinal,2,0.99,,0.975,1.0,0.0189,200,,,,,,,raw,experiments_cloud/results/ucurve_proprietary_results.csv,upstream source_file: experiments_cloud/results/ucurve_proprietary/claude-sonnet/ucurve_20260520_024541.json
03_prompt_format,claude-4.5-sonnet,Claude-4.5,True,base,semantic_multi,flat_nolabel,5,50,IVQ,ordinal,3,0.525,,0.455,0.595,0.0686,200,,,,,,,raw,experiments_cloud/results/ucurve_proprietary_results.csv,upstream source_file: experiments_cloud/results/ucurve_proprietary/claude-sonnet/ucurve_20260520_024541.json
03_prompt_format,claude-4.5-sonnet,Claude-4.5,True,base,semantic_multi,flat_nolabel,5,50,IVQ,ordinal,4,0.29,,0.23,0.355,0.0625,200,,,,,,,raw,experiments_cloud/results/ucurve_proprietary_results.csv,upstream source_file: experiments_cloud/results/ucurve_proprietary/claude-sonnet/ucurve_20260520_024541.json
03_prompt_format,claude-4.5-sonnet,Claude-4.5,True,base,semantic_multi,flat_nolabel,5,50,IVQ,ordinal,5,0.245,,0.185,0.305,0.0594,200,,,,,,,raw,experiments_cloud/results/ucurve_proprietary_results.csv,upstream source_file: experiments_cloud/results/ucurve_proprietary/claude-sonnet/ucurve_20260520_024541.json
03_prompt_format,claude-4.5-sonnet,Claude-4.5,True,base,semantic_multi,flat_nolabel,5,50,IVQ,ordinal,6,0.15,,0.1,0.2,0.0499,200,,,,,,,raw,experiments_cloud/results/ucurve_proprietary_results.csv,upstream source_file: experiments_cloud/results/ucurve_proprietary/claude-sonnet/ucurve_20260520_024541.json
03_prompt_format,claude-4.5-sonnet,Claude-4.5,True,base,semantic_multi,flat_nolabel,5,50,IVQ,ordinal,7,0.165,,0.1149,0.215,0.0517,200,,,,,,,raw,experiments_cloud/results/ucurve_proprietary_results.csv,upstream source_file: experiments_cloud/results/ucurve_proprietary/claude-sonnet/ucurve_20260520_024541.json
03_prompt_format,claude-4.5-sonnet,Claude-4.5,True,base,semantic_multi,flat_nolabel,5,50,IVQ,ordinal,8,0.11,,0.07,0.16,0.0442,200,,,,,,,raw,experiments_cloud/results/ucurve_proprietary_results.csv,upstream source_file: experiments_cloud/results/ucurve_proprietary/claude-sonnet/ucurve_20260520_024541.json
03_prompt_format,claude-4.5-sonnet,Claude-4.5,True,base,semantic_multi,flat_nolabel,5,50,IVQ,ordinal,14,0.015,,0.0,0.035,0.0211,200,,,,,,,raw,experiments_cloud/results/ucurve_proprietary_results.csv,upstream source_file: experiments_cloud/results/ucurve_proprietary/claude-sonnet/ucurve_20260520_024541.json
03_prompt_format,claude-4.5-sonnet,Claude-4.5,True,base,semantic_multi,flat_nolabel,5,50,IVQ,ordinal,20,0.05,,0.025,0.08,0.0322,200,,,,,,,raw,experiments_cloud/results/ucurve_proprietary_results.csv,upstream source_file: experiments_cloud/results/ucurve_proprietary/claude-sonnet/ucurve_20260520_024541.json
03_prompt_format,claude-4.5-sonnet,Claude-4.5,True,base,semantic_multi,flat_nolabel,5,50,IVQ,ordinal,26,0.1,,0.06,0.1401,0.0425,200,,,,,,,raw,experiments_cloud/results/ucurve_proprietary_results.csv,upstream source_file: experiments_cloud/results/ucurve_proprietary/claude-sonnet/ucurve_20260520_024541.json
03_prompt_format,claude-4.5-sonnet,Claude-4.5,True,base,semantic_multi,flat_nolabel,5,50,IVQ,ordinal,31,0.125,,0.08,0.175,0.0465,200,,,,,,,raw,experiments_cloud/results/ucurve_proprietary_results.csv,upstream source_file: experiments_cloud/results/ucurve_proprietary/claude-sonnet/ucurve_20260520_024541.json
03_prompt_format,claude-4.5-sonnet,Claude-4.5,True,base,semantic_multi,flat_nolabel,5,50,IVQ,ordinal,37,0.21,,0.155,0.27,0.0564,200,,,,,,,raw,experiments_cloud/results/ucurve_proprietary_results.csv,upstream source_file: experiments_cloud/results/ucurve_proprietary/claude-sonnet/ucurve_20260520_024541.json
03_prompt_format,claude-4.5-sonnet,Claude-4.5,True,base,semantic_multi,flat_nolabel,5,50,IVQ,ordinal,43,0.365,,0.3,0.43,0.0662,200,,,,,,,raw,experiments_cloud/results/ucurve_proprietary_results.csv,upstream source_file: experiments_cloud/results/ucurve_proprietary/claude-sonnet/ucurve_20260520_024541.json
03_prompt_format,claude-4.5-sonnet,Claude-4.5,True,base,semantic_multi,flat_nolabel,5,50,IVQ,ordinal,49,0.48,,0.415,0.55,0.0686,200,,,,,,,raw,experiments_cloud/results/ucurve_proprietary_results.csv,upstream source_file: experiments_cloud/results/ucurve_proprietary/claude-sonnet/ucurve_20260520_024541.json
03_prompt_format,claude-4.5-sonnet,Claude-4.5,True,base,semantic_multi,flat_nolabel,5,50,CVQ,ordinal,50,0.535,,0.465,0.605,0.0685,200,,,,,,,raw,experiments_cloud/results/ucurve_proprietary_results.csv,upstream source_file: experiments_cloud/results/ucurve_proprietary/claude-sonnet/ucurve_20260520_024541.json
03_prompt_format,claude-4.5-sonnet,Claude-4.5,True,base,semantic_multi,flat_nolabel,5,50,CVQ,semantic,last,0.89,,0.845,0.935,0.0442,200,,,,,,,raw,experiments_cloud/results/ucurve_proprietary_results.csv,upstream source_file: experiments_cloud/results/ucurve_proprietary/claude-sonnet/ucurve_20260520_024541.json
03_prompt_format,claude-4.5-sonnet,Claude-4.5,True,base,semantic_multi,flat_nolabel,10,10,FVQ,ordinal,1,1.0,,1.0,1.0,0.0133,200,,,,,,,raw,experiments_cloud/results/ucurve_proprietary_results.csv,upstream source_file: experiments_cloud/results/ucurve_proprietary/claude-sonnet/ucurve_20260520_024541.json
03_prompt_format,claude-4.5-sonnet,Claude-4.5,True,base,semantic_multi,flat_nolabel,10,10,IVQ,ordinal,2,0.98,,0.96,0.995,0.0231,200,,,,,,,raw,experiments_cloud/results/ucurve_proprietary_results.csv,upstream source_file: experiments_cloud/results/ucurve_proprietary/claude-sonnet/ucurve_20260520_024541.json
03_prompt_format,claude-4.5-sonnet,Claude-4.5,True,base,semantic_multi,flat_nolabel,10,10,IVQ,ordinal,3,0.62,,0.555,0.685,0.0667,200,,,,,,,raw,experiments_cloud/results/ucurve_proprietary_results.csv,upstream source_file: experiments_cloud/results/ucurve_proprietary/claude-sonnet/ucurve_20260520_024541.json
03_prompt_format,claude-4.5-sonnet,Claude-4.5,True,base,semantic_multi,flat_nolabel,10,10,IVQ,ordinal,4,0.38,,0.315,0.45,0.0667,200,,,,,,,raw,experiments_cloud/results/ucurve_proprietary_results.csv,upstream source_file: experiments_cloud/results/ucurve_proprietary/claude-sonnet/ucurve_20260520_024541.json
03_prompt_format,claude-4.5-sonnet,Claude-4.5,True,base,semantic_multi,flat_nolabel,10,10,IVQ,ordinal,5,0.27,,0.21,0.335,0.0613,200,,,,,,,raw,experiments_cloud/results/ucurve_proprietary_results.csv,upstream source_file: experiments_cloud/results/ucurve_proprietary/claude-sonnet/ucurve_20260520_024541.json
03_prompt_format,claude-4.5-sonnet,Claude-4.5,True,base,semantic_multi,flat_nolabel,10,10,IVQ,ordinal,6,0.19,,0.14,0.245,0.0545,200,,,,,,,raw,experiments_cloud/results/ucurve_proprietary_results.csv,upstream source_file: experiments_cloud/results/ucurve_proprietary/claude-sonnet/ucurve_20260520_024541.json
03_prompt_format,claude-4.5-sonnet,Claude-4.5,True,base,semantic_multi,flat_nolabel,10,10,IVQ,ordinal,7,0.165,,0.115,0.22,0.0517,200,,,,,,,raw,experiments_cloud/results/ucurve_proprietary_results.csv,upstream source_file: experiments_cloud/results/ucurve_proprietary/claude-sonnet/ucurve_20260520_024541.json
03_prompt_format,claude-4.5-sonnet,Claude-4.5,True,base,semantic_multi,flat_nolabel,10,10,IVQ,ordinal,8,0.18,,0.13,0.235,0.0534,200,,,,,,,raw,experiments_cloud/results/ucurve_proprietary_results.csv,upstream source_file: experiments_cloud/results/ucurve_proprietary/claude-sonnet/ucurve_20260520_024541.json
03_prompt_format,claude-4.5-sonnet,Claude-4.5,True,base,semantic_multi,flat_nolabel,10,10,IVQ,ordinal,9,0.165,,0.115,0.215,0.0517,200,,,,,,,raw,experiments_cloud/results/ucurve_proprietary_results.csv,upstream source_file: experiments_cloud/results/ucurve_proprietary/claude-sonnet/ucurve_20260520_024541.json
03_prompt_format,claude-4.5-sonnet,Claude-4.5,True,base,semantic_multi,flat_nolabel,10,10,CVQ,ordinal,10,0.13,,0.085,0.18,0.0472,200,,,,,,,raw,experiments_cloud/results/ucurve_proprietary_results.csv,upstream source_file: experiments_cloud/results/ucurve_proprietary/claude-sonnet/ucurve_20260520_024541.json
03_prompt_format,claude-4.5-sonnet,Claude-4.5,True,base,semantic_multi,flat_nolabel,10,10,CVQ,semantic,last,0.98,,0.96,0.995,0.0231,200,,,,,,,raw,experiments_cloud/results/ucurve_proprietary_results.csv,upstream source_file: experiments_cloud/results/ucurve_proprietary/claude-sonnet/ucurve_20260520_024541.json
03_prompt_format,claude-4.5-sonnet,Claude-4.5,True,base,semantic_multi,flat_nolabel,10,20,FVQ,ordinal,1,1.0,,1.0,1.0,0.0133,200,,,,,,,raw,experiments_cloud/results/ucurve_proprietary_results.csv,upstream source_file: experiments_cloud/results/ucurve_proprietary/claude-sonnet/ucurve_20260520_024541.json
03_prompt_format,claude-4.5-sonnet,Claude-4.5,True,base,semantic_multi,flat_nolabel,10,20,IVQ,ordinal,2,0.93,,0.89,0.96,0.0368,200,,,,,,,raw,experiments_cloud/results/ucurve_proprietary_results.csv,upstream source_file: experiments_cloud/results/ucurve_proprietary/claude-sonnet/ucurve_20260520_024541.json
03_prompt_format,claude-4.5-sonnet,Claude-4.5,True,base,semantic_multi,flat_nolabel,10,20,IVQ,ordinal,3,0.565,,0.495,0.635,0.0681,200,,,,,,,raw,experiments_cloud/results/ucurve_proprietary_results.csv,upstream source_file: experiments_cloud/results/ucurve_proprietary/claude-sonnet/ucurve_20260520_024541.json
03_prompt_format,claude-4.5-sonnet,Claude-4.5,True,base,semantic_multi,flat_nolabel,10,20,IVQ,ordinal,4,0.42,,0.35,0.49,0.0678,200,,,,,,,raw,experiments_cloud/results/ucurve_proprietary_results.csv,upstream source_file: experiments_cloud/results/ucurve_proprietary/claude-sonnet/ucurve_20260520_024541.json
03_prompt_format,claude-4.5-sonnet,Claude-4.5,True,base,semantic_multi,flat_nolabel,10,20,IVQ,ordinal,5,0.265,,0.205,0.325,0.0609,200,,,,,,,raw,experiments_cloud/results/ucurve_proprietary_results.csv,upstream source_file: experiments_cloud/results/ucurve_proprietary/claude-sonnet/ucurve_20260520_024541.json
03_prompt_format,claude-4.5-sonnet,Claude-4.5,True,base,semantic_multi,flat_nolabel,10,20,IVQ,ordinal,6,0.215,,0.16,0.275,0.0569,200,,,,,,,raw,experiments_cloud/results/ucurve_proprietary_results.csv,upstream source_file: experiments_cloud/results/ucurve_proprietary/claude-sonnet/ucurve_20260520_024541.json
03_prompt_format,claude-4.5-sonnet,Claude-4.5,True,base,semantic_multi,flat_nolabel,10,20,IVQ,ordinal,7,0.105,,0.065,0.15,0.0434,200,,,,,,,raw,experiments_cloud/results/ucurve_proprietary_results.csv,upstream source_file: experiments_cloud/results/ucurve_proprietary/claude-sonnet/ucurve_20260520_024541.json
03_prompt_format,claude-4.5-sonnet,Claude-4.5,True,base,semantic_multi,flat_nolabel,10,20,IVQ,ordinal,8,0.09,,0.05,0.13,0.0408,200,,,,,,,raw,experiments_cloud/results/ucurve_proprietary_results.csv,upstream source_file: experiments_cloud/results/ucurve_proprietary/claude-sonnet/ucurve_20260520_024541.json
03_prompt_format,claude-4.5-sonnet,Claude-4.5,True,base,semantic_multi,flat_nolabel,10,20,IVQ,ordinal,10,0.08,,0.045,0.12,0.0389,200,,,,,,,raw,experiments_cloud/results/ucurve_proprietary_results.csv,upstream source_file: experiments_cloud/results/ucurve_proprietary/claude-sonnet/ucurve_20260520_024541.json
03_prompt_format,claude-4.5-sonnet,Claude-4.5,True,base,semantic_multi,flat_nolabel,10,20,IVQ,ordinal,11,0.065,,0.035,0.1,0.0358,200,,,,,,,raw,experiments_cloud/results/ucurve_proprietary_results.csv,upstream source_file: experiments_cloud/results/ucurve_proprietary/claude-sonnet/ucurve_20260520_024541.json
03_prompt_format,claude-4.5-sonnet,Claude-4.5,True,base,semantic_multi,flat_nolabel,10,20,IVQ,ordinal,13,0.03,,0.01,0.055,0.0265,200,,,,,,,raw,experiments_cloud/results/ucurve_proprietary_results.csv,upstream source_file: experiments_cloud/results/ucurve_proprietary/claude-sonnet/ucurve_20260520_024541.json
03_prompt_format,claude-4.5-sonnet,Claude-4.5,True,base,semantic_multi,flat_nolabel,10,20,IVQ,ordinal,14,0.075,,0.04,0.11,0.0379,200,,,,,,,raw,experiments_cloud/results/ucurve_proprietary_results.csv,upstream source_file: experiments_cloud/results/ucurve_proprietary/claude-sonnet/ucurve_20260520_024541.json
03_prompt_format,claude-4.5-sonnet,Claude-4.5,True,base,semantic_multi,flat_nolabel,10,20,IVQ,ordinal,16,0.095,,0.055,0.135,0.0417,200,,,,,,,raw,experiments_cloud/results/ucurve_proprietary_results.csv,upstream source_file: experiments_cloud/results/ucurve_proprietary/claude-sonnet/ucurve_20260520_024541.json
03_prompt_format,claude-4.5-sonnet,Claude-4.5,True,base,semantic_multi,flat_nolabel,10,20,IVQ,ordinal,17,0.075,,0.04,0.115,0.0379,200,,,,,,,raw,experiments_cloud/results/ucurve_proprietary_results.csv,upstream source_file: experiments_cloud/results/ucurve_proprietary/claude-sonnet/ucurve_20260520_024541.json
03_prompt_format,claude-4.5-sonnet,Claude-4.5,True,base,semantic_multi,flat_nolabel,10,20,IVQ,ordinal,19,0.04,,0.015,0.07,0.0295,200,,,,,,,raw,experiments_cloud/results/ucurve_proprietary_results.csv,upstream source_file: experiments_cloud/results/ucurve_proprietary/claude-sonnet/ucurve_20260520_024541.json
03_prompt_format,claude-4.5-sonnet,Claude-4.5,True,base,semantic_multi,flat_nolabel,10,20,CVQ,ordinal,20,0.08,,0.045,0.12,0.0389,200,,,,,,,raw,experiments_cloud/results/ucurve_proprietary_results.csv,upstream source_file: experiments_cloud/results/ucurve_proprietary/claude-sonnet/ucurve_20260520_024541.json
03_prompt_format,claude-4.5-sonnet,Claude-4.5,True,base,semantic_multi,flat_nolabel,10,20,CVQ,semantic,last,0.915,,0.875,0.95,0.0398,200,,,,,,,raw,experiments_cloud/results/ucurve_proprietary_results.csv,upstream source_file: experiments_cloud/results/ucurve_proprietary/claude-sonnet/ucurve_20260520_024541.json
03_prompt_format,claude-4.5-sonnet,Claude-4.5,True,base,semantic_multi,flat_nolabel,10,50,FVQ,ordinal,1,0.995,,0.985,1.0,0.0163,200,,,,,,,raw,experiments_cloud/results/ucurve_proprietary_results.csv,upstream source_file: experiments_cloud/results/ucurve_proprietary/claude-sonnet/ucurve_20260520_024541.json
03_prompt_format,claude-4.5-sonnet,Claude-4.5,True,base,semantic_multi,flat_nolabel,10,50,IVQ,ordinal,2,0.885,,0.8399,0.93,0.045,200,,,,,,,raw,experiments_cloud/results/ucurve_proprietary_results.csv,upstream source_file: experiments_cloud/results/ucurve_proprietary/claude-sonnet/ucurve_20260520_024541.json
03_prompt_format,claude-4.5-sonnet,Claude-4.5,True,base,semantic_multi,flat_nolabel,10,50,IVQ,ordinal,3,0.44,,0.37,0.51,0.0682,200,,,,,,,raw,experiments_cloud/results/ucurve_proprietary_results.csv,upstream source_file: experiments_cloud/results/ucurve_proprietary/claude-sonnet/ucurve_20260520_024541.json
03_prompt_format,claude-4.5-sonnet,Claude-4.5,True,base,semantic_multi,flat_nolabel,10,50,IVQ,ordinal,4,0.33,,0.265,0.4,0.0647,200,,,,,,,raw,experiments_cloud/results/ucurve_proprietary_results.csv,upstream source_file: experiments_cloud/results/ucurve_proprietary/claude-sonnet/ucurve_20260520_024541.json
03_prompt_format,claude-4.5-sonnet,Claude-4.5,True,base,semantic_multi,flat_nolabel,10,50,IVQ,ordinal,5,0.21,,0.155,0.265,0.0564,200,,,,,,,raw,experiments_cloud/results/ucurve_proprietary_results.csv,upstream source_file: experiments_cloud/results/ucurve_proprietary/claude-sonnet/ucurve_20260520_024541.json
03_prompt_format,claude-4.5-sonnet,Claude-4.5,True,base,semantic_multi,flat_nolabel,10,50,IVQ,ordinal,6,0.145,,0.1,0.195,0.0492,200,,,,,,,raw,experiments_cloud/results/ucurve_proprietary_results.csv,upstream source_file: experiments_cloud/results/ucurve_proprietary/claude-sonnet/ucurve_20260520_024541.json
03_prompt_format,claude-4.5-sonnet,Claude-4.5,True,base,semantic_multi,flat_nolabel,10,50,IVQ,ordinal,7,0.135,,0.09,0.185,0.0479,200,,,,,,,raw,experiments_cloud/results/ucurve_proprietary_results.csv,upstream source_file: experiments_cloud/results/ucurve_proprietary/claude-sonnet/ucurve_20260520_024541.json
03_prompt_format,claude-4.5-sonnet,Claude-4.5,True,base,semantic_multi,flat_nolabel,10,50,IVQ,ordinal,8,0.175,,0.12,0.23,0.0529,200,,,,,,,raw,experiments_cloud/results/ucurve_proprietary_results.csv,upstream source_file: experiments_cloud/results/ucurve_proprietary/claude-sonnet/ucurve_20260520_024541.json
03_prompt_format,claude-4.5-sonnet,Claude-4.5,True,base,semantic_multi,flat_nolabel,10,50,IVQ,ordinal,14,0.305,,0.2449,0.37,0.0634,200,,,,,,,raw,experiments_cloud/results/ucurve_proprietary_results.csv,upstream source_file: experiments_cloud/results/ucurve_proprietary/claude-sonnet/ucurve_20260520_024541.json
03_prompt_format,claude-4.5-sonnet,Claude-4.5,True,base,semantic_multi,flat_nolabel,10,50,IVQ,ordinal,20,0.585,,0.515,0.655,0.0677,200,,,,,,,raw,experiments_cloud/results/ucurve_proprietary_results.csv,upstream source_file: experiments_cloud/results/ucurve_proprietary/claude-sonnet/ucurve_20260520_024541.json
03_prompt_format,claude-4.5-sonnet,Claude-4.5,True,base,semantic_multi,flat_nolabel,10,50,IVQ,ordinal,26,0.64,,0.575,0.705,0.066,200,,,,,,,raw,experiments_cloud/results/ucurve_proprietary_results.csv,upstream source_file: experiments_cloud/results/ucurve_proprietary/claude-sonnet/ucurve_20260520_024541.json
03_prompt_format,claude-4.5-sonnet,Claude-4.5,True,base,semantic_multi,flat_nolabel,10,50,IVQ,ordinal,31,0.715,,0.655,0.7751,0.0622,200,,,,,,,raw,experiments_cloud/results/ucurve_proprietary_results.csv,upstream source_file: experiments_cloud/results/ucurve_proprietary/claude-sonnet/ucurve_20260520_024541.json
03_prompt_format,claude-4.5-sonnet,Claude-4.5,True,base,semantic_multi,flat_nolabel,10,50,IVQ,ordinal,37,0.75,,0.69,0.8051,0.0598,200,,,,,,,raw,experiments_cloud/results/ucurve_proprietary_results.csv,upstream source_file: experiments_cloud/results/ucurve_proprietary/claude-sonnet/ucurve_20260520_024541.json
03_prompt_format,claude-4.5-sonnet,Claude-4.5,True,base,semantic_multi,flat_nolabel,10,50,IVQ,ordinal,43,0.865,,0.815,0.91,0.0479,200,,,,,,,raw,experiments_cloud/results/ucurve_proprietary_results.csv,upstream source_file: experiments_cloud/results/ucurve_proprietary/claude-sonnet/ucurve_20260520_024541.json
03_prompt_format,claude-4.5-sonnet,Claude-4.5,True,base,semantic_multi,flat_nolabel,10,50,IVQ,ordinal,49,0.94,,0.905,0.97,0.0346,200,,,,,,,raw,experiments_cloud/results/ucurve_proprietary_results.csv,upstream source_file: experiments_cloud/results/ucurve_proprietary/claude-sonnet/ucurve_20260520_024541.json
03_prompt_format,claude-4.5-sonnet,Claude-4.5,True,base,semantic_multi,flat_nolabel,10,50,CVQ,ordinal,50,0.9,,0.86,0.94,0.0425,200,,,,,,,raw,experiments_cloud/results/ucurve_proprietary_results.csv,upstream source_file: experiments_cloud/results/ucurve_proprietary/claude-sonnet/ucurve_20260520_024541.json
03_prompt_format,claude-4.5-sonnet,Claude-4.5,True,base,semantic_multi,flat_nolabel,10,50,CVQ,semantic,last,0.795,,0.74,0.85,0.056,200,,,,,,,raw,experiments_cloud/results/ucurve_proprietary_results.csv,upstream source_file: experiments_cloud/results/ucurve_proprietary/claude-sonnet/ucurve_20260520_024541.json
03_prompt_format,claude-4.5-sonnet,Claude-4.5,True,base,semantic_multi,flat_verbose,5,10,FVQ,ordinal,1,1.0,,1.0,1.0,0.029,89,,,,,,,raw,experiments_cloud/results/ucurve_proprietary_results.csv,upstream source_file: experiments_cloud/results/ucurve_proprietary/claude-sonnet/ucurve_20260520_024541.json
03_prompt_format,claude-4.5-sonnet,Claude-4.5,True,base,semantic_multi,flat_verbose,5,10,IVQ,ordinal,2,1.0,,1.0,1.0,0.029,89,,,,,,,raw,experiments_cloud/results/ucurve_proprietary_results.csv,upstream source_file: experiments_cloud/results/ucurve_proprietary/claude-sonnet/ucurve_20260520_024541.json
03_prompt_format,claude-4.5-sonnet,Claude-4.5,True,base,semantic_multi,flat_verbose,5,10,IVQ,ordinal,3,1.0,,1.0,1.0,0.029,89,,,,,,,raw,experiments_cloud/results/ucurve_proprietary_results.csv,upstream source_file: experiments_cloud/results/ucurve_proprietary/claude-sonnet/ucurve_20260520_024541.json
03_prompt_format,claude-4.5-sonnet,Claude-4.5,True,base,semantic_multi,flat_verbose,5,10,IVQ,ordinal,4,1.0,,1.0,1.0,0.029,89,,,,,,,raw,experiments_cloud/results/ucurve_proprietary_results.csv,upstream source_file: experiments_cloud/results/ucurve_proprietary/claude-sonnet/ucurve_20260520_024541.json
03_prompt_format,claude-4.5-sonnet,Claude-4.5,True,base,semantic_multi,flat_verbose,5,10,IVQ,ordinal,5,1.0,,1.0,1.0,0.029,89,,,,,,,raw,experiments_cloud/results/ucurve_proprietary_results.csv,upstream source_file: experiments_cloud/results/ucurve_proprietary/claude-sonnet/ucurve_20260520_024541.json
03_prompt_format,claude-4.5-sonnet,Claude-4.5,True,base,semantic_multi,flat_verbose,5,10,IVQ,ordinal,6,1.0,,1.0,1.0,0.029,89,,,,,,,raw,experiments_cloud/results/ucurve_proprietary_results.csv,upstream source_file: experiments_cloud/results/ucurve_proprietary/claude-sonnet/ucurve_20260520_024541.json
03_prompt_format,claude-4.5-sonnet,Claude-4.5,True,base,semantic_multi,flat_verbose,5,10,IVQ,ordinal,7,1.0,,1.0,1.0,0.029,89,,,,,,,raw,experiments_cloud/results/ucurve_proprietary_results.csv,upstream source_file: experiments_cloud/results/ucurve_proprietary/claude-sonnet/ucurve_20260520_024541.json
03_prompt_format,claude-4.5-sonnet,Claude-4.5,True,base,semantic_multi,flat_verbose,5,10,IVQ,ordinal,8,1.0,,1.0,1.0,0.029,89,,,,,,,raw,experiments_cloud/results/ucurve_proprietary_results.csv,upstream source_file: experiments_cloud/results/ucurve_proprietary/claude-sonnet/ucurve_20260520_024541.json
03_prompt_format,claude-4.5-sonnet,Claude-4.5,True,base,semantic_multi,flat_verbose,5,10,IVQ,ordinal,9,1.0,,1.0,1.0,0.029,89,,,,,,,raw,experiments_cloud/results/ucurve_proprietary_results.csv,upstream source_file: experiments_cloud/results/ucurve_proprietary/claude-sonnet/ucurve_20260520_024541.json
03_prompt_format,claude-4.5-sonnet,Claude-4.5,True,base,semantic_multi,flat_verbose,5,10,CVQ,ordinal,10,1.0,,1.0,1.0,0.029,89,,,,,,,raw,experiments_cloud/results/ucurve_proprietary_results.csv,upstream source_file: experiments_cloud/results/ucurve_proprietary/claude-sonnet/ucurve_20260520_024541.json
03_prompt_format,claude-4.5-sonnet,Claude-4.5,True,base,semantic_multi,flat_verbose,5,10,CVQ,semantic,last,0.9551,,0.9101,0.9888,0.0497,89,,,,,,,raw,experiments_cloud/results/ucurve_proprietary_results.csv,upstream source_file: experiments_cloud/results/ucurve_proprietary/claude-sonnet/ucurve_20260520_024541.json
03_prompt_format,claude-4.5-sonnet,Claude-4.5,True,base,semantic_multi,flat_verbose,5,20,FVQ,ordinal,1,1.0,,1.0,1.0,0.0188,140,,,,,,,raw,experiments_cloud/results/ucurve_proprietary_results.csv,upstream source_file: experiments_cloud/results/ucurve_proprietary/claude-sonnet/ucurve_20260520_024541.json
03_prompt_format,claude-4.5-sonnet,Claude-4.5,True,base,semantic_multi,flat_verbose,5,20,IVQ,ordinal,2,1.0,,1.0,1.0,0.0188,140,,,,,,,raw,experiments_cloud/results/ucurve_proprietary_results.csv,upstream source_file: experiments_cloud/results/ucurve_proprietary/claude-sonnet/ucurve_20260520_024541.json
03_prompt_format,claude-4.5-sonnet,Claude-4.5,True,base,semantic_multi,flat_verbose,5,20,IVQ,ordinal,3,1.0,,1.0,1.0,0.0188,140,,,,,,,raw,experiments_cloud/results/ucurve_proprietary_results.csv,upstream source_file: experiments_cloud/results/ucurve_proprietary/claude-sonnet/ucurve_20260520_024541.json
03_prompt_format,claude-4.5-sonnet,Claude-4.5,True,base,semantic_multi,flat_verbose,5,20,IVQ,ordinal,4,1.0,,1.0,1.0,0.0188,140,,,,,,,raw,experiments_cloud/results/ucurve_proprietary_results.csv,upstream source_file: experiments_cloud/results/ucurve_proprietary/claude-sonnet/ucurve_20260520_024541.json
03_prompt_format,claude-4.5-sonnet,Claude-4.5,True,base,semantic_multi,flat_verbose,5,20,IVQ,ordinal,5,1.0,,1.0,1.0,0.0188,140,,,,,,,raw,experiments_cloud/results/ucurve_proprietary_results.csv,upstream source_file: experiments_cloud/results/ucurve_proprietary/claude-sonnet/ucurve_20260520_024541.json
03_prompt_format,claude-4.5-sonnet,Claude-4.5,True,base,semantic_multi,flat_verbose,5,20,IVQ,ordinal,6,1.0,,1.0,1.0,0.0188,140,,,,,,,raw,experiments_cloud/results/ucurve_proprietary_results.csv,upstream source_file: experiments_cloud/results/ucurve_proprietary/claude-sonnet/ucurve_20260520_024541.json
03_prompt_format,claude-4.5-sonnet,Claude-4.5,True,base,semantic_multi,flat_verbose,5,20,IVQ,ordinal,7,1.0,,1.0,1.0,0.0188,140,,,,,,,raw,experiments_cloud/results/ucurve_proprietary_results.csv,upstream source_file: experiments_cloud/results/ucurve_proprietary/claude-sonnet/ucurve_20260520_024541.json
03_prompt_format,claude-4.5-sonnet,Claude-4.5,True,base,semantic_multi,flat_verbose,5,20,IVQ,ordinal,8,1.0,,1.0,1.0,0.0188,140,,,,,,,raw,experiments_cloud/results/ucurve_proprietary_results.csv,upstream source_file: experiments_cloud/results/ucurve_proprietary/claude-sonnet/ucurve_20260520_024541.json
03_prompt_format,claude-4.5-sonnet,Claude-4.5,True,base,semantic_multi,flat_verbose,5,20,IVQ,ordinal,10,1.0,,1.0,1.0,0.0188,140,,,,,,,raw,experiments_cloud/results/ucurve_proprietary_results.csv,upstream source_file: experiments_cloud/results/ucurve_proprietary/claude-sonnet/ucurve_20260520_024541.json
03_prompt_format,claude-4.5-sonnet,Claude-4.5,True,base,semantic_multi,flat_verbose,5,20,IVQ,ordinal,11,1.0,,1.0,1.0,0.0188,140,,,,,,,raw,experiments_cloud/results/ucurve_proprietary_results.csv,upstream source_file: experiments_cloud/results/ucurve_proprietary/claude-sonnet/ucurve_20260520_024541.json
03_prompt_format,claude-4.5-sonnet,Claude-4.5,True,base,semantic_multi,flat_verbose,5,20,IVQ,ordinal,13,1.0,,1.0,1.0,0.0188,140,,,,,,,raw,experiments_cloud/results/ucurve_proprietary_results.csv,upstream source_file: experiments_cloud/results/ucurve_proprietary/claude-sonnet/ucurve_20260520_024541.json
03_prompt_format,claude-4.5-sonnet,Claude-4.5,True,base,semantic_multi,flat_verbose,5,20,IVQ,ordinal,14,0.9929,,0.9786,1.0,0.023,140,,,,,,,raw,experiments_cloud/results/ucurve_proprietary_results.csv,upstream source_file: experiments_cloud/results/ucurve_proprietary/claude-sonnet/ucurve_20260520_024541.json
03_prompt_format,claude-4.5-sonnet,Claude-4.5,True,base,semantic_multi,flat_verbose,5,20,IVQ,ordinal,16,1.0,,1.0,1.0,0.0188,140,,,,,,,raw,experiments_cloud/results/ucurve_proprietary_results.csv,upstream source_file: experiments_cloud/results/ucurve_proprietary/claude-sonnet/ucurve_20260520_024541.json
03_prompt_format,claude-4.5-sonnet,Claude-4.5,True,base,semantic_multi,flat_verbose,5,20,IVQ,ordinal,17,1.0,,1.0,1.0,0.0188,140,,,,,,,raw,experiments_cloud/results/ucurve_proprietary_results.csv,upstream source_file: experiments_cloud/results/ucurve_proprietary/claude-sonnet/ucurve_20260520_024541.json
03_prompt_format,claude-4.5-sonnet,Claude-4.5,True,base,semantic_multi,flat_verbose,5,20,IVQ,ordinal,19,1.0,,1.0,1.0,0.0188,140,,,,,,,raw,experiments_cloud/results/ucurve_proprietary_results.csv,upstream source_file: experiments_cloud/results/ucurve_proprietary/claude-sonnet/ucurve_20260520_024541.json
03_prompt_format,claude-4.5-sonnet,Claude-4.5,True,base,semantic_multi,flat_verbose,5,20,CVQ,ordinal,20,1.0,,1.0,1.0,0.0188,140,,,,,,,raw,experiments_cloud/results/ucurve_proprietary_results.csv,upstream source_file: experiments_cloud/results/ucurve_proprietary/claude-sonnet/ucurve_20260520_024541.json
03_prompt_format,claude-4.5-sonnet,Claude-4.5,True,base,semantic_multi,flat_verbose,5,20,CVQ,semantic,last,0.9071,,0.8571,0.95,0.0498,140,,,,,,,raw,experiments_cloud/results/ucurve_proprietary_results.csv,upstream source_file: experiments_cloud/results/ucurve_proprietary/claude-sonnet/ucurve_20260520_024541.json
03_prompt_format,claude-4.5-sonnet,Claude-4.5,True,base,semantic_multi,flat_verbose,5,50,FVQ,ordinal,1,1.0,,1.0,1.0,0.0133,200,,,,,,,raw,experiments_cloud/results/ucurve_proprietary_results.csv,upstream source_file: experiments_cloud/results/ucurve_proprietary/claude-sonnet/ucurve_20260520_024541.json
03_prompt_format,claude-4.5-sonnet,Claude-4.5,True,base,semantic_multi,flat_verbose,5,50,IVQ,ordinal,2,1.0,,1.0,1.0,0.0133,200,,,,,,,raw,experiments_cloud/results/ucurve_proprietary_results.csv,upstream source_file: experiments_cloud/results/ucurve_proprietary/claude-sonnet/ucurve_20260520_024541.json
03_prompt_format,claude-4.5-sonnet,Claude-4.5,True,base,semantic_multi,flat_verbose,5,50,IVQ,ordinal,3,1.0,,1.0,1.0,0.0133,200,,,,,,,raw,experiments_cloud/results/ucurve_proprietary_results.csv,upstream source_file: experiments_cloud/results/ucurve_proprietary/claude-sonnet/ucurve_20260520_024541.json
03_prompt_format,claude-4.5-sonnet,Claude-4.5,True,base,semantic_multi,flat_verbose,5,50,IVQ,ordinal,4,1.0,,1.0,1.0,0.0133,200,,,,,,,raw,experiments_cloud/results/ucurve_proprietary_results.csv,upstream source_file: experiments_cloud/results/ucurve_proprietary/claude-sonnet/ucurve_20260520_024541.json
03_prompt_format,claude-4.5-sonnet,Claude-4.5,True,base,semantic_multi,flat_verbose,5,50,IVQ,ordinal,5,1.0,,1.0,1.0,0.0133,200,,,,,,,raw,experiments_cloud/results/ucurve_proprietary_results.csv,upstream source_file: experiments_cloud/results/ucurve_proprietary/claude-sonnet/ucurve_20260520_024541.json
03_prompt_format,claude-4.5-sonnet,Claude-4.5,True,base,semantic_multi,flat_verbose,5,50,IVQ,ordinal,6,1.0,,1.0,1.0,0.0133,200,,,,,,,raw,experiments_cloud/results/ucurve_proprietary_results.csv,upstream source_file: experiments_cloud/results/ucurve_proprietary/claude-sonnet/ucurve_20260520_024541.json
03_prompt_format,claude-4.5-sonnet,Claude-4.5,True,base,semantic_multi,flat_verbose,5,50,IVQ,ordinal,7,1.0,,1.0,1.0,0.0133,200,,,,,,,raw,experiments_cloud/results/ucurve_proprietary_results.csv,upstream source_file: experiments_cloud/results/ucurve_proprietary/claude-sonnet/ucurve_20260520_024541.json
03_prompt_format,claude-4.5-sonnet,Claude-4.5,True,base,semantic_multi,flat_verbose,5,50,IVQ,ordinal,8,1.0,,1.0,1.0,0.0133,200,,,,,,,raw,experiments_cloud/results/ucurve_proprietary_results.csv,upstream source_file: experiments_cloud/results/ucurve_proprietary/claude-sonnet/ucurve_20260520_024541.json
03_prompt_format,claude-4.5-sonnet,Claude-4.5,True,base,semantic_multi,flat_verbose,5,50,IVQ,ordinal,14,1.0,,1.0,1.0,0.0133,200,,,,,,,raw,experiments_cloud/results/ucurve_proprietary_results.csv,upstream source_file: experiments_cloud/results/ucurve_proprietary/claude-sonnet/ucurve_20260520_024541.json
03_prompt_format,claude-4.5-sonnet,Claude-4.5,True,base,semantic_multi,flat_verbose,5,50,IVQ,ordinal,20,1.0,,1.0,1.0,0.0133,200,,,,,,,raw,experiments_cloud/results/ucurve_proprietary_results.csv,upstream source_file: experiments_cloud/results/ucurve_proprietary/claude-sonnet/ucurve_20260520_024541.json
03_prompt_format,claude-4.5-sonnet,Claude-4.5,True,base,semantic_multi,flat_verbose,5,50,IVQ,ordinal,26,1.0,,1.0,1.0,0.0133,200,,,,,,,raw,experiments_cloud/results/ucurve_proprietary_results.csv,upstream source_file: experiments_cloud/results/ucurve_proprietary/claude-sonnet/ucurve_20260520_024541.json
03_prompt_format,claude-4.5-sonnet,Claude-4.5,True,base,semantic_multi,flat_verbose,5,50,IVQ,ordinal,31,1.0,,1.0,1.0,0.0133,200,,,,,,,raw,experiments_cloud/results/ucurve_proprietary_results.csv,upstream source_file: experiments_cloud/results/ucurve_proprietary/claude-sonnet/ucurve_20260520_024541.json
03_prompt_format,claude-4.5-sonnet,Claude-4.5,True,base,semantic_multi,flat_verbose,5,50,IVQ,ordinal,37,0.995,,0.985,1.0,0.0163,200,,,,,,,raw,experiments_cloud/results/ucurve_proprietary_results.csv,upstream source_file: experiments_cloud/results/ucurve_proprietary/claude-sonnet/ucurve_20260520_024541.json
03_prompt_format,claude-4.5-sonnet,Claude-4.5,True,base,semantic_multi,flat_verbose,5,50,IVQ,ordinal,43,1.0,,1.0,1.0,0.0133,200,,,,,,,raw,experiments_cloud/results/ucurve_proprietary_results.csv,upstream source_file: experiments_cloud/results/ucurve_proprietary/claude-sonnet/ucurve_20260520_024541.json
03_prompt_format,claude-4.5-sonnet,Claude-4.5,True,base,semantic_multi,flat_verbose,5,50,IVQ,ordinal,49,1.0,,1.0,1.0,0.0133,200,,,,,,,raw,experiments_cloud/results/ucurve_proprietary_results.csv,upstream source_file: experiments_cloud/results/ucurve_proprietary/claude-sonnet/ucurve_20260520_024541.json
03_prompt_format,claude-4.5-sonnet,Claude-4.5,True,base,semantic_multi,flat_verbose,5,50,CVQ,ordinal,50,1.0,,1.0,1.0,0.0133,200,,,,,,,raw,experiments_cloud/results/ucurve_proprietary_results.csv,upstream source_file: experiments_cloud/results/ucurve_proprietary/claude-sonnet/ucurve_20260520_024541.json
03_prompt_format,claude-4.5-sonnet,Claude-4.5,True,base,semantic_multi,flat_verbose,5,50,CVQ,semantic,last,0.77,,0.71,0.83,0.0582,200,,,,,,,raw,experiments_cloud/results/ucurve_proprietary_results.csv,upstream source_file: experiments_cloud/results/ucurve_proprietary/claude-sonnet/ucurve_20260520_024541.json
03_prompt_format,claude-4.5-sonnet,Claude-4.5,True,base,semantic_multi,flat_verbose,10,10,FVQ,ordinal,1,1.0,,1.0,1.0,0.0239,109,,,,,,,raw,experiments_cloud/results/ucurve_proprietary_results.csv,upstream source_file: experiments_cloud/results/ucurve_proprietary/claude-sonnet/ucurve_20260520_024541.json
03_prompt_format,claude-4.5-sonnet,Claude-4.5,True,base,semantic_multi,flat_verbose,10,10,IVQ,ordinal,2,1.0,,1.0,1.0,0.0239,109,,,,,,,raw,experiments_cloud/results/ucurve_proprietary_results.csv,upstream source_file: experiments_cloud/results/ucurve_proprietary/claude-sonnet/ucurve_20260520_024541.json
03_prompt_format,claude-4.5-sonnet,Claude-4.5,True,base,semantic_multi,flat_verbose,10,10,IVQ,ordinal,3,1.0,,1.0,1.0,0.0239,109,,,,,,,raw,experiments_cloud/results/ucurve_proprietary_results.csv,upstream source_file: experiments_cloud/results/ucurve_proprietary/claude-sonnet/ucurve_20260520_024541.json
03_prompt_format,claude-4.5-sonnet,Claude-4.5,True,base,semantic_multi,flat_verbose,10,10,IVQ,ordinal,4,1.0,,1.0,1.0,0.0239,109,,,,,,,raw,experiments_cloud/results/ucurve_proprietary_results.csv,upstream source_file: experiments_cloud/results/ucurve_proprietary/claude-sonnet/ucurve_20260520_024541.json
03_prompt_format,claude-4.5-sonnet,Claude-4.5,True,base,semantic_multi,flat_verbose,10,10,IVQ,ordinal,5,1.0,,1.0,1.0,0.0239,109,,,,,,,raw,experiments_cloud/results/ucurve_proprietary_results.csv,upstream source_file: experiments_cloud/results/ucurve_proprietary/claude-sonnet/ucurve_20260520_024541.json
03_prompt_format,claude-4.5-sonnet,Claude-4.5,True,base,semantic_multi,flat_verbose,10,10,IVQ,ordinal,6,1.0,,1.0,1.0,0.0239,109,,,,,,,raw,experiments_cloud/results/ucurve_proprietary_results.csv,upstream source_file: experiments_cloud/results/ucurve_proprietary/claude-sonnet/ucurve_20260520_024541.json
03_prompt_format,claude-4.5-sonnet,Claude-4.5,True,base,semantic_multi,flat_verbose,10,10,IVQ,ordinal,7,1.0,,1.0,1.0,0.0239,109,,,,,,,raw,experiments_cloud/results/ucurve_proprietary_results.csv,upstream source_file: experiments_cloud/results/ucurve_proprietary/claude-sonnet/ucurve_20260520_024541.json
03_prompt_format,claude-4.5-sonnet,Claude-4.5,True,base,semantic_multi,flat_verbose,10,10,IVQ,ordinal,8,1.0,,1.0,1.0,0.0239,109,,,,,,,raw,experiments_cloud/results/ucurve_proprietary_results.csv,upstream source_file: experiments_cloud/results/ucurve_proprietary/claude-sonnet/ucurve_20260520_024541.json
03_prompt_format,claude-4.5-sonnet,Claude-4.5,True,base,semantic_multi,flat_verbose,10,10,IVQ,ordinal,9,1.0,,1.0,1.0,0.0239,109,,,,,,,raw,experiments_cloud/results/ucurve_proprietary_results.csv,upstream source_file: experiments_cloud/results/ucurve_proprietary/claude-sonnet/ucurve_20260520_024541.json
03_prompt_format,claude-4.5-sonnet,Claude-4.5,True,base,semantic_multi,flat_verbose,10,10,CVQ,ordinal,10,1.0,,1.0,1.0,0.0239,109,,,,,,,raw,experiments_cloud/results/ucurve_proprietary_results.csv,upstream source_file: experiments_cloud/results/ucurve_proprietary/claude-sonnet/ucurve_20260520_024541.json
03_prompt_format,claude-4.5-sonnet,Claude-4.5,True,base,semantic_multi,flat_verbose,10,10,CVQ,semantic,last,0.9358,,0.8899,0.9725,0.0498,109,,,,,,,raw,experiments_cloud/results/ucurve_proprietary_results.csv,upstream source_file: experiments_cloud/results/ucurve_proprietary/claude-sonnet/ucurve_20260520_024541.json
03_prompt_format,claude-4.5-sonnet,Claude-4.5,True,base,semantic_multi,flat_verbose,10,20,FVQ,ordinal,1,1.0,,1.0,1.0,0.0161,164,,,,,,,raw,experiments_cloud/results/ucurve_proprietary_results.csv,upstream source_file: experiments_cloud/results/ucurve_proprietary/claude-sonnet/ucurve_20260520_024541.json
03_prompt_format,claude-4.5-sonnet,Claude-4.5,True,base,semantic_multi,flat_verbose,10,20,IVQ,ordinal,2,1.0,,1.0,1.0,0.0161,164,,,,,,,raw,experiments_cloud/results/ucurve_proprietary_results.csv,upstream source_file: experiments_cloud/results/ucurve_proprietary/claude-sonnet/ucurve_20260520_024541.json
03_prompt_format,claude-4.5-sonnet,Claude-4.5,True,base,semantic_multi,flat_verbose,10,20,IVQ,ordinal,3,1.0,,1.0,1.0,0.0161,164,,,,,,,raw,experiments_cloud/results/ucurve_proprietary_results.csv,upstream source_file: experiments_cloud/results/ucurve_proprietary/claude-sonnet/ucurve_20260520_024541.json
03_prompt_format,claude-4.5-sonnet,Claude-4.5,True,base,semantic_multi,flat_verbose,10,20,IVQ,ordinal,4,1.0,,1.0,1.0,0.0161,164,,,,,,,raw,experiments_cloud/results/ucurve_proprietary_results.csv,upstream source_file: experiments_cloud/results/ucurve_proprietary/claude-sonnet/ucurve_20260520_024541.json
03_prompt_format,claude-4.5-sonnet,Claude-4.5,True,base,semantic_multi,flat_verbose,10,20,IVQ,ordinal,5,1.0,,1.0,1.0,0.0161,164,,,,,,,raw,experiments_cloud/results/ucurve_proprietary_results.csv,upstream source_file: experiments_cloud/results/ucurve_proprietary/claude-sonnet/ucurve_20260520_024541.json
03_prompt_format,claude-4.5-sonnet,Claude-4.5,True,base,semantic_multi,flat_verbose,10,20,IVQ,ordinal,6,1.0,,1.0,1.0,0.0161,164,,,,,,,raw,experiments_cloud/results/ucurve_proprietary_results.csv,upstream source_file: experiments_cloud/results/ucurve_proprietary/claude-sonnet/ucurve_20260520_024541.json
03_prompt_format,claude-4.5-sonnet,Claude-4.5,True,base,semantic_multi,flat_verbose,10,20,IVQ,ordinal,7,1.0,,1.0,1.0,0.0161,164,,,,,,,raw,experiments_cloud/results/ucurve_proprietary_results.csv,upstream source_file: experiments_cloud/results/ucurve_proprietary/claude-sonnet/ucurve_20260520_024541.json
03_prompt_format,claude-4.5-sonnet,Claude-4.5,True,base,semantic_multi,flat_verbose,10,20,IVQ,ordinal,8,1.0,,1.0,1.0,0.0161,164,,,,,,,raw,experiments_cloud/results/ucurve_proprietary_results.csv,upstream source_file: experiments_cloud/results/ucurve_proprietary/claude-sonnet/ucurve_20260520_024541.json
03_prompt_format,claude-4.5-sonnet,Claude-4.5,True,base,semantic_multi,flat_verbose,10,20,IVQ,ordinal,10,1.0,,1.0,1.0,0.0161,164,,,,,,,raw,experiments_cloud/results/ucurve_proprietary_results.csv,upstream source_file: experiments_cloud/results/ucurve_proprietary/claude-sonnet/ucurve_20260520_024541.json
03_prompt_format,claude-4.5-sonnet,Claude-4.5,True,base,semantic_multi,flat_verbose,10,20,IVQ,ordinal,11,1.0,,1.0,1.0,0.0161,164,,,,,,,raw,experiments_cloud/results/ucurve_proprietary_results.csv,upstream source_file: experiments_cloud/results/ucurve_proprietary/claude-sonnet/ucurve_20260520_024541.json
03_prompt_format,claude-4.5-sonnet,Claude-4.5,True,base,semantic_multi,flat_verbose,10,20,IVQ,ordinal,13,1.0,,1.0,1.0,0.0161,164,,,,,,,raw,experiments_cloud/results/ucurve_proprietary_results.csv,upstream source_file: experiments_cloud/results/ucurve_proprietary/claude-sonnet/ucurve_20260520_024541.json
03_prompt_format,claude-4.5-sonnet,Claude-4.5,True,base,semantic_multi,flat_verbose,10,20,IVQ,ordinal,14,1.0,,1.0,1.0,0.0161,164,,,,,,,raw,experiments_cloud/results/ucurve_proprietary_results.csv,upstream source_file: experiments_cloud/results/ucurve_proprietary/claude-sonnet/ucurve_20260520_024541.json
03_prompt_format,claude-4.5-sonnet,Claude-4.5,True,base,semantic_multi,flat_verbose,10,20,IVQ,ordinal,16,0.9939,,0.9817,1.0,0.0198,164,,,,,,,raw,experiments_cloud/results/ucurve_proprietary_results.csv,upstream source_file: experiments_cloud/results/ucurve_proprietary/claude-sonnet/ucurve_20260520_024541.json
03_prompt_format,claude-4.5-sonnet,Claude-4.5,True,base,semantic_multi,flat_verbose,10,20,IVQ,ordinal,17,1.0,,1.0,1.0,0.0161,164,,,,,,,raw,experiments_cloud/results/ucurve_proprietary_results.csv,upstream source_file: experiments_cloud/results/ucurve_proprietary/claude-sonnet/ucurve_20260520_024541.json
03_prompt_format,claude-4.5-sonnet,Claude-4.5,True,base,semantic_multi,flat_verbose,10,20,IVQ,ordinal,19,0.9939,,0.9817,1.0,0.0198,164,,,,,,,raw,experiments_cloud/results/ucurve_proprietary_results.csv,upstream source_file: experiments_cloud/results/ucurve_proprietary/claude-sonnet/ucurve_20260520_024541.json
03_prompt_format,claude-4.5-sonnet,Claude-4.5,True,base,semantic_multi,flat_verbose,10,20,CVQ,ordinal,20,1.0,,1.0,1.0,0.0161,164,,,,,,,raw,experiments_cloud/results/ucurve_proprietary_results.csv,upstream source_file: experiments_cloud/results/ucurve_proprietary/claude-sonnet/ucurve_20260520_024541.json
03_prompt_format,claude-4.5-sonnet,Claude-4.5,True,base,semantic_multi,flat_verbose,10,20,CVQ,semantic,last,0.8841,,0.8354,0.9329,0.05,164,,,,,,,raw,experiments_cloud/results/ucurve_proprietary_results.csv,upstream source_file: experiments_cloud/results/ucurve_proprietary/claude-sonnet/ucurve_20260520_024541.json
03_prompt_format,claude-4.5-sonnet,Claude-4.5,True,base,semantic_multi,flat_verbose,10,50,FVQ,ordinal,1,1.0,,1.0,1.0,0.0133,200,,,,,,,raw,experiments_cloud/results/ucurve_proprietary_results.csv,upstream source_file: experiments_cloud/results/ucurve_proprietary/claude-sonnet/ucurve_20260520_024541.json
03_prompt_format,claude-4.5-sonnet,Claude-4.5,True,base,semantic_multi,flat_verbose,10,50,IVQ,ordinal,2,1.0,,1.0,1.0,0.0133,200,,,,,,,raw,experiments_cloud/results/ucurve_proprietary_results.csv,upstream source_file: experiments_cloud/results/ucurve_proprietary/claude-sonnet/ucurve_20260520_024541.json
03_prompt_format,claude-4.5-sonnet,Claude-4.5,True,base,semantic_multi,flat_verbose,10,50,IVQ,ordinal,3,1.0,,1.0,1.0,0.0133,200,,,,,,,raw,experiments_cloud/results/ucurve_proprietary_results.csv,upstream source_file: experiments_cloud/results/ucurve_proprietary/claude-sonnet/ucurve_20260520_024541.json
03_prompt_format,claude-4.5-sonnet,Claude-4.5,True,base,semantic_multi,flat_verbose,10,50,IVQ,ordinal,4,1.0,,1.0,1.0,0.0133,200,,,,,,,raw,experiments_cloud/results/ucurve_proprietary_results.csv,upstream source_file: experiments_cloud/results/ucurve_proprietary/claude-sonnet/ucurve_20260520_024541.json
03_prompt_format,claude-4.5-sonnet,Claude-4.5,True,base,semantic_multi,flat_verbose,10,50,IVQ,ordinal,5,1.0,,1.0,1.0,0.0133,200,,,,,,,raw,experiments_cloud/results/ucurve_proprietary_results.csv,upstream source_file: experiments_cloud/results/ucurve_proprietary/claude-sonnet/ucurve_20260520_024541.json
03_prompt_format,claude-4.5-sonnet,Claude-4.5,True,base,semantic_multi,flat_verbose,10,50,IVQ,ordinal,6,1.0,,1.0,1.0,0.0133,200,,,,,,,raw,experiments_cloud/results/ucurve_proprietary_results.csv,upstream source_file: experiments_cloud/results/ucurve_proprietary/claude-sonnet/ucurve_20260520_024541.json
03_prompt_format,claude-4.5-sonnet,Claude-4.5,True,base,semantic_multi,flat_verbose,10,50,IVQ,ordinal,7,1.0,,1.0,1.0,0.0133,200,,,,,,,raw,experiments_cloud/results/ucurve_proprietary_results.csv,upstream source_file: experiments_cloud/results/ucurve_proprietary/claude-sonnet/ucurve_20260520_024541.json
03_prompt_format,claude-4.5-sonnet,Claude-4.5,True,base,semantic_multi,flat_verbose,10,50,IVQ,ordinal,8,1.0,,1.0,1.0,0.0133,200,,,,,,,raw,experiments_cloud/results/ucurve_proprietary_results.csv,upstream source_file: experiments_cloud/results/ucurve_proprietary/claude-sonnet/ucurve_20260520_024541.json
03_prompt_format,claude-4.5-sonnet,Claude-4.5,True,base,semantic_multi,flat_verbose,10,50,IVQ,ordinal,14,1.0,,1.0,1.0,0.0133,200,,,,,,,raw,experiments_cloud/results/ucurve_proprietary_results.csv,upstream source_file: experiments_cloud/results/ucurve_proprietary/claude-sonnet/ucurve_20260520_024541.json
03_prompt_format,claude-4.5-sonnet,Claude-4.5,True,base,semantic_multi,flat_verbose,10,50,IVQ,ordinal,20,1.0,,1.0,1.0,0.0133,200,,,,,,,raw,experiments_cloud/results/ucurve_proprietary_results.csv,upstream source_file: experiments_cloud/results/ucurve_proprietary/claude-sonnet/ucurve_20260520_024541.json
03_prompt_format,claude-4.5-sonnet,Claude-4.5,True,base,semantic_multi,flat_verbose,10,50,IVQ,ordinal,26,0.995,,0.985,1.0,0.0163,200,,,,,,,raw,experiments_cloud/results/ucurve_proprietary_results.csv,upstream source_file: experiments_cloud/results/ucurve_proprietary/claude-sonnet/ucurve_20260520_024541.json
03_prompt_format,claude-4.5-sonnet,Claude-4.5,True,base,semantic_multi,flat_verbose,10,50,IVQ,ordinal,31,0.995,,0.985,1.0,0.0163,200,,,,,,,raw,experiments_cloud/results/ucurve_proprietary_results.csv,upstream source_file: experiments_cloud/results/ucurve_proprietary/claude-sonnet/ucurve_20260520_024541.json
03_prompt_format,claude-4.5-sonnet,Claude-4.5,True,base,semantic_multi,flat_verbose,10,50,IVQ,ordinal,37,1.0,,1.0,1.0,0.0133,200,,,,,,,raw,experiments_cloud/results/ucurve_proprietary_results.csv,upstream source_file: experiments_cloud/results/ucurve_proprietary/claude-sonnet/ucurve_20260520_024541.json
03_prompt_format,claude-4.5-sonnet,Claude-4.5,True,base,semantic_multi,flat_verbose,10,50,IVQ,ordinal,43,0.995,,0.985,1.0,0.0163,200,,,,,,,raw,experiments_cloud/results/ucurve_proprietary_results.csv,upstream source_file: experiments_cloud/results/ucurve_proprietary/claude-sonnet/ucurve_20260520_024541.json
03_prompt_format,claude-4.5-sonnet,Claude-4.5,True,base,semantic_multi,flat_verbose,10,50,IVQ,ordinal,49,1.0,,1.0,1.0,0.0133,200,,,,,,,raw,experiments_cloud/results/ucurve_proprietary_results.csv,upstream source_file: experiments_cloud/results/ucurve_proprietary/claude-sonnet/ucurve_20260520_024541.json
03_prompt_format,claude-4.5-sonnet,Claude-4.5,True,base,semantic_multi,flat_verbose,10,50,CVQ,ordinal,50,1.0,,1.0,1.0,0.0133,200,,,,,,,raw,experiments_cloud/results/ucurve_proprietary_results.csv,upstream source_file: experiments_cloud/results/ucurve_proprietary/claude-sonnet/ucurve_20260520_024541.json
03_prompt_format,claude-4.5-sonnet,Claude-4.5,True,base,semantic_multi,flat_verbose,10,50,CVQ,semantic,last,0.81,,0.755,0.86,0.0545,200,,,,,,,raw,experiments_cloud/results/ucurve_proprietary_results.csv,upstream source_file: experiments_cloud/results/ucurve_proprietary/claude-sonnet/ucurve_20260520_024541.json
03_prompt_format,claude-4.5-sonnet,Claude-4.5,True,base,semantic_multi,landmark,5,10,FVQ,ordinal,1,1.0,,1.0,1.0,0.0239,109,,,,,,,raw,experiments_cloud/results/ucurve_proprietary_results.csv,upstream source_file: experiments_cloud/results/ucurve_proprietary/claude-sonnet/ucurve_20260520_024541.json
03_prompt_format,claude-4.5-sonnet,Claude-4.5,True,base,semantic_multi,landmark,5,10,IVQ,ordinal,2,0.9358,,0.8899,0.9725,0.0498,109,,,,,,,raw,experiments_cloud/results/ucurve_proprietary_results.csv,upstream source_file: experiments_cloud/results/ucurve_proprietary/claude-sonnet/ucurve_20260520_024541.json
03_prompt_format,claude-4.5-sonnet,Claude-4.5,True,base,semantic_multi,landmark,5,10,IVQ,ordinal,3,0.9817,,0.9541,1.0,0.0338,109,,,,,,,raw,experiments_cloud/results/ucurve_proprietary_results.csv,upstream source_file: experiments_cloud/results/ucurve_proprietary/claude-sonnet/ucurve_20260520_024541.json
03_prompt_format,claude-4.5-sonnet,Claude-4.5,True,base,semantic_multi,landmark,5,10,IVQ,ordinal,4,0.9908,,0.9725,1.0,0.0293,109,,,,,,,raw,experiments_cloud/results/ucurve_proprietary_results.csv,upstream source_file: experiments_cloud/results/ucurve_proprietary/claude-sonnet/ucurve_20260520_024541.json
03_prompt_format,claude-4.5-sonnet,Claude-4.5,True,base,semantic_multi,landmark,5,10,IVQ,ordinal,5,1.0,,1.0,1.0,0.0239,109,,,,,,,raw,experiments_cloud/results/ucurve_proprietary_results.csv,upstream source_file: experiments_cloud/results/ucurve_proprietary/claude-sonnet/ucurve_20260520_024541.json
03_prompt_format,claude-4.5-sonnet,Claude-4.5,True,base,semantic_multi,landmark,5,10,IVQ,ordinal,6,1.0,,1.0,1.0,0.0239,109,,,,,,,raw,experiments_cloud/results/ucurve_proprietary_results.csv,upstream source_file: experiments_cloud/results/ucurve_proprietary/claude-sonnet/ucurve_20260520_024541.json
03_prompt_format,claude-4.5-sonnet,Claude-4.5,True,base,semantic_multi,landmark,5,10,IVQ,ordinal,7,1.0,,1.0,1.0,0.0239,109,,,,,,,raw,experiments_cloud/results/ucurve_proprietary_results.csv,upstream source_file: experiments_cloud/results/ucurve_proprietary/claude-sonnet/ucurve_20260520_024541.json
03_prompt_format,claude-4.5-sonnet,Claude-4.5,True,base,semantic_multi,landmark,5,10,IVQ,ordinal,8,1.0,,1.0,1.0,0.0239,109,,,,,,,raw,experiments_cloud/results/ucurve_proprietary_results.csv,upstream source_file: experiments_cloud/results/ucurve_proprietary/claude-sonnet/ucurve_20260520_024541.json
03_prompt_format,claude-4.5-sonnet,Claude-4.5,True,base,semantic_multi,landmark,5,10,IVQ,ordinal,9,1.0,,1.0,1.0,0.0239,109,,,,,,,raw,experiments_cloud/results/ucurve_proprietary_results.csv,upstream source_file: experiments_cloud/results/ucurve_proprietary/claude-sonnet/ucurve_20260520_024541.json
03_prompt_format,claude-4.5-sonnet,Claude-4.5,True,base,semantic_multi,landmark,5,10,CVQ,ordinal,10,0.9817,,0.9541,1.0,0.0338,109,,,,,,,raw,experiments_cloud/results/ucurve_proprietary_results.csv,upstream source_file: experiments_cloud/results/ucurve_proprietary/claude-sonnet/ucurve_20260520_024541.json
03_prompt_format,claude-4.5-sonnet,Claude-4.5,True,base,semantic_multi,landmark,5,10,CVQ,semantic,last,1.0,,1.0,1.0,0.0239,109,,,,,,,raw,experiments_cloud/results/ucurve_proprietary_results.csv,upstream source_file: experiments_cloud/results/ucurve_proprietary/claude-sonnet/ucurve_20260520_024541.json
03_prompt_format,claude-4.5-sonnet,Claude-4.5,True,base,semantic_multi,landmark,5,20,FVQ,ordinal,1,0.99,,0.975,1.0,0.0189,200,,,,,,,raw,experiments_cloud/results/ucurve_proprietary_results.csv,upstream source_file: experiments_cloud/results/ucurve_proprietary/claude-sonnet/ucurve_20260520_024541.json
03_prompt_format,claude-4.5-sonnet,Claude-4.5,True,base,semantic_multi,landmark,5,20,IVQ,ordinal,2,0.84,,0.785,0.89,0.0511,200,,,,,,,raw,experiments_cloud/results/ucurve_proprietary_results.csv,upstream source_file: experiments_cloud/results/ucurve_proprietary/claude-sonnet/ucurve_20260520_024541.json
03_prompt_format,claude-4.5-sonnet,Claude-4.5,True,base,semantic_multi,landmark,5,20,IVQ,ordinal,3,0.98,,0.96,0.995,0.0231,200,,,,,,,raw,experiments_cloud/results/ucurve_proprietary_results.csv,upstream source_file: experiments_cloud/results/ucurve_proprietary/claude-sonnet/ucurve_20260520_024541.json
03_prompt_format,claude-4.5-sonnet,Claude-4.5,True,base,semantic_multi,landmark,5,20,IVQ,ordinal,4,0.96,,0.93,0.985,0.0295,200,,,,,,,raw,experiments_cloud/results/ucurve_proprietary_results.csv,upstream source_file: experiments_cloud/results/ucurve_proprietary/claude-sonnet/ucurve_20260520_024541.json
03_prompt_format,claude-4.5-sonnet,Claude-4.5,True,base,semantic_multi,landmark,5,20,IVQ,ordinal,5,0.96,,0.93,0.985,0.0295,200,,,,,,,raw,experiments_cloud/results/ucurve_proprietary_results.csv,upstream source_file: experiments_cloud/results/ucurve_proprietary/claude-sonnet/ucurve_20260520_024541.json
03_prompt_format,claude-4.5-sonnet,Claude-4.5,True,base,semantic_multi,landmark,5,20,IVQ,ordinal,6,0.99,,0.975,1.0,0.0189,200,,,,,,,raw,experiments_cloud/results/ucurve_proprietary_results.csv,upstream source_file: experiments_cloud/results/ucurve_proprietary/claude-sonnet/ucurve_20260520_024541.json
03_prompt_format,claude-4.5-sonnet,Claude-4.5,True,base,semantic_multi,landmark,5,20,IVQ,ordinal,7,0.98,,0.96,1.0,0.0231,200,,,,,,,raw,experiments_cloud/results/ucurve_proprietary_results.csv,upstream source_file: experiments_cloud/results/ucurve_proprietary/claude-sonnet/ucurve_20260520_024541.json
03_prompt_format,claude-4.5-sonnet,Claude-4.5,True,base,semantic_multi,landmark,5,20,IVQ,ordinal,8,0.975,,0.955,0.995,0.0249,200,,,,,,,raw,experiments_cloud/results/ucurve_proprietary_results.csv,upstream source_file: experiments_cloud/results/ucurve_proprietary/claude-sonnet/ucurve_20260520_024541.json
03_prompt_format,claude-4.5-sonnet,Claude-4.5,True,base,semantic_multi,landmark,5,20,IVQ,ordinal,10,0.97,,0.945,0.99,0.0265,200,,,,,,,raw,experiments_cloud/results/ucurve_proprietary_results.csv,upstream source_file: experiments_cloud/results/ucurve_proprietary/claude-sonnet/ucurve_20260520_024541.json
03_prompt_format,claude-4.5-sonnet,Claude-4.5,True,base,semantic_multi,landmark,5,20,IVQ,ordinal,11,0.97,,0.945,0.99,0.0265,200,,,,,,,raw,experiments_cloud/results/ucurve_proprietary_results.csv,upstream source_file: experiments_cloud/results/ucurve_proprietary/claude-sonnet/ucurve_20260520_024541.json
03_prompt_format,claude-4.5-sonnet,Claude-4.5,True,base,semantic_multi,landmark,5,20,IVQ,ordinal,13,0.8,,0.745,0.855,0.0555,200,,,,,,,raw,experiments_cloud/results/ucurve_proprietary_results.csv,upstream source_file: experiments_cloud/results/ucurve_proprietary/claude-sonnet/ucurve_20260520_024541.json
03_prompt_format,claude-4.5-sonnet,Claude-4.5,True,base,semantic_multi,landmark,5,20,IVQ,ordinal,14,0.875,,0.825,0.92,0.0465,200,,,,,,,raw,experiments_cloud/results/ucurve_proprietary_results.csv,upstream source_file: experiments_cloud/results/ucurve_proprietary/claude-sonnet/ucurve_20260520_024541.json
03_prompt_format,claude-4.5-sonnet,Claude-4.5,True,base,semantic_multi,landmark,5,20,IVQ,ordinal,16,0.915,,0.875,0.95,0.0398,200,,,,,,,raw,experiments_cloud/results/ucurve_proprietary_results.csv,upstream source_file: experiments_cloud/results/ucurve_proprietary/claude-sonnet/ucurve_20260520_024541.json
03_prompt_format,claude-4.5-sonnet,Claude-4.5,True,base,semantic_multi,landmark,5,20,IVQ,ordinal,17,0.915,,0.875,0.95,0.0398,200,,,,,,,raw,experiments_cloud/results/ucurve_proprietary_results.csv,upstream source_file: experiments_cloud/results/ucurve_proprietary/claude-sonnet/ucurve_20260520_024541.json
03_prompt_format,claude-4.5-sonnet,Claude-4.5,True,base,semantic_multi,landmark,5,20,IVQ,ordinal,19,0.94,,0.905,0.97,0.0346,200,,,,,,,raw,experiments_cloud/results/ucurve_proprietary_results.csv,upstream source_file: experiments_cloud/results/ucurve_proprietary/claude-sonnet/ucurve_20260520_024541.json
03_prompt_format,claude-4.5-sonnet,Claude-4.5,True,base,semantic_multi,landmark,5,20,CVQ,ordinal,20,0.215,,0.16,0.275,0.0569,200,,,,,,,raw,experiments_cloud/results/ucurve_proprietary_results.csv,upstream source_file: experiments_cloud/results/ucurve_proprietary/claude-sonnet/ucurve_20260520_024541.json
03_prompt_format,claude-4.5-sonnet,Claude-4.5,True,base,semantic_multi,landmark,5,20,CVQ,semantic,last,1.0,,1.0,1.0,0.0133,200,,,,,,,raw,experiments_cloud/results/ucurve_proprietary_results.csv,upstream source_file: experiments_cloud/results/ucurve_proprietary/claude-sonnet/ucurve_20260520_024541.json
03_prompt_format,claude-4.5-sonnet,Claude-4.5,True,base,semantic_multi,landmark,5,50,FVQ,ordinal,1,0.985,,0.965,1.0,0.0211,200,,,,,,,raw,experiments_cloud/results/ucurve_proprietary_results.csv,upstream source_file: experiments_cloud/results/ucurve_proprietary/claude-sonnet/ucurve_20260520_024541.json
03_prompt_format,claude-4.5-sonnet,Claude-4.5,True,base,semantic_multi,landmark,5,50,IVQ,ordinal,2,0.71,,0.645,0.77,0.0625,200,,,,,,,raw,experiments_cloud/results/ucurve_proprietary_results.csv,upstream source_file: experiments_cloud/results/ucurve_proprietary/claude-sonnet/ucurve_20260520_024541.json
03_prompt_format,claude-4.5-sonnet,Claude-4.5,True,base,semantic_multi,landmark,5,50,IVQ,ordinal,3,0.955,,0.925,0.98,0.0309,200,,,,,,,raw,experiments_cloud/results/ucurve_proprietary_results.csv,upstream source_file: experiments_cloud/results/ucurve_proprietary/claude-sonnet/ucurve_20260520_024541.json
03_prompt_format,claude-4.5-sonnet,Claude-4.5,True,base,semantic_multi,landmark,5,50,IVQ,ordinal,4,0.845,,0.79,0.895,0.0505,200,,,,,,,raw,experiments_cloud/results/ucurve_proprietary_results.csv,upstream source_file: experiments_cloud/results/ucurve_proprietary/claude-sonnet/ucurve_20260520_024541.json
03_prompt_format,claude-4.5-sonnet,Claude-4.5,True,base,semantic_multi,landmark,5,50,IVQ,ordinal,5,0.95,,0.915,0.98,0.0322,200,,,,,,,raw,experiments_cloud/results/ucurve_proprietary_results.csv,upstream source_file: experiments_cloud/results/ucurve_proprietary/claude-sonnet/ucurve_20260520_024541.json
03_prompt_format,claude-4.5-sonnet,Claude-4.5,True,base,semantic_multi,landmark,5,50,IVQ,ordinal,6,0.97,,0.945,0.99,0.0265,200,,,,,,,raw,experiments_cloud/results/ucurve_proprietary_results.csv,upstream source_file: experiments_cloud/results/ucurve_proprietary/claude-sonnet/ucurve_20260520_024541.json
03_prompt_format,claude-4.5-sonnet,Claude-4.5,True,base,semantic_multi,landmark,5,50,IVQ,ordinal,7,0.975,,0.95,0.995,0.0249,200,,,,,,,raw,experiments_cloud/results/ucurve_proprietary_results.csv,upstream source_file: experiments_cloud/results/ucurve_proprietary/claude-sonnet/ucurve_20260520_024541.json
03_prompt_format,claude-4.5-sonnet,Claude-4.5,True,base,semantic_multi,landmark,5,50,IVQ,ordinal,8,0.98,,0.96,0.995,0.0231,200,,,,,,,raw,experiments_cloud/results/ucurve_proprietary_results.csv,upstream source_file: experiments_cloud/results/ucurve_proprietary/claude-sonnet/ucurve_20260520_024541.json
03_prompt_format,claude-4.5-sonnet,Claude-4.5,True,base,semantic_multi,landmark,5,50,IVQ,ordinal,14,0.835,,0.78,0.885,0.0517,200,,,,,,,raw,experiments_cloud/results/ucurve_proprietary_results.csv,upstream source_file: experiments_cloud/results/ucurve_proprietary/claude-sonnet/ucurve_20260520_024541.json
03_prompt_format,claude-4.5-sonnet,Claude-4.5,True,base,semantic_multi,landmark,5,50,IVQ,ordinal,20,0.64,,0.575,0.705,0.066,200,,,,,,,raw,experiments_cloud/results/ucurve_proprietary_results.csv,upstream source_file: experiments_cloud/results/ucurve_proprietary/claude-sonnet/ucurve_20260520_024541.json
03_prompt_format,claude-4.5-sonnet,Claude-4.5,True,base,semantic_multi,landmark,5,50,IVQ,ordinal,26,0.235,,0.1799,0.295,0.0586,200,,,,,,,raw,experiments_cloud/results/ucurve_proprietary_results.csv,upstream source_file: experiments_cloud/results/ucurve_proprietary/claude-sonnet/ucurve_20260520_024541.json
03_prompt_format,claude-4.5-sonnet,Claude-4.5,True,base,semantic_multi,landmark,5,50,IVQ,ordinal,31,0.28,,0.22,0.34,0.0619,200,,,,,,,raw,experiments_cloud/results/ucurve_proprietary_results.csv,upstream source_file: experiments_cloud/results/ucurve_proprietary/claude-sonnet/ucurve_20260520_024541.json
03_prompt_format,claude-4.5-sonnet,Claude-4.5,True,base,semantic_multi,landmark,5,50,IVQ,ordinal,37,0.13,,0.085,0.18,0.0472,200,,,,,,,raw,experiments_cloud/results/ucurve_proprietary_results.csv,upstream source_file: experiments_cloud/results/ucurve_proprietary/claude-sonnet/ucurve_20260520_024541.json
03_prompt_format,claude-4.5-sonnet,Claude-4.5,True,base,semantic_multi,landmark,5,50,IVQ,ordinal,43,0.12,,0.08,0.165,0.0457,200,,,,,,,raw,experiments_cloud/results/ucurve_proprietary_results.csv,upstream source_file: experiments_cloud/results/ucurve_proprietary/claude-sonnet/ucurve_20260520_024541.json
03_prompt_format,claude-4.5-sonnet,Claude-4.5,True,base,semantic_multi,landmark,5,50,IVQ,ordinal,49,0.045,,0.02,0.075,0.0309,200,,,,,,,raw,experiments_cloud/results/ucurve_proprietary_results.csv,upstream source_file: experiments_cloud/results/ucurve_proprietary/claude-sonnet/ucurve_20260520_024541.json
03_prompt_format,claude-4.5-sonnet,Claude-4.5,True,base,semantic_multi,landmark,5,50,CVQ,ordinal,50,0.085,,0.05,0.125,0.0398,200,,,,,,,raw,experiments_cloud/results/ucurve_proprietary_results.csv,upstream source_file: experiments_cloud/results/ucurve_proprietary/claude-sonnet/ucurve_20260520_024541.json
03_prompt_format,claude-4.5-sonnet,Claude-4.5,True,base,semantic_multi,landmark,5,50,CVQ,semantic,last,1.0,,1.0,1.0,0.0133,200,,,,,,,raw,experiments_cloud/results/ucurve_proprietary_results.csv,upstream source_file: experiments_cloud/results/ucurve_proprietary/claude-sonnet/ucurve_20260520_024541.json
03_prompt_format,claude-4.5-sonnet,Claude-4.5,True,base,semantic_multi,landmark,10,10,FVQ,ordinal,1,1.0,,1.0,1.0,0.0239,109,,,,,,,raw,experiments_cloud/results/ucurve_proprietary_results.csv,upstream source_file: experiments_cloud/results/ucurve_proprietary/claude-sonnet/ucurve_20260520_024541.json
03_prompt_format,claude-4.5-sonnet,Claude-4.5,True,base,semantic_multi,landmark,10,10,IVQ,ordinal,2,0.9358,,0.8899,0.9725,0.0498,109,,,,,,,raw,experiments_cloud/results/ucurve_proprietary_results.csv,upstream source_file: experiments_cloud/results/ucurve_proprietary/claude-sonnet/ucurve_20260520_024541.json
03_prompt_format,claude-4.5-sonnet,Claude-4.5,True,base,semantic_multi,landmark,10,10,IVQ,ordinal,3,0.9817,,0.9541,1.0,0.0338,109,,,,,,,raw,experiments_cloud/results/ucurve_proprietary_results.csv,upstream source_file: experiments_cloud/results/ucurve_proprietary/claude-sonnet/ucurve_20260520_024541.json
03_prompt_format,claude-4.5-sonnet,Claude-4.5,True,base,semantic_multi,landmark,10,10,IVQ,ordinal,4,0.9908,,0.9725,1.0,0.0293,109,,,,,,,raw,experiments_cloud/results/ucurve_proprietary_results.csv,upstream source_file: experiments_cloud/results/ucurve_proprietary/claude-sonnet/ucurve_20260520_024541.json
03_prompt_format,claude-4.5-sonnet,Claude-4.5,True,base,semantic_multi,landmark,10,10,IVQ,ordinal,5,1.0,,1.0,1.0,0.0239,109,,,,,,,raw,experiments_cloud/results/ucurve_proprietary_results.csv,upstream source_file: experiments_cloud/results/ucurve_proprietary/claude-sonnet/ucurve_20260520_024541.json
03_prompt_format,claude-4.5-sonnet,Claude-4.5,True,base,semantic_multi,landmark,10,10,IVQ,ordinal,6,0.9908,,0.9633,1.0,0.0293,109,,,,,,,raw,experiments_cloud/results/ucurve_proprietary_results.csv,upstream source_file: experiments_cloud/results/ucurve_proprietary/claude-sonnet/ucurve_20260520_024541.json
03_prompt_format,claude-4.5-sonnet,Claude-4.5,True,base,semantic_multi,landmark,10,10,IVQ,ordinal,7,0.9908,,0.9725,1.0,0.0293,109,,,,,,,raw,experiments_cloud/results/ucurve_proprietary_results.csv,upstream source_file: experiments_cloud/results/ucurve_proprietary/claude-sonnet/ucurve_20260520_024541.json
03_prompt_format,claude-4.5-sonnet,Claude-4.5,True,base,semantic_multi,landmark,10,10,IVQ,ordinal,8,1.0,,1.0,1.0,0.0239,109,,,,,,,raw,experiments_cloud/results/ucurve_proprietary_results.csv,upstream source_file: experiments_cloud/results/ucurve_proprietary/claude-sonnet/ucurve_20260520_024541.json
03_prompt_format,claude-4.5-sonnet,Claude-4.5,True,base,semantic_multi,landmark,10,10,IVQ,ordinal,9,0.9908,,0.9725,1.0,0.0293,109,,,,,,,raw,experiments_cloud/results/ucurve_proprietary_results.csv,upstream source_file: experiments_cloud/results/ucurve_proprietary/claude-sonnet/ucurve_20260520_024541.json
03_prompt_format,claude-4.5-sonnet,Claude-4.5,True,base,semantic_multi,landmark,10,10,CVQ,ordinal,10,1.0,,1.0,1.0,0.0239,109,,,,,,,raw,experiments_cloud/results/ucurve_proprietary_results.csv,upstream source_file: experiments_cloud/results/ucurve_proprietary/claude-sonnet/ucurve_20260520_024541.json
03_prompt_format,claude-4.5-sonnet,Claude-4.5,True,base,semantic_multi,landmark,10,10,CVQ,semantic,last,1.0,,1.0,1.0,0.0239,109,,,,,,,raw,experiments_cloud/results/ucurve_proprietary_results.csv,upstream source_file: experiments_cloud/results/ucurve_proprietary/claude-sonnet/ucurve_20260520_024541.json
03_prompt_format,claude-4.5-sonnet,Claude-4.5,True,base,semantic_multi,landmark,10,20,FVQ,ordinal,1,1.0,,1.0,1.0,0.0133,200,,,,,,,raw,experiments_cloud/results/ucurve_proprietary_results.csv,upstream source_file: experiments_cloud/results/ucurve_proprietary/claude-sonnet/ucurve_20260520_024541.json
03_prompt_format,claude-4.5-sonnet,Claude-4.5,True,base,semantic_multi,landmark,10,20,IVQ,ordinal,2,0.81,,0.755,0.865,0.0545,200,,,,,,,raw,experiments_cloud/results/ucurve_proprietary_results.csv,upstream source_file: experiments_cloud/results/ucurve_proprietary/claude-sonnet/ucurve_20260520_024541.json
03_prompt_format,claude-4.5-sonnet,Claude-4.5,True,base,semantic_multi,landmark,10,20,IVQ,ordinal,3,0.985,,0.965,1.0,0.0211,200,,,,,,,raw,experiments_cloud/results/ucurve_proprietary_results.csv,upstream source_file: experiments_cloud/results/ucurve_proprietary/claude-sonnet/ucurve_20260520_024541.json
03_prompt_format,claude-4.5-sonnet,Claude-4.5,True,base,semantic_multi,landmark,10,20,IVQ,ordinal,4,0.91,,0.8699,0.945,0.0408,200,,,,,,,raw,experiments_cloud/results/ucurve_proprietary_results.csv,upstream source_file: experiments_cloud/results/ucurve_proprietary/claude-sonnet/ucurve_20260520_024541.json
03_prompt_format,claude-4.5-sonnet,Claude-4.5,True,base,semantic_multi,landmark,10,20,IVQ,ordinal,5,0.835,,0.785,0.885,0.0517,200,,,,,,,raw,experiments_cloud/results/ucurve_proprietary_results.csv,upstream source_file: experiments_cloud/results/ucurve_proprietary/claude-sonnet/ucurve_20260520_024541.json
03_prompt_format,claude-4.5-sonnet,Claude-4.5,True,base,semantic_multi,landmark,10,20,IVQ,ordinal,6,0.925,,0.89,0.96,0.0379,200,,,,,,,raw,experiments_cloud/results/ucurve_proprietary_results.csv,upstream source_file: experiments_cloud/results/ucurve_proprietary/claude-sonnet/ucurve_20260520_024541.json
03_prompt_format,claude-4.5-sonnet,Claude-4.5,True,base,semantic_multi,landmark,10,20,IVQ,ordinal,7,0.995,,0.985,1.0,0.0163,200,,,,,,,raw,experiments_cloud/results/ucurve_proprietary_results.csv,upstream source_file: experiments_cloud/results/ucurve_proprietary/claude-sonnet/ucurve_20260520_024541.json
03_prompt_format,claude-4.5-sonnet,Claude-4.5,True,base,semantic_multi,landmark,10,20,IVQ,ordinal,8,0.98,,0.96,0.995,0.0231,200,,,,,,,raw,experiments_cloud/results/ucurve_proprietary_results.csv,upstream source_file: experiments_cloud/results/ucurve_proprietary/claude-sonnet/ucurve_20260520_024541.json
03_prompt_format,claude-4.5-sonnet,Claude-4.5,True,base,semantic_multi,landmark,10,20,IVQ,ordinal,10,0.905,,0.8649,0.945,0.0417,200,,,,,,,raw,experiments_cloud/results/ucurve_proprietary_results.csv,upstream source_file: experiments_cloud/results/ucurve_proprietary/claude-sonnet/ucurve_20260520_024541.json
03_prompt_format,claude-4.5-sonnet,Claude-4.5,True,base,semantic_multi,landmark,10,20,IVQ,ordinal,11,0.93,,0.895,0.965,0.0368,200,,,,,,,raw,experiments_cloud/results/ucurve_proprietary_results.csv,upstream source_file: experiments_cloud/results/ucurve_proprietary/claude-sonnet/ucurve_20260520_024541.json
03_prompt_format,claude-4.5-sonnet,Claude-4.5,True,base,semantic_multi,landmark,10,20,IVQ,ordinal,13,0.945,,0.91,0.975,0.0334,200,,,,,,,raw,experiments_cloud/results/ucurve_proprietary_results.csv,upstream source_file: experiments_cloud/results/ucurve_proprietary/claude-sonnet/ucurve_20260520_024541.json
03_prompt_format,claude-4.5-sonnet,Claude-4.5,True,base,semantic_multi,landmark,10,20,IVQ,ordinal,14,0.885,,0.8399,0.93,0.045,200,,,,,,,raw,experiments_cloud/results/ucurve_proprietary_results.csv,upstream source_file: experiments_cloud/results/ucurve_proprietary/claude-sonnet/ucurve_20260520_024541.json
03_prompt_format,claude-4.5-sonnet,Claude-4.5,True,base,semantic_multi,landmark,10,20,IVQ,ordinal,16,0.935,,0.9,0.97,0.0358,200,,,,,,,raw,experiments_cloud/results/ucurve_proprietary_results.csv,upstream source_file: experiments_cloud/results/ucurve_proprietary/claude-sonnet/ucurve_20260520_024541.json
03_prompt_format,claude-4.5-sonnet,Claude-4.5,True,base,semantic_multi,landmark,10,20,IVQ,ordinal,17,0.91,,0.87,0.95,0.0408,200,,,,,,,raw,experiments_cloud/results/ucurve_proprietary_results.csv,upstream source_file: experiments_cloud/results/ucurve_proprietary/claude-sonnet/ucurve_20260520_024541.json
03_prompt_format,claude-4.5-sonnet,Claude-4.5,True,base,semantic_multi,landmark,10,20,IVQ,ordinal,19,0.86,,0.81,0.91,0.0486,200,,,,,,,raw,experiments_cloud/results/ucurve_proprietary_results.csv,upstream source_file: experiments_cloud/results/ucurve_proprietary/claude-sonnet/ucurve_20260520_024541.json
03_prompt_format,claude-4.5-sonnet,Claude-4.5,True,base,semantic_multi,landmark,10,20,CVQ,ordinal,20,0.31,,0.245,0.375,0.0637,200,,,,,,,raw,experiments_cloud/results/ucurve_proprietary_results.csv,upstream source_file: experiments_cloud/results/ucurve_proprietary/claude-sonnet/ucurve_20260520_024541.json
03_prompt_format,claude-4.5-sonnet,Claude-4.5,True,base,semantic_multi,landmark,10,20,CVQ,semantic,last,1.0,,1.0,1.0,0.0133,200,,,,,,,raw,experiments_cloud/results/ucurve_proprietary_results.csv,upstream source_file: experiments_cloud/results/ucurve_proprietary/claude-sonnet/ucurve_20260520_024541.json
03_prompt_format,claude-4.5-sonnet,Claude-4.5,True,base,semantic_multi,landmark,10,50,FVQ,ordinal,1,0.96,,0.93,0.985,0.0295,200,,,,,,,raw,experiments_cloud/results/ucurve_proprietary_results.csv,upstream source_file: experiments_cloud/results/ucurve_proprietary/claude-sonnet/ucurve_20260520_024541.json
03_prompt_format,claude-4.5-sonnet,Claude-4.5,True,base,semantic_multi,landmark,10,50,IVQ,ordinal,2,0.685,,0.62,0.75,0.064,200,,,,,,,raw,experiments_cloud/results/ucurve_proprietary_results.csv,upstream source_file: experiments_cloud/results/ucurve_proprietary/claude-sonnet/ucurve_20260520_024541.json
03_prompt_format,claude-4.5-sonnet,Claude-4.5,True,base,semantic_multi,landmark,10,50,IVQ,ordinal,3,0.975,,0.95,0.995,0.0249,200,,,,,,,raw,experiments_cloud/results/ucurve_proprietary_results.csv,upstream source_file: experiments_cloud/results/ucurve_proprietary/claude-sonnet/ucurve_20260520_024541.json
03_prompt_format,claude-4.5-sonnet,Claude-4.5,True,base,semantic_multi,landmark,10,50,IVQ,ordinal,4,0.95,,0.915,0.98,0.0322,200,,,,,,,raw,experiments_cloud/results/ucurve_proprietary_results.csv,upstream source_file: experiments_cloud/results/ucurve_proprietary/claude-sonnet/ucurve_20260520_024541.json
03_prompt_format,claude-4.5-sonnet,Claude-4.5,True,base,semantic_multi,landmark,10,50,IVQ,ordinal,5,0.91,,0.87,0.945,0.0408,200,,,,,,,raw,experiments_cloud/results/ucurve_proprietary_results.csv,upstream source_file: experiments_cloud/results/ucurve_proprietary/claude-sonnet/ucurve_20260520_024541.json
03_prompt_format,claude-4.5-sonnet,Claude-4.5,True,base,semantic_multi,landmark,10,50,IVQ,ordinal,6,0.97,,0.945,0.99,0.0265,200,,,,,,,raw,experiments_cloud/results/ucurve_proprietary_results.csv,upstream source_file: experiments_cloud/results/ucurve_proprietary/claude-sonnet/ucurve_20260520_024541.json
03_prompt_format,claude-4.5-sonnet,Claude-4.5,True,base,semantic_multi,landmark,10,50,IVQ,ordinal,7,0.98,,0.96,0.995,0.0231,200,,,,,,,raw,experiments_cloud/results/ucurve_proprietary_results.csv,upstream source_file: experiments_cloud/results/ucurve_proprietary/claude-sonnet/ucurve_20260520_024541.json
03_prompt_format,claude-4.5-sonnet,Claude-4.5,True,base,semantic_multi,landmark,10,50,IVQ,ordinal,8,0.95,,0.92,0.98,0.0322,200,,,,,,,raw,experiments_cloud/results/ucurve_proprietary_results.csv,upstream source_file: experiments_cloud/results/ucurve_proprietary/claude-sonnet/ucurve_20260520_024541.json
03_prompt_format,claude-4.5-sonnet,Claude-4.5,True,base,semantic_multi,landmark,10,50,IVQ,ordinal,14,0.89,,0.845,0.935,0.0442,200,,,,,,,raw,experiments_cloud/results/ucurve_proprietary_results.csv,upstream source_file: experiments_cloud/results/ucurve_proprietary/claude-sonnet/ucurve_20260520_024541.json
03_prompt_format,claude-4.5-sonnet,Claude-4.5,True,base,semantic_multi,landmark,10,50,IVQ,ordinal,20,0.56,,0.49,0.63,0.0682,200,,,,,,,raw,experiments_cloud/results/ucurve_proprietary_results.csv,upstream source_file: experiments_cloud/results/ucurve_proprietary/claude-sonnet/ucurve_20260520_024541.json
03_prompt_format,claude-4.5-sonnet,Claude-4.5,True,base,semantic_multi,landmark,10,50,IVQ,ordinal,26,0.1,,0.06,0.145,0.0425,200,,,,,,,raw,experiments_cloud/results/ucurve_proprietary_results.csv,upstream source_file: experiments_cloud/results/ucurve_proprietary/claude-sonnet/ucurve_20260520_024541.json
03_prompt_format,claude-4.5-sonnet,Claude-4.5,True,base,semantic_multi,landmark,10,50,IVQ,ordinal,31,0.035,,0.015,0.06,0.0281,200,,,,,,,raw,experiments_cloud/results/ucurve_proprietary_results.csv,upstream source_file: experiments_cloud/results/ucurve_proprietary/claude-sonnet/ucurve_20260520_024541.json
03_prompt_format,claude-4.5-sonnet,Claude-4.5,True,base,semantic_multi,landmark,10,50,IVQ,ordinal,37,0.005,,0.0,0.015,0.0163,200,,,,,,,raw,experiments_cloud/results/ucurve_proprietary_results.csv,upstream source_file: experiments_cloud/results/ucurve_proprietary/claude-sonnet/ucurve_20260520_024541.json
03_prompt_format,claude-4.5-sonnet,Claude-4.5,True,base,semantic_multi,landmark,10,50,IVQ,ordinal,43,0.065,,0.035,0.1,0.0358,200,,,,,,,raw,experiments_cloud/results/ucurve_proprietary_results.csv,upstream source_file: experiments_cloud/results/ucurve_proprietary/claude-sonnet/ucurve_20260520_024541.json
03_prompt_format,claude-4.5-sonnet,Claude-4.5,True,base,semantic_multi,landmark,10,50,IVQ,ordinal,49,0.005,,0.0,0.015,0.0163,200,,,,,,,raw,experiments_cloud/results/ucurve_proprietary_results.csv,upstream source_file: experiments_cloud/results/ucurve_proprietary/claude-sonnet/ucurve_20260520_024541.json
03_prompt_format,claude-4.5-sonnet,Claude-4.5,True,base,semantic_multi,landmark,10,50,CVQ,ordinal,50,0.01,,0.0,0.025,0.0189,200,,,,,,,raw,experiments_cloud/results/ucurve_proprietary_results.csv,upstream source_file: experiments_cloud/results/ucurve_proprietary/claude-sonnet/ucurve_20260520_024541.json
03_prompt_format,claude-4.5-sonnet,Claude-4.5,True,base,semantic_multi,landmark,10,50,CVQ,semantic,last,0.995,,0.9849,1.0,0.0163,200,,,,,,,raw,experiments_cloud/results/ucurve_proprietary_results.csv,upstream source_file: experiments_cloud/results/ucurve_proprietary/claude-sonnet/ucurve_20260520_024541.json
03_prompt_format,gemini-2.5-flash,Gemini-2.5,True,base,semantic_multi,block,5,10,FVQ,ordinal,1,1.0,,1.0,1.0,0.0407,62,,,,,,,raw,experiments_cloud/results/ucurve_proprietary_results.csv,upstream source_file: experiments_cloud/results/ucurve_proprietary/gemini-2.5-flash/ucurve_20260520_131034.json
03_prompt_format,gemini-2.5-flash,Gemini-2.5,True,base,semantic_multi,block,5,10,IVQ,ordinal,2,0.9839,,0.9516,1.0,0.0497,62,,,,,,,raw,experiments_cloud/results/ucurve_proprietary_results.csv,upstream source_file: experiments_cloud/results/ucurve_proprietary/gemini-2.5-flash/ucurve_20260520_131034.json
03_prompt_format,gemini-2.5-flash,Gemini-2.5,True,base,semantic_multi,block,5,10,IVQ,ordinal,3,1.0,,1.0,1.0,0.0407,62,,,,,,,raw,experiments_cloud/results/ucurve_proprietary_results.csv,upstream source_file: experiments_cloud/results/ucurve_proprietary/gemini-2.5-flash/ucurve_20260520_131034.json
03_prompt_format,gemini-2.5-flash,Gemini-2.5,True,base,semantic_multi,block,5,10,IVQ,ordinal,4,1.0,,1.0,1.0,0.0407,62,,,,,,,raw,experiments_cloud/results/ucurve_proprietary_results.csv,upstream source_file: experiments_cloud/results/ucurve_proprietary/gemini-2.5-flash/ucurve_20260520_131034.json
03_prompt_format,gemini-2.5-flash,Gemini-2.5,True,base,semantic_multi,block,5,10,IVQ,ordinal,5,1.0,,1.0,1.0,0.0407,62,,,,,,,raw,experiments_cloud/results/ucurve_proprietary_results.csv,upstream source_file: experiments_cloud/results/ucurve_proprietary/gemini-2.5-flash/ucurve_20260520_131034.json
03_prompt_format,gemini-2.5-flash,Gemini-2.5,True,base,semantic_multi,block,5,10,IVQ,ordinal,6,1.0,,1.0,1.0,0.0407,62,,,,,,,raw,experiments_cloud/results/ucurve_proprietary_results.csv,upstream source_file: experiments_cloud/results/ucurve_proprietary/gemini-2.5-flash/ucurve_20260520_131034.json
03_prompt_format,gemini-2.5-flash,Gemini-2.5,True,base,semantic_multi,block,5,10,IVQ,ordinal,7,1.0,,1.0,1.0,0.0407,62,,,,,,,raw,experiments_cloud/results/ucurve_proprietary_results.csv,upstream source_file: experiments_cloud/results/ucurve_proprietary/gemini-2.5-flash/ucurve_20260520_131034.json
03_prompt_format,gemini-2.5-flash,Gemini-2.5,True,base,semantic_multi,block,5,10,IVQ,ordinal,8,1.0,,1.0,1.0,0.0407,62,,,,,,,raw,experiments_cloud/results/ucurve_proprietary_results.csv,upstream source_file: experiments_cloud/results/ucurve_proprietary/gemini-2.5-flash/ucurve_20260520_131034.json
03_prompt_format,gemini-2.5-flash,Gemini-2.5,True,base,semantic_multi,block,5,10,IVQ,ordinal,9,1.0,,1.0,1.0,0.0407,62,,,,,,,raw,experiments_cloud/results/ucurve_proprietary_results.csv,upstream source_file: experiments_cloud/results/ucurve_proprietary/gemini-2.5-flash/ucurve_20260520_131034.json
03_prompt_format,gemini-2.5-flash,Gemini-2.5,True,base,semantic_multi,block,5,10,CVQ,ordinal,10,1.0,,1.0,1.0,0.0407,62,,,,,,,raw,experiments_cloud/results/ucurve_proprietary_results.csv,upstream source_file: experiments_cloud/results/ucurve_proprietary/gemini-2.5-flash/ucurve_20260520_131034.json
03_prompt_format,gemini-2.5-flash,Gemini-2.5,True,base,semantic_multi,block,5,10,CVQ,semantic,last,1.0,,1.0,1.0,0.0407,62,,,,,,,raw,experiments_cloud/results/ucurve_proprietary_results.csv,upstream source_file: experiments_cloud/results/ucurve_proprietary/gemini-2.5-flash/ucurve_20260520_131034.json
03_prompt_format,gemini-2.5-flash,Gemini-2.5,True,base,semantic_multi,block,5,20,FVQ,ordinal,1,1.0,,1.0,1.0,0.0495,50,,,,,,,raw,experiments_cloud/results/ucurve_proprietary_results.csv,upstream source_file: experiments_cloud/results/ucurve_proprietary/gemini-2.5-flash/ucurve_20260520_131034.json
03_prompt_format,gemini-2.5-flash,Gemini-2.5,True,base,semantic_multi,block,5,20,IVQ,ordinal,2,1.0,,1.0,1.0,0.0495,50,,,,,,,raw,experiments_cloud/results/ucurve_proprietary_results.csv,upstream source_file: experiments_cloud/results/ucurve_proprietary/gemini-2.5-flash/ucurve_20260520_131034.json
03_prompt_format,gemini-2.5-flash,Gemini-2.5,True,base,semantic_multi,block,5,20,IVQ,ordinal,3,1.0,,1.0,1.0,0.0495,50,,,,,,,raw,experiments_cloud/results/ucurve_proprietary_results.csv,upstream source_file: experiments_cloud/results/ucurve_proprietary/gemini-2.5-flash/ucurve_20260520_131034.json
03_prompt_format,gemini-2.5-flash,Gemini-2.5,True,base,semantic_multi,block,5,20,IVQ,ordinal,4,1.0,,1.0,1.0,0.0495,50,,,,,,,raw,experiments_cloud/results/ucurve_proprietary_results.csv,upstream source_file: experiments_cloud/results/ucurve_proprietary/gemini-2.5-flash/ucurve_20260520_131034.json
03_prompt_format,gemini-2.5-flash,Gemini-2.5,True,base,semantic_multi,block,5,20,IVQ,ordinal,5,1.0,,1.0,1.0,0.0495,50,,,,,,,raw,experiments_cloud/results/ucurve_proprietary_results.csv,upstream source_file: experiments_cloud/results/ucurve_proprietary/gemini-2.5-flash/ucurve_20260520_131034.json
03_prompt_format,gemini-2.5-flash,Gemini-2.5,True,base,semantic_multi,block,5,20,IVQ,ordinal,6,1.0,,1.0,1.0,0.0495,50,,,,,,,raw,experiments_cloud/results/ucurve_proprietary_results.csv,upstream source_file: experiments_cloud/results/ucurve_proprietary/gemini-2.5-flash/ucurve_20260520_131034.json
03_prompt_format,gemini-2.5-flash,Gemini-2.5,True,base,semantic_multi,block,5,20,IVQ,ordinal,7,1.0,,1.0,1.0,0.0495,50,,,,,,,raw,experiments_cloud/results/ucurve_proprietary_results.csv,upstream source_file: experiments_cloud/results/ucurve_proprietary/gemini-2.5-flash/ucurve_20260520_131034.json
03_prompt_format,gemini-2.5-flash,Gemini-2.5,True,base,semantic_multi,block,5,20,IVQ,ordinal,8,1.0,,1.0,1.0,0.0495,50,,,,,,,raw,experiments_cloud/results/ucurve_proprietary_results.csv,upstream source_file: experiments_cloud/results/ucurve_proprietary/gemini-2.5-flash/ucurve_20260520_131034.json
03_prompt_format,gemini-2.5-flash,Gemini-2.5,True,base,semantic_multi,block,5,20,IVQ,ordinal,10,1.0,,1.0,1.0,0.0495,50,,,,,,,raw,experiments_cloud/results/ucurve_proprietary_results.csv,upstream source_file: experiments_cloud/results/ucurve_proprietary/gemini-2.5-flash/ucurve_20260520_131034.json
03_prompt_format,gemini-2.5-flash,Gemini-2.5,True,base,semantic_multi,block,5,20,IVQ,ordinal,11,1.0,,1.0,1.0,0.0495,50,,,,,,,raw,experiments_cloud/results/ucurve_proprietary_results.csv,upstream source_file: experiments_cloud/results/ucurve_proprietary/gemini-2.5-flash/ucurve_20260520_131034.json
03_prompt_format,gemini-2.5-flash,Gemini-2.5,True,base,semantic_multi,block,5,20,IVQ,ordinal,13,1.0,,1.0,1.0,0.0495,50,,,,,,,raw,experiments_cloud/results/ucurve_proprietary_results.csv,upstream source_file: experiments_cloud/results/ucurve_proprietary/gemini-2.5-flash/ucurve_20260520_131034.json
03_prompt_format,gemini-2.5-flash,Gemini-2.5,True,base,semantic_multi,block,5,20,IVQ,ordinal,14,1.0,,1.0,1.0,0.0495,50,,,,,,,raw,experiments_cloud/results/ucurve_proprietary_results.csv,upstream source_file: experiments_cloud/results/ucurve_proprietary/gemini-2.5-flash/ucurve_20260520_131034.json
03_prompt_format,gemini-2.5-flash,Gemini-2.5,True,base,semantic_multi,block,5,20,IVQ,ordinal,16,1.0,,1.0,1.0,0.0495,50,,,,,,,raw,experiments_cloud/results/ucurve_proprietary_results.csv,upstream source_file: experiments_cloud/results/ucurve_proprietary/gemini-2.5-flash/ucurve_20260520_131034.json
03_prompt_format,gemini-2.5-flash,Gemini-2.5,True,base,semantic_multi,block,5,20,IVQ,ordinal,17,1.0,,1.0,1.0,0.0495,50,,,,,,,raw,experiments_cloud/results/ucurve_proprietary_results.csv,upstream source_file: experiments_cloud/results/ucurve_proprietary/gemini-2.5-flash/ucurve_20260520_131034.json
03_prompt_format,gemini-2.5-flash,Gemini-2.5,True,base,semantic_multi,block,5,20,IVQ,ordinal,19,1.0,,1.0,1.0,0.0495,50,,,,,,,raw,experiments_cloud/results/ucurve_proprietary_results.csv,upstream source_file: experiments_cloud/results/ucurve_proprietary/gemini-2.5-flash/ucurve_20260520_131034.json
03_prompt_format,gemini-2.5-flash,Gemini-2.5,True,base,semantic_multi,block,5,20,CVQ,ordinal,20,1.0,,1.0,1.0,0.0495,50,,,,,,,raw,experiments_cloud/results/ucurve_proprietary_results.csv,upstream source_file: experiments_cloud/results/ucurve_proprietary/gemini-2.5-flash/ucurve_20260520_131034.json
03_prompt_format,gemini-2.5-flash,Gemini-2.5,True,base,semantic_multi,block,5,20,CVQ,semantic,last,1.0,,1.0,1.0,0.0495,50,,,,,,,raw,experiments_cloud/results/ucurve_proprietary_results.csv,upstream source_file: experiments_cloud/results/ucurve_proprietary/gemini-2.5-flash/ucurve_20260520_131034.json
03_prompt_format,gemini-2.5-flash,Gemini-2.5,True,base,semantic_multi,block,5,50,FVQ,ordinal,1,1.0,,1.0,1.0,0.0407,62,,,,,,,raw,experiments_cloud/results/ucurve_proprietary_results.csv,upstream source_file: experiments_cloud/results/ucurve_proprietary/gemini-2.5-flash/ucurve_20260520_131034.json
03_prompt_format,gemini-2.5-flash,Gemini-2.5,True,base,semantic_multi,block,5,50,IVQ,ordinal,2,1.0,,1.0,1.0,0.0407,62,,,,,,,raw,experiments_cloud/results/ucurve_proprietary_results.csv,upstream source_file: experiments_cloud/results/ucurve_proprietary/gemini-2.5-flash/ucurve_20260520_131034.json
03_prompt_format,gemini-2.5-flash,Gemini-2.5,True,base,semantic_multi,block,5,50,IVQ,ordinal,3,1.0,,1.0,1.0,0.0407,62,,,,,,,raw,experiments_cloud/results/ucurve_proprietary_results.csv,upstream source_file: experiments_cloud/results/ucurve_proprietary/gemini-2.5-flash/ucurve_20260520_131034.json
03_prompt_format,gemini-2.5-flash,Gemini-2.5,True,base,semantic_multi,block,5,50,IVQ,ordinal,4,1.0,,1.0,1.0,0.0407,62,,,,,,,raw,experiments_cloud/results/ucurve_proprietary_results.csv,upstream source_file: experiments_cloud/results/ucurve_proprietary/gemini-2.5-flash/ucurve_20260520_131034.json
03_prompt_format,gemini-2.5-flash,Gemini-2.5,True,base,semantic_multi,block,5,50,IVQ,ordinal,5,1.0,,1.0,1.0,0.0407,62,,,,,,,raw,experiments_cloud/results/ucurve_proprietary_results.csv,upstream source_file: experiments_cloud/results/ucurve_proprietary/gemini-2.5-flash/ucurve_20260520_131034.json
03_prompt_format,gemini-2.5-flash,Gemini-2.5,True,base,semantic_multi,block,5,50,IVQ,ordinal,6,1.0,,1.0,1.0,0.0407,62,,,,,,,raw,experiments_cloud/results/ucurve_proprietary_results.csv,upstream source_file: experiments_cloud/results/ucurve_proprietary/gemini-2.5-flash/ucurve_20260520_131034.json
03_prompt_format,gemini-2.5-flash,Gemini-2.5,True,base,semantic_multi,block,5,50,IVQ,ordinal,7,1.0,,1.0,1.0,0.0407,62,,,,,,,raw,experiments_cloud/results/ucurve_proprietary_results.csv,upstream source_file: experiments_cloud/results/ucurve_proprietary/gemini-2.5-flash/ucurve_20260520_131034.json
03_prompt_format,gemini-2.5-flash,Gemini-2.5,True,base,semantic_multi,block,5,50,IVQ,ordinal,8,1.0,,1.0,1.0,0.0407,62,,,,,,,raw,experiments_cloud/results/ucurve_proprietary_results.csv,upstream source_file: experiments_cloud/results/ucurve_proprietary/gemini-2.5-flash/ucurve_20260520_131034.json
03_prompt_format,gemini-2.5-flash,Gemini-2.5,True,base,semantic_multi,block,5,50,IVQ,ordinal,14,1.0,,1.0,1.0,0.0407,62,,,,,,,raw,experiments_cloud/results/ucurve_proprietary_results.csv,upstream source_file: experiments_cloud/results/ucurve_proprietary/gemini-2.5-flash/ucurve_20260520_131034.json
03_prompt_format,gemini-2.5-flash,Gemini-2.5,True,base,semantic_multi,block,5,50,IVQ,ordinal,20,1.0,,1.0,1.0,0.0407,62,,,,,,,raw,experiments_cloud/results/ucurve_proprietary_results.csv,upstream source_file: experiments_cloud/results/ucurve_proprietary/gemini-2.5-flash/ucurve_20260520_131034.json
03_prompt_format,gemini-2.5-flash,Gemini-2.5,True,base,semantic_multi,block,5,50,IVQ,ordinal,26,1.0,,1.0,1.0,0.0407,62,,,,,,,raw,experiments_cloud/results/ucurve_proprietary_results.csv,upstream source_file: experiments_cloud/results/ucurve_proprietary/gemini-2.5-flash/ucurve_20260520_131034.json
03_prompt_format,gemini-2.5-flash,Gemini-2.5,True,base,semantic_multi,block,5,50,IVQ,ordinal,31,1.0,,1.0,1.0,0.0407,62,,,,,,,raw,experiments_cloud/results/ucurve_proprietary_results.csv,upstream source_file: experiments_cloud/results/ucurve_proprietary/gemini-2.5-flash/ucurve_20260520_131034.json
03_prompt_format,gemini-2.5-flash,Gemini-2.5,True,base,semantic_multi,block,5,50,IVQ,ordinal,37,1.0,,1.0,1.0,0.0407,62,,,,,,,raw,experiments_cloud/results/ucurve_proprietary_results.csv,upstream source_file: experiments_cloud/results/ucurve_proprietary/gemini-2.5-flash/ucurve_20260520_131034.json
03_prompt_format,gemini-2.5-flash,Gemini-2.5,True,base,semantic_multi,block,5,50,IVQ,ordinal,43,0.9839,,0.9516,1.0,0.0497,62,,,,,,,raw,experiments_cloud/results/ucurve_proprietary_results.csv,upstream source_file: experiments_cloud/results/ucurve_proprietary/gemini-2.5-flash/ucurve_20260520_131034.json
03_prompt_format,gemini-2.5-flash,Gemini-2.5,True,base,semantic_multi,block,5,50,IVQ,ordinal,49,1.0,,1.0,1.0,0.0407,62,,,,,,,raw,experiments_cloud/results/ucurve_proprietary_results.csv,upstream source_file: experiments_cloud/results/ucurve_proprietary/gemini-2.5-flash/ucurve_20260520_131034.json
03_prompt_format,gemini-2.5-flash,Gemini-2.5,True,base,semantic_multi,block,5,50,CVQ,ordinal,50,1.0,,1.0,1.0,0.0407,62,,,,,,,raw,experiments_cloud/results/ucurve_proprietary_results.csv,upstream source_file: experiments_cloud/results/ucurve_proprietary/gemini-2.5-flash/ucurve_20260520_131034.json
03_prompt_format,gemini-2.5-flash,Gemini-2.5,True,base,semantic_multi,block,5,50,CVQ,semantic,last,1.0,,1.0,1.0,0.0407,62,,,,,,,raw,experiments_cloud/results/ucurve_proprietary_results.csv,upstream source_file: experiments_cloud/results/ucurve_proprietary/gemini-2.5-flash/ucurve_20260520_131034.json
03_prompt_format,gemini-2.5-flash,Gemini-2.5,True,base,semantic_multi,block,10,10,FVQ,ordinal,1,1.0,,1.0,1.0,0.0407,62,,,,,,,raw,experiments_cloud/results/ucurve_proprietary_results.csv,upstream source_file: experiments_cloud/results/ucurve_proprietary/gemini-2.5-flash/ucurve_20260520_131034.json
03_prompt_format,gemini-2.5-flash,Gemini-2.5,True,base,semantic_multi,block,10,10,IVQ,ordinal,2,1.0,,1.0,1.0,0.0407,62,,,,,,,raw,experiments_cloud/results/ucurve_proprietary_results.csv,upstream source_file: experiments_cloud/results/ucurve_proprietary/gemini-2.5-flash/ucurve_20260520_131034.json
03_prompt_format,gemini-2.5-flash,Gemini-2.5,True,base,semantic_multi,block,10,10,IVQ,ordinal,3,1.0,,1.0,1.0,0.0407,62,,,,,,,raw,experiments_cloud/results/ucurve_proprietary_results.csv,upstream source_file: experiments_cloud/results/ucurve_proprietary/gemini-2.5-flash/ucurve_20260520_131034.json
03_prompt_format,gemini-2.5-flash,Gemini-2.5,True,base,semantic_multi,block,10,10,IVQ,ordinal,4,1.0,,1.0,1.0,0.0407,62,,,,,,,raw,experiments_cloud/results/ucurve_proprietary_results.csv,upstream source_file: experiments_cloud/results/ucurve_proprietary/gemini-2.5-flash/ucurve_20260520_131034.json
03_prompt_format,gemini-2.5-flash,Gemini-2.5,True,base,semantic_multi,block,10,10,IVQ,ordinal,5,1.0,,1.0,1.0,0.0407,62,,,,,,,raw,experiments_cloud/results/ucurve_proprietary_results.csv,upstream source_file: experiments_cloud/results/ucurve_proprietary/gemini-2.5-flash/ucurve_20260520_131034.json
03_prompt_format,gemini-2.5-flash,Gemini-2.5,True,base,semantic_multi,block,10,10,IVQ,ordinal,6,1.0,,1.0,1.0,0.0407,62,,,,,,,raw,experiments_cloud/results/ucurve_proprietary_results.csv,upstream source_file: experiments_cloud/results/ucurve_proprietary/gemini-2.5-flash/ucurve_20260520_131034.json
03_prompt_format,gemini-2.5-flash,Gemini-2.5,True,base,semantic_multi,block,10,10,IVQ,ordinal,7,1.0,,1.0,1.0,0.0407,62,,,,,,,raw,experiments_cloud/results/ucurve_proprietary_results.csv,upstream source_file: experiments_cloud/results/ucurve_proprietary/gemini-2.5-flash/ucurve_20260520_131034.json
03_prompt_format,gemini-2.5-flash,Gemini-2.5,True,base,semantic_multi,block,10,10,IVQ,ordinal,8,1.0,,1.0,1.0,0.0407,62,,,,,,,raw,experiments_cloud/results/ucurve_proprietary_results.csv,upstream source_file: experiments_cloud/results/ucurve_proprietary/gemini-2.5-flash/ucurve_20260520_131034.json
03_prompt_format,gemini-2.5-flash,Gemini-2.5,True,base,semantic_multi,block,10,10,IVQ,ordinal,9,1.0,,1.0,1.0,0.0407,62,,,,,,,raw,experiments_cloud/results/ucurve_proprietary_results.csv,upstream source_file: experiments_cloud/results/ucurve_proprietary/gemini-2.5-flash/ucurve_20260520_131034.json
03_prompt_format,gemini-2.5-flash,Gemini-2.5,True,base,semantic_multi,block,10,10,CVQ,ordinal,10,0.9839,,0.9516,1.0,0.0497,62,,,,,,,raw,experiments_cloud/results/ucurve_proprietary_results.csv,upstream source_file: experiments_cloud/results/ucurve_proprietary/gemini-2.5-flash/ucurve_20260520_131034.json
03_prompt_format,gemini-2.5-flash,Gemini-2.5,True,base,semantic_multi,block,10,10,CVQ,semantic,last,1.0,,1.0,1.0,0.0407,62,,,,,,,raw,experiments_cloud/results/ucurve_proprietary_results.csv,upstream source_file: experiments_cloud/results/ucurve_proprietary/gemini-2.5-flash/ucurve_20260520_131034.json
03_prompt_format,gemini-2.5-flash,Gemini-2.5,True,base,semantic_multi,block,10,20,FVQ,ordinal,1,0.9515,,0.9029,0.9903,0.0467,103,,,,,,,raw,experiments_cloud/results/ucurve_proprietary_results.csv,upstream source_file: experiments_cloud/results/ucurve_proprietary/gemini-2.5-flash/ucurve_20260520_131034.json
03_prompt_format,gemini-2.5-flash,Gemini-2.5,True,base,semantic_multi,block,10,20,IVQ,ordinal,2,0.9515,,0.9029,0.9903,0.0467,103,,,,,,,raw,experiments_cloud/results/ucurve_proprietary_results.csv,upstream source_file: experiments_cloud/results/ucurve_proprietary/gemini-2.5-flash/ucurve_20260520_131034.json
03_prompt_format,gemini-2.5-flash,Gemini-2.5,True,base,semantic_multi,block,10,20,IVQ,ordinal,3,0.9515,,0.9029,0.9903,0.0467,103,,,,,,,raw,experiments_cloud/results/ucurve_proprietary_results.csv,upstream source_file: experiments_cloud/results/ucurve_proprietary/gemini-2.5-flash/ucurve_20260520_131034.json
03_prompt_format,gemini-2.5-flash,Gemini-2.5,True,base,semantic_multi,block,10,20,IVQ,ordinal,4,0.9515,,0.9029,0.9903,0.0467,103,,,,,,,raw,experiments_cloud/results/ucurve_proprietary_results.csv,upstream source_file: experiments_cloud/results/ucurve_proprietary/gemini-2.5-flash/ucurve_20260520_131034.json
03_prompt_format,gemini-2.5-flash,Gemini-2.5,True,base,semantic_multi,block,10,20,IVQ,ordinal,5,0.9515,,0.9029,0.9903,0.0467,103,,,,,,,raw,experiments_cloud/results/ucurve_proprietary_results.csv,upstream source_file: experiments_cloud/results/ucurve_proprietary/gemini-2.5-flash/ucurve_20260520_131034.json
03_prompt_format,gemini-2.5-flash,Gemini-2.5,True,base,semantic_multi,block,10,20,IVQ,ordinal,6,0.9515,,0.9029,0.9903,0.0467,103,,,,,,,raw,experiments_cloud/results/ucurve_proprietary_results.csv,upstream source_file: experiments_cloud/results/ucurve_proprietary/gemini-2.5-flash/ucurve_20260520_131034.json
03_prompt_format,gemini-2.5-flash,Gemini-2.5,True,base,semantic_multi,block,10,20,IVQ,ordinal,7,0.9515,,0.9029,0.9903,0.0467,103,,,,,,,raw,experiments_cloud/results/ucurve_proprietary_results.csv,upstream source_file: experiments_cloud/results/ucurve_proprietary/gemini-2.5-flash/ucurve_20260520_131034.json
03_prompt_format,gemini-2.5-flash,Gemini-2.5,True,base,semantic_multi,block,10,20,IVQ,ordinal,8,0.9515,,0.9029,0.9903,0.0467,103,,,,,,,raw,experiments_cloud/results/ucurve_proprietary_results.csv,upstream source_file: experiments_cloud/results/ucurve_proprietary/gemini-2.5-flash/ucurve_20260520_131034.json
03_prompt_format,gemini-2.5-flash,Gemini-2.5,True,base,semantic_multi,block,10,20,IVQ,ordinal,10,0.9515,,0.9029,0.9903,0.0467,103,,,,,,,raw,experiments_cloud/results/ucurve_proprietary_results.csv,upstream source_file: experiments_cloud/results/ucurve_proprietary/gemini-2.5-flash/ucurve_20260520_131034.json
03_prompt_format,gemini-2.5-flash,Gemini-2.5,True,base,semantic_multi,block,10,20,IVQ,ordinal,11,0.9515,,0.9029,0.9903,0.0467,103,,,,,,,raw,experiments_cloud/results/ucurve_proprietary_results.csv,upstream source_file: experiments_cloud/results/ucurve_proprietary/gemini-2.5-flash/ucurve_20260520_131034.json
03_prompt_format,gemini-2.5-flash,Gemini-2.5,True,base,semantic_multi,block,10,20,IVQ,ordinal,13,0.9515,,0.9029,0.9903,0.0467,103,,,,,,,raw,experiments_cloud/results/ucurve_proprietary_results.csv,upstream source_file: experiments_cloud/results/ucurve_proprietary/gemini-2.5-flash/ucurve_20260520_131034.json
03_prompt_format,gemini-2.5-flash,Gemini-2.5,True,base,semantic_multi,block,10,20,IVQ,ordinal,14,0.9612,,0.9223,0.9903,0.0434,103,,,,,,,raw,experiments_cloud/results/ucurve_proprietary_results.csv,upstream source_file: experiments_cloud/results/ucurve_proprietary/gemini-2.5-flash/ucurve_20260520_131034.json
03_prompt_format,gemini-2.5-flash,Gemini-2.5,True,base,semantic_multi,block,10,20,IVQ,ordinal,16,0.9515,,0.9029,0.9903,0.0467,103,,,,,,,raw,experiments_cloud/results/ucurve_proprietary_results.csv,upstream source_file: experiments_cloud/results/ucurve_proprietary/gemini-2.5-flash/ucurve_20260520_131034.json
03_prompt_format,gemini-2.5-flash,Gemini-2.5,True,base,semantic_multi,block,10,20,IVQ,ordinal,17,0.9515,,0.9029,0.9903,0.0467,103,,,,,,,raw,experiments_cloud/results/ucurve_proprietary_results.csv,upstream source_file: experiments_cloud/results/ucurve_proprietary/gemini-2.5-flash/ucurve_20260520_131034.json
03_prompt_format,gemini-2.5-flash,Gemini-2.5,True,base,semantic_multi,block,10,20,IVQ,ordinal,19,0.9515,,0.9029,0.9903,0.0467,103,,,,,,,raw,experiments_cloud/results/ucurve_proprietary_results.csv,upstream source_file: experiments_cloud/results/ucurve_proprietary/gemini-2.5-flash/ucurve_20260520_131034.json
03_prompt_format,gemini-2.5-flash,Gemini-2.5,True,base,semantic_multi,block,10,20,CVQ,ordinal,20,0.9417,,0.8932,0.9806,0.0497,103,,,,,,,raw,experiments_cloud/results/ucurve_proprietary_results.csv,upstream source_file: experiments_cloud/results/ucurve_proprietary/gemini-2.5-flash/ucurve_20260520_131034.json
03_prompt_format,gemini-2.5-flash,Gemini-2.5,True,base,semantic_multi,block,10,20,CVQ,semantic,last,0.9515,,0.9029,0.9903,0.0467,103,,,,,,,raw,experiments_cloud/results/ucurve_proprietary_results.csv,upstream source_file: experiments_cloud/results/ucurve_proprietary/gemini-2.5-flash/ucurve_20260520_131034.json
03_prompt_format,gemini-2.5-flash,Gemini-2.5,True,base,semantic_multi,block,10,50,FVQ,ordinal,1,1.0,,1.0,1.0,0.0354,72,,,,,,,raw,experiments_cloud/results/ucurve_proprietary_results.csv,upstream source_file: experiments_cloud/results/ucurve_proprietary/gemini-2.5-flash/ucurve_20260520_131034.json
03_prompt_format,gemini-2.5-flash,Gemini-2.5,True,base,semantic_multi,block,10,50,IVQ,ordinal,2,1.0,,1.0,1.0,0.0354,72,,,,,,,raw,experiments_cloud/results/ucurve_proprietary_results.csv,upstream source_file: experiments_cloud/results/ucurve_proprietary/gemini-2.5-flash/ucurve_20260520_131034.json
03_prompt_format,gemini-2.5-flash,Gemini-2.5,True,base,semantic_multi,block,10,50,IVQ,ordinal,3,1.0,,1.0,1.0,0.0354,72,,,,,,,raw,experiments_cloud/results/ucurve_proprietary_results.csv,upstream source_file: experiments_cloud/results/ucurve_proprietary/gemini-2.5-flash/ucurve_20260520_131034.json
03_prompt_format,gemini-2.5-flash,Gemini-2.5,True,base,semantic_multi,block,10,50,IVQ,ordinal,4,1.0,,1.0,1.0,0.0354,72,,,,,,,raw,experiments_cloud/results/ucurve_proprietary_results.csv,upstream source_file: experiments_cloud/results/ucurve_proprietary/gemini-2.5-flash/ucurve_20260520_131034.json
03_prompt_format,gemini-2.5-flash,Gemini-2.5,True,base,semantic_multi,block,10,50,IVQ,ordinal,5,1.0,,1.0,1.0,0.0354,72,,,,,,,raw,experiments_cloud/results/ucurve_proprietary_results.csv,upstream source_file: experiments_cloud/results/ucurve_proprietary/gemini-2.5-flash/ucurve_20260520_131034.json
03_prompt_format,gemini-2.5-flash,Gemini-2.5,True,base,semantic_multi,block,10,50,IVQ,ordinal,6,1.0,,1.0,1.0,0.0354,72,,,,,,,raw,experiments_cloud/results/ucurve_proprietary_results.csv,upstream source_file: experiments_cloud/results/ucurve_proprietary/gemini-2.5-flash/ucurve_20260520_131034.json
03_prompt_format,gemini-2.5-flash,Gemini-2.5,True,base,semantic_multi,block,10,50,IVQ,ordinal,7,1.0,,1.0,1.0,0.0354,72,,,,,,,raw,experiments_cloud/results/ucurve_proprietary_results.csv,upstream source_file: experiments_cloud/results/ucurve_proprietary/gemini-2.5-flash/ucurve_20260520_131034.json
03_prompt_format,gemini-2.5-flash,Gemini-2.5,True,base,semantic_multi,block,10,50,IVQ,ordinal,8,1.0,,1.0,1.0,0.0354,72,,,,,,,raw,experiments_cloud/results/ucurve_proprietary_results.csv,upstream source_file: experiments_cloud/results/ucurve_proprietary/gemini-2.5-flash/ucurve_20260520_131034.json
03_prompt_format,gemini-2.5-flash,Gemini-2.5,True,base,semantic_multi,block,10,50,IVQ,ordinal,14,1.0,,1.0,1.0,0.0354,72,,,,,,,raw,experiments_cloud/results/ucurve_proprietary_results.csv,upstream source_file: experiments_cloud/results/ucurve_proprietary/gemini-2.5-flash/ucurve_20260520_131034.json
03_prompt_format,gemini-2.5-flash,Gemini-2.5,True,base,semantic_multi,block,10,50,IVQ,ordinal,20,0.9861,,0.9583,1.0,0.0433,72,,,,,,,raw,experiments_cloud/results/ucurve_proprietary_results.csv,upstream source_file: experiments_cloud/results/ucurve_proprietary/gemini-2.5-flash/ucurve_20260520_131034.json
03_prompt_format,gemini-2.5-flash,Gemini-2.5,True,base,semantic_multi,block,10,50,IVQ,ordinal,26,0.9722,,0.9306,1.0,0.0498,72,,,,,,,raw,experiments_cloud/results/ucurve_proprietary_results.csv,upstream source_file: experiments_cloud/results/ucurve_proprietary/gemini-2.5-flash/ucurve_20260520_131034.json
03_prompt_format,gemini-2.5-flash,Gemini-2.5,True,base,semantic_multi,block,10,50,IVQ,ordinal,31,1.0,,1.0,1.0,0.0354,72,,,,,,,raw,experiments_cloud/results/ucurve_proprietary_results.csv,upstream source_file: experiments_cloud/results/ucurve_proprietary/gemini-2.5-flash/ucurve_20260520_131034.json
03_prompt_format,gemini-2.5-flash,Gemini-2.5,True,base,semantic_multi,block,10,50,IVQ,ordinal,37,1.0,,1.0,1.0,0.0354,72,,,,,,,raw,experiments_cloud/results/ucurve_proprietary_results.csv,upstream source_file: experiments_cloud/results/ucurve_proprietary/gemini-2.5-flash/ucurve_20260520_131034.json
03_prompt_format,gemini-2.5-flash,Gemini-2.5,True,base,semantic_multi,block,10,50,IVQ,ordinal,43,1.0,,1.0,1.0,0.0354,72,,,,,,,raw,experiments_cloud/results/ucurve_proprietary_results.csv,upstream source_file: experiments_cloud/results/ucurve_proprietary/gemini-2.5-flash/ucurve_20260520_131034.json
03_prompt_format,gemini-2.5-flash,Gemini-2.5,True,base,semantic_multi,block,10,50,IVQ,ordinal,49,1.0,,1.0,1.0,0.0354,72,,,,,,,raw,experiments_cloud/results/ucurve_proprietary_results.csv,upstream source_file: experiments_cloud/results/ucurve_proprietary/gemini-2.5-flash/ucurve_20260520_131034.json
03_prompt_format,gemini-2.5-flash,Gemini-2.5,True,base,semantic_multi,block,10,50,CVQ,ordinal,50,1.0,,1.0,1.0,0.0354,72,,,,,,,raw,experiments_cloud/results/ucurve_proprietary_results.csv,upstream source_file: experiments_cloud/results/ucurve_proprietary/gemini-2.5-flash/ucurve_20260520_131034.json
03_prompt_format,gemini-2.5-flash,Gemini-2.5,True,base,semantic_multi,block,10,50,CVQ,semantic,last,1.0,,1.0,1.0,0.0354,72,,,,,,,raw,experiments_cloud/results/ucurve_proprietary_results.csv,upstream source_file: experiments_cloud/results/ucurve_proprietary/gemini-2.5-flash/ucurve_20260520_131034.json
03_prompt_format,gemini-2.5-flash,Gemini-2.5,True,base,semantic_multi,flat_nolabel,5,10,FVQ,ordinal,1,1.0,,1.0,1.0,0.0495,50,,,,,,,raw,experiments_cloud/results/ucurve_proprietary_results.csv,upstream source_file: experiments_cloud/results/ucurve_proprietary/gemini-2.5-flash/ucurve_20260520_131034.json
03_prompt_format,gemini-2.5-flash,Gemini-2.5,True,base,semantic_multi,flat_nolabel,5,10,IVQ,ordinal,2,1.0,,1.0,1.0,0.0495,50,,,,,,,raw,experiments_cloud/results/ucurve_proprietary_results.csv,upstream source_file: experiments_cloud/results/ucurve_proprietary/gemini-2.5-flash/ucurve_20260520_131034.json
03_prompt_format,gemini-2.5-flash,Gemini-2.5,True,base,semantic_multi,flat_nolabel,5,10,IVQ,ordinal,3,1.0,,1.0,1.0,0.0495,50,,,,,,,raw,experiments_cloud/results/ucurve_proprietary_results.csv,upstream source_file: experiments_cloud/results/ucurve_proprietary/gemini-2.5-flash/ucurve_20260520_131034.json
03_prompt_format,gemini-2.5-flash,Gemini-2.5,True,base,semantic_multi,flat_nolabel,5,10,IVQ,ordinal,4,1.0,,1.0,1.0,0.0495,50,,,,,,,raw,experiments_cloud/results/ucurve_proprietary_results.csv,upstream source_file: experiments_cloud/results/ucurve_proprietary/gemini-2.5-flash/ucurve_20260520_131034.json
03_prompt_format,gemini-2.5-flash,Gemini-2.5,True,base,semantic_multi,flat_nolabel,5,10,IVQ,ordinal,5,1.0,,1.0,1.0,0.0495,50,,,,,,,raw,experiments_cloud/results/ucurve_proprietary_results.csv,upstream source_file: experiments_cloud/results/ucurve_proprietary/gemini-2.5-flash/ucurve_20260520_131034.json
03_prompt_format,gemini-2.5-flash,Gemini-2.5,True,base,semantic_multi,flat_nolabel,5,10,IVQ,ordinal,6,1.0,,1.0,1.0,0.0495,50,,,,,,,raw,experiments_cloud/results/ucurve_proprietary_results.csv,upstream source_file: experiments_cloud/results/ucurve_proprietary/gemini-2.5-flash/ucurve_20260520_131034.json
03_prompt_format,gemini-2.5-flash,Gemini-2.5,True,base,semantic_multi,flat_nolabel,5,10,IVQ,ordinal,7,1.0,,1.0,1.0,0.0495,50,,,,,,,raw,experiments_cloud/results/ucurve_proprietary_results.csv,upstream source_file: experiments_cloud/results/ucurve_proprietary/gemini-2.5-flash/ucurve_20260520_131034.json
03_prompt_format,gemini-2.5-flash,Gemini-2.5,True,base,semantic_multi,flat_nolabel,5,10,IVQ,ordinal,8,1.0,,1.0,1.0,0.0495,50,,,,,,,raw,experiments_cloud/results/ucurve_proprietary_results.csv,upstream source_file: experiments_cloud/results/ucurve_proprietary/gemini-2.5-flash/ucurve_20260520_131034.json
03_prompt_format,gemini-2.5-flash,Gemini-2.5,True,base,semantic_multi,flat_nolabel,5,10,IVQ,ordinal,9,1.0,,1.0,1.0,0.0495,50,,,,,,,raw,experiments_cloud/results/ucurve_proprietary_results.csv,upstream source_file: experiments_cloud/results/ucurve_proprietary/gemini-2.5-flash/ucurve_20260520_131034.json
03_prompt_format,gemini-2.5-flash,Gemini-2.5,True,base,semantic_multi,flat_nolabel,5,10,CVQ,ordinal,10,1.0,,1.0,1.0,0.0495,50,,,,,,,raw,experiments_cloud/results/ucurve_proprietary_results.csv,upstream source_file: experiments_cloud/results/ucurve_proprietary/gemini-2.5-flash/ucurve_20260520_131034.json
03_prompt_format,gemini-2.5-flash,Gemini-2.5,True,base,semantic_multi,flat_nolabel,5,10,CVQ,semantic,last,1.0,,1.0,1.0,0.0495,50,,,,,,,raw,experiments_cloud/results/ucurve_proprietary_results.csv,upstream source_file: experiments_cloud/results/ucurve_proprietary/gemini-2.5-flash/ucurve_20260520_131034.json
03_prompt_format,gemini-2.5-flash,Gemini-2.5,True,base,semantic_multi,flat_nolabel,5,20,FVQ,ordinal,1,1.0,,1.0,1.0,0.0133,200,,,,,,,raw,experiments_cloud/results/ucurve_proprietary_results.csv,upstream source_file: experiments_cloud/results/ucurve_proprietary/gemini-2.5-flash/ucurve_20260520_131034.json
03_prompt_format,gemini-2.5-flash,Gemini-2.5,True,base,semantic_multi,flat_nolabel,5,20,IVQ,ordinal,2,1.0,,1.0,1.0,0.0133,200,,,,,,,raw,experiments_cloud/results/ucurve_proprietary_results.csv,upstream source_file: experiments_cloud/results/ucurve_proprietary/gemini-2.5-flash/ucurve_20260520_131034.json
03_prompt_format,gemini-2.5-flash,Gemini-2.5,True,base,semantic_multi,flat_nolabel,5,20,IVQ,ordinal,3,1.0,,1.0,1.0,0.0133,200,,,,,,,raw,experiments_cloud/results/ucurve_proprietary_results.csv,upstream source_file: experiments_cloud/results/ucurve_proprietary/gemini-2.5-flash/ucurve_20260520_131034.json
03_prompt_format,gemini-2.5-flash,Gemini-2.5,True,base,semantic_multi,flat_nolabel,5,20,IVQ,ordinal,4,0.99,,0.975,1.0,0.0189,200,,,,,,,raw,experiments_cloud/results/ucurve_proprietary_results.csv,upstream source_file: experiments_cloud/results/ucurve_proprietary/gemini-2.5-flash/ucurve_20260520_131034.json
03_prompt_format,gemini-2.5-flash,Gemini-2.5,True,base,semantic_multi,flat_nolabel,5,20,IVQ,ordinal,5,0.995,,0.985,1.0,0.0163,200,,,,,,,raw,experiments_cloud/results/ucurve_proprietary_results.csv,upstream source_file: experiments_cloud/results/ucurve_proprietary/gemini-2.5-flash/ucurve_20260520_131034.json
03_prompt_format,gemini-2.5-flash,Gemini-2.5,True,base,semantic_multi,flat_nolabel,5,20,IVQ,ordinal,6,1.0,,1.0,1.0,0.0133,200,,,,,,,raw,experiments_cloud/results/ucurve_proprietary_results.csv,upstream source_file: experiments_cloud/results/ucurve_proprietary/gemini-2.5-flash/ucurve_20260520_131034.json
03_prompt_format,gemini-2.5-flash,Gemini-2.5,True,base,semantic_multi,flat_nolabel,5,20,IVQ,ordinal,7,0.99,,0.975,1.0,0.0189,200,,,,,,,raw,experiments_cloud/results/ucurve_proprietary_results.csv,upstream source_file: experiments_cloud/results/ucurve_proprietary/gemini-2.5-flash/ucurve_20260520_131034.json
03_prompt_format,gemini-2.5-flash,Gemini-2.5,True,base,semantic_multi,flat_nolabel,5,20,IVQ,ordinal,8,0.995,,0.985,1.0,0.0163,200,,,,,,,raw,experiments_cloud/results/ucurve_proprietary_results.csv,upstream source_file: experiments_cloud/results/ucurve_proprietary/gemini-2.5-flash/ucurve_20260520_131034.json
03_prompt_format,gemini-2.5-flash,Gemini-2.5,True,base,semantic_multi,flat_nolabel,5,20,IVQ,ordinal,10,0.98,,0.96,0.995,0.0231,200,,,,,,,raw,experiments_cloud/results/ucurve_proprietary_results.csv,upstream source_file: experiments_cloud/results/ucurve_proprietary/gemini-2.5-flash/ucurve_20260520_131034.json
03_prompt_format,gemini-2.5-flash,Gemini-2.5,True,base,semantic_multi,flat_nolabel,5,20,IVQ,ordinal,11,0.985,,0.965,1.0,0.0211,200,,,,,,,raw,experiments_cloud/results/ucurve_proprietary_results.csv,upstream source_file: experiments_cloud/results/ucurve_proprietary/gemini-2.5-flash/ucurve_20260520_131034.json
03_prompt_format,gemini-2.5-flash,Gemini-2.5,True,base,semantic_multi,flat_nolabel,5,20,IVQ,ordinal,13,0.975,,0.95,0.995,0.0249,200,,,,,,,raw,experiments_cloud/results/ucurve_proprietary_results.csv,upstream source_file: experiments_cloud/results/ucurve_proprietary/gemini-2.5-flash/ucurve_20260520_131034.json
03_prompt_format,gemini-2.5-flash,Gemini-2.5,True,base,semantic_multi,flat_nolabel,5,20,IVQ,ordinal,14,0.97,,0.945,0.99,0.0265,200,,,,,,,raw,experiments_cloud/results/ucurve_proprietary_results.csv,upstream source_file: experiments_cloud/results/ucurve_proprietary/gemini-2.5-flash/ucurve_20260520_131034.json
03_prompt_format,gemini-2.5-flash,Gemini-2.5,True,base,semantic_multi,flat_nolabel,5,20,IVQ,ordinal,16,0.99,,0.975,1.0,0.0189,200,,,,,,,raw,experiments_cloud/results/ucurve_proprietary_results.csv,upstream source_file: experiments_cloud/results/ucurve_proprietary/gemini-2.5-flash/ucurve_20260520_131034.json
03_prompt_format,gemini-2.5-flash,Gemini-2.5,True,base,semantic_multi,flat_nolabel,5,20,IVQ,ordinal,17,0.975,,0.95,0.995,0.0249,200,,,,,,,raw,experiments_cloud/results/ucurve_proprietary_results.csv,upstream source_file: experiments_cloud/results/ucurve_proprietary/gemini-2.5-flash/ucurve_20260520_131034.json
03_prompt_format,gemini-2.5-flash,Gemini-2.5,True,base,semantic_multi,flat_nolabel,5,20,IVQ,ordinal,19,0.995,,0.985,1.0,0.0163,200,,,,,,,raw,experiments_cloud/results/ucurve_proprietary_results.csv,upstream source_file: experiments_cloud/results/ucurve_proprietary/gemini-2.5-flash/ucurve_20260520_131034.json
03_prompt_format,gemini-2.5-flash,Gemini-2.5,True,base,semantic_multi,flat_nolabel,5,20,CVQ,ordinal,20,1.0,,1.0,1.0,0.0133,200,,,,,,,raw,experiments_cloud/results/ucurve_proprietary_results.csv,upstream source_file: experiments_cloud/results/ucurve_proprietary/gemini-2.5-flash/ucurve_20260520_131034.json
03_prompt_format,gemini-2.5-flash,Gemini-2.5,True,base,semantic_multi,flat_nolabel,5,20,CVQ,semantic,last,0.77,,0.71,0.825,0.0582,200,,,,,,,raw,experiments_cloud/results/ucurve_proprietary_results.csv,upstream source_file: experiments_cloud/results/ucurve_proprietary/gemini-2.5-flash/ucurve_20260520_131034.json
03_prompt_format,gemini-2.5-flash,Gemini-2.5,True,base,semantic_multi,flat_nolabel,5,50,FVQ,ordinal,1,1.0,,1.0,1.0,0.0133,200,,,,,,,raw,experiments_cloud/results/ucurve_proprietary_results.csv,upstream source_file: experiments_cloud/results/ucurve_proprietary/gemini-2.5-flash/ucurve_20260520_131034.json
03_prompt_format,gemini-2.5-flash,Gemini-2.5,True,base,semantic_multi,flat_nolabel,5,50,IVQ,ordinal,2,1.0,,1.0,1.0,0.0133,200,,,,,,,raw,experiments_cloud/results/ucurve_proprietary_results.csv,upstream source_file: experiments_cloud/results/ucurve_proprietary/gemini-2.5-flash/ucurve_20260520_131034.json
03_prompt_format,gemini-2.5-flash,Gemini-2.5,True,base,semantic_multi,flat_nolabel,5,50,IVQ,ordinal,3,1.0,,1.0,1.0,0.0133,200,,,,,,,raw,experiments_cloud/results/ucurve_proprietary_results.csv,upstream source_file: experiments_cloud/results/ucurve_proprietary/gemini-2.5-flash/ucurve_20260520_131034.json
03_prompt_format,gemini-2.5-flash,Gemini-2.5,True,base,semantic_multi,flat_nolabel,5,50,IVQ,ordinal,4,0.99,,0.975,1.0,0.0189,200,,,,,,,raw,experiments_cloud/results/ucurve_proprietary_results.csv,upstream source_file: experiments_cloud/results/ucurve_proprietary/gemini-2.5-flash/ucurve_20260520_131034.json
03_prompt_format,gemini-2.5-flash,Gemini-2.5,True,base,semantic_multi,flat_nolabel,5,50,IVQ,ordinal,5,0.995,,0.985,1.0,0.0163,200,,,,,,,raw,experiments_cloud/results/ucurve_proprietary_results.csv,upstream source_file: experiments_cloud/results/ucurve_proprietary/gemini-2.5-flash/ucurve_20260520_131034.json
03_prompt_format,gemini-2.5-flash,Gemini-2.5,True,base,semantic_multi,flat_nolabel,5,50,IVQ,ordinal,6,0.985,,0.965,1.0,0.0211,200,,,,,,,raw,experiments_cloud/results/ucurve_proprietary_results.csv,upstream source_file: experiments_cloud/results/ucurve_proprietary/gemini-2.5-flash/ucurve_20260520_131034.json
03_prompt_format,gemini-2.5-flash,Gemini-2.5,True,base,semantic_multi,flat_nolabel,5,50,IVQ,ordinal,7,0.975,,0.95,0.995,0.0249,200,,,,,,,raw,experiments_cloud/results/ucurve_proprietary_results.csv,upstream source_file: experiments_cloud/results/ucurve_proprietary/gemini-2.5-flash/ucurve_20260520_131034.json
03_prompt_format,gemini-2.5-flash,Gemini-2.5,True,base,semantic_multi,flat_nolabel,5,50,IVQ,ordinal,8,0.98,,0.96,0.995,0.0231,200,,,,,,,raw,experiments_cloud/results/ucurve_proprietary_results.csv,upstream source_file: experiments_cloud/results/ucurve_proprietary/gemini-2.5-flash/ucurve_20260520_131034.json
03_prompt_format,gemini-2.5-flash,Gemini-2.5,True,base,semantic_multi,flat_nolabel,5,50,IVQ,ordinal,14,0.935,,0.9,0.965,0.0358,200,,,,,,,raw,experiments_cloud/results/ucurve_proprietary_results.csv,upstream source_file: experiments_cloud/results/ucurve_proprietary/gemini-2.5-flash/ucurve_20260520_131034.json
03_prompt_format,gemini-2.5-flash,Gemini-2.5,True,base,semantic_multi,flat_nolabel,5,50,IVQ,ordinal,20,0.94,,0.905,0.97,0.0346,200,,,,,,,raw,experiments_cloud/results/ucurve_proprietary_results.csv,upstream source_file: experiments_cloud/results/ucurve_proprietary/gemini-2.5-flash/ucurve_20260520_131034.json
03_prompt_format,gemini-2.5-flash,Gemini-2.5,True,base,semantic_multi,flat_nolabel,5,50,IVQ,ordinal,26,0.925,,0.89,0.96,0.0379,200,,,,,,,raw,experiments_cloud/results/ucurve_proprietary_results.csv,upstream source_file: experiments_cloud/results/ucurve_proprietary/gemini-2.5-flash/ucurve_20260520_131034.json
03_prompt_format,gemini-2.5-flash,Gemini-2.5,True,base,semantic_multi,flat_nolabel,5,50,IVQ,ordinal,31,0.93,,0.895,0.965,0.0368,200,,,,,,,raw,experiments_cloud/results/ucurve_proprietary_results.csv,upstream source_file: experiments_cloud/results/ucurve_proprietary/gemini-2.5-flash/ucurve_20260520_131034.json
03_prompt_format,gemini-2.5-flash,Gemini-2.5,True,base,semantic_multi,flat_nolabel,5,50,IVQ,ordinal,37,0.885,,0.835,0.93,0.045,200,,,,,,,raw,experiments_cloud/results/ucurve_proprietary_results.csv,upstream source_file: experiments_cloud/results/ucurve_proprietary/gemini-2.5-flash/ucurve_20260520_131034.json
03_prompt_format,gemini-2.5-flash,Gemini-2.5,True,base,semantic_multi,flat_nolabel,5,50,IVQ,ordinal,43,0.885,,0.84,0.925,0.045,200,,,,,,,raw,experiments_cloud/results/ucurve_proprietary_results.csv,upstream source_file: experiments_cloud/results/ucurve_proprietary/gemini-2.5-flash/ucurve_20260520_131034.json
03_prompt_format,gemini-2.5-flash,Gemini-2.5,True,base,semantic_multi,flat_nolabel,5,50,IVQ,ordinal,49,0.875,,0.83,0.92,0.0465,200,,,,,,,raw,experiments_cloud/results/ucurve_proprietary_results.csv,upstream source_file: experiments_cloud/results/ucurve_proprietary/gemini-2.5-flash/ucurve_20260520_131034.json
03_prompt_format,gemini-2.5-flash,Gemini-2.5,True,base,semantic_multi,flat_nolabel,5,50,CVQ,ordinal,50,0.86,,0.81,0.905,0.0486,200,,,,,,,raw,experiments_cloud/results/ucurve_proprietary_results.csv,upstream source_file: experiments_cloud/results/ucurve_proprietary/gemini-2.5-flash/ucurve_20260520_131034.json
03_prompt_format,gemini-2.5-flash,Gemini-2.5,True,base,semantic_multi,flat_nolabel,5,50,CVQ,semantic,last,0.775,,0.72,0.835,0.0578,200,,,,,,,raw,experiments_cloud/results/ucurve_proprietary_results.csv,upstream source_file: experiments_cloud/results/ucurve_proprietary/gemini-2.5-flash/ucurve_20260520_131034.json
03_prompt_format,gemini-2.5-flash,Gemini-2.5,True,base,semantic_multi,flat_nolabel,10,10,FVQ,ordinal,1,1.0,,1.0,1.0,0.0269,96,,,,,,,raw,experiments_cloud/results/ucurve_proprietary_results.csv,upstream source_file: experiments_cloud/results/ucurve_proprietary/gemini-2.5-flash/ucurve_20260520_131034.json
03_prompt_format,gemini-2.5-flash,Gemini-2.5,True,base,semantic_multi,flat_nolabel,10,10,IVQ,ordinal,2,1.0,,1.0,1.0,0.0269,96,,,,,,,raw,experiments_cloud/results/ucurve_proprietary_results.csv,upstream source_file: experiments_cloud/results/ucurve_proprietary/gemini-2.5-flash/ucurve_20260520_131034.json
03_prompt_format,gemini-2.5-flash,Gemini-2.5,True,base,semantic_multi,flat_nolabel,10,10,IVQ,ordinal,3,0.9896,,0.9688,1.0,0.0331,96,,,,,,,raw,experiments_cloud/results/ucurve_proprietary_results.csv,upstream source_file: experiments_cloud/results/ucurve_proprietary/gemini-2.5-flash/ucurve_20260520_131034.json
03_prompt_format,gemini-2.5-flash,Gemini-2.5,True,base,semantic_multi,flat_nolabel,10,10,IVQ,ordinal,4,0.9896,,0.9688,1.0,0.0331,96,,,,,,,raw,experiments_cloud/results/ucurve_proprietary_results.csv,upstream source_file: experiments_cloud/results/ucurve_proprietary/gemini-2.5-flash/ucurve_20260520_131034.json
03_prompt_format,gemini-2.5-flash,Gemini-2.5,True,base,semantic_multi,flat_nolabel,10,10,IVQ,ordinal,5,0.9688,,0.9271,1.0,0.0425,96,,,,,,,raw,experiments_cloud/results/ucurve_proprietary_results.csv,upstream source_file: experiments_cloud/results/ucurve_proprietary/gemini-2.5-flash/ucurve_20260520_131034.json
03_prompt_format,gemini-2.5-flash,Gemini-2.5,True,base,semantic_multi,flat_nolabel,10,10,IVQ,ordinal,6,0.9583,,0.9062,0.9896,0.0463,96,,,,,,,raw,experiments_cloud/results/ucurve_proprietary_results.csv,upstream source_file: experiments_cloud/results/ucurve_proprietary/gemini-2.5-flash/ucurve_20260520_131034.json
03_prompt_format,gemini-2.5-flash,Gemini-2.5,True,base,semantic_multi,flat_nolabel,10,10,IVQ,ordinal,7,0.9688,,0.9271,1.0,0.0425,96,,,,,,,raw,experiments_cloud/results/ucurve_proprietary_results.csv,upstream source_file: experiments_cloud/results/ucurve_proprietary/gemini-2.5-flash/ucurve_20260520_131034.json
03_prompt_format,gemini-2.5-flash,Gemini-2.5,True,base,semantic_multi,flat_nolabel,10,10,IVQ,ordinal,8,0.9583,,0.9167,0.9896,0.0463,96,,,,,,,raw,experiments_cloud/results/ucurve_proprietary_results.csv,upstream source_file: experiments_cloud/results/ucurve_proprietary/gemini-2.5-flash/ucurve_20260520_131034.json
03_prompt_format,gemini-2.5-flash,Gemini-2.5,True,base,semantic_multi,flat_nolabel,10,10,IVQ,ordinal,9,0.9688,,0.9271,1.0,0.0425,96,,,,,,,raw,experiments_cloud/results/ucurve_proprietary_results.csv,upstream source_file: experiments_cloud/results/ucurve_proprietary/gemini-2.5-flash/ucurve_20260520_131034.json
03_prompt_format,gemini-2.5-flash,Gemini-2.5,True,base,semantic_multi,flat_nolabel,10,10,CVQ,ordinal,10,1.0,,1.0,1.0,0.0269,96,,,,,,,raw,experiments_cloud/results/ucurve_proprietary_results.csv,upstream source_file: experiments_cloud/results/ucurve_proprietary/gemini-2.5-flash/ucurve_20260520_131034.json
03_prompt_format,gemini-2.5-flash,Gemini-2.5,True,base,semantic_multi,flat_nolabel,10,10,CVQ,semantic,last,0.9479,,0.8958,0.9896,0.0498,96,,,,,,,raw,experiments_cloud/results/ucurve_proprietary_results.csv,upstream source_file: experiments_cloud/results/ucurve_proprietary/gemini-2.5-flash/ucurve_20260520_131034.json
03_prompt_format,gemini-2.5-flash,Gemini-2.5,True,base,semantic_multi,flat_nolabel,10,20,FVQ,ordinal,1,1.0,,1.0,1.0,0.0133,200,,,,,,,raw,experiments_cloud/results/ucurve_proprietary_results.csv,upstream source_file: experiments_cloud/results/ucurve_proprietary/gemini-2.5-flash/ucurve_20260520_131034.json
03_prompt_format,gemini-2.5-flash,Gemini-2.5,True,base,semantic_multi,flat_nolabel,10,20,IVQ,ordinal,2,1.0,,1.0,1.0,0.0133,200,,,,,,,raw,experiments_cloud/results/ucurve_proprietary_results.csv,upstream source_file: experiments_cloud/results/ucurve_proprietary/gemini-2.5-flash/ucurve_20260520_131034.json
03_prompt_format,gemini-2.5-flash,Gemini-2.5,True,base,semantic_multi,flat_nolabel,10,20,IVQ,ordinal,3,1.0,,1.0,1.0,0.0133,200,,,,,,,raw,experiments_cloud/results/ucurve_proprietary_results.csv,upstream source_file: experiments_cloud/results/ucurve_proprietary/gemini-2.5-flash/ucurve_20260520_131034.json
03_prompt_format,gemini-2.5-flash,Gemini-2.5,True,base,semantic_multi,flat_nolabel,10,20,IVQ,ordinal,4,0.985,,0.965,1.0,0.0211,200,,,,,,,raw,experiments_cloud/results/ucurve_proprietary_results.csv,upstream source_file: experiments_cloud/results/ucurve_proprietary/gemini-2.5-flash/ucurve_20260520_131034.json
03_prompt_format,gemini-2.5-flash,Gemini-2.5,True,base,semantic_multi,flat_nolabel,10,20,IVQ,ordinal,5,0.96,,0.935,0.985,0.0295,200,,,,,,,raw,experiments_cloud/results/ucurve_proprietary_results.csv,upstream source_file: experiments_cloud/results/ucurve_proprietary/gemini-2.5-flash/ucurve_20260520_131034.json
03_prompt_format,gemini-2.5-flash,Gemini-2.5,True,base,semantic_multi,flat_nolabel,10,20,IVQ,ordinal,6,0.955,,0.925,0.98,0.0309,200,,,,,,,raw,experiments_cloud/results/ucurve_proprietary_results.csv,upstream source_file: experiments_cloud/results/ucurve_proprietary/gemini-2.5-flash/ucurve_20260520_131034.json
03_prompt_format,gemini-2.5-flash,Gemini-2.5,True,base,semantic_multi,flat_nolabel,10,20,IVQ,ordinal,7,0.91,,0.87,0.95,0.0408,200,,,,,,,raw,experiments_cloud/results/ucurve_proprietary_results.csv,upstream source_file: experiments_cloud/results/ucurve_proprietary/gemini-2.5-flash/ucurve_20260520_131034.json
03_prompt_format,gemini-2.5-flash,Gemini-2.5,True,base,semantic_multi,flat_nolabel,10,20,IVQ,ordinal,8,0.905,,0.865,0.945,0.0417,200,,,,,,,raw,experiments_cloud/results/ucurve_proprietary_results.csv,upstream source_file: experiments_cloud/results/ucurve_proprietary/gemini-2.5-flash/ucurve_20260520_131034.json
03_prompt_format,gemini-2.5-flash,Gemini-2.5,True,base,semantic_multi,flat_nolabel,10,20,IVQ,ordinal,10,0.825,,0.77,0.875,0.0529,200,,,,,,,raw,experiments_cloud/results/ucurve_proprietary_results.csv,upstream source_file: experiments_cloud/results/ucurve_proprietary/gemini-2.5-flash/ucurve_20260520_131034.json
03_prompt_format,gemini-2.5-flash,Gemini-2.5,True,base,semantic_multi,flat_nolabel,10,20,IVQ,ordinal,11,0.79,,0.73,0.845,0.0564,200,,,,,,,raw,experiments_cloud/results/ucurve_proprietary_results.csv,upstream source_file: experiments_cloud/results/ucurve_proprietary/gemini-2.5-flash/ucurve_20260520_131034.json
03_prompt_format,gemini-2.5-flash,Gemini-2.5,True,base,semantic_multi,flat_nolabel,10,20,IVQ,ordinal,13,0.815,,0.76,0.865,0.054,200,,,,,,,raw,experiments_cloud/results/ucurve_proprietary_results.csv,upstream source_file: experiments_cloud/results/ucurve_proprietary/gemini-2.5-flash/ucurve_20260520_131034.json
03_prompt_format,gemini-2.5-flash,Gemini-2.5,True,base,semantic_multi,flat_nolabel,10,20,IVQ,ordinal,14,0.81,,0.755,0.86,0.0545,200,,,,,,,raw,experiments_cloud/results/ucurve_proprietary_results.csv,upstream source_file: experiments_cloud/results/ucurve_proprietary/gemini-2.5-flash/ucurve_20260520_131034.json
03_prompt_format,gemini-2.5-flash,Gemini-2.5,True,base,semantic_multi,flat_nolabel,10,20,IVQ,ordinal,16,0.81,,0.755,0.8601,0.0545,200,,,,,,,raw,experiments_cloud/results/ucurve_proprietary_results.csv,upstream source_file: experiments_cloud/results/ucurve_proprietary/gemini-2.5-flash/ucurve_20260520_131034.json
03_prompt_format,gemini-2.5-flash,Gemini-2.5,True,base,semantic_multi,flat_nolabel,10,20,IVQ,ordinal,17,0.855,,0.805,0.9,0.0492,200,,,,,,,raw,experiments_cloud/results/ucurve_proprietary_results.csv,upstream source_file: experiments_cloud/results/ucurve_proprietary/gemini-2.5-flash/ucurve_20260520_131034.json
03_prompt_format,gemini-2.5-flash,Gemini-2.5,True,base,semantic_multi,flat_nolabel,10,20,IVQ,ordinal,19,0.89,,0.845,0.935,0.0442,200,,,,,,,raw,experiments_cloud/results/ucurve_proprietary_results.csv,upstream source_file: experiments_cloud/results/ucurve_proprietary/gemini-2.5-flash/ucurve_20260520_131034.json
03_prompt_format,gemini-2.5-flash,Gemini-2.5,True,base,semantic_multi,flat_nolabel,10,20,CVQ,ordinal,20,0.93,,0.89,0.96,0.0368,200,,,,,,,raw,experiments_cloud/results/ucurve_proprietary_results.csv,upstream source_file: experiments_cloud/results/ucurve_proprietary/gemini-2.5-flash/ucurve_20260520_131034.json
03_prompt_format,gemini-2.5-flash,Gemini-2.5,True,base,semantic_multi,flat_nolabel,10,20,CVQ,semantic,last,0.855,,0.8,0.9,0.0492,200,,,,,,,raw,experiments_cloud/results/ucurve_proprietary_results.csv,upstream source_file: experiments_cloud/results/ucurve_proprietary/gemini-2.5-flash/ucurve_20260520_131034.json
03_prompt_format,gemini-2.5-flash,Gemini-2.5,True,base,semantic_multi,flat_nolabel,10,50,FVQ,ordinal,1,1.0,,1.0,1.0,0.0133,200,,,,,,,raw,experiments_cloud/results/ucurve_proprietary_results.csv,upstream source_file: experiments_cloud/results/ucurve_proprietary/gemini-2.5-flash/ucurve_20260520_131034.json
03_prompt_format,gemini-2.5-flash,Gemini-2.5,True,base,semantic_multi,flat_nolabel,10,50,IVQ,ordinal,2,1.0,,1.0,1.0,0.0133,200,,,,,,,raw,experiments_cloud/results/ucurve_proprietary_results.csv,upstream source_file: experiments_cloud/results/ucurve_proprietary/gemini-2.5-flash/ucurve_20260520_131034.json
03_prompt_format,gemini-2.5-flash,Gemini-2.5,True,base,semantic_multi,flat_nolabel,10,50,IVQ,ordinal,3,0.985,,0.965,1.0,0.0211,200,,,,,,,raw,experiments_cloud/results/ucurve_proprietary_results.csv,upstream source_file: experiments_cloud/results/ucurve_proprietary/gemini-2.5-flash/ucurve_20260520_131034.json
03_prompt_format,gemini-2.5-flash,Gemini-2.5,True,base,semantic_multi,flat_nolabel,10,50,IVQ,ordinal,4,0.965,,0.935,0.99,0.0281,200,,,,,,,raw,experiments_cloud/results/ucurve_proprietary_results.csv,upstream source_file: experiments_cloud/results/ucurve_proprietary/gemini-2.5-flash/ucurve_20260520_131034.json
03_prompt_format,gemini-2.5-flash,Gemini-2.5,True,base,semantic_multi,flat_nolabel,10,50,IVQ,ordinal,5,0.93,,0.89,0.96,0.0368,200,,,,,,,raw,experiments_cloud/results/ucurve_proprietary_results.csv,upstream source_file: experiments_cloud/results/ucurve_proprietary/gemini-2.5-flash/ucurve_20260520_131034.json
03_prompt_format,gemini-2.5-flash,Gemini-2.5,True,base,semantic_multi,flat_nolabel,10,50,IVQ,ordinal,6,0.915,,0.87,0.95,0.0398,200,,,,,,,raw,experiments_cloud/results/ucurve_proprietary_results.csv,upstream source_file: experiments_cloud/results/ucurve_proprietary/gemini-2.5-flash/ucurve_20260520_131034.json
03_prompt_format,gemini-2.5-flash,Gemini-2.5,True,base,semantic_multi,flat_nolabel,10,50,IVQ,ordinal,7,0.895,,0.85,0.935,0.0434,200,,,,,,,raw,experiments_cloud/results/ucurve_proprietary_results.csv,upstream source_file: experiments_cloud/results/ucurve_proprietary/gemini-2.5-flash/ucurve_20260520_131034.json
03_prompt_format,gemini-2.5-flash,Gemini-2.5,True,base,semantic_multi,flat_nolabel,10,50,IVQ,ordinal,8,0.85,,0.8,0.9,0.0499,200,,,,,,,raw,experiments_cloud/results/ucurve_proprietary_results.csv,upstream source_file: experiments_cloud/results/ucurve_proprietary/gemini-2.5-flash/ucurve_20260520_131034.json
03_prompt_format,gemini-2.5-flash,Gemini-2.5,True,base,semantic_multi,flat_nolabel,10,50,IVQ,ordinal,14,0.735,,0.675,0.795,0.0609,200,,,,,,,raw,experiments_cloud/results/ucurve_proprietary_results.csv,upstream source_file: experiments_cloud/results/ucurve_proprietary/gemini-2.5-flash/ucurve_20260520_131034.json
03_prompt_format,gemini-2.5-flash,Gemini-2.5,True,base,semantic_multi,flat_nolabel,10,50,IVQ,ordinal,20,0.65,,0.585,0.715,0.0656,200,,,,,,,raw,experiments_cloud/results/ucurve_proprietary_results.csv,upstream source_file: experiments_cloud/results/ucurve_proprietary/gemini-2.5-flash/ucurve_20260520_131034.json
03_prompt_format,gemini-2.5-flash,Gemini-2.5,True,base,semantic_multi,flat_nolabel,10,50,IVQ,ordinal,26,0.595,,0.525,0.665,0.0674,200,,,,,,,raw,experiments_cloud/results/ucurve_proprietary_results.csv,upstream source_file: experiments_cloud/results/ucurve_proprietary/gemini-2.5-flash/ucurve_20260520_131034.json
03_prompt_format,gemini-2.5-flash,Gemini-2.5,True,base,semantic_multi,flat_nolabel,10,50,IVQ,ordinal,31,0.52,,0.455,0.59,0.0686,200,,,,,,,raw,experiments_cloud/results/ucurve_proprietary_results.csv,upstream source_file: experiments_cloud/results/ucurve_proprietary/gemini-2.5-flash/ucurve_20260520_131034.json
03_prompt_format,gemini-2.5-flash,Gemini-2.5,True,base,semantic_multi,flat_nolabel,10,50,IVQ,ordinal,37,0.505,,0.435,0.575,0.0686,200,,,,,,,raw,experiments_cloud/results/ucurve_proprietary_results.csv,upstream source_file: experiments_cloud/results/ucurve_proprietary/gemini-2.5-flash/ucurve_20260520_131034.json
03_prompt_format,gemini-2.5-flash,Gemini-2.5,True,base,semantic_multi,flat_nolabel,10,50,IVQ,ordinal,43,0.49,,0.42,0.565,0.0686,200,,,,,,,raw,experiments_cloud/results/ucurve_proprietary_results.csv,upstream source_file: experiments_cloud/results/ucurve_proprietary/gemini-2.5-flash/ucurve_20260520_131034.json
03_prompt_format,gemini-2.5-flash,Gemini-2.5,True,base,semantic_multi,flat_nolabel,10,50,IVQ,ordinal,49,0.55,,0.485,0.62,0.0683,200,,,,,,,raw,experiments_cloud/results/ucurve_proprietary_results.csv,upstream source_file: experiments_cloud/results/ucurve_proprietary/gemini-2.5-flash/ucurve_20260520_131034.json
03_prompt_format,gemini-2.5-flash,Gemini-2.5,True,base,semantic_multi,flat_nolabel,10,50,CVQ,ordinal,50,0.57,,0.505,0.64,0.068,200,,,,,,,raw,experiments_cloud/results/ucurve_proprietary_results.csv,upstream source_file: experiments_cloud/results/ucurve_proprietary/gemini-2.5-flash/ucurve_20260520_131034.json
03_prompt_format,gemini-2.5-flash,Gemini-2.5,True,base,semantic_multi,flat_nolabel,10,50,CVQ,semantic,last,0.755,,0.695,0.815,0.0594,200,,,,,,,raw,experiments_cloud/results/ucurve_proprietary_results.csv,upstream source_file: experiments_cloud/results/ucurve_proprietary/gemini-2.5-flash/ucurve_20260520_131034.json
03_prompt_format,gemini-2.5-flash,Gemini-2.5,True,base,semantic_multi,flat_verbose,5,10,FVQ,ordinal,1,1.0,,1.0,1.0,0.0495,50,,,,,,,raw,experiments_cloud/results/ucurve_proprietary_results.csv,upstream source_file: experiments_cloud/results/ucurve_proprietary/gemini-2.5-flash/ucurve_20260520_131034.json
03_prompt_format,gemini-2.5-flash,Gemini-2.5,True,base,semantic_multi,flat_verbose,5,10,IVQ,ordinal,2,1.0,,1.0,1.0,0.0495,50,,,,,,,raw,experiments_cloud/results/ucurve_proprietary_results.csv,upstream source_file: experiments_cloud/results/ucurve_proprietary/gemini-2.5-flash/ucurve_20260520_131034.json
03_prompt_format,gemini-2.5-flash,Gemini-2.5,True,base,semantic_multi,flat_verbose,5,10,IVQ,ordinal,3,1.0,,1.0,1.0,0.0495,50,,,,,,,raw,experiments_cloud/results/ucurve_proprietary_results.csv,upstream source_file: experiments_cloud/results/ucurve_proprietary/gemini-2.5-flash/ucurve_20260520_131034.json
03_prompt_format,gemini-2.5-flash,Gemini-2.5,True,base,semantic_multi,flat_verbose,5,10,IVQ,ordinal,4,1.0,,1.0,1.0,0.0495,50,,,,,,,raw,experiments_cloud/results/ucurve_proprietary_results.csv,upstream source_file: experiments_cloud/results/ucurve_proprietary/gemini-2.5-flash/ucurve_20260520_131034.json
03_prompt_format,gemini-2.5-flash,Gemini-2.5,True,base,semantic_multi,flat_verbose,5,10,IVQ,ordinal,5,1.0,,1.0,1.0,0.0495,50,,,,,,,raw,experiments_cloud/results/ucurve_proprietary_results.csv,upstream source_file: experiments_cloud/results/ucurve_proprietary/gemini-2.5-flash/ucurve_20260520_131034.json
03_prompt_format,gemini-2.5-flash,Gemini-2.5,True,base,semantic_multi,flat_verbose,5,10,IVQ,ordinal,6,1.0,,1.0,1.0,0.0495,50,,,,,,,raw,experiments_cloud/results/ucurve_proprietary_results.csv,upstream source_file: experiments_cloud/results/ucurve_proprietary/gemini-2.5-flash/ucurve_20260520_131034.json
03_prompt_format,gemini-2.5-flash,Gemini-2.5,True,base,semantic_multi,flat_verbose,5,10,IVQ,ordinal,7,1.0,,1.0,1.0,0.0495,50,,,,,,,raw,experiments_cloud/results/ucurve_proprietary_results.csv,upstream source_file: experiments_cloud/results/ucurve_proprietary/gemini-2.5-flash/ucurve_20260520_131034.json
03_prompt_format,gemini-2.5-flash,Gemini-2.5,True,base,semantic_multi,flat_verbose,5,10,IVQ,ordinal,8,1.0,,1.0,1.0,0.0495,50,,,,,,,raw,experiments_cloud/results/ucurve_proprietary_results.csv,upstream source_file: experiments_cloud/results/ucurve_proprietary/gemini-2.5-flash/ucurve_20260520_131034.json
03_prompt_format,gemini-2.5-flash,Gemini-2.5,True,base,semantic_multi,flat_verbose,5,10,IVQ,ordinal,9,1.0,,1.0,1.0,0.0495,50,,,,,,,raw,experiments_cloud/results/ucurve_proprietary_results.csv,upstream source_file: experiments_cloud/results/ucurve_proprietary/gemini-2.5-flash/ucurve_20260520_131034.json
03_prompt_format,gemini-2.5-flash,Gemini-2.5,True,base,semantic_multi,flat_verbose,5,10,CVQ,ordinal,10,1.0,,1.0,1.0,0.0495,50,,,,,,,raw,experiments_cloud/results/ucurve_proprietary_results.csv,upstream source_file: experiments_cloud/results/ucurve_proprietary/gemini-2.5-flash/ucurve_20260520_131034.json
03_prompt_format,gemini-2.5-flash,Gemini-2.5,True,base,semantic_multi,flat_verbose,5,10,CVQ,semantic,last,1.0,,1.0,1.0,0.0495,50,,,,,,,raw,experiments_cloud/results/ucurve_proprietary_results.csv,upstream source_file: experiments_cloud/results/ucurve_proprietary/gemini-2.5-flash/ucurve_20260520_131034.json
03_prompt_format,gemini-2.5-flash,Gemini-2.5,True,base,semantic_multi,flat_verbose,5,20,FVQ,ordinal,1,1.0,,1.0,1.0,0.0495,50,,,,,,,raw,experiments_cloud/results/ucurve_proprietary_results.csv,upstream source_file: experiments_cloud/results/ucurve_proprietary/gemini-2.5-flash/ucurve_20260520_131034.json
03_prompt_format,gemini-2.5-flash,Gemini-2.5,True,base,semantic_multi,flat_verbose,5,20,IVQ,ordinal,2,1.0,,1.0,1.0,0.0495,50,,,,,,,raw,experiments_cloud/results/ucurve_proprietary_results.csv,upstream source_file: experiments_cloud/results/ucurve_proprietary/gemini-2.5-flash/ucurve_20260520_131034.json
03_prompt_format,gemini-2.5-flash,Gemini-2.5,True,base,semantic_multi,flat_verbose,5,20,IVQ,ordinal,3,1.0,,1.0,1.0,0.0495,50,,,,,,,raw,experiments_cloud/results/ucurve_proprietary_results.csv,upstream source_file: experiments_cloud/results/ucurve_proprietary/gemini-2.5-flash/ucurve_20260520_131034.json
03_prompt_format,gemini-2.5-flash,Gemini-2.5,True,base,semantic_multi,flat_verbose,5,20,IVQ,ordinal,4,1.0,,1.0,1.0,0.0495,50,,,,,,,raw,experiments_cloud/results/ucurve_proprietary_results.csv,upstream source_file: experiments_cloud/results/ucurve_proprietary/gemini-2.5-flash/ucurve_20260520_131034.json
03_prompt_format,gemini-2.5-flash,Gemini-2.5,True,base,semantic_multi,flat_verbose,5,20,IVQ,ordinal,5,1.0,,1.0,1.0,0.0495,50,,,,,,,raw,experiments_cloud/results/ucurve_proprietary_results.csv,upstream source_file: experiments_cloud/results/ucurve_proprietary/gemini-2.5-flash/ucurve_20260520_131034.json
03_prompt_format,gemini-2.5-flash,Gemini-2.5,True,base,semantic_multi,flat_verbose,5,20,IVQ,ordinal,6,1.0,,1.0,1.0,0.0495,50,,,,,,,raw,experiments_cloud/results/ucurve_proprietary_results.csv,upstream source_file: experiments_cloud/results/ucurve_proprietary/gemini-2.5-flash/ucurve_20260520_131034.json
03_prompt_format,gemini-2.5-flash,Gemini-2.5,True,base,semantic_multi,flat_verbose,5,20,IVQ,ordinal,7,1.0,,1.0,1.0,0.0495,50,,,,,,,raw,experiments_cloud/results/ucurve_proprietary_results.csv,upstream source_file: experiments_cloud/results/ucurve_proprietary/gemini-2.5-flash/ucurve_20260520_131034.json
03_prompt_format,gemini-2.5-flash,Gemini-2.5,True,base,semantic_multi,flat_verbose,5,20,IVQ,ordinal,8,1.0,,1.0,1.0,0.0495,50,,,,,,,raw,experiments_cloud/results/ucurve_proprietary_results.csv,upstream source_file: experiments_cloud/results/ucurve_proprietary/gemini-2.5-flash/ucurve_20260520_131034.json
03_prompt_format,gemini-2.5-flash,Gemini-2.5,True,base,semantic_multi,flat_verbose,5,20,IVQ,ordinal,10,1.0,,1.0,1.0,0.0495,50,,,,,,,raw,experiments_cloud/results/ucurve_proprietary_results.csv,upstream source_file: experiments_cloud/results/ucurve_proprietary/gemini-2.5-flash/ucurve_20260520_131034.json
03_prompt_format,gemini-2.5-flash,Gemini-2.5,True,base,semantic_multi,flat_verbose,5,20,IVQ,ordinal,11,1.0,,1.0,1.0,0.0495,50,,,,,,,raw,experiments_cloud/results/ucurve_proprietary_results.csv,upstream source_file: experiments_cloud/results/ucurve_proprietary/gemini-2.5-flash/ucurve_20260520_131034.json
03_prompt_format,gemini-2.5-flash,Gemini-2.5,True,base,semantic_multi,flat_verbose,5,20,IVQ,ordinal,13,1.0,,1.0,1.0,0.0495,50,,,,,,,raw,experiments_cloud/results/ucurve_proprietary_results.csv,upstream source_file: experiments_cloud/results/ucurve_proprietary/gemini-2.5-flash/ucurve_20260520_131034.json
03_prompt_format,gemini-2.5-flash,Gemini-2.5,True,base,semantic_multi,flat_verbose,5,20,IVQ,ordinal,14,1.0,,1.0,1.0,0.0495,50,,,,,,,raw,experiments_cloud/results/ucurve_proprietary_results.csv,upstream source_file: experiments_cloud/results/ucurve_proprietary/gemini-2.5-flash/ucurve_20260520_131034.json
03_prompt_format,gemini-2.5-flash,Gemini-2.5,True,base,semantic_multi,flat_verbose,5,20,IVQ,ordinal,16,1.0,,1.0,1.0,0.0495,50,,,,,,,raw,experiments_cloud/results/ucurve_proprietary_results.csv,upstream source_file: experiments_cloud/results/ucurve_proprietary/gemini-2.5-flash/ucurve_20260520_131034.json
03_prompt_format,gemini-2.5-flash,Gemini-2.5,True,base,semantic_multi,flat_verbose,5,20,IVQ,ordinal,17,1.0,,1.0,1.0,0.0495,50,,,,,,,raw,experiments_cloud/results/ucurve_proprietary_results.csv,upstream source_file: experiments_cloud/results/ucurve_proprietary/gemini-2.5-flash/ucurve_20260520_131034.json
03_prompt_format,gemini-2.5-flash,Gemini-2.5,True,base,semantic_multi,flat_verbose,5,20,IVQ,ordinal,19,1.0,,1.0,1.0,0.0495,50,,,,,,,raw,experiments_cloud/results/ucurve_proprietary_results.csv,upstream source_file: experiments_cloud/results/ucurve_proprietary/gemini-2.5-flash/ucurve_20260520_131034.json
03_prompt_format,gemini-2.5-flash,Gemini-2.5,True,base,semantic_multi,flat_verbose,5,20,CVQ,ordinal,20,1.0,,1.0,1.0,0.0495,50,,,,,,,raw,experiments_cloud/results/ucurve_proprietary_results.csv,upstream source_file: experiments_cloud/results/ucurve_proprietary/gemini-2.5-flash/ucurve_20260520_131034.json
03_prompt_format,gemini-2.5-flash,Gemini-2.5,True,base,semantic_multi,flat_verbose,5,20,CVQ,semantic,last,1.0,,1.0,1.0,0.0495,50,,,,,,,raw,experiments_cloud/results/ucurve_proprietary_results.csv,upstream source_file: experiments_cloud/results/ucurve_proprietary/gemini-2.5-flash/ucurve_20260520_131034.json
03_prompt_format,gemini-2.5-flash,Gemini-2.5,True,base,semantic_multi,flat_verbose,5,50,FVQ,ordinal,1,1.0,,1.0,1.0,0.0495,50,,,,,,,raw,experiments_cloud/results/ucurve_proprietary_results.csv,upstream source_file: experiments_cloud/results/ucurve_proprietary/gemini-2.5-flash/ucurve_20260520_131034.json
03_prompt_format,gemini-2.5-flash,Gemini-2.5,True,base,semantic_multi,flat_verbose,5,50,IVQ,ordinal,2,1.0,,1.0,1.0,0.0495,50,,,,,,,raw,experiments_cloud/results/ucurve_proprietary_results.csv,upstream source_file: experiments_cloud/results/ucurve_proprietary/gemini-2.5-flash/ucurve_20260520_131034.json
03_prompt_format,gemini-2.5-flash,Gemini-2.5,True,base,semantic_multi,flat_verbose,5,50,IVQ,ordinal,3,1.0,,1.0,1.0,0.0495,50,,,,,,,raw,experiments_cloud/results/ucurve_proprietary_results.csv,upstream source_file: experiments_cloud/results/ucurve_proprietary/gemini-2.5-flash/ucurve_20260520_131034.json
03_prompt_format,gemini-2.5-flash,Gemini-2.5,True,base,semantic_multi,flat_verbose,5,50,IVQ,ordinal,4,1.0,,1.0,1.0,0.0495,50,,,,,,,raw,experiments_cloud/results/ucurve_proprietary_results.csv,upstream source_file: experiments_cloud/results/ucurve_proprietary/gemini-2.5-flash/ucurve_20260520_131034.json
03_prompt_format,gemini-2.5-flash,Gemini-2.5,True,base,semantic_multi,flat_verbose,5,50,IVQ,ordinal,5,1.0,,1.0,1.0,0.0495,50,,,,,,,raw,experiments_cloud/results/ucurve_proprietary_results.csv,upstream source_file: experiments_cloud/results/ucurve_proprietary/gemini-2.5-flash/ucurve_20260520_131034.json
03_prompt_format,gemini-2.5-flash,Gemini-2.5,True,base,semantic_multi,flat_verbose,5,50,IVQ,ordinal,6,1.0,,1.0,1.0,0.0495,50,,,,,,,raw,experiments_cloud/results/ucurve_proprietary_results.csv,upstream source_file: experiments_cloud/results/ucurve_proprietary/gemini-2.5-flash/ucurve_20260520_131034.json
03_prompt_format,gemini-2.5-flash,Gemini-2.5,True,base,semantic_multi,flat_verbose,5,50,IVQ,ordinal,7,1.0,,1.0,1.0,0.0495,50,,,,,,,raw,experiments_cloud/results/ucurve_proprietary_results.csv,upstream source_file: experiments_cloud/results/ucurve_proprietary/gemini-2.5-flash/ucurve_20260520_131034.json
03_prompt_format,gemini-2.5-flash,Gemini-2.5,True,base,semantic_multi,flat_verbose,5,50,IVQ,ordinal,8,1.0,,1.0,1.0,0.0495,50,,,,,,,raw,experiments_cloud/results/ucurve_proprietary_results.csv,upstream source_file: experiments_cloud/results/ucurve_proprietary/gemini-2.5-flash/ucurve_20260520_131034.json
03_prompt_format,gemini-2.5-flash,Gemini-2.5,True,base,semantic_multi,flat_verbose,5,50,IVQ,ordinal,14,1.0,,1.0,1.0,0.0495,50,,,,,,,raw,experiments_cloud/results/ucurve_proprietary_results.csv,upstream source_file: experiments_cloud/results/ucurve_proprietary/gemini-2.5-flash/ucurve_20260520_131034.json
03_prompt_format,gemini-2.5-flash,Gemini-2.5,True,base,semantic_multi,flat_verbose,5,50,IVQ,ordinal,20,1.0,,1.0,1.0,0.0495,50,,,,,,,raw,experiments_cloud/results/ucurve_proprietary_results.csv,upstream source_file: experiments_cloud/results/ucurve_proprietary/gemini-2.5-flash/ucurve_20260520_131034.json
03_prompt_format,gemini-2.5-flash,Gemini-2.5,True,base,semantic_multi,flat_verbose,5,50,IVQ,ordinal,26,1.0,,1.0,1.0,0.0495,50,,,,,,,raw,experiments_cloud/results/ucurve_proprietary_results.csv,upstream source_file: experiments_cloud/results/ucurve_proprietary/gemini-2.5-flash/ucurve_20260520_131034.json
03_prompt_format,gemini-2.5-flash,Gemini-2.5,True,base,semantic_multi,flat_verbose,5,50,IVQ,ordinal,31,1.0,,1.0,1.0,0.0495,50,,,,,,,raw,experiments_cloud/results/ucurve_proprietary_results.csv,upstream source_file: experiments_cloud/results/ucurve_proprietary/gemini-2.5-flash/ucurve_20260520_131034.json
03_prompt_format,gemini-2.5-flash,Gemini-2.5,True,base,semantic_multi,flat_verbose,5,50,IVQ,ordinal,37,1.0,,1.0,1.0,0.0495,50,,,,,,,raw,experiments_cloud/results/ucurve_proprietary_results.csv,upstream source_file: experiments_cloud/results/ucurve_proprietary/gemini-2.5-flash/ucurve_20260520_131034.json
03_prompt_format,gemini-2.5-flash,Gemini-2.5,True,base,semantic_multi,flat_verbose,5,50,IVQ,ordinal,43,1.0,,1.0,1.0,0.0495,50,,,,,,,raw,experiments_cloud/results/ucurve_proprietary_results.csv,upstream source_file: experiments_cloud/results/ucurve_proprietary/gemini-2.5-flash/ucurve_20260520_131034.json
03_prompt_format,gemini-2.5-flash,Gemini-2.5,True,base,semantic_multi,flat_verbose,5,50,IVQ,ordinal,49,1.0,,1.0,1.0,0.0495,50,,,,,,,raw,experiments_cloud/results/ucurve_proprietary_results.csv,upstream source_file: experiments_cloud/results/ucurve_proprietary/gemini-2.5-flash/ucurve_20260520_131034.json
03_prompt_format,gemini-2.5-flash,Gemini-2.5,True,base,semantic_multi,flat_verbose,5,50,CVQ,ordinal,50,1.0,,1.0,1.0,0.0495,50,,,,,,,raw,experiments_cloud/results/ucurve_proprietary_results.csv,upstream source_file: experiments_cloud/results/ucurve_proprietary/gemini-2.5-flash/ucurve_20260520_131034.json
03_prompt_format,gemini-2.5-flash,Gemini-2.5,True,base,semantic_multi,flat_verbose,5,50,CVQ,semantic,last,1.0,,1.0,1.0,0.0495,50,,,,,,,raw,experiments_cloud/results/ucurve_proprietary_results.csv,upstream source_file: experiments_cloud/results/ucurve_proprietary/gemini-2.5-flash/ucurve_20260520_131034.json
03_prompt_format,gemini-2.5-flash,Gemini-2.5,True,base,semantic_multi,flat_verbose,10,10,FVQ,ordinal,1,1.0,,1.0,1.0,0.0407,62,,,,,,,raw,experiments_cloud/results/ucurve_proprietary_results.csv,upstream source_file: experiments_cloud/results/ucurve_proprietary/gemini-2.5-flash/ucurve_20260520_131034.json
03_prompt_format,gemini-2.5-flash,Gemini-2.5,True,base,semantic_multi,flat_verbose,10,10,IVQ,ordinal,2,1.0,,1.0,1.0,0.0407,62,,,,,,,raw,experiments_cloud/results/ucurve_proprietary_results.csv,upstream source_file: experiments_cloud/results/ucurve_proprietary/gemini-2.5-flash/ucurve_20260520_131034.json
03_prompt_format,gemini-2.5-flash,Gemini-2.5,True,base,semantic_multi,flat_verbose,10,10,IVQ,ordinal,3,1.0,,1.0,1.0,0.0407,62,,,,,,,raw,experiments_cloud/results/ucurve_proprietary_results.csv,upstream source_file: experiments_cloud/results/ucurve_proprietary/gemini-2.5-flash/ucurve_20260520_131034.json
03_prompt_format,gemini-2.5-flash,Gemini-2.5,True,base,semantic_multi,flat_verbose,10,10,IVQ,ordinal,4,1.0,,1.0,1.0,0.0407,62,,,,,,,raw,experiments_cloud/results/ucurve_proprietary_results.csv,upstream source_file: experiments_cloud/results/ucurve_proprietary/gemini-2.5-flash/ucurve_20260520_131034.json
03_prompt_format,gemini-2.5-flash,Gemini-2.5,True,base,semantic_multi,flat_verbose,10,10,IVQ,ordinal,5,1.0,,1.0,1.0,0.0407,62,,,,,,,raw,experiments_cloud/results/ucurve_proprietary_results.csv,upstream source_file: experiments_cloud/results/ucurve_proprietary/gemini-2.5-flash/ucurve_20260520_131034.json
03_prompt_format,gemini-2.5-flash,Gemini-2.5,True,base,semantic_multi,flat_verbose,10,10,IVQ,ordinal,6,1.0,,1.0,1.0,0.0407,62,,,,,,,raw,experiments_cloud/results/ucurve_proprietary_results.csv,upstream source_file: experiments_cloud/results/ucurve_proprietary/gemini-2.5-flash/ucurve_20260520_131034.json
03_prompt_format,gemini-2.5-flash,Gemini-2.5,True,base,semantic_multi,flat_verbose,10,10,IVQ,ordinal,7,1.0,,1.0,1.0,0.0407,62,,,,,,,raw,experiments_cloud/results/ucurve_proprietary_results.csv,upstream source_file: experiments_cloud/results/ucurve_proprietary/gemini-2.5-flash/ucurve_20260520_131034.json
03_prompt_format,gemini-2.5-flash,Gemini-2.5,True,base,semantic_multi,flat_verbose,10,10,IVQ,ordinal,8,1.0,,1.0,1.0,0.0407,62,,,,,,,raw,experiments_cloud/results/ucurve_proprietary_results.csv,upstream source_file: experiments_cloud/results/ucurve_proprietary/gemini-2.5-flash/ucurve_20260520_131034.json
03_prompt_format,gemini-2.5-flash,Gemini-2.5,True,base,semantic_multi,flat_verbose,10,10,IVQ,ordinal,9,1.0,,1.0,1.0,0.0407,62,,,,,,,raw,experiments_cloud/results/ucurve_proprietary_results.csv,upstream source_file: experiments_cloud/results/ucurve_proprietary/gemini-2.5-flash/ucurve_20260520_131034.json
03_prompt_format,gemini-2.5-flash,Gemini-2.5,True,base,semantic_multi,flat_verbose,10,10,CVQ,ordinal,10,0.9839,,0.9516,1.0,0.0497,62,,,,,,,raw,experiments_cloud/results/ucurve_proprietary_results.csv,upstream source_file: experiments_cloud/results/ucurve_proprietary/gemini-2.5-flash/ucurve_20260520_131034.json
03_prompt_format,gemini-2.5-flash,Gemini-2.5,True,base,semantic_multi,flat_verbose,10,10,CVQ,semantic,last,1.0,,1.0,1.0,0.0407,62,,,,,,,raw,experiments_cloud/results/ucurve_proprietary_results.csv,upstream source_file: experiments_cloud/results/ucurve_proprietary/gemini-2.5-flash/ucurve_20260520_131034.json
03_prompt_format,gemini-2.5-flash,Gemini-2.5,True,base,semantic_multi,flat_verbose,10,20,FVQ,ordinal,1,1.0,,1.0,1.0,0.0495,50,,,,,,,raw,experiments_cloud/results/ucurve_proprietary_results.csv,upstream source_file: experiments_cloud/results/ucurve_proprietary/gemini-2.5-flash/ucurve_20260520_131034.json
03_prompt_format,gemini-2.5-flash,Gemini-2.5,True,base,semantic_multi,flat_verbose,10,20,IVQ,ordinal,2,1.0,,1.0,1.0,0.0495,50,,,,,,,raw,experiments_cloud/results/ucurve_proprietary_results.csv,upstream source_file: experiments_cloud/results/ucurve_proprietary/gemini-2.5-flash/ucurve_20260520_131034.json
03_prompt_format,gemini-2.5-flash,Gemini-2.5,True,base,semantic_multi,flat_verbose,10,20,IVQ,ordinal,3,1.0,,1.0,1.0,0.0495,50,,,,,,,raw,experiments_cloud/results/ucurve_proprietary_results.csv,upstream source_file: experiments_cloud/results/ucurve_proprietary/gemini-2.5-flash/ucurve_20260520_131034.json
03_prompt_format,gemini-2.5-flash,Gemini-2.5,True,base,semantic_multi,flat_verbose,10,20,IVQ,ordinal,4,1.0,,1.0,1.0,0.0495,50,,,,,,,raw,experiments_cloud/results/ucurve_proprietary_results.csv,upstream source_file: experiments_cloud/results/ucurve_proprietary/gemini-2.5-flash/ucurve_20260520_131034.json
03_prompt_format,gemini-2.5-flash,Gemini-2.5,True,base,semantic_multi,flat_verbose,10,20,IVQ,ordinal,5,1.0,,1.0,1.0,0.0495,50,,,,,,,raw,experiments_cloud/results/ucurve_proprietary_results.csv,upstream source_file: experiments_cloud/results/ucurve_proprietary/gemini-2.5-flash/ucurve_20260520_131034.json
03_prompt_format,gemini-2.5-flash,Gemini-2.5,True,base,semantic_multi,flat_verbose,10,20,IVQ,ordinal,6,1.0,,1.0,1.0,0.0495,50,,,,,,,raw,experiments_cloud/results/ucurve_proprietary_results.csv,upstream source_file: experiments_cloud/results/ucurve_proprietary/gemini-2.5-flash/ucurve_20260520_131034.json
03_prompt_format,gemini-2.5-flash,Gemini-2.5,True,base,semantic_multi,flat_verbose,10,20,IVQ,ordinal,7,1.0,,1.0,1.0,0.0495,50,,,,,,,raw,experiments_cloud/results/ucurve_proprietary_results.csv,upstream source_file: experiments_cloud/results/ucurve_proprietary/gemini-2.5-flash/ucurve_20260520_131034.json
03_prompt_format,gemini-2.5-flash,Gemini-2.5,True,base,semantic_multi,flat_verbose,10,20,IVQ,ordinal,8,1.0,,1.0,1.0,0.0495,50,,,,,,,raw,experiments_cloud/results/ucurve_proprietary_results.csv,upstream source_file: experiments_cloud/results/ucurve_proprietary/gemini-2.5-flash/ucurve_20260520_131034.json
03_prompt_format,gemini-2.5-flash,Gemini-2.5,True,base,semantic_multi,flat_verbose,10,20,IVQ,ordinal,10,1.0,,1.0,1.0,0.0495,50,,,,,,,raw,experiments_cloud/results/ucurve_proprietary_results.csv,upstream source_file: experiments_cloud/results/ucurve_proprietary/gemini-2.5-flash/ucurve_20260520_131034.json
03_prompt_format,gemini-2.5-flash,Gemini-2.5,True,base,semantic_multi,flat_verbose,10,20,IVQ,ordinal,11,1.0,,1.0,1.0,0.0495,50,,,,,,,raw,experiments_cloud/results/ucurve_proprietary_results.csv,upstream source_file: experiments_cloud/results/ucurve_proprietary/gemini-2.5-flash/ucurve_20260520_131034.json
03_prompt_format,gemini-2.5-flash,Gemini-2.5,True,base,semantic_multi,flat_verbose,10,20,IVQ,ordinal,13,1.0,,1.0,1.0,0.0495,50,,,,,,,raw,experiments_cloud/results/ucurve_proprietary_results.csv,upstream source_file: experiments_cloud/results/ucurve_proprietary/gemini-2.5-flash/ucurve_20260520_131034.json
03_prompt_format,gemini-2.5-flash,Gemini-2.5,True,base,semantic_multi,flat_verbose,10,20,IVQ,ordinal,14,1.0,,1.0,1.0,0.0495,50,,,,,,,raw,experiments_cloud/results/ucurve_proprietary_results.csv,upstream source_file: experiments_cloud/results/ucurve_proprietary/gemini-2.5-flash/ucurve_20260520_131034.json
03_prompt_format,gemini-2.5-flash,Gemini-2.5,True,base,semantic_multi,flat_verbose,10,20,IVQ,ordinal,16,1.0,,1.0,1.0,0.0495,50,,,,,,,raw,experiments_cloud/results/ucurve_proprietary_results.csv,upstream source_file: experiments_cloud/results/ucurve_proprietary/gemini-2.5-flash/ucurve_20260520_131034.json
03_prompt_format,gemini-2.5-flash,Gemini-2.5,True,base,semantic_multi,flat_verbose,10,20,IVQ,ordinal,17,1.0,,1.0,1.0,0.0495,50,,,,,,,raw,experiments_cloud/results/ucurve_proprietary_results.csv,upstream source_file: experiments_cloud/results/ucurve_proprietary/gemini-2.5-flash/ucurve_20260520_131034.json
03_prompt_format,gemini-2.5-flash,Gemini-2.5,True,base,semantic_multi,flat_verbose,10,20,IVQ,ordinal,19,1.0,,1.0,1.0,0.0495,50,,,,,,,raw,experiments_cloud/results/ucurve_proprietary_results.csv,upstream source_file: experiments_cloud/results/ucurve_proprietary/gemini-2.5-flash/ucurve_20260520_131034.json
03_prompt_format,gemini-2.5-flash,Gemini-2.5,True,base,semantic_multi,flat_verbose,10,20,CVQ,ordinal,20,1.0,,1.0,1.0,0.0495,50,,,,,,,raw,experiments_cloud/results/ucurve_proprietary_results.csv,upstream source_file: experiments_cloud/results/ucurve_proprietary/gemini-2.5-flash/ucurve_20260520_131034.json
03_prompt_format,gemini-2.5-flash,Gemini-2.5,True,base,semantic_multi,flat_verbose,10,20,CVQ,semantic,last,1.0,,1.0,1.0,0.0495,50,,,,,,,raw,experiments_cloud/results/ucurve_proprietary_results.csv,upstream source_file: experiments_cloud/results/ucurve_proprietary/gemini-2.5-flash/ucurve_20260520_131034.json
03_prompt_format,gemini-2.5-flash,Gemini-2.5,True,base,semantic_multi,flat_verbose,10,50,FVQ,ordinal,1,1.0,,1.0,1.0,0.0407,62,,,,,,,raw,experiments_cloud/results/ucurve_proprietary_results.csv,upstream source_file: experiments_cloud/results/ucurve_proprietary/gemini-2.5-flash/ucurve_20260520_131034.json
03_prompt_format,gemini-2.5-flash,Gemini-2.5,True,base,semantic_multi,flat_verbose,10,50,IVQ,ordinal,2,1.0,,1.0,1.0,0.0407,62,,,,,,,raw,experiments_cloud/results/ucurve_proprietary_results.csv,upstream source_file: experiments_cloud/results/ucurve_proprietary/gemini-2.5-flash/ucurve_20260520_131034.json
03_prompt_format,gemini-2.5-flash,Gemini-2.5,True,base,semantic_multi,flat_verbose,10,50,IVQ,ordinal,3,1.0,,1.0,1.0,0.0407,62,,,,,,,raw,experiments_cloud/results/ucurve_proprietary_results.csv,upstream source_file: experiments_cloud/results/ucurve_proprietary/gemini-2.5-flash/ucurve_20260520_131034.json
03_prompt_format,gemini-2.5-flash,Gemini-2.5,True,base,semantic_multi,flat_verbose,10,50,IVQ,ordinal,4,1.0,,1.0,1.0,0.0407,62,,,,,,,raw,experiments_cloud/results/ucurve_proprietary_results.csv,upstream source_file: experiments_cloud/results/ucurve_proprietary/gemini-2.5-flash/ucurve_20260520_131034.json
03_prompt_format,gemini-2.5-flash,Gemini-2.5,True,base,semantic_multi,flat_verbose,10,50,IVQ,ordinal,5,1.0,,1.0,1.0,0.0407,62,,,,,,,raw,experiments_cloud/results/ucurve_proprietary_results.csv,upstream source_file: experiments_cloud/results/ucurve_proprietary/gemini-2.5-flash/ucurve_20260520_131034.json
03_prompt_format,gemini-2.5-flash,Gemini-2.5,True,base,semantic_multi,flat_verbose,10,50,IVQ,ordinal,6,1.0,,1.0,1.0,0.0407,62,,,,,,,raw,experiments_cloud/results/ucurve_proprietary_results.csv,upstream source_file: experiments_cloud/results/ucurve_proprietary/gemini-2.5-flash/ucurve_20260520_131034.json
03_prompt_format,gemini-2.5-flash,Gemini-2.5,True,base,semantic_multi,flat_verbose,10,50,IVQ,ordinal,7,1.0,,1.0,1.0,0.0407,62,,,,,,,raw,experiments_cloud/results/ucurve_proprietary_results.csv,upstream source_file: experiments_cloud/results/ucurve_proprietary/gemini-2.5-flash/ucurve_20260520_131034.json
03_prompt_format,gemini-2.5-flash,Gemini-2.5,True,base,semantic_multi,flat_verbose,10,50,IVQ,ordinal,8,1.0,,1.0,1.0,0.0407,62,,,,,,,raw,experiments_cloud/results/ucurve_proprietary_results.csv,upstream source_file: experiments_cloud/results/ucurve_proprietary/gemini-2.5-flash/ucurve_20260520_131034.json
03_prompt_format,gemini-2.5-flash,Gemini-2.5,True,base,semantic_multi,flat_verbose,10,50,IVQ,ordinal,14,1.0,,1.0,1.0,0.0407,62,,,,,,,raw,experiments_cloud/results/ucurve_proprietary_results.csv,upstream source_file: experiments_cloud/results/ucurve_proprietary/gemini-2.5-flash/ucurve_20260520_131034.json
03_prompt_format,gemini-2.5-flash,Gemini-2.5,True,base,semantic_multi,flat_verbose,10,50,IVQ,ordinal,20,1.0,,1.0,1.0,0.0407,62,,,,,,,raw,experiments_cloud/results/ucurve_proprietary_results.csv,upstream source_file: experiments_cloud/results/ucurve_proprietary/gemini-2.5-flash/ucurve_20260520_131034.json
03_prompt_format,gemini-2.5-flash,Gemini-2.5,True,base,semantic_multi,flat_verbose,10,50,IVQ,ordinal,26,1.0,,1.0,1.0,0.0407,62,,,,,,,raw,experiments_cloud/results/ucurve_proprietary_results.csv,upstream source_file: experiments_cloud/results/ucurve_proprietary/gemini-2.5-flash/ucurve_20260520_131034.json
03_prompt_format,gemini-2.5-flash,Gemini-2.5,True,base,semantic_multi,flat_verbose,10,50,IVQ,ordinal,31,1.0,,1.0,1.0,0.0407,62,,,,,,,raw,experiments_cloud/results/ucurve_proprietary_results.csv,upstream source_file: experiments_cloud/results/ucurve_proprietary/gemini-2.5-flash/ucurve_20260520_131034.json
03_prompt_format,gemini-2.5-flash,Gemini-2.5,True,base,semantic_multi,flat_verbose,10,50,IVQ,ordinal,37,1.0,,1.0,1.0,0.0407,62,,,,,,,raw,experiments_cloud/results/ucurve_proprietary_results.csv,upstream source_file: experiments_cloud/results/ucurve_proprietary/gemini-2.5-flash/ucurve_20260520_131034.json
03_prompt_format,gemini-2.5-flash,Gemini-2.5,True,base,semantic_multi,flat_verbose,10,50,IVQ,ordinal,43,1.0,,1.0,1.0,0.0407,62,,,,,,,raw,experiments_cloud/results/ucurve_proprietary_results.csv,upstream source_file: experiments_cloud/results/ucurve_proprietary/gemini-2.5-flash/ucurve_20260520_131034.json
03_prompt_format,gemini-2.5-flash,Gemini-2.5,True,base,semantic_multi,flat_verbose,10,50,IVQ,ordinal,49,1.0,,1.0,1.0,0.0407,62,,,,,,,raw,experiments_cloud/results/ucurve_proprietary_results.csv,upstream source_file: experiments_cloud/results/ucurve_proprietary/gemini-2.5-flash/ucurve_20260520_131034.json
03_prompt_format,gemini-2.5-flash,Gemini-2.5,True,base,semantic_multi,flat_verbose,10,50,CVQ,ordinal,50,1.0,,1.0,1.0,0.0407,62,,,,,,,raw,experiments_cloud/results/ucurve_proprietary_results.csv,upstream source_file: experiments_cloud/results/ucurve_proprietary/gemini-2.5-flash/ucurve_20260520_131034.json
03_prompt_format,gemini-2.5-flash,Gemini-2.5,True,base,semantic_multi,flat_verbose,10,50,CVQ,semantic,last,0.9839,,0.9516,1.0,0.0497,62,,,,,,,raw,experiments_cloud/results/ucurve_proprietary_results.csv,upstream source_file: experiments_cloud/results/ucurve_proprietary/gemini-2.5-flash/ucurve_20260520_131034.json
03_prompt_format,gemini-2.5-flash,Gemini-2.5,True,base,semantic_multi,landmark,5,10,FVQ,ordinal,1,1.0,,1.0,1.0,0.0495,50,,,,,,,raw,experiments_cloud/results/ucurve_proprietary_results.csv,upstream source_file: experiments_cloud/results/ucurve_proprietary/gemini-2.5-flash/ucurve_20260520_131034.json
03_prompt_format,gemini-2.5-flash,Gemini-2.5,True,base,semantic_multi,landmark,5,10,IVQ,ordinal,2,1.0,,1.0,1.0,0.0495,50,,,,,,,raw,experiments_cloud/results/ucurve_proprietary_results.csv,upstream source_file: experiments_cloud/results/ucurve_proprietary/gemini-2.5-flash/ucurve_20260520_131034.json
03_prompt_format,gemini-2.5-flash,Gemini-2.5,True,base,semantic_multi,landmark,5,10,IVQ,ordinal,3,1.0,,1.0,1.0,0.0495,50,,,,,,,raw,experiments_cloud/results/ucurve_proprietary_results.csv,upstream source_file: experiments_cloud/results/ucurve_proprietary/gemini-2.5-flash/ucurve_20260520_131034.json
03_prompt_format,gemini-2.5-flash,Gemini-2.5,True,base,semantic_multi,landmark,5,10,IVQ,ordinal,4,1.0,,1.0,1.0,0.0495,50,,,,,,,raw,experiments_cloud/results/ucurve_proprietary_results.csv,upstream source_file: experiments_cloud/results/ucurve_proprietary/gemini-2.5-flash/ucurve_20260520_131034.json
03_prompt_format,gemini-2.5-flash,Gemini-2.5,True,base,semantic_multi,landmark,5,10,IVQ,ordinal,5,1.0,,1.0,1.0,0.0495,50,,,,,,,raw,experiments_cloud/results/ucurve_proprietary_results.csv,upstream source_file: experiments_cloud/results/ucurve_proprietary/gemini-2.5-flash/ucurve_20260520_131034.json
03_prompt_format,gemini-2.5-flash,Gemini-2.5,True,base,semantic_multi,landmark,5,10,IVQ,ordinal,6,1.0,,1.0,1.0,0.0495,50,,,,,,,raw,experiments_cloud/results/ucurve_proprietary_results.csv,upstream source_file: experiments_cloud/results/ucurve_proprietary/gemini-2.5-flash/ucurve_20260520_131034.json
03_prompt_format,gemini-2.5-flash,Gemini-2.5,True,base,semantic_multi,landmark,5,10,IVQ,ordinal,7,1.0,,1.0,1.0,0.0495,50,,,,,,,raw,experiments_cloud/results/ucurve_proprietary_results.csv,upstream source_file: experiments_cloud/results/ucurve_proprietary/gemini-2.5-flash/ucurve_20260520_131034.json
03_prompt_format,gemini-2.5-flash,Gemini-2.5,True,base,semantic_multi,landmark,5,10,IVQ,ordinal,8,1.0,,1.0,1.0,0.0495,50,,,,,,,raw,experiments_cloud/results/ucurve_proprietary_results.csv,upstream source_file: experiments_cloud/results/ucurve_proprietary/gemini-2.5-flash/ucurve_20260520_131034.json
03_prompt_format,gemini-2.5-flash,Gemini-2.5,True,base,semantic_multi,landmark,5,10,IVQ,ordinal,9,1.0,,1.0,1.0,0.0495,50,,,,,,,raw,experiments_cloud/results/ucurve_proprietary_results.csv,upstream source_file: experiments_cloud/results/ucurve_proprietary/gemini-2.5-flash/ucurve_20260520_131034.json
03_prompt_format,gemini-2.5-flash,Gemini-2.5,True,base,semantic_multi,landmark,5,10,CVQ,ordinal,10,1.0,,1.0,1.0,0.0495,50,,,,,,,raw,experiments_cloud/results/ucurve_proprietary_results.csv,upstream source_file: experiments_cloud/results/ucurve_proprietary/gemini-2.5-flash/ucurve_20260520_131034.json
03_prompt_format,gemini-2.5-flash,Gemini-2.5,True,base,semantic_multi,landmark,5,10,CVQ,semantic,last,1.0,,1.0,1.0,0.0495,50,,,,,,,raw,experiments_cloud/results/ucurve_proprietary_results.csv,upstream source_file: experiments_cloud/results/ucurve_proprietary/gemini-2.5-flash/ucurve_20260520_131034.json
03_prompt_format,gemini-2.5-flash,Gemini-2.5,True,base,semantic_multi,landmark,5,20,FVQ,ordinal,1,1.0,,1.0,1.0,0.0354,72,,,,,,,raw,experiments_cloud/results/ucurve_proprietary_results.csv,upstream source_file: experiments_cloud/results/ucurve_proprietary/gemini-2.5-flash/ucurve_20260520_131034.json
03_prompt_format,gemini-2.5-flash,Gemini-2.5,True,base,semantic_multi,landmark,5,20,IVQ,ordinal,2,1.0,,1.0,1.0,0.0354,72,,,,,,,raw,experiments_cloud/results/ucurve_proprietary_results.csv,upstream source_file: experiments_cloud/results/ucurve_proprietary/gemini-2.5-flash/ucurve_20260520_131034.json
03_prompt_format,gemini-2.5-flash,Gemini-2.5,True,base,semantic_multi,landmark,5,20,IVQ,ordinal,3,1.0,,1.0,1.0,0.0354,72,,,,,,,raw,experiments_cloud/results/ucurve_proprietary_results.csv,upstream source_file: experiments_cloud/results/ucurve_proprietary/gemini-2.5-flash/ucurve_20260520_131034.json
03_prompt_format,gemini-2.5-flash,Gemini-2.5,True,base,semantic_multi,landmark,5,20,IVQ,ordinal,4,1.0,,1.0,1.0,0.0354,72,,,,,,,raw,experiments_cloud/results/ucurve_proprietary_results.csv,upstream source_file: experiments_cloud/results/ucurve_proprietary/gemini-2.5-flash/ucurve_20260520_131034.json
03_prompt_format,gemini-2.5-flash,Gemini-2.5,True,base,semantic_multi,landmark,5,20,IVQ,ordinal,5,1.0,,1.0,1.0,0.0354,72,,,,,,,raw,experiments_cloud/results/ucurve_proprietary_results.csv,upstream source_file: experiments_cloud/results/ucurve_proprietary/gemini-2.5-flash/ucurve_20260520_131034.json
03_prompt_format,gemini-2.5-flash,Gemini-2.5,True,base,semantic_multi,landmark,5,20,IVQ,ordinal,6,1.0,,1.0,1.0,0.0354,72,,,,,,,raw,experiments_cloud/results/ucurve_proprietary_results.csv,upstream source_file: experiments_cloud/results/ucurve_proprietary/gemini-2.5-flash/ucurve_20260520_131034.json
03_prompt_format,gemini-2.5-flash,Gemini-2.5,True,base,semantic_multi,landmark,5,20,IVQ,ordinal,7,1.0,,1.0,1.0,0.0354,72,,,,,,,raw,experiments_cloud/results/ucurve_proprietary_results.csv,upstream source_file: experiments_cloud/results/ucurve_proprietary/gemini-2.5-flash/ucurve_20260520_131034.json
03_prompt_format,gemini-2.5-flash,Gemini-2.5,True,base,semantic_multi,landmark,5,20,IVQ,ordinal,8,1.0,,1.0,1.0,0.0354,72,,,,,,,raw,experiments_cloud/results/ucurve_proprietary_results.csv,upstream source_file: experiments_cloud/results/ucurve_proprietary/gemini-2.5-flash/ucurve_20260520_131034.json
03_prompt_format,gemini-2.5-flash,Gemini-2.5,True,base,semantic_multi,landmark,5,20,IVQ,ordinal,10,1.0,,1.0,1.0,0.0354,72,,,,,,,raw,experiments_cloud/results/ucurve_proprietary_results.csv,upstream source_file: experiments_cloud/results/ucurve_proprietary/gemini-2.5-flash/ucurve_20260520_131034.json
03_prompt_format,gemini-2.5-flash,Gemini-2.5,True,base,semantic_multi,landmark,5,20,IVQ,ordinal,11,1.0,,1.0,1.0,0.0354,72,,,,,,,raw,experiments_cloud/results/ucurve_proprietary_results.csv,upstream source_file: experiments_cloud/results/ucurve_proprietary/gemini-2.5-flash/ucurve_20260520_131034.json
03_prompt_format,gemini-2.5-flash,Gemini-2.5,True,base,semantic_multi,landmark,5,20,IVQ,ordinal,13,1.0,,1.0,1.0,0.0354,72,,,,,,,raw,experiments_cloud/results/ucurve_proprietary_results.csv,upstream source_file: experiments_cloud/results/ucurve_proprietary/gemini-2.5-flash/ucurve_20260520_131034.json
03_prompt_format,gemini-2.5-flash,Gemini-2.5,True,base,semantic_multi,landmark,5,20,IVQ,ordinal,14,1.0,,1.0,1.0,0.0354,72,,,,,,,raw,experiments_cloud/results/ucurve_proprietary_results.csv,upstream source_file: experiments_cloud/results/ucurve_proprietary/gemini-2.5-flash/ucurve_20260520_131034.json
03_prompt_format,gemini-2.5-flash,Gemini-2.5,True,base,semantic_multi,landmark,5,20,IVQ,ordinal,16,1.0,,1.0,1.0,0.0354,72,,,,,,,raw,experiments_cloud/results/ucurve_proprietary_results.csv,upstream source_file: experiments_cloud/results/ucurve_proprietary/gemini-2.5-flash/ucurve_20260520_131034.json
03_prompt_format,gemini-2.5-flash,Gemini-2.5,True,base,semantic_multi,landmark,5,20,IVQ,ordinal,17,1.0,,1.0,1.0,0.0354,72,,,,,,,raw,experiments_cloud/results/ucurve_proprietary_results.csv,upstream source_file: experiments_cloud/results/ucurve_proprietary/gemini-2.5-flash/ucurve_20260520_131034.json
03_prompt_format,gemini-2.5-flash,Gemini-2.5,True,base,semantic_multi,landmark,5,20,IVQ,ordinal,19,1.0,,1.0,1.0,0.0354,72,,,,,,,raw,experiments_cloud/results/ucurve_proprietary_results.csv,upstream source_file: experiments_cloud/results/ucurve_proprietary/gemini-2.5-flash/ucurve_20260520_131034.json
03_prompt_format,gemini-2.5-flash,Gemini-2.5,True,base,semantic_multi,landmark,5,20,CVQ,ordinal,20,1.0,,1.0,1.0,0.0354,72,,,,,,,raw,experiments_cloud/results/ucurve_proprietary_results.csv,upstream source_file: experiments_cloud/results/ucurve_proprietary/gemini-2.5-flash/ucurve_20260520_131034.json
03_prompt_format,gemini-2.5-flash,Gemini-2.5,True,base,semantic_multi,landmark,5,20,CVQ,semantic,last,0.9722,,0.9306,1.0,0.0498,72,,,,,,,raw,experiments_cloud/results/ucurve_proprietary_results.csv,upstream source_file: experiments_cloud/results/ucurve_proprietary/gemini-2.5-flash/ucurve_20260520_131034.json
03_prompt_format,gemini-2.5-flash,Gemini-2.5,True,base,semantic_multi,landmark,5,50,FVQ,ordinal,1,1.0,,1.0,1.0,0.0269,96,,,,,,,raw,experiments_cloud/results/ucurve_proprietary_results.csv,upstream source_file: experiments_cloud/results/ucurve_proprietary/gemini-2.5-flash/ucurve_20260520_131034.json
03_prompt_format,gemini-2.5-flash,Gemini-2.5,True,base,semantic_multi,landmark,5,50,IVQ,ordinal,2,1.0,,1.0,1.0,0.0269,96,,,,,,,raw,experiments_cloud/results/ucurve_proprietary_results.csv,upstream source_file: experiments_cloud/results/ucurve_proprietary/gemini-2.5-flash/ucurve_20260520_131034.json
03_prompt_format,gemini-2.5-flash,Gemini-2.5,True,base,semantic_multi,landmark,5,50,IVQ,ordinal,3,1.0,,1.0,1.0,0.0269,96,,,,,,,raw,experiments_cloud/results/ucurve_proprietary_results.csv,upstream source_file: experiments_cloud/results/ucurve_proprietary/gemini-2.5-flash/ucurve_20260520_131034.json
03_prompt_format,gemini-2.5-flash,Gemini-2.5,True,base,semantic_multi,landmark,5,50,IVQ,ordinal,4,1.0,,1.0,1.0,0.0269,96,,,,,,,raw,experiments_cloud/results/ucurve_proprietary_results.csv,upstream source_file: experiments_cloud/results/ucurve_proprietary/gemini-2.5-flash/ucurve_20260520_131034.json
03_prompt_format,gemini-2.5-flash,Gemini-2.5,True,base,semantic_multi,landmark,5,50,IVQ,ordinal,5,1.0,,1.0,1.0,0.0269,96,,,,,,,raw,experiments_cloud/results/ucurve_proprietary_results.csv,upstream source_file: experiments_cloud/results/ucurve_proprietary/gemini-2.5-flash/ucurve_20260520_131034.json
03_prompt_format,gemini-2.5-flash,Gemini-2.5,True,base,semantic_multi,landmark,5,50,IVQ,ordinal,6,1.0,,1.0,1.0,0.0269,96,,,,,,,raw,experiments_cloud/results/ucurve_proprietary_results.csv,upstream source_file: experiments_cloud/results/ucurve_proprietary/gemini-2.5-flash/ucurve_20260520_131034.json
03_prompt_format,gemini-2.5-flash,Gemini-2.5,True,base,semantic_multi,landmark,5,50,IVQ,ordinal,7,1.0,,1.0,1.0,0.0269,96,,,,,,,raw,experiments_cloud/results/ucurve_proprietary_results.csv,upstream source_file: experiments_cloud/results/ucurve_proprietary/gemini-2.5-flash/ucurve_20260520_131034.json
03_prompt_format,gemini-2.5-flash,Gemini-2.5,True,base,semantic_multi,landmark,5,50,IVQ,ordinal,8,0.9896,,0.9688,1.0,0.0331,96,,,,,,,raw,experiments_cloud/results/ucurve_proprietary_results.csv,upstream source_file: experiments_cloud/results/ucurve_proprietary/gemini-2.5-flash/ucurve_20260520_131034.json
03_prompt_format,gemini-2.5-flash,Gemini-2.5,True,base,semantic_multi,landmark,5,50,IVQ,ordinal,14,1.0,,1.0,1.0,0.0269,96,,,,,,,raw,experiments_cloud/results/ucurve_proprietary_results.csv,upstream source_file: experiments_cloud/results/ucurve_proprietary/gemini-2.5-flash/ucurve_20260520_131034.json
03_prompt_format,gemini-2.5-flash,Gemini-2.5,True,base,semantic_multi,landmark,5,50,IVQ,ordinal,20,1.0,,1.0,1.0,0.0269,96,,,,,,,raw,experiments_cloud/results/ucurve_proprietary_results.csv,upstream source_file: experiments_cloud/results/ucurve_proprietary/gemini-2.5-flash/ucurve_20260520_131034.json
03_prompt_format,gemini-2.5-flash,Gemini-2.5,True,base,semantic_multi,landmark,5,50,IVQ,ordinal,26,1.0,,1.0,1.0,0.0269,96,,,,,,,raw,experiments_cloud/results/ucurve_proprietary_results.csv,upstream source_file: experiments_cloud/results/ucurve_proprietary/gemini-2.5-flash/ucurve_20260520_131034.json
03_prompt_format,gemini-2.5-flash,Gemini-2.5,True,base,semantic_multi,landmark,5,50,IVQ,ordinal,31,1.0,,1.0,1.0,0.0269,96,,,,,,,raw,experiments_cloud/results/ucurve_proprietary_results.csv,upstream source_file: experiments_cloud/results/ucurve_proprietary/gemini-2.5-flash/ucurve_20260520_131034.json
03_prompt_format,gemini-2.5-flash,Gemini-2.5,True,base,semantic_multi,landmark,5,50,IVQ,ordinal,37,1.0,,1.0,1.0,0.0269,96,,,,,,,raw,experiments_cloud/results/ucurve_proprietary_results.csv,upstream source_file: experiments_cloud/results/ucurve_proprietary/gemini-2.5-flash/ucurve_20260520_131034.json
03_prompt_format,gemini-2.5-flash,Gemini-2.5,True,base,semantic_multi,landmark,5,50,IVQ,ordinal,43,1.0,,1.0,1.0,0.0269,96,,,,,,,raw,experiments_cloud/results/ucurve_proprietary_results.csv,upstream source_file: experiments_cloud/results/ucurve_proprietary/gemini-2.5-flash/ucurve_20260520_131034.json
03_prompt_format,gemini-2.5-flash,Gemini-2.5,True,base,semantic_multi,landmark,5,50,IVQ,ordinal,49,0.9792,,0.9479,1.0,0.0381,96,,,,,,,raw,experiments_cloud/results/ucurve_proprietary_results.csv,upstream source_file: experiments_cloud/results/ucurve_proprietary/gemini-2.5-flash/ucurve_20260520_131034.json
03_prompt_format,gemini-2.5-flash,Gemini-2.5,True,base,semantic_multi,landmark,5,50,CVQ,ordinal,50,1.0,,1.0,1.0,0.0269,96,,,,,,,raw,experiments_cloud/results/ucurve_proprietary_results.csv,upstream source_file: experiments_cloud/results/ucurve_proprietary/gemini-2.5-flash/ucurve_20260520_131034.json
03_prompt_format,gemini-2.5-flash,Gemini-2.5,True,base,semantic_multi,landmark,5,50,CVQ,semantic,last,0.9479,,0.8958,0.9896,0.0498,96,,,,,,,raw,experiments_cloud/results/ucurve_proprietary_results.csv,upstream source_file: experiments_cloud/results/ucurve_proprietary/gemini-2.5-flash/ucurve_20260520_131034.json
03_prompt_format,gemini-2.5-flash,Gemini-2.5,True,base,semantic_multi,landmark,10,10,FVQ,ordinal,1,1.0,,1.0,1.0,0.0354,72,,,,,,,raw,experiments_cloud/results/ucurve_proprietary_results.csv,upstream source_file: experiments_cloud/results/ucurve_proprietary/gemini-2.5-flash/ucurve_20260520_131034.json
03_prompt_format,gemini-2.5-flash,Gemini-2.5,True,base,semantic_multi,landmark,10,10,IVQ,ordinal,2,1.0,,1.0,1.0,0.0354,72,,,,,,,raw,experiments_cloud/results/ucurve_proprietary_results.csv,upstream source_file: experiments_cloud/results/ucurve_proprietary/gemini-2.5-flash/ucurve_20260520_131034.json
03_prompt_format,gemini-2.5-flash,Gemini-2.5,True,base,semantic_multi,landmark,10,10,IVQ,ordinal,3,1.0,,1.0,1.0,0.0354,72,,,,,,,raw,experiments_cloud/results/ucurve_proprietary_results.csv,upstream source_file: experiments_cloud/results/ucurve_proprietary/gemini-2.5-flash/ucurve_20260520_131034.json
03_prompt_format,gemini-2.5-flash,Gemini-2.5,True,base,semantic_multi,landmark,10,10,IVQ,ordinal,4,0.9861,,0.9583,1.0,0.0433,72,,,,,,,raw,experiments_cloud/results/ucurve_proprietary_results.csv,upstream source_file: experiments_cloud/results/ucurve_proprietary/gemini-2.5-flash/ucurve_20260520_131034.json
03_prompt_format,gemini-2.5-flash,Gemini-2.5,True,base,semantic_multi,landmark,10,10,IVQ,ordinal,5,1.0,,1.0,1.0,0.0354,72,,,,,,,raw,experiments_cloud/results/ucurve_proprietary_results.csv,upstream source_file: experiments_cloud/results/ucurve_proprietary/gemini-2.5-flash/ucurve_20260520_131034.json
03_prompt_format,gemini-2.5-flash,Gemini-2.5,True,base,semantic_multi,landmark,10,10,IVQ,ordinal,6,1.0,,1.0,1.0,0.0354,72,,,,,,,raw,experiments_cloud/results/ucurve_proprietary_results.csv,upstream source_file: experiments_cloud/results/ucurve_proprietary/gemini-2.5-flash/ucurve_20260520_131034.json
03_prompt_format,gemini-2.5-flash,Gemini-2.5,True,base,semantic_multi,landmark,10,10,IVQ,ordinal,7,1.0,,1.0,1.0,0.0354,72,,,,,,,raw,experiments_cloud/results/ucurve_proprietary_results.csv,upstream source_file: experiments_cloud/results/ucurve_proprietary/gemini-2.5-flash/ucurve_20260520_131034.json
03_prompt_format,gemini-2.5-flash,Gemini-2.5,True,base,semantic_multi,landmark,10,10,IVQ,ordinal,8,1.0,,1.0,1.0,0.0354,72,,,,,,,raw,experiments_cloud/results/ucurve_proprietary_results.csv,upstream source_file: experiments_cloud/results/ucurve_proprietary/gemini-2.5-flash/ucurve_20260520_131034.json
03_prompt_format,gemini-2.5-flash,Gemini-2.5,True,base,semantic_multi,landmark,10,10,IVQ,ordinal,9,1.0,,1.0,1.0,0.0354,72,,,,,,,raw,experiments_cloud/results/ucurve_proprietary_results.csv,upstream source_file: experiments_cloud/results/ucurve_proprietary/gemini-2.5-flash/ucurve_20260520_131034.json
03_prompt_format,gemini-2.5-flash,Gemini-2.5,True,base,semantic_multi,landmark,10,10,CVQ,ordinal,10,1.0,,1.0,1.0,0.0354,72,,,,,,,raw,experiments_cloud/results/ucurve_proprietary_results.csv,upstream source_file: experiments_cloud/results/ucurve_proprietary/gemini-2.5-flash/ucurve_20260520_131034.json
03_prompt_format,gemini-2.5-flash,Gemini-2.5,True,base,semantic_multi,landmark,10,10,CVQ,semantic,last,0.9722,,0.9306,1.0,0.0498,72,,,,,,,raw,experiments_cloud/results/ucurve_proprietary_results.csv,upstream source_file: experiments_cloud/results/ucurve_proprietary/gemini-2.5-flash/ucurve_20260520_131034.json
03_prompt_format,gemini-2.5-flash,Gemini-2.5,True,base,semantic_multi,landmark,10,20,FVQ,ordinal,1,1.0,,1.0,1.0,0.0407,62,,,,,,,raw,experiments_cloud/results/ucurve_proprietary_results.csv,upstream source_file: experiments_cloud/results/ucurve_proprietary/gemini-2.5-flash/ucurve_20260520_131034.json
03_prompt_format,gemini-2.5-flash,Gemini-2.5,True,base,semantic_multi,landmark,10,20,IVQ,ordinal,2,1.0,,1.0,1.0,0.0407,62,,,,,,,raw,experiments_cloud/results/ucurve_proprietary_results.csv,upstream source_file: experiments_cloud/results/ucurve_proprietary/gemini-2.5-flash/ucurve_20260520_131034.json
03_prompt_format,gemini-2.5-flash,Gemini-2.5,True,base,semantic_multi,landmark,10,20,IVQ,ordinal,3,1.0,,1.0,1.0,0.0407,62,,,,,,,raw,experiments_cloud/results/ucurve_proprietary_results.csv,upstream source_file: experiments_cloud/results/ucurve_proprietary/gemini-2.5-flash/ucurve_20260520_131034.json
03_prompt_format,gemini-2.5-flash,Gemini-2.5,True,base,semantic_multi,landmark,10,20,IVQ,ordinal,4,1.0,,1.0,1.0,0.0407,62,,,,,,,raw,experiments_cloud/results/ucurve_proprietary_results.csv,upstream source_file: experiments_cloud/results/ucurve_proprietary/gemini-2.5-flash/ucurve_20260520_131034.json
03_prompt_format,gemini-2.5-flash,Gemini-2.5,True,base,semantic_multi,landmark,10,20,IVQ,ordinal,5,1.0,,1.0,1.0,0.0407,62,,,,,,,raw,experiments_cloud/results/ucurve_proprietary_results.csv,upstream source_file: experiments_cloud/results/ucurve_proprietary/gemini-2.5-flash/ucurve_20260520_131034.json
03_prompt_format,gemini-2.5-flash,Gemini-2.5,True,base,semantic_multi,landmark,10,20,IVQ,ordinal,6,1.0,,1.0,1.0,0.0407,62,,,,,,,raw,experiments_cloud/results/ucurve_proprietary_results.csv,upstream source_file: experiments_cloud/results/ucurve_proprietary/gemini-2.5-flash/ucurve_20260520_131034.json
03_prompt_format,gemini-2.5-flash,Gemini-2.5,True,base,semantic_multi,landmark,10,20,IVQ,ordinal,7,1.0,,1.0,1.0,0.0407,62,,,,,,,raw,experiments_cloud/results/ucurve_proprietary_results.csv,upstream source_file: experiments_cloud/results/ucurve_proprietary/gemini-2.5-flash/ucurve_20260520_131034.json
03_prompt_format,gemini-2.5-flash,Gemini-2.5,True,base,semantic_multi,landmark,10,20,IVQ,ordinal,8,1.0,,1.0,1.0,0.0407,62,,,,,,,raw,experiments_cloud/results/ucurve_proprietary_results.csv,upstream source_file: experiments_cloud/results/ucurve_proprietary/gemini-2.5-flash/ucurve_20260520_131034.json
03_prompt_format,gemini-2.5-flash,Gemini-2.5,True,base,semantic_multi,landmark,10,20,IVQ,ordinal,10,1.0,,1.0,1.0,0.0407,62,,,,,,,raw,experiments_cloud/results/ucurve_proprietary_results.csv,upstream source_file: experiments_cloud/results/ucurve_proprietary/gemini-2.5-flash/ucurve_20260520_131034.json
03_prompt_format,gemini-2.5-flash,Gemini-2.5,True,base,semantic_multi,landmark,10,20,IVQ,ordinal,11,1.0,,1.0,1.0,0.0407,62,,,,,,,raw,experiments_cloud/results/ucurve_proprietary_results.csv,upstream source_file: experiments_cloud/results/ucurve_proprietary/gemini-2.5-flash/ucurve_20260520_131034.json
03_prompt_format,gemini-2.5-flash,Gemini-2.5,True,base,semantic_multi,landmark,10,20,IVQ,ordinal,13,1.0,,1.0,1.0,0.0407,62,,,,,,,raw,experiments_cloud/results/ucurve_proprietary_results.csv,upstream source_file: experiments_cloud/results/ucurve_proprietary/gemini-2.5-flash/ucurve_20260520_131034.json
03_prompt_format,gemini-2.5-flash,Gemini-2.5,True,base,semantic_multi,landmark,10,20,IVQ,ordinal,14,0.9839,,0.9516,1.0,0.0497,62,,,,,,,raw,experiments_cloud/results/ucurve_proprietary_results.csv,upstream source_file: experiments_cloud/results/ucurve_proprietary/gemini-2.5-flash/ucurve_20260520_131034.json
03_prompt_format,gemini-2.5-flash,Gemini-2.5,True,base,semantic_multi,landmark,10,20,IVQ,ordinal,16,1.0,,1.0,1.0,0.0407,62,,,,,,,raw,experiments_cloud/results/ucurve_proprietary_results.csv,upstream source_file: experiments_cloud/results/ucurve_proprietary/gemini-2.5-flash/ucurve_20260520_131034.json
03_prompt_format,gemini-2.5-flash,Gemini-2.5,True,base,semantic_multi,landmark,10,20,IVQ,ordinal,17,1.0,,1.0,1.0,0.0407,62,,,,,,,raw,experiments_cloud/results/ucurve_proprietary_results.csv,upstream source_file: experiments_cloud/results/ucurve_proprietary/gemini-2.5-flash/ucurve_20260520_131034.json
03_prompt_format,gemini-2.5-flash,Gemini-2.5,True,base,semantic_multi,landmark,10,20,IVQ,ordinal,19,1.0,,1.0,1.0,0.0407,62,,,,,,,raw,experiments_cloud/results/ucurve_proprietary_results.csv,upstream source_file: experiments_cloud/results/ucurve_proprietary/gemini-2.5-flash/ucurve_20260520_131034.json
03_prompt_format,gemini-2.5-flash,Gemini-2.5,True,base,semantic_multi,landmark,10,20,CVQ,ordinal,20,1.0,,1.0,1.0,0.0407,62,,,,,,,raw,experiments_cloud/results/ucurve_proprietary_results.csv,upstream source_file: experiments_cloud/results/ucurve_proprietary/gemini-2.5-flash/ucurve_20260520_131034.json
03_prompt_format,gemini-2.5-flash,Gemini-2.5,True,base,semantic_multi,landmark,10,20,CVQ,semantic,last,1.0,,1.0,1.0,0.0407,62,,,,,,,raw,experiments_cloud/results/ucurve_proprietary_results.csv,upstream source_file: experiments_cloud/results/ucurve_proprietary/gemini-2.5-flash/ucurve_20260520_131034.json
03_prompt_format,gemini-2.5-flash,Gemini-2.5,True,base,semantic_multi,landmark,10,50,FVQ,ordinal,1,1.0,,1.0,1.0,0.0269,96,,,,,,,raw,experiments_cloud/results/ucurve_proprietary_results.csv,upstream source_file: experiments_cloud/results/ucurve_proprietary/gemini-2.5-flash/ucurve_20260520_131034.json
03_prompt_format,gemini-2.5-flash,Gemini-2.5,True,base,semantic_multi,landmark,10,50,IVQ,ordinal,2,1.0,,1.0,1.0,0.0269,96,,,,,,,raw,experiments_cloud/results/ucurve_proprietary_results.csv,upstream source_file: experiments_cloud/results/ucurve_proprietary/gemini-2.5-flash/ucurve_20260520_131034.json
03_prompt_format,gemini-2.5-flash,Gemini-2.5,True,base,semantic_multi,landmark,10,50,IVQ,ordinal,3,1.0,,1.0,1.0,0.0269,96,,,,,,,raw,experiments_cloud/results/ucurve_proprietary_results.csv,upstream source_file: experiments_cloud/results/ucurve_proprietary/gemini-2.5-flash/ucurve_20260520_131034.json
03_prompt_format,gemini-2.5-flash,Gemini-2.5,True,base,semantic_multi,landmark,10,50,IVQ,ordinal,4,1.0,,1.0,1.0,0.0269,96,,,,,,,raw,experiments_cloud/results/ucurve_proprietary_results.csv,upstream source_file: experiments_cloud/results/ucurve_proprietary/gemini-2.5-flash/ucurve_20260520_131034.json
03_prompt_format,gemini-2.5-flash,Gemini-2.5,True,base,semantic_multi,landmark,10,50,IVQ,ordinal,5,1.0,,1.0,1.0,0.0269,96,,,,,,,raw,experiments_cloud/results/ucurve_proprietary_results.csv,upstream source_file: experiments_cloud/results/ucurve_proprietary/gemini-2.5-flash/ucurve_20260520_131034.json
03_prompt_format,gemini-2.5-flash,Gemini-2.5,True,base,semantic_multi,landmark,10,50,IVQ,ordinal,6,0.9896,,0.9688,1.0,0.0331,96,,,,,,,raw,experiments_cloud/results/ucurve_proprietary_results.csv,upstream source_file: experiments_cloud/results/ucurve_proprietary/gemini-2.5-flash/ucurve_20260520_131034.json
03_prompt_format,gemini-2.5-flash,Gemini-2.5,True,base,semantic_multi,landmark,10,50,IVQ,ordinal,7,1.0,,1.0,1.0,0.0269,96,,,,,,,raw,experiments_cloud/results/ucurve_proprietary_results.csv,upstream source_file: experiments_cloud/results/ucurve_proprietary/gemini-2.5-flash/ucurve_20260520_131034.json
03_prompt_format,gemini-2.5-flash,Gemini-2.5,True,base,semantic_multi,landmark,10,50,IVQ,ordinal,8,1.0,,1.0,1.0,0.0269,96,,,,,,,raw,experiments_cloud/results/ucurve_proprietary_results.csv,upstream source_file: experiments_cloud/results/ucurve_proprietary/gemini-2.5-flash/ucurve_20260520_131034.json
03_prompt_format,gemini-2.5-flash,Gemini-2.5,True,base,semantic_multi,landmark,10,50,IVQ,ordinal,14,1.0,,1.0,1.0,0.0269,96,,,,,,,raw,experiments_cloud/results/ucurve_proprietary_results.csv,upstream source_file: experiments_cloud/results/ucurve_proprietary/gemini-2.5-flash/ucurve_20260520_131034.json
03_prompt_format,gemini-2.5-flash,Gemini-2.5,True,base,semantic_multi,landmark,10,50,IVQ,ordinal,20,1.0,,1.0,1.0,0.0269,96,,,,,,,raw,experiments_cloud/results/ucurve_proprietary_results.csv,upstream source_file: experiments_cloud/results/ucurve_proprietary/gemini-2.5-flash/ucurve_20260520_131034.json
03_prompt_format,gemini-2.5-flash,Gemini-2.5,True,base,semantic_multi,landmark,10,50,IVQ,ordinal,26,0.9896,,0.9688,1.0,0.0331,96,,,,,,,raw,experiments_cloud/results/ucurve_proprietary_results.csv,upstream source_file: experiments_cloud/results/ucurve_proprietary/gemini-2.5-flash/ucurve_20260520_131034.json
03_prompt_format,gemini-2.5-flash,Gemini-2.5,True,base,semantic_multi,landmark,10,50,IVQ,ordinal,31,1.0,,1.0,1.0,0.0269,96,,,,,,,raw,experiments_cloud/results/ucurve_proprietary_results.csv,upstream source_file: experiments_cloud/results/ucurve_proprietary/gemini-2.5-flash/ucurve_20260520_131034.json
03_prompt_format,gemini-2.5-flash,Gemini-2.5,True,base,semantic_multi,landmark,10,50,IVQ,ordinal,37,1.0,,1.0,1.0,0.0269,96,,,,,,,raw,experiments_cloud/results/ucurve_proprietary_results.csv,upstream source_file: experiments_cloud/results/ucurve_proprietary/gemini-2.5-flash/ucurve_20260520_131034.json
03_prompt_format,gemini-2.5-flash,Gemini-2.5,True,base,semantic_multi,landmark,10,50,IVQ,ordinal,43,0.9896,,0.9688,1.0,0.0331,96,,,,,,,raw,experiments_cloud/results/ucurve_proprietary_results.csv,upstream source_file: experiments_cloud/results/ucurve_proprietary/gemini-2.5-flash/ucurve_20260520_131034.json
03_prompt_format,gemini-2.5-flash,Gemini-2.5,True,base,semantic_multi,landmark,10,50,IVQ,ordinal,49,0.9792,,0.9479,1.0,0.0381,96,,,,,,,raw,experiments_cloud/results/ucurve_proprietary_results.csv,upstream source_file: experiments_cloud/results/ucurve_proprietary/gemini-2.5-flash/ucurve_20260520_131034.json
03_prompt_format,gemini-2.5-flash,Gemini-2.5,True,base,semantic_multi,landmark,10,50,CVQ,ordinal,50,1.0,,1.0,1.0,0.0269,96,,,,,,,raw,experiments_cloud/results/ucurve_proprietary_results.csv,upstream source_file: experiments_cloud/results/ucurve_proprietary/gemini-2.5-flash/ucurve_20260520_131034.json
03_prompt_format,gemini-2.5-flash,Gemini-2.5,True,base,semantic_multi,landmark,10,50,CVQ,semantic,last,0.9479,,0.9062,0.9896,0.0498,96,,,,,,,raw,experiments_cloud/results/ucurve_proprietary_results.csv,upstream source_file: experiments_cloud/results/ucurve_proprietary/gemini-2.5-flash/ucurve_20260520_131034.json
03_prompt_format,gemini-2.5-pro,Gemini-2.5,True,base,semantic_multi,block,5,10,FVQ,ordinal,1,1.0,,1.0,1.0,0.0495,50,,,,,,,raw,experiments_cloud/results/ucurve_proprietary_results.csv,upstream source_file: experiments_cloud/results/ucurve_proprietary/gemini-2.5-pro/ucurve_20260520_150144.json
03_prompt_format,gemini-2.5-pro,Gemini-2.5,True,base,semantic_multi,block,5,10,IVQ,ordinal,2,1.0,,1.0,1.0,0.0495,50,,,,,,,raw,experiments_cloud/results/ucurve_proprietary_results.csv,upstream source_file: experiments_cloud/results/ucurve_proprietary/gemini-2.5-pro/ucurve_20260520_150144.json
03_prompt_format,gemini-2.5-pro,Gemini-2.5,True,base,semantic_multi,block,5,10,IVQ,ordinal,3,1.0,,1.0,1.0,0.0495,50,,,,,,,raw,experiments_cloud/results/ucurve_proprietary_results.csv,upstream source_file: experiments_cloud/results/ucurve_proprietary/gemini-2.5-pro/ucurve_20260520_150144.json
03_prompt_format,gemini-2.5-pro,Gemini-2.5,True,base,semantic_multi,block,5,10,IVQ,ordinal,4,1.0,,1.0,1.0,0.0495,50,,,,,,,raw,experiments_cloud/results/ucurve_proprietary_results.csv,upstream source_file: experiments_cloud/results/ucurve_proprietary/gemini-2.5-pro/ucurve_20260520_150144.json
03_prompt_format,gemini-2.5-pro,Gemini-2.5,True,base,semantic_multi,block,5,10,IVQ,ordinal,5,1.0,,1.0,1.0,0.0495,50,,,,,,,raw,experiments_cloud/results/ucurve_proprietary_results.csv,upstream source_file: experiments_cloud/results/ucurve_proprietary/gemini-2.5-pro/ucurve_20260520_150144.json
03_prompt_format,gemini-2.5-pro,Gemini-2.5,True,base,semantic_multi,block,5,10,IVQ,ordinal,6,1.0,,1.0,1.0,0.0495,50,,,,,,,raw,experiments_cloud/results/ucurve_proprietary_results.csv,upstream source_file: experiments_cloud/results/ucurve_proprietary/gemini-2.5-pro/ucurve_20260520_150144.json
03_prompt_format,gemini-2.5-pro,Gemini-2.5,True,base,semantic_multi,block,5,10,IVQ,ordinal,7,1.0,,1.0,1.0,0.0495,50,,,,,,,raw,experiments_cloud/results/ucurve_proprietary_results.csv,upstream source_file: experiments_cloud/results/ucurve_proprietary/gemini-2.5-pro/ucurve_20260520_150144.json
03_prompt_format,gemini-2.5-pro,Gemini-2.5,True,base,semantic_multi,block,5,10,IVQ,ordinal,8,1.0,,1.0,1.0,0.0495,50,,,,,,,raw,experiments_cloud/results/ucurve_proprietary_results.csv,upstream source_file: experiments_cloud/results/ucurve_proprietary/gemini-2.5-pro/ucurve_20260520_150144.json
03_prompt_format,gemini-2.5-pro,Gemini-2.5,True,base,semantic_multi,block,5,10,IVQ,ordinal,9,1.0,,1.0,1.0,0.0495,50,,,,,,,raw,experiments_cloud/results/ucurve_proprietary_results.csv,upstream source_file: experiments_cloud/results/ucurve_proprietary/gemini-2.5-pro/ucurve_20260520_150144.json
03_prompt_format,gemini-2.5-pro,Gemini-2.5,True,base,semantic_multi,block,5,10,CVQ,ordinal,10,1.0,,1.0,1.0,0.0495,50,,,,,,,raw,experiments_cloud/results/ucurve_proprietary_results.csv,upstream source_file: experiments_cloud/results/ucurve_proprietary/gemini-2.5-pro/ucurve_20260520_150144.json
03_prompt_format,gemini-2.5-pro,Gemini-2.5,True,base,semantic_multi,block,5,10,CVQ,semantic,last,1.0,,1.0,1.0,0.0495,50,,,,,,,raw,experiments_cloud/results/ucurve_proprietary_results.csv,upstream source_file: experiments_cloud/results/ucurve_proprietary/gemini-2.5-pro/ucurve_20260520_150144.json
03_prompt_format,gemini-2.5-pro,Gemini-2.5,True,base,semantic_multi,block,5,20,FVQ,ordinal,1,1.0,,1.0,1.0,0.0495,50,,,,,,,raw,experiments_cloud/results/ucurve_proprietary_results.csv,upstream source_file: experiments_cloud/results/ucurve_proprietary/gemini-2.5-pro/ucurve_20260520_150144.json
03_prompt_format,gemini-2.5-pro,Gemini-2.5,True,base,semantic_multi,block,5,20,IVQ,ordinal,2,1.0,,1.0,1.0,0.0495,50,,,,,,,raw,experiments_cloud/results/ucurve_proprietary_results.csv,upstream source_file: experiments_cloud/results/ucurve_proprietary/gemini-2.5-pro/ucurve_20260520_150144.json
03_prompt_format,gemini-2.5-pro,Gemini-2.5,True,base,semantic_multi,block,5,20,IVQ,ordinal,3,1.0,,1.0,1.0,0.0495,50,,,,,,,raw,experiments_cloud/results/ucurve_proprietary_results.csv,upstream source_file: experiments_cloud/results/ucurve_proprietary/gemini-2.5-pro/ucurve_20260520_150144.json
03_prompt_format,gemini-2.5-pro,Gemini-2.5,True,base,semantic_multi,block,5,20,IVQ,ordinal,4,1.0,,1.0,1.0,0.0495,50,,,,,,,raw,experiments_cloud/results/ucurve_proprietary_results.csv,upstream source_file: experiments_cloud/results/ucurve_proprietary/gemini-2.5-pro/ucurve_20260520_150144.json
03_prompt_format,gemini-2.5-pro,Gemini-2.5,True,base,semantic_multi,block,5,20,IVQ,ordinal,5,1.0,,1.0,1.0,0.0495,50,,,,,,,raw,experiments_cloud/results/ucurve_proprietary_results.csv,upstream source_file: experiments_cloud/results/ucurve_proprietary/gemini-2.5-pro/ucurve_20260520_150144.json
03_prompt_format,gemini-2.5-pro,Gemini-2.5,True,base,semantic_multi,block,5,20,IVQ,ordinal,6,1.0,,1.0,1.0,0.0495,50,,,,,,,raw,experiments_cloud/results/ucurve_proprietary_results.csv,upstream source_file: experiments_cloud/results/ucurve_proprietary/gemini-2.5-pro/ucurve_20260520_150144.json
03_prompt_format,gemini-2.5-pro,Gemini-2.5,True,base,semantic_multi,block,5,20,IVQ,ordinal,7,1.0,,1.0,1.0,0.0495,50,,,,,,,raw,experiments_cloud/results/ucurve_proprietary_results.csv,upstream source_file: experiments_cloud/results/ucurve_proprietary/gemini-2.5-pro/ucurve_20260520_150144.json
03_prompt_format,gemini-2.5-pro,Gemini-2.5,True,base,semantic_multi,block,5,20,IVQ,ordinal,8,1.0,,1.0,1.0,0.0495,50,,,,,,,raw,experiments_cloud/results/ucurve_proprietary_results.csv,upstream source_file: experiments_cloud/results/ucurve_proprietary/gemini-2.5-pro/ucurve_20260520_150144.json
03_prompt_format,gemini-2.5-pro,Gemini-2.5,True,base,semantic_multi,block,5,20,IVQ,ordinal,10,1.0,,1.0,1.0,0.0495,50,,,,,,,raw,experiments_cloud/results/ucurve_proprietary_results.csv,upstream source_file: experiments_cloud/results/ucurve_proprietary/gemini-2.5-pro/ucurve_20260520_150144.json
03_prompt_format,gemini-2.5-pro,Gemini-2.5,True,base,semantic_multi,block,5,20,IVQ,ordinal,11,1.0,,1.0,1.0,0.0495,50,,,,,,,raw,experiments_cloud/results/ucurve_proprietary_results.csv,upstream source_file: experiments_cloud/results/ucurve_proprietary/gemini-2.5-pro/ucurve_20260520_150144.json
03_prompt_format,gemini-2.5-pro,Gemini-2.5,True,base,semantic_multi,block,5,20,IVQ,ordinal,13,1.0,,1.0,1.0,0.0495,50,,,,,,,raw,experiments_cloud/results/ucurve_proprietary_results.csv,upstream source_file: experiments_cloud/results/ucurve_proprietary/gemini-2.5-pro/ucurve_20260520_150144.json
03_prompt_format,gemini-2.5-pro,Gemini-2.5,True,base,semantic_multi,block,5,20,IVQ,ordinal,14,1.0,,1.0,1.0,0.0495,50,,,,,,,raw,experiments_cloud/results/ucurve_proprietary_results.csv,upstream source_file: experiments_cloud/results/ucurve_proprietary/gemini-2.5-pro/ucurve_20260520_150144.json
03_prompt_format,gemini-2.5-pro,Gemini-2.5,True,base,semantic_multi,block,5,20,IVQ,ordinal,16,1.0,,1.0,1.0,0.0495,50,,,,,,,raw,experiments_cloud/results/ucurve_proprietary_results.csv,upstream source_file: experiments_cloud/results/ucurve_proprietary/gemini-2.5-pro/ucurve_20260520_150144.json
03_prompt_format,gemini-2.5-pro,Gemini-2.5,True,base,semantic_multi,block,5,20,IVQ,ordinal,17,1.0,,1.0,1.0,0.0495,50,,,,,,,raw,experiments_cloud/results/ucurve_proprietary_results.csv,upstream source_file: experiments_cloud/results/ucurve_proprietary/gemini-2.5-pro/ucurve_20260520_150144.json
03_prompt_format,gemini-2.5-pro,Gemini-2.5,True,base,semantic_multi,block,5,20,IVQ,ordinal,19,1.0,,1.0,1.0,0.0495,50,,,,,,,raw,experiments_cloud/results/ucurve_proprietary_results.csv,upstream source_file: experiments_cloud/results/ucurve_proprietary/gemini-2.5-pro/ucurve_20260520_150144.json
03_prompt_format,gemini-2.5-pro,Gemini-2.5,True,base,semantic_multi,block,5,20,CVQ,ordinal,20,1.0,,1.0,1.0,0.0495,50,,,,,,,raw,experiments_cloud/results/ucurve_proprietary_results.csv,upstream source_file: experiments_cloud/results/ucurve_proprietary/gemini-2.5-pro/ucurve_20260520_150144.json
03_prompt_format,gemini-2.5-pro,Gemini-2.5,True,base,semantic_multi,block,5,20,CVQ,semantic,last,1.0,,1.0,1.0,0.0495,50,,,,,,,raw,experiments_cloud/results/ucurve_proprietary_results.csv,upstream source_file: experiments_cloud/results/ucurve_proprietary/gemini-2.5-pro/ucurve_20260520_150144.json
03_prompt_format,gemini-2.5-pro,Gemini-2.5,True,base,semantic_multi,block,5,50,FVQ,ordinal,1,1.0,,1.0,1.0,0.0495,50,,,,,,,raw,experiments_cloud/results/ucurve_proprietary_results.csv,upstream source_file: experiments_cloud/results/ucurve_proprietary/gemini-2.5-pro/ucurve_20260520_150144.json
03_prompt_format,gemini-2.5-pro,Gemini-2.5,True,base,semantic_multi,block,5,50,IVQ,ordinal,2,1.0,,1.0,1.0,0.0495,50,,,,,,,raw,experiments_cloud/results/ucurve_proprietary_results.csv,upstream source_file: experiments_cloud/results/ucurve_proprietary/gemini-2.5-pro/ucurve_20260520_150144.json
03_prompt_format,gemini-2.5-pro,Gemini-2.5,True,base,semantic_multi,block,5,50,IVQ,ordinal,3,1.0,,1.0,1.0,0.0495,50,,,,,,,raw,experiments_cloud/results/ucurve_proprietary_results.csv,upstream source_file: experiments_cloud/results/ucurve_proprietary/gemini-2.5-pro/ucurve_20260520_150144.json
03_prompt_format,gemini-2.5-pro,Gemini-2.5,True,base,semantic_multi,block,5,50,IVQ,ordinal,4,1.0,,1.0,1.0,0.0495,50,,,,,,,raw,experiments_cloud/results/ucurve_proprietary_results.csv,upstream source_file: experiments_cloud/results/ucurve_proprietary/gemini-2.5-pro/ucurve_20260520_150144.json
03_prompt_format,gemini-2.5-pro,Gemini-2.5,True,base,semantic_multi,block,5,50,IVQ,ordinal,5,1.0,,1.0,1.0,0.0495,50,,,,,,,raw,experiments_cloud/results/ucurve_proprietary_results.csv,upstream source_file: experiments_cloud/results/ucurve_proprietary/gemini-2.5-pro/ucurve_20260520_150144.json
03_prompt_format,gemini-2.5-pro,Gemini-2.5,True,base,semantic_multi,block,5,50,IVQ,ordinal,6,1.0,,1.0,1.0,0.0495,50,,,,,,,raw,experiments_cloud/results/ucurve_proprietary_results.csv,upstream source_file: experiments_cloud/results/ucurve_proprietary/gemini-2.5-pro/ucurve_20260520_150144.json
03_prompt_format,gemini-2.5-pro,Gemini-2.5,True,base,semantic_multi,block,5,50,IVQ,ordinal,7,1.0,,1.0,1.0,0.0495,50,,,,,,,raw,experiments_cloud/results/ucurve_proprietary_results.csv,upstream source_file: experiments_cloud/results/ucurve_proprietary/gemini-2.5-pro/ucurve_20260520_150144.json
03_prompt_format,gemini-2.5-pro,Gemini-2.5,True,base,semantic_multi,block,5,50,IVQ,ordinal,8,1.0,,1.0,1.0,0.0495,50,,,,,,,raw,experiments_cloud/results/ucurve_proprietary_results.csv,upstream source_file: experiments_cloud/results/ucurve_proprietary/gemini-2.5-pro/ucurve_20260520_150144.json
03_prompt_format,gemini-2.5-pro,Gemini-2.5,True,base,semantic_multi,block,5,50,IVQ,ordinal,14,1.0,,1.0,1.0,0.0495,50,,,,,,,raw,experiments_cloud/results/ucurve_proprietary_results.csv,upstream source_file: experiments_cloud/results/ucurve_proprietary/gemini-2.5-pro/ucurve_20260520_150144.json
03_prompt_format,gemini-2.5-pro,Gemini-2.5,True,base,semantic_multi,block,5,50,IVQ,ordinal,20,1.0,,1.0,1.0,0.0495,50,,,,,,,raw,experiments_cloud/results/ucurve_proprietary_results.csv,upstream source_file: experiments_cloud/results/ucurve_proprietary/gemini-2.5-pro/ucurve_20260520_150144.json
03_prompt_format,gemini-2.5-pro,Gemini-2.5,True,base,semantic_multi,block,5,50,IVQ,ordinal,26,1.0,,1.0,1.0,0.0495,50,,,,,,,raw,experiments_cloud/results/ucurve_proprietary_results.csv,upstream source_file: experiments_cloud/results/ucurve_proprietary/gemini-2.5-pro/ucurve_20260520_150144.json
03_prompt_format,gemini-2.5-pro,Gemini-2.5,True,base,semantic_multi,block,5,50,IVQ,ordinal,31,1.0,,1.0,1.0,0.0495,50,,,,,,,raw,experiments_cloud/results/ucurve_proprietary_results.csv,upstream source_file: experiments_cloud/results/ucurve_proprietary/gemini-2.5-pro/ucurve_20260520_150144.json
03_prompt_format,gemini-2.5-pro,Gemini-2.5,True,base,semantic_multi,block,5,50,IVQ,ordinal,37,1.0,,1.0,1.0,0.0495,50,,,,,,,raw,experiments_cloud/results/ucurve_proprietary_results.csv,upstream source_file: experiments_cloud/results/ucurve_proprietary/gemini-2.5-pro/ucurve_20260520_150144.json
03_prompt_format,gemini-2.5-pro,Gemini-2.5,True,base,semantic_multi,block,5,50,IVQ,ordinal,43,1.0,,1.0,1.0,0.0495,50,,,,,,,raw,experiments_cloud/results/ucurve_proprietary_results.csv,upstream source_file: experiments_cloud/results/ucurve_proprietary/gemini-2.5-pro/ucurve_20260520_150144.json
03_prompt_format,gemini-2.5-pro,Gemini-2.5,True,base,semantic_multi,block,5,50,IVQ,ordinal,49,1.0,,1.0,1.0,0.0495,50,,,,,,,raw,experiments_cloud/results/ucurve_proprietary_results.csv,upstream source_file: experiments_cloud/results/ucurve_proprietary/gemini-2.5-pro/ucurve_20260520_150144.json
03_prompt_format,gemini-2.5-pro,Gemini-2.5,True,base,semantic_multi,block,5,50,CVQ,ordinal,50,1.0,,1.0,1.0,0.0495,50,,,,,,,raw,experiments_cloud/results/ucurve_proprietary_results.csv,upstream source_file: experiments_cloud/results/ucurve_proprietary/gemini-2.5-pro/ucurve_20260520_150144.json
03_prompt_format,gemini-2.5-pro,Gemini-2.5,True,base,semantic_multi,block,5,50,CVQ,semantic,last,1.0,,1.0,1.0,0.0495,50,,,,,,,raw,experiments_cloud/results/ucurve_proprietary_results.csv,upstream source_file: experiments_cloud/results/ucurve_proprietary/gemini-2.5-pro/ucurve_20260520_150144.json
03_prompt_format,gemini-2.5-pro,Gemini-2.5,True,base,semantic_multi,block,10,10,FVQ,ordinal,1,1.0,,1.0,1.0,0.0495,50,,,,,,,raw,experiments_cloud/results/ucurve_proprietary_results.csv,upstream source_file: experiments_cloud/results/ucurve_proprietary/gemini-2.5-pro/ucurve_20260520_150144.json
03_prompt_format,gemini-2.5-pro,Gemini-2.5,True,base,semantic_multi,block,10,10,IVQ,ordinal,2,1.0,,1.0,1.0,0.0495,50,,,,,,,raw,experiments_cloud/results/ucurve_proprietary_results.csv,upstream source_file: experiments_cloud/results/ucurve_proprietary/gemini-2.5-pro/ucurve_20260520_150144.json
03_prompt_format,gemini-2.5-pro,Gemini-2.5,True,base,semantic_multi,block,10,10,IVQ,ordinal,3,1.0,,1.0,1.0,0.0495,50,,,,,,,raw,experiments_cloud/results/ucurve_proprietary_results.csv,upstream source_file: experiments_cloud/results/ucurve_proprietary/gemini-2.5-pro/ucurve_20260520_150144.json
03_prompt_format,gemini-2.5-pro,Gemini-2.5,True,base,semantic_multi,block,10,10,IVQ,ordinal,4,1.0,,1.0,1.0,0.0495,50,,,,,,,raw,experiments_cloud/results/ucurve_proprietary_results.csv,upstream source_file: experiments_cloud/results/ucurve_proprietary/gemini-2.5-pro/ucurve_20260520_150144.json
03_prompt_format,gemini-2.5-pro,Gemini-2.5,True,base,semantic_multi,block,10,10,IVQ,ordinal,5,1.0,,1.0,1.0,0.0495,50,,,,,,,raw,experiments_cloud/results/ucurve_proprietary_results.csv,upstream source_file: experiments_cloud/results/ucurve_proprietary/gemini-2.5-pro/ucurve_20260520_150144.json
03_prompt_format,gemini-2.5-pro,Gemini-2.5,True,base,semantic_multi,block,10,10,IVQ,ordinal,6,1.0,,1.0,1.0,0.0495,50,,,,,,,raw,experiments_cloud/results/ucurve_proprietary_results.csv,upstream source_file: experiments_cloud/results/ucurve_proprietary/gemini-2.5-pro/ucurve_20260520_150144.json
03_prompt_format,gemini-2.5-pro,Gemini-2.5,True,base,semantic_multi,block,10,10,IVQ,ordinal,7,1.0,,1.0,1.0,0.0495,50,,,,,,,raw,experiments_cloud/results/ucurve_proprietary_results.csv,upstream source_file: experiments_cloud/results/ucurve_proprietary/gemini-2.5-pro/ucurve_20260520_150144.json
03_prompt_format,gemini-2.5-pro,Gemini-2.5,True,base,semantic_multi,block,10,10,IVQ,ordinal,8,1.0,,1.0,1.0,0.0495,50,,,,,,,raw,experiments_cloud/results/ucurve_proprietary_results.csv,upstream source_file: experiments_cloud/results/ucurve_proprietary/gemini-2.5-pro/ucurve_20260520_150144.json
03_prompt_format,gemini-2.5-pro,Gemini-2.5,True,base,semantic_multi,block,10,10,IVQ,ordinal,9,1.0,,1.0,1.0,0.0495,50,,,,,,,raw,experiments_cloud/results/ucurve_proprietary_results.csv,upstream source_file: experiments_cloud/results/ucurve_proprietary/gemini-2.5-pro/ucurve_20260520_150144.json
03_prompt_format,gemini-2.5-pro,Gemini-2.5,True,base,semantic_multi,block,10,10,CVQ,ordinal,10,1.0,,1.0,1.0,0.0495,50,,,,,,,raw,experiments_cloud/results/ucurve_proprietary_results.csv,upstream source_file: experiments_cloud/results/ucurve_proprietary/gemini-2.5-pro/ucurve_20260520_150144.json
03_prompt_format,gemini-2.5-pro,Gemini-2.5,True,base,semantic_multi,block,10,10,CVQ,semantic,last,1.0,,1.0,1.0,0.0495,50,,,,,,,raw,experiments_cloud/results/ucurve_proprietary_results.csv,upstream source_file: experiments_cloud/results/ucurve_proprietary/gemini-2.5-pro/ucurve_20260520_150144.json
03_prompt_format,gemini-2.5-pro,Gemini-2.5,True,base,semantic_multi,block,10,20,FVQ,ordinal,1,1.0,,1.0,1.0,0.0495,50,,,,,,,raw,experiments_cloud/results/ucurve_proprietary_results.csv,upstream source_file: experiments_cloud/results/ucurve_proprietary/gemini-2.5-pro/ucurve_20260520_150144.json
03_prompt_format,gemini-2.5-pro,Gemini-2.5,True,base,semantic_multi,block,10,20,IVQ,ordinal,2,1.0,,1.0,1.0,0.0495,50,,,,,,,raw,experiments_cloud/results/ucurve_proprietary_results.csv,upstream source_file: experiments_cloud/results/ucurve_proprietary/gemini-2.5-pro/ucurve_20260520_150144.json
03_prompt_format,gemini-2.5-pro,Gemini-2.5,True,base,semantic_multi,block,10,20,IVQ,ordinal,3,1.0,,1.0,1.0,0.0495,50,,,,,,,raw,experiments_cloud/results/ucurve_proprietary_results.csv,upstream source_file: experiments_cloud/results/ucurve_proprietary/gemini-2.5-pro/ucurve_20260520_150144.json
03_prompt_format,gemini-2.5-pro,Gemini-2.5,True,base,semantic_multi,block,10,20,IVQ,ordinal,4,1.0,,1.0,1.0,0.0495,50,,,,,,,raw,experiments_cloud/results/ucurve_proprietary_results.csv,upstream source_file: experiments_cloud/results/ucurve_proprietary/gemini-2.5-pro/ucurve_20260520_150144.json
03_prompt_format,gemini-2.5-pro,Gemini-2.5,True,base,semantic_multi,block,10,20,IVQ,ordinal,5,1.0,,1.0,1.0,0.0495,50,,,,,,,raw,experiments_cloud/results/ucurve_proprietary_results.csv,upstream source_file: experiments_cloud/results/ucurve_proprietary/gemini-2.5-pro/ucurve_20260520_150144.json
03_prompt_format,gemini-2.5-pro,Gemini-2.5,True,base,semantic_multi,block,10,20,IVQ,ordinal,6,1.0,,1.0,1.0,0.0495,50,,,,,,,raw,experiments_cloud/results/ucurve_proprietary_results.csv,upstream source_file: experiments_cloud/results/ucurve_proprietary/gemini-2.5-pro/ucurve_20260520_150144.json
03_prompt_format,gemini-2.5-pro,Gemini-2.5,True,base,semantic_multi,block,10,20,IVQ,ordinal,7,1.0,,1.0,1.0,0.0495,50,,,,,,,raw,experiments_cloud/results/ucurve_proprietary_results.csv,upstream source_file: experiments_cloud/results/ucurve_proprietary/gemini-2.5-pro/ucurve_20260520_150144.json
03_prompt_format,gemini-2.5-pro,Gemini-2.5,True,base,semantic_multi,block,10,20,IVQ,ordinal,8,1.0,,1.0,1.0,0.0495,50,,,,,,,raw,experiments_cloud/results/ucurve_proprietary_results.csv,upstream source_file: experiments_cloud/results/ucurve_proprietary/gemini-2.5-pro/ucurve_20260520_150144.json
03_prompt_format,gemini-2.5-pro,Gemini-2.5,True,base,semantic_multi,block,10,20,IVQ,ordinal,10,1.0,,1.0,1.0,0.0495,50,,,,,,,raw,experiments_cloud/results/ucurve_proprietary_results.csv,upstream source_file: experiments_cloud/results/ucurve_proprietary/gemini-2.5-pro/ucurve_20260520_150144.json
03_prompt_format,gemini-2.5-pro,Gemini-2.5,True,base,semantic_multi,block,10,20,IVQ,ordinal,11,1.0,,1.0,1.0,0.0495,50,,,,,,,raw,experiments_cloud/results/ucurve_proprietary_results.csv,upstream source_file: experiments_cloud/results/ucurve_proprietary/gemini-2.5-pro/ucurve_20260520_150144.json
03_prompt_format,gemini-2.5-pro,Gemini-2.5,True,base,semantic_multi,block,10,20,IVQ,ordinal,13,1.0,,1.0,1.0,0.0495,50,,,,,,,raw,experiments_cloud/results/ucurve_proprietary_results.csv,upstream source_file: experiments_cloud/results/ucurve_proprietary/gemini-2.5-pro/ucurve_20260520_150144.json
03_prompt_format,gemini-2.5-pro,Gemini-2.5,True,base,semantic_multi,block,10,20,IVQ,ordinal,14,1.0,,1.0,1.0,0.0495,50,,,,,,,raw,experiments_cloud/results/ucurve_proprietary_results.csv,upstream source_file: experiments_cloud/results/ucurve_proprietary/gemini-2.5-pro/ucurve_20260520_150144.json
03_prompt_format,gemini-2.5-pro,Gemini-2.5,True,base,semantic_multi,block,10,20,IVQ,ordinal,16,1.0,,1.0,1.0,0.0495,50,,,,,,,raw,experiments_cloud/results/ucurve_proprietary_results.csv,upstream source_file: experiments_cloud/results/ucurve_proprietary/gemini-2.5-pro/ucurve_20260520_150144.json
03_prompt_format,gemini-2.5-pro,Gemini-2.5,True,base,semantic_multi,block,10,20,IVQ,ordinal,17,1.0,,1.0,1.0,0.0495,50,,,,,,,raw,experiments_cloud/results/ucurve_proprietary_results.csv,upstream source_file: experiments_cloud/results/ucurve_proprietary/gemini-2.5-pro/ucurve_20260520_150144.json
03_prompt_format,gemini-2.5-pro,Gemini-2.5,True,base,semantic_multi,block,10,20,IVQ,ordinal,19,1.0,,1.0,1.0,0.0495,50,,,,,,,raw,experiments_cloud/results/ucurve_proprietary_results.csv,upstream source_file: experiments_cloud/results/ucurve_proprietary/gemini-2.5-pro/ucurve_20260520_150144.json
03_prompt_format,gemini-2.5-pro,Gemini-2.5,True,base,semantic_multi,block,10,20,CVQ,ordinal,20,1.0,,1.0,1.0,0.0495,50,,,,,,,raw,experiments_cloud/results/ucurve_proprietary_results.csv,upstream source_file: experiments_cloud/results/ucurve_proprietary/gemini-2.5-pro/ucurve_20260520_150144.json
03_prompt_format,gemini-2.5-pro,Gemini-2.5,True,base,semantic_multi,block,10,20,CVQ,semantic,last,1.0,,1.0,1.0,0.0495,50,,,,,,,raw,experiments_cloud/results/ucurve_proprietary_results.csv,upstream source_file: experiments_cloud/results/ucurve_proprietary/gemini-2.5-pro/ucurve_20260520_150144.json
03_prompt_format,gemini-2.5-pro,Gemini-2.5,True,base,semantic_multi,block,10,50,FVQ,ordinal,1,1.0,,1.0,1.0,0.0495,50,,,,,,,raw,experiments_cloud/results/ucurve_proprietary_results.csv,upstream source_file: experiments_cloud/results/ucurve_proprietary/gemini-2.5-pro/ucurve_20260520_150144.json
03_prompt_format,gemini-2.5-pro,Gemini-2.5,True,base,semantic_multi,block,10,50,IVQ,ordinal,2,1.0,,1.0,1.0,0.0495,50,,,,,,,raw,experiments_cloud/results/ucurve_proprietary_results.csv,upstream source_file: experiments_cloud/results/ucurve_proprietary/gemini-2.5-pro/ucurve_20260520_150144.json
03_prompt_format,gemini-2.5-pro,Gemini-2.5,True,base,semantic_multi,block,10,50,IVQ,ordinal,3,1.0,,1.0,1.0,0.0495,50,,,,,,,raw,experiments_cloud/results/ucurve_proprietary_results.csv,upstream source_file: experiments_cloud/results/ucurve_proprietary/gemini-2.5-pro/ucurve_20260520_150144.json
03_prompt_format,gemini-2.5-pro,Gemini-2.5,True,base,semantic_multi,block,10,50,IVQ,ordinal,4,1.0,,1.0,1.0,0.0495,50,,,,,,,raw,experiments_cloud/results/ucurve_proprietary_results.csv,upstream source_file: experiments_cloud/results/ucurve_proprietary/gemini-2.5-pro/ucurve_20260520_150144.json
03_prompt_format,gemini-2.5-pro,Gemini-2.5,True,base,semantic_multi,block,10,50,IVQ,ordinal,5,1.0,,1.0,1.0,0.0495,50,,,,,,,raw,experiments_cloud/results/ucurve_proprietary_results.csv,upstream source_file: experiments_cloud/results/ucurve_proprietary/gemini-2.5-pro/ucurve_20260520_150144.json
03_prompt_format,gemini-2.5-pro,Gemini-2.5,True,base,semantic_multi,block,10,50,IVQ,ordinal,6,1.0,,1.0,1.0,0.0495,50,,,,,,,raw,experiments_cloud/results/ucurve_proprietary_results.csv,upstream source_file: experiments_cloud/results/ucurve_proprietary/gemini-2.5-pro/ucurve_20260520_150144.json
03_prompt_format,gemini-2.5-pro,Gemini-2.5,True,base,semantic_multi,block,10,50,IVQ,ordinal,7,1.0,,1.0,1.0,0.0495,50,,,,,,,raw,experiments_cloud/results/ucurve_proprietary_results.csv,upstream source_file: experiments_cloud/results/ucurve_proprietary/gemini-2.5-pro/ucurve_20260520_150144.json
03_prompt_format,gemini-2.5-pro,Gemini-2.5,True,base,semantic_multi,block,10,50,IVQ,ordinal,8,1.0,,1.0,1.0,0.0495,50,,,,,,,raw,experiments_cloud/results/ucurve_proprietary_results.csv,upstream source_file: experiments_cloud/results/ucurve_proprietary/gemini-2.5-pro/ucurve_20260520_150144.json
03_prompt_format,gemini-2.5-pro,Gemini-2.5,True,base,semantic_multi,block,10,50,IVQ,ordinal,14,1.0,,1.0,1.0,0.0495,50,,,,,,,raw,experiments_cloud/results/ucurve_proprietary_results.csv,upstream source_file: experiments_cloud/results/ucurve_proprietary/gemini-2.5-pro/ucurve_20260520_150144.json
03_prompt_format,gemini-2.5-pro,Gemini-2.5,True,base,semantic_multi,block,10,50,IVQ,ordinal,20,1.0,,1.0,1.0,0.0495,50,,,,,,,raw,experiments_cloud/results/ucurve_proprietary_results.csv,upstream source_file: experiments_cloud/results/ucurve_proprietary/gemini-2.5-pro/ucurve_20260520_150144.json
03_prompt_format,gemini-2.5-pro,Gemini-2.5,True,base,semantic_multi,block,10,50,IVQ,ordinal,26,1.0,,1.0,1.0,0.0495,50,,,,,,,raw,experiments_cloud/results/ucurve_proprietary_results.csv,upstream source_file: experiments_cloud/results/ucurve_proprietary/gemini-2.5-pro/ucurve_20260520_150144.json
03_prompt_format,gemini-2.5-pro,Gemini-2.5,True,base,semantic_multi,block,10,50,IVQ,ordinal,31,1.0,,1.0,1.0,0.0495,50,,,,,,,raw,experiments_cloud/results/ucurve_proprietary_results.csv,upstream source_file: experiments_cloud/results/ucurve_proprietary/gemini-2.5-pro/ucurve_20260520_150144.json
03_prompt_format,gemini-2.5-pro,Gemini-2.5,True,base,semantic_multi,block,10,50,IVQ,ordinal,37,1.0,,1.0,1.0,0.0495,50,,,,,,,raw,experiments_cloud/results/ucurve_proprietary_results.csv,upstream source_file: experiments_cloud/results/ucurve_proprietary/gemini-2.5-pro/ucurve_20260520_150144.json
03_prompt_format,gemini-2.5-pro,Gemini-2.5,True,base,semantic_multi,block,10,50,IVQ,ordinal,43,1.0,,1.0,1.0,0.0495,50,,,,,,,raw,experiments_cloud/results/ucurve_proprietary_results.csv,upstream source_file: experiments_cloud/results/ucurve_proprietary/gemini-2.5-pro/ucurve_20260520_150144.json
03_prompt_format,gemini-2.5-pro,Gemini-2.5,True,base,semantic_multi,block,10,50,IVQ,ordinal,49,1.0,,1.0,1.0,0.0495,50,,,,,,,raw,experiments_cloud/results/ucurve_proprietary_results.csv,upstream source_file: experiments_cloud/results/ucurve_proprietary/gemini-2.5-pro/ucurve_20260520_150144.json
03_prompt_format,gemini-2.5-pro,Gemini-2.5,True,base,semantic_multi,block,10,50,CVQ,ordinal,50,1.0,,1.0,1.0,0.0495,50,,,,,,,raw,experiments_cloud/results/ucurve_proprietary_results.csv,upstream source_file: experiments_cloud/results/ucurve_proprietary/gemini-2.5-pro/ucurve_20260520_150144.json
03_prompt_format,gemini-2.5-pro,Gemini-2.5,True,base,semantic_multi,block,10,50,CVQ,semantic,last,1.0,,1.0,1.0,0.0495,50,,,,,,,raw,experiments_cloud/results/ucurve_proprietary_results.csv,upstream source_file: experiments_cloud/results/ucurve_proprietary/gemini-2.5-pro/ucurve_20260520_150144.json
03_prompt_format,gemini-2.5-pro,Gemini-2.5,True,base,semantic_multi,flat_nolabel,5,10,FVQ,ordinal,1,1.0,,1.0,1.0,0.0495,50,,,,,,,raw,experiments_cloud/results/ucurve_proprietary_results.csv,upstream source_file: experiments_cloud/results/ucurve_proprietary/gemini-2.5-pro/ucurve_20260520_150144.json
03_prompt_format,gemini-2.5-pro,Gemini-2.5,True,base,semantic_multi,flat_nolabel,5,10,IVQ,ordinal,2,1.0,,1.0,1.0,0.0495,50,,,,,,,raw,experiments_cloud/results/ucurve_proprietary_results.csv,upstream source_file: experiments_cloud/results/ucurve_proprietary/gemini-2.5-pro/ucurve_20260520_150144.json
03_prompt_format,gemini-2.5-pro,Gemini-2.5,True,base,semantic_multi,flat_nolabel,5,10,IVQ,ordinal,3,1.0,,1.0,1.0,0.0495,50,,,,,,,raw,experiments_cloud/results/ucurve_proprietary_results.csv,upstream source_file: experiments_cloud/results/ucurve_proprietary/gemini-2.5-pro/ucurve_20260520_150144.json
03_prompt_format,gemini-2.5-pro,Gemini-2.5,True,base,semantic_multi,flat_nolabel,5,10,IVQ,ordinal,4,1.0,,1.0,1.0,0.0495,50,,,,,,,raw,experiments_cloud/results/ucurve_proprietary_results.csv,upstream source_file: experiments_cloud/results/ucurve_proprietary/gemini-2.5-pro/ucurve_20260520_150144.json
03_prompt_format,gemini-2.5-pro,Gemini-2.5,True,base,semantic_multi,flat_nolabel,5,10,IVQ,ordinal,5,1.0,,1.0,1.0,0.0495,50,,,,,,,raw,experiments_cloud/results/ucurve_proprietary_results.csv,upstream source_file: experiments_cloud/results/ucurve_proprietary/gemini-2.5-pro/ucurve_20260520_150144.json
03_prompt_format,gemini-2.5-pro,Gemini-2.5,True,base,semantic_multi,flat_nolabel,5,10,IVQ,ordinal,6,1.0,,1.0,1.0,0.0495,50,,,,,,,raw,experiments_cloud/results/ucurve_proprietary_results.csv,upstream source_file: experiments_cloud/results/ucurve_proprietary/gemini-2.5-pro/ucurve_20260520_150144.json
03_prompt_format,gemini-2.5-pro,Gemini-2.5,True,base,semantic_multi,flat_nolabel,5,10,IVQ,ordinal,7,1.0,,1.0,1.0,0.0495,50,,,,,,,raw,experiments_cloud/results/ucurve_proprietary_results.csv,upstream source_file: experiments_cloud/results/ucurve_proprietary/gemini-2.5-pro/ucurve_20260520_150144.json
03_prompt_format,gemini-2.5-pro,Gemini-2.5,True,base,semantic_multi,flat_nolabel,5,10,IVQ,ordinal,8,1.0,,1.0,1.0,0.0495,50,,,,,,,raw,experiments_cloud/results/ucurve_proprietary_results.csv,upstream source_file: experiments_cloud/results/ucurve_proprietary/gemini-2.5-pro/ucurve_20260520_150144.json
03_prompt_format,gemini-2.5-pro,Gemini-2.5,True,base,semantic_multi,flat_nolabel,5,10,IVQ,ordinal,9,1.0,,1.0,1.0,0.0495,50,,,,,,,raw,experiments_cloud/results/ucurve_proprietary_results.csv,upstream source_file: experiments_cloud/results/ucurve_proprietary/gemini-2.5-pro/ucurve_20260520_150144.json
03_prompt_format,gemini-2.5-pro,Gemini-2.5,True,base,semantic_multi,flat_nolabel,5,10,CVQ,ordinal,10,1.0,,1.0,1.0,0.0495,50,,,,,,,raw,experiments_cloud/results/ucurve_proprietary_results.csv,upstream source_file: experiments_cloud/results/ucurve_proprietary/gemini-2.5-pro/ucurve_20260520_150144.json
03_prompt_format,gemini-2.5-pro,Gemini-2.5,True,base,semantic_multi,flat_nolabel,5,10,CVQ,semantic,last,1.0,,1.0,1.0,0.0495,50,,,,,,,raw,experiments_cloud/results/ucurve_proprietary_results.csv,upstream source_file: experiments_cloud/results/ucurve_proprietary/gemini-2.5-pro/ucurve_20260520_150144.json
03_prompt_format,gemini-2.5-pro,Gemini-2.5,True,base,semantic_multi,flat_nolabel,5,20,FVQ,ordinal,1,1.0,,1.0,1.0,0.0495,50,,,,,,,raw,experiments_cloud/results/ucurve_proprietary_results.csv,upstream source_file: experiments_cloud/results/ucurve_proprietary/gemini-2.5-pro/ucurve_20260520_150144.json
03_prompt_format,gemini-2.5-pro,Gemini-2.5,True,base,semantic_multi,flat_nolabel,5,20,IVQ,ordinal,2,1.0,,1.0,1.0,0.0495,50,,,,,,,raw,experiments_cloud/results/ucurve_proprietary_results.csv,upstream source_file: experiments_cloud/results/ucurve_proprietary/gemini-2.5-pro/ucurve_20260520_150144.json
03_prompt_format,gemini-2.5-pro,Gemini-2.5,True,base,semantic_multi,flat_nolabel,5,20,IVQ,ordinal,3,1.0,,1.0,1.0,0.0495,50,,,,,,,raw,experiments_cloud/results/ucurve_proprietary_results.csv,upstream source_file: experiments_cloud/results/ucurve_proprietary/gemini-2.5-pro/ucurve_20260520_150144.json
03_prompt_format,gemini-2.5-pro,Gemini-2.5,True,base,semantic_multi,flat_nolabel,5,20,IVQ,ordinal,4,1.0,,1.0,1.0,0.0495,50,,,,,,,raw,experiments_cloud/results/ucurve_proprietary_results.csv,upstream source_file: experiments_cloud/results/ucurve_proprietary/gemini-2.5-pro/ucurve_20260520_150144.json
03_prompt_format,gemini-2.5-pro,Gemini-2.5,True,base,semantic_multi,flat_nolabel,5,20,IVQ,ordinal,5,1.0,,1.0,1.0,0.0495,50,,,,,,,raw,experiments_cloud/results/ucurve_proprietary_results.csv,upstream source_file: experiments_cloud/results/ucurve_proprietary/gemini-2.5-pro/ucurve_20260520_150144.json
03_prompt_format,gemini-2.5-pro,Gemini-2.5,True,base,semantic_multi,flat_nolabel,5,20,IVQ,ordinal,6,1.0,,1.0,1.0,0.0495,50,,,,,,,raw,experiments_cloud/results/ucurve_proprietary_results.csv,upstream source_file: experiments_cloud/results/ucurve_proprietary/gemini-2.5-pro/ucurve_20260520_150144.json
03_prompt_format,gemini-2.5-pro,Gemini-2.5,True,base,semantic_multi,flat_nolabel,5,20,IVQ,ordinal,7,1.0,,1.0,1.0,0.0495,50,,,,,,,raw,experiments_cloud/results/ucurve_proprietary_results.csv,upstream source_file: experiments_cloud/results/ucurve_proprietary/gemini-2.5-pro/ucurve_20260520_150144.json
03_prompt_format,gemini-2.5-pro,Gemini-2.5,True,base,semantic_multi,flat_nolabel,5,20,IVQ,ordinal,8,1.0,,1.0,1.0,0.0495,50,,,,,,,raw,experiments_cloud/results/ucurve_proprietary_results.csv,upstream source_file: experiments_cloud/results/ucurve_proprietary/gemini-2.5-pro/ucurve_20260520_150144.json
03_prompt_format,gemini-2.5-pro,Gemini-2.5,True,base,semantic_multi,flat_nolabel,5,20,IVQ,ordinal,10,1.0,,1.0,1.0,0.0495,50,,,,,,,raw,experiments_cloud/results/ucurve_proprietary_results.csv,upstream source_file: experiments_cloud/results/ucurve_proprietary/gemini-2.5-pro/ucurve_20260520_150144.json
03_prompt_format,gemini-2.5-pro,Gemini-2.5,True,base,semantic_multi,flat_nolabel,5,20,IVQ,ordinal,11,1.0,,1.0,1.0,0.0495,50,,,,,,,raw,experiments_cloud/results/ucurve_proprietary_results.csv,upstream source_file: experiments_cloud/results/ucurve_proprietary/gemini-2.5-pro/ucurve_20260520_150144.json
03_prompt_format,gemini-2.5-pro,Gemini-2.5,True,base,semantic_multi,flat_nolabel,5,20,IVQ,ordinal,13,1.0,,1.0,1.0,0.0495,50,,,,,,,raw,experiments_cloud/results/ucurve_proprietary_results.csv,upstream source_file: experiments_cloud/results/ucurve_proprietary/gemini-2.5-pro/ucurve_20260520_150144.json
03_prompt_format,gemini-2.5-pro,Gemini-2.5,True,base,semantic_multi,flat_nolabel,5,20,IVQ,ordinal,14,1.0,,1.0,1.0,0.0495,50,,,,,,,raw,experiments_cloud/results/ucurve_proprietary_results.csv,upstream source_file: experiments_cloud/results/ucurve_proprietary/gemini-2.5-pro/ucurve_20260520_150144.json
03_prompt_format,gemini-2.5-pro,Gemini-2.5,True,base,semantic_multi,flat_nolabel,5,20,IVQ,ordinal,16,1.0,,1.0,1.0,0.0495,50,,,,,,,raw,experiments_cloud/results/ucurve_proprietary_results.csv,upstream source_file: experiments_cloud/results/ucurve_proprietary/gemini-2.5-pro/ucurve_20260520_150144.json
03_prompt_format,gemini-2.5-pro,Gemini-2.5,True,base,semantic_multi,flat_nolabel,5,20,IVQ,ordinal,17,1.0,,1.0,1.0,0.0495,50,,,,,,,raw,experiments_cloud/results/ucurve_proprietary_results.csv,upstream source_file: experiments_cloud/results/ucurve_proprietary/gemini-2.5-pro/ucurve_20260520_150144.json
03_prompt_format,gemini-2.5-pro,Gemini-2.5,True,base,semantic_multi,flat_nolabel,5,20,IVQ,ordinal,19,1.0,,1.0,1.0,0.0495,50,,,,,,,raw,experiments_cloud/results/ucurve_proprietary_results.csv,upstream source_file: experiments_cloud/results/ucurve_proprietary/gemini-2.5-pro/ucurve_20260520_150144.json
03_prompt_format,gemini-2.5-pro,Gemini-2.5,True,base,semantic_multi,flat_nolabel,5,20,CVQ,ordinal,20,1.0,,1.0,1.0,0.0495,50,,,,,,,raw,experiments_cloud/results/ucurve_proprietary_results.csv,upstream source_file: experiments_cloud/results/ucurve_proprietary/gemini-2.5-pro/ucurve_20260520_150144.json
03_prompt_format,gemini-2.5-pro,Gemini-2.5,True,base,semantic_multi,flat_nolabel,5,20,CVQ,semantic,last,1.0,,1.0,1.0,0.0495,50,,,,,,,raw,experiments_cloud/results/ucurve_proprietary_results.csv,upstream source_file: experiments_cloud/results/ucurve_proprietary/gemini-2.5-pro/ucurve_20260520_150144.json
03_prompt_format,gemini-2.5-pro,Gemini-2.5,True,base,semantic_multi,flat_nolabel,5,50,FVQ,ordinal,1,1.0,,1.0,1.0,0.0495,50,,,,,,,raw,experiments_cloud/results/ucurve_proprietary_results.csv,upstream source_file: experiments_cloud/results/ucurve_proprietary/gemini-2.5-pro/ucurve_20260520_150144.json
03_prompt_format,gemini-2.5-pro,Gemini-2.5,True,base,semantic_multi,flat_nolabel,5,50,IVQ,ordinal,2,1.0,,1.0,1.0,0.0495,50,,,,,,,raw,experiments_cloud/results/ucurve_proprietary_results.csv,upstream source_file: experiments_cloud/results/ucurve_proprietary/gemini-2.5-pro/ucurve_20260520_150144.json
03_prompt_format,gemini-2.5-pro,Gemini-2.5,True,base,semantic_multi,flat_nolabel,5,50,IVQ,ordinal,3,1.0,,1.0,1.0,0.0495,50,,,,,,,raw,experiments_cloud/results/ucurve_proprietary_results.csv,upstream source_file: experiments_cloud/results/ucurve_proprietary/gemini-2.5-pro/ucurve_20260520_150144.json
03_prompt_format,gemini-2.5-pro,Gemini-2.5,True,base,semantic_multi,flat_nolabel,5,50,IVQ,ordinal,4,1.0,,1.0,1.0,0.0495,50,,,,,,,raw,experiments_cloud/results/ucurve_proprietary_results.csv,upstream source_file: experiments_cloud/results/ucurve_proprietary/gemini-2.5-pro/ucurve_20260520_150144.json
03_prompt_format,gemini-2.5-pro,Gemini-2.5,True,base,semantic_multi,flat_nolabel,5,50,IVQ,ordinal,5,1.0,,1.0,1.0,0.0495,50,,,,,,,raw,experiments_cloud/results/ucurve_proprietary_results.csv,upstream source_file: experiments_cloud/results/ucurve_proprietary/gemini-2.5-pro/ucurve_20260520_150144.json
03_prompt_format,gemini-2.5-pro,Gemini-2.5,True,base,semantic_multi,flat_nolabel,5,50,IVQ,ordinal,6,1.0,,1.0,1.0,0.0495,50,,,,,,,raw,experiments_cloud/results/ucurve_proprietary_results.csv,upstream source_file: experiments_cloud/results/ucurve_proprietary/gemini-2.5-pro/ucurve_20260520_150144.json
03_prompt_format,gemini-2.5-pro,Gemini-2.5,True,base,semantic_multi,flat_nolabel,5,50,IVQ,ordinal,7,1.0,,1.0,1.0,0.0495,50,,,,,,,raw,experiments_cloud/results/ucurve_proprietary_results.csv,upstream source_file: experiments_cloud/results/ucurve_proprietary/gemini-2.5-pro/ucurve_20260520_150144.json
03_prompt_format,gemini-2.5-pro,Gemini-2.5,True,base,semantic_multi,flat_nolabel,5,50,IVQ,ordinal,8,1.0,,1.0,1.0,0.0495,50,,,,,,,raw,experiments_cloud/results/ucurve_proprietary_results.csv,upstream source_file: experiments_cloud/results/ucurve_proprietary/gemini-2.5-pro/ucurve_20260520_150144.json
03_prompt_format,gemini-2.5-pro,Gemini-2.5,True,base,semantic_multi,flat_nolabel,5,50,IVQ,ordinal,14,1.0,,1.0,1.0,0.0495,50,,,,,,,raw,experiments_cloud/results/ucurve_proprietary_results.csv,upstream source_file: experiments_cloud/results/ucurve_proprietary/gemini-2.5-pro/ucurve_20260520_150144.json
03_prompt_format,gemini-2.5-pro,Gemini-2.5,True,base,semantic_multi,flat_nolabel,5,50,IVQ,ordinal,20,1.0,,1.0,1.0,0.0495,50,,,,,,,raw,experiments_cloud/results/ucurve_proprietary_results.csv,upstream source_file: experiments_cloud/results/ucurve_proprietary/gemini-2.5-pro/ucurve_20260520_150144.json
03_prompt_format,gemini-2.5-pro,Gemini-2.5,True,base,semantic_multi,flat_nolabel,5,50,IVQ,ordinal,26,1.0,,1.0,1.0,0.0495,50,,,,,,,raw,experiments_cloud/results/ucurve_proprietary_results.csv,upstream source_file: experiments_cloud/results/ucurve_proprietary/gemini-2.5-pro/ucurve_20260520_150144.json
03_prompt_format,gemini-2.5-pro,Gemini-2.5,True,base,semantic_multi,flat_nolabel,5,50,IVQ,ordinal,31,1.0,,1.0,1.0,0.0495,50,,,,,,,raw,experiments_cloud/results/ucurve_proprietary_results.csv,upstream source_file: experiments_cloud/results/ucurve_proprietary/gemini-2.5-pro/ucurve_20260520_150144.json
03_prompt_format,gemini-2.5-pro,Gemini-2.5,True,base,semantic_multi,flat_nolabel,5,50,IVQ,ordinal,37,1.0,,1.0,1.0,0.0495,50,,,,,,,raw,experiments_cloud/results/ucurve_proprietary_results.csv,upstream source_file: experiments_cloud/results/ucurve_proprietary/gemini-2.5-pro/ucurve_20260520_150144.json
03_prompt_format,gemini-2.5-pro,Gemini-2.5,True,base,semantic_multi,flat_nolabel,5,50,IVQ,ordinal,43,1.0,,1.0,1.0,0.0495,50,,,,,,,raw,experiments_cloud/results/ucurve_proprietary_results.csv,upstream source_file: experiments_cloud/results/ucurve_proprietary/gemini-2.5-pro/ucurve_20260520_150144.json
03_prompt_format,gemini-2.5-pro,Gemini-2.5,True,base,semantic_multi,flat_nolabel,5,50,IVQ,ordinal,49,1.0,,1.0,1.0,0.0495,50,,,,,,,raw,experiments_cloud/results/ucurve_proprietary_results.csv,upstream source_file: experiments_cloud/results/ucurve_proprietary/gemini-2.5-pro/ucurve_20260520_150144.json
03_prompt_format,gemini-2.5-pro,Gemini-2.5,True,base,semantic_multi,flat_nolabel,5,50,CVQ,ordinal,50,1.0,,1.0,1.0,0.0495,50,,,,,,,raw,experiments_cloud/results/ucurve_proprietary_results.csv,upstream source_file: experiments_cloud/results/ucurve_proprietary/gemini-2.5-pro/ucurve_20260520_150144.json
03_prompt_format,gemini-2.5-pro,Gemini-2.5,True,base,semantic_multi,flat_nolabel,5,50,CVQ,semantic,last,1.0,,1.0,1.0,0.0495,50,,,,,,,raw,experiments_cloud/results/ucurve_proprietary_results.csv,upstream source_file: experiments_cloud/results/ucurve_proprietary/gemini-2.5-pro/ucurve_20260520_150144.json
03_prompt_format,gemini-2.5-pro,Gemini-2.5,True,base,semantic_multi,flat_nolabel,10,10,FVQ,ordinal,1,0.9417,,0.8932,0.9806,0.0497,103,,,,,,,raw,experiments_cloud/results/ucurve_proprietary_results.csv,upstream source_file: experiments_cloud/results/ucurve_proprietary/gemini-2.5-pro/ucurve_20260520_150144.json
03_prompt_format,gemini-2.5-pro,Gemini-2.5,True,base,semantic_multi,flat_nolabel,10,10,IVQ,ordinal,2,0.9417,,0.8932,0.9806,0.0497,103,,,,,,,raw,experiments_cloud/results/ucurve_proprietary_results.csv,upstream source_file: experiments_cloud/results/ucurve_proprietary/gemini-2.5-pro/ucurve_20260520_150144.json
03_prompt_format,gemini-2.5-pro,Gemini-2.5,True,base,semantic_multi,flat_nolabel,10,10,IVQ,ordinal,3,0.9515,,0.9029,0.9903,0.0467,103,,,,,,,raw,experiments_cloud/results/ucurve_proprietary_results.csv,upstream source_file: experiments_cloud/results/ucurve_proprietary/gemini-2.5-pro/ucurve_20260520_150144.json
03_prompt_format,gemini-2.5-pro,Gemini-2.5,True,base,semantic_multi,flat_nolabel,10,10,IVQ,ordinal,4,0.9612,,0.9223,0.9903,0.0434,103,,,,,,,raw,experiments_cloud/results/ucurve_proprietary_results.csv,upstream source_file: experiments_cloud/results/ucurve_proprietary/gemini-2.5-pro/ucurve_20260520_150144.json
03_prompt_format,gemini-2.5-pro,Gemini-2.5,True,base,semantic_multi,flat_nolabel,10,10,IVQ,ordinal,5,0.9515,,0.9029,0.9903,0.0467,103,,,,,,,raw,experiments_cloud/results/ucurve_proprietary_results.csv,upstream source_file: experiments_cloud/results/ucurve_proprietary/gemini-2.5-pro/ucurve_20260520_150144.json
03_prompt_format,gemini-2.5-pro,Gemini-2.5,True,base,semantic_multi,flat_nolabel,10,10,IVQ,ordinal,6,0.9417,,0.8932,0.9806,0.0497,103,,,,,,,raw,experiments_cloud/results/ucurve_proprietary_results.csv,upstream source_file: experiments_cloud/results/ucurve_proprietary/gemini-2.5-pro/ucurve_20260520_150144.json
03_prompt_format,gemini-2.5-pro,Gemini-2.5,True,base,semantic_multi,flat_nolabel,10,10,IVQ,ordinal,7,0.9515,,0.9029,0.9903,0.0467,103,,,,,,,raw,experiments_cloud/results/ucurve_proprietary_results.csv,upstream source_file: experiments_cloud/results/ucurve_proprietary/gemini-2.5-pro/ucurve_20260520_150144.json
03_prompt_format,gemini-2.5-pro,Gemini-2.5,True,base,semantic_multi,flat_nolabel,10,10,IVQ,ordinal,8,0.9417,,0.8932,0.9806,0.0497,103,,,,,,,raw,experiments_cloud/results/ucurve_proprietary_results.csv,upstream source_file: experiments_cloud/results/ucurve_proprietary/gemini-2.5-pro/ucurve_20260520_150144.json
03_prompt_format,gemini-2.5-pro,Gemini-2.5,True,base,semantic_multi,flat_nolabel,10,10,IVQ,ordinal,9,0.9417,,0.8932,0.9806,0.0497,103,,,,,,,raw,experiments_cloud/results/ucurve_proprietary_results.csv,upstream source_file: experiments_cloud/results/ucurve_proprietary/gemini-2.5-pro/ucurve_20260520_150144.json
03_prompt_format,gemini-2.5-pro,Gemini-2.5,True,base,semantic_multi,flat_nolabel,10,10,CVQ,ordinal,10,0.9417,,0.8932,0.9806,0.0497,103,,,,,,,raw,experiments_cloud/results/ucurve_proprietary_results.csv,upstream source_file: experiments_cloud/results/ucurve_proprietary/gemini-2.5-pro/ucurve_20260520_150144.json
03_prompt_format,gemini-2.5-pro,Gemini-2.5,True,base,semantic_multi,flat_nolabel,10,10,CVQ,semantic,last,0.9417,,0.8932,0.9806,0.0497,103,,,,,,,raw,experiments_cloud/results/ucurve_proprietary_results.csv,upstream source_file: experiments_cloud/results/ucurve_proprietary/gemini-2.5-pro/ucurve_20260520_150144.json
03_prompt_format,gemini-2.5-pro,Gemini-2.5,True,base,semantic_multi,flat_nolabel,10,20,FVQ,ordinal,1,1.0,,1.0,1.0,0.0495,50,,,,,,,raw,experiments_cloud/results/ucurve_proprietary_results.csv,upstream source_file: experiments_cloud/results/ucurve_proprietary/gemini-2.5-pro/ucurve_20260520_150144.json
03_prompt_format,gemini-2.5-pro,Gemini-2.5,True,base,semantic_multi,flat_nolabel,10,20,IVQ,ordinal,2,1.0,,1.0,1.0,0.0495,50,,,,,,,raw,experiments_cloud/results/ucurve_proprietary_results.csv,upstream source_file: experiments_cloud/results/ucurve_proprietary/gemini-2.5-pro/ucurve_20260520_150144.json
03_prompt_format,gemini-2.5-pro,Gemini-2.5,True,base,semantic_multi,flat_nolabel,10,20,IVQ,ordinal,3,1.0,,1.0,1.0,0.0495,50,,,,,,,raw,experiments_cloud/results/ucurve_proprietary_results.csv,upstream source_file: experiments_cloud/results/ucurve_proprietary/gemini-2.5-pro/ucurve_20260520_150144.json
03_prompt_format,gemini-2.5-pro,Gemini-2.5,True,base,semantic_multi,flat_nolabel,10,20,IVQ,ordinal,4,1.0,,1.0,1.0,0.0495,50,,,,,,,raw,experiments_cloud/results/ucurve_proprietary_results.csv,upstream source_file: experiments_cloud/results/ucurve_proprietary/gemini-2.5-pro/ucurve_20260520_150144.json
03_prompt_format,gemini-2.5-pro,Gemini-2.5,True,base,semantic_multi,flat_nolabel,10,20,IVQ,ordinal,5,1.0,,1.0,1.0,0.0495,50,,,,,,,raw,experiments_cloud/results/ucurve_proprietary_results.csv,upstream source_file: experiments_cloud/results/ucurve_proprietary/gemini-2.5-pro/ucurve_20260520_150144.json
03_prompt_format,gemini-2.5-pro,Gemini-2.5,True,base,semantic_multi,flat_nolabel,10,20,IVQ,ordinal,6,1.0,,1.0,1.0,0.0495,50,,,,,,,raw,experiments_cloud/results/ucurve_proprietary_results.csv,upstream source_file: experiments_cloud/results/ucurve_proprietary/gemini-2.5-pro/ucurve_20260520_150144.json
03_prompt_format,gemini-2.5-pro,Gemini-2.5,True,base,semantic_multi,flat_nolabel,10,20,IVQ,ordinal,7,1.0,,1.0,1.0,0.0495,50,,,,,,,raw,experiments_cloud/results/ucurve_proprietary_results.csv,upstream source_file: experiments_cloud/results/ucurve_proprietary/gemini-2.5-pro/ucurve_20260520_150144.json
03_prompt_format,gemini-2.5-pro,Gemini-2.5,True,base,semantic_multi,flat_nolabel,10,20,IVQ,ordinal,8,1.0,,1.0,1.0,0.0495,50,,,,,,,raw,experiments_cloud/results/ucurve_proprietary_results.csv,upstream source_file: experiments_cloud/results/ucurve_proprietary/gemini-2.5-pro/ucurve_20260520_150144.json
03_prompt_format,gemini-2.5-pro,Gemini-2.5,True,base,semantic_multi,flat_nolabel,10,20,IVQ,ordinal,10,1.0,,1.0,1.0,0.0495,50,,,,,,,raw,experiments_cloud/results/ucurve_proprietary_results.csv,upstream source_file: experiments_cloud/results/ucurve_proprietary/gemini-2.5-pro/ucurve_20260520_150144.json
03_prompt_format,gemini-2.5-pro,Gemini-2.5,True,base,semantic_multi,flat_nolabel,10,20,IVQ,ordinal,11,1.0,,1.0,1.0,0.0495,50,,,,,,,raw,experiments_cloud/results/ucurve_proprietary_results.csv,upstream source_file: experiments_cloud/results/ucurve_proprietary/gemini-2.5-pro/ucurve_20260520_150144.json
03_prompt_format,gemini-2.5-pro,Gemini-2.5,True,base,semantic_multi,flat_nolabel,10,20,IVQ,ordinal,13,1.0,,1.0,1.0,0.0495,50,,,,,,,raw,experiments_cloud/results/ucurve_proprietary_results.csv,upstream source_file: experiments_cloud/results/ucurve_proprietary/gemini-2.5-pro/ucurve_20260520_150144.json
03_prompt_format,gemini-2.5-pro,Gemini-2.5,True,base,semantic_multi,flat_nolabel,10,20,IVQ,ordinal,14,1.0,,1.0,1.0,0.0495,50,,,,,,,raw,experiments_cloud/results/ucurve_proprietary_results.csv,upstream source_file: experiments_cloud/results/ucurve_proprietary/gemini-2.5-pro/ucurve_20260520_150144.json
03_prompt_format,gemini-2.5-pro,Gemini-2.5,True,base,semantic_multi,flat_nolabel,10,20,IVQ,ordinal,16,1.0,,1.0,1.0,0.0495,50,,,,,,,raw,experiments_cloud/results/ucurve_proprietary_results.csv,upstream source_file: experiments_cloud/results/ucurve_proprietary/gemini-2.5-pro/ucurve_20260520_150144.json
03_prompt_format,gemini-2.5-pro,Gemini-2.5,True,base,semantic_multi,flat_nolabel,10,20,IVQ,ordinal,17,1.0,,1.0,1.0,0.0495,50,,,,,,,raw,experiments_cloud/results/ucurve_proprietary_results.csv,upstream source_file: experiments_cloud/results/ucurve_proprietary/gemini-2.5-pro/ucurve_20260520_150144.json
03_prompt_format,gemini-2.5-pro,Gemini-2.5,True,base,semantic_multi,flat_nolabel,10,20,IVQ,ordinal,19,1.0,,1.0,1.0,0.0495,50,,,,,,,raw,experiments_cloud/results/ucurve_proprietary_results.csv,upstream source_file: experiments_cloud/results/ucurve_proprietary/gemini-2.5-pro/ucurve_20260520_150144.json
03_prompt_format,gemini-2.5-pro,Gemini-2.5,True,base,semantic_multi,flat_nolabel,10,20,CVQ,ordinal,20,1.0,,1.0,1.0,0.0495,50,,,,,,,raw,experiments_cloud/results/ucurve_proprietary_results.csv,upstream source_file: experiments_cloud/results/ucurve_proprietary/gemini-2.5-pro/ucurve_20260520_150144.json
03_prompt_format,gemini-2.5-pro,Gemini-2.5,True,base,semantic_multi,flat_nolabel,10,20,CVQ,semantic,last,1.0,,1.0,1.0,0.0495,50,,,,,,,raw,experiments_cloud/results/ucurve_proprietary_results.csv,upstream source_file: experiments_cloud/results/ucurve_proprietary/gemini-2.5-pro/ucurve_20260520_150144.json
03_prompt_format,gemini-2.5-pro,Gemini-2.5,True,base,semantic_multi,flat_nolabel,10,50,FVQ,ordinal,1,1.0,,1.0,1.0,0.0354,72,,,,,,,raw,experiments_cloud/results/ucurve_proprietary_results.csv,upstream source_file: experiments_cloud/results/ucurve_proprietary/gemini-2.5-pro/ucurve_20260520_150144.json
03_prompt_format,gemini-2.5-pro,Gemini-2.5,True,base,semantic_multi,flat_nolabel,10,50,IVQ,ordinal,2,1.0,,1.0,1.0,0.0354,72,,,,,,,raw,experiments_cloud/results/ucurve_proprietary_results.csv,upstream source_file: experiments_cloud/results/ucurve_proprietary/gemini-2.5-pro/ucurve_20260520_150144.json
03_prompt_format,gemini-2.5-pro,Gemini-2.5,True,base,semantic_multi,flat_nolabel,10,50,IVQ,ordinal,3,1.0,,1.0,1.0,0.0354,72,,,,,,,raw,experiments_cloud/results/ucurve_proprietary_results.csv,upstream source_file: experiments_cloud/results/ucurve_proprietary/gemini-2.5-pro/ucurve_20260520_150144.json
03_prompt_format,gemini-2.5-pro,Gemini-2.5,True,base,semantic_multi,flat_nolabel,10,50,IVQ,ordinal,4,1.0,,1.0,1.0,0.0354,72,,,,,,,raw,experiments_cloud/results/ucurve_proprietary_results.csv,upstream source_file: experiments_cloud/results/ucurve_proprietary/gemini-2.5-pro/ucurve_20260520_150144.json
03_prompt_format,gemini-2.5-pro,Gemini-2.5,True,base,semantic_multi,flat_nolabel,10,50,IVQ,ordinal,5,1.0,,1.0,1.0,0.0354,72,,,,,,,raw,experiments_cloud/results/ucurve_proprietary_results.csv,upstream source_file: experiments_cloud/results/ucurve_proprietary/gemini-2.5-pro/ucurve_20260520_150144.json
03_prompt_format,gemini-2.5-pro,Gemini-2.5,True,base,semantic_multi,flat_nolabel,10,50,IVQ,ordinal,6,1.0,,1.0,1.0,0.0354,72,,,,,,,raw,experiments_cloud/results/ucurve_proprietary_results.csv,upstream source_file: experiments_cloud/results/ucurve_proprietary/gemini-2.5-pro/ucurve_20260520_150144.json
03_prompt_format,gemini-2.5-pro,Gemini-2.5,True,base,semantic_multi,flat_nolabel,10,50,IVQ,ordinal,7,1.0,,1.0,1.0,0.0354,72,,,,,,,raw,experiments_cloud/results/ucurve_proprietary_results.csv,upstream source_file: experiments_cloud/results/ucurve_proprietary/gemini-2.5-pro/ucurve_20260520_150144.json
03_prompt_format,gemini-2.5-pro,Gemini-2.5,True,base,semantic_multi,flat_nolabel,10,50,IVQ,ordinal,8,1.0,,1.0,1.0,0.0354,72,,,,,,,raw,experiments_cloud/results/ucurve_proprietary_results.csv,upstream source_file: experiments_cloud/results/ucurve_proprietary/gemini-2.5-pro/ucurve_20260520_150144.json
03_prompt_format,gemini-2.5-pro,Gemini-2.5,True,base,semantic_multi,flat_nolabel,10,50,IVQ,ordinal,14,1.0,,1.0,1.0,0.0354,72,,,,,,,raw,experiments_cloud/results/ucurve_proprietary_results.csv,upstream source_file: experiments_cloud/results/ucurve_proprietary/gemini-2.5-pro/ucurve_20260520_150144.json
03_prompt_format,gemini-2.5-pro,Gemini-2.5,True,base,semantic_multi,flat_nolabel,10,50,IVQ,ordinal,20,0.9861,,0.9583,1.0,0.0433,72,,,,,,,raw,experiments_cloud/results/ucurve_proprietary_results.csv,upstream source_file: experiments_cloud/results/ucurve_proprietary/gemini-2.5-pro/ucurve_20260520_150144.json
03_prompt_format,gemini-2.5-pro,Gemini-2.5,True,base,semantic_multi,flat_nolabel,10,50,IVQ,ordinal,26,1.0,,1.0,1.0,0.0354,72,,,,,,,raw,experiments_cloud/results/ucurve_proprietary_results.csv,upstream source_file: experiments_cloud/results/ucurve_proprietary/gemini-2.5-pro/ucurve_20260520_150144.json
03_prompt_format,gemini-2.5-pro,Gemini-2.5,True,base,semantic_multi,flat_nolabel,10,50,IVQ,ordinal,31,0.9722,,0.9306,1.0,0.0498,72,,,,,,,raw,experiments_cloud/results/ucurve_proprietary_results.csv,upstream source_file: experiments_cloud/results/ucurve_proprietary/gemini-2.5-pro/ucurve_20260520_150144.json
03_prompt_format,gemini-2.5-pro,Gemini-2.5,True,base,semantic_multi,flat_nolabel,10,50,IVQ,ordinal,37,0.9722,,0.9306,1.0,0.0498,72,,,,,,,raw,experiments_cloud/results/ucurve_proprietary_results.csv,upstream source_file: experiments_cloud/results/ucurve_proprietary/gemini-2.5-pro/ucurve_20260520_150144.json
03_prompt_format,gemini-2.5-pro,Gemini-2.5,True,base,semantic_multi,flat_nolabel,10,50,IVQ,ordinal,43,0.9722,,0.9306,1.0,0.0498,72,,,,,,,raw,experiments_cloud/results/ucurve_proprietary_results.csv,upstream source_file: experiments_cloud/results/ucurve_proprietary/gemini-2.5-pro/ucurve_20260520_150144.json
03_prompt_format,gemini-2.5-pro,Gemini-2.5,True,base,semantic_multi,flat_nolabel,10,50,IVQ,ordinal,49,0.9722,,0.9306,1.0,0.0498,72,,,,,,,raw,experiments_cloud/results/ucurve_proprietary_results.csv,upstream source_file: experiments_cloud/results/ucurve_proprietary/gemini-2.5-pro/ucurve_20260520_150144.json
03_prompt_format,gemini-2.5-pro,Gemini-2.5,True,base,semantic_multi,flat_nolabel,10,50,CVQ,ordinal,50,0.9722,,0.9306,1.0,0.0498,72,,,,,,,raw,experiments_cloud/results/ucurve_proprietary_results.csv,upstream source_file: experiments_cloud/results/ucurve_proprietary/gemini-2.5-pro/ucurve_20260520_150144.json
03_prompt_format,gemini-2.5-pro,Gemini-2.5,True,base,semantic_multi,flat_nolabel,10,50,CVQ,semantic,last,1.0,,1.0,1.0,0.0354,72,,,,,,,raw,experiments_cloud/results/ucurve_proprietary_results.csv,upstream source_file: experiments_cloud/results/ucurve_proprietary/gemini-2.5-pro/ucurve_20260520_150144.json
03_prompt_format,gemini-2.5-pro,Gemini-2.5,True,base,semantic_multi,flat_verbose,5,10,FVQ,ordinal,1,1.0,,1.0,1.0,0.0495,50,,,,,,,raw,experiments_cloud/results/ucurve_proprietary_results.csv,upstream source_file: experiments_cloud/results/ucurve_proprietary/gemini-2.5-pro/ucurve_20260520_150144.json
03_prompt_format,gemini-2.5-pro,Gemini-2.5,True,base,semantic_multi,flat_verbose,5,10,IVQ,ordinal,2,1.0,,1.0,1.0,0.0495,50,,,,,,,raw,experiments_cloud/results/ucurve_proprietary_results.csv,upstream source_file: experiments_cloud/results/ucurve_proprietary/gemini-2.5-pro/ucurve_20260520_150144.json
03_prompt_format,gemini-2.5-pro,Gemini-2.5,True,base,semantic_multi,flat_verbose,5,10,IVQ,ordinal,3,1.0,,1.0,1.0,0.0495,50,,,,,,,raw,experiments_cloud/results/ucurve_proprietary_results.csv,upstream source_file: experiments_cloud/results/ucurve_proprietary/gemini-2.5-pro/ucurve_20260520_150144.json
03_prompt_format,gemini-2.5-pro,Gemini-2.5,True,base,semantic_multi,flat_verbose,5,10,IVQ,ordinal,4,1.0,,1.0,1.0,0.0495,50,,,,,,,raw,experiments_cloud/results/ucurve_proprietary_results.csv,upstream source_file: experiments_cloud/results/ucurve_proprietary/gemini-2.5-pro/ucurve_20260520_150144.json
03_prompt_format,gemini-2.5-pro,Gemini-2.5,True,base,semantic_multi,flat_verbose,5,10,IVQ,ordinal,5,1.0,,1.0,1.0,0.0495,50,,,,,,,raw,experiments_cloud/results/ucurve_proprietary_results.csv,upstream source_file: experiments_cloud/results/ucurve_proprietary/gemini-2.5-pro/ucurve_20260520_150144.json
03_prompt_format,gemini-2.5-pro,Gemini-2.5,True,base,semantic_multi,flat_verbose,5,10,IVQ,ordinal,6,1.0,,1.0,1.0,0.0495,50,,,,,,,raw,experiments_cloud/results/ucurve_proprietary_results.csv,upstream source_file: experiments_cloud/results/ucurve_proprietary/gemini-2.5-pro/ucurve_20260520_150144.json
03_prompt_format,gemini-2.5-pro,Gemini-2.5,True,base,semantic_multi,flat_verbose,5,10,IVQ,ordinal,7,1.0,,1.0,1.0,0.0495,50,,,,,,,raw,experiments_cloud/results/ucurve_proprietary_results.csv,upstream source_file: experiments_cloud/results/ucurve_proprietary/gemini-2.5-pro/ucurve_20260520_150144.json
03_prompt_format,gemini-2.5-pro,Gemini-2.5,True,base,semantic_multi,flat_verbose,5,10,IVQ,ordinal,8,1.0,,1.0,1.0,0.0495,50,,,,,,,raw,experiments_cloud/results/ucurve_proprietary_results.csv,upstream source_file: experiments_cloud/results/ucurve_proprietary/gemini-2.5-pro/ucurve_20260520_150144.json
03_prompt_format,gemini-2.5-pro,Gemini-2.5,True,base,semantic_multi,flat_verbose,5,10,IVQ,ordinal,9,1.0,,1.0,1.0,0.0495,50,,,,,,,raw,experiments_cloud/results/ucurve_proprietary_results.csv,upstream source_file: experiments_cloud/results/ucurve_proprietary/gemini-2.5-pro/ucurve_20260520_150144.json
03_prompt_format,gemini-2.5-pro,Gemini-2.5,True,base,semantic_multi,flat_verbose,5,10,CVQ,ordinal,10,1.0,,1.0,1.0,0.0495,50,,,,,,,raw,experiments_cloud/results/ucurve_proprietary_results.csv,upstream source_file: experiments_cloud/results/ucurve_proprietary/gemini-2.5-pro/ucurve_20260520_150144.json
03_prompt_format,gemini-2.5-pro,Gemini-2.5,True,base,semantic_multi,flat_verbose,5,10,CVQ,semantic,last,1.0,,1.0,1.0,0.0495,50,,,,,,,raw,experiments_cloud/results/ucurve_proprietary_results.csv,upstream source_file: experiments_cloud/results/ucurve_proprietary/gemini-2.5-pro/ucurve_20260520_150144.json
03_prompt_format,gemini-2.5-pro,Gemini-2.5,True,base,semantic_multi,flat_verbose,5,20,FVQ,ordinal,1,1.0,,1.0,1.0,0.0495,50,,,,,,,raw,experiments_cloud/results/ucurve_proprietary_results.csv,upstream source_file: experiments_cloud/results/ucurve_proprietary/gemini-2.5-pro/ucurve_20260520_150144.json
03_prompt_format,gemini-2.5-pro,Gemini-2.5,True,base,semantic_multi,flat_verbose,5,20,IVQ,ordinal,2,1.0,,1.0,1.0,0.0495,50,,,,,,,raw,experiments_cloud/results/ucurve_proprietary_results.csv,upstream source_file: experiments_cloud/results/ucurve_proprietary/gemini-2.5-pro/ucurve_20260520_150144.json
03_prompt_format,gemini-2.5-pro,Gemini-2.5,True,base,semantic_multi,flat_verbose,5,20,IVQ,ordinal,3,1.0,,1.0,1.0,0.0495,50,,,,,,,raw,experiments_cloud/results/ucurve_proprietary_results.csv,upstream source_file: experiments_cloud/results/ucurve_proprietary/gemini-2.5-pro/ucurve_20260520_150144.json
03_prompt_format,gemini-2.5-pro,Gemini-2.5,True,base,semantic_multi,flat_verbose,5,20,IVQ,ordinal,4,1.0,,1.0,1.0,0.0495,50,,,,,,,raw,experiments_cloud/results/ucurve_proprietary_results.csv,upstream source_file: experiments_cloud/results/ucurve_proprietary/gemini-2.5-pro/ucurve_20260520_150144.json
03_prompt_format,gemini-2.5-pro,Gemini-2.5,True,base,semantic_multi,flat_verbose,5,20,IVQ,ordinal,5,1.0,,1.0,1.0,0.0495,50,,,,,,,raw,experiments_cloud/results/ucurve_proprietary_results.csv,upstream source_file: experiments_cloud/results/ucurve_proprietary/gemini-2.5-pro/ucurve_20260520_150144.json
03_prompt_format,gemini-2.5-pro,Gemini-2.5,True,base,semantic_multi,flat_verbose,5,20,IVQ,ordinal,6,1.0,,1.0,1.0,0.0495,50,,,,,,,raw,experiments_cloud/results/ucurve_proprietary_results.csv,upstream source_file: experiments_cloud/results/ucurve_proprietary/gemini-2.5-pro/ucurve_20260520_150144.json
03_prompt_format,gemini-2.5-pro,Gemini-2.5,True,base,semantic_multi,flat_verbose,5,20,IVQ,ordinal,7,1.0,,1.0,1.0,0.0495,50,,,,,,,raw,experiments_cloud/results/ucurve_proprietary_results.csv,upstream source_file: experiments_cloud/results/ucurve_proprietary/gemini-2.5-pro/ucurve_20260520_150144.json
03_prompt_format,gemini-2.5-pro,Gemini-2.5,True,base,semantic_multi,flat_verbose,5,20,IVQ,ordinal,8,1.0,,1.0,1.0,0.0495,50,,,,,,,raw,experiments_cloud/results/ucurve_proprietary_results.csv,upstream source_file: experiments_cloud/results/ucurve_proprietary/gemini-2.5-pro/ucurve_20260520_150144.json
03_prompt_format,gemini-2.5-pro,Gemini-2.5,True,base,semantic_multi,flat_verbose,5,20,IVQ,ordinal,10,1.0,,1.0,1.0,0.0495,50,,,,,,,raw,experiments_cloud/results/ucurve_proprietary_results.csv,upstream source_file: experiments_cloud/results/ucurve_proprietary/gemini-2.5-pro/ucurve_20260520_150144.json
03_prompt_format,gemini-2.5-pro,Gemini-2.5,True,base,semantic_multi,flat_verbose,5,20,IVQ,ordinal,11,1.0,,1.0,1.0,0.0495,50,,,,,,,raw,experiments_cloud/results/ucurve_proprietary_results.csv,upstream source_file: experiments_cloud/results/ucurve_proprietary/gemini-2.5-pro/ucurve_20260520_150144.json
03_prompt_format,gemini-2.5-pro,Gemini-2.5,True,base,semantic_multi,flat_verbose,5,20,IVQ,ordinal,13,1.0,,1.0,1.0,0.0495,50,,,,,,,raw,experiments_cloud/results/ucurve_proprietary_results.csv,upstream source_file: experiments_cloud/results/ucurve_proprietary/gemini-2.5-pro/ucurve_20260520_150144.json
03_prompt_format,gemini-2.5-pro,Gemini-2.5,True,base,semantic_multi,flat_verbose,5,20,IVQ,ordinal,14,1.0,,1.0,1.0,0.0495,50,,,,,,,raw,experiments_cloud/results/ucurve_proprietary_results.csv,upstream source_file: experiments_cloud/results/ucurve_proprietary/gemini-2.5-pro/ucurve_20260520_150144.json
03_prompt_format,gemini-2.5-pro,Gemini-2.5,True,base,semantic_multi,flat_verbose,5,20,IVQ,ordinal,16,1.0,,1.0,1.0,0.0495,50,,,,,,,raw,experiments_cloud/results/ucurve_proprietary_results.csv,upstream source_file: experiments_cloud/results/ucurve_proprietary/gemini-2.5-pro/ucurve_20260520_150144.json
03_prompt_format,gemini-2.5-pro,Gemini-2.5,True,base,semantic_multi,flat_verbose,5,20,IVQ,ordinal,17,1.0,,1.0,1.0,0.0495,50,,,,,,,raw,experiments_cloud/results/ucurve_proprietary_results.csv,upstream source_file: experiments_cloud/results/ucurve_proprietary/gemini-2.5-pro/ucurve_20260520_150144.json
03_prompt_format,gemini-2.5-pro,Gemini-2.5,True,base,semantic_multi,flat_verbose,5,20,IVQ,ordinal,19,1.0,,1.0,1.0,0.0495,50,,,,,,,raw,experiments_cloud/results/ucurve_proprietary_results.csv,upstream source_file: experiments_cloud/results/ucurve_proprietary/gemini-2.5-pro/ucurve_20260520_150144.json
03_prompt_format,gemini-2.5-pro,Gemini-2.5,True,base,semantic_multi,flat_verbose,5,20,CVQ,ordinal,20,1.0,,1.0,1.0,0.0495,50,,,,,,,raw,experiments_cloud/results/ucurve_proprietary_results.csv,upstream source_file: experiments_cloud/results/ucurve_proprietary/gemini-2.5-pro/ucurve_20260520_150144.json
03_prompt_format,gemini-2.5-pro,Gemini-2.5,True,base,semantic_multi,flat_verbose,5,20,CVQ,semantic,last,1.0,,1.0,1.0,0.0495,50,,,,,,,raw,experiments_cloud/results/ucurve_proprietary_results.csv,upstream source_file: experiments_cloud/results/ucurve_proprietary/gemini-2.5-pro/ucurve_20260520_150144.json
03_prompt_format,gemini-2.5-pro,Gemini-2.5,True,base,semantic_multi,flat_verbose,5,50,FVQ,ordinal,1,1.0,,1.0,1.0,0.0495,50,,,,,,,raw,experiments_cloud/results/ucurve_proprietary_results.csv,upstream source_file: experiments_cloud/results/ucurve_proprietary/gemini-2.5-pro/ucurve_20260520_150144.json
03_prompt_format,gemini-2.5-pro,Gemini-2.5,True,base,semantic_multi,flat_verbose,5,50,IVQ,ordinal,2,1.0,,1.0,1.0,0.0495,50,,,,,,,raw,experiments_cloud/results/ucurve_proprietary_results.csv,upstream source_file: experiments_cloud/results/ucurve_proprietary/gemini-2.5-pro/ucurve_20260520_150144.json
03_prompt_format,gemini-2.5-pro,Gemini-2.5,True,base,semantic_multi,flat_verbose,5,50,IVQ,ordinal,3,1.0,,1.0,1.0,0.0495,50,,,,,,,raw,experiments_cloud/results/ucurve_proprietary_results.csv,upstream source_file: experiments_cloud/results/ucurve_proprietary/gemini-2.5-pro/ucurve_20260520_150144.json
03_prompt_format,gemini-2.5-pro,Gemini-2.5,True,base,semantic_multi,flat_verbose,5,50,IVQ,ordinal,4,1.0,,1.0,1.0,0.0495,50,,,,,,,raw,experiments_cloud/results/ucurve_proprietary_results.csv,upstream source_file: experiments_cloud/results/ucurve_proprietary/gemini-2.5-pro/ucurve_20260520_150144.json
03_prompt_format,gemini-2.5-pro,Gemini-2.5,True,base,semantic_multi,flat_verbose,5,50,IVQ,ordinal,5,1.0,,1.0,1.0,0.0495,50,,,,,,,raw,experiments_cloud/results/ucurve_proprietary_results.csv,upstream source_file: experiments_cloud/results/ucurve_proprietary/gemini-2.5-pro/ucurve_20260520_150144.json
03_prompt_format,gemini-2.5-pro,Gemini-2.5,True,base,semantic_multi,flat_verbose,5,50,IVQ,ordinal,6,1.0,,1.0,1.0,0.0495,50,,,,,,,raw,experiments_cloud/results/ucurve_proprietary_results.csv,upstream source_file: experiments_cloud/results/ucurve_proprietary/gemini-2.5-pro/ucurve_20260520_150144.json
03_prompt_format,gemini-2.5-pro,Gemini-2.5,True,base,semantic_multi,flat_verbose,5,50,IVQ,ordinal,7,1.0,,1.0,1.0,0.0495,50,,,,,,,raw,experiments_cloud/results/ucurve_proprietary_results.csv,upstream source_file: experiments_cloud/results/ucurve_proprietary/gemini-2.5-pro/ucurve_20260520_150144.json
03_prompt_format,gemini-2.5-pro,Gemini-2.5,True,base,semantic_multi,flat_verbose,5,50,IVQ,ordinal,8,1.0,,1.0,1.0,0.0495,50,,,,,,,raw,experiments_cloud/results/ucurve_proprietary_results.csv,upstream source_file: experiments_cloud/results/ucurve_proprietary/gemini-2.5-pro/ucurve_20260520_150144.json
03_prompt_format,gemini-2.5-pro,Gemini-2.5,True,base,semantic_multi,flat_verbose,5,50,IVQ,ordinal,14,1.0,,1.0,1.0,0.0495,50,,,,,,,raw,experiments_cloud/results/ucurve_proprietary_results.csv,upstream source_file: experiments_cloud/results/ucurve_proprietary/gemini-2.5-pro/ucurve_20260520_150144.json
03_prompt_format,gemini-2.5-pro,Gemini-2.5,True,base,semantic_multi,flat_verbose,5,50,IVQ,ordinal,20,1.0,,1.0,1.0,0.0495,50,,,,,,,raw,experiments_cloud/results/ucurve_proprietary_results.csv,upstream source_file: experiments_cloud/results/ucurve_proprietary/gemini-2.5-pro/ucurve_20260520_150144.json
03_prompt_format,gemini-2.5-pro,Gemini-2.5,True,base,semantic_multi,flat_verbose,5,50,IVQ,ordinal,26,1.0,,1.0,1.0,0.0495,50,,,,,,,raw,experiments_cloud/results/ucurve_proprietary_results.csv,upstream source_file: experiments_cloud/results/ucurve_proprietary/gemini-2.5-pro/ucurve_20260520_150144.json
03_prompt_format,gemini-2.5-pro,Gemini-2.5,True,base,semantic_multi,flat_verbose,5,50,IVQ,ordinal,31,1.0,,1.0,1.0,0.0495,50,,,,,,,raw,experiments_cloud/results/ucurve_proprietary_results.csv,upstream source_file: experiments_cloud/results/ucurve_proprietary/gemini-2.5-pro/ucurve_20260520_150144.json
03_prompt_format,gemini-2.5-pro,Gemini-2.5,True,base,semantic_multi,flat_verbose,5,50,IVQ,ordinal,37,1.0,,1.0,1.0,0.0495,50,,,,,,,raw,experiments_cloud/results/ucurve_proprietary_results.csv,upstream source_file: experiments_cloud/results/ucurve_proprietary/gemini-2.5-pro/ucurve_20260520_150144.json
03_prompt_format,gemini-2.5-pro,Gemini-2.5,True,base,semantic_multi,flat_verbose,5,50,IVQ,ordinal,43,1.0,,1.0,1.0,0.0495,50,,,,,,,raw,experiments_cloud/results/ucurve_proprietary_results.csv,upstream source_file: experiments_cloud/results/ucurve_proprietary/gemini-2.5-pro/ucurve_20260520_150144.json
03_prompt_format,gemini-2.5-pro,Gemini-2.5,True,base,semantic_multi,flat_verbose,5,50,IVQ,ordinal,49,1.0,,1.0,1.0,0.0495,50,,,,,,,raw,experiments_cloud/results/ucurve_proprietary_results.csv,upstream source_file: experiments_cloud/results/ucurve_proprietary/gemini-2.5-pro/ucurve_20260520_150144.json
03_prompt_format,gemini-2.5-pro,Gemini-2.5,True,base,semantic_multi,flat_verbose,5,50,CVQ,ordinal,50,1.0,,1.0,1.0,0.0495,50,,,,,,,raw,experiments_cloud/results/ucurve_proprietary_results.csv,upstream source_file: experiments_cloud/results/ucurve_proprietary/gemini-2.5-pro/ucurve_20260520_150144.json
03_prompt_format,gemini-2.5-pro,Gemini-2.5,True,base,semantic_multi,flat_verbose,5,50,CVQ,semantic,last,1.0,,1.0,1.0,0.0495,50,,,,,,,raw,experiments_cloud/results/ucurve_proprietary_results.csv,upstream source_file: experiments_cloud/results/ucurve_proprietary/gemini-2.5-pro/ucurve_20260520_150144.json
03_prompt_format,gemini-2.5-pro,Gemini-2.5,True,base,semantic_multi,flat_verbose,10,10,FVQ,ordinal,1,1.0,,1.0,1.0,0.0495,50,,,,,,,raw,experiments_cloud/results/ucurve_proprietary_results.csv,upstream source_file: experiments_cloud/results/ucurve_proprietary/gemini-2.5-pro/ucurve_20260520_150144.json
03_prompt_format,gemini-2.5-pro,Gemini-2.5,True,base,semantic_multi,flat_verbose,10,10,IVQ,ordinal,2,1.0,,1.0,1.0,0.0495,50,,,,,,,raw,experiments_cloud/results/ucurve_proprietary_results.csv,upstream source_file: experiments_cloud/results/ucurve_proprietary/gemini-2.5-pro/ucurve_20260520_150144.json
03_prompt_format,gemini-2.5-pro,Gemini-2.5,True,base,semantic_multi,flat_verbose,10,10,IVQ,ordinal,3,1.0,,1.0,1.0,0.0495,50,,,,,,,raw,experiments_cloud/results/ucurve_proprietary_results.csv,upstream source_file: experiments_cloud/results/ucurve_proprietary/gemini-2.5-pro/ucurve_20260520_150144.json
03_prompt_format,gemini-2.5-pro,Gemini-2.5,True,base,semantic_multi,flat_verbose,10,10,IVQ,ordinal,4,1.0,,1.0,1.0,0.0495,50,,,,,,,raw,experiments_cloud/results/ucurve_proprietary_results.csv,upstream source_file: experiments_cloud/results/ucurve_proprietary/gemini-2.5-pro/ucurve_20260520_150144.json
03_prompt_format,gemini-2.5-pro,Gemini-2.5,True,base,semantic_multi,flat_verbose,10,10,IVQ,ordinal,5,1.0,,1.0,1.0,0.0495,50,,,,,,,raw,experiments_cloud/results/ucurve_proprietary_results.csv,upstream source_file: experiments_cloud/results/ucurve_proprietary/gemini-2.5-pro/ucurve_20260520_150144.json
03_prompt_format,gemini-2.5-pro,Gemini-2.5,True,base,semantic_multi,flat_verbose,10,10,IVQ,ordinal,6,1.0,,1.0,1.0,0.0495,50,,,,,,,raw,experiments_cloud/results/ucurve_proprietary_results.csv,upstream source_file: experiments_cloud/results/ucurve_proprietary/gemini-2.5-pro/ucurve_20260520_150144.json
03_prompt_format,gemini-2.5-pro,Gemini-2.5,True,base,semantic_multi,flat_verbose,10,10,IVQ,ordinal,7,1.0,,1.0,1.0,0.0495,50,,,,,,,raw,experiments_cloud/results/ucurve_proprietary_results.csv,upstream source_file: experiments_cloud/results/ucurve_proprietary/gemini-2.5-pro/ucurve_20260520_150144.json
03_prompt_format,gemini-2.5-pro,Gemini-2.5,True,base,semantic_multi,flat_verbose,10,10,IVQ,ordinal,8,1.0,,1.0,1.0,0.0495,50,,,,,,,raw,experiments_cloud/results/ucurve_proprietary_results.csv,upstream source_file: experiments_cloud/results/ucurve_proprietary/gemini-2.5-pro/ucurve_20260520_150144.json
03_prompt_format,gemini-2.5-pro,Gemini-2.5,True,base,semantic_multi,flat_verbose,10,10,IVQ,ordinal,9,1.0,,1.0,1.0,0.0495,50,,,,,,,raw,experiments_cloud/results/ucurve_proprietary_results.csv,upstream source_file: experiments_cloud/results/ucurve_proprietary/gemini-2.5-pro/ucurve_20260520_150144.json
03_prompt_format,gemini-2.5-pro,Gemini-2.5,True,base,semantic_multi,flat_verbose,10,10,CVQ,ordinal,10,1.0,,1.0,1.0,0.0495,50,,,,,,,raw,experiments_cloud/results/ucurve_proprietary_results.csv,upstream source_file: experiments_cloud/results/ucurve_proprietary/gemini-2.5-pro/ucurve_20260520_150144.json
03_prompt_format,gemini-2.5-pro,Gemini-2.5,True,base,semantic_multi,flat_verbose,10,10,CVQ,semantic,last,1.0,,1.0,1.0,0.0495,50,,,,,,,raw,experiments_cloud/results/ucurve_proprietary_results.csv,upstream source_file: experiments_cloud/results/ucurve_proprietary/gemini-2.5-pro/ucurve_20260520_150144.json
03_prompt_format,gemini-2.5-pro,Gemini-2.5,True,base,semantic_multi,flat_verbose,10,20,FVQ,ordinal,1,1.0,,1.0,1.0,0.0495,50,,,,,,,raw,experiments_cloud/results/ucurve_proprietary_results.csv,upstream source_file: experiments_cloud/results/ucurve_proprietary/gemini-2.5-pro/ucurve_20260520_150144.json
03_prompt_format,gemini-2.5-pro,Gemini-2.5,True,base,semantic_multi,flat_verbose,10,20,IVQ,ordinal,2,1.0,,1.0,1.0,0.0495,50,,,,,,,raw,experiments_cloud/results/ucurve_proprietary_results.csv,upstream source_file: experiments_cloud/results/ucurve_proprietary/gemini-2.5-pro/ucurve_20260520_150144.json
03_prompt_format,gemini-2.5-pro,Gemini-2.5,True,base,semantic_multi,flat_verbose,10,20,IVQ,ordinal,3,1.0,,1.0,1.0,0.0495,50,,,,,,,raw,experiments_cloud/results/ucurve_proprietary_results.csv,upstream source_file: experiments_cloud/results/ucurve_proprietary/gemini-2.5-pro/ucurve_20260520_150144.json
03_prompt_format,gemini-2.5-pro,Gemini-2.5,True,base,semantic_multi,flat_verbose,10,20,IVQ,ordinal,4,1.0,,1.0,1.0,0.0495,50,,,,,,,raw,experiments_cloud/results/ucurve_proprietary_results.csv,upstream source_file: experiments_cloud/results/ucurve_proprietary/gemini-2.5-pro/ucurve_20260520_150144.json
03_prompt_format,gemini-2.5-pro,Gemini-2.5,True,base,semantic_multi,flat_verbose,10,20,IVQ,ordinal,5,1.0,,1.0,1.0,0.0495,50,,,,,,,raw,experiments_cloud/results/ucurve_proprietary_results.csv,upstream source_file: experiments_cloud/results/ucurve_proprietary/gemini-2.5-pro/ucurve_20260520_150144.json
03_prompt_format,gemini-2.5-pro,Gemini-2.5,True,base,semantic_multi,flat_verbose,10,20,IVQ,ordinal,6,1.0,,1.0,1.0,0.0495,50,,,,,,,raw,experiments_cloud/results/ucurve_proprietary_results.csv,upstream source_file: experiments_cloud/results/ucurve_proprietary/gemini-2.5-pro/ucurve_20260520_150144.json
03_prompt_format,gemini-2.5-pro,Gemini-2.5,True,base,semantic_multi,flat_verbose,10,20,IVQ,ordinal,7,1.0,,1.0,1.0,0.0495,50,,,,,,,raw,experiments_cloud/results/ucurve_proprietary_results.csv,upstream source_file: experiments_cloud/results/ucurve_proprietary/gemini-2.5-pro/ucurve_20260520_150144.json
03_prompt_format,gemini-2.5-pro,Gemini-2.5,True,base,semantic_multi,flat_verbose,10,20,IVQ,ordinal,8,1.0,,1.0,1.0,0.0495,50,,,,,,,raw,experiments_cloud/results/ucurve_proprietary_results.csv,upstream source_file: experiments_cloud/results/ucurve_proprietary/gemini-2.5-pro/ucurve_20260520_150144.json
03_prompt_format,gemini-2.5-pro,Gemini-2.5,True,base,semantic_multi,flat_verbose,10,20,IVQ,ordinal,10,1.0,,1.0,1.0,0.0495,50,,,,,,,raw,experiments_cloud/results/ucurve_proprietary_results.csv,upstream source_file: experiments_cloud/results/ucurve_proprietary/gemini-2.5-pro/ucurve_20260520_150144.json
03_prompt_format,gemini-2.5-pro,Gemini-2.5,True,base,semantic_multi,flat_verbose,10,20,IVQ,ordinal,11,1.0,,1.0,1.0,0.0495,50,,,,,,,raw,experiments_cloud/results/ucurve_proprietary_results.csv,upstream source_file: experiments_cloud/results/ucurve_proprietary/gemini-2.5-pro/ucurve_20260520_150144.json
03_prompt_format,gemini-2.5-pro,Gemini-2.5,True,base,semantic_multi,flat_verbose,10,20,IVQ,ordinal,13,1.0,,1.0,1.0,0.0495,50,,,,,,,raw,experiments_cloud/results/ucurve_proprietary_results.csv,upstream source_file: experiments_cloud/results/ucurve_proprietary/gemini-2.5-pro/ucurve_20260520_150144.json
03_prompt_format,gemini-2.5-pro,Gemini-2.5,True,base,semantic_multi,flat_verbose,10,20,IVQ,ordinal,14,1.0,,1.0,1.0,0.0495,50,,,,,,,raw,experiments_cloud/results/ucurve_proprietary_results.csv,upstream source_file: experiments_cloud/results/ucurve_proprietary/gemini-2.5-pro/ucurve_20260520_150144.json
03_prompt_format,gemini-2.5-pro,Gemini-2.5,True,base,semantic_multi,flat_verbose,10,20,IVQ,ordinal,16,1.0,,1.0,1.0,0.0495,50,,,,,,,raw,experiments_cloud/results/ucurve_proprietary_results.csv,upstream source_file: experiments_cloud/results/ucurve_proprietary/gemini-2.5-pro/ucurve_20260520_150144.json
03_prompt_format,gemini-2.5-pro,Gemini-2.5,True,base,semantic_multi,flat_verbose,10,20,IVQ,ordinal,17,1.0,,1.0,1.0,0.0495,50,,,,,,,raw,experiments_cloud/results/ucurve_proprietary_results.csv,upstream source_file: experiments_cloud/results/ucurve_proprietary/gemini-2.5-pro/ucurve_20260520_150144.json
03_prompt_format,gemini-2.5-pro,Gemini-2.5,True,base,semantic_multi,flat_verbose,10,20,IVQ,ordinal,19,1.0,,1.0,1.0,0.0495,50,,,,,,,raw,experiments_cloud/results/ucurve_proprietary_results.csv,upstream source_file: experiments_cloud/results/ucurve_proprietary/gemini-2.5-pro/ucurve_20260520_150144.json
03_prompt_format,gemini-2.5-pro,Gemini-2.5,True,base,semantic_multi,flat_verbose,10,20,CVQ,ordinal,20,1.0,,1.0,1.0,0.0495,50,,,,,,,raw,experiments_cloud/results/ucurve_proprietary_results.csv,upstream source_file: experiments_cloud/results/ucurve_proprietary/gemini-2.5-pro/ucurve_20260520_150144.json
03_prompt_format,gemini-2.5-pro,Gemini-2.5,True,base,semantic_multi,flat_verbose,10,20,CVQ,semantic,last,1.0,,1.0,1.0,0.0495,50,,,,,,,raw,experiments_cloud/results/ucurve_proprietary_results.csv,upstream source_file: experiments_cloud/results/ucurve_proprietary/gemini-2.5-pro/ucurve_20260520_150144.json
03_prompt_format,gemini-2.5-pro,Gemini-2.5,True,base,semantic_multi,flat_verbose,10,50,FVQ,ordinal,1,1.0,,1.0,1.0,0.0495,50,,,,,,,raw,experiments_cloud/results/ucurve_proprietary_results.csv,upstream source_file: experiments_cloud/results/ucurve_proprietary/gemini-2.5-pro/ucurve_20260520_150144.json
03_prompt_format,gemini-2.5-pro,Gemini-2.5,True,base,semantic_multi,flat_verbose,10,50,IVQ,ordinal,2,1.0,,1.0,1.0,0.0495,50,,,,,,,raw,experiments_cloud/results/ucurve_proprietary_results.csv,upstream source_file: experiments_cloud/results/ucurve_proprietary/gemini-2.5-pro/ucurve_20260520_150144.json
03_prompt_format,gemini-2.5-pro,Gemini-2.5,True,base,semantic_multi,flat_verbose,10,50,IVQ,ordinal,3,1.0,,1.0,1.0,0.0495,50,,,,,,,raw,experiments_cloud/results/ucurve_proprietary_results.csv,upstream source_file: experiments_cloud/results/ucurve_proprietary/gemini-2.5-pro/ucurve_20260520_150144.json
03_prompt_format,gemini-2.5-pro,Gemini-2.5,True,base,semantic_multi,flat_verbose,10,50,IVQ,ordinal,4,1.0,,1.0,1.0,0.0495,50,,,,,,,raw,experiments_cloud/results/ucurve_proprietary_results.csv,upstream source_file: experiments_cloud/results/ucurve_proprietary/gemini-2.5-pro/ucurve_20260520_150144.json
03_prompt_format,gemini-2.5-pro,Gemini-2.5,True,base,semantic_multi,flat_verbose,10,50,IVQ,ordinal,5,1.0,,1.0,1.0,0.0495,50,,,,,,,raw,experiments_cloud/results/ucurve_proprietary_results.csv,upstream source_file: experiments_cloud/results/ucurve_proprietary/gemini-2.5-pro/ucurve_20260520_150144.json
03_prompt_format,gemini-2.5-pro,Gemini-2.5,True,base,semantic_multi,flat_verbose,10,50,IVQ,ordinal,6,1.0,,1.0,1.0,0.0495,50,,,,,,,raw,experiments_cloud/results/ucurve_proprietary_results.csv,upstream source_file: experiments_cloud/results/ucurve_proprietary/gemini-2.5-pro/ucurve_20260520_150144.json
03_prompt_format,gemini-2.5-pro,Gemini-2.5,True,base,semantic_multi,flat_verbose,10,50,IVQ,ordinal,7,1.0,,1.0,1.0,0.0495,50,,,,,,,raw,experiments_cloud/results/ucurve_proprietary_results.csv,upstream source_file: experiments_cloud/results/ucurve_proprietary/gemini-2.5-pro/ucurve_20260520_150144.json
03_prompt_format,gemini-2.5-pro,Gemini-2.5,True,base,semantic_multi,flat_verbose,10,50,IVQ,ordinal,8,1.0,,1.0,1.0,0.0495,50,,,,,,,raw,experiments_cloud/results/ucurve_proprietary_results.csv,upstream source_file: experiments_cloud/results/ucurve_proprietary/gemini-2.5-pro/ucurve_20260520_150144.json
03_prompt_format,gemini-2.5-pro,Gemini-2.5,True,base,semantic_multi,flat_verbose,10,50,IVQ,ordinal,14,1.0,,1.0,1.0,0.0495,50,,,,,,,raw,experiments_cloud/results/ucurve_proprietary_results.csv,upstream source_file: experiments_cloud/results/ucurve_proprietary/gemini-2.5-pro/ucurve_20260520_150144.json
03_prompt_format,gemini-2.5-pro,Gemini-2.5,True,base,semantic_multi,flat_verbose,10,50,IVQ,ordinal,20,1.0,,1.0,1.0,0.0495,50,,,,,,,raw,experiments_cloud/results/ucurve_proprietary_results.csv,upstream source_file: experiments_cloud/results/ucurve_proprietary/gemini-2.5-pro/ucurve_20260520_150144.json
03_prompt_format,gemini-2.5-pro,Gemini-2.5,True,base,semantic_multi,flat_verbose,10,50,IVQ,ordinal,26,1.0,,1.0,1.0,0.0495,50,,,,,,,raw,experiments_cloud/results/ucurve_proprietary_results.csv,upstream source_file: experiments_cloud/results/ucurve_proprietary/gemini-2.5-pro/ucurve_20260520_150144.json
03_prompt_format,gemini-2.5-pro,Gemini-2.5,True,base,semantic_multi,flat_verbose,10,50,IVQ,ordinal,31,1.0,,1.0,1.0,0.0495,50,,,,,,,raw,experiments_cloud/results/ucurve_proprietary_results.csv,upstream source_file: experiments_cloud/results/ucurve_proprietary/gemini-2.5-pro/ucurve_20260520_150144.json
03_prompt_format,gemini-2.5-pro,Gemini-2.5,True,base,semantic_multi,flat_verbose,10,50,IVQ,ordinal,37,1.0,,1.0,1.0,0.0495,50,,,,,,,raw,experiments_cloud/results/ucurve_proprietary_results.csv,upstream source_file: experiments_cloud/results/ucurve_proprietary/gemini-2.5-pro/ucurve_20260520_150144.json
03_prompt_format,gemini-2.5-pro,Gemini-2.5,True,base,semantic_multi,flat_verbose,10,50,IVQ,ordinal,43,1.0,,1.0,1.0,0.0495,50,,,,,,,raw,experiments_cloud/results/ucurve_proprietary_results.csv,upstream source_file: experiments_cloud/results/ucurve_proprietary/gemini-2.5-pro/ucurve_20260520_150144.json
03_prompt_format,gemini-2.5-pro,Gemini-2.5,True,base,semantic_multi,flat_verbose,10,50,IVQ,ordinal,49,1.0,,1.0,1.0,0.0495,50,,,,,,,raw,experiments_cloud/results/ucurve_proprietary_results.csv,upstream source_file: experiments_cloud/results/ucurve_proprietary/gemini-2.5-pro/ucurve_20260520_150144.json
03_prompt_format,gemini-2.5-pro,Gemini-2.5,True,base,semantic_multi,flat_verbose,10,50,CVQ,ordinal,50,1.0,,1.0,1.0,0.0495,50,,,,,,,raw,experiments_cloud/results/ucurve_proprietary_results.csv,upstream source_file: experiments_cloud/results/ucurve_proprietary/gemini-2.5-pro/ucurve_20260520_150144.json
03_prompt_format,gemini-2.5-pro,Gemini-2.5,True,base,semantic_multi,flat_verbose,10,50,CVQ,semantic,last,1.0,,1.0,1.0,0.0495,50,,,,,,,raw,experiments_cloud/results/ucurve_proprietary_results.csv,upstream source_file: experiments_cloud/results/ucurve_proprietary/gemini-2.5-pro/ucurve_20260520_150144.json
03_prompt_format,gemini-2.5-pro,Gemini-2.5,True,base,semantic_multi,landmark,5,10,FVQ,ordinal,1,0.32,,0.255,0.38,0.0642,200,,,,,,,raw,experiments_cloud/results/ucurve_proprietary_results.csv,upstream source_file: experiments_cloud/results/ucurve_proprietary/gemini-2.5-pro/ucurve_20260520_150144.json
03_prompt_format,gemini-2.5-pro,Gemini-2.5,True,base,semantic_multi,landmark,5,10,IVQ,ordinal,2,1.0,,1.0,1.0,0.0133,200,,,,,,,raw,experiments_cloud/results/ucurve_proprietary_results.csv,upstream source_file: experiments_cloud/results/ucurve_proprietary/gemini-2.5-pro/ucurve_20260520_150144.json
03_prompt_format,gemini-2.5-pro,Gemini-2.5,True,base,semantic_multi,landmark,5,10,IVQ,ordinal,3,1.0,,1.0,1.0,0.0133,200,,,,,,,raw,experiments_cloud/results/ucurve_proprietary_results.csv,upstream source_file: experiments_cloud/results/ucurve_proprietary/gemini-2.5-pro/ucurve_20260520_150144.json
03_prompt_format,gemini-2.5-pro,Gemini-2.5,True,base,semantic_multi,landmark,5,10,IVQ,ordinal,4,1.0,,1.0,1.0,0.0133,200,,,,,,,raw,experiments_cloud/results/ucurve_proprietary_results.csv,upstream source_file: experiments_cloud/results/ucurve_proprietary/gemini-2.5-pro/ucurve_20260520_150144.json
03_prompt_format,gemini-2.5-pro,Gemini-2.5,True,base,semantic_multi,landmark,5,10,IVQ,ordinal,5,1.0,,1.0,1.0,0.0133,200,,,,,,,raw,experiments_cloud/results/ucurve_proprietary_results.csv,upstream source_file: experiments_cloud/results/ucurve_proprietary/gemini-2.5-pro/ucurve_20260520_150144.json
03_prompt_format,gemini-2.5-pro,Gemini-2.5,True,base,semantic_multi,landmark,5,10,IVQ,ordinal,6,1.0,,1.0,1.0,0.0133,200,,,,,,,raw,experiments_cloud/results/ucurve_proprietary_results.csv,upstream source_file: experiments_cloud/results/ucurve_proprietary/gemini-2.5-pro/ucurve_20260520_150144.json
03_prompt_format,gemini-2.5-pro,Gemini-2.5,True,base,semantic_multi,landmark,5,10,IVQ,ordinal,7,1.0,,1.0,1.0,0.0133,200,,,,,,,raw,experiments_cloud/results/ucurve_proprietary_results.csv,upstream source_file: experiments_cloud/results/ucurve_proprietary/gemini-2.5-pro/ucurve_20260520_150144.json
03_prompt_format,gemini-2.5-pro,Gemini-2.5,True,base,semantic_multi,landmark,5,10,IVQ,ordinal,8,1.0,,1.0,1.0,0.0133,200,,,,,,,raw,experiments_cloud/results/ucurve_proprietary_results.csv,upstream source_file: experiments_cloud/results/ucurve_proprietary/gemini-2.5-pro/ucurve_20260520_150144.json
03_prompt_format,gemini-2.5-pro,Gemini-2.5,True,base,semantic_multi,landmark,5,10,IVQ,ordinal,9,1.0,,1.0,1.0,0.0133,200,,,,,,,raw,experiments_cloud/results/ucurve_proprietary_results.csv,upstream source_file: experiments_cloud/results/ucurve_proprietary/gemini-2.5-pro/ucurve_20260520_150144.json
03_prompt_format,gemini-2.5-pro,Gemini-2.5,True,base,semantic_multi,landmark,5,10,CVQ,ordinal,10,1.0,,1.0,1.0,0.0133,200,,,,,,,raw,experiments_cloud/results/ucurve_proprietary_results.csv,upstream source_file: experiments_cloud/results/ucurve_proprietary/gemini-2.5-pro/ucurve_20260520_150144.json
03_prompt_format,gemini-2.5-pro,Gemini-2.5,True,base,semantic_multi,landmark,5,10,CVQ,semantic,last,1.0,,1.0,1.0,0.0133,200,,,,,,,raw,experiments_cloud/results/ucurve_proprietary_results.csv,upstream source_file: experiments_cloud/results/ucurve_proprietary/gemini-2.5-pro/ucurve_20260520_150144.json
03_prompt_format,gemini-2.5-pro,Gemini-2.5,True,base,semantic_multi,landmark,5,20,FVQ,ordinal,1,0.63,,0.5649,0.695,0.0664,200,,,,,,,raw,experiments_cloud/results/ucurve_proprietary_results.csv,upstream source_file: experiments_cloud/results/ucurve_proprietary/gemini-2.5-pro/ucurve_20260520_150144.json
03_prompt_format,gemini-2.5-pro,Gemini-2.5,True,base,semantic_multi,landmark,5,20,IVQ,ordinal,2,1.0,,1.0,1.0,0.0133,200,,,,,,,raw,experiments_cloud/results/ucurve_proprietary_results.csv,upstream source_file: experiments_cloud/results/ucurve_proprietary/gemini-2.5-pro/ucurve_20260520_150144.json
03_prompt_format,gemini-2.5-pro,Gemini-2.5,True,base,semantic_multi,landmark,5,20,IVQ,ordinal,3,1.0,,1.0,1.0,0.0133,200,,,,,,,raw,experiments_cloud/results/ucurve_proprietary_results.csv,upstream source_file: experiments_cloud/results/ucurve_proprietary/gemini-2.5-pro/ucurve_20260520_150144.json
03_prompt_format,gemini-2.5-pro,Gemini-2.5,True,base,semantic_multi,landmark,5,20,IVQ,ordinal,4,1.0,,1.0,1.0,0.0133,200,,,,,,,raw,experiments_cloud/results/ucurve_proprietary_results.csv,upstream source_file: experiments_cloud/results/ucurve_proprietary/gemini-2.5-pro/ucurve_20260520_150144.json
03_prompt_format,gemini-2.5-pro,Gemini-2.5,True,base,semantic_multi,landmark,5,20,IVQ,ordinal,5,1.0,,1.0,1.0,0.0133,200,,,,,,,raw,experiments_cloud/results/ucurve_proprietary_results.csv,upstream source_file: experiments_cloud/results/ucurve_proprietary/gemini-2.5-pro/ucurve_20260520_150144.json
03_prompt_format,gemini-2.5-pro,Gemini-2.5,True,base,semantic_multi,landmark,5,20,IVQ,ordinal,6,1.0,,1.0,1.0,0.0133,200,,,,,,,raw,experiments_cloud/results/ucurve_proprietary_results.csv,upstream source_file: experiments_cloud/results/ucurve_proprietary/gemini-2.5-pro/ucurve_20260520_150144.json
03_prompt_format,gemini-2.5-pro,Gemini-2.5,True,base,semantic_multi,landmark,5,20,IVQ,ordinal,7,1.0,,1.0,1.0,0.0133,200,,,,,,,raw,experiments_cloud/results/ucurve_proprietary_results.csv,upstream source_file: experiments_cloud/results/ucurve_proprietary/gemini-2.5-pro/ucurve_20260520_150144.json
03_prompt_format,gemini-2.5-pro,Gemini-2.5,True,base,semantic_multi,landmark,5,20,IVQ,ordinal,8,1.0,,1.0,1.0,0.0133,200,,,,,,,raw,experiments_cloud/results/ucurve_proprietary_results.csv,upstream source_file: experiments_cloud/results/ucurve_proprietary/gemini-2.5-pro/ucurve_20260520_150144.json
03_prompt_format,gemini-2.5-pro,Gemini-2.5,True,base,semantic_multi,landmark,5,20,IVQ,ordinal,10,1.0,,1.0,1.0,0.0133,200,,,,,,,raw,experiments_cloud/results/ucurve_proprietary_results.csv,upstream source_file: experiments_cloud/results/ucurve_proprietary/gemini-2.5-pro/ucurve_20260520_150144.json
03_prompt_format,gemini-2.5-pro,Gemini-2.5,True,base,semantic_multi,landmark,5,20,IVQ,ordinal,11,1.0,,1.0,1.0,0.0133,200,,,,,,,raw,experiments_cloud/results/ucurve_proprietary_results.csv,upstream source_file: experiments_cloud/results/ucurve_proprietary/gemini-2.5-pro/ucurve_20260520_150144.json
03_prompt_format,gemini-2.5-pro,Gemini-2.5,True,base,semantic_multi,landmark,5,20,IVQ,ordinal,13,0.995,,0.985,1.0,0.0163,200,,,,,,,raw,experiments_cloud/results/ucurve_proprietary_results.csv,upstream source_file: experiments_cloud/results/ucurve_proprietary/gemini-2.5-pro/ucurve_20260520_150144.json
03_prompt_format,gemini-2.5-pro,Gemini-2.5,True,base,semantic_multi,landmark,5,20,IVQ,ordinal,14,1.0,,1.0,1.0,0.0133,200,,,,,,,raw,experiments_cloud/results/ucurve_proprietary_results.csv,upstream source_file: experiments_cloud/results/ucurve_proprietary/gemini-2.5-pro/ucurve_20260520_150144.json
03_prompt_format,gemini-2.5-pro,Gemini-2.5,True,base,semantic_multi,landmark,5,20,IVQ,ordinal,16,0.985,,0.965,1.0,0.0211,200,,,,,,,raw,experiments_cloud/results/ucurve_proprietary_results.csv,upstream source_file: experiments_cloud/results/ucurve_proprietary/gemini-2.5-pro/ucurve_20260520_150144.json
03_prompt_format,gemini-2.5-pro,Gemini-2.5,True,base,semantic_multi,landmark,5,20,IVQ,ordinal,17,0.995,,0.985,1.0,0.0163,200,,,,,,,raw,experiments_cloud/results/ucurve_proprietary_results.csv,upstream source_file: experiments_cloud/results/ucurve_proprietary/gemini-2.5-pro/ucurve_20260520_150144.json
03_prompt_format,gemini-2.5-pro,Gemini-2.5,True,base,semantic_multi,landmark,5,20,IVQ,ordinal,19,1.0,,1.0,1.0,0.0133,200,,,,,,,raw,experiments_cloud/results/ucurve_proprietary_results.csv,upstream source_file: experiments_cloud/results/ucurve_proprietary/gemini-2.5-pro/ucurve_20260520_150144.json
03_prompt_format,gemini-2.5-pro,Gemini-2.5,True,base,semantic_multi,landmark,5,20,CVQ,ordinal,20,1.0,,1.0,1.0,0.0133,200,,,,,,,raw,experiments_cloud/results/ucurve_proprietary_results.csv,upstream source_file: experiments_cloud/results/ucurve_proprietary/gemini-2.5-pro/ucurve_20260520_150144.json
03_prompt_format,gemini-2.5-pro,Gemini-2.5,True,base,semantic_multi,landmark,5,20,CVQ,semantic,last,1.0,,1.0,1.0,0.0133,200,,,,,,,raw,experiments_cloud/results/ucurve_proprietary_results.csv,upstream source_file: experiments_cloud/results/ucurve_proprietary/gemini-2.5-pro/ucurve_20260520_150144.json
03_prompt_format,gemini-2.5-pro,Gemini-2.5,True,base,semantic_multi,landmark,5,50,FVQ,ordinal,1,0.8,,0.745,0.855,0.0555,200,,,,,,,raw,experiments_cloud/results/ucurve_proprietary_results.csv,upstream source_file: experiments_cloud/results/ucurve_proprietary/gemini-2.5-pro/ucurve_20260520_150144.json
03_prompt_format,gemini-2.5-pro,Gemini-2.5,True,base,semantic_multi,landmark,5,50,IVQ,ordinal,2,1.0,,1.0,1.0,0.0133,200,,,,,,,raw,experiments_cloud/results/ucurve_proprietary_results.csv,upstream source_file: experiments_cloud/results/ucurve_proprietary/gemini-2.5-pro/ucurve_20260520_150144.json
03_prompt_format,gemini-2.5-pro,Gemini-2.5,True,base,semantic_multi,landmark,5,50,IVQ,ordinal,3,1.0,,1.0,1.0,0.0133,200,,,,,,,raw,experiments_cloud/results/ucurve_proprietary_results.csv,upstream source_file: experiments_cloud/results/ucurve_proprietary/gemini-2.5-pro/ucurve_20260520_150144.json
03_prompt_format,gemini-2.5-pro,Gemini-2.5,True,base,semantic_multi,landmark,5,50,IVQ,ordinal,4,1.0,,1.0,1.0,0.0133,200,,,,,,,raw,experiments_cloud/results/ucurve_proprietary_results.csv,upstream source_file: experiments_cloud/results/ucurve_proprietary/gemini-2.5-pro/ucurve_20260520_150144.json
03_prompt_format,gemini-2.5-pro,Gemini-2.5,True,base,semantic_multi,landmark,5,50,IVQ,ordinal,5,1.0,,1.0,1.0,0.0133,200,,,,,,,raw,experiments_cloud/results/ucurve_proprietary_results.csv,upstream source_file: experiments_cloud/results/ucurve_proprietary/gemini-2.5-pro/ucurve_20260520_150144.json
03_prompt_format,gemini-2.5-pro,Gemini-2.5,True,base,semantic_multi,landmark,5,50,IVQ,ordinal,6,0.995,,0.985,1.0,0.0163,200,,,,,,,raw,experiments_cloud/results/ucurve_proprietary_results.csv,upstream source_file: experiments_cloud/results/ucurve_proprietary/gemini-2.5-pro/ucurve_20260520_150144.json
03_prompt_format,gemini-2.5-pro,Gemini-2.5,True,base,semantic_multi,landmark,5,50,IVQ,ordinal,7,1.0,,1.0,1.0,0.0133,200,,,,,,,raw,experiments_cloud/results/ucurve_proprietary_results.csv,upstream source_file: experiments_cloud/results/ucurve_proprietary/gemini-2.5-pro/ucurve_20260520_150144.json
03_prompt_format,gemini-2.5-pro,Gemini-2.5,True,base,semantic_multi,landmark,5,50,IVQ,ordinal,8,1.0,,1.0,1.0,0.0133,200,,,,,,,raw,experiments_cloud/results/ucurve_proprietary_results.csv,upstream source_file: experiments_cloud/results/ucurve_proprietary/gemini-2.5-pro/ucurve_20260520_150144.json
03_prompt_format,gemini-2.5-pro,Gemini-2.5,True,base,semantic_multi,landmark,5,50,IVQ,ordinal,14,1.0,,1.0,1.0,0.0133,200,,,,,,,raw,experiments_cloud/results/ucurve_proprietary_results.csv,upstream source_file: experiments_cloud/results/ucurve_proprietary/gemini-2.5-pro/ucurve_20260520_150144.json
03_prompt_format,gemini-2.5-pro,Gemini-2.5,True,base,semantic_multi,landmark,5,50,IVQ,ordinal,20,0.975,,0.95,0.995,0.0249,200,,,,,,,raw,experiments_cloud/results/ucurve_proprietary_results.csv,upstream source_file: experiments_cloud/results/ucurve_proprietary/gemini-2.5-pro/ucurve_20260520_150144.json
03_prompt_format,gemini-2.5-pro,Gemini-2.5,True,base,semantic_multi,landmark,5,50,IVQ,ordinal,26,0.865,,0.82,0.91,0.0479,200,,,,,,,raw,experiments_cloud/results/ucurve_proprietary_results.csv,upstream source_file: experiments_cloud/results/ucurve_proprietary/gemini-2.5-pro/ucurve_20260520_150144.json
03_prompt_format,gemini-2.5-pro,Gemini-2.5,True,base,semantic_multi,landmark,5,50,IVQ,ordinal,31,0.9,,0.86,0.94,0.0425,200,,,,,,,raw,experiments_cloud/results/ucurve_proprietary_results.csv,upstream source_file: experiments_cloud/results/ucurve_proprietary/gemini-2.5-pro/ucurve_20260520_150144.json
03_prompt_format,gemini-2.5-pro,Gemini-2.5,True,base,semantic_multi,landmark,5,50,IVQ,ordinal,37,0.9,,0.855,0.94,0.0425,200,,,,,,,raw,experiments_cloud/results/ucurve_proprietary_results.csv,upstream source_file: experiments_cloud/results/ucurve_proprietary/gemini-2.5-pro/ucurve_20260520_150144.json
03_prompt_format,gemini-2.5-pro,Gemini-2.5,True,base,semantic_multi,landmark,5,50,IVQ,ordinal,43,0.855,,0.805,0.9,0.0492,200,,,,,,,raw,experiments_cloud/results/ucurve_proprietary_results.csv,upstream source_file: experiments_cloud/results/ucurve_proprietary/gemini-2.5-pro/ucurve_20260520_150144.json
03_prompt_format,gemini-2.5-pro,Gemini-2.5,True,base,semantic_multi,landmark,5,50,IVQ,ordinal,49,0.875,,0.8299,0.92,0.0465,200,,,,,,,raw,experiments_cloud/results/ucurve_proprietary_results.csv,upstream source_file: experiments_cloud/results/ucurve_proprietary/gemini-2.5-pro/ucurve_20260520_150144.json
03_prompt_format,gemini-2.5-pro,Gemini-2.5,True,base,semantic_multi,landmark,5,50,CVQ,ordinal,50,0.82,,0.765,0.875,0.0534,200,,,,,,,raw,experiments_cloud/results/ucurve_proprietary_results.csv,upstream source_file: experiments_cloud/results/ucurve_proprietary/gemini-2.5-pro/ucurve_20260520_150144.json
03_prompt_format,gemini-2.5-pro,Gemini-2.5,True,base,semantic_multi,landmark,5,50,CVQ,semantic,last,1.0,,1.0,1.0,0.0133,200,,,,,,,raw,experiments_cloud/results/ucurve_proprietary_results.csv,upstream source_file: experiments_cloud/results/ucurve_proprietary/gemini-2.5-pro/ucurve_20260520_150144.json
03_prompt_format,gemini-2.5-pro,Gemini-2.5,True,base,semantic_multi,landmark,10,10,FVQ,ordinal,1,0.225,,0.17,0.285,0.0578,200,,,,,,,raw,experiments_cloud/results/ucurve_proprietary_results.csv,upstream source_file: experiments_cloud/results/ucurve_proprietary/gemini-2.5-pro/ucurve_20260520_150144.json
03_prompt_format,gemini-2.5-pro,Gemini-2.5,True,base,semantic_multi,landmark,10,10,IVQ,ordinal,2,1.0,,1.0,1.0,0.0133,200,,,,,,,raw,experiments_cloud/results/ucurve_proprietary_results.csv,upstream source_file: experiments_cloud/results/ucurve_proprietary/gemini-2.5-pro/ucurve_20260520_150144.json
03_prompt_format,gemini-2.5-pro,Gemini-2.5,True,base,semantic_multi,landmark,10,10,IVQ,ordinal,3,1.0,,1.0,1.0,0.0133,200,,,,,,,raw,experiments_cloud/results/ucurve_proprietary_results.csv,upstream source_file: experiments_cloud/results/ucurve_proprietary/gemini-2.5-pro/ucurve_20260520_150144.json
03_prompt_format,gemini-2.5-pro,Gemini-2.5,True,base,semantic_multi,landmark,10,10,IVQ,ordinal,4,1.0,,1.0,1.0,0.0133,200,,,,,,,raw,experiments_cloud/results/ucurve_proprietary_results.csv,upstream source_file: experiments_cloud/results/ucurve_proprietary/gemini-2.5-pro/ucurve_20260520_150144.json
03_prompt_format,gemini-2.5-pro,Gemini-2.5,True,base,semantic_multi,landmark,10,10,IVQ,ordinal,5,1.0,,1.0,1.0,0.0133,200,,,,,,,raw,experiments_cloud/results/ucurve_proprietary_results.csv,upstream source_file: experiments_cloud/results/ucurve_proprietary/gemini-2.5-pro/ucurve_20260520_150144.json
03_prompt_format,gemini-2.5-pro,Gemini-2.5,True,base,semantic_multi,landmark,10,10,IVQ,ordinal,6,1.0,,1.0,1.0,0.0133,200,,,,,,,raw,experiments_cloud/results/ucurve_proprietary_results.csv,upstream source_file: experiments_cloud/results/ucurve_proprietary/gemini-2.5-pro/ucurve_20260520_150144.json
03_prompt_format,gemini-2.5-pro,Gemini-2.5,True,base,semantic_multi,landmark,10,10,IVQ,ordinal,7,1.0,,1.0,1.0,0.0133,200,,,,,,,raw,experiments_cloud/results/ucurve_proprietary_results.csv,upstream source_file: experiments_cloud/results/ucurve_proprietary/gemini-2.5-pro/ucurve_20260520_150144.json
03_prompt_format,gemini-2.5-pro,Gemini-2.5,True,base,semantic_multi,landmark,10,10,IVQ,ordinal,8,1.0,,1.0,1.0,0.0133,200,,,,,,,raw,experiments_cloud/results/ucurve_proprietary_results.csv,upstream source_file: experiments_cloud/results/ucurve_proprietary/gemini-2.5-pro/ucurve_20260520_150144.json
03_prompt_format,gemini-2.5-pro,Gemini-2.5,True,base,semantic_multi,landmark,10,10,IVQ,ordinal,9,1.0,,1.0,1.0,0.0133,200,,,,,,,raw,experiments_cloud/results/ucurve_proprietary_results.csv,upstream source_file: experiments_cloud/results/ucurve_proprietary/gemini-2.5-pro/ucurve_20260520_150144.json
03_prompt_format,gemini-2.5-pro,Gemini-2.5,True,base,semantic_multi,landmark,10,10,CVQ,ordinal,10,1.0,,1.0,1.0,0.0133,200,,,,,,,raw,experiments_cloud/results/ucurve_proprietary_results.csv,upstream source_file: experiments_cloud/results/ucurve_proprietary/gemini-2.5-pro/ucurve_20260520_150144.json
03_prompt_format,gemini-2.5-pro,Gemini-2.5,True,base,semantic_multi,landmark,10,10,CVQ,semantic,last,1.0,,1.0,1.0,0.0133,200,,,,,,,raw,experiments_cloud/results/ucurve_proprietary_results.csv,upstream source_file: experiments_cloud/results/ucurve_proprietary/gemini-2.5-pro/ucurve_20260520_150144.json
03_prompt_format,gemini-2.5-pro,Gemini-2.5,True,base,semantic_multi,landmark,10,20,FVQ,ordinal,1,0.49,,0.42,0.5551,0.0686,200,,,,,,,raw,experiments_cloud/results/ucurve_proprietary_results.csv,upstream source_file: experiments_cloud/results/ucurve_proprietary/gemini-2.5-pro/ucurve_20260520_150144.json
03_prompt_format,gemini-2.5-pro,Gemini-2.5,True,base,semantic_multi,landmark,10,20,IVQ,ordinal,2,1.0,,1.0,1.0,0.0133,200,,,,,,,raw,experiments_cloud/results/ucurve_proprietary_results.csv,upstream source_file: experiments_cloud/results/ucurve_proprietary/gemini-2.5-pro/ucurve_20260520_150144.json
03_prompt_format,gemini-2.5-pro,Gemini-2.5,True,base,semantic_multi,landmark,10,20,IVQ,ordinal,3,1.0,,1.0,1.0,0.0133,200,,,,,,,raw,experiments_cloud/results/ucurve_proprietary_results.csv,upstream source_file: experiments_cloud/results/ucurve_proprietary/gemini-2.5-pro/ucurve_20260520_150144.json
03_prompt_format,gemini-2.5-pro,Gemini-2.5,True,base,semantic_multi,landmark,10,20,IVQ,ordinal,4,1.0,,1.0,1.0,0.0133,200,,,,,,,raw,experiments_cloud/results/ucurve_proprietary_results.csv,upstream source_file: experiments_cloud/results/ucurve_proprietary/gemini-2.5-pro/ucurve_20260520_150144.json
03_prompt_format,gemini-2.5-pro,Gemini-2.5,True,base,semantic_multi,landmark,10,20,IVQ,ordinal,5,1.0,,1.0,1.0,0.0133,200,,,,,,,raw,experiments_cloud/results/ucurve_proprietary_results.csv,upstream source_file: experiments_cloud/results/ucurve_proprietary/gemini-2.5-pro/ucurve_20260520_150144.json
03_prompt_format,gemini-2.5-pro,Gemini-2.5,True,base,semantic_multi,landmark,10,20,IVQ,ordinal,6,1.0,,1.0,1.0,0.0133,200,,,,,,,raw,experiments_cloud/results/ucurve_proprietary_results.csv,upstream source_file: experiments_cloud/results/ucurve_proprietary/gemini-2.5-pro/ucurve_20260520_150144.json
03_prompt_format,gemini-2.5-pro,Gemini-2.5,True,base,semantic_multi,landmark,10,20,IVQ,ordinal,7,1.0,,1.0,1.0,0.0133,200,,,,,,,raw,experiments_cloud/results/ucurve_proprietary_results.csv,upstream source_file: experiments_cloud/results/ucurve_proprietary/gemini-2.5-pro/ucurve_20260520_150144.json
03_prompt_format,gemini-2.5-pro,Gemini-2.5,True,base,semantic_multi,landmark,10,20,IVQ,ordinal,8,1.0,,1.0,1.0,0.0133,200,,,,,,,raw,experiments_cloud/results/ucurve_proprietary_results.csv,upstream source_file: experiments_cloud/results/ucurve_proprietary/gemini-2.5-pro/ucurve_20260520_150144.json
03_prompt_format,gemini-2.5-pro,Gemini-2.5,True,base,semantic_multi,landmark,10,20,IVQ,ordinal,10,0.995,,0.985,1.0,0.0163,200,,,,,,,raw,experiments_cloud/results/ucurve_proprietary_results.csv,upstream source_file: experiments_cloud/results/ucurve_proprietary/gemini-2.5-pro/ucurve_20260520_150144.json
03_prompt_format,gemini-2.5-pro,Gemini-2.5,True,base,semantic_multi,landmark,10,20,IVQ,ordinal,11,1.0,,1.0,1.0,0.0133,200,,,,,,,raw,experiments_cloud/results/ucurve_proprietary_results.csv,upstream source_file: experiments_cloud/results/ucurve_proprietary/gemini-2.5-pro/ucurve_20260520_150144.json
03_prompt_format,gemini-2.5-pro,Gemini-2.5,True,base,semantic_multi,landmark,10,20,IVQ,ordinal,13,1.0,,1.0,1.0,0.0133,200,,,,,,,raw,experiments_cloud/results/ucurve_proprietary_results.csv,upstream source_file: experiments_cloud/results/ucurve_proprietary/gemini-2.5-pro/ucurve_20260520_150144.json
03_prompt_format,gemini-2.5-pro,Gemini-2.5,True,base,semantic_multi,landmark,10,20,IVQ,ordinal,14,1.0,,1.0,1.0,0.0133,200,,,,,,,raw,experiments_cloud/results/ucurve_proprietary_results.csv,upstream source_file: experiments_cloud/results/ucurve_proprietary/gemini-2.5-pro/ucurve_20260520_150144.json
03_prompt_format,gemini-2.5-pro,Gemini-2.5,True,base,semantic_multi,landmark,10,20,IVQ,ordinal,16,0.98,,0.96,0.995,0.0231,200,,,,,,,raw,experiments_cloud/results/ucurve_proprietary_results.csv,upstream source_file: experiments_cloud/results/ucurve_proprietary/gemini-2.5-pro/ucurve_20260520_150144.json
03_prompt_format,gemini-2.5-pro,Gemini-2.5,True,base,semantic_multi,landmark,10,20,IVQ,ordinal,17,0.96,,0.93,0.985,0.0295,200,,,,,,,raw,experiments_cloud/results/ucurve_proprietary_results.csv,upstream source_file: experiments_cloud/results/ucurve_proprietary/gemini-2.5-pro/ucurve_20260520_150144.json
03_prompt_format,gemini-2.5-pro,Gemini-2.5,True,base,semantic_multi,landmark,10,20,IVQ,ordinal,19,0.995,,0.985,1.0,0.0163,200,,,,,,,raw,experiments_cloud/results/ucurve_proprietary_results.csv,upstream source_file: experiments_cloud/results/ucurve_proprietary/gemini-2.5-pro/ucurve_20260520_150144.json
03_prompt_format,gemini-2.5-pro,Gemini-2.5,True,base,semantic_multi,landmark,10,20,CVQ,ordinal,20,1.0,,1.0,1.0,0.0133,200,,,,,,,raw,experiments_cloud/results/ucurve_proprietary_results.csv,upstream source_file: experiments_cloud/results/ucurve_proprietary/gemini-2.5-pro/ucurve_20260520_150144.json
03_prompt_format,gemini-2.5-pro,Gemini-2.5,True,base,semantic_multi,landmark,10,20,CVQ,semantic,last,1.0,,1.0,1.0,0.0133,200,,,,,,,raw,experiments_cloud/results/ucurve_proprietary_results.csv,upstream source_file: experiments_cloud/results/ucurve_proprietary/gemini-2.5-pro/ucurve_20260520_150144.json
03_prompt_format,gemini-2.5-pro,Gemini-2.5,True,base,semantic_multi,landmark,10,50,FVQ,ordinal,1,0.54,,0.475,0.61,0.0684,200,,,,,,,raw,experiments_cloud/results/ucurve_proprietary_results.csv,upstream source_file: experiments_cloud/results/ucurve_proprietary/gemini-2.5-pro/ucurve_20260520_150144.json
03_prompt_format,gemini-2.5-pro,Gemini-2.5,True,base,semantic_multi,landmark,10,50,IVQ,ordinal,2,1.0,,1.0,1.0,0.0133,200,,,,,,,raw,experiments_cloud/results/ucurve_proprietary_results.csv,upstream source_file: experiments_cloud/results/ucurve_proprietary/gemini-2.5-pro/ucurve_20260520_150144.json
03_prompt_format,gemini-2.5-pro,Gemini-2.5,True,base,semantic_multi,landmark,10,50,IVQ,ordinal,3,1.0,,1.0,1.0,0.0133,200,,,,,,,raw,experiments_cloud/results/ucurve_proprietary_results.csv,upstream source_file: experiments_cloud/results/ucurve_proprietary/gemini-2.5-pro/ucurve_20260520_150144.json
03_prompt_format,gemini-2.5-pro,Gemini-2.5,True,base,semantic_multi,landmark,10,50,IVQ,ordinal,4,1.0,,1.0,1.0,0.0133,200,,,,,,,raw,experiments_cloud/results/ucurve_proprietary_results.csv,upstream source_file: experiments_cloud/results/ucurve_proprietary/gemini-2.5-pro/ucurve_20260520_150144.json
03_prompt_format,gemini-2.5-pro,Gemini-2.5,True,base,semantic_multi,landmark,10,50,IVQ,ordinal,5,1.0,,1.0,1.0,0.0133,200,,,,,,,raw,experiments_cloud/results/ucurve_proprietary_results.csv,upstream source_file: experiments_cloud/results/ucurve_proprietary/gemini-2.5-pro/ucurve_20260520_150144.json
03_prompt_format,gemini-2.5-pro,Gemini-2.5,True,base,semantic_multi,landmark,10,50,IVQ,ordinal,6,1.0,,1.0,1.0,0.0133,200,,,,,,,raw,experiments_cloud/results/ucurve_proprietary_results.csv,upstream source_file: experiments_cloud/results/ucurve_proprietary/gemini-2.5-pro/ucurve_20260520_150144.json
03_prompt_format,gemini-2.5-pro,Gemini-2.5,True,base,semantic_multi,landmark,10,50,IVQ,ordinal,7,1.0,,1.0,1.0,0.0133,200,,,,,,,raw,experiments_cloud/results/ucurve_proprietary_results.csv,upstream source_file: experiments_cloud/results/ucurve_proprietary/gemini-2.5-pro/ucurve_20260520_150144.json
03_prompt_format,gemini-2.5-pro,Gemini-2.5,True,base,semantic_multi,landmark,10,50,IVQ,ordinal,8,1.0,,1.0,1.0,0.0133,200,,,,,,,raw,experiments_cloud/results/ucurve_proprietary_results.csv,upstream source_file: experiments_cloud/results/ucurve_proprietary/gemini-2.5-pro/ucurve_20260520_150144.json
03_prompt_format,gemini-2.5-pro,Gemini-2.5,True,base,semantic_multi,landmark,10,50,IVQ,ordinal,14,1.0,,1.0,1.0,0.0133,200,,,,,,,raw,experiments_cloud/results/ucurve_proprietary_results.csv,upstream source_file: experiments_cloud/results/ucurve_proprietary/gemini-2.5-pro/ucurve_20260520_150144.json
03_prompt_format,gemini-2.5-pro,Gemini-2.5,True,base,semantic_multi,landmark,10,50,IVQ,ordinal,20,0.95,,0.92,0.98,0.0322,200,,,,,,,raw,experiments_cloud/results/ucurve_proprietary_results.csv,upstream source_file: experiments_cloud/results/ucurve_proprietary/gemini-2.5-pro/ucurve_20260520_150144.json
03_prompt_format,gemini-2.5-pro,Gemini-2.5,True,base,semantic_multi,landmark,10,50,IVQ,ordinal,26,0.805,,0.75,0.86,0.055,200,,,,,,,raw,experiments_cloud/results/ucurve_proprietary_results.csv,upstream source_file: experiments_cloud/results/ucurve_proprietary/gemini-2.5-pro/ucurve_20260520_150144.json
03_prompt_format,gemini-2.5-pro,Gemini-2.5,True,base,semantic_multi,landmark,10,50,IVQ,ordinal,31,0.84,,0.785,0.89,0.0511,200,,,,,,,raw,experiments_cloud/results/ucurve_proprietary_results.csv,upstream source_file: experiments_cloud/results/ucurve_proprietary/gemini-2.5-pro/ucurve_20260520_150144.json
03_prompt_format,gemini-2.5-pro,Gemini-2.5,True,base,semantic_multi,landmark,10,50,IVQ,ordinal,37,0.815,,0.76,0.87,0.054,200,,,,,,,raw,experiments_cloud/results/ucurve_proprietary_results.csv,upstream source_file: experiments_cloud/results/ucurve_proprietary/gemini-2.5-pro/ucurve_20260520_150144.json
03_prompt_format,gemini-2.5-pro,Gemini-2.5,True,base,semantic_multi,landmark,10,50,IVQ,ordinal,43,0.81,,0.755,0.865,0.0545,200,,,,,,,raw,experiments_cloud/results/ucurve_proprietary_results.csv,upstream source_file: experiments_cloud/results/ucurve_proprietary/gemini-2.5-pro/ucurve_20260520_150144.json
03_prompt_format,gemini-2.5-pro,Gemini-2.5,True,base,semantic_multi,landmark,10,50,IVQ,ordinal,49,0.65,,0.585,0.715,0.0656,200,,,,,,,raw,experiments_cloud/results/ucurve_proprietary_results.csv,upstream source_file: experiments_cloud/results/ucurve_proprietary/gemini-2.5-pro/ucurve_20260520_150144.json
03_prompt_format,gemini-2.5-pro,Gemini-2.5,True,base,semantic_multi,landmark,10,50,CVQ,ordinal,50,0.62,,0.555,0.6851,0.0667,200,,,,,,,raw,experiments_cloud/results/ucurve_proprietary_results.csv,upstream source_file: experiments_cloud/results/ucurve_proprietary/gemini-2.5-pro/ucurve_20260520_150144.json
03_prompt_format,gemini-2.5-pro,Gemini-2.5,True,base,semantic_multi,landmark,10,50,CVQ,semantic,last,0.995,,0.985,1.0,0.0163,200,,,,,,,raw,experiments_cloud/results/ucurve_proprietary_results.csv,upstream source_file: experiments_cloud/results/ucurve_proprietary/gemini-2.5-pro/ucurve_20260520_150144.json
03_prompt_format,gpt-4.1,GPT-4.1,True,base,semantic_multi,block,5,10,FVQ,ordinal,1,1.0,,1.0,1.0,0.0495,50,,,,,,,raw,experiments_cloud/results/ucurve_proprietary_results.csv,upstream source_file: experiments_cloud/results/ucurve_proprietary/gpt-4.1/ucurve_20260520_110812.json
03_prompt_format,gpt-4.1,GPT-4.1,True,base,semantic_multi,block,5,10,IVQ,ordinal,2,1.0,,1.0,1.0,0.0495,50,,,,,,,raw,experiments_cloud/results/ucurve_proprietary_results.csv,upstream source_file: experiments_cloud/results/ucurve_proprietary/gpt-4.1/ucurve_20260520_110812.json
03_prompt_format,gpt-4.1,GPT-4.1,True,base,semantic_multi,block,5,10,IVQ,ordinal,3,1.0,,1.0,1.0,0.0495,50,,,,,,,raw,experiments_cloud/results/ucurve_proprietary_results.csv,upstream source_file: experiments_cloud/results/ucurve_proprietary/gpt-4.1/ucurve_20260520_110812.json
03_prompt_format,gpt-4.1,GPT-4.1,True,base,semantic_multi,block,5,10,IVQ,ordinal,4,1.0,,1.0,1.0,0.0495,50,,,,,,,raw,experiments_cloud/results/ucurve_proprietary_results.csv,upstream source_file: experiments_cloud/results/ucurve_proprietary/gpt-4.1/ucurve_20260520_110812.json
03_prompt_format,gpt-4.1,GPT-4.1,True,base,semantic_multi,block,5,10,IVQ,ordinal,5,1.0,,1.0,1.0,0.0495,50,,,,,,,raw,experiments_cloud/results/ucurve_proprietary_results.csv,upstream source_file: experiments_cloud/results/ucurve_proprietary/gpt-4.1/ucurve_20260520_110812.json
03_prompt_format,gpt-4.1,GPT-4.1,True,base,semantic_multi,block,5,10,IVQ,ordinal,6,1.0,,1.0,1.0,0.0495,50,,,,,,,raw,experiments_cloud/results/ucurve_proprietary_results.csv,upstream source_file: experiments_cloud/results/ucurve_proprietary/gpt-4.1/ucurve_20260520_110812.json
03_prompt_format,gpt-4.1,GPT-4.1,True,base,semantic_multi,block,5,10,IVQ,ordinal,7,1.0,,1.0,1.0,0.0495,50,,,,,,,raw,experiments_cloud/results/ucurve_proprietary_results.csv,upstream source_file: experiments_cloud/results/ucurve_proprietary/gpt-4.1/ucurve_20260520_110812.json
03_prompt_format,gpt-4.1,GPT-4.1,True,base,semantic_multi,block,5,10,IVQ,ordinal,8,1.0,,1.0,1.0,0.0495,50,,,,,,,raw,experiments_cloud/results/ucurve_proprietary_results.csv,upstream source_file: experiments_cloud/results/ucurve_proprietary/gpt-4.1/ucurve_20260520_110812.json
03_prompt_format,gpt-4.1,GPT-4.1,True,base,semantic_multi,block,5,10,IVQ,ordinal,9,1.0,,1.0,1.0,0.0495,50,,,,,,,raw,experiments_cloud/results/ucurve_proprietary_results.csv,upstream source_file: experiments_cloud/results/ucurve_proprietary/gpt-4.1/ucurve_20260520_110812.json
03_prompt_format,gpt-4.1,GPT-4.1,True,base,semantic_multi,block,5,10,CVQ,ordinal,10,1.0,,1.0,1.0,0.0495,50,,,,,,,raw,experiments_cloud/results/ucurve_proprietary_results.csv,upstream source_file: experiments_cloud/results/ucurve_proprietary/gpt-4.1/ucurve_20260520_110812.json
03_prompt_format,gpt-4.1,GPT-4.1,True,base,semantic_multi,block,5,10,CVQ,semantic,last,1.0,,1.0,1.0,0.0495,50,,,,,,,raw,experiments_cloud/results/ucurve_proprietary_results.csv,upstream source_file: experiments_cloud/results/ucurve_proprietary/gpt-4.1/ucurve_20260520_110812.json
03_prompt_format,gpt-4.1,GPT-4.1,True,base,semantic_multi,block,5,20,FVQ,ordinal,1,1.0,,1.0,1.0,0.0407,62,,,,,,,raw,experiments_cloud/results/ucurve_proprietary_results.csv,upstream source_file: experiments_cloud/results/ucurve_proprietary/gpt-4.1/ucurve_20260520_110812.json
03_prompt_format,gpt-4.1,GPT-4.1,True,base,semantic_multi,block,5,20,IVQ,ordinal,2,1.0,,1.0,1.0,0.0407,62,,,,,,,raw,experiments_cloud/results/ucurve_proprietary_results.csv,upstream source_file: experiments_cloud/results/ucurve_proprietary/gpt-4.1/ucurve_20260520_110812.json
03_prompt_format,gpt-4.1,GPT-4.1,True,base,semantic_multi,block,5,20,IVQ,ordinal,3,1.0,,1.0,1.0,0.0407,62,,,,,,,raw,experiments_cloud/results/ucurve_proprietary_results.csv,upstream source_file: experiments_cloud/results/ucurve_proprietary/gpt-4.1/ucurve_20260520_110812.json
03_prompt_format,gpt-4.1,GPT-4.1,True,base,semantic_multi,block,5,20,IVQ,ordinal,4,1.0,,1.0,1.0,0.0407,62,,,,,,,raw,experiments_cloud/results/ucurve_proprietary_results.csv,upstream source_file: experiments_cloud/results/ucurve_proprietary/gpt-4.1/ucurve_20260520_110812.json
03_prompt_format,gpt-4.1,GPT-4.1,True,base,semantic_multi,block,5,20,IVQ,ordinal,5,1.0,,1.0,1.0,0.0407,62,,,,,,,raw,experiments_cloud/results/ucurve_proprietary_results.csv,upstream source_file: experiments_cloud/results/ucurve_proprietary/gpt-4.1/ucurve_20260520_110812.json
03_prompt_format,gpt-4.1,GPT-4.1,True,base,semantic_multi,block,5,20,IVQ,ordinal,6,1.0,,1.0,1.0,0.0407,62,,,,,,,raw,experiments_cloud/results/ucurve_proprietary_results.csv,upstream source_file: experiments_cloud/results/ucurve_proprietary/gpt-4.1/ucurve_20260520_110812.json
03_prompt_format,gpt-4.1,GPT-4.1,True,base,semantic_multi,block,5,20,IVQ,ordinal,7,1.0,,1.0,1.0,0.0407,62,,,,,,,raw,experiments_cloud/results/ucurve_proprietary_results.csv,upstream source_file: experiments_cloud/results/ucurve_proprietary/gpt-4.1/ucurve_20260520_110812.json
03_prompt_format,gpt-4.1,GPT-4.1,True,base,semantic_multi,block,5,20,IVQ,ordinal,8,1.0,,1.0,1.0,0.0407,62,,,,,,,raw,experiments_cloud/results/ucurve_proprietary_results.csv,upstream source_file: experiments_cloud/results/ucurve_proprietary/gpt-4.1/ucurve_20260520_110812.json
03_prompt_format,gpt-4.1,GPT-4.1,True,base,semantic_multi,block,5,20,IVQ,ordinal,10,1.0,,1.0,1.0,0.0407,62,,,,,,,raw,experiments_cloud/results/ucurve_proprietary_results.csv,upstream source_file: experiments_cloud/results/ucurve_proprietary/gpt-4.1/ucurve_20260520_110812.json
03_prompt_format,gpt-4.1,GPT-4.1,True,base,semantic_multi,block,5,20,IVQ,ordinal,11,0.9839,,0.9516,1.0,0.0497,62,,,,,,,raw,experiments_cloud/results/ucurve_proprietary_results.csv,upstream source_file: experiments_cloud/results/ucurve_proprietary/gpt-4.1/ucurve_20260520_110812.json
03_prompt_format,gpt-4.1,GPT-4.1,True,base,semantic_multi,block,5,20,IVQ,ordinal,13,1.0,,1.0,1.0,0.0407,62,,,,,,,raw,experiments_cloud/results/ucurve_proprietary_results.csv,upstream source_file: experiments_cloud/results/ucurve_proprietary/gpt-4.1/ucurve_20260520_110812.json
03_prompt_format,gpt-4.1,GPT-4.1,True,base,semantic_multi,block,5,20,IVQ,ordinal,14,1.0,,1.0,1.0,0.0407,62,,,,,,,raw,experiments_cloud/results/ucurve_proprietary_results.csv,upstream source_file: experiments_cloud/results/ucurve_proprietary/gpt-4.1/ucurve_20260520_110812.json
03_prompt_format,gpt-4.1,GPT-4.1,True,base,semantic_multi,block,5,20,IVQ,ordinal,16,1.0,,1.0,1.0,0.0407,62,,,,,,,raw,experiments_cloud/results/ucurve_proprietary_results.csv,upstream source_file: experiments_cloud/results/ucurve_proprietary/gpt-4.1/ucurve_20260520_110812.json
03_prompt_format,gpt-4.1,GPT-4.1,True,base,semantic_multi,block,5,20,IVQ,ordinal,17,1.0,,1.0,1.0,0.0407,62,,,,,,,raw,experiments_cloud/results/ucurve_proprietary_results.csv,upstream source_file: experiments_cloud/results/ucurve_proprietary/gpt-4.1/ucurve_20260520_110812.json
03_prompt_format,gpt-4.1,GPT-4.1,True,base,semantic_multi,block,5,20,IVQ,ordinal,19,1.0,,1.0,1.0,0.0407,62,,,,,,,raw,experiments_cloud/results/ucurve_proprietary_results.csv,upstream source_file: experiments_cloud/results/ucurve_proprietary/gpt-4.1/ucurve_20260520_110812.json
03_prompt_format,gpt-4.1,GPT-4.1,True,base,semantic_multi,block,5,20,CVQ,ordinal,20,1.0,,1.0,1.0,0.0407,62,,,,,,,raw,experiments_cloud/results/ucurve_proprietary_results.csv,upstream source_file: experiments_cloud/results/ucurve_proprietary/gpt-4.1/ucurve_20260520_110812.json
03_prompt_format,gpt-4.1,GPT-4.1,True,base,semantic_multi,block,5,20,CVQ,semantic,last,1.0,,1.0,1.0,0.0407,62,,,,,,,raw,experiments_cloud/results/ucurve_proprietary_results.csv,upstream source_file: experiments_cloud/results/ucurve_proprietary/gpt-4.1/ucurve_20260520_110812.json
03_prompt_format,gpt-4.1,GPT-4.1,True,base,semantic_multi,block,5,50,FVQ,ordinal,1,1.0,,1.0,1.0,0.0495,50,,,,,,,raw,experiments_cloud/results/ucurve_proprietary_results.csv,upstream source_file: experiments_cloud/results/ucurve_proprietary/gpt-4.1/ucurve_20260520_110812.json
03_prompt_format,gpt-4.1,GPT-4.1,True,base,semantic_multi,block,5,50,IVQ,ordinal,2,1.0,,1.0,1.0,0.0495,50,,,,,,,raw,experiments_cloud/results/ucurve_proprietary_results.csv,upstream source_file: experiments_cloud/results/ucurve_proprietary/gpt-4.1/ucurve_20260520_110812.json
03_prompt_format,gpt-4.1,GPT-4.1,True,base,semantic_multi,block,5,50,IVQ,ordinal,3,1.0,,1.0,1.0,0.0495,50,,,,,,,raw,experiments_cloud/results/ucurve_proprietary_results.csv,upstream source_file: experiments_cloud/results/ucurve_proprietary/gpt-4.1/ucurve_20260520_110812.json
03_prompt_format,gpt-4.1,GPT-4.1,True,base,semantic_multi,block,5,50,IVQ,ordinal,4,1.0,,1.0,1.0,0.0495,50,,,,,,,raw,experiments_cloud/results/ucurve_proprietary_results.csv,upstream source_file: experiments_cloud/results/ucurve_proprietary/gpt-4.1/ucurve_20260520_110812.json
03_prompt_format,gpt-4.1,GPT-4.1,True,base,semantic_multi,block,5,50,IVQ,ordinal,5,1.0,,1.0,1.0,0.0495,50,,,,,,,raw,experiments_cloud/results/ucurve_proprietary_results.csv,upstream source_file: experiments_cloud/results/ucurve_proprietary/gpt-4.1/ucurve_20260520_110812.json
03_prompt_format,gpt-4.1,GPT-4.1,True,base,semantic_multi,block,5,50,IVQ,ordinal,6,1.0,,1.0,1.0,0.0495,50,,,,,,,raw,experiments_cloud/results/ucurve_proprietary_results.csv,upstream source_file: experiments_cloud/results/ucurve_proprietary/gpt-4.1/ucurve_20260520_110812.json
03_prompt_format,gpt-4.1,GPT-4.1,True,base,semantic_multi,block,5,50,IVQ,ordinal,7,1.0,,1.0,1.0,0.0495,50,,,,,,,raw,experiments_cloud/results/ucurve_proprietary_results.csv,upstream source_file: experiments_cloud/results/ucurve_proprietary/gpt-4.1/ucurve_20260520_110812.json
03_prompt_format,gpt-4.1,GPT-4.1,True,base,semantic_multi,block,5,50,IVQ,ordinal,8,1.0,,1.0,1.0,0.0495,50,,,,,,,raw,experiments_cloud/results/ucurve_proprietary_results.csv,upstream source_file: experiments_cloud/results/ucurve_proprietary/gpt-4.1/ucurve_20260520_110812.json
03_prompt_format,gpt-4.1,GPT-4.1,True,base,semantic_multi,block,5,50,IVQ,ordinal,14,1.0,,1.0,1.0,0.0495,50,,,,,,,raw,experiments_cloud/results/ucurve_proprietary_results.csv,upstream source_file: experiments_cloud/results/ucurve_proprietary/gpt-4.1/ucurve_20260520_110812.json
03_prompt_format,gpt-4.1,GPT-4.1,True,base,semantic_multi,block,5,50,IVQ,ordinal,20,1.0,,1.0,1.0,0.0495,50,,,,,,,raw,experiments_cloud/results/ucurve_proprietary_results.csv,upstream source_file: experiments_cloud/results/ucurve_proprietary/gpt-4.1/ucurve_20260520_110812.json
03_prompt_format,gpt-4.1,GPT-4.1,True,base,semantic_multi,block,5,50,IVQ,ordinal,26,1.0,,1.0,1.0,0.0495,50,,,,,,,raw,experiments_cloud/results/ucurve_proprietary_results.csv,upstream source_file: experiments_cloud/results/ucurve_proprietary/gpt-4.1/ucurve_20260520_110812.json
03_prompt_format,gpt-4.1,GPT-4.1,True,base,semantic_multi,block,5,50,IVQ,ordinal,31,1.0,,1.0,1.0,0.0495,50,,,,,,,raw,experiments_cloud/results/ucurve_proprietary_results.csv,upstream source_file: experiments_cloud/results/ucurve_proprietary/gpt-4.1/ucurve_20260520_110812.json
03_prompt_format,gpt-4.1,GPT-4.1,True,base,semantic_multi,block,5,50,IVQ,ordinal,37,1.0,,1.0,1.0,0.0495,50,,,,,,,raw,experiments_cloud/results/ucurve_proprietary_results.csv,upstream source_file: experiments_cloud/results/ucurve_proprietary/gpt-4.1/ucurve_20260520_110812.json
03_prompt_format,gpt-4.1,GPT-4.1,True,base,semantic_multi,block,5,50,IVQ,ordinal,43,1.0,,1.0,1.0,0.0495,50,,,,,,,raw,experiments_cloud/results/ucurve_proprietary_results.csv,upstream source_file: experiments_cloud/results/ucurve_proprietary/gpt-4.1/ucurve_20260520_110812.json
03_prompt_format,gpt-4.1,GPT-4.1,True,base,semantic_multi,block,5,50,IVQ,ordinal,49,1.0,,1.0,1.0,0.0495,50,,,,,,,raw,experiments_cloud/results/ucurve_proprietary_results.csv,upstream source_file: experiments_cloud/results/ucurve_proprietary/gpt-4.1/ucurve_20260520_110812.json
03_prompt_format,gpt-4.1,GPT-4.1,True,base,semantic_multi,block,5,50,CVQ,ordinal,50,1.0,,1.0,1.0,0.0495,50,,,,,,,raw,experiments_cloud/results/ucurve_proprietary_results.csv,upstream source_file: experiments_cloud/results/ucurve_proprietary/gpt-4.1/ucurve_20260520_110812.json
03_prompt_format,gpt-4.1,GPT-4.1,True,base,semantic_multi,block,5,50,CVQ,semantic,last,1.0,,1.0,1.0,0.0495,50,,,,,,,raw,experiments_cloud/results/ucurve_proprietary_results.csv,upstream source_file: experiments_cloud/results/ucurve_proprietary/gpt-4.1/ucurve_20260520_110812.json
03_prompt_format,gpt-4.1,GPT-4.1,True,base,semantic_multi,block,10,10,FVQ,ordinal,1,1.0,,1.0,1.0,0.0495,50,,,,,,,raw,experiments_cloud/results/ucurve_proprietary_results.csv,upstream source_file: experiments_cloud/results/ucurve_proprietary/gpt-4.1/ucurve_20260520_110812.json
03_prompt_format,gpt-4.1,GPT-4.1,True,base,semantic_multi,block,10,10,IVQ,ordinal,2,1.0,,1.0,1.0,0.0495,50,,,,,,,raw,experiments_cloud/results/ucurve_proprietary_results.csv,upstream source_file: experiments_cloud/results/ucurve_proprietary/gpt-4.1/ucurve_20260520_110812.json
03_prompt_format,gpt-4.1,GPT-4.1,True,base,semantic_multi,block,10,10,IVQ,ordinal,3,1.0,,1.0,1.0,0.0495,50,,,,,,,raw,experiments_cloud/results/ucurve_proprietary_results.csv,upstream source_file: experiments_cloud/results/ucurve_proprietary/gpt-4.1/ucurve_20260520_110812.json
03_prompt_format,gpt-4.1,GPT-4.1,True,base,semantic_multi,block,10,10,IVQ,ordinal,4,1.0,,1.0,1.0,0.0495,50,,,,,,,raw,experiments_cloud/results/ucurve_proprietary_results.csv,upstream source_file: experiments_cloud/results/ucurve_proprietary/gpt-4.1/ucurve_20260520_110812.json
03_prompt_format,gpt-4.1,GPT-4.1,True,base,semantic_multi,block,10,10,IVQ,ordinal,5,1.0,,1.0,1.0,0.0495,50,,,,,,,raw,experiments_cloud/results/ucurve_proprietary_results.csv,upstream source_file: experiments_cloud/results/ucurve_proprietary/gpt-4.1/ucurve_20260520_110812.json
03_prompt_format,gpt-4.1,GPT-4.1,True,base,semantic_multi,block,10,10,IVQ,ordinal,6,1.0,,1.0,1.0,0.0495,50,,,,,,,raw,experiments_cloud/results/ucurve_proprietary_results.csv,upstream source_file: experiments_cloud/results/ucurve_proprietary/gpt-4.1/ucurve_20260520_110812.json
03_prompt_format,gpt-4.1,GPT-4.1,True,base,semantic_multi,block,10,10,IVQ,ordinal,7,1.0,,1.0,1.0,0.0495,50,,,,,,,raw,experiments_cloud/results/ucurve_proprietary_results.csv,upstream source_file: experiments_cloud/results/ucurve_proprietary/gpt-4.1/ucurve_20260520_110812.json
03_prompt_format,gpt-4.1,GPT-4.1,True,base,semantic_multi,block,10,10,IVQ,ordinal,8,1.0,,1.0,1.0,0.0495,50,,,,,,,raw,experiments_cloud/results/ucurve_proprietary_results.csv,upstream source_file: experiments_cloud/results/ucurve_proprietary/gpt-4.1/ucurve_20260520_110812.json
03_prompt_format,gpt-4.1,GPT-4.1,True,base,semantic_multi,block,10,10,IVQ,ordinal,9,1.0,,1.0,1.0,0.0495,50,,,,,,,raw,experiments_cloud/results/ucurve_proprietary_results.csv,upstream source_file: experiments_cloud/results/ucurve_proprietary/gpt-4.1/ucurve_20260520_110812.json
03_prompt_format,gpt-4.1,GPT-4.1,True,base,semantic_multi,block,10,10,CVQ,ordinal,10,1.0,,1.0,1.0,0.0495,50,,,,,,,raw,experiments_cloud/results/ucurve_proprietary_results.csv,upstream source_file: experiments_cloud/results/ucurve_proprietary/gpt-4.1/ucurve_20260520_110812.json
03_prompt_format,gpt-4.1,GPT-4.1,True,base,semantic_multi,block,10,10,CVQ,semantic,last,1.0,,1.0,1.0,0.0495,50,,,,,,,raw,experiments_cloud/results/ucurve_proprietary_results.csv,upstream source_file: experiments_cloud/results/ucurve_proprietary/gpt-4.1/ucurve_20260520_110812.json
03_prompt_format,gpt-4.1,GPT-4.1,True,base,semantic_multi,block,10,20,FVQ,ordinal,1,1.0,,1.0,1.0,0.0407,62,,,,,,,raw,experiments_cloud/results/ucurve_proprietary_results.csv,upstream source_file: experiments_cloud/results/ucurve_proprietary/gpt-4.1/ucurve_20260520_110812.json
03_prompt_format,gpt-4.1,GPT-4.1,True,base,semantic_multi,block,10,20,IVQ,ordinal,2,0.9839,,0.9516,1.0,0.0497,62,,,,,,,raw,experiments_cloud/results/ucurve_proprietary_results.csv,upstream source_file: experiments_cloud/results/ucurve_proprietary/gpt-4.1/ucurve_20260520_110812.json
03_prompt_format,gpt-4.1,GPT-4.1,True,base,semantic_multi,block,10,20,IVQ,ordinal,3,1.0,,1.0,1.0,0.0407,62,,,,,,,raw,experiments_cloud/results/ucurve_proprietary_results.csv,upstream source_file: experiments_cloud/results/ucurve_proprietary/gpt-4.1/ucurve_20260520_110812.json
03_prompt_format,gpt-4.1,GPT-4.1,True,base,semantic_multi,block,10,20,IVQ,ordinal,4,1.0,,1.0,1.0,0.0407,62,,,,,,,raw,experiments_cloud/results/ucurve_proprietary_results.csv,upstream source_file: experiments_cloud/results/ucurve_proprietary/gpt-4.1/ucurve_20260520_110812.json
03_prompt_format,gpt-4.1,GPT-4.1,True,base,semantic_multi,block,10,20,IVQ,ordinal,5,1.0,,1.0,1.0,0.0407,62,,,,,,,raw,experiments_cloud/results/ucurve_proprietary_results.csv,upstream source_file: experiments_cloud/results/ucurve_proprietary/gpt-4.1/ucurve_20260520_110812.json
03_prompt_format,gpt-4.1,GPT-4.1,True,base,semantic_multi,block,10,20,IVQ,ordinal,6,1.0,,1.0,1.0,0.0407,62,,,,,,,raw,experiments_cloud/results/ucurve_proprietary_results.csv,upstream source_file: experiments_cloud/results/ucurve_proprietary/gpt-4.1/ucurve_20260520_110812.json
03_prompt_format,gpt-4.1,GPT-4.1,True,base,semantic_multi,block,10,20,IVQ,ordinal,7,1.0,,1.0,1.0,0.0407,62,,,,,,,raw,experiments_cloud/results/ucurve_proprietary_results.csv,upstream source_file: experiments_cloud/results/ucurve_proprietary/gpt-4.1/ucurve_20260520_110812.json
03_prompt_format,gpt-4.1,GPT-4.1,True,base,semantic_multi,block,10,20,IVQ,ordinal,8,1.0,,1.0,1.0,0.0407,62,,,,,,,raw,experiments_cloud/results/ucurve_proprietary_results.csv,upstream source_file: experiments_cloud/results/ucurve_proprietary/gpt-4.1/ucurve_20260520_110812.json
03_prompt_format,gpt-4.1,GPT-4.1,True,base,semantic_multi,block,10,20,IVQ,ordinal,10,0.9839,,0.9516,1.0,0.0497,62,,,,,,,raw,experiments_cloud/results/ucurve_proprietary_results.csv,upstream source_file: experiments_cloud/results/ucurve_proprietary/gpt-4.1/ucurve_20260520_110812.json
03_prompt_format,gpt-4.1,GPT-4.1,True,base,semantic_multi,block,10,20,IVQ,ordinal,11,1.0,,1.0,1.0,0.0407,62,,,,,,,raw,experiments_cloud/results/ucurve_proprietary_results.csv,upstream source_file: experiments_cloud/results/ucurve_proprietary/gpt-4.1/ucurve_20260520_110812.json
03_prompt_format,gpt-4.1,GPT-4.1,True,base,semantic_multi,block,10,20,IVQ,ordinal,13,1.0,,1.0,1.0,0.0407,62,,,,,,,raw,experiments_cloud/results/ucurve_proprietary_results.csv,upstream source_file: experiments_cloud/results/ucurve_proprietary/gpt-4.1/ucurve_20260520_110812.json
03_prompt_format,gpt-4.1,GPT-4.1,True,base,semantic_multi,block,10,20,IVQ,ordinal,14,1.0,,1.0,1.0,0.0407,62,,,,,,,raw,experiments_cloud/results/ucurve_proprietary_results.csv,upstream source_file: experiments_cloud/results/ucurve_proprietary/gpt-4.1/ucurve_20260520_110812.json
03_prompt_format,gpt-4.1,GPT-4.1,True,base,semantic_multi,block,10,20,IVQ,ordinal,16,1.0,,1.0,1.0,0.0407,62,,,,,,,raw,experiments_cloud/results/ucurve_proprietary_results.csv,upstream source_file: experiments_cloud/results/ucurve_proprietary/gpt-4.1/ucurve_20260520_110812.json
03_prompt_format,gpt-4.1,GPT-4.1,True,base,semantic_multi,block,10,20,IVQ,ordinal,17,1.0,,1.0,1.0,0.0407,62,,,,,,,raw,experiments_cloud/results/ucurve_proprietary_results.csv,upstream source_file: experiments_cloud/results/ucurve_proprietary/gpt-4.1/ucurve_20260520_110812.json
03_prompt_format,gpt-4.1,GPT-4.1,True,base,semantic_multi,block,10,20,IVQ,ordinal,19,1.0,,1.0,1.0,0.0407,62,,,,,,,raw,experiments_cloud/results/ucurve_proprietary_results.csv,upstream source_file: experiments_cloud/results/ucurve_proprietary/gpt-4.1/ucurve_20260520_110812.json
03_prompt_format,gpt-4.1,GPT-4.1,True,base,semantic_multi,block,10,20,CVQ,ordinal,20,1.0,,1.0,1.0,0.0407,62,,,,,,,raw,experiments_cloud/results/ucurve_proprietary_results.csv,upstream source_file: experiments_cloud/results/ucurve_proprietary/gpt-4.1/ucurve_20260520_110812.json
03_prompt_format,gpt-4.1,GPT-4.1,True,base,semantic_multi,block,10,20,CVQ,semantic,last,1.0,,1.0,1.0,0.0407,62,,,,,,,raw,experiments_cloud/results/ucurve_proprietary_results.csv,upstream source_file: experiments_cloud/results/ucurve_proprietary/gpt-4.1/ucurve_20260520_110812.json
03_prompt_format,gpt-4.1,GPT-4.1,True,base,semantic_multi,block,10,50,FVQ,ordinal,1,1.0,,1.0,1.0,0.0407,62,,,,,,,raw,experiments_cloud/results/ucurve_proprietary_results.csv,upstream source_file: experiments_cloud/results/ucurve_proprietary/gpt-4.1/ucurve_20260520_110812.json
03_prompt_format,gpt-4.1,GPT-4.1,True,base,semantic_multi,block,10,50,IVQ,ordinal,2,1.0,,1.0,1.0,0.0407,62,,,,,,,raw,experiments_cloud/results/ucurve_proprietary_results.csv,upstream source_file: experiments_cloud/results/ucurve_proprietary/gpt-4.1/ucurve_20260520_110812.json
03_prompt_format,gpt-4.1,GPT-4.1,True,base,semantic_multi,block,10,50,IVQ,ordinal,3,1.0,,1.0,1.0,0.0407,62,,,,,,,raw,experiments_cloud/results/ucurve_proprietary_results.csv,upstream source_file: experiments_cloud/results/ucurve_proprietary/gpt-4.1/ucurve_20260520_110812.json
03_prompt_format,gpt-4.1,GPT-4.1,True,base,semantic_multi,block,10,50,IVQ,ordinal,4,0.9839,,0.9516,1.0,0.0497,62,,,,,,,raw,experiments_cloud/results/ucurve_proprietary_results.csv,upstream source_file: experiments_cloud/results/ucurve_proprietary/gpt-4.1/ucurve_20260520_110812.json
03_prompt_format,gpt-4.1,GPT-4.1,True,base,semantic_multi,block,10,50,IVQ,ordinal,5,1.0,,1.0,1.0,0.0407,62,,,,,,,raw,experiments_cloud/results/ucurve_proprietary_results.csv,upstream source_file: experiments_cloud/results/ucurve_proprietary/gpt-4.1/ucurve_20260520_110812.json
03_prompt_format,gpt-4.1,GPT-4.1,True,base,semantic_multi,block,10,50,IVQ,ordinal,6,1.0,,1.0,1.0,0.0407,62,,,,,,,raw,experiments_cloud/results/ucurve_proprietary_results.csv,upstream source_file: experiments_cloud/results/ucurve_proprietary/gpt-4.1/ucurve_20260520_110812.json
03_prompt_format,gpt-4.1,GPT-4.1,True,base,semantic_multi,block,10,50,IVQ,ordinal,7,0.9839,,0.9516,1.0,0.0497,62,,,,,,,raw,experiments_cloud/results/ucurve_proprietary_results.csv,upstream source_file: experiments_cloud/results/ucurve_proprietary/gpt-4.1/ucurve_20260520_110812.json
03_prompt_format,gpt-4.1,GPT-4.1,True,base,semantic_multi,block,10,50,IVQ,ordinal,8,0.9839,,0.9516,1.0,0.0497,62,,,,,,,raw,experiments_cloud/results/ucurve_proprietary_results.csv,upstream source_file: experiments_cloud/results/ucurve_proprietary/gpt-4.1/ucurve_20260520_110812.json
03_prompt_format,gpt-4.1,GPT-4.1,True,base,semantic_multi,block,10,50,IVQ,ordinal,14,0.9839,,0.9516,1.0,0.0497,62,,,,,,,raw,experiments_cloud/results/ucurve_proprietary_results.csv,upstream source_file: experiments_cloud/results/ucurve_proprietary/gpt-4.1/ucurve_20260520_110812.json
03_prompt_format,gpt-4.1,GPT-4.1,True,base,semantic_multi,block,10,50,IVQ,ordinal,20,1.0,,1.0,1.0,0.0407,62,,,,,,,raw,experiments_cloud/results/ucurve_proprietary_results.csv,upstream source_file: experiments_cloud/results/ucurve_proprietary/gpt-4.1/ucurve_20260520_110812.json
03_prompt_format,gpt-4.1,GPT-4.1,True,base,semantic_multi,block,10,50,IVQ,ordinal,26,1.0,,1.0,1.0,0.0407,62,,,,,,,raw,experiments_cloud/results/ucurve_proprietary_results.csv,upstream source_file: experiments_cloud/results/ucurve_proprietary/gpt-4.1/ucurve_20260520_110812.json
03_prompt_format,gpt-4.1,GPT-4.1,True,base,semantic_multi,block,10,50,IVQ,ordinal,31,1.0,,1.0,1.0,0.0407,62,,,,,,,raw,experiments_cloud/results/ucurve_proprietary_results.csv,upstream source_file: experiments_cloud/results/ucurve_proprietary/gpt-4.1/ucurve_20260520_110812.json
03_prompt_format,gpt-4.1,GPT-4.1,True,base,semantic_multi,block,10,50,IVQ,ordinal,37,1.0,,1.0,1.0,0.0407,62,,,,,,,raw,experiments_cloud/results/ucurve_proprietary_results.csv,upstream source_file: experiments_cloud/results/ucurve_proprietary/gpt-4.1/ucurve_20260520_110812.json
03_prompt_format,gpt-4.1,GPT-4.1,True,base,semantic_multi,block,10,50,IVQ,ordinal,43,0.9839,,0.9516,1.0,0.0497,62,,,,,,,raw,experiments_cloud/results/ucurve_proprietary_results.csv,upstream source_file: experiments_cloud/results/ucurve_proprietary/gpt-4.1/ucurve_20260520_110812.json
03_prompt_format,gpt-4.1,GPT-4.1,True,base,semantic_multi,block,10,50,IVQ,ordinal,49,1.0,,1.0,1.0,0.0407,62,,,,,,,raw,experiments_cloud/results/ucurve_proprietary_results.csv,upstream source_file: experiments_cloud/results/ucurve_proprietary/gpt-4.1/ucurve_20260520_110812.json
03_prompt_format,gpt-4.1,GPT-4.1,True,base,semantic_multi,block,10,50,CVQ,ordinal,50,1.0,,1.0,1.0,0.0407,62,,,,,,,raw,experiments_cloud/results/ucurve_proprietary_results.csv,upstream source_file: experiments_cloud/results/ucurve_proprietary/gpt-4.1/ucurve_20260520_110812.json
03_prompt_format,gpt-4.1,GPT-4.1,True,base,semantic_multi,block,10,50,CVQ,semantic,last,0.9839,,0.9516,1.0,0.0497,62,,,,,,,raw,experiments_cloud/results/ucurve_proprietary_results.csv,upstream source_file: experiments_cloud/results/ucurve_proprietary/gpt-4.1/ucurve_20260520_110812.json
03_prompt_format,gpt-4.1,GPT-4.1,True,base,semantic_multi,flat_nolabel,5,10,FVQ,ordinal,1,1.0,,1.0,1.0,0.0133,200,,,,,,,raw,experiments_cloud/results/ucurve_proprietary_results.csv,upstream source_file: experiments_cloud/results/ucurve_proprietary/gpt-4.1/ucurve_20260520_110812.json
03_prompt_format,gpt-4.1,GPT-4.1,True,base,semantic_multi,flat_nolabel,5,10,IVQ,ordinal,2,0.985,,0.965,1.0,0.0211,200,,,,,,,raw,experiments_cloud/results/ucurve_proprietary_results.csv,upstream source_file: experiments_cloud/results/ucurve_proprietary/gpt-4.1/ucurve_20260520_110812.json
03_prompt_format,gpt-4.1,GPT-4.1,True,base,semantic_multi,flat_nolabel,5,10,IVQ,ordinal,3,0.765,,0.71,0.825,0.0586,200,,,,,,,raw,experiments_cloud/results/ucurve_proprietary_results.csv,upstream source_file: experiments_cloud/results/ucurve_proprietary/gpt-4.1/ucurve_20260520_110812.json
03_prompt_format,gpt-4.1,GPT-4.1,True,base,semantic_multi,flat_nolabel,5,10,IVQ,ordinal,4,0.395,,0.33,0.465,0.0672,200,,,,,,,raw,experiments_cloud/results/ucurve_proprietary_results.csv,upstream source_file: experiments_cloud/results/ucurve_proprietary/gpt-4.1/ucurve_20260520_110812.json
03_prompt_format,gpt-4.1,GPT-4.1,True,base,semantic_multi,flat_nolabel,5,10,IVQ,ordinal,5,0.19,,0.135,0.245,0.0545,200,,,,,,,raw,experiments_cloud/results/ucurve_proprietary_results.csv,upstream source_file: experiments_cloud/results/ucurve_proprietary/gpt-4.1/ucurve_20260520_110812.json
03_prompt_format,gpt-4.1,GPT-4.1,True,base,semantic_multi,flat_nolabel,5,10,IVQ,ordinal,6,0.145,,0.095,0.195,0.0492,200,,,,,,,raw,experiments_cloud/results/ucurve_proprietary_results.csv,upstream source_file: experiments_cloud/results/ucurve_proprietary/gpt-4.1/ucurve_20260520_110812.json
03_prompt_format,gpt-4.1,GPT-4.1,True,base,semantic_multi,flat_nolabel,5,10,IVQ,ordinal,7,0.065,,0.035,0.1,0.0358,200,,,,,,,raw,experiments_cloud/results/ucurve_proprietary_results.csv,upstream source_file: experiments_cloud/results/ucurve_proprietary/gpt-4.1/ucurve_20260520_110812.json
03_prompt_format,gpt-4.1,GPT-4.1,True,base,semantic_multi,flat_nolabel,5,10,IVQ,ordinal,8,0.03,,0.01,0.055,0.0265,200,,,,,,,raw,experiments_cloud/results/ucurve_proprietary_results.csv,upstream source_file: experiments_cloud/results/ucurve_proprietary/gpt-4.1/ucurve_20260520_110812.json
03_prompt_format,gpt-4.1,GPT-4.1,True,base,semantic_multi,flat_nolabel,5,10,IVQ,ordinal,9,0.025,,0.005,0.05,0.0249,200,,,,,,,raw,experiments_cloud/results/ucurve_proprietary_results.csv,upstream source_file: experiments_cloud/results/ucurve_proprietary/gpt-4.1/ucurve_20260520_110812.json
03_prompt_format,gpt-4.1,GPT-4.1,True,base,semantic_multi,flat_nolabel,5,10,CVQ,ordinal,10,0.015,,0.0,0.035,0.0211,200,,,,,,,raw,experiments_cloud/results/ucurve_proprietary_results.csv,upstream source_file: experiments_cloud/results/ucurve_proprietary/gpt-4.1/ucurve_20260520_110812.json
03_prompt_format,gpt-4.1,GPT-4.1,True,base,semantic_multi,flat_nolabel,5,10,CVQ,semantic,last,0.91,,0.87,0.945,0.0408,200,,,,,,,raw,experiments_cloud/results/ucurve_proprietary_results.csv,upstream source_file: experiments_cloud/results/ucurve_proprietary/gpt-4.1/ucurve_20260520_110812.json
03_prompt_format,gpt-4.1,GPT-4.1,True,base,semantic_multi,flat_nolabel,5,20,FVQ,ordinal,1,1.0,,1.0,1.0,0.0133,200,,,,,,,raw,experiments_cloud/results/ucurve_proprietary_results.csv,upstream source_file: experiments_cloud/results/ucurve_proprietary/gpt-4.1/ucurve_20260520_110812.json
03_prompt_format,gpt-4.1,GPT-4.1,True,base,semantic_multi,flat_nolabel,5,20,IVQ,ordinal,2,0.935,,0.9,0.965,0.0358,200,,,,,,,raw,experiments_cloud/results/ucurve_proprietary_results.csv,upstream source_file: experiments_cloud/results/ucurve_proprietary/gpt-4.1/ucurve_20260520_110812.json
03_prompt_format,gpt-4.1,GPT-4.1,True,base,semantic_multi,flat_nolabel,5,20,IVQ,ordinal,3,0.65,,0.585,0.7151,0.0656,200,,,,,,,raw,experiments_cloud/results/ucurve_proprietary_results.csv,upstream source_file: experiments_cloud/results/ucurve_proprietary/gpt-4.1/ucurve_20260520_110812.json
03_prompt_format,gpt-4.1,GPT-4.1,True,base,semantic_multi,flat_nolabel,5,20,IVQ,ordinal,4,0.31,,0.245,0.375,0.0637,200,,,,,,,raw,experiments_cloud/results/ucurve_proprietary_results.csv,upstream source_file: experiments_cloud/results/ucurve_proprietary/gpt-4.1/ucurve_20260520_110812.json
03_prompt_format,gpt-4.1,GPT-4.1,True,base,semantic_multi,flat_nolabel,5,20,IVQ,ordinal,5,0.145,,0.095,0.195,0.0492,200,,,,,,,raw,experiments_cloud/results/ucurve_proprietary_results.csv,upstream source_file: experiments_cloud/results/ucurve_proprietary/gpt-4.1/ucurve_20260520_110812.json
03_prompt_format,gpt-4.1,GPT-4.1,True,base,semantic_multi,flat_nolabel,5,20,IVQ,ordinal,6,0.105,,0.065,0.15,0.0434,200,,,,,,,raw,experiments_cloud/results/ucurve_proprietary_results.csv,upstream source_file: experiments_cloud/results/ucurve_proprietary/gpt-4.1/ucurve_20260520_110812.json
03_prompt_format,gpt-4.1,GPT-4.1,True,base,semantic_multi,flat_nolabel,5,20,IVQ,ordinal,7,0.07,,0.035,0.11,0.0368,200,,,,,,,raw,experiments_cloud/results/ucurve_proprietary_results.csv,upstream source_file: experiments_cloud/results/ucurve_proprietary/gpt-4.1/ucurve_20260520_110812.json
03_prompt_format,gpt-4.1,GPT-4.1,True,base,semantic_multi,flat_nolabel,5,20,IVQ,ordinal,8,0.055,,0.025,0.09,0.0334,200,,,,,,,raw,experiments_cloud/results/ucurve_proprietary_results.csv,upstream source_file: experiments_cloud/results/ucurve_proprietary/gpt-4.1/ucurve_20260520_110812.json
03_prompt_format,gpt-4.1,GPT-4.1,True,base,semantic_multi,flat_nolabel,5,20,IVQ,ordinal,10,0.015,,0.0,0.035,0.0211,200,,,,,,,raw,experiments_cloud/results/ucurve_proprietary_results.csv,upstream source_file: experiments_cloud/results/ucurve_proprietary/gpt-4.1/ucurve_20260520_110812.json
03_prompt_format,gpt-4.1,GPT-4.1,True,base,semantic_multi,flat_nolabel,5,20,IVQ,ordinal,11,0.015,,0.0,0.035,0.0211,200,,,,,,,raw,experiments_cloud/results/ucurve_proprietary_results.csv,upstream source_file: experiments_cloud/results/ucurve_proprietary/gpt-4.1/ucurve_20260520_110812.json
03_prompt_format,gpt-4.1,GPT-4.1,True,base,semantic_multi,flat_nolabel,5,20,IVQ,ordinal,13,0.005,,0.0,0.015,0.0163,200,,,,,,,raw,experiments_cloud/results/ucurve_proprietary_results.csv,upstream source_file: experiments_cloud/results/ucurve_proprietary/gpt-4.1/ucurve_20260520_110812.json
03_prompt_format,gpt-4.1,GPT-4.1,True,base,semantic_multi,flat_nolabel,5,20,IVQ,ordinal,14,0.005,,0.0,0.015,0.0163,200,,,,,,,raw,experiments_cloud/results/ucurve_proprietary_results.csv,upstream source_file: experiments_cloud/results/ucurve_proprietary/gpt-4.1/ucurve_20260520_110812.json
03_prompt_format,gpt-4.1,GPT-4.1,True,base,semantic_multi,flat_nolabel,5,20,IVQ,ordinal,16,0.005,,0.0,0.015,0.0163,200,,,,,,,raw,experiments_cloud/results/ucurve_proprietary_results.csv,upstream source_file: experiments_cloud/results/ucurve_proprietary/gpt-4.1/ucurve_20260520_110812.json
03_prompt_format,gpt-4.1,GPT-4.1,True,base,semantic_multi,flat_nolabel,5,20,IVQ,ordinal,17,0.005,,0.0,0.015,0.0163,200,,,,,,,raw,experiments_cloud/results/ucurve_proprietary_results.csv,upstream source_file: experiments_cloud/results/ucurve_proprietary/gpt-4.1/ucurve_20260520_110812.json
03_prompt_format,gpt-4.1,GPT-4.1,True,base,semantic_multi,flat_nolabel,5,20,IVQ,ordinal,19,0.01,,0.0,0.025,0.0189,200,,,,,,,raw,experiments_cloud/results/ucurve_proprietary_results.csv,upstream source_file: experiments_cloud/results/ucurve_proprietary/gpt-4.1/ucurve_20260520_110812.json
03_prompt_format,gpt-4.1,GPT-4.1,True,base,semantic_multi,flat_nolabel,5,20,CVQ,ordinal,20,0.01,,0.0,0.025,0.0189,200,,,,,,,raw,experiments_cloud/results/ucurve_proprietary_results.csv,upstream source_file: experiments_cloud/results/ucurve_proprietary/gpt-4.1/ucurve_20260520_110812.json
03_prompt_format,gpt-4.1,GPT-4.1,True,base,semantic_multi,flat_nolabel,5,20,CVQ,semantic,last,0.885,,0.84,0.93,0.045,200,,,,,,,raw,experiments_cloud/results/ucurve_proprietary_results.csv,upstream source_file: experiments_cloud/results/ucurve_proprietary/gpt-4.1/ucurve_20260520_110812.json
03_prompt_format,gpt-4.1,GPT-4.1,True,base,semantic_multi,flat_nolabel,5,50,FVQ,ordinal,1,1.0,,1.0,1.0,0.0133,200,,,,,,,raw,experiments_cloud/results/ucurve_proprietary_results.csv,upstream source_file: experiments_cloud/results/ucurve_proprietary/gpt-4.1/ucurve_20260520_110812.json
03_prompt_format,gpt-4.1,GPT-4.1,True,base,semantic_multi,flat_nolabel,5,50,IVQ,ordinal,2,0.965,,0.935,0.99,0.0281,200,,,,,,,raw,experiments_cloud/results/ucurve_proprietary_results.csv,upstream source_file: experiments_cloud/results/ucurve_proprietary/gpt-4.1/ucurve_20260520_110812.json
03_prompt_format,gpt-4.1,GPT-4.1,True,base,semantic_multi,flat_nolabel,5,50,IVQ,ordinal,3,0.555,,0.485,0.625,0.0682,200,,,,,,,raw,experiments_cloud/results/ucurve_proprietary_results.csv,upstream source_file: experiments_cloud/results/ucurve_proprietary/gpt-4.1/ucurve_20260520_110812.json
03_prompt_format,gpt-4.1,GPT-4.1,True,base,semantic_multi,flat_nolabel,5,50,IVQ,ordinal,4,0.195,,0.14,0.25,0.055,200,,,,,,,raw,experiments_cloud/results/ucurve_proprietary_results.csv,upstream source_file: experiments_cloud/results/ucurve_proprietary/gpt-4.1/ucurve_20260520_110812.json
03_prompt_format,gpt-4.1,GPT-4.1,True,base,semantic_multi,flat_nolabel,5,50,IVQ,ordinal,5,0.12,,0.075,0.165,0.0457,200,,,,,,,raw,experiments_cloud/results/ucurve_proprietary_results.csv,upstream source_file: experiments_cloud/results/ucurve_proprietary/gpt-4.1/ucurve_20260520_110812.json
03_prompt_format,gpt-4.1,GPT-4.1,True,base,semantic_multi,flat_nolabel,5,50,IVQ,ordinal,6,0.075,,0.04,0.115,0.0379,200,,,,,,,raw,experiments_cloud/results/ucurve_proprietary_results.csv,upstream source_file: experiments_cloud/results/ucurve_proprietary/gpt-4.1/ucurve_20260520_110812.json
03_prompt_format,gpt-4.1,GPT-4.1,True,base,semantic_multi,flat_nolabel,5,50,IVQ,ordinal,7,0.025,,0.005,0.05,0.0249,200,,,,,,,raw,experiments_cloud/results/ucurve_proprietary_results.csv,upstream source_file: experiments_cloud/results/ucurve_proprietary/gpt-4.1/ucurve_20260520_110812.json
03_prompt_format,gpt-4.1,GPT-4.1,True,base,semantic_multi,flat_nolabel,5,50,IVQ,ordinal,8,0.045,,0.02,0.075,0.0309,200,,,,,,,raw,experiments_cloud/results/ucurve_proprietary_results.csv,upstream source_file: experiments_cloud/results/ucurve_proprietary/gpt-4.1/ucurve_20260520_110812.json
03_prompt_format,gpt-4.1,GPT-4.1,True,base,semantic_multi,flat_nolabel,5,50,IVQ,ordinal,14,0.015,,0.0,0.035,0.0211,200,,,,,,,raw,experiments_cloud/results/ucurve_proprietary_results.csv,upstream source_file: experiments_cloud/results/ucurve_proprietary/gpt-4.1/ucurve_20260520_110812.json
03_prompt_format,gpt-4.1,GPT-4.1,True,base,semantic_multi,flat_nolabel,5,50,IVQ,ordinal,20,0.005,,0.0,0.015,0.0163,200,,,,,,,raw,experiments_cloud/results/ucurve_proprietary_results.csv,upstream source_file: experiments_cloud/results/ucurve_proprietary/gpt-4.1/ucurve_20260520_110812.json
03_prompt_format,gpt-4.1,GPT-4.1,True,base,semantic_multi,flat_nolabel,5,50,IVQ,ordinal,26,0.015,,0.0,0.035,0.0211,200,,,,,,,raw,experiments_cloud/results/ucurve_proprietary_results.csv,upstream source_file: experiments_cloud/results/ucurve_proprietary/gpt-4.1/ucurve_20260520_110812.json
03_prompt_format,gpt-4.1,GPT-4.1,True,base,semantic_multi,flat_nolabel,5,50,IVQ,ordinal,31,0.005,,0.0,0.015,0.0163,200,,,,,,,raw,experiments_cloud/results/ucurve_proprietary_results.csv,upstream source_file: experiments_cloud/results/ucurve_proprietary/gpt-4.1/ucurve_20260520_110812.json
03_prompt_format,gpt-4.1,GPT-4.1,True,base,semantic_multi,flat_nolabel,5,50,IVQ,ordinal,37,0.005,,0.0,0.015,0.0163,200,,,,,,,raw,experiments_cloud/results/ucurve_proprietary_results.csv,upstream source_file: experiments_cloud/results/ucurve_proprietary/gpt-4.1/ucurve_20260520_110812.json
03_prompt_format,gpt-4.1,GPT-4.1,True,base,semantic_multi,flat_nolabel,5,50,IVQ,ordinal,43,0.02,,0.005,0.04,0.0231,200,,,,,,,raw,experiments_cloud/results/ucurve_proprietary_results.csv,upstream source_file: experiments_cloud/results/ucurve_proprietary/gpt-4.1/ucurve_20260520_110812.json
03_prompt_format,gpt-4.1,GPT-4.1,True,base,semantic_multi,flat_nolabel,5,50,IVQ,ordinal,49,0.0,,0.0,0.0,0.0133,200,,,,,,,raw,experiments_cloud/results/ucurve_proprietary_results.csv,upstream source_file: experiments_cloud/results/ucurve_proprietary/gpt-4.1/ucurve_20260520_110812.json
03_prompt_format,gpt-4.1,GPT-4.1,True,base,semantic_multi,flat_nolabel,5,50,CVQ,ordinal,50,0.005,,0.0,0.015,0.0163,200,,,,,,,raw,experiments_cloud/results/ucurve_proprietary_results.csv,upstream source_file: experiments_cloud/results/ucurve_proprietary/gpt-4.1/ucurve_20260520_110812.json
03_prompt_format,gpt-4.1,GPT-4.1,True,base,semantic_multi,flat_nolabel,5,50,CVQ,semantic,last,0.8,,0.745,0.8501,0.0555,200,,,,,,,raw,experiments_cloud/results/ucurve_proprietary_results.csv,upstream source_file: experiments_cloud/results/ucurve_proprietary/gpt-4.1/ucurve_20260520_110812.json
03_prompt_format,gpt-4.1,GPT-4.1,True,base,semantic_multi,flat_nolabel,10,10,FVQ,ordinal,1,1.0,,1.0,1.0,0.0133,200,,,,,,,raw,experiments_cloud/results/ucurve_proprietary_results.csv,upstream source_file: experiments_cloud/results/ucurve_proprietary/gpt-4.1/ucurve_20260520_110812.json
03_prompt_format,gpt-4.1,GPT-4.1,True,base,semantic_multi,flat_nolabel,10,10,IVQ,ordinal,2,0.98,,0.96,0.995,0.0231,200,,,,,,,raw,experiments_cloud/results/ucurve_proprietary_results.csv,upstream source_file: experiments_cloud/results/ucurve_proprietary/gpt-4.1/ucurve_20260520_110812.json
03_prompt_format,gpt-4.1,GPT-4.1,True,base,semantic_multi,flat_nolabel,10,10,IVQ,ordinal,3,0.625,,0.56,0.69,0.0665,200,,,,,,,raw,experiments_cloud/results/ucurve_proprietary_results.csv,upstream source_file: experiments_cloud/results/ucurve_proprietary/gpt-4.1/ucurve_20260520_110812.json
03_prompt_format,gpt-4.1,GPT-4.1,True,base,semantic_multi,flat_nolabel,10,10,IVQ,ordinal,4,0.39,,0.3249,0.46,0.067,200,,,,,,,raw,experiments_cloud/results/ucurve_proprietary_results.csv,upstream source_file: experiments_cloud/results/ucurve_proprietary/gpt-4.1/ucurve_20260520_110812.json
03_prompt_format,gpt-4.1,GPT-4.1,True,base,semantic_multi,flat_nolabel,10,10,IVQ,ordinal,5,0.15,,0.105,0.205,0.0499,200,,,,,,,raw,experiments_cloud/results/ucurve_proprietary_results.csv,upstream source_file: experiments_cloud/results/ucurve_proprietary/gpt-4.1/ucurve_20260520_110812.json
03_prompt_format,gpt-4.1,GPT-4.1,True,base,semantic_multi,flat_nolabel,10,10,IVQ,ordinal,6,0.145,,0.1,0.195,0.0492,200,,,,,,,raw,experiments_cloud/results/ucurve_proprietary_results.csv,upstream source_file: experiments_cloud/results/ucurve_proprietary/gpt-4.1/ucurve_20260520_110812.json
03_prompt_format,gpt-4.1,GPT-4.1,True,base,semantic_multi,flat_nolabel,10,10,IVQ,ordinal,7,0.075,,0.04,0.115,0.0379,200,,,,,,,raw,experiments_cloud/results/ucurve_proprietary_results.csv,upstream source_file: experiments_cloud/results/ucurve_proprietary/gpt-4.1/ucurve_20260520_110812.json
03_prompt_format,gpt-4.1,GPT-4.1,True,base,semantic_multi,flat_nolabel,10,10,IVQ,ordinal,8,0.11,,0.07,0.155,0.0442,200,,,,,,,raw,experiments_cloud/results/ucurve_proprietary_results.csv,upstream source_file: experiments_cloud/results/ucurve_proprietary/gpt-4.1/ucurve_20260520_110812.json
03_prompt_format,gpt-4.1,GPT-4.1,True,base,semantic_multi,flat_nolabel,10,10,IVQ,ordinal,9,0.04,,0.015,0.07,0.0295,200,,,,,,,raw,experiments_cloud/results/ucurve_proprietary_results.csv,upstream source_file: experiments_cloud/results/ucurve_proprietary/gpt-4.1/ucurve_20260520_110812.json
03_prompt_format,gpt-4.1,GPT-4.1,True,base,semantic_multi,flat_nolabel,10,10,CVQ,ordinal,10,0.025,,0.005,0.05,0.0249,200,,,,,,,raw,experiments_cloud/results/ucurve_proprietary_results.csv,upstream source_file: experiments_cloud/results/ucurve_proprietary/gpt-4.1/ucurve_20260520_110812.json
03_prompt_format,gpt-4.1,GPT-4.1,True,base,semantic_multi,flat_nolabel,10,10,CVQ,semantic,last,0.89,,0.8499,0.9301,0.0442,200,,,,,,,raw,experiments_cloud/results/ucurve_proprietary_results.csv,upstream source_file: experiments_cloud/results/ucurve_proprietary/gpt-4.1/ucurve_20260520_110812.json
03_prompt_format,gpt-4.1,GPT-4.1,True,base,semantic_multi,flat_nolabel,10,20,FVQ,ordinal,1,1.0,,1.0,1.0,0.0133,200,,,,,,,raw,experiments_cloud/results/ucurve_proprietary_results.csv,upstream source_file: experiments_cloud/results/ucurve_proprietary/gpt-4.1/ucurve_20260520_110812.json
03_prompt_format,gpt-4.1,GPT-4.1,True,base,semantic_multi,flat_nolabel,10,20,IVQ,ordinal,2,0.935,,0.9,0.965,0.0358,200,,,,,,,raw,experiments_cloud/results/ucurve_proprietary_results.csv,upstream source_file: experiments_cloud/results/ucurve_proprietary/gpt-4.1/ucurve_20260520_110812.json
03_prompt_format,gpt-4.1,GPT-4.1,True,base,semantic_multi,flat_nolabel,10,20,IVQ,ordinal,3,0.47,,0.4,0.545,0.0685,200,,,,,,,raw,experiments_cloud/results/ucurve_proprietary_results.csv,upstream source_file: experiments_cloud/results/ucurve_proprietary/gpt-4.1/ucurve_20260520_110812.json
03_prompt_format,gpt-4.1,GPT-4.1,True,base,semantic_multi,flat_nolabel,10,20,IVQ,ordinal,4,0.26,,0.2,0.32,0.0606,200,,,,,,,raw,experiments_cloud/results/ucurve_proprietary_results.csv,upstream source_file: experiments_cloud/results/ucurve_proprietary/gpt-4.1/ucurve_20260520_110812.json
03_prompt_format,gpt-4.1,GPT-4.1,True,base,semantic_multi,flat_nolabel,10,20,IVQ,ordinal,5,0.11,,0.07,0.155,0.0442,200,,,,,,,raw,experiments_cloud/results/ucurve_proprietary_results.csv,upstream source_file: experiments_cloud/results/ucurve_proprietary/gpt-4.1/ucurve_20260520_110812.json
03_prompt_format,gpt-4.1,GPT-4.1,True,base,semantic_multi,flat_nolabel,10,20,IVQ,ordinal,6,0.08,,0.045,0.1151,0.0389,200,,,,,,,raw,experiments_cloud/results/ucurve_proprietary_results.csv,upstream source_file: experiments_cloud/results/ucurve_proprietary/gpt-4.1/ucurve_20260520_110812.json
03_prompt_format,gpt-4.1,GPT-4.1,True,base,semantic_multi,flat_nolabel,10,20,IVQ,ordinal,7,0.075,,0.04,0.115,0.0379,200,,,,,,,raw,experiments_cloud/results/ucurve_proprietary_results.csv,upstream source_file: experiments_cloud/results/ucurve_proprietary/gpt-4.1/ucurve_20260520_110812.json
03_prompt_format,gpt-4.1,GPT-4.1,True,base,semantic_multi,flat_nolabel,10,20,IVQ,ordinal,8,0.045,,0.02,0.075,0.0309,200,,,,,,,raw,experiments_cloud/results/ucurve_proprietary_results.csv,upstream source_file: experiments_cloud/results/ucurve_proprietary/gpt-4.1/ucurve_20260520_110812.json
03_prompt_format,gpt-4.1,GPT-4.1,True,base,semantic_multi,flat_nolabel,10,20,IVQ,ordinal,10,0.025,,0.005,0.05,0.0249,200,,,,,,,raw,experiments_cloud/results/ucurve_proprietary_results.csv,upstream source_file: experiments_cloud/results/ucurve_proprietary/gpt-4.1/ucurve_20260520_110812.json
03_prompt_format,gpt-4.1,GPT-4.1,True,base,semantic_multi,flat_nolabel,10,20,IVQ,ordinal,11,0.02,,0.005,0.04,0.0231,200,,,,,,,raw,experiments_cloud/results/ucurve_proprietary_results.csv,upstream source_file: experiments_cloud/results/ucurve_proprietary/gpt-4.1/ucurve_20260520_110812.json
03_prompt_format,gpt-4.1,GPT-4.1,True,base,semantic_multi,flat_nolabel,10,20,IVQ,ordinal,13,0.005,,0.0,0.015,0.0163,200,,,,,,,raw,experiments_cloud/results/ucurve_proprietary_results.csv,upstream source_file: experiments_cloud/results/ucurve_proprietary/gpt-4.1/ucurve_20260520_110812.json
03_prompt_format,gpt-4.1,GPT-4.1,True,base,semantic_multi,flat_nolabel,10,20,IVQ,ordinal,14,0.0,,0.0,0.0,0.0133,200,,,,,,,raw,experiments_cloud/results/ucurve_proprietary_results.csv,upstream source_file: experiments_cloud/results/ucurve_proprietary/gpt-4.1/ucurve_20260520_110812.json
03_prompt_format,gpt-4.1,GPT-4.1,True,base,semantic_multi,flat_nolabel,10,20,IVQ,ordinal,16,0.0,,0.0,0.0,0.0133,200,,,,,,,raw,experiments_cloud/results/ucurve_proprietary_results.csv,upstream source_file: experiments_cloud/results/ucurve_proprietary/gpt-4.1/ucurve_20260520_110812.json
03_prompt_format,gpt-4.1,GPT-4.1,True,base,semantic_multi,flat_nolabel,10,20,IVQ,ordinal,17,0.0,,0.0,0.0,0.0133,200,,,,,,,raw,experiments_cloud/results/ucurve_proprietary_results.csv,upstream source_file: experiments_cloud/results/ucurve_proprietary/gpt-4.1/ucurve_20260520_110812.json
03_prompt_format,gpt-4.1,GPT-4.1,True,base,semantic_multi,flat_nolabel,10,20,IVQ,ordinal,19,0.01,,0.0,0.025,0.0189,200,,,,,,,raw,experiments_cloud/results/ucurve_proprietary_results.csv,upstream source_file: experiments_cloud/results/ucurve_proprietary/gpt-4.1/ucurve_20260520_110812.json
03_prompt_format,gpt-4.1,GPT-4.1,True,base,semantic_multi,flat_nolabel,10,20,CVQ,ordinal,20,0.01,,0.0,0.025,0.0189,200,,,,,,,raw,experiments_cloud/results/ucurve_proprietary_results.csv,upstream source_file: experiments_cloud/results/ucurve_proprietary/gpt-4.1/ucurve_20260520_110812.json
03_prompt_format,gpt-4.1,GPT-4.1,True,base,semantic_multi,flat_nolabel,10,20,CVQ,semantic,last,0.815,,0.76,0.865,0.054,200,,,,,,,raw,experiments_cloud/results/ucurve_proprietary_results.csv,upstream source_file: experiments_cloud/results/ucurve_proprietary/gpt-4.1/ucurve_20260520_110812.json
03_prompt_format,gpt-4.1,GPT-4.1,True,base,semantic_multi,flat_nolabel,10,50,FVQ,ordinal,1,1.0,,1.0,1.0,0.0133,200,,,,,,,raw,experiments_cloud/results/ucurve_proprietary_results.csv,upstream source_file: experiments_cloud/results/ucurve_proprietary/gpt-4.1/ucurve_20260520_110812.json
03_prompt_format,gpt-4.1,GPT-4.1,True,base,semantic_multi,flat_nolabel,10,50,IVQ,ordinal,2,0.855,,0.805,0.905,0.0492,200,,,,,,,raw,experiments_cloud/results/ucurve_proprietary_results.csv,upstream source_file: experiments_cloud/results/ucurve_proprietary/gpt-4.1/ucurve_20260520_110812.json
03_prompt_format,gpt-4.1,GPT-4.1,True,base,semantic_multi,flat_nolabel,10,50,IVQ,ordinal,3,0.335,,0.27,0.405,0.0649,200,,,,,,,raw,experiments_cloud/results/ucurve_proprietary_results.csv,upstream source_file: experiments_cloud/results/ucurve_proprietary/gpt-4.1/ucurve_20260520_110812.json
03_prompt_format,gpt-4.1,GPT-4.1,True,base,semantic_multi,flat_nolabel,10,50,IVQ,ordinal,4,0.145,,0.1,0.195,0.0492,200,,,,,,,raw,experiments_cloud/results/ucurve_proprietary_results.csv,upstream source_file: experiments_cloud/results/ucurve_proprietary/gpt-4.1/ucurve_20260520_110812.json
03_prompt_format,gpt-4.1,GPT-4.1,True,base,semantic_multi,flat_nolabel,10,50,IVQ,ordinal,5,0.045,,0.02,0.075,0.0309,200,,,,,,,raw,experiments_cloud/results/ucurve_proprietary_results.csv,upstream source_file: experiments_cloud/results/ucurve_proprietary/gpt-4.1/ucurve_20260520_110812.json
03_prompt_format,gpt-4.1,GPT-4.1,True,base,semantic_multi,flat_nolabel,10,50,IVQ,ordinal,6,0.045,,0.02,0.075,0.0309,200,,,,,,,raw,experiments_cloud/results/ucurve_proprietary_results.csv,upstream source_file: experiments_cloud/results/ucurve_proprietary/gpt-4.1/ucurve_20260520_110812.json
03_prompt_format,gpt-4.1,GPT-4.1,True,base,semantic_multi,flat_nolabel,10,50,IVQ,ordinal,7,0.055,,0.025,0.09,0.0334,200,,,,,,,raw,experiments_cloud/results/ucurve_proprietary_results.csv,upstream source_file: experiments_cloud/results/ucurve_proprietary/gpt-4.1/ucurve_20260520_110812.json
03_prompt_format,gpt-4.1,GPT-4.1,True,base,semantic_multi,flat_nolabel,10,50,IVQ,ordinal,8,0.045,,0.02,0.075,0.0309,200,,,,,,,raw,experiments_cloud/results/ucurve_proprietary_results.csv,upstream source_file: experiments_cloud/results/ucurve_proprietary/gpt-4.1/ucurve_20260520_110812.json
03_prompt_format,gpt-4.1,GPT-4.1,True,base,semantic_multi,flat_nolabel,10,50,IVQ,ordinal,14,0.005,,0.0,0.015,0.0163,200,,,,,,,raw,experiments_cloud/results/ucurve_proprietary_results.csv,upstream source_file: experiments_cloud/results/ucurve_proprietary/gpt-4.1/ucurve_20260520_110812.json
03_prompt_format,gpt-4.1,GPT-4.1,True,base,semantic_multi,flat_nolabel,10,50,IVQ,ordinal,20,0.01,,0.0,0.025,0.0189,200,,,,,,,raw,experiments_cloud/results/ucurve_proprietary_results.csv,upstream source_file: experiments_cloud/results/ucurve_proprietary/gpt-4.1/ucurve_20260520_110812.json
03_prompt_format,gpt-4.1,GPT-4.1,True,base,semantic_multi,flat_nolabel,10,50,IVQ,ordinal,26,0.03,,0.01,0.055,0.0265,200,,,,,,,raw,experiments_cloud/results/ucurve_proprietary_results.csv,upstream source_file: experiments_cloud/results/ucurve_proprietary/gpt-4.1/ucurve_20260520_110812.json
03_prompt_format,gpt-4.1,GPT-4.1,True,base,semantic_multi,flat_nolabel,10,50,IVQ,ordinal,31,0.01,,0.0,0.025,0.0189,200,,,,,,,raw,experiments_cloud/results/ucurve_proprietary_results.csv,upstream source_file: experiments_cloud/results/ucurve_proprietary/gpt-4.1/ucurve_20260520_110812.json
03_prompt_format,gpt-4.1,GPT-4.1,True,base,semantic_multi,flat_nolabel,10,50,IVQ,ordinal,37,0.01,,0.0,0.025,0.0189,200,,,,,,,raw,experiments_cloud/results/ucurve_proprietary_results.csv,upstream source_file: experiments_cloud/results/ucurve_proprietary/gpt-4.1/ucurve_20260520_110812.json
03_prompt_format,gpt-4.1,GPT-4.1,True,base,semantic_multi,flat_nolabel,10,50,IVQ,ordinal,43,0.015,,0.0,0.035,0.0211,200,,,,,,,raw,experiments_cloud/results/ucurve_proprietary_results.csv,upstream source_file: experiments_cloud/results/ucurve_proprietary/gpt-4.1/ucurve_20260520_110812.json
03_prompt_format,gpt-4.1,GPT-4.1,True,base,semantic_multi,flat_nolabel,10,50,IVQ,ordinal,49,0.005,,0.0,0.015,0.0163,200,,,,,,,raw,experiments_cloud/results/ucurve_proprietary_results.csv,upstream source_file: experiments_cloud/results/ucurve_proprietary/gpt-4.1/ucurve_20260520_110812.json
03_prompt_format,gpt-4.1,GPT-4.1,True,base,semantic_multi,flat_nolabel,10,50,CVQ,ordinal,50,0.005,,0.0,0.015,0.0163,200,,,,,,,raw,experiments_cloud/results/ucurve_proprietary_results.csv,upstream source_file: experiments_cloud/results/ucurve_proprietary/gpt-4.1/ucurve_20260520_110812.json
03_prompt_format,gpt-4.1,GPT-4.1,True,base,semantic_multi,flat_nolabel,10,50,CVQ,semantic,last,0.69,,0.625,0.75,0.0637,200,,,,,,,raw,experiments_cloud/results/ucurve_proprietary_results.csv,upstream source_file: experiments_cloud/results/ucurve_proprietary/gpt-4.1/ucurve_20260520_110812.json
03_prompt_format,gpt-4.1,GPT-4.1,True,base,semantic_multi,flat_verbose,5,10,FVQ,ordinal,1,1.0,,1.0,1.0,0.0407,62,,,,,,,raw,experiments_cloud/results/ucurve_proprietary_results.csv,upstream source_file: experiments_cloud/results/ucurve_proprietary/gpt-4.1/ucurve_20260520_110812.json
03_prompt_format,gpt-4.1,GPT-4.1,True,base,semantic_multi,flat_verbose,5,10,IVQ,ordinal,2,1.0,,1.0,1.0,0.0407,62,,,,,,,raw,experiments_cloud/results/ucurve_proprietary_results.csv,upstream source_file: experiments_cloud/results/ucurve_proprietary/gpt-4.1/ucurve_20260520_110812.json
03_prompt_format,gpt-4.1,GPT-4.1,True,base,semantic_multi,flat_verbose,5,10,IVQ,ordinal,3,1.0,,1.0,1.0,0.0407,62,,,,,,,raw,experiments_cloud/results/ucurve_proprietary_results.csv,upstream source_file: experiments_cloud/results/ucurve_proprietary/gpt-4.1/ucurve_20260520_110812.json
03_prompt_format,gpt-4.1,GPT-4.1,True,base,semantic_multi,flat_verbose,5,10,IVQ,ordinal,4,1.0,,1.0,1.0,0.0407,62,,,,,,,raw,experiments_cloud/results/ucurve_proprietary_results.csv,upstream source_file: experiments_cloud/results/ucurve_proprietary/gpt-4.1/ucurve_20260520_110812.json
03_prompt_format,gpt-4.1,GPT-4.1,True,base,semantic_multi,flat_verbose,5,10,IVQ,ordinal,5,1.0,,1.0,1.0,0.0407,62,,,,,,,raw,experiments_cloud/results/ucurve_proprietary_results.csv,upstream source_file: experiments_cloud/results/ucurve_proprietary/gpt-4.1/ucurve_20260520_110812.json
03_prompt_format,gpt-4.1,GPT-4.1,True,base,semantic_multi,flat_verbose,5,10,IVQ,ordinal,6,1.0,,1.0,1.0,0.0407,62,,,,,,,raw,experiments_cloud/results/ucurve_proprietary_results.csv,upstream source_file: experiments_cloud/results/ucurve_proprietary/gpt-4.1/ucurve_20260520_110812.json
03_prompt_format,gpt-4.1,GPT-4.1,True,base,semantic_multi,flat_verbose,5,10,IVQ,ordinal,7,1.0,,1.0,1.0,0.0407,62,,,,,,,raw,experiments_cloud/results/ucurve_proprietary_results.csv,upstream source_file: experiments_cloud/results/ucurve_proprietary/gpt-4.1/ucurve_20260520_110812.json
03_prompt_format,gpt-4.1,GPT-4.1,True,base,semantic_multi,flat_verbose,5,10,IVQ,ordinal,8,1.0,,1.0,1.0,0.0407,62,,,,,,,raw,experiments_cloud/results/ucurve_proprietary_results.csv,upstream source_file: experiments_cloud/results/ucurve_proprietary/gpt-4.1/ucurve_20260520_110812.json
03_prompt_format,gpt-4.1,GPT-4.1,True,base,semantic_multi,flat_verbose,5,10,IVQ,ordinal,9,1.0,,1.0,1.0,0.0407,62,,,,,,,raw,experiments_cloud/results/ucurve_proprietary_results.csv,upstream source_file: experiments_cloud/results/ucurve_proprietary/gpt-4.1/ucurve_20260520_110812.json
03_prompt_format,gpt-4.1,GPT-4.1,True,base,semantic_multi,flat_verbose,5,10,CVQ,ordinal,10,1.0,,1.0,1.0,0.0407,62,,,,,,,raw,experiments_cloud/results/ucurve_proprietary_results.csv,upstream source_file: experiments_cloud/results/ucurve_proprietary/gpt-4.1/ucurve_20260520_110812.json
03_prompt_format,gpt-4.1,GPT-4.1,True,base,semantic_multi,flat_verbose,5,10,CVQ,semantic,last,0.9839,,0.9516,1.0,0.0497,62,,,,,,,raw,experiments_cloud/results/ucurve_proprietary_results.csv,upstream source_file: experiments_cloud/results/ucurve_proprietary/gpt-4.1/ucurve_20260520_110812.json
03_prompt_format,gpt-4.1,GPT-4.1,True,base,semantic_multi,flat_verbose,5,20,FVQ,ordinal,1,1.0,,1.0,1.0,0.029,89,,,,,,,raw,experiments_cloud/results/ucurve_proprietary_results.csv,upstream source_file: experiments_cloud/results/ucurve_proprietary/gpt-4.1/ucurve_20260520_110812.json
03_prompt_format,gpt-4.1,GPT-4.1,True,base,semantic_multi,flat_verbose,5,20,IVQ,ordinal,2,1.0,,1.0,1.0,0.029,89,,,,,,,raw,experiments_cloud/results/ucurve_proprietary_results.csv,upstream source_file: experiments_cloud/results/ucurve_proprietary/gpt-4.1/ucurve_20260520_110812.json
03_prompt_format,gpt-4.1,GPT-4.1,True,base,semantic_multi,flat_verbose,5,20,IVQ,ordinal,3,1.0,,1.0,1.0,0.029,89,,,,,,,raw,experiments_cloud/results/ucurve_proprietary_results.csv,upstream source_file: experiments_cloud/results/ucurve_proprietary/gpt-4.1/ucurve_20260520_110812.json
03_prompt_format,gpt-4.1,GPT-4.1,True,base,semantic_multi,flat_verbose,5,20,IVQ,ordinal,4,1.0,,1.0,1.0,0.029,89,,,,,,,raw,experiments_cloud/results/ucurve_proprietary_results.csv,upstream source_file: experiments_cloud/results/ucurve_proprietary/gpt-4.1/ucurve_20260520_110812.json
03_prompt_format,gpt-4.1,GPT-4.1,True,base,semantic_multi,flat_verbose,5,20,IVQ,ordinal,5,1.0,,1.0,1.0,0.029,89,,,,,,,raw,experiments_cloud/results/ucurve_proprietary_results.csv,upstream source_file: experiments_cloud/results/ucurve_proprietary/gpt-4.1/ucurve_20260520_110812.json
03_prompt_format,gpt-4.1,GPT-4.1,True,base,semantic_multi,flat_verbose,5,20,IVQ,ordinal,6,1.0,,1.0,1.0,0.029,89,,,,,,,raw,experiments_cloud/results/ucurve_proprietary_results.csv,upstream source_file: experiments_cloud/results/ucurve_proprietary/gpt-4.1/ucurve_20260520_110812.json
03_prompt_format,gpt-4.1,GPT-4.1,True,base,semantic_multi,flat_verbose,5,20,IVQ,ordinal,7,0.9888,,0.9663,1.0,0.0355,89,,,,,,,raw,experiments_cloud/results/ucurve_proprietary_results.csv,upstream source_file: experiments_cloud/results/ucurve_proprietary/gpt-4.1/ucurve_20260520_110812.json
03_prompt_format,gpt-4.1,GPT-4.1,True,base,semantic_multi,flat_verbose,5,20,IVQ,ordinal,8,1.0,,1.0,1.0,0.029,89,,,,,,,raw,experiments_cloud/results/ucurve_proprietary_results.csv,upstream source_file: experiments_cloud/results/ucurve_proprietary/gpt-4.1/ucurve_20260520_110812.json
03_prompt_format,gpt-4.1,GPT-4.1,True,base,semantic_multi,flat_verbose,5,20,IVQ,ordinal,10,1.0,,1.0,1.0,0.029,89,,,,,,,raw,experiments_cloud/results/ucurve_proprietary_results.csv,upstream source_file: experiments_cloud/results/ucurve_proprietary/gpt-4.1/ucurve_20260520_110812.json
03_prompt_format,gpt-4.1,GPT-4.1,True,base,semantic_multi,flat_verbose,5,20,IVQ,ordinal,11,1.0,,1.0,1.0,0.029,89,,,,,,,raw,experiments_cloud/results/ucurve_proprietary_results.csv,upstream source_file: experiments_cloud/results/ucurve_proprietary/gpt-4.1/ucurve_20260520_110812.json
03_prompt_format,gpt-4.1,GPT-4.1,True,base,semantic_multi,flat_verbose,5,20,IVQ,ordinal,13,0.9888,,0.9663,1.0,0.0355,89,,,,,,,raw,experiments_cloud/results/ucurve_proprietary_results.csv,upstream source_file: experiments_cloud/results/ucurve_proprietary/gpt-4.1/ucurve_20260520_110812.json
03_prompt_format,gpt-4.1,GPT-4.1,True,base,semantic_multi,flat_verbose,5,20,IVQ,ordinal,14,1.0,,1.0,1.0,0.029,89,,,,,,,raw,experiments_cloud/results/ucurve_proprietary_results.csv,upstream source_file: experiments_cloud/results/ucurve_proprietary/gpt-4.1/ucurve_20260520_110812.json
03_prompt_format,gpt-4.1,GPT-4.1,True,base,semantic_multi,flat_verbose,5,20,IVQ,ordinal,16,1.0,,1.0,1.0,0.029,89,,,,,,,raw,experiments_cloud/results/ucurve_proprietary_results.csv,upstream source_file: experiments_cloud/results/ucurve_proprietary/gpt-4.1/ucurve_20260520_110812.json
03_prompt_format,gpt-4.1,GPT-4.1,True,base,semantic_multi,flat_verbose,5,20,IVQ,ordinal,17,0.9888,,0.9663,1.0,0.0355,89,,,,,,,raw,experiments_cloud/results/ucurve_proprietary_results.csv,upstream source_file: experiments_cloud/results/ucurve_proprietary/gpt-4.1/ucurve_20260520_110812.json
03_prompt_format,gpt-4.1,GPT-4.1,True,base,semantic_multi,flat_verbose,5,20,IVQ,ordinal,19,1.0,,1.0,1.0,0.029,89,,,,,,,raw,experiments_cloud/results/ucurve_proprietary_results.csv,upstream source_file: experiments_cloud/results/ucurve_proprietary/gpt-4.1/ucurve_20260520_110812.json
03_prompt_format,gpt-4.1,GPT-4.1,True,base,semantic_multi,flat_verbose,5,20,CVQ,ordinal,20,1.0,,1.0,1.0,0.029,89,,,,,,,raw,experiments_cloud/results/ucurve_proprietary_results.csv,upstream source_file: experiments_cloud/results/ucurve_proprietary/gpt-4.1/ucurve_20260520_110812.json
03_prompt_format,gpt-4.1,GPT-4.1,True,base,semantic_multi,flat_verbose,5,20,CVQ,semantic,last,0.9551,,0.9101,0.9888,0.0497,89,,,,,,,raw,experiments_cloud/results/ucurve_proprietary_results.csv,upstream source_file: experiments_cloud/results/ucurve_proprietary/gpt-4.1/ucurve_20260520_110812.json
03_prompt_format,gpt-4.1,GPT-4.1,True,base,semantic_multi,flat_verbose,5,50,FVQ,ordinal,1,1.0,,1.0,1.0,0.0354,72,,,,,,,raw,experiments_cloud/results/ucurve_proprietary_results.csv,upstream source_file: experiments_cloud/results/ucurve_proprietary/gpt-4.1/ucurve_20260520_110812.json
03_prompt_format,gpt-4.1,GPT-4.1,True,base,semantic_multi,flat_verbose,5,50,IVQ,ordinal,2,1.0,,1.0,1.0,0.0354,72,,,,,,,raw,experiments_cloud/results/ucurve_proprietary_results.csv,upstream source_file: experiments_cloud/results/ucurve_proprietary/gpt-4.1/ucurve_20260520_110812.json
03_prompt_format,gpt-4.1,GPT-4.1,True,base,semantic_multi,flat_verbose,5,50,IVQ,ordinal,3,1.0,,1.0,1.0,0.0354,72,,,,,,,raw,experiments_cloud/results/ucurve_proprietary_results.csv,upstream source_file: experiments_cloud/results/ucurve_proprietary/gpt-4.1/ucurve_20260520_110812.json
03_prompt_format,gpt-4.1,GPT-4.1,True,base,semantic_multi,flat_verbose,5,50,IVQ,ordinal,4,1.0,,1.0,1.0,0.0354,72,,,,,,,raw,experiments_cloud/results/ucurve_proprietary_results.csv,upstream source_file: experiments_cloud/results/ucurve_proprietary/gpt-4.1/ucurve_20260520_110812.json
03_prompt_format,gpt-4.1,GPT-4.1,True,base,semantic_multi,flat_verbose,5,50,IVQ,ordinal,5,1.0,,1.0,1.0,0.0354,72,,,,,,,raw,experiments_cloud/results/ucurve_proprietary_results.csv,upstream source_file: experiments_cloud/results/ucurve_proprietary/gpt-4.1/ucurve_20260520_110812.json
03_prompt_format,gpt-4.1,GPT-4.1,True,base,semantic_multi,flat_verbose,5,50,IVQ,ordinal,6,1.0,,1.0,1.0,0.0354,72,,,,,,,raw,experiments_cloud/results/ucurve_proprietary_results.csv,upstream source_file: experiments_cloud/results/ucurve_proprietary/gpt-4.1/ucurve_20260520_110812.json
03_prompt_format,gpt-4.1,GPT-4.1,True,base,semantic_multi,flat_verbose,5,50,IVQ,ordinal,7,1.0,,1.0,1.0,0.0354,72,,,,,,,raw,experiments_cloud/results/ucurve_proprietary_results.csv,upstream source_file: experiments_cloud/results/ucurve_proprietary/gpt-4.1/ucurve_20260520_110812.json
03_prompt_format,gpt-4.1,GPT-4.1,True,base,semantic_multi,flat_verbose,5,50,IVQ,ordinal,8,1.0,,1.0,1.0,0.0354,72,,,,,,,raw,experiments_cloud/results/ucurve_proprietary_results.csv,upstream source_file: experiments_cloud/results/ucurve_proprietary/gpt-4.1/ucurve_20260520_110812.json
03_prompt_format,gpt-4.1,GPT-4.1,True,base,semantic_multi,flat_verbose,5,50,IVQ,ordinal,14,1.0,,1.0,1.0,0.0354,72,,,,,,,raw,experiments_cloud/results/ucurve_proprietary_results.csv,upstream source_file: experiments_cloud/results/ucurve_proprietary/gpt-4.1/ucurve_20260520_110812.json
03_prompt_format,gpt-4.1,GPT-4.1,True,base,semantic_multi,flat_verbose,5,50,IVQ,ordinal,20,1.0,,1.0,1.0,0.0354,72,,,,,,,raw,experiments_cloud/results/ucurve_proprietary_results.csv,upstream source_file: experiments_cloud/results/ucurve_proprietary/gpt-4.1/ucurve_20260520_110812.json
03_prompt_format,gpt-4.1,GPT-4.1,True,base,semantic_multi,flat_verbose,5,50,IVQ,ordinal,26,1.0,,1.0,1.0,0.0354,72,,,,,,,raw,experiments_cloud/results/ucurve_proprietary_results.csv,upstream source_file: experiments_cloud/results/ucurve_proprietary/gpt-4.1/ucurve_20260520_110812.json
03_prompt_format,gpt-4.1,GPT-4.1,True,base,semantic_multi,flat_verbose,5,50,IVQ,ordinal,31,1.0,,1.0,1.0,0.0354,72,,,,,,,raw,experiments_cloud/results/ucurve_proprietary_results.csv,upstream source_file: experiments_cloud/results/ucurve_proprietary/gpt-4.1/ucurve_20260520_110812.json
03_prompt_format,gpt-4.1,GPT-4.1,True,base,semantic_multi,flat_verbose,5,50,IVQ,ordinal,37,1.0,,1.0,1.0,0.0354,72,,,,,,,raw,experiments_cloud/results/ucurve_proprietary_results.csv,upstream source_file: experiments_cloud/results/ucurve_proprietary/gpt-4.1/ucurve_20260520_110812.json
03_prompt_format,gpt-4.1,GPT-4.1,True,base,semantic_multi,flat_verbose,5,50,IVQ,ordinal,43,1.0,,1.0,1.0,0.0354,72,,,,,,,raw,experiments_cloud/results/ucurve_proprietary_results.csv,upstream source_file: experiments_cloud/results/ucurve_proprietary/gpt-4.1/ucurve_20260520_110812.json
03_prompt_format,gpt-4.1,GPT-4.1,True,base,semantic_multi,flat_verbose,5,50,IVQ,ordinal,49,0.9861,,0.9583,1.0,0.0433,72,,,,,,,raw,experiments_cloud/results/ucurve_proprietary_results.csv,upstream source_file: experiments_cloud/results/ucurve_proprietary/gpt-4.1/ucurve_20260520_110812.json
03_prompt_format,gpt-4.1,GPT-4.1,True,base,semantic_multi,flat_verbose,5,50,CVQ,ordinal,50,0.9861,,0.9583,1.0,0.0433,72,,,,,,,raw,experiments_cloud/results/ucurve_proprietary_results.csv,upstream source_file: experiments_cloud/results/ucurve_proprietary/gpt-4.1/ucurve_20260520_110812.json
03_prompt_format,gpt-4.1,GPT-4.1,True,base,semantic_multi,flat_verbose,5,50,CVQ,semantic,last,0.9722,,0.9306,1.0,0.0498,72,,,,,,,raw,experiments_cloud/results/ucurve_proprietary_results.csv,upstream source_file: experiments_cloud/results/ucurve_proprietary/gpt-4.1/ucurve_20260520_110812.json
03_prompt_format,gpt-4.1,GPT-4.1,True,base,semantic_multi,flat_verbose,10,10,FVQ,ordinal,1,1.0,,1.0,1.0,0.0407,62,,,,,,,raw,experiments_cloud/results/ucurve_proprietary_results.csv,upstream source_file: experiments_cloud/results/ucurve_proprietary/gpt-4.1/ucurve_20260520_110812.json
03_prompt_format,gpt-4.1,GPT-4.1,True,base,semantic_multi,flat_verbose,10,10,IVQ,ordinal,2,1.0,,1.0,1.0,0.0407,62,,,,,,,raw,experiments_cloud/results/ucurve_proprietary_results.csv,upstream source_file: experiments_cloud/results/ucurve_proprietary/gpt-4.1/ucurve_20260520_110812.json
03_prompt_format,gpt-4.1,GPT-4.1,True,base,semantic_multi,flat_verbose,10,10,IVQ,ordinal,3,1.0,,1.0,1.0,0.0407,62,,,,,,,raw,experiments_cloud/results/ucurve_proprietary_results.csv,upstream source_file: experiments_cloud/results/ucurve_proprietary/gpt-4.1/ucurve_20260520_110812.json
03_prompt_format,gpt-4.1,GPT-4.1,True,base,semantic_multi,flat_verbose,10,10,IVQ,ordinal,4,1.0,,1.0,1.0,0.0407,62,,,,,,,raw,experiments_cloud/results/ucurve_proprietary_results.csv,upstream source_file: experiments_cloud/results/ucurve_proprietary/gpt-4.1/ucurve_20260520_110812.json
03_prompt_format,gpt-4.1,GPT-4.1,True,base,semantic_multi,flat_verbose,10,10,IVQ,ordinal,5,1.0,,1.0,1.0,0.0407,62,,,,,,,raw,experiments_cloud/results/ucurve_proprietary_results.csv,upstream source_file: experiments_cloud/results/ucurve_proprietary/gpt-4.1/ucurve_20260520_110812.json
03_prompt_format,gpt-4.1,GPT-4.1,True,base,semantic_multi,flat_verbose,10,10,IVQ,ordinal,6,1.0,,1.0,1.0,0.0407,62,,,,,,,raw,experiments_cloud/results/ucurve_proprietary_results.csv,upstream source_file: experiments_cloud/results/ucurve_proprietary/gpt-4.1/ucurve_20260520_110812.json
03_prompt_format,gpt-4.1,GPT-4.1,True,base,semantic_multi,flat_verbose,10,10,IVQ,ordinal,7,1.0,,1.0,1.0,0.0407,62,,,,,,,raw,experiments_cloud/results/ucurve_proprietary_results.csv,upstream source_file: experiments_cloud/results/ucurve_proprietary/gpt-4.1/ucurve_20260520_110812.json
03_prompt_format,gpt-4.1,GPT-4.1,True,base,semantic_multi,flat_verbose,10,10,IVQ,ordinal,8,1.0,,1.0,1.0,0.0407,62,,,,,,,raw,experiments_cloud/results/ucurve_proprietary_results.csv,upstream source_file: experiments_cloud/results/ucurve_proprietary/gpt-4.1/ucurve_20260520_110812.json
03_prompt_format,gpt-4.1,GPT-4.1,True,base,semantic_multi,flat_verbose,10,10,IVQ,ordinal,9,1.0,,1.0,1.0,0.0407,62,,,,,,,raw,experiments_cloud/results/ucurve_proprietary_results.csv,upstream source_file: experiments_cloud/results/ucurve_proprietary/gpt-4.1/ucurve_20260520_110812.json
03_prompt_format,gpt-4.1,GPT-4.1,True,base,semantic_multi,flat_verbose,10,10,CVQ,ordinal,10,1.0,,1.0,1.0,0.0407,62,,,,,,,raw,experiments_cloud/results/ucurve_proprietary_results.csv,upstream source_file: experiments_cloud/results/ucurve_proprietary/gpt-4.1/ucurve_20260520_110812.json
03_prompt_format,gpt-4.1,GPT-4.1,True,base,semantic_multi,flat_verbose,10,10,CVQ,semantic,last,0.9839,,0.9516,1.0,0.0497,62,,,,,,,raw,experiments_cloud/results/ucurve_proprietary_results.csv,upstream source_file: experiments_cloud/results/ucurve_proprietary/gpt-4.1/ucurve_20260520_110812.json
03_prompt_format,gpt-4.1,GPT-4.1,True,base,semantic_multi,flat_verbose,10,20,FVQ,ordinal,1,0.9896,,0.9688,1.0,0.0331,96,,,,,,,raw,experiments_cloud/results/ucurve_proprietary_results.csv,upstream source_file: experiments_cloud/results/ucurve_proprietary/gpt-4.1/ucurve_20260520_110812.json
03_prompt_format,gpt-4.1,GPT-4.1,True,base,semantic_multi,flat_verbose,10,20,IVQ,ordinal,2,1.0,,1.0,1.0,0.0269,96,,,,,,,raw,experiments_cloud/results/ucurve_proprietary_results.csv,upstream source_file: experiments_cloud/results/ucurve_proprietary/gpt-4.1/ucurve_20260520_110812.json
03_prompt_format,gpt-4.1,GPT-4.1,True,base,semantic_multi,flat_verbose,10,20,IVQ,ordinal,3,1.0,,1.0,1.0,0.0269,96,,,,,,,raw,experiments_cloud/results/ucurve_proprietary_results.csv,upstream source_file: experiments_cloud/results/ucurve_proprietary/gpt-4.1/ucurve_20260520_110812.json
03_prompt_format,gpt-4.1,GPT-4.1,True,base,semantic_multi,flat_verbose,10,20,IVQ,ordinal,4,1.0,,1.0,1.0,0.0269,96,,,,,,,raw,experiments_cloud/results/ucurve_proprietary_results.csv,upstream source_file: experiments_cloud/results/ucurve_proprietary/gpt-4.1/ucurve_20260520_110812.json
03_prompt_format,gpt-4.1,GPT-4.1,True,base,semantic_multi,flat_verbose,10,20,IVQ,ordinal,5,1.0,,1.0,1.0,0.0269,96,,,,,,,raw,experiments_cloud/results/ucurve_proprietary_results.csv,upstream source_file: experiments_cloud/results/ucurve_proprietary/gpt-4.1/ucurve_20260520_110812.json
03_prompt_format,gpt-4.1,GPT-4.1,True,base,semantic_multi,flat_verbose,10,20,IVQ,ordinal,6,1.0,,1.0,1.0,0.0269,96,,,,,,,raw,experiments_cloud/results/ucurve_proprietary_results.csv,upstream source_file: experiments_cloud/results/ucurve_proprietary/gpt-4.1/ucurve_20260520_110812.json
03_prompt_format,gpt-4.1,GPT-4.1,True,base,semantic_multi,flat_verbose,10,20,IVQ,ordinal,7,1.0,,1.0,1.0,0.0269,96,,,,,,,raw,experiments_cloud/results/ucurve_proprietary_results.csv,upstream source_file: experiments_cloud/results/ucurve_proprietary/gpt-4.1/ucurve_20260520_110812.json
03_prompt_format,gpt-4.1,GPT-4.1,True,base,semantic_multi,flat_verbose,10,20,IVQ,ordinal,8,1.0,,1.0,1.0,0.0269,96,,,,,,,raw,experiments_cloud/results/ucurve_proprietary_results.csv,upstream source_file: experiments_cloud/results/ucurve_proprietary/gpt-4.1/ucurve_20260520_110812.json
03_prompt_format,gpt-4.1,GPT-4.1,True,base,semantic_multi,flat_verbose,10,20,IVQ,ordinal,10,1.0,,1.0,1.0,0.0269,96,,,,,,,raw,experiments_cloud/results/ucurve_proprietary_results.csv,upstream source_file: experiments_cloud/results/ucurve_proprietary/gpt-4.1/ucurve_20260520_110812.json
03_prompt_format,gpt-4.1,GPT-4.1,True,base,semantic_multi,flat_verbose,10,20,IVQ,ordinal,11,1.0,,1.0,1.0,0.0269,96,,,,,,,raw,experiments_cloud/results/ucurve_proprietary_results.csv,upstream source_file: experiments_cloud/results/ucurve_proprietary/gpt-4.1/ucurve_20260520_110812.json
03_prompt_format,gpt-4.1,GPT-4.1,True,base,semantic_multi,flat_verbose,10,20,IVQ,ordinal,13,1.0,,1.0,1.0,0.0269,96,,,,,,,raw,experiments_cloud/results/ucurve_proprietary_results.csv,upstream source_file: experiments_cloud/results/ucurve_proprietary/gpt-4.1/ucurve_20260520_110812.json
03_prompt_format,gpt-4.1,GPT-4.1,True,base,semantic_multi,flat_verbose,10,20,IVQ,ordinal,14,1.0,,1.0,1.0,0.0269,96,,,,,,,raw,experiments_cloud/results/ucurve_proprietary_results.csv,upstream source_file: experiments_cloud/results/ucurve_proprietary/gpt-4.1/ucurve_20260520_110812.json
03_prompt_format,gpt-4.1,GPT-4.1,True,base,semantic_multi,flat_verbose,10,20,IVQ,ordinal,16,0.9792,,0.9479,1.0,0.0381,96,,,,,,,raw,experiments_cloud/results/ucurve_proprietary_results.csv,upstream source_file: experiments_cloud/results/ucurve_proprietary/gpt-4.1/ucurve_20260520_110812.json
03_prompt_format,gpt-4.1,GPT-4.1,True,base,semantic_multi,flat_verbose,10,20,IVQ,ordinal,17,1.0,,1.0,1.0,0.0269,96,,,,,,,raw,experiments_cloud/results/ucurve_proprietary_results.csv,upstream source_file: experiments_cloud/results/ucurve_proprietary/gpt-4.1/ucurve_20260520_110812.json
03_prompt_format,gpt-4.1,GPT-4.1,True,base,semantic_multi,flat_verbose,10,20,IVQ,ordinal,19,1.0,,1.0,1.0,0.0269,96,,,,,,,raw,experiments_cloud/results/ucurve_proprietary_results.csv,upstream source_file: experiments_cloud/results/ucurve_proprietary/gpt-4.1/ucurve_20260520_110812.json
03_prompt_format,gpt-4.1,GPT-4.1,True,base,semantic_multi,flat_verbose,10,20,CVQ,ordinal,20,1.0,,1.0,1.0,0.0269,96,,,,,,,raw,experiments_cloud/results/ucurve_proprietary_results.csv,upstream source_file: experiments_cloud/results/ucurve_proprietary/gpt-4.1/ucurve_20260520_110812.json
03_prompt_format,gpt-4.1,GPT-4.1,True,base,semantic_multi,flat_verbose,10,20,CVQ,semantic,last,0.9479,,0.8958,0.9896,0.0498,96,,,,,,,raw,experiments_cloud/results/ucurve_proprietary_results.csv,upstream source_file: experiments_cloud/results/ucurve_proprietary/gpt-4.1/ucurve_20260520_110812.json
03_prompt_format,gpt-4.1,GPT-4.1,True,base,semantic_multi,flat_verbose,10,50,FVQ,ordinal,1,1.0,,1.0,1.0,0.0317,81,,,,,,,raw,experiments_cloud/results/ucurve_proprietary_results.csv,upstream source_file: experiments_cloud/results/ucurve_proprietary/gpt-4.1/ucurve_20260520_110812.json
03_prompt_format,gpt-4.1,GPT-4.1,True,base,semantic_multi,flat_verbose,10,50,IVQ,ordinal,2,1.0,,1.0,1.0,0.0317,81,,,,,,,raw,experiments_cloud/results/ucurve_proprietary_results.csv,upstream source_file: experiments_cloud/results/ucurve_proprietary/gpt-4.1/ucurve_20260520_110812.json
03_prompt_format,gpt-4.1,GPT-4.1,True,base,semantic_multi,flat_verbose,10,50,IVQ,ordinal,3,1.0,,1.0,1.0,0.0317,81,,,,,,,raw,experiments_cloud/results/ucurve_proprietary_results.csv,upstream source_file: experiments_cloud/results/ucurve_proprietary/gpt-4.1/ucurve_20260520_110812.json
03_prompt_format,gpt-4.1,GPT-4.1,True,base,semantic_multi,flat_verbose,10,50,IVQ,ordinal,4,1.0,,1.0,1.0,0.0317,81,,,,,,,raw,experiments_cloud/results/ucurve_proprietary_results.csv,upstream source_file: experiments_cloud/results/ucurve_proprietary/gpt-4.1/ucurve_20260520_110812.json
03_prompt_format,gpt-4.1,GPT-4.1,True,base,semantic_multi,flat_verbose,10,50,IVQ,ordinal,5,1.0,,1.0,1.0,0.0317,81,,,,,,,raw,experiments_cloud/results/ucurve_proprietary_results.csv,upstream source_file: experiments_cloud/results/ucurve_proprietary/gpt-4.1/ucurve_20260520_110812.json
03_prompt_format,gpt-4.1,GPT-4.1,True,base,semantic_multi,flat_verbose,10,50,IVQ,ordinal,6,1.0,,1.0,1.0,0.0317,81,,,,,,,raw,experiments_cloud/results/ucurve_proprietary_results.csv,upstream source_file: experiments_cloud/results/ucurve_proprietary/gpt-4.1/ucurve_20260520_110812.json
03_prompt_format,gpt-4.1,GPT-4.1,True,base,semantic_multi,flat_verbose,10,50,IVQ,ordinal,7,1.0,,1.0,1.0,0.0317,81,,,,,,,raw,experiments_cloud/results/ucurve_proprietary_results.csv,upstream source_file: experiments_cloud/results/ucurve_proprietary/gpt-4.1/ucurve_20260520_110812.json
03_prompt_format,gpt-4.1,GPT-4.1,True,base,semantic_multi,flat_verbose,10,50,IVQ,ordinal,8,1.0,,1.0,1.0,0.0317,81,,,,,,,raw,experiments_cloud/results/ucurve_proprietary_results.csv,upstream source_file: experiments_cloud/results/ucurve_proprietary/gpt-4.1/ucurve_20260520_110812.json
03_prompt_format,gpt-4.1,GPT-4.1,True,base,semantic_multi,flat_verbose,10,50,IVQ,ordinal,14,1.0,,1.0,1.0,0.0317,81,,,,,,,raw,experiments_cloud/results/ucurve_proprietary_results.csv,upstream source_file: experiments_cloud/results/ucurve_proprietary/gpt-4.1/ucurve_20260520_110812.json
03_prompt_format,gpt-4.1,GPT-4.1,True,base,semantic_multi,flat_verbose,10,50,IVQ,ordinal,20,1.0,,1.0,1.0,0.0317,81,,,,,,,raw,experiments_cloud/results/ucurve_proprietary_results.csv,upstream source_file: experiments_cloud/results/ucurve_proprietary/gpt-4.1/ucurve_20260520_110812.json
03_prompt_format,gpt-4.1,GPT-4.1,True,base,semantic_multi,flat_verbose,10,50,IVQ,ordinal,26,1.0,,1.0,1.0,0.0317,81,,,,,,,raw,experiments_cloud/results/ucurve_proprietary_results.csv,upstream source_file: experiments_cloud/results/ucurve_proprietary/gpt-4.1/ucurve_20260520_110812.json
03_prompt_format,gpt-4.1,GPT-4.1,True,base,semantic_multi,flat_verbose,10,50,IVQ,ordinal,31,1.0,,1.0,1.0,0.0317,81,,,,,,,raw,experiments_cloud/results/ucurve_proprietary_results.csv,upstream source_file: experiments_cloud/results/ucurve_proprietary/gpt-4.1/ucurve_20260520_110812.json
03_prompt_format,gpt-4.1,GPT-4.1,True,base,semantic_multi,flat_verbose,10,50,IVQ,ordinal,37,1.0,,1.0,1.0,0.0317,81,,,,,,,raw,experiments_cloud/results/ucurve_proprietary_results.csv,upstream source_file: experiments_cloud/results/ucurve_proprietary/gpt-4.1/ucurve_20260520_110812.json
03_prompt_format,gpt-4.1,GPT-4.1,True,base,semantic_multi,flat_verbose,10,50,IVQ,ordinal,43,0.9877,,0.963,1.0,0.0388,81,,,,,,,raw,experiments_cloud/results/ucurve_proprietary_results.csv,upstream source_file: experiments_cloud/results/ucurve_proprietary/gpt-4.1/ucurve_20260520_110812.json
03_prompt_format,gpt-4.1,GPT-4.1,True,base,semantic_multi,flat_verbose,10,50,IVQ,ordinal,49,1.0,,1.0,1.0,0.0317,81,,,,,,,raw,experiments_cloud/results/ucurve_proprietary_results.csv,upstream source_file: experiments_cloud/results/ucurve_proprietary/gpt-4.1/ucurve_20260520_110812.json
03_prompt_format,gpt-4.1,GPT-4.1,True,base,semantic_multi,flat_verbose,10,50,CVQ,ordinal,50,1.0,,1.0,1.0,0.0317,81,,,,,,,raw,experiments_cloud/results/ucurve_proprietary_results.csv,upstream source_file: experiments_cloud/results/ucurve_proprietary/gpt-4.1/ucurve_20260520_110812.json
03_prompt_format,gpt-4.1,GPT-4.1,True,base,semantic_multi,flat_verbose,10,50,CVQ,semantic,last,0.963,,0.9259,1.0,0.0497,81,,,,,,,raw,experiments_cloud/results/ucurve_proprietary_results.csv,upstream source_file: experiments_cloud/results/ucurve_proprietary/gpt-4.1/ucurve_20260520_110812.json
03_prompt_format,gpt-4.1,GPT-4.1,True,base,semantic_multi,landmark,5,10,FVQ,ordinal,1,1.0,,1.0,1.0,0.0133,200,,,,,,,raw,experiments_cloud/results/ucurve_proprietary_results.csv,upstream source_file: experiments_cloud/results/ucurve_proprietary/gpt-4.1/ucurve_20260520_110812.json
03_prompt_format,gpt-4.1,GPT-4.1,True,base,semantic_multi,landmark,5,10,IVQ,ordinal,2,0.8,,0.745,0.855,0.0555,200,,,,,,,raw,experiments_cloud/results/ucurve_proprietary_results.csv,upstream source_file: experiments_cloud/results/ucurve_proprietary/gpt-4.1/ucurve_20260520_110812.json
03_prompt_format,gpt-4.1,GPT-4.1,True,base,semantic_multi,landmark,5,10,IVQ,ordinal,3,0.96,,0.93,0.985,0.0295,200,,,,,,,raw,experiments_cloud/results/ucurve_proprietary_results.csv,upstream source_file: experiments_cloud/results/ucurve_proprietary/gpt-4.1/ucurve_20260520_110812.json
03_prompt_format,gpt-4.1,GPT-4.1,True,base,semantic_multi,landmark,5,10,IVQ,ordinal,4,1.0,,1.0,1.0,0.0133,200,,,,,,,raw,experiments_cloud/results/ucurve_proprietary_results.csv,upstream source_file: experiments_cloud/results/ucurve_proprietary/gpt-4.1/ucurve_20260520_110812.json
03_prompt_format,gpt-4.1,GPT-4.1,True,base,semantic_multi,landmark,5,10,IVQ,ordinal,5,0.98,,0.96,0.995,0.0231,200,,,,,,,raw,experiments_cloud/results/ucurve_proprietary_results.csv,upstream source_file: experiments_cloud/results/ucurve_proprietary/gpt-4.1/ucurve_20260520_110812.json
03_prompt_format,gpt-4.1,GPT-4.1,True,base,semantic_multi,landmark,5,10,IVQ,ordinal,6,0.965,,0.94,0.99,0.0281,200,,,,,,,raw,experiments_cloud/results/ucurve_proprietary_results.csv,upstream source_file: experiments_cloud/results/ucurve_proprietary/gpt-4.1/ucurve_20260520_110812.json
03_prompt_format,gpt-4.1,GPT-4.1,True,base,semantic_multi,landmark,5,10,IVQ,ordinal,7,0.835,,0.78,0.885,0.0517,200,,,,,,,raw,experiments_cloud/results/ucurve_proprietary_results.csv,upstream source_file: experiments_cloud/results/ucurve_proprietary/gpt-4.1/ucurve_20260520_110812.json
03_prompt_format,gpt-4.1,GPT-4.1,True,base,semantic_multi,landmark,5,10,IVQ,ordinal,8,0.7,,0.635,0.76,0.0631,200,,,,,,,raw,experiments_cloud/results/ucurve_proprietary_results.csv,upstream source_file: experiments_cloud/results/ucurve_proprietary/gpt-4.1/ucurve_20260520_110812.json
03_prompt_format,gpt-4.1,GPT-4.1,True,base,semantic_multi,landmark,5,10,IVQ,ordinal,9,0.455,,0.38,0.525,0.0684,200,,,,,,,raw,experiments_cloud/results/ucurve_proprietary_results.csv,upstream source_file: experiments_cloud/results/ucurve_proprietary/gpt-4.1/ucurve_20260520_110812.json
03_prompt_format,gpt-4.1,GPT-4.1,True,base,semantic_multi,landmark,5,10,CVQ,ordinal,10,1.0,,1.0,1.0,0.0133,200,,,,,,,raw,experiments_cloud/results/ucurve_proprietary_results.csv,upstream source_file: experiments_cloud/results/ucurve_proprietary/gpt-4.1/ucurve_20260520_110812.json
03_prompt_format,gpt-4.1,GPT-4.1,True,base,semantic_multi,landmark,5,10,CVQ,semantic,last,1.0,,1.0,1.0,0.0133,200,,,,,,,raw,experiments_cloud/results/ucurve_proprietary_results.csv,upstream source_file: experiments_cloud/results/ucurve_proprietary/gpt-4.1/ucurve_20260520_110812.json
03_prompt_format,gpt-4.1,GPT-4.1,True,base,semantic_multi,landmark,5,20,FVQ,ordinal,1,0.995,,0.985,1.0,0.0163,200,,,,,,,raw,experiments_cloud/results/ucurve_proprietary_results.csv,upstream source_file: experiments_cloud/results/ucurve_proprietary/gpt-4.1/ucurve_20260520_110812.json
03_prompt_format,gpt-4.1,GPT-4.1,True,base,semantic_multi,landmark,5,20,IVQ,ordinal,2,0.64,,0.57,0.71,0.066,200,,,,,,,raw,experiments_cloud/results/ucurve_proprietary_results.csv,upstream source_file: experiments_cloud/results/ucurve_proprietary/gpt-4.1/ucurve_20260520_110812.json
03_prompt_format,gpt-4.1,GPT-4.1,True,base,semantic_multi,landmark,5,20,IVQ,ordinal,3,0.965,,0.94,0.99,0.0281,200,,,,,,,raw,experiments_cloud/results/ucurve_proprietary_results.csv,upstream source_file: experiments_cloud/results/ucurve_proprietary/gpt-4.1/ucurve_20260520_110812.json
03_prompt_format,gpt-4.1,GPT-4.1,True,base,semantic_multi,landmark,5,20,IVQ,ordinal,4,1.0,,1.0,1.0,0.0133,200,,,,,,,raw,experiments_cloud/results/ucurve_proprietary_results.csv,upstream source_file: experiments_cloud/results/ucurve_proprietary/gpt-4.1/ucurve_20260520_110812.json
03_prompt_format,gpt-4.1,GPT-4.1,True,base,semantic_multi,landmark,5,20,IVQ,ordinal,5,0.925,,0.885,0.96,0.0379,200,,,,,,,raw,experiments_cloud/results/ucurve_proprietary_results.csv,upstream source_file: experiments_cloud/results/ucurve_proprietary/gpt-4.1/ucurve_20260520_110812.json
03_prompt_format,gpt-4.1,GPT-4.1,True,base,semantic_multi,landmark,5,20,IVQ,ordinal,6,0.95,,0.915,0.975,0.0322,200,,,,,,,raw,experiments_cloud/results/ucurve_proprietary_results.csv,upstream source_file: experiments_cloud/results/ucurve_proprietary/gpt-4.1/ucurve_20260520_110812.json
03_prompt_format,gpt-4.1,GPT-4.1,True,base,semantic_multi,landmark,5,20,IVQ,ordinal,7,0.825,,0.77,0.875,0.0529,200,,,,,,,raw,experiments_cloud/results/ucurve_proprietary_results.csv,upstream source_file: experiments_cloud/results/ucurve_proprietary/gpt-4.1/ucurve_20260520_110812.json
03_prompt_format,gpt-4.1,GPT-4.1,True,base,semantic_multi,landmark,5,20,IVQ,ordinal,8,0.75,,0.69,0.81,0.0598,200,,,,,,,raw,experiments_cloud/results/ucurve_proprietary_results.csv,upstream source_file: experiments_cloud/results/ucurve_proprietary/gpt-4.1/ucurve_20260520_110812.json
03_prompt_format,gpt-4.1,GPT-4.1,True,base,semantic_multi,landmark,5,20,IVQ,ordinal,10,0.615,,0.55,0.68,0.0669,200,,,,,,,raw,experiments_cloud/results/ucurve_proprietary_results.csv,upstream source_file: experiments_cloud/results/ucurve_proprietary/gpt-4.1/ucurve_20260520_110812.json
03_prompt_format,gpt-4.1,GPT-4.1,True,base,semantic_multi,landmark,5,20,IVQ,ordinal,11,0.63,,0.565,0.695,0.0664,200,,,,,,,raw,experiments_cloud/results/ucurve_proprietary_results.csv,upstream source_file: experiments_cloud/results/ucurve_proprietary/gpt-4.1/ucurve_20260520_110812.json
03_prompt_format,gpt-4.1,GPT-4.1,True,base,semantic_multi,landmark,5,20,IVQ,ordinal,13,0.2,,0.15,0.26,0.0555,200,,,,,,,raw,experiments_cloud/results/ucurve_proprietary_results.csv,upstream source_file: experiments_cloud/results/ucurve_proprietary/gpt-4.1/ucurve_20260520_110812.json
03_prompt_format,gpt-4.1,GPT-4.1,True,base,semantic_multi,landmark,5,20,IVQ,ordinal,14,0.12,,0.075,0.165,0.0457,200,,,,,,,raw,experiments_cloud/results/ucurve_proprietary_results.csv,upstream source_file: experiments_cloud/results/ucurve_proprietary/gpt-4.1/ucurve_20260520_110812.json
03_prompt_format,gpt-4.1,GPT-4.1,True,base,semantic_multi,landmark,5,20,IVQ,ordinal,16,0.265,,0.205,0.325,0.0609,200,,,,,,,raw,experiments_cloud/results/ucurve_proprietary_results.csv,upstream source_file: experiments_cloud/results/ucurve_proprietary/gpt-4.1/ucurve_20260520_110812.json
03_prompt_format,gpt-4.1,GPT-4.1,True,base,semantic_multi,landmark,5,20,IVQ,ordinal,17,0.195,,0.14,0.25,0.055,200,,,,,,,raw,experiments_cloud/results/ucurve_proprietary_results.csv,upstream source_file: experiments_cloud/results/ucurve_proprietary/gpt-4.1/ucurve_20260520_110812.json
03_prompt_format,gpt-4.1,GPT-4.1,True,base,semantic_multi,landmark,5,20,IVQ,ordinal,19,0.135,,0.09,0.185,0.0479,200,,,,,,,raw,experiments_cloud/results/ucurve_proprietary_results.csv,upstream source_file: experiments_cloud/results/ucurve_proprietary/gpt-4.1/ucurve_20260520_110812.json
03_prompt_format,gpt-4.1,GPT-4.1,True,base,semantic_multi,landmark,5,20,CVQ,ordinal,20,0.95,,0.92,0.98,0.0322,200,,,,,,,raw,experiments_cloud/results/ucurve_proprietary_results.csv,upstream source_file: experiments_cloud/results/ucurve_proprietary/gpt-4.1/ucurve_20260520_110812.json
03_prompt_format,gpt-4.1,GPT-4.1,True,base,semantic_multi,landmark,5,20,CVQ,semantic,last,1.0,,1.0,1.0,0.0133,200,,,,,,,raw,experiments_cloud/results/ucurve_proprietary_results.csv,upstream source_file: experiments_cloud/results/ucurve_proprietary/gpt-4.1/ucurve_20260520_110812.json
03_prompt_format,gpt-4.1,GPT-4.1,True,base,semantic_multi,landmark,5,50,FVQ,ordinal,1,0.995,,0.985,1.0,0.0163,200,,,,,,,raw,experiments_cloud/results/ucurve_proprietary_results.csv,upstream source_file: experiments_cloud/results/ucurve_proprietary/gpt-4.1/ucurve_20260520_110812.json
03_prompt_format,gpt-4.1,GPT-4.1,True,base,semantic_multi,landmark,5,50,IVQ,ordinal,2,0.615,,0.55,0.68,0.0669,200,,,,,,,raw,experiments_cloud/results/ucurve_proprietary_results.csv,upstream source_file: experiments_cloud/results/ucurve_proprietary/gpt-4.1/ucurve_20260520_110812.json
03_prompt_format,gpt-4.1,GPT-4.1,True,base,semantic_multi,landmark,5,50,IVQ,ordinal,3,0.895,,0.855,0.935,0.0434,200,,,,,,,raw,experiments_cloud/results/ucurve_proprietary_results.csv,upstream source_file: experiments_cloud/results/ucurve_proprietary/gpt-4.1/ucurve_20260520_110812.json
03_prompt_format,gpt-4.1,GPT-4.1,True,base,semantic_multi,landmark,5,50,IVQ,ordinal,4,0.975,,0.95,0.995,0.0249,200,,,,,,,raw,experiments_cloud/results/ucurve_proprietary_results.csv,upstream source_file: experiments_cloud/results/ucurve_proprietary/gpt-4.1/ucurve_20260520_110812.json
03_prompt_format,gpt-4.1,GPT-4.1,True,base,semantic_multi,landmark,5,50,IVQ,ordinal,5,0.825,,0.77,0.875,0.0529,200,,,,,,,raw,experiments_cloud/results/ucurve_proprietary_results.csv,upstream source_file: experiments_cloud/results/ucurve_proprietary/gpt-4.1/ucurve_20260520_110812.json
03_prompt_format,gpt-4.1,GPT-4.1,True,base,semantic_multi,landmark,5,50,IVQ,ordinal,6,0.855,,0.81,0.9,0.0492,200,,,,,,,raw,experiments_cloud/results/ucurve_proprietary_results.csv,upstream source_file: experiments_cloud/results/ucurve_proprietary/gpt-4.1/ucurve_20260520_110812.json
03_prompt_format,gpt-4.1,GPT-4.1,True,base,semantic_multi,landmark,5,50,IVQ,ordinal,7,0.705,,0.64,0.77,0.0628,200,,,,,,,raw,experiments_cloud/results/ucurve_proprietary_results.csv,upstream source_file: experiments_cloud/results/ucurve_proprietary/gpt-4.1/ucurve_20260520_110812.json
03_prompt_format,gpt-4.1,GPT-4.1,True,base,semantic_multi,landmark,5,50,IVQ,ordinal,8,0.635,,0.565,0.7,0.0662,200,,,,,,,raw,experiments_cloud/results/ucurve_proprietary_results.csv,upstream source_file: experiments_cloud/results/ucurve_proprietary/gpt-4.1/ucurve_20260520_110812.json
03_prompt_format,gpt-4.1,GPT-4.1,True,base,semantic_multi,landmark,5,50,IVQ,ordinal,14,0.11,,0.07,0.155,0.0442,200,,,,,,,raw,experiments_cloud/results/ucurve_proprietary_results.csv,upstream source_file: experiments_cloud/results/ucurve_proprietary/gpt-4.1/ucurve_20260520_110812.json
03_prompt_format,gpt-4.1,GPT-4.1,True,base,semantic_multi,landmark,5,50,IVQ,ordinal,20,0.12,,0.075,0.165,0.0457,200,,,,,,,raw,experiments_cloud/results/ucurve_proprietary_results.csv,upstream source_file: experiments_cloud/results/ucurve_proprietary/gpt-4.1/ucurve_20260520_110812.json
03_prompt_format,gpt-4.1,GPT-4.1,True,base,semantic_multi,landmark,5,50,IVQ,ordinal,26,0.045,,0.02,0.075,0.0309,200,,,,,,,raw,experiments_cloud/results/ucurve_proprietary_results.csv,upstream source_file: experiments_cloud/results/ucurve_proprietary/gpt-4.1/ucurve_20260520_110812.json
03_prompt_format,gpt-4.1,GPT-4.1,True,base,semantic_multi,landmark,5,50,IVQ,ordinal,31,0.04,,0.015,0.07,0.0295,200,,,,,,,raw,experiments_cloud/results/ucurve_proprietary_results.csv,upstream source_file: experiments_cloud/results/ucurve_proprietary/gpt-4.1/ucurve_20260520_110812.json
03_prompt_format,gpt-4.1,GPT-4.1,True,base,semantic_multi,landmark,5,50,IVQ,ordinal,37,0.025,,0.005,0.05,0.0249,200,,,,,,,raw,experiments_cloud/results/ucurve_proprietary_results.csv,upstream source_file: experiments_cloud/results/ucurve_proprietary/gpt-4.1/ucurve_20260520_110812.json
03_prompt_format,gpt-4.1,GPT-4.1,True,base,semantic_multi,landmark,5,50,IVQ,ordinal,43,0.09,,0.05,0.13,0.0408,200,,,,,,,raw,experiments_cloud/results/ucurve_proprietary_results.csv,upstream source_file: experiments_cloud/results/ucurve_proprietary/gpt-4.1/ucurve_20260520_110812.json
03_prompt_format,gpt-4.1,GPT-4.1,True,base,semantic_multi,landmark,5,50,IVQ,ordinal,49,0.145,,0.1,0.195,0.0492,200,,,,,,,raw,experiments_cloud/results/ucurve_proprietary_results.csv,upstream source_file: experiments_cloud/results/ucurve_proprietary/gpt-4.1/ucurve_20260520_110812.json
03_prompt_format,gpt-4.1,GPT-4.1,True,base,semantic_multi,landmark,5,50,CVQ,ordinal,50,0.54,,0.47,0.6051,0.0684,200,,,,,,,raw,experiments_cloud/results/ucurve_proprietary_results.csv,upstream source_file: experiments_cloud/results/ucurve_proprietary/gpt-4.1/ucurve_20260520_110812.json
03_prompt_format,gpt-4.1,GPT-4.1,True,base,semantic_multi,landmark,5,50,CVQ,semantic,last,1.0,,1.0,1.0,0.0133,200,,,,,,,raw,experiments_cloud/results/ucurve_proprietary_results.csv,upstream source_file: experiments_cloud/results/ucurve_proprietary/gpt-4.1/ucurve_20260520_110812.json
03_prompt_format,gpt-4.1,GPT-4.1,True,base,semantic_multi,landmark,10,10,FVQ,ordinal,1,1.0,,1.0,1.0,0.0133,200,,,,,,,raw,experiments_cloud/results/ucurve_proprietary_results.csv,upstream source_file: experiments_cloud/results/ucurve_proprietary/gpt-4.1/ucurve_20260520_110812.json
03_prompt_format,gpt-4.1,GPT-4.1,True,base,semantic_multi,landmark,10,10,IVQ,ordinal,2,0.77,,0.71,0.83,0.0582,200,,,,,,,raw,experiments_cloud/results/ucurve_proprietary_results.csv,upstream source_file: experiments_cloud/results/ucurve_proprietary/gpt-4.1/ucurve_20260520_110812.json
03_prompt_format,gpt-4.1,GPT-4.1,True,base,semantic_multi,landmark,10,10,IVQ,ordinal,3,0.98,,0.96,0.995,0.0231,200,,,,,,,raw,experiments_cloud/results/ucurve_proprietary_results.csv,upstream source_file: experiments_cloud/results/ucurve_proprietary/gpt-4.1/ucurve_20260520_110812.json
03_prompt_format,gpt-4.1,GPT-4.1,True,base,semantic_multi,landmark,10,10,IVQ,ordinal,4,0.995,,0.985,1.0,0.0163,200,,,,,,,raw,experiments_cloud/results/ucurve_proprietary_results.csv,upstream source_file: experiments_cloud/results/ucurve_proprietary/gpt-4.1/ucurve_20260520_110812.json
03_prompt_format,gpt-4.1,GPT-4.1,True,base,semantic_multi,landmark,10,10,IVQ,ordinal,5,0.98,,0.96,0.995,0.0231,200,,,,,,,raw,experiments_cloud/results/ucurve_proprietary_results.csv,upstream source_file: experiments_cloud/results/ucurve_proprietary/gpt-4.1/ucurve_20260520_110812.json
03_prompt_format,gpt-4.1,GPT-4.1,True,base,semantic_multi,landmark,10,10,IVQ,ordinal,6,0.97,,0.945,0.99,0.0265,200,,,,,,,raw,experiments_cloud/results/ucurve_proprietary_results.csv,upstream source_file: experiments_cloud/results/ucurve_proprietary/gpt-4.1/ucurve_20260520_110812.json
03_prompt_format,gpt-4.1,GPT-4.1,True,base,semantic_multi,landmark,10,10,IVQ,ordinal,7,0.835,,0.78,0.885,0.0517,200,,,,,,,raw,experiments_cloud/results/ucurve_proprietary_results.csv,upstream source_file: experiments_cloud/results/ucurve_proprietary/gpt-4.1/ucurve_20260520_110812.json
03_prompt_format,gpt-4.1,GPT-4.1,True,base,semantic_multi,landmark,10,10,IVQ,ordinal,8,0.525,,0.455,0.595,0.0686,200,,,,,,,raw,experiments_cloud/results/ucurve_proprietary_results.csv,upstream source_file: experiments_cloud/results/ucurve_proprietary/gpt-4.1/ucurve_20260520_110812.json
03_prompt_format,gpt-4.1,GPT-4.1,True,base,semantic_multi,landmark,10,10,IVQ,ordinal,9,0.39,,0.325,0.46,0.067,200,,,,,,,raw,experiments_cloud/results/ucurve_proprietary_results.csv,upstream source_file: experiments_cloud/results/ucurve_proprietary/gpt-4.1/ucurve_20260520_110812.json
03_prompt_format,gpt-4.1,GPT-4.1,True,base,semantic_multi,landmark,10,10,CVQ,ordinal,10,0.995,,0.985,1.0,0.0163,200,,,,,,,raw,experiments_cloud/results/ucurve_proprietary_results.csv,upstream source_file: experiments_cloud/results/ucurve_proprietary/gpt-4.1/ucurve_20260520_110812.json
03_prompt_format,gpt-4.1,GPT-4.1,True,base,semantic_multi,landmark,10,10,CVQ,semantic,last,1.0,,1.0,1.0,0.0133,200,,,,,,,raw,experiments_cloud/results/ucurve_proprietary_results.csv,upstream source_file: experiments_cloud/results/ucurve_proprietary/gpt-4.1/ucurve_20260520_110812.json
03_prompt_format,gpt-4.1,GPT-4.1,True,base,semantic_multi,landmark,10,20,FVQ,ordinal,1,1.0,,1.0,1.0,0.0133,200,,,,,,,raw,experiments_cloud/results/ucurve_proprietary_results.csv,upstream source_file: experiments_cloud/results/ucurve_proprietary/gpt-4.1/ucurve_20260520_110812.json
03_prompt_format,gpt-4.1,GPT-4.1,True,base,semantic_multi,landmark,10,20,IVQ,ordinal,2,0.65,,0.585,0.715,0.0656,200,,,,,,,raw,experiments_cloud/results/ucurve_proprietary_results.csv,upstream source_file: experiments_cloud/results/ucurve_proprietary/gpt-4.1/ucurve_20260520_110812.json
03_prompt_format,gpt-4.1,GPT-4.1,True,base,semantic_multi,landmark,10,20,IVQ,ordinal,3,0.965,,0.935,0.9851,0.0281,200,,,,,,,raw,experiments_cloud/results/ucurve_proprietary_results.csv,upstream source_file: experiments_cloud/results/ucurve_proprietary/gpt-4.1/ucurve_20260520_110812.json
03_prompt_format,gpt-4.1,GPT-4.1,True,base,semantic_multi,landmark,10,20,IVQ,ordinal,4,0.99,,0.975,1.0,0.0189,200,,,,,,,raw,experiments_cloud/results/ucurve_proprietary_results.csv,upstream source_file: experiments_cloud/results/ucurve_proprietary/gpt-4.1/ucurve_20260520_110812.json
03_prompt_format,gpt-4.1,GPT-4.1,True,base,semantic_multi,landmark,10,20,IVQ,ordinal,5,0.905,,0.86,0.945,0.0417,200,,,,,,,raw,experiments_cloud/results/ucurve_proprietary_results.csv,upstream source_file: experiments_cloud/results/ucurve_proprietary/gpt-4.1/ucurve_20260520_110812.json
03_prompt_format,gpt-4.1,GPT-4.1,True,base,semantic_multi,landmark,10,20,IVQ,ordinal,6,0.9,,0.86,0.94,0.0425,200,,,,,,,raw,experiments_cloud/results/ucurve_proprietary_results.csv,upstream source_file: experiments_cloud/results/ucurve_proprietary/gpt-4.1/ucurve_20260520_110812.json
03_prompt_format,gpt-4.1,GPT-4.1,True,base,semantic_multi,landmark,10,20,IVQ,ordinal,7,0.685,,0.615,0.745,0.064,200,,,,,,,raw,experiments_cloud/results/ucurve_proprietary_results.csv,upstream source_file: experiments_cloud/results/ucurve_proprietary/gpt-4.1/ucurve_20260520_110812.json
03_prompt_format,gpt-4.1,GPT-4.1,True,base,semantic_multi,landmark,10,20,IVQ,ordinal,8,0.53,,0.46,0.6,0.0685,200,,,,,,,raw,experiments_cloud/results/ucurve_proprietary_results.csv,upstream source_file: experiments_cloud/results/ucurve_proprietary/gpt-4.1/ucurve_20260520_110812.json
03_prompt_format,gpt-4.1,GPT-4.1,True,base,semantic_multi,landmark,10,20,IVQ,ordinal,10,0.325,,0.26,0.3901,0.0645,200,,,,,,,raw,experiments_cloud/results/ucurve_proprietary_results.csv,upstream source_file: experiments_cloud/results/ucurve_proprietary/gpt-4.1/ucurve_20260520_110812.json
03_prompt_format,gpt-4.1,GPT-4.1,True,base,semantic_multi,landmark,10,20,IVQ,ordinal,11,0.265,,0.205,0.325,0.0609,200,,,,,,,raw,experiments_cloud/results/ucurve_proprietary_results.csv,upstream source_file: experiments_cloud/results/ucurve_proprietary/gpt-4.1/ucurve_20260520_110812.json
03_prompt_format,gpt-4.1,GPT-4.1,True,base,semantic_multi,landmark,10,20,IVQ,ordinal,13,0.0,,0.0,0.0,0.0133,200,,,,,,,raw,experiments_cloud/results/ucurve_proprietary_results.csv,upstream source_file: experiments_cloud/results/ucurve_proprietary/gpt-4.1/ucurve_20260520_110812.json
03_prompt_format,gpt-4.1,GPT-4.1,True,base,semantic_multi,landmark,10,20,IVQ,ordinal,14,0.025,,0.005,0.05,0.0249,200,,,,,,,raw,experiments_cloud/results/ucurve_proprietary_results.csv,upstream source_file: experiments_cloud/results/ucurve_proprietary/gpt-4.1/ucurve_20260520_110812.json
03_prompt_format,gpt-4.1,GPT-4.1,True,base,semantic_multi,landmark,10,20,IVQ,ordinal,16,0.055,,0.025,0.085,0.0334,200,,,,,,,raw,experiments_cloud/results/ucurve_proprietary_results.csv,upstream source_file: experiments_cloud/results/ucurve_proprietary/gpt-4.1/ucurve_20260520_110812.json
03_prompt_format,gpt-4.1,GPT-4.1,True,base,semantic_multi,landmark,10,20,IVQ,ordinal,17,0.045,,0.02,0.075,0.0309,200,,,,,,,raw,experiments_cloud/results/ucurve_proprietary_results.csv,upstream source_file: experiments_cloud/results/ucurve_proprietary/gpt-4.1/ucurve_20260520_110812.json
03_prompt_format,gpt-4.1,GPT-4.1,True,base,semantic_multi,landmark,10,20,IVQ,ordinal,19,0.065,,0.035,0.105,0.0358,200,,,,,,,raw,experiments_cloud/results/ucurve_proprietary_results.csv,upstream source_file: experiments_cloud/results/ucurve_proprietary/gpt-4.1/ucurve_20260520_110812.json
03_prompt_format,gpt-4.1,GPT-4.1,True,base,semantic_multi,landmark,10,20,CVQ,ordinal,20,0.93,,0.89,0.9601,0.0368,200,,,,,,,raw,experiments_cloud/results/ucurve_proprietary_results.csv,upstream source_file: experiments_cloud/results/ucurve_proprietary/gpt-4.1/ucurve_20260520_110812.json
03_prompt_format,gpt-4.1,GPT-4.1,True,base,semantic_multi,landmark,10,20,CVQ,semantic,last,1.0,,1.0,1.0,0.0133,200,,,,,,,raw,experiments_cloud/results/ucurve_proprietary_results.csv,upstream source_file: experiments_cloud/results/ucurve_proprietary/gpt-4.1/ucurve_20260520_110812.json
03_prompt_format,gpt-4.1,GPT-4.1,True,base,semantic_multi,landmark,10,50,FVQ,ordinal,1,0.995,,0.985,1.0,0.0163,200,,,,,,,raw,experiments_cloud/results/ucurve_proprietary_results.csv,upstream source_file: experiments_cloud/results/ucurve_proprietary/gpt-4.1/ucurve_20260520_110812.json
03_prompt_format,gpt-4.1,GPT-4.1,True,base,semantic_multi,landmark,10,50,IVQ,ordinal,2,0.73,,0.67,0.795,0.0613,200,,,,,,,raw,experiments_cloud/results/ucurve_proprietary_results.csv,upstream source_file: experiments_cloud/results/ucurve_proprietary/gpt-4.1/ucurve_20260520_110812.json
03_prompt_format,gpt-4.1,GPT-4.1,True,base,semantic_multi,landmark,10,50,IVQ,ordinal,3,0.975,,0.95,0.995,0.0249,200,,,,,,,raw,experiments_cloud/results/ucurve_proprietary_results.csv,upstream source_file: experiments_cloud/results/ucurve_proprietary/gpt-4.1/ucurve_20260520_110812.json
03_prompt_format,gpt-4.1,GPT-4.1,True,base,semantic_multi,landmark,10,50,IVQ,ordinal,4,0.985,,0.965,1.0,0.0211,200,,,,,,,raw,experiments_cloud/results/ucurve_proprietary_results.csv,upstream source_file: experiments_cloud/results/ucurve_proprietary/gpt-4.1/ucurve_20260520_110812.json
03_prompt_format,gpt-4.1,GPT-4.1,True,base,semantic_multi,landmark,10,50,IVQ,ordinal,5,0.92,,0.88,0.955,0.0389,200,,,,,,,raw,experiments_cloud/results/ucurve_proprietary_results.csv,upstream source_file: experiments_cloud/results/ucurve_proprietary/gpt-4.1/ucurve_20260520_110812.json
03_prompt_format,gpt-4.1,GPT-4.1,True,base,semantic_multi,landmark,10,50,IVQ,ordinal,6,0.925,,0.89,0.96,0.0379,200,,,,,,,raw,experiments_cloud/results/ucurve_proprietary_results.csv,upstream source_file: experiments_cloud/results/ucurve_proprietary/gpt-4.1/ucurve_20260520_110812.json
03_prompt_format,gpt-4.1,GPT-4.1,True,base,semantic_multi,landmark,10,50,IVQ,ordinal,7,0.63,,0.56,0.7,0.0664,200,,,,,,,raw,experiments_cloud/results/ucurve_proprietary_results.csv,upstream source_file: experiments_cloud/results/ucurve_proprietary/gpt-4.1/ucurve_20260520_110812.json
03_prompt_format,gpt-4.1,GPT-4.1,True,base,semantic_multi,landmark,10,50,IVQ,ordinal,8,0.54,,0.47,0.605,0.0684,200,,,,,,,raw,experiments_cloud/results/ucurve_proprietary_results.csv,upstream source_file: experiments_cloud/results/ucurve_proprietary/gpt-4.1/ucurve_20260520_110812.json
03_prompt_format,gpt-4.1,GPT-4.1,True,base,semantic_multi,landmark,10,50,IVQ,ordinal,14,0.015,,0.0,0.035,0.0211,200,,,,,,,raw,experiments_cloud/results/ucurve_proprietary_results.csv,upstream source_file: experiments_cloud/results/ucurve_proprietary/gpt-4.1/ucurve_20260520_110812.json
03_prompt_format,gpt-4.1,GPT-4.1,True,base,semantic_multi,landmark,10,50,IVQ,ordinal,20,0.035,,0.01,0.06,0.0281,200,,,,,,,raw,experiments_cloud/results/ucurve_proprietary_results.csv,upstream source_file: experiments_cloud/results/ucurve_proprietary/gpt-4.1/ucurve_20260520_110812.json
03_prompt_format,gpt-4.1,GPT-4.1,True,base,semantic_multi,landmark,10,50,IVQ,ordinal,26,0.005,,0.0,0.015,0.0163,200,,,,,,,raw,experiments_cloud/results/ucurve_proprietary_results.csv,upstream source_file: experiments_cloud/results/ucurve_proprietary/gpt-4.1/ucurve_20260520_110812.json
03_prompt_format,gpt-4.1,GPT-4.1,True,base,semantic_multi,landmark,10,50,IVQ,ordinal,31,0.005,,0.0,0.015,0.0163,200,,,,,,,raw,experiments_cloud/results/ucurve_proprietary_results.csv,upstream source_file: experiments_cloud/results/ucurve_proprietary/gpt-4.1/ucurve_20260520_110812.json
03_prompt_format,gpt-4.1,GPT-4.1,True,base,semantic_multi,landmark,10,50,IVQ,ordinal,37,0.025,,0.005,0.05,0.0249,200,,,,,,,raw,experiments_cloud/results/ucurve_proprietary_results.csv,upstream source_file: experiments_cloud/results/ucurve_proprietary/gpt-4.1/ucurve_20260520_110812.json
03_prompt_format,gpt-4.1,GPT-4.1,True,base,semantic_multi,landmark,10,50,IVQ,ordinal,43,0.035,,0.015,0.06,0.0281,200,,,,,,,raw,experiments_cloud/results/ucurve_proprietary_results.csv,upstream source_file: experiments_cloud/results/ucurve_proprietary/gpt-4.1/ucurve_20260520_110812.json
03_prompt_format,gpt-4.1,GPT-4.1,True,base,semantic_multi,landmark,10,50,IVQ,ordinal,49,0.205,,0.15,0.265,0.056,200,,,,,,,raw,experiments_cloud/results/ucurve_proprietary_results.csv,upstream source_file: experiments_cloud/results/ucurve_proprietary/gpt-4.1/ucurve_20260520_110812.json
03_prompt_format,gpt-4.1,GPT-4.1,True,base,semantic_multi,landmark,10,50,CVQ,ordinal,50,0.49,,0.42,0.5601,0.0686,200,,,,,,,raw,experiments_cloud/results/ucurve_proprietary_results.csv,upstream source_file: experiments_cloud/results/ucurve_proprietary/gpt-4.1/ucurve_20260520_110812.json
03_prompt_format,gpt-4.1,GPT-4.1,True,base,semantic_multi,landmark,10,50,CVQ,semantic,last,0.995,,0.985,1.0,0.0163,200,,,,,,,raw,experiments_cloud/results/ucurve_proprietary_results.csv,upstream source_file: experiments_cloud/results/ucurve_proprietary/gpt-4.1/ucurve_20260520_110812.json
03_prompt_format,gpt-4.1-mini,GPT-4.1,True,base,semantic_multi,block,5,10,FVQ,ordinal,1,1.0,,1.0,1.0,0.0495,50,,,,,,,raw,experiments_cloud/results/ucurve_proprietary_results.csv,upstream source_file: experiments_cloud/results/ucurve_proprietary/gpt-4.1-mini/ucurve_20260520_111134.json
03_prompt_format,gpt-4.1-mini,GPT-4.1,True,base,semantic_multi,block,5,10,IVQ,ordinal,2,1.0,,1.0,1.0,0.0495,50,,,,,,,raw,experiments_cloud/results/ucurve_proprietary_results.csv,upstream source_file: experiments_cloud/results/ucurve_proprietary/gpt-4.1-mini/ucurve_20260520_111134.json
03_prompt_format,gpt-4.1-mini,GPT-4.1,True,base,semantic_multi,block,5,10,IVQ,ordinal,3,1.0,,1.0,1.0,0.0495,50,,,,,,,raw,experiments_cloud/results/ucurve_proprietary_results.csv,upstream source_file: experiments_cloud/results/ucurve_proprietary/gpt-4.1-mini/ucurve_20260520_111134.json
03_prompt_format,gpt-4.1-mini,GPT-4.1,True,base,semantic_multi,block,5,10,IVQ,ordinal,4,1.0,,1.0,1.0,0.0495,50,,,,,,,raw,experiments_cloud/results/ucurve_proprietary_results.csv,upstream source_file: experiments_cloud/results/ucurve_proprietary/gpt-4.1-mini/ucurve_20260520_111134.json
03_prompt_format,gpt-4.1-mini,GPT-4.1,True,base,semantic_multi,block,5,10,IVQ,ordinal,5,1.0,,1.0,1.0,0.0495,50,,,,,,,raw,experiments_cloud/results/ucurve_proprietary_results.csv,upstream source_file: experiments_cloud/results/ucurve_proprietary/gpt-4.1-mini/ucurve_20260520_111134.json
03_prompt_format,gpt-4.1-mini,GPT-4.1,True,base,semantic_multi,block,5,10,IVQ,ordinal,6,1.0,,1.0,1.0,0.0495,50,,,,,,,raw,experiments_cloud/results/ucurve_proprietary_results.csv,upstream source_file: experiments_cloud/results/ucurve_proprietary/gpt-4.1-mini/ucurve_20260520_111134.json
03_prompt_format,gpt-4.1-mini,GPT-4.1,True,base,semantic_multi,block,5,10,IVQ,ordinal,7,1.0,,1.0,1.0,0.0495,50,,,,,,,raw,experiments_cloud/results/ucurve_proprietary_results.csv,upstream source_file: experiments_cloud/results/ucurve_proprietary/gpt-4.1-mini/ucurve_20260520_111134.json
03_prompt_format,gpt-4.1-mini,GPT-4.1,True,base,semantic_multi,block,5,10,IVQ,ordinal,8,1.0,,1.0,1.0,0.0495,50,,,,,,,raw,experiments_cloud/results/ucurve_proprietary_results.csv,upstream source_file: experiments_cloud/results/ucurve_proprietary/gpt-4.1-mini/ucurve_20260520_111134.json
03_prompt_format,gpt-4.1-mini,GPT-4.1,True,base,semantic_multi,block,5,10,IVQ,ordinal,9,1.0,,1.0,1.0,0.0495,50,,,,,,,raw,experiments_cloud/results/ucurve_proprietary_results.csv,upstream source_file: experiments_cloud/results/ucurve_proprietary/gpt-4.1-mini/ucurve_20260520_111134.json
03_prompt_format,gpt-4.1-mini,GPT-4.1,True,base,semantic_multi,block,5,10,CVQ,ordinal,10,1.0,,1.0,1.0,0.0495,50,,,,,,,raw,experiments_cloud/results/ucurve_proprietary_results.csv,upstream source_file: experiments_cloud/results/ucurve_proprietary/gpt-4.1-mini/ucurve_20260520_111134.json
03_prompt_format,gpt-4.1-mini,GPT-4.1,True,base,semantic_multi,block,5,10,CVQ,semantic,last,1.0,,1.0,1.0,0.0495,50,,,,,,,raw,experiments_cloud/results/ucurve_proprietary_results.csv,upstream source_file: experiments_cloud/results/ucurve_proprietary/gpt-4.1-mini/ucurve_20260520_111134.json
03_prompt_format,gpt-4.1-mini,GPT-4.1,True,base,semantic_multi,block,5,20,FVQ,ordinal,1,1.0,,1.0,1.0,0.0495,50,,,,,,,raw,experiments_cloud/results/ucurve_proprietary_results.csv,upstream source_file: experiments_cloud/results/ucurve_proprietary/gpt-4.1-mini/ucurve_20260520_111134.json
03_prompt_format,gpt-4.1-mini,GPT-4.1,True,base,semantic_multi,block,5,20,IVQ,ordinal,2,1.0,,1.0,1.0,0.0495,50,,,,,,,raw,experiments_cloud/results/ucurve_proprietary_results.csv,upstream source_file: experiments_cloud/results/ucurve_proprietary/gpt-4.1-mini/ucurve_20260520_111134.json
03_prompt_format,gpt-4.1-mini,GPT-4.1,True,base,semantic_multi,block,5,20,IVQ,ordinal,3,1.0,,1.0,1.0,0.0495,50,,,,,,,raw,experiments_cloud/results/ucurve_proprietary_results.csv,upstream source_file: experiments_cloud/results/ucurve_proprietary/gpt-4.1-mini/ucurve_20260520_111134.json
03_prompt_format,gpt-4.1-mini,GPT-4.1,True,base,semantic_multi,block,5,20,IVQ,ordinal,4,1.0,,1.0,1.0,0.0495,50,,,,,,,raw,experiments_cloud/results/ucurve_proprietary_results.csv,upstream source_file: experiments_cloud/results/ucurve_proprietary/gpt-4.1-mini/ucurve_20260520_111134.json
03_prompt_format,gpt-4.1-mini,GPT-4.1,True,base,semantic_multi,block,5,20,IVQ,ordinal,5,1.0,,1.0,1.0,0.0495,50,,,,,,,raw,experiments_cloud/results/ucurve_proprietary_results.csv,upstream source_file: experiments_cloud/results/ucurve_proprietary/gpt-4.1-mini/ucurve_20260520_111134.json
03_prompt_format,gpt-4.1-mini,GPT-4.1,True,base,semantic_multi,block,5,20,IVQ,ordinal,6,1.0,,1.0,1.0,0.0495,50,,,,,,,raw,experiments_cloud/results/ucurve_proprietary_results.csv,upstream source_file: experiments_cloud/results/ucurve_proprietary/gpt-4.1-mini/ucurve_20260520_111134.json
03_prompt_format,gpt-4.1-mini,GPT-4.1,True,base,semantic_multi,block,5,20,IVQ,ordinal,7,1.0,,1.0,1.0,0.0495,50,,,,,,,raw,experiments_cloud/results/ucurve_proprietary_results.csv,upstream source_file: experiments_cloud/results/ucurve_proprietary/gpt-4.1-mini/ucurve_20260520_111134.json
03_prompt_format,gpt-4.1-mini,GPT-4.1,True,base,semantic_multi,block,5,20,IVQ,ordinal,8,1.0,,1.0,1.0,0.0495,50,,,,,,,raw,experiments_cloud/results/ucurve_proprietary_results.csv,upstream source_file: experiments_cloud/results/ucurve_proprietary/gpt-4.1-mini/ucurve_20260520_111134.json
03_prompt_format,gpt-4.1-mini,GPT-4.1,True,base,semantic_multi,block,5,20,IVQ,ordinal,10,1.0,,1.0,1.0,0.0495,50,,,,,,,raw,experiments_cloud/results/ucurve_proprietary_results.csv,upstream source_file: experiments_cloud/results/ucurve_proprietary/gpt-4.1-mini/ucurve_20260520_111134.json
03_prompt_format,gpt-4.1-mini,GPT-4.1,True,base,semantic_multi,block,5,20,IVQ,ordinal,11,1.0,,1.0,1.0,0.0495,50,,,,,,,raw,experiments_cloud/results/ucurve_proprietary_results.csv,upstream source_file: experiments_cloud/results/ucurve_proprietary/gpt-4.1-mini/ucurve_20260520_111134.json
03_prompt_format,gpt-4.1-mini,GPT-4.1,True,base,semantic_multi,block,5,20,IVQ,ordinal,13,1.0,,1.0,1.0,0.0495,50,,,,,,,raw,experiments_cloud/results/ucurve_proprietary_results.csv,upstream source_file: experiments_cloud/results/ucurve_proprietary/gpt-4.1-mini/ucurve_20260520_111134.json
03_prompt_format,gpt-4.1-mini,GPT-4.1,True,base,semantic_multi,block,5,20,IVQ,ordinal,14,1.0,,1.0,1.0,0.0495,50,,,,,,,raw,experiments_cloud/results/ucurve_proprietary_results.csv,upstream source_file: experiments_cloud/results/ucurve_proprietary/gpt-4.1-mini/ucurve_20260520_111134.json
03_prompt_format,gpt-4.1-mini,GPT-4.1,True,base,semantic_multi,block,5,20,IVQ,ordinal,16,1.0,,1.0,1.0,0.0495,50,,,,,,,raw,experiments_cloud/results/ucurve_proprietary_results.csv,upstream source_file: experiments_cloud/results/ucurve_proprietary/gpt-4.1-mini/ucurve_20260520_111134.json
03_prompt_format,gpt-4.1-mini,GPT-4.1,True,base,semantic_multi,block,5,20,IVQ,ordinal,17,1.0,,1.0,1.0,0.0495,50,,,,,,,raw,experiments_cloud/results/ucurve_proprietary_results.csv,upstream source_file: experiments_cloud/results/ucurve_proprietary/gpt-4.1-mini/ucurve_20260520_111134.json
03_prompt_format,gpt-4.1-mini,GPT-4.1,True,base,semantic_multi,block,5,20,IVQ,ordinal,19,1.0,,1.0,1.0,0.0495,50,,,,,,,raw,experiments_cloud/results/ucurve_proprietary_results.csv,upstream source_file: experiments_cloud/results/ucurve_proprietary/gpt-4.1-mini/ucurve_20260520_111134.json
03_prompt_format,gpt-4.1-mini,GPT-4.1,True,base,semantic_multi,block,5,20,CVQ,ordinal,20,1.0,,1.0,1.0,0.0495,50,,,,,,,raw,experiments_cloud/results/ucurve_proprietary_results.csv,upstream source_file: experiments_cloud/results/ucurve_proprietary/gpt-4.1-mini/ucurve_20260520_111134.json
03_prompt_format,gpt-4.1-mini,GPT-4.1,True,base,semantic_multi,block,5,20,CVQ,semantic,last,1.0,,1.0,1.0,0.0495,50,,,,,,,raw,experiments_cloud/results/ucurve_proprietary_results.csv,upstream source_file: experiments_cloud/results/ucurve_proprietary/gpt-4.1-mini/ucurve_20260520_111134.json
03_prompt_format,gpt-4.1-mini,GPT-4.1,True,base,semantic_multi,block,5,50,FVQ,ordinal,1,1.0,,1.0,1.0,0.0495,50,,,,,,,raw,experiments_cloud/results/ucurve_proprietary_results.csv,upstream source_file: experiments_cloud/results/ucurve_proprietary/gpt-4.1-mini/ucurve_20260520_111134.json
03_prompt_format,gpt-4.1-mini,GPT-4.1,True,base,semantic_multi,block,5,50,IVQ,ordinal,2,1.0,,1.0,1.0,0.0495,50,,,,,,,raw,experiments_cloud/results/ucurve_proprietary_results.csv,upstream source_file: experiments_cloud/results/ucurve_proprietary/gpt-4.1-mini/ucurve_20260520_111134.json
03_prompt_format,gpt-4.1-mini,GPT-4.1,True,base,semantic_multi,block,5,50,IVQ,ordinal,3,1.0,,1.0,1.0,0.0495,50,,,,,,,raw,experiments_cloud/results/ucurve_proprietary_results.csv,upstream source_file: experiments_cloud/results/ucurve_proprietary/gpt-4.1-mini/ucurve_20260520_111134.json
03_prompt_format,gpt-4.1-mini,GPT-4.1,True,base,semantic_multi,block,5,50,IVQ,ordinal,4,1.0,,1.0,1.0,0.0495,50,,,,,,,raw,experiments_cloud/results/ucurve_proprietary_results.csv,upstream source_file: experiments_cloud/results/ucurve_proprietary/gpt-4.1-mini/ucurve_20260520_111134.json
03_prompt_format,gpt-4.1-mini,GPT-4.1,True,base,semantic_multi,block,5,50,IVQ,ordinal,5,1.0,,1.0,1.0,0.0495,50,,,,,,,raw,experiments_cloud/results/ucurve_proprietary_results.csv,upstream source_file: experiments_cloud/results/ucurve_proprietary/gpt-4.1-mini/ucurve_20260520_111134.json
03_prompt_format,gpt-4.1-mini,GPT-4.1,True,base,semantic_multi,block,5,50,IVQ,ordinal,6,1.0,,1.0,1.0,0.0495,50,,,,,,,raw,experiments_cloud/results/ucurve_proprietary_results.csv,upstream source_file: experiments_cloud/results/ucurve_proprietary/gpt-4.1-mini/ucurve_20260520_111134.json
03_prompt_format,gpt-4.1-mini,GPT-4.1,True,base,semantic_multi,block,5,50,IVQ,ordinal,7,1.0,,1.0,1.0,0.0495,50,,,,,,,raw,experiments_cloud/results/ucurve_proprietary_results.csv,upstream source_file: experiments_cloud/results/ucurve_proprietary/gpt-4.1-mini/ucurve_20260520_111134.json
03_prompt_format,gpt-4.1-mini,GPT-4.1,True,base,semantic_multi,block,5,50,IVQ,ordinal,8,1.0,,1.0,1.0,0.0495,50,,,,,,,raw,experiments_cloud/results/ucurve_proprietary_results.csv,upstream source_file: experiments_cloud/results/ucurve_proprietary/gpt-4.1-mini/ucurve_20260520_111134.json
03_prompt_format,gpt-4.1-mini,GPT-4.1,True,base,semantic_multi,block,5,50,IVQ,ordinal,14,1.0,,1.0,1.0,0.0495,50,,,,,,,raw,experiments_cloud/results/ucurve_proprietary_results.csv,upstream source_file: experiments_cloud/results/ucurve_proprietary/gpt-4.1-mini/ucurve_20260520_111134.json
03_prompt_format,gpt-4.1-mini,GPT-4.1,True,base,semantic_multi,block,5,50,IVQ,ordinal,20,1.0,,1.0,1.0,0.0495,50,,,,,,,raw,experiments_cloud/results/ucurve_proprietary_results.csv,upstream source_file: experiments_cloud/results/ucurve_proprietary/gpt-4.1-mini/ucurve_20260520_111134.json
03_prompt_format,gpt-4.1-mini,GPT-4.1,True,base,semantic_multi,block,5,50,IVQ,ordinal,26,1.0,,1.0,1.0,0.0495,50,,,,,,,raw,experiments_cloud/results/ucurve_proprietary_results.csv,upstream source_file: experiments_cloud/results/ucurve_proprietary/gpt-4.1-mini/ucurve_20260520_111134.json
03_prompt_format,gpt-4.1-mini,GPT-4.1,True,base,semantic_multi,block,5,50,IVQ,ordinal,31,1.0,,1.0,1.0,0.0495,50,,,,,,,raw,experiments_cloud/results/ucurve_proprietary_results.csv,upstream source_file: experiments_cloud/results/ucurve_proprietary/gpt-4.1-mini/ucurve_20260520_111134.json
03_prompt_format,gpt-4.1-mini,GPT-4.1,True,base,semantic_multi,block,5,50,IVQ,ordinal,37,1.0,,1.0,1.0,0.0495,50,,,,,,,raw,experiments_cloud/results/ucurve_proprietary_results.csv,upstream source_file: experiments_cloud/results/ucurve_proprietary/gpt-4.1-mini/ucurve_20260520_111134.json
03_prompt_format,gpt-4.1-mini,GPT-4.1,True,base,semantic_multi,block,5,50,IVQ,ordinal,43,1.0,,1.0,1.0,0.0495,50,,,,,,,raw,experiments_cloud/results/ucurve_proprietary_results.csv,upstream source_file: experiments_cloud/results/ucurve_proprietary/gpt-4.1-mini/ucurve_20260520_111134.json
03_prompt_format,gpt-4.1-mini,GPT-4.1,True,base,semantic_multi,block,5,50,IVQ,ordinal,49,1.0,,1.0,1.0,0.0495,50,,,,,,,raw,experiments_cloud/results/ucurve_proprietary_results.csv,upstream source_file: experiments_cloud/results/ucurve_proprietary/gpt-4.1-mini/ucurve_20260520_111134.json
03_prompt_format,gpt-4.1-mini,GPT-4.1,True,base,semantic_multi,block,5,50,CVQ,ordinal,50,1.0,,1.0,1.0,0.0495,50,,,,,,,raw,experiments_cloud/results/ucurve_proprietary_results.csv,upstream source_file: experiments_cloud/results/ucurve_proprietary/gpt-4.1-mini/ucurve_20260520_111134.json
03_prompt_format,gpt-4.1-mini,GPT-4.1,True,base,semantic_multi,block,5,50,CVQ,semantic,last,1.0,,1.0,1.0,0.0495,50,,,,,,,raw,experiments_cloud/results/ucurve_proprietary_results.csv,upstream source_file: experiments_cloud/results/ucurve_proprietary/gpt-4.1-mini/ucurve_20260520_111134.json
03_prompt_format,gpt-4.1-mini,GPT-4.1,True,base,semantic_multi,block,10,10,FVQ,ordinal,1,1.0,,1.0,1.0,0.0495,50,,,,,,,raw,experiments_cloud/results/ucurve_proprietary_results.csv,upstream source_file: experiments_cloud/results/ucurve_proprietary/gpt-4.1-mini/ucurve_20260520_111134.json
03_prompt_format,gpt-4.1-mini,GPT-4.1,True,base,semantic_multi,block,10,10,IVQ,ordinal,2,1.0,,1.0,1.0,0.0495,50,,,,,,,raw,experiments_cloud/results/ucurve_proprietary_results.csv,upstream source_file: experiments_cloud/results/ucurve_proprietary/gpt-4.1-mini/ucurve_20260520_111134.json
03_prompt_format,gpt-4.1-mini,GPT-4.1,True,base,semantic_multi,block,10,10,IVQ,ordinal,3,1.0,,1.0,1.0,0.0495,50,,,,,,,raw,experiments_cloud/results/ucurve_proprietary_results.csv,upstream source_file: experiments_cloud/results/ucurve_proprietary/gpt-4.1-mini/ucurve_20260520_111134.json
03_prompt_format,gpt-4.1-mini,GPT-4.1,True,base,semantic_multi,block,10,10,IVQ,ordinal,4,1.0,,1.0,1.0,0.0495,50,,,,,,,raw,experiments_cloud/results/ucurve_proprietary_results.csv,upstream source_file: experiments_cloud/results/ucurve_proprietary/gpt-4.1-mini/ucurve_20260520_111134.json
03_prompt_format,gpt-4.1-mini,GPT-4.1,True,base,semantic_multi,block,10,10,IVQ,ordinal,5,1.0,,1.0,1.0,0.0495,50,,,,,,,raw,experiments_cloud/results/ucurve_proprietary_results.csv,upstream source_file: experiments_cloud/results/ucurve_proprietary/gpt-4.1-mini/ucurve_20260520_111134.json
03_prompt_format,gpt-4.1-mini,GPT-4.1,True,base,semantic_multi,block,10,10,IVQ,ordinal,6,1.0,,1.0,1.0,0.0495,50,,,,,,,raw,experiments_cloud/results/ucurve_proprietary_results.csv,upstream source_file: experiments_cloud/results/ucurve_proprietary/gpt-4.1-mini/ucurve_20260520_111134.json
03_prompt_format,gpt-4.1-mini,GPT-4.1,True,base,semantic_multi,block,10,10,IVQ,ordinal,7,1.0,,1.0,1.0,0.0495,50,,,,,,,raw,experiments_cloud/results/ucurve_proprietary_results.csv,upstream source_file: experiments_cloud/results/ucurve_proprietary/gpt-4.1-mini/ucurve_20260520_111134.json
03_prompt_format,gpt-4.1-mini,GPT-4.1,True,base,semantic_multi,block,10,10,IVQ,ordinal,8,1.0,,1.0,1.0,0.0495,50,,,,,,,raw,experiments_cloud/results/ucurve_proprietary_results.csv,upstream source_file: experiments_cloud/results/ucurve_proprietary/gpt-4.1-mini/ucurve_20260520_111134.json
03_prompt_format,gpt-4.1-mini,GPT-4.1,True,base,semantic_multi,block,10,10,IVQ,ordinal,9,1.0,,1.0,1.0,0.0495,50,,,,,,,raw,experiments_cloud/results/ucurve_proprietary_results.csv,upstream source_file: experiments_cloud/results/ucurve_proprietary/gpt-4.1-mini/ucurve_20260520_111134.json
03_prompt_format,gpt-4.1-mini,GPT-4.1,True,base,semantic_multi,block,10,10,CVQ,ordinal,10,1.0,,1.0,1.0,0.0495,50,,,,,,,raw,experiments_cloud/results/ucurve_proprietary_results.csv,upstream source_file: experiments_cloud/results/ucurve_proprietary/gpt-4.1-mini/ucurve_20260520_111134.json
03_prompt_format,gpt-4.1-mini,GPT-4.1,True,base,semantic_multi,block,10,10,CVQ,semantic,last,1.0,,1.0,1.0,0.0495,50,,,,,,,raw,experiments_cloud/results/ucurve_proprietary_results.csv,upstream source_file: experiments_cloud/results/ucurve_proprietary/gpt-4.1-mini/ucurve_20260520_111134.json
03_prompt_format,gpt-4.1-mini,GPT-4.1,True,base,semantic_multi,block,10,20,FVQ,ordinal,1,1.0,,1.0,1.0,0.0495,50,,,,,,,raw,experiments_cloud/results/ucurve_proprietary_results.csv,upstream source_file: experiments_cloud/results/ucurve_proprietary/gpt-4.1-mini/ucurve_20260520_111134.json
03_prompt_format,gpt-4.1-mini,GPT-4.1,True,base,semantic_multi,block,10,20,IVQ,ordinal,2,1.0,,1.0,1.0,0.0495,50,,,,,,,raw,experiments_cloud/results/ucurve_proprietary_results.csv,upstream source_file: experiments_cloud/results/ucurve_proprietary/gpt-4.1-mini/ucurve_20260520_111134.json
03_prompt_format,gpt-4.1-mini,GPT-4.1,True,base,semantic_multi,block,10,20,IVQ,ordinal,3,1.0,,1.0,1.0,0.0495,50,,,,,,,raw,experiments_cloud/results/ucurve_proprietary_results.csv,upstream source_file: experiments_cloud/results/ucurve_proprietary/gpt-4.1-mini/ucurve_20260520_111134.json
03_prompt_format,gpt-4.1-mini,GPT-4.1,True,base,semantic_multi,block,10,20,IVQ,ordinal,4,1.0,,1.0,1.0,0.0495,50,,,,,,,raw,experiments_cloud/results/ucurve_proprietary_results.csv,upstream source_file: experiments_cloud/results/ucurve_proprietary/gpt-4.1-mini/ucurve_20260520_111134.json
03_prompt_format,gpt-4.1-mini,GPT-4.1,True,base,semantic_multi,block,10,20,IVQ,ordinal,5,1.0,,1.0,1.0,0.0495,50,,,,,,,raw,experiments_cloud/results/ucurve_proprietary_results.csv,upstream source_file: experiments_cloud/results/ucurve_proprietary/gpt-4.1-mini/ucurve_20260520_111134.json
03_prompt_format,gpt-4.1-mini,GPT-4.1,True,base,semantic_multi,block,10,20,IVQ,ordinal,6,1.0,,1.0,1.0,0.0495,50,,,,,,,raw,experiments_cloud/results/ucurve_proprietary_results.csv,upstream source_file: experiments_cloud/results/ucurve_proprietary/gpt-4.1-mini/ucurve_20260520_111134.json
03_prompt_format,gpt-4.1-mini,GPT-4.1,True,base,semantic_multi,block,10,20,IVQ,ordinal,7,1.0,,1.0,1.0,0.0495,50,,,,,,,raw,experiments_cloud/results/ucurve_proprietary_results.csv,upstream source_file: experiments_cloud/results/ucurve_proprietary/gpt-4.1-mini/ucurve_20260520_111134.json
03_prompt_format,gpt-4.1-mini,GPT-4.1,True,base,semantic_multi,block,10,20,IVQ,ordinal,8,1.0,,1.0,1.0,0.0495,50,,,,,,,raw,experiments_cloud/results/ucurve_proprietary_results.csv,upstream source_file: experiments_cloud/results/ucurve_proprietary/gpt-4.1-mini/ucurve_20260520_111134.json
03_prompt_format,gpt-4.1-mini,GPT-4.1,True,base,semantic_multi,block,10,20,IVQ,ordinal,10,1.0,,1.0,1.0,0.0495,50,,,,,,,raw,experiments_cloud/results/ucurve_proprietary_results.csv,upstream source_file: experiments_cloud/results/ucurve_proprietary/gpt-4.1-mini/ucurve_20260520_111134.json
03_prompt_format,gpt-4.1-mini,GPT-4.1,True,base,semantic_multi,block,10,20,IVQ,ordinal,11,1.0,,1.0,1.0,0.0495,50,,,,,,,raw,experiments_cloud/results/ucurve_proprietary_results.csv,upstream source_file: experiments_cloud/results/ucurve_proprietary/gpt-4.1-mini/ucurve_20260520_111134.json
03_prompt_format,gpt-4.1-mini,GPT-4.1,True,base,semantic_multi,block,10,20,IVQ,ordinal,13,1.0,,1.0,1.0,0.0495,50,,,,,,,raw,experiments_cloud/results/ucurve_proprietary_results.csv,upstream source_file: experiments_cloud/results/ucurve_proprietary/gpt-4.1-mini/ucurve_20260520_111134.json
03_prompt_format,gpt-4.1-mini,GPT-4.1,True,base,semantic_multi,block,10,20,IVQ,ordinal,14,1.0,,1.0,1.0,0.0495,50,,,,,,,raw,experiments_cloud/results/ucurve_proprietary_results.csv,upstream source_file: experiments_cloud/results/ucurve_proprietary/gpt-4.1-mini/ucurve_20260520_111134.json
03_prompt_format,gpt-4.1-mini,GPT-4.1,True,base,semantic_multi,block,10,20,IVQ,ordinal,16,1.0,,1.0,1.0,0.0495,50,,,,,,,raw,experiments_cloud/results/ucurve_proprietary_results.csv,upstream source_file: experiments_cloud/results/ucurve_proprietary/gpt-4.1-mini/ucurve_20260520_111134.json
03_prompt_format,gpt-4.1-mini,GPT-4.1,True,base,semantic_multi,block,10,20,IVQ,ordinal,17,1.0,,1.0,1.0,0.0495,50,,,,,,,raw,experiments_cloud/results/ucurve_proprietary_results.csv,upstream source_file: experiments_cloud/results/ucurve_proprietary/gpt-4.1-mini/ucurve_20260520_111134.json
03_prompt_format,gpt-4.1-mini,GPT-4.1,True,base,semantic_multi,block,10,20,IVQ,ordinal,19,1.0,,1.0,1.0,0.0495,50,,,,,,,raw,experiments_cloud/results/ucurve_proprietary_results.csv,upstream source_file: experiments_cloud/results/ucurve_proprietary/gpt-4.1-mini/ucurve_20260520_111134.json
03_prompt_format,gpt-4.1-mini,GPT-4.1,True,base,semantic_multi,block,10,20,CVQ,ordinal,20,1.0,,1.0,1.0,0.0495,50,,,,,,,raw,experiments_cloud/results/ucurve_proprietary_results.csv,upstream source_file: experiments_cloud/results/ucurve_proprietary/gpt-4.1-mini/ucurve_20260520_111134.json
03_prompt_format,gpt-4.1-mini,GPT-4.1,True,base,semantic_multi,block,10,20,CVQ,semantic,last,1.0,,1.0,1.0,0.0495,50,,,,,,,raw,experiments_cloud/results/ucurve_proprietary_results.csv,upstream source_file: experiments_cloud/results/ucurve_proprietary/gpt-4.1-mini/ucurve_20260520_111134.json
03_prompt_format,gpt-4.1-mini,GPT-4.1,True,base,semantic_multi,block,10,50,FVQ,ordinal,1,0.9888,,0.9663,1.0,0.0355,89,,,,,,,raw,experiments_cloud/results/ucurve_proprietary_results.csv,upstream source_file: experiments_cloud/results/ucurve_proprietary/gpt-4.1-mini/ucurve_20260520_111134.json
03_prompt_format,gpt-4.1-mini,GPT-4.1,True,base,semantic_multi,block,10,50,IVQ,ordinal,2,0.9888,,0.9663,1.0,0.0355,89,,,,,,,raw,experiments_cloud/results/ucurve_proprietary_results.csv,upstream source_file: experiments_cloud/results/ucurve_proprietary/gpt-4.1-mini/ucurve_20260520_111134.json
03_prompt_format,gpt-4.1-mini,GPT-4.1,True,base,semantic_multi,block,10,50,IVQ,ordinal,3,0.9888,,0.9663,1.0,0.0355,89,,,,,,,raw,experiments_cloud/results/ucurve_proprietary_results.csv,upstream source_file: experiments_cloud/results/ucurve_proprietary/gpt-4.1-mini/ucurve_20260520_111134.json
03_prompt_format,gpt-4.1-mini,GPT-4.1,True,base,semantic_multi,block,10,50,IVQ,ordinal,4,0.9888,,0.9663,1.0,0.0355,89,,,,,,,raw,experiments_cloud/results/ucurve_proprietary_results.csv,upstream source_file: experiments_cloud/results/ucurve_proprietary/gpt-4.1-mini/ucurve_20260520_111134.json
03_prompt_format,gpt-4.1-mini,GPT-4.1,True,base,semantic_multi,block,10,50,IVQ,ordinal,5,0.9888,,0.9663,1.0,0.0355,89,,,,,,,raw,experiments_cloud/results/ucurve_proprietary_results.csv,upstream source_file: experiments_cloud/results/ucurve_proprietary/gpt-4.1-mini/ucurve_20260520_111134.json
03_prompt_format,gpt-4.1-mini,GPT-4.1,True,base,semantic_multi,block,10,50,IVQ,ordinal,6,0.9888,,0.9663,1.0,0.0355,89,,,,,,,raw,experiments_cloud/results/ucurve_proprietary_results.csv,upstream source_file: experiments_cloud/results/ucurve_proprietary/gpt-4.1-mini/ucurve_20260520_111134.json
03_prompt_format,gpt-4.1-mini,GPT-4.1,True,base,semantic_multi,block,10,50,IVQ,ordinal,7,0.9888,,0.9663,1.0,0.0355,89,,,,,,,raw,experiments_cloud/results/ucurve_proprietary_results.csv,upstream source_file: experiments_cloud/results/ucurve_proprietary/gpt-4.1-mini/ucurve_20260520_111134.json
03_prompt_format,gpt-4.1-mini,GPT-4.1,True,base,semantic_multi,block,10,50,IVQ,ordinal,8,0.9888,,0.9663,1.0,0.0355,89,,,,,,,raw,experiments_cloud/results/ucurve_proprietary_results.csv,upstream source_file: experiments_cloud/results/ucurve_proprietary/gpt-4.1-mini/ucurve_20260520_111134.json
03_prompt_format,gpt-4.1-mini,GPT-4.1,True,base,semantic_multi,block,10,50,IVQ,ordinal,14,0.9888,,0.9663,1.0,0.0355,89,,,,,,,raw,experiments_cloud/results/ucurve_proprietary_results.csv,upstream source_file: experiments_cloud/results/ucurve_proprietary/gpt-4.1-mini/ucurve_20260520_111134.json
03_prompt_format,gpt-4.1-mini,GPT-4.1,True,base,semantic_multi,block,10,50,IVQ,ordinal,20,0.9888,,0.9663,1.0,0.0355,89,,,,,,,raw,experiments_cloud/results/ucurve_proprietary_results.csv,upstream source_file: experiments_cloud/results/ucurve_proprietary/gpt-4.1-mini/ucurve_20260520_111134.json
03_prompt_format,gpt-4.1-mini,GPT-4.1,True,base,semantic_multi,block,10,50,IVQ,ordinal,26,0.9551,,0.9101,0.9888,0.0497,89,,,,,,,raw,experiments_cloud/results/ucurve_proprietary_results.csv,upstream source_file: experiments_cloud/results/ucurve_proprietary/gpt-4.1-mini/ucurve_20260520_111134.json
03_prompt_format,gpt-4.1-mini,GPT-4.1,True,base,semantic_multi,block,10,50,IVQ,ordinal,31,0.9888,,0.9663,1.0,0.0355,89,,,,,,,raw,experiments_cloud/results/ucurve_proprietary_results.csv,upstream source_file: experiments_cloud/results/ucurve_proprietary/gpt-4.1-mini/ucurve_20260520_111134.json
03_prompt_format,gpt-4.1-mini,GPT-4.1,True,base,semantic_multi,block,10,50,IVQ,ordinal,37,0.9888,,0.9663,1.0,0.0355,89,,,,,,,raw,experiments_cloud/results/ucurve_proprietary_results.csv,upstream source_file: experiments_cloud/results/ucurve_proprietary/gpt-4.1-mini/ucurve_20260520_111134.json
03_prompt_format,gpt-4.1-mini,GPT-4.1,True,base,semantic_multi,block,10,50,IVQ,ordinal,43,0.9888,,0.9663,1.0,0.0355,89,,,,,,,raw,experiments_cloud/results/ucurve_proprietary_results.csv,upstream source_file: experiments_cloud/results/ucurve_proprietary/gpt-4.1-mini/ucurve_20260520_111134.json
03_prompt_format,gpt-4.1-mini,GPT-4.1,True,base,semantic_multi,block,10,50,IVQ,ordinal,49,0.9888,,0.9663,1.0,0.0355,89,,,,,,,raw,experiments_cloud/results/ucurve_proprietary_results.csv,upstream source_file: experiments_cloud/results/ucurve_proprietary/gpt-4.1-mini/ucurve_20260520_111134.json
03_prompt_format,gpt-4.1-mini,GPT-4.1,True,base,semantic_multi,block,10,50,CVQ,ordinal,50,0.9888,,0.9663,1.0,0.0355,89,,,,,,,raw,experiments_cloud/results/ucurve_proprietary_results.csv,upstream source_file: experiments_cloud/results/ucurve_proprietary/gpt-4.1-mini/ucurve_20260520_111134.json
03_prompt_format,gpt-4.1-mini,GPT-4.1,True,base,semantic_multi,block,10,50,CVQ,semantic,last,0.9888,,0.9663,1.0,0.0355,89,,,,,,,raw,experiments_cloud/results/ucurve_proprietary_results.csv,upstream source_file: experiments_cloud/results/ucurve_proprietary/gpt-4.1-mini/ucurve_20260520_111134.json
03_prompt_format,gpt-4.1-mini,GPT-4.1,True,base,semantic_multi,flat_nolabel,5,10,FVQ,ordinal,1,1.0,,1.0,1.0,0.0133,200,,,,,,,raw,experiments_cloud/results/ucurve_proprietary_results.csv,upstream source_file: experiments_cloud/results/ucurve_proprietary/gpt-4.1-mini/ucurve_20260520_111134.json
03_prompt_format,gpt-4.1-mini,GPT-4.1,True,base,semantic_multi,flat_nolabel,5,10,IVQ,ordinal,2,0.975,,0.95,0.995,0.0249,200,,,,,,,raw,experiments_cloud/results/ucurve_proprietary_results.csv,upstream source_file: experiments_cloud/results/ucurve_proprietary/gpt-4.1-mini/ucurve_20260520_111134.json
03_prompt_format,gpt-4.1-mini,GPT-4.1,True,base,semantic_multi,flat_nolabel,5,10,IVQ,ordinal,3,0.79,,0.73,0.845,0.0564,200,,,,,,,raw,experiments_cloud/results/ucurve_proprietary_results.csv,upstream source_file: experiments_cloud/results/ucurve_proprietary/gpt-4.1-mini/ucurve_20260520_111134.json
03_prompt_format,gpt-4.1-mini,GPT-4.1,True,base,semantic_multi,flat_nolabel,5,10,IVQ,ordinal,4,0.39,,0.325,0.455,0.067,200,,,,,,,raw,experiments_cloud/results/ucurve_proprietary_results.csv,upstream source_file: experiments_cloud/results/ucurve_proprietary/gpt-4.1-mini/ucurve_20260520_111134.json
03_prompt_format,gpt-4.1-mini,GPT-4.1,True,base,semantic_multi,flat_nolabel,5,10,IVQ,ordinal,5,0.25,,0.19,0.31,0.0598,200,,,,,,,raw,experiments_cloud/results/ucurve_proprietary_results.csv,upstream source_file: experiments_cloud/results/ucurve_proprietary/gpt-4.1-mini/ucurve_20260520_111134.json
03_prompt_format,gpt-4.1-mini,GPT-4.1,True,base,semantic_multi,flat_nolabel,5,10,IVQ,ordinal,6,0.205,,0.15,0.265,0.056,200,,,,,,,raw,experiments_cloud/results/ucurve_proprietary_results.csv,upstream source_file: experiments_cloud/results/ucurve_proprietary/gpt-4.1-mini/ucurve_20260520_111134.json
03_prompt_format,gpt-4.1-mini,GPT-4.1,True,base,semantic_multi,flat_nolabel,5,10,IVQ,ordinal,7,0.125,,0.08,0.17,0.0465,200,,,,,,,raw,experiments_cloud/results/ucurve_proprietary_results.csv,upstream source_file: experiments_cloud/results/ucurve_proprietary/gpt-4.1-mini/ucurve_20260520_111134.json
03_prompt_format,gpt-4.1-mini,GPT-4.1,True,base,semantic_multi,flat_nolabel,5,10,IVQ,ordinal,8,0.16,,0.11,0.215,0.0511,200,,,,,,,raw,experiments_cloud/results/ucurve_proprietary_results.csv,upstream source_file: experiments_cloud/results/ucurve_proprietary/gpt-4.1-mini/ucurve_20260520_111134.json
03_prompt_format,gpt-4.1-mini,GPT-4.1,True,base,semantic_multi,flat_nolabel,5,10,IVQ,ordinal,9,0.175,,0.12,0.23,0.0529,200,,,,,,,raw,experiments_cloud/results/ucurve_proprietary_results.csv,upstream source_file: experiments_cloud/results/ucurve_proprietary/gpt-4.1-mini/ucurve_20260520_111134.json
03_prompt_format,gpt-4.1-mini,GPT-4.1,True,base,semantic_multi,flat_nolabel,5,10,CVQ,ordinal,10,0.21,,0.15,0.27,0.0564,200,,,,,,,raw,experiments_cloud/results/ucurve_proprietary_results.csv,upstream source_file: experiments_cloud/results/ucurve_proprietary/gpt-4.1-mini/ucurve_20260520_111134.json
03_prompt_format,gpt-4.1-mini,GPT-4.1,True,base,semantic_multi,flat_nolabel,5,10,CVQ,semantic,last,0.965,,0.9399,0.99,0.0281,200,,,,,,,raw,experiments_cloud/results/ucurve_proprietary_results.csv,upstream source_file: experiments_cloud/results/ucurve_proprietary/gpt-4.1-mini/ucurve_20260520_111134.json
03_prompt_format,gpt-4.1-mini,GPT-4.1,True,base,semantic_multi,flat_nolabel,5,20,FVQ,ordinal,1,1.0,,1.0,1.0,0.0133,200,,,,,,,raw,experiments_cloud/results/ucurve_proprietary_results.csv,upstream source_file: experiments_cloud/results/ucurve_proprietary/gpt-4.1-mini/ucurve_20260520_111134.json
03_prompt_format,gpt-4.1-mini,GPT-4.1,True,base,semantic_multi,flat_nolabel,5,20,IVQ,ordinal,2,0.99,,0.975,1.0,0.0189,200,,,,,,,raw,experiments_cloud/results/ucurve_proprietary_results.csv,upstream source_file: experiments_cloud/results/ucurve_proprietary/gpt-4.1-mini/ucurve_20260520_111134.json
03_prompt_format,gpt-4.1-mini,GPT-4.1,True,base,semantic_multi,flat_nolabel,5,20,IVQ,ordinal,3,0.82,,0.765,0.87,0.0534,200,,,,,,,raw,experiments_cloud/results/ucurve_proprietary_results.csv,upstream source_file: experiments_cloud/results/ucurve_proprietary/gpt-4.1-mini/ucurve_20260520_111134.json
03_prompt_format,gpt-4.1-mini,GPT-4.1,True,base,semantic_multi,flat_nolabel,5,20,IVQ,ordinal,4,0.37,,0.305,0.435,0.0664,200,,,,,,,raw,experiments_cloud/results/ucurve_proprietary_results.csv,upstream source_file: experiments_cloud/results/ucurve_proprietary/gpt-4.1-mini/ucurve_20260520_111134.json
03_prompt_format,gpt-4.1-mini,GPT-4.1,True,base,semantic_multi,flat_nolabel,5,20,IVQ,ordinal,5,0.225,,0.165,0.285,0.0578,200,,,,,,,raw,experiments_cloud/results/ucurve_proprietary_results.csv,upstream source_file: experiments_cloud/results/ucurve_proprietary/gpt-4.1-mini/ucurve_20260520_111134.json
03_prompt_format,gpt-4.1-mini,GPT-4.1,True,base,semantic_multi,flat_nolabel,5,20,IVQ,ordinal,6,0.14,,0.095,0.19,0.0486,200,,,,,,,raw,experiments_cloud/results/ucurve_proprietary_results.csv,upstream source_file: experiments_cloud/results/ucurve_proprietary/gpt-4.1-mini/ucurve_20260520_111134.json
03_prompt_format,gpt-4.1-mini,GPT-4.1,True,base,semantic_multi,flat_nolabel,5,20,IVQ,ordinal,7,0.095,,0.055,0.14,0.0417,200,,,,,,,raw,experiments_cloud/results/ucurve_proprietary_results.csv,upstream source_file: experiments_cloud/results/ucurve_proprietary/gpt-4.1-mini/ucurve_20260520_111134.json
03_prompt_format,gpt-4.1-mini,GPT-4.1,True,base,semantic_multi,flat_nolabel,5,20,IVQ,ordinal,8,0.095,,0.055,0.135,0.0417,200,,,,,,,raw,experiments_cloud/results/ucurve_proprietary_results.csv,upstream source_file: experiments_cloud/results/ucurve_proprietary/gpt-4.1-mini/ucurve_20260520_111134.json
03_prompt_format,gpt-4.1-mini,GPT-4.1,True,base,semantic_multi,flat_nolabel,5,20,IVQ,ordinal,10,0.04,,0.015,0.07,0.0295,200,,,,,,,raw,experiments_cloud/results/ucurve_proprietary_results.csv,upstream source_file: experiments_cloud/results/ucurve_proprietary/gpt-4.1-mini/ucurve_20260520_111134.json
03_prompt_format,gpt-4.1-mini,GPT-4.1,True,base,semantic_multi,flat_nolabel,5,20,IVQ,ordinal,11,0.065,,0.0349,0.1,0.0358,200,,,,,,,raw,experiments_cloud/results/ucurve_proprietary_results.csv,upstream source_file: experiments_cloud/results/ucurve_proprietary/gpt-4.1-mini/ucurve_20260520_111134.json
03_prompt_format,gpt-4.1-mini,GPT-4.1,True,base,semantic_multi,flat_nolabel,5,20,IVQ,ordinal,13,0.035,,0.01,0.065,0.0281,200,,,,,,,raw,experiments_cloud/results/ucurve_proprietary_results.csv,upstream source_file: experiments_cloud/results/ucurve_proprietary/gpt-4.1-mini/ucurve_20260520_111134.json
03_prompt_format,gpt-4.1-mini,GPT-4.1,True,base,semantic_multi,flat_nolabel,5,20,IVQ,ordinal,14,0.015,,0.0,0.035,0.0211,200,,,,,,,raw,experiments_cloud/results/ucurve_proprietary_results.csv,upstream source_file: experiments_cloud/results/ucurve_proprietary/gpt-4.1-mini/ucurve_20260520_111134.json
03_prompt_format,gpt-4.1-mini,GPT-4.1,True,base,semantic_multi,flat_nolabel,5,20,IVQ,ordinal,16,0.005,,0.0,0.015,0.0163,200,,,,,,,raw,experiments_cloud/results/ucurve_proprietary_results.csv,upstream source_file: experiments_cloud/results/ucurve_proprietary/gpt-4.1-mini/ucurve_20260520_111134.json
03_prompt_format,gpt-4.1-mini,GPT-4.1,True,base,semantic_multi,flat_nolabel,5,20,IVQ,ordinal,17,0.025,,0.005,0.05,0.0249,200,,,,,,,raw,experiments_cloud/results/ucurve_proprietary_results.csv,upstream source_file: experiments_cloud/results/ucurve_proprietary/gpt-4.1-mini/ucurve_20260520_111134.json
03_prompt_format,gpt-4.1-mini,GPT-4.1,True,base,semantic_multi,flat_nolabel,5,20,IVQ,ordinal,19,0.035,,0.01,0.065,0.0281,200,,,,,,,raw,experiments_cloud/results/ucurve_proprietary_results.csv,upstream source_file: experiments_cloud/results/ucurve_proprietary/gpt-4.1-mini/ucurve_20260520_111134.json
03_prompt_format,gpt-4.1-mini,GPT-4.1,True,base,semantic_multi,flat_nolabel,5,20,CVQ,ordinal,20,0.03,,0.01,0.055,0.0265,200,,,,,,,raw,experiments_cloud/results/ucurve_proprietary_results.csv,upstream source_file: experiments_cloud/results/ucurve_proprietary/gpt-4.1-mini/ucurve_20260520_111134.json
03_prompt_format,gpt-4.1-mini,GPT-4.1,True,base,semantic_multi,flat_nolabel,5,20,CVQ,semantic,last,0.925,,0.885,0.96,0.0379,200,,,,,,,raw,experiments_cloud/results/ucurve_proprietary_results.csv,upstream source_file: experiments_cloud/results/ucurve_proprietary/gpt-4.1-mini/ucurve_20260520_111134.json
03_prompt_format,gpt-4.1-mini,GPT-4.1,True,base,semantic_multi,flat_nolabel,5,50,FVQ,ordinal,1,1.0,,1.0,1.0,0.0133,200,,,,,,,raw,experiments_cloud/results/ucurve_proprietary_results.csv,upstream source_file: experiments_cloud/results/ucurve_proprietary/gpt-4.1-mini/ucurve_20260520_111134.json
03_prompt_format,gpt-4.1-mini,GPT-4.1,True,base,semantic_multi,flat_nolabel,5,50,IVQ,ordinal,2,0.975,,0.95,0.995,0.0249,200,,,,,,,raw,experiments_cloud/results/ucurve_proprietary_results.csv,upstream source_file: experiments_cloud/results/ucurve_proprietary/gpt-4.1-mini/ucurve_20260520_111134.json
03_prompt_format,gpt-4.1-mini,GPT-4.1,True,base,semantic_multi,flat_nolabel,5,50,IVQ,ordinal,3,0.6,,0.53,0.67,0.0673,200,,,,,,,raw,experiments_cloud/results/ucurve_proprietary_results.csv,upstream source_file: experiments_cloud/results/ucurve_proprietary/gpt-4.1-mini/ucurve_20260520_111134.json
03_prompt_format,gpt-4.1-mini,GPT-4.1,True,base,semantic_multi,flat_nolabel,5,50,IVQ,ordinal,4,0.225,,0.17,0.285,0.0578,200,,,,,,,raw,experiments_cloud/results/ucurve_proprietary_results.csv,upstream source_file: experiments_cloud/results/ucurve_proprietary/gpt-4.1-mini/ucurve_20260520_111134.json
03_prompt_format,gpt-4.1-mini,GPT-4.1,True,base,semantic_multi,flat_nolabel,5,50,IVQ,ordinal,5,0.12,,0.075,0.165,0.0457,200,,,,,,,raw,experiments_cloud/results/ucurve_proprietary_results.csv,upstream source_file: experiments_cloud/results/ucurve_proprietary/gpt-4.1-mini/ucurve_20260520_111134.json
03_prompt_format,gpt-4.1-mini,GPT-4.1,True,base,semantic_multi,flat_nolabel,5,50,IVQ,ordinal,6,0.08,,0.045,0.12,0.0389,200,,,,,,,raw,experiments_cloud/results/ucurve_proprietary_results.csv,upstream source_file: experiments_cloud/results/ucurve_proprietary/gpt-4.1-mini/ucurve_20260520_111134.json
03_prompt_format,gpt-4.1-mini,GPT-4.1,True,base,semantic_multi,flat_nolabel,5,50,IVQ,ordinal,7,0.05,,0.02,0.08,0.0322,200,,,,,,,raw,experiments_cloud/results/ucurve_proprietary_results.csv,upstream source_file: experiments_cloud/results/ucurve_proprietary/gpt-4.1-mini/ucurve_20260520_111134.json
03_prompt_format,gpt-4.1-mini,GPT-4.1,True,base,semantic_multi,flat_nolabel,5,50,IVQ,ordinal,8,0.055,,0.025,0.0851,0.0334,200,,,,,,,raw,experiments_cloud/results/ucurve_proprietary_results.csv,upstream source_file: experiments_cloud/results/ucurve_proprietary/gpt-4.1-mini/ucurve_20260520_111134.json
03_prompt_format,gpt-4.1-mini,GPT-4.1,True,base,semantic_multi,flat_nolabel,5,50,IVQ,ordinal,14,0.035,,0.01,0.065,0.0281,200,,,,,,,raw,experiments_cloud/results/ucurve_proprietary_results.csv,upstream source_file: experiments_cloud/results/ucurve_proprietary/gpt-4.1-mini/ucurve_20260520_111134.json
03_prompt_format,gpt-4.1-mini,GPT-4.1,True,base,semantic_multi,flat_nolabel,5,50,IVQ,ordinal,20,0.025,,0.005,0.05,0.0249,200,,,,,,,raw,experiments_cloud/results/ucurve_proprietary_results.csv,upstream source_file: experiments_cloud/results/ucurve_proprietary/gpt-4.1-mini/ucurve_20260520_111134.json
03_prompt_format,gpt-4.1-mini,GPT-4.1,True,base,semantic_multi,flat_nolabel,5,50,IVQ,ordinal,26,0.01,,0.0,0.025,0.0189,200,,,,,,,raw,experiments_cloud/results/ucurve_proprietary_results.csv,upstream source_file: experiments_cloud/results/ucurve_proprietary/gpt-4.1-mini/ucurve_20260520_111134.json
03_prompt_format,gpt-4.1-mini,GPT-4.1,True,base,semantic_multi,flat_nolabel,5,50,IVQ,ordinal,31,0.005,,0.0,0.015,0.0163,200,,,,,,,raw,experiments_cloud/results/ucurve_proprietary_results.csv,upstream source_file: experiments_cloud/results/ucurve_proprietary/gpt-4.1-mini/ucurve_20260520_111134.json
03_prompt_format,gpt-4.1-mini,GPT-4.1,True,base,semantic_multi,flat_nolabel,5,50,IVQ,ordinal,37,0.02,,0.005,0.04,0.0231,200,,,,,,,raw,experiments_cloud/results/ucurve_proprietary_results.csv,upstream source_file: experiments_cloud/results/ucurve_proprietary/gpt-4.1-mini/ucurve_20260520_111134.json
03_prompt_format,gpt-4.1-mini,GPT-4.1,True,base,semantic_multi,flat_nolabel,5,50,IVQ,ordinal,43,0.015,,0.0,0.035,0.0211,200,,,,,,,raw,experiments_cloud/results/ucurve_proprietary_results.csv,upstream source_file: experiments_cloud/results/ucurve_proprietary/gpt-4.1-mini/ucurve_20260520_111134.json
03_prompt_format,gpt-4.1-mini,GPT-4.1,True,base,semantic_multi,flat_nolabel,5,50,IVQ,ordinal,49,0.015,,0.0,0.035,0.0211,200,,,,,,,raw,experiments_cloud/results/ucurve_proprietary_results.csv,upstream source_file: experiments_cloud/results/ucurve_proprietary/gpt-4.1-mini/ucurve_20260520_111134.json
03_prompt_format,gpt-4.1-mini,GPT-4.1,True,base,semantic_multi,flat_nolabel,5,50,CVQ,ordinal,50,0.005,,0.0,0.015,0.0163,200,,,,,,,raw,experiments_cloud/results/ucurve_proprietary_results.csv,upstream source_file: experiments_cloud/results/ucurve_proprietary/gpt-4.1-mini/ucurve_20260520_111134.json
03_prompt_format,gpt-4.1-mini,GPT-4.1,True,base,semantic_multi,flat_nolabel,5,50,CVQ,semantic,last,0.855,,0.805,0.9,0.0492,200,,,,,,,raw,experiments_cloud/results/ucurve_proprietary_results.csv,upstream source_file: experiments_cloud/results/ucurve_proprietary/gpt-4.1-mini/ucurve_20260520_111134.json
03_prompt_format,gpt-4.1-mini,GPT-4.1,True,base,semantic_multi,flat_nolabel,10,10,FVQ,ordinal,1,1.0,,1.0,1.0,0.0133,200,,,,,,,raw,experiments_cloud/results/ucurve_proprietary_results.csv,upstream source_file: experiments_cloud/results/ucurve_proprietary/gpt-4.1-mini/ucurve_20260520_111134.json
03_prompt_format,gpt-4.1-mini,GPT-4.1,True,base,semantic_multi,flat_nolabel,10,10,IVQ,ordinal,2,0.97,,0.945,0.99,0.0265,200,,,,,,,raw,experiments_cloud/results/ucurve_proprietary_results.csv,upstream source_file: experiments_cloud/results/ucurve_proprietary/gpt-4.1-mini/ucurve_20260520_111134.json
03_prompt_format,gpt-4.1-mini,GPT-4.1,True,base,semantic_multi,flat_nolabel,10,10,IVQ,ordinal,3,0.665,,0.6,0.73,0.0649,200,,,,,,,raw,experiments_cloud/results/ucurve_proprietary_results.csv,upstream source_file: experiments_cloud/results/ucurve_proprietary/gpt-4.1-mini/ucurve_20260520_111134.json
03_prompt_format,gpt-4.1-mini,GPT-4.1,True,base,semantic_multi,flat_nolabel,10,10,IVQ,ordinal,4,0.3,,0.235,0.365,0.0631,200,,,,,,,raw,experiments_cloud/results/ucurve_proprietary_results.csv,upstream source_file: experiments_cloud/results/ucurve_proprietary/gpt-4.1-mini/ucurve_20260520_111134.json
03_prompt_format,gpt-4.1-mini,GPT-4.1,True,base,semantic_multi,flat_nolabel,10,10,IVQ,ordinal,5,0.21,,0.155,0.265,0.0564,200,,,,,,,raw,experiments_cloud/results/ucurve_proprietary_results.csv,upstream source_file: experiments_cloud/results/ucurve_proprietary/gpt-4.1-mini/ucurve_20260520_111134.json
03_prompt_format,gpt-4.1-mini,GPT-4.1,True,base,semantic_multi,flat_nolabel,10,10,IVQ,ordinal,6,0.18,,0.13,0.235,0.0534,200,,,,,,,raw,experiments_cloud/results/ucurve_proprietary_results.csv,upstream source_file: experiments_cloud/results/ucurve_proprietary/gpt-4.1-mini/ucurve_20260520_111134.json
03_prompt_format,gpt-4.1-mini,GPT-4.1,True,base,semantic_multi,flat_nolabel,10,10,IVQ,ordinal,7,0.16,,0.11,0.21,0.0511,200,,,,,,,raw,experiments_cloud/results/ucurve_proprietary_results.csv,upstream source_file: experiments_cloud/results/ucurve_proprietary/gpt-4.1-mini/ucurve_20260520_111134.json
03_prompt_format,gpt-4.1-mini,GPT-4.1,True,base,semantic_multi,flat_nolabel,10,10,IVQ,ordinal,8,0.185,,0.135,0.24,0.054,200,,,,,,,raw,experiments_cloud/results/ucurve_proprietary_results.csv,upstream source_file: experiments_cloud/results/ucurve_proprietary/gpt-4.1-mini/ucurve_20260520_111134.json
03_prompt_format,gpt-4.1-mini,GPT-4.1,True,base,semantic_multi,flat_nolabel,10,10,IVQ,ordinal,9,0.145,,0.0999,0.195,0.0492,200,,,,,,,raw,experiments_cloud/results/ucurve_proprietary_results.csv,upstream source_file: experiments_cloud/results/ucurve_proprietary/gpt-4.1-mini/ucurve_20260520_111134.json
03_prompt_format,gpt-4.1-mini,GPT-4.1,True,base,semantic_multi,flat_nolabel,10,10,CVQ,ordinal,10,0.29,,0.23,0.35,0.0625,200,,,,,,,raw,experiments_cloud/results/ucurve_proprietary_results.csv,upstream source_file: experiments_cloud/results/ucurve_proprietary/gpt-4.1-mini/ucurve_20260520_111134.json
03_prompt_format,gpt-4.1-mini,GPT-4.1,True,base,semantic_multi,flat_nolabel,10,10,CVQ,semantic,last,0.935,,0.9,0.965,0.0358,200,,,,,,,raw,experiments_cloud/results/ucurve_proprietary_results.csv,upstream source_file: experiments_cloud/results/ucurve_proprietary/gpt-4.1-mini/ucurve_20260520_111134.json
03_prompt_format,gpt-4.1-mini,GPT-4.1,True,base,semantic_multi,flat_nolabel,10,20,FVQ,ordinal,1,1.0,,1.0,1.0,0.0133,200,,,,,,,raw,experiments_cloud/results/ucurve_proprietary_results.csv,upstream source_file: experiments_cloud/results/ucurve_proprietary/gpt-4.1-mini/ucurve_20260520_111134.json
03_prompt_format,gpt-4.1-mini,GPT-4.1,True,base,semantic_multi,flat_nolabel,10,20,IVQ,ordinal,2,0.975,,0.95,0.995,0.0249,200,,,,,,,raw,experiments_cloud/results/ucurve_proprietary_results.csv,upstream source_file: experiments_cloud/results/ucurve_proprietary/gpt-4.1-mini/ucurve_20260520_111134.json
03_prompt_format,gpt-4.1-mini,GPT-4.1,True,base,semantic_multi,flat_nolabel,10,20,IVQ,ordinal,3,0.63,,0.565,0.7,0.0664,200,,,,,,,raw,experiments_cloud/results/ucurve_proprietary_results.csv,upstream source_file: experiments_cloud/results/ucurve_proprietary/gpt-4.1-mini/ucurve_20260520_111134.json
03_prompt_format,gpt-4.1-mini,GPT-4.1,True,base,semantic_multi,flat_nolabel,10,20,IVQ,ordinal,4,0.225,,0.17,0.285,0.0578,200,,,,,,,raw,experiments_cloud/results/ucurve_proprietary_results.csv,upstream source_file: experiments_cloud/results/ucurve_proprietary/gpt-4.1-mini/ucurve_20260520_111134.json
03_prompt_format,gpt-4.1-mini,GPT-4.1,True,base,semantic_multi,flat_nolabel,10,20,IVQ,ordinal,5,0.165,,0.115,0.215,0.0517,200,,,,,,,raw,experiments_cloud/results/ucurve_proprietary_results.csv,upstream source_file: experiments_cloud/results/ucurve_proprietary/gpt-4.1-mini/ucurve_20260520_111134.json
03_prompt_format,gpt-4.1-mini,GPT-4.1,True,base,semantic_multi,flat_nolabel,10,20,IVQ,ordinal,6,0.115,,0.075,0.16,0.045,200,,,,,,,raw,experiments_cloud/results/ucurve_proprietary_results.csv,upstream source_file: experiments_cloud/results/ucurve_proprietary/gpt-4.1-mini/ucurve_20260520_111134.json
03_prompt_format,gpt-4.1-mini,GPT-4.1,True,base,semantic_multi,flat_nolabel,10,20,IVQ,ordinal,7,0.055,,0.025,0.09,0.0334,200,,,,,,,raw,experiments_cloud/results/ucurve_proprietary_results.csv,upstream source_file: experiments_cloud/results/ucurve_proprietary/gpt-4.1-mini/ucurve_20260520_111134.json
03_prompt_format,gpt-4.1-mini,GPT-4.1,True,base,semantic_multi,flat_nolabel,10,20,IVQ,ordinal,8,0.08,,0.045,0.12,0.0389,200,,,,,,,raw,experiments_cloud/results/ucurve_proprietary_results.csv,upstream source_file: experiments_cloud/results/ucurve_proprietary/gpt-4.1-mini/ucurve_20260520_111134.json
03_prompt_format,gpt-4.1-mini,GPT-4.1,True,base,semantic_multi,flat_nolabel,10,20,IVQ,ordinal,10,0.065,,0.035,0.1,0.0358,200,,,,,,,raw,experiments_cloud/results/ucurve_proprietary_results.csv,upstream source_file: experiments_cloud/results/ucurve_proprietary/gpt-4.1-mini/ucurve_20260520_111134.json
03_prompt_format,gpt-4.1-mini,GPT-4.1,True,base,semantic_multi,flat_nolabel,10,20,IVQ,ordinal,11,0.045,,0.02,0.075,0.0309,200,,,,,,,raw,experiments_cloud/results/ucurve_proprietary_results.csv,upstream source_file: experiments_cloud/results/ucurve_proprietary/gpt-4.1-mini/ucurve_20260520_111134.json
03_prompt_format,gpt-4.1-mini,GPT-4.1,True,base,semantic_multi,flat_nolabel,10,20,IVQ,ordinal,13,0.035,,0.01,0.06,0.0281,200,,,,,,,raw,experiments_cloud/results/ucurve_proprietary_results.csv,upstream source_file: experiments_cloud/results/ucurve_proprietary/gpt-4.1-mini/ucurve_20260520_111134.json
03_prompt_format,gpt-4.1-mini,GPT-4.1,True,base,semantic_multi,flat_nolabel,10,20,IVQ,ordinal,14,0.04,,0.015,0.07,0.0295,200,,,,,,,raw,experiments_cloud/results/ucurve_proprietary_results.csv,upstream source_file: experiments_cloud/results/ucurve_proprietary/gpt-4.1-mini/ucurve_20260520_111134.json
03_prompt_format,gpt-4.1-mini,GPT-4.1,True,base,semantic_multi,flat_nolabel,10,20,IVQ,ordinal,16,0.01,,0.0,0.025,0.0189,200,,,,,,,raw,experiments_cloud/results/ucurve_proprietary_results.csv,upstream source_file: experiments_cloud/results/ucurve_proprietary/gpt-4.1-mini/ucurve_20260520_111134.json
03_prompt_format,gpt-4.1-mini,GPT-4.1,True,base,semantic_multi,flat_nolabel,10,20,IVQ,ordinal,17,0.065,,0.03,0.1,0.0358,200,,,,,,,raw,experiments_cloud/results/ucurve_proprietary_results.csv,upstream source_file: experiments_cloud/results/ucurve_proprietary/gpt-4.1-mini/ucurve_20260520_111134.json
03_prompt_format,gpt-4.1-mini,GPT-4.1,True,base,semantic_multi,flat_nolabel,10,20,IVQ,ordinal,19,0.115,,0.075,0.1601,0.045,200,,,,,,,raw,experiments_cloud/results/ucurve_proprietary_results.csv,upstream source_file: experiments_cloud/results/ucurve_proprietary/gpt-4.1-mini/ucurve_20260520_111134.json
03_prompt_format,gpt-4.1-mini,GPT-4.1,True,base,semantic_multi,flat_nolabel,10,20,CVQ,ordinal,20,0.15,,0.105,0.2001,0.0499,200,,,,,,,raw,experiments_cloud/results/ucurve_proprietary_results.csv,upstream source_file: experiments_cloud/results/ucurve_proprietary/gpt-4.1-mini/ucurve_20260520_111134.json
03_prompt_format,gpt-4.1-mini,GPT-4.1,True,base,semantic_multi,flat_nolabel,10,20,CVQ,semantic,last,0.875,,0.83,0.92,0.0465,200,,,,,,,raw,experiments_cloud/results/ucurve_proprietary_results.csv,upstream source_file: experiments_cloud/results/ucurve_proprietary/gpt-4.1-mini/ucurve_20260520_111134.json
03_prompt_format,gpt-4.1-mini,GPT-4.1,True,base,semantic_multi,flat_nolabel,10,50,FVQ,ordinal,1,1.0,,1.0,1.0,0.0133,200,,,,,,,raw,experiments_cloud/results/ucurve_proprietary_results.csv,upstream source_file: experiments_cloud/results/ucurve_proprietary/gpt-4.1-mini/ucurve_20260520_111134.json
03_prompt_format,gpt-4.1-mini,GPT-4.1,True,base,semantic_multi,flat_nolabel,10,50,IVQ,ordinal,2,0.895,,0.85,0.935,0.0434,200,,,,,,,raw,experiments_cloud/results/ucurve_proprietary_results.csv,upstream source_file: experiments_cloud/results/ucurve_proprietary/gpt-4.1-mini/ucurve_20260520_111134.json
03_prompt_format,gpt-4.1-mini,GPT-4.1,True,base,semantic_multi,flat_nolabel,10,50,IVQ,ordinal,3,0.45,,0.385,0.52,0.0683,200,,,,,,,raw,experiments_cloud/results/ucurve_proprietary_results.csv,upstream source_file: experiments_cloud/results/ucurve_proprietary/gpt-4.1-mini/ucurve_20260520_111134.json
03_prompt_format,gpt-4.1-mini,GPT-4.1,True,base,semantic_multi,flat_nolabel,10,50,IVQ,ordinal,4,0.185,,0.135,0.24,0.054,200,,,,,,,raw,experiments_cloud/results/ucurve_proprietary_results.csv,upstream source_file: experiments_cloud/results/ucurve_proprietary/gpt-4.1-mini/ucurve_20260520_111134.json
03_prompt_format,gpt-4.1-mini,GPT-4.1,True,base,semantic_multi,flat_nolabel,10,50,IVQ,ordinal,5,0.11,,0.07,0.155,0.0442,200,,,,,,,raw,experiments_cloud/results/ucurve_proprietary_results.csv,upstream source_file: experiments_cloud/results/ucurve_proprietary/gpt-4.1-mini/ucurve_20260520_111134.json
03_prompt_format,gpt-4.1-mini,GPT-4.1,True,base,semantic_multi,flat_nolabel,10,50,IVQ,ordinal,6,0.08,,0.045,0.12,0.0389,200,,,,,,,raw,experiments_cloud/results/ucurve_proprietary_results.csv,upstream source_file: experiments_cloud/results/ucurve_proprietary/gpt-4.1-mini/ucurve_20260520_111134.json
03_prompt_format,gpt-4.1-mini,GPT-4.1,True,base,semantic_multi,flat_nolabel,10,50,IVQ,ordinal,7,0.09,,0.05,0.13,0.0408,200,,,,,,,raw,experiments_cloud/results/ucurve_proprietary_results.csv,upstream source_file: experiments_cloud/results/ucurve_proprietary/gpt-4.1-mini/ucurve_20260520_111134.json
03_prompt_format,gpt-4.1-mini,GPT-4.1,True,base,semantic_multi,flat_nolabel,10,50,IVQ,ordinal,8,0.055,,0.025,0.09,0.0334,200,,,,,,,raw,experiments_cloud/results/ucurve_proprietary_results.csv,upstream source_file: experiments_cloud/results/ucurve_proprietary/gpt-4.1-mini/ucurve_20260520_111134.json
03_prompt_format,gpt-4.1-mini,GPT-4.1,True,base,semantic_multi,flat_nolabel,10,50,IVQ,ordinal,14,0.04,,0.015,0.07,0.0295,200,,,,,,,raw,experiments_cloud/results/ucurve_proprietary_results.csv,upstream source_file: experiments_cloud/results/ucurve_proprietary/gpt-4.1-mini/ucurve_20260520_111134.json
03_prompt_format,gpt-4.1-mini,GPT-4.1,True,base,semantic_multi,flat_nolabel,10,50,IVQ,ordinal,20,0.02,,0.005,0.04,0.0231,200,,,,,,,raw,experiments_cloud/results/ucurve_proprietary_results.csv,upstream source_file: experiments_cloud/results/ucurve_proprietary/gpt-4.1-mini/ucurve_20260520_111134.json
03_prompt_format,gpt-4.1-mini,GPT-4.1,True,base,semantic_multi,flat_nolabel,10,50,IVQ,ordinal,26,0.015,,0.0,0.035,0.0211,200,,,,,,,raw,experiments_cloud/results/ucurve_proprietary_results.csv,upstream source_file: experiments_cloud/results/ucurve_proprietary/gpt-4.1-mini/ucurve_20260520_111134.json
03_prompt_format,gpt-4.1-mini,GPT-4.1,True,base,semantic_multi,flat_nolabel,10,50,IVQ,ordinal,31,0.03,,0.01,0.055,0.0265,200,,,,,,,raw,experiments_cloud/results/ucurve_proprietary_results.csv,upstream source_file: experiments_cloud/results/ucurve_proprietary/gpt-4.1-mini/ucurve_20260520_111134.json
03_prompt_format,gpt-4.1-mini,GPT-4.1,True,base,semantic_multi,flat_nolabel,10,50,IVQ,ordinal,37,0.02,,0.0049,0.04,0.0231,200,,,,,,,raw,experiments_cloud/results/ucurve_proprietary_results.csv,upstream source_file: experiments_cloud/results/ucurve_proprietary/gpt-4.1-mini/ucurve_20260520_111134.json
03_prompt_format,gpt-4.1-mini,GPT-4.1,True,base,semantic_multi,flat_nolabel,10,50,IVQ,ordinal,43,0.0,,0.0,0.0,0.0133,200,,,,,,,raw,experiments_cloud/results/ucurve_proprietary_results.csv,upstream source_file: experiments_cloud/results/ucurve_proprietary/gpt-4.1-mini/ucurve_20260520_111134.json
03_prompt_format,gpt-4.1-mini,GPT-4.1,True,base,semantic_multi,flat_nolabel,10,50,IVQ,ordinal,49,0.02,,0.005,0.04,0.0231,200,,,,,,,raw,experiments_cloud/results/ucurve_proprietary_results.csv,upstream source_file: experiments_cloud/results/ucurve_proprietary/gpt-4.1-mini/ucurve_20260520_111134.json
03_prompt_format,gpt-4.1-mini,GPT-4.1,True,base,semantic_multi,flat_nolabel,10,50,CVQ,ordinal,50,0.02,,0.005,0.04,0.0231,200,,,,,,,raw,experiments_cloud/results/ucurve_proprietary_results.csv,upstream source_file: experiments_cloud/results/ucurve_proprietary/gpt-4.1-mini/ucurve_20260520_111134.json
03_prompt_format,gpt-4.1-mini,GPT-4.1,True,base,semantic_multi,flat_nolabel,10,50,CVQ,semantic,last,0.765,,0.705,0.825,0.0586,200,,,,,,,raw,experiments_cloud/results/ucurve_proprietary_results.csv,upstream source_file: experiments_cloud/results/ucurve_proprietary/gpt-4.1-mini/ucurve_20260520_111134.json
03_prompt_format,gpt-4.1-mini,GPT-4.1,True,base,semantic_multi,flat_verbose,5,10,FVQ,ordinal,1,1.0,,1.0,1.0,0.0317,81,,,,,,,raw,experiments_cloud/results/ucurve_proprietary_results.csv,upstream source_file: experiments_cloud/results/ucurve_proprietary/gpt-4.1-mini/ucurve_20260520_111134.json
03_prompt_format,gpt-4.1-mini,GPT-4.1,True,base,semantic_multi,flat_verbose,5,10,IVQ,ordinal,2,1.0,,1.0,1.0,0.0317,81,,,,,,,raw,experiments_cloud/results/ucurve_proprietary_results.csv,upstream source_file: experiments_cloud/results/ucurve_proprietary/gpt-4.1-mini/ucurve_20260520_111134.json
03_prompt_format,gpt-4.1-mini,GPT-4.1,True,base,semantic_multi,flat_verbose,5,10,IVQ,ordinal,3,1.0,,1.0,1.0,0.0317,81,,,,,,,raw,experiments_cloud/results/ucurve_proprietary_results.csv,upstream source_file: experiments_cloud/results/ucurve_proprietary/gpt-4.1-mini/ucurve_20260520_111134.json
03_prompt_format,gpt-4.1-mini,GPT-4.1,True,base,semantic_multi,flat_verbose,5,10,IVQ,ordinal,4,1.0,,1.0,1.0,0.0317,81,,,,,,,raw,experiments_cloud/results/ucurve_proprietary_results.csv,upstream source_file: experiments_cloud/results/ucurve_proprietary/gpt-4.1-mini/ucurve_20260520_111134.json
03_prompt_format,gpt-4.1-mini,GPT-4.1,True,base,semantic_multi,flat_verbose,5,10,IVQ,ordinal,5,0.9877,,0.963,1.0,0.0388,81,,,,,,,raw,experiments_cloud/results/ucurve_proprietary_results.csv,upstream source_file: experiments_cloud/results/ucurve_proprietary/gpt-4.1-mini/ucurve_20260520_111134.json
03_prompt_format,gpt-4.1-mini,GPT-4.1,True,base,semantic_multi,flat_verbose,5,10,IVQ,ordinal,6,1.0,,1.0,1.0,0.0317,81,,,,,,,raw,experiments_cloud/results/ucurve_proprietary_results.csv,upstream source_file: experiments_cloud/results/ucurve_proprietary/gpt-4.1-mini/ucurve_20260520_111134.json
03_prompt_format,gpt-4.1-mini,GPT-4.1,True,base,semantic_multi,flat_verbose,5,10,IVQ,ordinal,7,1.0,,1.0,1.0,0.0317,81,,,,,,,raw,experiments_cloud/results/ucurve_proprietary_results.csv,upstream source_file: experiments_cloud/results/ucurve_proprietary/gpt-4.1-mini/ucurve_20260520_111134.json
03_prompt_format,gpt-4.1-mini,GPT-4.1,True,base,semantic_multi,flat_verbose,5,10,IVQ,ordinal,8,0.9877,,0.963,1.0,0.0388,81,,,,,,,raw,experiments_cloud/results/ucurve_proprietary_results.csv,upstream source_file: experiments_cloud/results/ucurve_proprietary/gpt-4.1-mini/ucurve_20260520_111134.json
03_prompt_format,gpt-4.1-mini,GPT-4.1,True,base,semantic_multi,flat_verbose,5,10,IVQ,ordinal,9,1.0,,1.0,1.0,0.0317,81,,,,,,,raw,experiments_cloud/results/ucurve_proprietary_results.csv,upstream source_file: experiments_cloud/results/ucurve_proprietary/gpt-4.1-mini/ucurve_20260520_111134.json
03_prompt_format,gpt-4.1-mini,GPT-4.1,True,base,semantic_multi,flat_verbose,5,10,CVQ,ordinal,10,1.0,,1.0,1.0,0.0317,81,,,,,,,raw,experiments_cloud/results/ucurve_proprietary_results.csv,upstream source_file: experiments_cloud/results/ucurve_proprietary/gpt-4.1-mini/ucurve_20260520_111134.json
03_prompt_format,gpt-4.1-mini,GPT-4.1,True,base,semantic_multi,flat_verbose,5,10,CVQ,semantic,last,0.963,,0.9136,1.0,0.0497,81,,,,,,,raw,experiments_cloud/results/ucurve_proprietary_results.csv,upstream source_file: experiments_cloud/results/ucurve_proprietary/gpt-4.1-mini/ucurve_20260520_111134.json
03_prompt_format,gpt-4.1-mini,GPT-4.1,True,base,semantic_multi,flat_verbose,5,20,FVQ,ordinal,1,1.0,,1.0,1.0,0.0407,62,,,,,,,raw,experiments_cloud/results/ucurve_proprietary_results.csv,upstream source_file: experiments_cloud/results/ucurve_proprietary/gpt-4.1-mini/ucurve_20260520_111134.json
03_prompt_format,gpt-4.1-mini,GPT-4.1,True,base,semantic_multi,flat_verbose,5,20,IVQ,ordinal,2,1.0,,1.0,1.0,0.0407,62,,,,,,,raw,experiments_cloud/results/ucurve_proprietary_results.csv,upstream source_file: experiments_cloud/results/ucurve_proprietary/gpt-4.1-mini/ucurve_20260520_111134.json
03_prompt_format,gpt-4.1-mini,GPT-4.1,True,base,semantic_multi,flat_verbose,5,20,IVQ,ordinal,3,1.0,,1.0,1.0,0.0407,62,,,,,,,raw,experiments_cloud/results/ucurve_proprietary_results.csv,upstream source_file: experiments_cloud/results/ucurve_proprietary/gpt-4.1-mini/ucurve_20260520_111134.json
03_prompt_format,gpt-4.1-mini,GPT-4.1,True,base,semantic_multi,flat_verbose,5,20,IVQ,ordinal,4,1.0,,1.0,1.0,0.0407,62,,,,,,,raw,experiments_cloud/results/ucurve_proprietary_results.csv,upstream source_file: experiments_cloud/results/ucurve_proprietary/gpt-4.1-mini/ucurve_20260520_111134.json
03_prompt_format,gpt-4.1-mini,GPT-4.1,True,base,semantic_multi,flat_verbose,5,20,IVQ,ordinal,5,1.0,,1.0,1.0,0.0407,62,,,,,,,raw,experiments_cloud/results/ucurve_proprietary_results.csv,upstream source_file: experiments_cloud/results/ucurve_proprietary/gpt-4.1-mini/ucurve_20260520_111134.json
03_prompt_format,gpt-4.1-mini,GPT-4.1,True,base,semantic_multi,flat_verbose,5,20,IVQ,ordinal,6,1.0,,1.0,1.0,0.0407,62,,,,,,,raw,experiments_cloud/results/ucurve_proprietary_results.csv,upstream source_file: experiments_cloud/results/ucurve_proprietary/gpt-4.1-mini/ucurve_20260520_111134.json
03_prompt_format,gpt-4.1-mini,GPT-4.1,True,base,semantic_multi,flat_verbose,5,20,IVQ,ordinal,7,1.0,,1.0,1.0,0.0407,62,,,,,,,raw,experiments_cloud/results/ucurve_proprietary_results.csv,upstream source_file: experiments_cloud/results/ucurve_proprietary/gpt-4.1-mini/ucurve_20260520_111134.json
03_prompt_format,gpt-4.1-mini,GPT-4.1,True,base,semantic_multi,flat_verbose,5,20,IVQ,ordinal,8,1.0,,1.0,1.0,0.0407,62,,,,,,,raw,experiments_cloud/results/ucurve_proprietary_results.csv,upstream source_file: experiments_cloud/results/ucurve_proprietary/gpt-4.1-mini/ucurve_20260520_111134.json
03_prompt_format,gpt-4.1-mini,GPT-4.1,True,base,semantic_multi,flat_verbose,5,20,IVQ,ordinal,10,0.9839,,0.9516,1.0,0.0497,62,,,,,,,raw,experiments_cloud/results/ucurve_proprietary_results.csv,upstream source_file: experiments_cloud/results/ucurve_proprietary/gpt-4.1-mini/ucurve_20260520_111134.json
03_prompt_format,gpt-4.1-mini,GPT-4.1,True,base,semantic_multi,flat_verbose,5,20,IVQ,ordinal,11,1.0,,1.0,1.0,0.0407,62,,,,,,,raw,experiments_cloud/results/ucurve_proprietary_results.csv,upstream source_file: experiments_cloud/results/ucurve_proprietary/gpt-4.1-mini/ucurve_20260520_111134.json
03_prompt_format,gpt-4.1-mini,GPT-4.1,True,base,semantic_multi,flat_verbose,5,20,IVQ,ordinal,13,1.0,,1.0,1.0,0.0407,62,,,,,,,raw,experiments_cloud/results/ucurve_proprietary_results.csv,upstream source_file: experiments_cloud/results/ucurve_proprietary/gpt-4.1-mini/ucurve_20260520_111134.json
03_prompt_format,gpt-4.1-mini,GPT-4.1,True,base,semantic_multi,flat_verbose,5,20,IVQ,ordinal,14,1.0,,1.0,1.0,0.0407,62,,,,,,,raw,experiments_cloud/results/ucurve_proprietary_results.csv,upstream source_file: experiments_cloud/results/ucurve_proprietary/gpt-4.1-mini/ucurve_20260520_111134.json
03_prompt_format,gpt-4.1-mini,GPT-4.1,True,base,semantic_multi,flat_verbose,5,20,IVQ,ordinal,16,1.0,,1.0,1.0,0.0407,62,,,,,,,raw,experiments_cloud/results/ucurve_proprietary_results.csv,upstream source_file: experiments_cloud/results/ucurve_proprietary/gpt-4.1-mini/ucurve_20260520_111134.json
03_prompt_format,gpt-4.1-mini,GPT-4.1,True,base,semantic_multi,flat_verbose,5,20,IVQ,ordinal,17,1.0,,1.0,1.0,0.0407,62,,,,,,,raw,experiments_cloud/results/ucurve_proprietary_results.csv,upstream source_file: experiments_cloud/results/ucurve_proprietary/gpt-4.1-mini/ucurve_20260520_111134.json
03_prompt_format,gpt-4.1-mini,GPT-4.1,True,base,semantic_multi,flat_verbose,5,20,IVQ,ordinal,19,1.0,,1.0,1.0,0.0407,62,,,,,,,raw,experiments_cloud/results/ucurve_proprietary_results.csv,upstream source_file: experiments_cloud/results/ucurve_proprietary/gpt-4.1-mini/ucurve_20260520_111134.json
03_prompt_format,gpt-4.1-mini,GPT-4.1,True,base,semantic_multi,flat_verbose,5,20,CVQ,ordinal,20,1.0,,1.0,1.0,0.0407,62,,,,,,,raw,experiments_cloud/results/ucurve_proprietary_results.csv,upstream source_file: experiments_cloud/results/ucurve_proprietary/gpt-4.1-mini/ucurve_20260520_111134.json
03_prompt_format,gpt-4.1-mini,GPT-4.1,True,base,semantic_multi,flat_verbose,5,20,CVQ,semantic,last,0.9839,,0.9516,1.0,0.0497,62,,,,,,,raw,experiments_cloud/results/ucurve_proprietary_results.csv,upstream source_file: experiments_cloud/results/ucurve_proprietary/gpt-4.1-mini/ucurve_20260520_111134.json
03_prompt_format,gpt-4.1-mini,GPT-4.1,True,base,semantic_multi,flat_verbose,5,50,FVQ,ordinal,1,1.0,,1.0,1.0,0.0354,72,,,,,,,raw,experiments_cloud/results/ucurve_proprietary_results.csv,upstream source_file: experiments_cloud/results/ucurve_proprietary/gpt-4.1-mini/ucurve_20260520_111134.json
03_prompt_format,gpt-4.1-mini,GPT-4.1,True,base,semantic_multi,flat_verbose,5,50,IVQ,ordinal,2,1.0,,1.0,1.0,0.0354,72,,,,,,,raw,experiments_cloud/results/ucurve_proprietary_results.csv,upstream source_file: experiments_cloud/results/ucurve_proprietary/gpt-4.1-mini/ucurve_20260520_111134.json
03_prompt_format,gpt-4.1-mini,GPT-4.1,True,base,semantic_multi,flat_verbose,5,50,IVQ,ordinal,3,1.0,,1.0,1.0,0.0354,72,,,,,,,raw,experiments_cloud/results/ucurve_proprietary_results.csv,upstream source_file: experiments_cloud/results/ucurve_proprietary/gpt-4.1-mini/ucurve_20260520_111134.json
03_prompt_format,gpt-4.1-mini,GPT-4.1,True,base,semantic_multi,flat_verbose,5,50,IVQ,ordinal,4,1.0,,1.0,1.0,0.0354,72,,,,,,,raw,experiments_cloud/results/ucurve_proprietary_results.csv,upstream source_file: experiments_cloud/results/ucurve_proprietary/gpt-4.1-mini/ucurve_20260520_111134.json
03_prompt_format,gpt-4.1-mini,GPT-4.1,True,base,semantic_multi,flat_verbose,5,50,IVQ,ordinal,5,1.0,,1.0,1.0,0.0354,72,,,,,,,raw,experiments_cloud/results/ucurve_proprietary_results.csv,upstream source_file: experiments_cloud/results/ucurve_proprietary/gpt-4.1-mini/ucurve_20260520_111134.json
03_prompt_format,gpt-4.1-mini,GPT-4.1,True,base,semantic_multi,flat_verbose,5,50,IVQ,ordinal,6,1.0,,1.0,1.0,0.0354,72,,,,,,,raw,experiments_cloud/results/ucurve_proprietary_results.csv,upstream source_file: experiments_cloud/results/ucurve_proprietary/gpt-4.1-mini/ucurve_20260520_111134.json
03_prompt_format,gpt-4.1-mini,GPT-4.1,True,base,semantic_multi,flat_verbose,5,50,IVQ,ordinal,7,1.0,,1.0,1.0,0.0354,72,,,,,,,raw,experiments_cloud/results/ucurve_proprietary_results.csv,upstream source_file: experiments_cloud/results/ucurve_proprietary/gpt-4.1-mini/ucurve_20260520_111134.json
03_prompt_format,gpt-4.1-mini,GPT-4.1,True,base,semantic_multi,flat_verbose,5,50,IVQ,ordinal,8,1.0,,1.0,1.0,0.0354,72,,,,,,,raw,experiments_cloud/results/ucurve_proprietary_results.csv,upstream source_file: experiments_cloud/results/ucurve_proprietary/gpt-4.1-mini/ucurve_20260520_111134.json
03_prompt_format,gpt-4.1-mini,GPT-4.1,True,base,semantic_multi,flat_verbose,5,50,IVQ,ordinal,14,1.0,,1.0,1.0,0.0354,72,,,,,,,raw,experiments_cloud/results/ucurve_proprietary_results.csv,upstream source_file: experiments_cloud/results/ucurve_proprietary/gpt-4.1-mini/ucurve_20260520_111134.json
03_prompt_format,gpt-4.1-mini,GPT-4.1,True,base,semantic_multi,flat_verbose,5,50,IVQ,ordinal,20,0.9861,,0.9583,1.0,0.0433,72,,,,,,,raw,experiments_cloud/results/ucurve_proprietary_results.csv,upstream source_file: experiments_cloud/results/ucurve_proprietary/gpt-4.1-mini/ucurve_20260520_111134.json
03_prompt_format,gpt-4.1-mini,GPT-4.1,True,base,semantic_multi,flat_verbose,5,50,IVQ,ordinal,26,1.0,,1.0,1.0,0.0354,72,,,,,,,raw,experiments_cloud/results/ucurve_proprietary_results.csv,upstream source_file: experiments_cloud/results/ucurve_proprietary/gpt-4.1-mini/ucurve_20260520_111134.json
03_prompt_format,gpt-4.1-mini,GPT-4.1,True,base,semantic_multi,flat_verbose,5,50,IVQ,ordinal,31,1.0,,1.0,1.0,0.0354,72,,,,,,,raw,experiments_cloud/results/ucurve_proprietary_results.csv,upstream source_file: experiments_cloud/results/ucurve_proprietary/gpt-4.1-mini/ucurve_20260520_111134.json
03_prompt_format,gpt-4.1-mini,GPT-4.1,True,base,semantic_multi,flat_verbose,5,50,IVQ,ordinal,37,1.0,,1.0,1.0,0.0354,72,,,,,,,raw,experiments_cloud/results/ucurve_proprietary_results.csv,upstream source_file: experiments_cloud/results/ucurve_proprietary/gpt-4.1-mini/ucurve_20260520_111134.json
03_prompt_format,gpt-4.1-mini,GPT-4.1,True,base,semantic_multi,flat_verbose,5,50,IVQ,ordinal,43,1.0,,1.0,1.0,0.0354,72,,,,,,,raw,experiments_cloud/results/ucurve_proprietary_results.csv,upstream source_file: experiments_cloud/results/ucurve_proprietary/gpt-4.1-mini/ucurve_20260520_111134.json
03_prompt_format,gpt-4.1-mini,GPT-4.1,True,base,semantic_multi,flat_verbose,5,50,IVQ,ordinal,49,0.9861,,0.9583,1.0,0.0433,72,,,,,,,raw,experiments_cloud/results/ucurve_proprietary_results.csv,upstream source_file: experiments_cloud/results/ucurve_proprietary/gpt-4.1-mini/ucurve_20260520_111134.json
03_prompt_format,gpt-4.1-mini,GPT-4.1,True,base,semantic_multi,flat_verbose,5,50,CVQ,ordinal,50,1.0,,1.0,1.0,0.0354,72,,,,,,,raw,experiments_cloud/results/ucurve_proprietary_results.csv,upstream source_file: experiments_cloud/results/ucurve_proprietary/gpt-4.1-mini/ucurve_20260520_111134.json
03_prompt_format,gpt-4.1-mini,GPT-4.1,True,base,semantic_multi,flat_verbose,5,50,CVQ,semantic,last,0.9722,,0.9306,1.0,0.0498,72,,,,,,,raw,experiments_cloud/results/ucurve_proprietary_results.csv,upstream source_file: experiments_cloud/results/ucurve_proprietary/gpt-4.1-mini/ucurve_20260520_111134.json
03_prompt_format,gpt-4.1-mini,GPT-4.1,True,base,semantic_multi,flat_verbose,10,10,FVQ,ordinal,1,1.0,,1.0,1.0,0.0354,72,,,,,,,raw,experiments_cloud/results/ucurve_proprietary_results.csv,upstream source_file: experiments_cloud/results/ucurve_proprietary/gpt-4.1-mini/ucurve_20260520_111134.json
03_prompt_format,gpt-4.1-mini,GPT-4.1,True,base,semantic_multi,flat_verbose,10,10,IVQ,ordinal,2,1.0,,1.0,1.0,0.0354,72,,,,,,,raw,experiments_cloud/results/ucurve_proprietary_results.csv,upstream source_file: experiments_cloud/results/ucurve_proprietary/gpt-4.1-mini/ucurve_20260520_111134.json
03_prompt_format,gpt-4.1-mini,GPT-4.1,True,base,semantic_multi,flat_verbose,10,10,IVQ,ordinal,3,1.0,,1.0,1.0,0.0354,72,,,,,,,raw,experiments_cloud/results/ucurve_proprietary_results.csv,upstream source_file: experiments_cloud/results/ucurve_proprietary/gpt-4.1-mini/ucurve_20260520_111134.json
03_prompt_format,gpt-4.1-mini,GPT-4.1,True,base,semantic_multi,flat_verbose,10,10,IVQ,ordinal,4,1.0,,1.0,1.0,0.0354,72,,,,,,,raw,experiments_cloud/results/ucurve_proprietary_results.csv,upstream source_file: experiments_cloud/results/ucurve_proprietary/gpt-4.1-mini/ucurve_20260520_111134.json
03_prompt_format,gpt-4.1-mini,GPT-4.1,True,base,semantic_multi,flat_verbose,10,10,IVQ,ordinal,5,1.0,,1.0,1.0,0.0354,72,,,,,,,raw,experiments_cloud/results/ucurve_proprietary_results.csv,upstream source_file: experiments_cloud/results/ucurve_proprietary/gpt-4.1-mini/ucurve_20260520_111134.json
03_prompt_format,gpt-4.1-mini,GPT-4.1,True,base,semantic_multi,flat_verbose,10,10,IVQ,ordinal,6,0.9722,,0.9306,1.0,0.0498,72,,,,,,,raw,experiments_cloud/results/ucurve_proprietary_results.csv,upstream source_file: experiments_cloud/results/ucurve_proprietary/gpt-4.1-mini/ucurve_20260520_111134.json
03_prompt_format,gpt-4.1-mini,GPT-4.1,True,base,semantic_multi,flat_verbose,10,10,IVQ,ordinal,7,1.0,,1.0,1.0,0.0354,72,,,,,,,raw,experiments_cloud/results/ucurve_proprietary_results.csv,upstream source_file: experiments_cloud/results/ucurve_proprietary/gpt-4.1-mini/ucurve_20260520_111134.json
03_prompt_format,gpt-4.1-mini,GPT-4.1,True,base,semantic_multi,flat_verbose,10,10,IVQ,ordinal,8,1.0,,1.0,1.0,0.0354,72,,,,,,,raw,experiments_cloud/results/ucurve_proprietary_results.csv,upstream source_file: experiments_cloud/results/ucurve_proprietary/gpt-4.1-mini/ucurve_20260520_111134.json
03_prompt_format,gpt-4.1-mini,GPT-4.1,True,base,semantic_multi,flat_verbose,10,10,IVQ,ordinal,9,1.0,,1.0,1.0,0.0354,72,,,,,,,raw,experiments_cloud/results/ucurve_proprietary_results.csv,upstream source_file: experiments_cloud/results/ucurve_proprietary/gpt-4.1-mini/ucurve_20260520_111134.json
03_prompt_format,gpt-4.1-mini,GPT-4.1,True,base,semantic_multi,flat_verbose,10,10,CVQ,ordinal,10,1.0,,1.0,1.0,0.0354,72,,,,,,,raw,experiments_cloud/results/ucurve_proprietary_results.csv,upstream source_file: experiments_cloud/results/ucurve_proprietary/gpt-4.1-mini/ucurve_20260520_111134.json
03_prompt_format,gpt-4.1-mini,GPT-4.1,True,base,semantic_multi,flat_verbose,10,10,CVQ,semantic,last,1.0,,1.0,1.0,0.0354,72,,,,,,,raw,experiments_cloud/results/ucurve_proprietary_results.csv,upstream source_file: experiments_cloud/results/ucurve_proprietary/gpt-4.1-mini/ucurve_20260520_111134.json
03_prompt_format,gpt-4.1-mini,GPT-4.1,True,base,semantic_multi,flat_verbose,10,20,FVQ,ordinal,1,1.0,,1.0,1.0,0.0354,72,,,,,,,raw,experiments_cloud/results/ucurve_proprietary_results.csv,upstream source_file: experiments_cloud/results/ucurve_proprietary/gpt-4.1-mini/ucurve_20260520_111134.json
03_prompt_format,gpt-4.1-mini,GPT-4.1,True,base,semantic_multi,flat_verbose,10,20,IVQ,ordinal,2,1.0,,1.0,1.0,0.0354,72,,,,,,,raw,experiments_cloud/results/ucurve_proprietary_results.csv,upstream source_file: experiments_cloud/results/ucurve_proprietary/gpt-4.1-mini/ucurve_20260520_111134.json
03_prompt_format,gpt-4.1-mini,GPT-4.1,True,base,semantic_multi,flat_verbose,10,20,IVQ,ordinal,3,1.0,,1.0,1.0,0.0354,72,,,,,,,raw,experiments_cloud/results/ucurve_proprietary_results.csv,upstream source_file: experiments_cloud/results/ucurve_proprietary/gpt-4.1-mini/ucurve_20260520_111134.json
03_prompt_format,gpt-4.1-mini,GPT-4.1,True,base,semantic_multi,flat_verbose,10,20,IVQ,ordinal,4,1.0,,1.0,1.0,0.0354,72,,,,,,,raw,experiments_cloud/results/ucurve_proprietary_results.csv,upstream source_file: experiments_cloud/results/ucurve_proprietary/gpt-4.1-mini/ucurve_20260520_111134.json
03_prompt_format,gpt-4.1-mini,GPT-4.1,True,base,semantic_multi,flat_verbose,10,20,IVQ,ordinal,5,1.0,,1.0,1.0,0.0354,72,,,,,,,raw,experiments_cloud/results/ucurve_proprietary_results.csv,upstream source_file: experiments_cloud/results/ucurve_proprietary/gpt-4.1-mini/ucurve_20260520_111134.json
03_prompt_format,gpt-4.1-mini,GPT-4.1,True,base,semantic_multi,flat_verbose,10,20,IVQ,ordinal,6,1.0,,1.0,1.0,0.0354,72,,,,,,,raw,experiments_cloud/results/ucurve_proprietary_results.csv,upstream source_file: experiments_cloud/results/ucurve_proprietary/gpt-4.1-mini/ucurve_20260520_111134.json
03_prompt_format,gpt-4.1-mini,GPT-4.1,True,base,semantic_multi,flat_verbose,10,20,IVQ,ordinal,7,0.9861,,0.9583,1.0,0.0433,72,,,,,,,raw,experiments_cloud/results/ucurve_proprietary_results.csv,upstream source_file: experiments_cloud/results/ucurve_proprietary/gpt-4.1-mini/ucurve_20260520_111134.json
03_prompt_format,gpt-4.1-mini,GPT-4.1,True,base,semantic_multi,flat_verbose,10,20,IVQ,ordinal,8,0.9861,,0.9583,1.0,0.0433,72,,,,,,,raw,experiments_cloud/results/ucurve_proprietary_results.csv,upstream source_file: experiments_cloud/results/ucurve_proprietary/gpt-4.1-mini/ucurve_20260520_111134.json
03_prompt_format,gpt-4.1-mini,GPT-4.1,True,base,semantic_multi,flat_verbose,10,20,IVQ,ordinal,10,0.9861,,0.9444,1.0,0.0433,72,,,,,,,raw,experiments_cloud/results/ucurve_proprietary_results.csv,upstream source_file: experiments_cloud/results/ucurve_proprietary/gpt-4.1-mini/ucurve_20260520_111134.json
03_prompt_format,gpt-4.1-mini,GPT-4.1,True,base,semantic_multi,flat_verbose,10,20,IVQ,ordinal,11,0.9722,,0.9306,1.0,0.0498,72,,,,,,,raw,experiments_cloud/results/ucurve_proprietary_results.csv,upstream source_file: experiments_cloud/results/ucurve_proprietary/gpt-4.1-mini/ucurve_20260520_111134.json
03_prompt_format,gpt-4.1-mini,GPT-4.1,True,base,semantic_multi,flat_verbose,10,20,IVQ,ordinal,13,1.0,,1.0,1.0,0.0354,72,,,,,,,raw,experiments_cloud/results/ucurve_proprietary_results.csv,upstream source_file: experiments_cloud/results/ucurve_proprietary/gpt-4.1-mini/ucurve_20260520_111134.json
03_prompt_format,gpt-4.1-mini,GPT-4.1,True,base,semantic_multi,flat_verbose,10,20,IVQ,ordinal,14,1.0,,1.0,1.0,0.0354,72,,,,,,,raw,experiments_cloud/results/ucurve_proprietary_results.csv,upstream source_file: experiments_cloud/results/ucurve_proprietary/gpt-4.1-mini/ucurve_20260520_111134.json
03_prompt_format,gpt-4.1-mini,GPT-4.1,True,base,semantic_multi,flat_verbose,10,20,IVQ,ordinal,16,1.0,,1.0,1.0,0.0354,72,,,,,,,raw,experiments_cloud/results/ucurve_proprietary_results.csv,upstream source_file: experiments_cloud/results/ucurve_proprietary/gpt-4.1-mini/ucurve_20260520_111134.json
03_prompt_format,gpt-4.1-mini,GPT-4.1,True,base,semantic_multi,flat_verbose,10,20,IVQ,ordinal,17,1.0,,1.0,1.0,0.0354,72,,,,,,,raw,experiments_cloud/results/ucurve_proprietary_results.csv,upstream source_file: experiments_cloud/results/ucurve_proprietary/gpt-4.1-mini/ucurve_20260520_111134.json
03_prompt_format,gpt-4.1-mini,GPT-4.1,True,base,semantic_multi,flat_verbose,10,20,IVQ,ordinal,19,0.9861,,0.9583,1.0,0.0433,72,,,,,,,raw,experiments_cloud/results/ucurve_proprietary_results.csv,upstream source_file: experiments_cloud/results/ucurve_proprietary/gpt-4.1-mini/ucurve_20260520_111134.json
03_prompt_format,gpt-4.1-mini,GPT-4.1,True,base,semantic_multi,flat_verbose,10,20,CVQ,ordinal,20,1.0,,1.0,1.0,0.0354,72,,,,,,,raw,experiments_cloud/results/ucurve_proprietary_results.csv,upstream source_file: experiments_cloud/results/ucurve_proprietary/gpt-4.1-mini/ucurve_20260520_111134.json
03_prompt_format,gpt-4.1-mini,GPT-4.1,True,base,semantic_multi,flat_verbose,10,20,CVQ,semantic,last,0.9722,,0.9306,1.0,0.0498,72,,,,,,,raw,experiments_cloud/results/ucurve_proprietary_results.csv,upstream source_file: experiments_cloud/results/ucurve_proprietary/gpt-4.1-mini/ucurve_20260520_111134.json
03_prompt_format,gpt-4.1-mini,GPT-4.1,True,base,semantic_multi,flat_verbose,10,50,FVQ,ordinal,1,1.0,,1.0,1.0,0.0252,103,,,,,,,raw,experiments_cloud/results/ucurve_proprietary_results.csv,upstream source_file: experiments_cloud/results/ucurve_proprietary/gpt-4.1-mini/ucurve_20260520_111134.json
03_prompt_format,gpt-4.1-mini,GPT-4.1,True,base,semantic_multi,flat_verbose,10,50,IVQ,ordinal,2,1.0,,1.0,1.0,0.0252,103,,,,,,,raw,experiments_cloud/results/ucurve_proprietary_results.csv,upstream source_file: experiments_cloud/results/ucurve_proprietary/gpt-4.1-mini/ucurve_20260520_111134.json
03_prompt_format,gpt-4.1-mini,GPT-4.1,True,base,semantic_multi,flat_verbose,10,50,IVQ,ordinal,3,0.9903,,0.9709,1.0,0.0309,103,,,,,,,raw,experiments_cloud/results/ucurve_proprietary_results.csv,upstream source_file: experiments_cloud/results/ucurve_proprietary/gpt-4.1-mini/ucurve_20260520_111134.json
03_prompt_format,gpt-4.1-mini,GPT-4.1,True,base,semantic_multi,flat_verbose,10,50,IVQ,ordinal,4,1.0,,1.0,1.0,0.0252,103,,,,,,,raw,experiments_cloud/results/ucurve_proprietary_results.csv,upstream source_file: experiments_cloud/results/ucurve_proprietary/gpt-4.1-mini/ucurve_20260520_111134.json
03_prompt_format,gpt-4.1-mini,GPT-4.1,True,base,semantic_multi,flat_verbose,10,50,IVQ,ordinal,5,1.0,,1.0,1.0,0.0252,103,,,,,,,raw,experiments_cloud/results/ucurve_proprietary_results.csv,upstream source_file: experiments_cloud/results/ucurve_proprietary/gpt-4.1-mini/ucurve_20260520_111134.json
03_prompt_format,gpt-4.1-mini,GPT-4.1,True,base,semantic_multi,flat_verbose,10,50,IVQ,ordinal,6,0.9903,,0.9709,1.0,0.0309,103,,,,,,,raw,experiments_cloud/results/ucurve_proprietary_results.csv,upstream source_file: experiments_cloud/results/ucurve_proprietary/gpt-4.1-mini/ucurve_20260520_111134.json
03_prompt_format,gpt-4.1-mini,GPT-4.1,True,base,semantic_multi,flat_verbose,10,50,IVQ,ordinal,7,0.9903,,0.9709,1.0,0.0309,103,,,,,,,raw,experiments_cloud/results/ucurve_proprietary_results.csv,upstream source_file: experiments_cloud/results/ucurve_proprietary/gpt-4.1-mini/ucurve_20260520_111134.json
03_prompt_format,gpt-4.1-mini,GPT-4.1,True,base,semantic_multi,flat_verbose,10,50,IVQ,ordinal,8,1.0,,1.0,1.0,0.0252,103,,,,,,,raw,experiments_cloud/results/ucurve_proprietary_results.csv,upstream source_file: experiments_cloud/results/ucurve_proprietary/gpt-4.1-mini/ucurve_20260520_111134.json
03_prompt_format,gpt-4.1-mini,GPT-4.1,True,base,semantic_multi,flat_verbose,10,50,IVQ,ordinal,14,1.0,,1.0,1.0,0.0252,103,,,,,,,raw,experiments_cloud/results/ucurve_proprietary_results.csv,upstream source_file: experiments_cloud/results/ucurve_proprietary/gpt-4.1-mini/ucurve_20260520_111134.json
03_prompt_format,gpt-4.1-mini,GPT-4.1,True,base,semantic_multi,flat_verbose,10,50,IVQ,ordinal,20,0.9903,,0.9709,1.0,0.0309,103,,,,,,,raw,experiments_cloud/results/ucurve_proprietary_results.csv,upstream source_file: experiments_cloud/results/ucurve_proprietary/gpt-4.1-mini/ucurve_20260520_111134.json
03_prompt_format,gpt-4.1-mini,GPT-4.1,True,base,semantic_multi,flat_verbose,10,50,IVQ,ordinal,26,1.0,,1.0,1.0,0.0252,103,,,,,,,raw,experiments_cloud/results/ucurve_proprietary_results.csv,upstream source_file: experiments_cloud/results/ucurve_proprietary/gpt-4.1-mini/ucurve_20260520_111134.json
03_prompt_format,gpt-4.1-mini,GPT-4.1,True,base,semantic_multi,flat_verbose,10,50,IVQ,ordinal,31,0.9806,,0.9515,1.0,0.0357,103,,,,,,,raw,experiments_cloud/results/ucurve_proprietary_results.csv,upstream source_file: experiments_cloud/results/ucurve_proprietary/gpt-4.1-mini/ucurve_20260520_111134.json
03_prompt_format,gpt-4.1-mini,GPT-4.1,True,base,semantic_multi,flat_verbose,10,50,IVQ,ordinal,37,1.0,,1.0,1.0,0.0252,103,,,,,,,raw,experiments_cloud/results/ucurve_proprietary_results.csv,upstream source_file: experiments_cloud/results/ucurve_proprietary/gpt-4.1-mini/ucurve_20260520_111134.json
03_prompt_format,gpt-4.1-mini,GPT-4.1,True,base,semantic_multi,flat_verbose,10,50,IVQ,ordinal,43,0.9903,,0.9709,1.0,0.0309,103,,,,,,,raw,experiments_cloud/results/ucurve_proprietary_results.csv,upstream source_file: experiments_cloud/results/ucurve_proprietary/gpt-4.1-mini/ucurve_20260520_111134.json
03_prompt_format,gpt-4.1-mini,GPT-4.1,True,base,semantic_multi,flat_verbose,10,50,IVQ,ordinal,49,0.9515,,0.9126,0.9903,0.0467,103,,,,,,,raw,experiments_cloud/results/ucurve_proprietary_results.csv,upstream source_file: experiments_cloud/results/ucurve_proprietary/gpt-4.1-mini/ucurve_20260520_111134.json
03_prompt_format,gpt-4.1-mini,GPT-4.1,True,base,semantic_multi,flat_verbose,10,50,CVQ,ordinal,50,1.0,,1.0,1.0,0.0252,103,,,,,,,raw,experiments_cloud/results/ucurve_proprietary_results.csv,upstream source_file: experiments_cloud/results/ucurve_proprietary/gpt-4.1-mini/ucurve_20260520_111134.json
03_prompt_format,gpt-4.1-mini,GPT-4.1,True,base,semantic_multi,flat_verbose,10,50,CVQ,semantic,last,0.9417,,0.8932,0.9806,0.0497,103,,,,,,,raw,experiments_cloud/results/ucurve_proprietary_results.csv,upstream source_file: experiments_cloud/results/ucurve_proprietary/gpt-4.1-mini/ucurve_20260520_111134.json
03_prompt_format,gpt-4.1-mini,GPT-4.1,True,base,semantic_multi,landmark,5,10,FVQ,ordinal,1,0.73,,0.67,0.795,0.0613,200,,,,,,,raw,experiments_cloud/results/ucurve_proprietary_results.csv,upstream source_file: experiments_cloud/results/ucurve_proprietary/gpt-4.1-mini/ucurve_20260520_111134.json
03_prompt_format,gpt-4.1-mini,GPT-4.1,True,base,semantic_multi,landmark,5,10,IVQ,ordinal,2,0.985,,0.965,1.0,0.0211,200,,,,,,,raw,experiments_cloud/results/ucurve_proprietary_results.csv,upstream source_file: experiments_cloud/results/ucurve_proprietary/gpt-4.1-mini/ucurve_20260520_111134.json
03_prompt_format,gpt-4.1-mini,GPT-4.1,True,base,semantic_multi,landmark,5,10,IVQ,ordinal,3,1.0,,1.0,1.0,0.0133,200,,,,,,,raw,experiments_cloud/results/ucurve_proprietary_results.csv,upstream source_file: experiments_cloud/results/ucurve_proprietary/gpt-4.1-mini/ucurve_20260520_111134.json
03_prompt_format,gpt-4.1-mini,GPT-4.1,True,base,semantic_multi,landmark,5,10,IVQ,ordinal,4,1.0,,1.0,1.0,0.0133,200,,,,,,,raw,experiments_cloud/results/ucurve_proprietary_results.csv,upstream source_file: experiments_cloud/results/ucurve_proprietary/gpt-4.1-mini/ucurve_20260520_111134.json
03_prompt_format,gpt-4.1-mini,GPT-4.1,True,base,semantic_multi,landmark,5,10,IVQ,ordinal,5,1.0,,1.0,1.0,0.0133,200,,,,,,,raw,experiments_cloud/results/ucurve_proprietary_results.csv,upstream source_file: experiments_cloud/results/ucurve_proprietary/gpt-4.1-mini/ucurve_20260520_111134.json
03_prompt_format,gpt-4.1-mini,GPT-4.1,True,base,semantic_multi,landmark,5,10,IVQ,ordinal,6,0.995,,0.985,1.0,0.0163,200,,,,,,,raw,experiments_cloud/results/ucurve_proprietary_results.csv,upstream source_file: experiments_cloud/results/ucurve_proprietary/gpt-4.1-mini/ucurve_20260520_111134.json
03_prompt_format,gpt-4.1-mini,GPT-4.1,True,base,semantic_multi,landmark,5,10,IVQ,ordinal,7,0.995,,0.985,1.0,0.0163,200,,,,,,,raw,experiments_cloud/results/ucurve_proprietary_results.csv,upstream source_file: experiments_cloud/results/ucurve_proprietary/gpt-4.1-mini/ucurve_20260520_111134.json
03_prompt_format,gpt-4.1-mini,GPT-4.1,True,base,semantic_multi,landmark,5,10,IVQ,ordinal,8,0.99,,0.975,1.0,0.0189,200,,,,,,,raw,experiments_cloud/results/ucurve_proprietary_results.csv,upstream source_file: experiments_cloud/results/ucurve_proprietary/gpt-4.1-mini/ucurve_20260520_111134.json
03_prompt_format,gpt-4.1-mini,GPT-4.1,True,base,semantic_multi,landmark,5,10,IVQ,ordinal,9,0.995,,0.985,1.0,0.0163,200,,,,,,,raw,experiments_cloud/results/ucurve_proprietary_results.csv,upstream source_file: experiments_cloud/results/ucurve_proprietary/gpt-4.1-mini/ucurve_20260520_111134.json
03_prompt_format,gpt-4.1-mini,GPT-4.1,True,base,semantic_multi,landmark,5,10,CVQ,ordinal,10,0.995,,0.985,1.0,0.0163,200,,,,,,,raw,experiments_cloud/results/ucurve_proprietary_results.csv,upstream source_file: experiments_cloud/results/ucurve_proprietary/gpt-4.1-mini/ucurve_20260520_111134.json
03_prompt_format,gpt-4.1-mini,GPT-4.1,True,base,semantic_multi,landmark,5,10,CVQ,semantic,last,1.0,,1.0,1.0,0.0133,200,,,,,,,raw,experiments_cloud/results/ucurve_proprietary_results.csv,upstream source_file: experiments_cloud/results/ucurve_proprietary/gpt-4.1-mini/ucurve_20260520_111134.json
03_prompt_format,gpt-4.1-mini,GPT-4.1,True,base,semantic_multi,landmark,5,20,FVQ,ordinal,1,0.675,,0.61,0.74,0.0645,200,,,,,,,raw,experiments_cloud/results/ucurve_proprietary_results.csv,upstream source_file: experiments_cloud/results/ucurve_proprietary/gpt-4.1-mini/ucurve_20260520_111134.json
03_prompt_format,gpt-4.1-mini,GPT-4.1,True,base,semantic_multi,landmark,5,20,IVQ,ordinal,2,0.97,,0.945,0.99,0.0265,200,,,,,,,raw,experiments_cloud/results/ucurve_proprietary_results.csv,upstream source_file: experiments_cloud/results/ucurve_proprietary/gpt-4.1-mini/ucurve_20260520_111134.json
03_prompt_format,gpt-4.1-mini,GPT-4.1,True,base,semantic_multi,landmark,5,20,IVQ,ordinal,3,1.0,,1.0,1.0,0.0133,200,,,,,,,raw,experiments_cloud/results/ucurve_proprietary_results.csv,upstream source_file: experiments_cloud/results/ucurve_proprietary/gpt-4.1-mini/ucurve_20260520_111134.json
03_prompt_format,gpt-4.1-mini,GPT-4.1,True,base,semantic_multi,landmark,5,20,IVQ,ordinal,4,1.0,,1.0,1.0,0.0133,200,,,,,,,raw,experiments_cloud/results/ucurve_proprietary_results.csv,upstream source_file: experiments_cloud/results/ucurve_proprietary/gpt-4.1-mini/ucurve_20260520_111134.json
03_prompt_format,gpt-4.1-mini,GPT-4.1,True,base,semantic_multi,landmark,5,20,IVQ,ordinal,5,1.0,,1.0,1.0,0.0133,200,,,,,,,raw,experiments_cloud/results/ucurve_proprietary_results.csv,upstream source_file: experiments_cloud/results/ucurve_proprietary/gpt-4.1-mini/ucurve_20260520_111134.json
03_prompt_format,gpt-4.1-mini,GPT-4.1,True,base,semantic_multi,landmark,5,20,IVQ,ordinal,6,1.0,,1.0,1.0,0.0133,200,,,,,,,raw,experiments_cloud/results/ucurve_proprietary_results.csv,upstream source_file: experiments_cloud/results/ucurve_proprietary/gpt-4.1-mini/ucurve_20260520_111134.json
03_prompt_format,gpt-4.1-mini,GPT-4.1,True,base,semantic_multi,landmark,5,20,IVQ,ordinal,7,1.0,,1.0,1.0,0.0133,200,,,,,,,raw,experiments_cloud/results/ucurve_proprietary_results.csv,upstream source_file: experiments_cloud/results/ucurve_proprietary/gpt-4.1-mini/ucurve_20260520_111134.json
03_prompt_format,gpt-4.1-mini,GPT-4.1,True,base,semantic_multi,landmark,5,20,IVQ,ordinal,8,1.0,,1.0,1.0,0.0133,200,,,,,,,raw,experiments_cloud/results/ucurve_proprietary_results.csv,upstream source_file: experiments_cloud/results/ucurve_proprietary/gpt-4.1-mini/ucurve_20260520_111134.json
03_prompt_format,gpt-4.1-mini,GPT-4.1,True,base,semantic_multi,landmark,5,20,IVQ,ordinal,10,0.99,,0.975,1.0,0.0189,200,,,,,,,raw,experiments_cloud/results/ucurve_proprietary_results.csv,upstream source_file: experiments_cloud/results/ucurve_proprietary/gpt-4.1-mini/ucurve_20260520_111134.json
03_prompt_format,gpt-4.1-mini,GPT-4.1,True,base,semantic_multi,landmark,5,20,IVQ,ordinal,11,0.985,,0.965,1.0,0.0211,200,,,,,,,raw,experiments_cloud/results/ucurve_proprietary_results.csv,upstream source_file: experiments_cloud/results/ucurve_proprietary/gpt-4.1-mini/ucurve_20260520_111134.json
03_prompt_format,gpt-4.1-mini,GPT-4.1,True,base,semantic_multi,landmark,5,20,IVQ,ordinal,13,0.94,,0.905,0.97,0.0346,200,,,,,,,raw,experiments_cloud/results/ucurve_proprietary_results.csv,upstream source_file: experiments_cloud/results/ucurve_proprietary/gpt-4.1-mini/ucurve_20260520_111134.json
03_prompt_format,gpt-4.1-mini,GPT-4.1,True,base,semantic_multi,landmark,5,20,IVQ,ordinal,14,0.885,,0.835,0.925,0.045,200,,,,,,,raw,experiments_cloud/results/ucurve_proprietary_results.csv,upstream source_file: experiments_cloud/results/ucurve_proprietary/gpt-4.1-mini/ucurve_20260520_111134.json
03_prompt_format,gpt-4.1-mini,GPT-4.1,True,base,semantic_multi,landmark,5,20,IVQ,ordinal,16,0.645,,0.58,0.71,0.0658,200,,,,,,,raw,experiments_cloud/results/ucurve_proprietary_results.csv,upstream source_file: experiments_cloud/results/ucurve_proprietary/gpt-4.1-mini/ucurve_20260520_111134.json
03_prompt_format,gpt-4.1-mini,GPT-4.1,True,base,semantic_multi,landmark,5,20,IVQ,ordinal,17,0.36,,0.295,0.425,0.066,200,,,,,,,raw,experiments_cloud/results/ucurve_proprietary_results.csv,upstream source_file: experiments_cloud/results/ucurve_proprietary/gpt-4.1-mini/ucurve_20260520_111134.json
03_prompt_format,gpt-4.1-mini,GPT-4.1,True,base,semantic_multi,landmark,5,20,IVQ,ordinal,19,0.315,,0.255,0.38,0.064,200,,,,,,,raw,experiments_cloud/results/ucurve_proprietary_results.csv,upstream source_file: experiments_cloud/results/ucurve_proprietary/gpt-4.1-mini/ucurve_20260520_111134.json
03_prompt_format,gpt-4.1-mini,GPT-4.1,True,base,semantic_multi,landmark,5,20,CVQ,ordinal,20,0.725,,0.66,0.785,0.0616,200,,,,,,,raw,experiments_cloud/results/ucurve_proprietary_results.csv,upstream source_file: experiments_cloud/results/ucurve_proprietary/gpt-4.1-mini/ucurve_20260520_111134.json
03_prompt_format,gpt-4.1-mini,GPT-4.1,True,base,semantic_multi,landmark,5,20,CVQ,semantic,last,1.0,,1.0,1.0,0.0133,200,,,,,,,raw,experiments_cloud/results/ucurve_proprietary_results.csv,upstream source_file: experiments_cloud/results/ucurve_proprietary/gpt-4.1-mini/ucurve_20260520_111134.json
03_prompt_format,gpt-4.1-mini,GPT-4.1,True,base,semantic_multi,landmark,5,50,FVQ,ordinal,1,0.765,,0.705,0.82,0.0586,200,,,,,,,raw,experiments_cloud/results/ucurve_proprietary_results.csv,upstream source_file: experiments_cloud/results/ucurve_proprietary/gpt-4.1-mini/ucurve_20260520_111134.json
03_prompt_format,gpt-4.1-mini,GPT-4.1,True,base,semantic_multi,landmark,5,50,IVQ,ordinal,2,0.93,,0.89,0.965,0.0368,200,,,,,,,raw,experiments_cloud/results/ucurve_proprietary_results.csv,upstream source_file: experiments_cloud/results/ucurve_proprietary/gpt-4.1-mini/ucurve_20260520_111134.json
03_prompt_format,gpt-4.1-mini,GPT-4.1,True,base,semantic_multi,landmark,5,50,IVQ,ordinal,3,0.995,,0.985,1.0,0.0163,200,,,,,,,raw,experiments_cloud/results/ucurve_proprietary_results.csv,upstream source_file: experiments_cloud/results/ucurve_proprietary/gpt-4.1-mini/ucurve_20260520_111134.json
03_prompt_format,gpt-4.1-mini,GPT-4.1,True,base,semantic_multi,landmark,5,50,IVQ,ordinal,4,1.0,,1.0,1.0,0.0133,200,,,,,,,raw,experiments_cloud/results/ucurve_proprietary_results.csv,upstream source_file: experiments_cloud/results/ucurve_proprietary/gpt-4.1-mini/ucurve_20260520_111134.json
03_prompt_format,gpt-4.1-mini,GPT-4.1,True,base,semantic_multi,landmark,5,50,IVQ,ordinal,5,1.0,,1.0,1.0,0.0133,200,,,,,,,raw,experiments_cloud/results/ucurve_proprietary_results.csv,upstream source_file: experiments_cloud/results/ucurve_proprietary/gpt-4.1-mini/ucurve_20260520_111134.json
03_prompt_format,gpt-4.1-mini,GPT-4.1,True,base,semantic_multi,landmark,5,50,IVQ,ordinal,6,0.985,,0.965,1.0,0.0211,200,,,,,,,raw,experiments_cloud/results/ucurve_proprietary_results.csv,upstream source_file: experiments_cloud/results/ucurve_proprietary/gpt-4.1-mini/ucurve_20260520_111134.json
03_prompt_format,gpt-4.1-mini,GPT-4.1,True,base,semantic_multi,landmark,5,50,IVQ,ordinal,7,0.995,,0.985,1.0,0.0163,200,,,,,,,raw,experiments_cloud/results/ucurve_proprietary_results.csv,upstream source_file: experiments_cloud/results/ucurve_proprietary/gpt-4.1-mini/ucurve_20260520_111134.json
03_prompt_format,gpt-4.1-mini,GPT-4.1,True,base,semantic_multi,landmark,5,50,IVQ,ordinal,8,0.985,,0.965,1.0,0.0211,200,,,,,,,raw,experiments_cloud/results/ucurve_proprietary_results.csv,upstream source_file: experiments_cloud/results/ucurve_proprietary/gpt-4.1-mini/ucurve_20260520_111134.json
03_prompt_format,gpt-4.1-mini,GPT-4.1,True,base,semantic_multi,landmark,5,50,IVQ,ordinal,14,0.68,,0.615,0.745,0.0642,200,,,,,,,raw,experiments_cloud/results/ucurve_proprietary_results.csv,upstream source_file: experiments_cloud/results/ucurve_proprietary/gpt-4.1-mini/ucurve_20260520_111134.json
03_prompt_format,gpt-4.1-mini,GPT-4.1,True,base,semantic_multi,landmark,5,50,IVQ,ordinal,20,0.245,,0.1899,0.305,0.0594,200,,,,,,,raw,experiments_cloud/results/ucurve_proprietary_results.csv,upstream source_file: experiments_cloud/results/ucurve_proprietary/gpt-4.1-mini/ucurve_20260520_111134.json
03_prompt_format,gpt-4.1-mini,GPT-4.1,True,base,semantic_multi,landmark,5,50,IVQ,ordinal,26,0.05,,0.02,0.08,0.0322,200,,,,,,,raw,experiments_cloud/results/ucurve_proprietary_results.csv,upstream source_file: experiments_cloud/results/ucurve_proprietary/gpt-4.1-mini/ucurve_20260520_111134.json
03_prompt_format,gpt-4.1-mini,GPT-4.1,True,base,semantic_multi,landmark,5,50,IVQ,ordinal,31,0.035,,0.015,0.06,0.0281,200,,,,,,,raw,experiments_cloud/results/ucurve_proprietary_results.csv,upstream source_file: experiments_cloud/results/ucurve_proprietary/gpt-4.1-mini/ucurve_20260520_111134.json
03_prompt_format,gpt-4.1-mini,GPT-4.1,True,base,semantic_multi,landmark,5,50,IVQ,ordinal,37,0.055,,0.025,0.09,0.0334,200,,,,,,,raw,experiments_cloud/results/ucurve_proprietary_results.csv,upstream source_file: experiments_cloud/results/ucurve_proprietary/gpt-4.1-mini/ucurve_20260520_111134.json
03_prompt_format,gpt-4.1-mini,GPT-4.1,True,base,semantic_multi,landmark,5,50,IVQ,ordinal,43,0.055,,0.025,0.085,0.0334,200,,,,,,,raw,experiments_cloud/results/ucurve_proprietary_results.csv,upstream source_file: experiments_cloud/results/ucurve_proprietary/gpt-4.1-mini/ucurve_20260520_111134.json
03_prompt_format,gpt-4.1-mini,GPT-4.1,True,base,semantic_multi,landmark,5,50,IVQ,ordinal,49,0.11,,0.07,0.155,0.0442,200,,,,,,,raw,experiments_cloud/results/ucurve_proprietary_results.csv,upstream source_file: experiments_cloud/results/ucurve_proprietary/gpt-4.1-mini/ucurve_20260520_111134.json
03_prompt_format,gpt-4.1-mini,GPT-4.1,True,base,semantic_multi,landmark,5,50,CVQ,ordinal,50,0.425,,0.36,0.495,0.0679,200,,,,,,,raw,experiments_cloud/results/ucurve_proprietary_results.csv,upstream source_file: experiments_cloud/results/ucurve_proprietary/gpt-4.1-mini/ucurve_20260520_111134.json
03_prompt_format,gpt-4.1-mini,GPT-4.1,True,base,semantic_multi,landmark,5,50,CVQ,semantic,last,1.0,,1.0,1.0,0.0133,200,,,,,,,raw,experiments_cloud/results/ucurve_proprietary_results.csv,upstream source_file: experiments_cloud/results/ucurve_proprietary/gpt-4.1-mini/ucurve_20260520_111134.json
03_prompt_format,gpt-4.1-mini,GPT-4.1,True,base,semantic_multi,landmark,10,10,FVQ,ordinal,1,0.655,,0.5899,0.72,0.0654,200,,,,,,,raw,experiments_cloud/results/ucurve_proprietary_results.csv,upstream source_file: experiments_cloud/results/ucurve_proprietary/gpt-4.1-mini/ucurve_20260520_111134.json
03_prompt_format,gpt-4.1-mini,GPT-4.1,True,base,semantic_multi,landmark,10,10,IVQ,ordinal,2,0.925,,0.885,0.96,0.0379,200,,,,,,,raw,experiments_cloud/results/ucurve_proprietary_results.csv,upstream source_file: experiments_cloud/results/ucurve_proprietary/gpt-4.1-mini/ucurve_20260520_111134.json
03_prompt_format,gpt-4.1-mini,GPT-4.1,True,base,semantic_multi,landmark,10,10,IVQ,ordinal,3,0.99,,0.975,1.0,0.0189,200,,,,,,,raw,experiments_cloud/results/ucurve_proprietary_results.csv,upstream source_file: experiments_cloud/results/ucurve_proprietary/gpt-4.1-mini/ucurve_20260520_111134.json
03_prompt_format,gpt-4.1-mini,GPT-4.1,True,base,semantic_multi,landmark,10,10,IVQ,ordinal,4,1.0,,1.0,1.0,0.0133,200,,,,,,,raw,experiments_cloud/results/ucurve_proprietary_results.csv,upstream source_file: experiments_cloud/results/ucurve_proprietary/gpt-4.1-mini/ucurve_20260520_111134.json
03_prompt_format,gpt-4.1-mini,GPT-4.1,True,base,semantic_multi,landmark,10,10,IVQ,ordinal,5,1.0,,1.0,1.0,0.0133,200,,,,,,,raw,experiments_cloud/results/ucurve_proprietary_results.csv,upstream source_file: experiments_cloud/results/ucurve_proprietary/gpt-4.1-mini/ucurve_20260520_111134.json
03_prompt_format,gpt-4.1-mini,GPT-4.1,True,base,semantic_multi,landmark,10,10,IVQ,ordinal,6,1.0,,1.0,1.0,0.0133,200,,,,,,,raw,experiments_cloud/results/ucurve_proprietary_results.csv,upstream source_file: experiments_cloud/results/ucurve_proprietary/gpt-4.1-mini/ucurve_20260520_111134.json
03_prompt_format,gpt-4.1-mini,GPT-4.1,True,base,semantic_multi,landmark,10,10,IVQ,ordinal,7,1.0,,1.0,1.0,0.0133,200,,,,,,,raw,experiments_cloud/results/ucurve_proprietary_results.csv,upstream source_file: experiments_cloud/results/ucurve_proprietary/gpt-4.1-mini/ucurve_20260520_111134.json
03_prompt_format,gpt-4.1-mini,GPT-4.1,True,base,semantic_multi,landmark,10,10,IVQ,ordinal,8,1.0,,1.0,1.0,0.0133,200,,,,,,,raw,experiments_cloud/results/ucurve_proprietary_results.csv,upstream source_file: experiments_cloud/results/ucurve_proprietary/gpt-4.1-mini/ucurve_20260520_111134.json
03_prompt_format,gpt-4.1-mini,GPT-4.1,True,base,semantic_multi,landmark,10,10,IVQ,ordinal,9,0.995,,0.985,1.0,0.0163,200,,,,,,,raw,experiments_cloud/results/ucurve_proprietary_results.csv,upstream source_file: experiments_cloud/results/ucurve_proprietary/gpt-4.1-mini/ucurve_20260520_111134.json
03_prompt_format,gpt-4.1-mini,GPT-4.1,True,base,semantic_multi,landmark,10,10,CVQ,ordinal,10,0.985,,0.965,1.0,0.0211,200,,,,,,,raw,experiments_cloud/results/ucurve_proprietary_results.csv,upstream source_file: experiments_cloud/results/ucurve_proprietary/gpt-4.1-mini/ucurve_20260520_111134.json
03_prompt_format,gpt-4.1-mini,GPT-4.1,True,base,semantic_multi,landmark,10,10,CVQ,semantic,last,1.0,,1.0,1.0,0.0133,200,,,,,,,raw,experiments_cloud/results/ucurve_proprietary_results.csv,upstream source_file: experiments_cloud/results/ucurve_proprietary/gpt-4.1-mini/ucurve_20260520_111134.json
03_prompt_format,gpt-4.1-mini,GPT-4.1,True,base,semantic_multi,landmark,10,20,FVQ,ordinal,1,0.655,,0.59,0.72,0.0654,200,,,,,,,raw,experiments_cloud/results/ucurve_proprietary_results.csv,upstream source_file: experiments_cloud/results/ucurve_proprietary/gpt-4.1-mini/ucurve_20260520_111134.json
03_prompt_format,gpt-4.1-mini,GPT-4.1,True,base,semantic_multi,landmark,10,20,IVQ,ordinal,2,0.705,,0.64,0.77,0.0628,200,,,,,,,raw,experiments_cloud/results/ucurve_proprietary_results.csv,upstream source_file: experiments_cloud/results/ucurve_proprietary/gpt-4.1-mini/ucurve_20260520_111134.json
03_prompt_format,gpt-4.1-mini,GPT-4.1,True,base,semantic_multi,landmark,10,20,IVQ,ordinal,3,0.98,,0.96,0.995,0.0231,200,,,,,,,raw,experiments_cloud/results/ucurve_proprietary_results.csv,upstream source_file: experiments_cloud/results/ucurve_proprietary/gpt-4.1-mini/ucurve_20260520_111134.json
03_prompt_format,gpt-4.1-mini,GPT-4.1,True,base,semantic_multi,landmark,10,20,IVQ,ordinal,4,1.0,,1.0,1.0,0.0133,200,,,,,,,raw,experiments_cloud/results/ucurve_proprietary_results.csv,upstream source_file: experiments_cloud/results/ucurve_proprietary/gpt-4.1-mini/ucurve_20260520_111134.json
03_prompt_format,gpt-4.1-mini,GPT-4.1,True,base,semantic_multi,landmark,10,20,IVQ,ordinal,5,1.0,,1.0,1.0,0.0133,200,,,,,,,raw,experiments_cloud/results/ucurve_proprietary_results.csv,upstream source_file: experiments_cloud/results/ucurve_proprietary/gpt-4.1-mini/ucurve_20260520_111134.json
03_prompt_format,gpt-4.1-mini,GPT-4.1,True,base,semantic_multi,landmark,10,20,IVQ,ordinal,6,0.985,,0.965,1.0,0.0211,200,,,,,,,raw,experiments_cloud/results/ucurve_proprietary_results.csv,upstream source_file: experiments_cloud/results/ucurve_proprietary/gpt-4.1-mini/ucurve_20260520_111134.json
03_prompt_format,gpt-4.1-mini,GPT-4.1,True,base,semantic_multi,landmark,10,20,IVQ,ordinal,7,0.995,,0.985,1.0,0.0163,200,,,,,,,raw,experiments_cloud/results/ucurve_proprietary_results.csv,upstream source_file: experiments_cloud/results/ucurve_proprietary/gpt-4.1-mini/ucurve_20260520_111134.json
03_prompt_format,gpt-4.1-mini,GPT-4.1,True,base,semantic_multi,landmark,10,20,IVQ,ordinal,8,1.0,,1.0,1.0,0.0133,200,,,,,,,raw,experiments_cloud/results/ucurve_proprietary_results.csv,upstream source_file: experiments_cloud/results/ucurve_proprietary/gpt-4.1-mini/ucurve_20260520_111134.json
03_prompt_format,gpt-4.1-mini,GPT-4.1,True,base,semantic_multi,landmark,10,20,IVQ,ordinal,10,0.99,,0.975,1.0,0.0189,200,,,,,,,raw,experiments_cloud/results/ucurve_proprietary_results.csv,upstream source_file: experiments_cloud/results/ucurve_proprietary/gpt-4.1-mini/ucurve_20260520_111134.json
03_prompt_format,gpt-4.1-mini,GPT-4.1,True,base,semantic_multi,landmark,10,20,IVQ,ordinal,11,0.945,,0.915,0.975,0.0334,200,,,,,,,raw,experiments_cloud/results/ucurve_proprietary_results.csv,upstream source_file: experiments_cloud/results/ucurve_proprietary/gpt-4.1-mini/ucurve_20260520_111134.json
03_prompt_format,gpt-4.1-mini,GPT-4.1,True,base,semantic_multi,landmark,10,20,IVQ,ordinal,13,0.755,,0.695,0.815,0.0594,200,,,,,,,raw,experiments_cloud/results/ucurve_proprietary_results.csv,upstream source_file: experiments_cloud/results/ucurve_proprietary/gpt-4.1-mini/ucurve_20260520_111134.json
03_prompt_format,gpt-4.1-mini,GPT-4.1,True,base,semantic_multi,landmark,10,20,IVQ,ordinal,14,0.53,,0.46,0.6,0.0685,200,,,,,,,raw,experiments_cloud/results/ucurve_proprietary_results.csv,upstream source_file: experiments_cloud/results/ucurve_proprietary/gpt-4.1-mini/ucurve_20260520_111134.json
03_prompt_format,gpt-4.1-mini,GPT-4.1,True,base,semantic_multi,landmark,10,20,IVQ,ordinal,16,0.355,,0.285,0.425,0.0658,200,,,,,,,raw,experiments_cloud/results/ucurve_proprietary_results.csv,upstream source_file: experiments_cloud/results/ucurve_proprietary/gpt-4.1-mini/ucurve_20260520_111134.json
03_prompt_format,gpt-4.1-mini,GPT-4.1,True,base,semantic_multi,landmark,10,20,IVQ,ordinal,17,0.265,,0.205,0.325,0.0609,200,,,,,,,raw,experiments_cloud/results/ucurve_proprietary_results.csv,upstream source_file: experiments_cloud/results/ucurve_proprietary/gpt-4.1-mini/ucurve_20260520_111134.json
03_prompt_format,gpt-4.1-mini,GPT-4.1,True,base,semantic_multi,landmark,10,20,IVQ,ordinal,19,0.25,,0.19,0.31,0.0598,200,,,,,,,raw,experiments_cloud/results/ucurve_proprietary_results.csv,upstream source_file: experiments_cloud/results/ucurve_proprietary/gpt-4.1-mini/ucurve_20260520_111134.json
03_prompt_format,gpt-4.1-mini,GPT-4.1,True,base,semantic_multi,landmark,10,20,CVQ,ordinal,20,0.695,,0.63,0.76,0.0634,200,,,,,,,raw,experiments_cloud/results/ucurve_proprietary_results.csv,upstream source_file: experiments_cloud/results/ucurve_proprietary/gpt-4.1-mini/ucurve_20260520_111134.json
03_prompt_format,gpt-4.1-mini,GPT-4.1,True,base,semantic_multi,landmark,10,20,CVQ,semantic,last,1.0,,1.0,1.0,0.0133,200,,,,,,,raw,experiments_cloud/results/ucurve_proprietary_results.csv,upstream source_file: experiments_cloud/results/ucurve_proprietary/gpt-4.1-mini/ucurve_20260520_111134.json
03_prompt_format,gpt-4.1-mini,GPT-4.1,True,base,semantic_multi,landmark,10,50,FVQ,ordinal,1,0.775,,0.715,0.835,0.0578,200,,,,,,,raw,experiments_cloud/results/ucurve_proprietary_results.csv,upstream source_file: experiments_cloud/results/ucurve_proprietary/gpt-4.1-mini/ucurve_20260520_111134.json
03_prompt_format,gpt-4.1-mini,GPT-4.1,True,base,semantic_multi,landmark,10,50,IVQ,ordinal,2,0.775,,0.72,0.835,0.0578,200,,,,,,,raw,experiments_cloud/results/ucurve_proprietary_results.csv,upstream source_file: experiments_cloud/results/ucurve_proprietary/gpt-4.1-mini/ucurve_20260520_111134.json
03_prompt_format,gpt-4.1-mini,GPT-4.1,True,base,semantic_multi,landmark,10,50,IVQ,ordinal,3,0.965,,0.94,0.99,0.0281,200,,,,,,,raw,experiments_cloud/results/ucurve_proprietary_results.csv,upstream source_file: experiments_cloud/results/ucurve_proprietary/gpt-4.1-mini/ucurve_20260520_111134.json
03_prompt_format,gpt-4.1-mini,GPT-4.1,True,base,semantic_multi,landmark,10,50,IVQ,ordinal,4,0.99,,0.975,1.0,0.0189,200,,,,,,,raw,experiments_cloud/results/ucurve_proprietary_results.csv,upstream source_file: experiments_cloud/results/ucurve_proprietary/gpt-4.1-mini/ucurve_20260520_111134.json
03_prompt_format,gpt-4.1-mini,GPT-4.1,True,base,semantic_multi,landmark,10,50,IVQ,ordinal,5,0.995,,0.985,1.0,0.0163,200,,,,,,,raw,experiments_cloud/results/ucurve_proprietary_results.csv,upstream source_file: experiments_cloud/results/ucurve_proprietary/gpt-4.1-mini/ucurve_20260520_111134.json
03_prompt_format,gpt-4.1-mini,GPT-4.1,True,base,semantic_multi,landmark,10,50,IVQ,ordinal,6,0.975,,0.95,0.995,0.0249,200,,,,,,,raw,experiments_cloud/results/ucurve_proprietary_results.csv,upstream source_file: experiments_cloud/results/ucurve_proprietary/gpt-4.1-mini/ucurve_20260520_111134.json
03_prompt_format,gpt-4.1-mini,GPT-4.1,True,base,semantic_multi,landmark,10,50,IVQ,ordinal,7,0.995,,0.985,1.0,0.0163,200,,,,,,,raw,experiments_cloud/results/ucurve_proprietary_results.csv,upstream source_file: experiments_cloud/results/ucurve_proprietary/gpt-4.1-mini/ucurve_20260520_111134.json
03_prompt_format,gpt-4.1-mini,GPT-4.1,True,base,semantic_multi,landmark,10,50,IVQ,ordinal,8,0.99,,0.975,1.0,0.0189,200,,,,,,,raw,experiments_cloud/results/ucurve_proprietary_results.csv,upstream source_file: experiments_cloud/results/ucurve_proprietary/gpt-4.1-mini/ucurve_20260520_111134.json
03_prompt_format,gpt-4.1-mini,GPT-4.1,True,base,semantic_multi,landmark,10,50,IVQ,ordinal,14,0.455,,0.39,0.525,0.0684,200,,,,,,,raw,experiments_cloud/results/ucurve_proprietary_results.csv,upstream source_file: experiments_cloud/results/ucurve_proprietary/gpt-4.1-mini/ucurve_20260520_111134.json
03_prompt_format,gpt-4.1-mini,GPT-4.1,True,base,semantic_multi,landmark,10,50,IVQ,ordinal,20,0.075,,0.04,0.115,0.0379,200,,,,,,,raw,experiments_cloud/results/ucurve_proprietary_results.csv,upstream source_file: experiments_cloud/results/ucurve_proprietary/gpt-4.1-mini/ucurve_20260520_111134.json
03_prompt_format,gpt-4.1-mini,GPT-4.1,True,base,semantic_multi,landmark,10,50,IVQ,ordinal,26,0.005,,0.0,0.015,0.0163,200,,,,,,,raw,experiments_cloud/results/ucurve_proprietary_results.csv,upstream source_file: experiments_cloud/results/ucurve_proprietary/gpt-4.1-mini/ucurve_20260520_111134.json
03_prompt_format,gpt-4.1-mini,GPT-4.1,True,base,semantic_multi,landmark,10,50,IVQ,ordinal,31,0.025,,0.005,0.05,0.0249,200,,,,,,,raw,experiments_cloud/results/ucurve_proprietary_results.csv,upstream source_file: experiments_cloud/results/ucurve_proprietary/gpt-4.1-mini/ucurve_20260520_111134.json
03_prompt_format,gpt-4.1-mini,GPT-4.1,True,base,semantic_multi,landmark,10,50,IVQ,ordinal,37,0.0,,0.0,0.0,0.0133,200,,,,,,,raw,experiments_cloud/results/ucurve_proprietary_results.csv,upstream source_file: experiments_cloud/results/ucurve_proprietary/gpt-4.1-mini/ucurve_20260520_111134.json
03_prompt_format,gpt-4.1-mini,GPT-4.1,True,base,semantic_multi,landmark,10,50,IVQ,ordinal,43,0.01,,0.0,0.025,0.0189,200,,,,,,,raw,experiments_cloud/results/ucurve_proprietary_results.csv,upstream source_file: experiments_cloud/results/ucurve_proprietary/gpt-4.1-mini/ucurve_20260520_111134.json
03_prompt_format,gpt-4.1-mini,GPT-4.1,True,base,semantic_multi,landmark,10,50,IVQ,ordinal,49,0.2,,0.145,0.2551,0.0555,200,,,,,,,raw,experiments_cloud/results/ucurve_proprietary_results.csv,upstream source_file: experiments_cloud/results/ucurve_proprietary/gpt-4.1-mini/ucurve_20260520_111134.json
03_prompt_format,gpt-4.1-mini,GPT-4.1,True,base,semantic_multi,landmark,10,50,CVQ,ordinal,50,0.465,,0.395,0.53,0.0685,200,,,,,,,raw,experiments_cloud/results/ucurve_proprietary_results.csv,upstream source_file: experiments_cloud/results/ucurve_proprietary/gpt-4.1-mini/ucurve_20260520_111134.json
03_prompt_format,gpt-4.1-mini,GPT-4.1,True,base,semantic_multi,landmark,10,50,CVQ,semantic,last,1.0,,1.0,1.0,0.0133,200,,,,,,,raw,experiments_cloud/results/ucurve_proprietary_results.csv,upstream source_file: experiments_cloud/results/ucurve_proprietary/gpt-4.1-mini/ucurve_20260520_111134.json
