model,dataset,num_keys,num_updates,fvq_acc,cvq_acc,gap,fvq_ci_lower,fvq_ci_upper,cvq_ci_lower,cvq_ci_upper,n_trials,max_trials,source_file
Qwen2.5-0.5B-Instruct,arbitrary_single,2,5,0.74,0.34,0.4,0.66,0.82,0.25,0.44,100,100,v3/results_vllm/arbitrary_single/Qwen2.5-0.5B-Instruct/stage1_sweep_20260408_224841.json
Qwen2.5-0.5B-Instruct,arbitrary_single,2,7,0.73,0.22,0.51,0.64,0.81,0.14,0.31,100,100,v3/results_vllm/arbitrary_single/Qwen2.5-0.5B-Instruct/stage1_sweep_20260408_224841.json
Qwen2.5-0.5B-Instruct,arbitrary_single,2,10,0.76,0.21,0.55,0.67,0.84,0.13,0.29,100,100,v3/results_vllm/arbitrary_single/Qwen2.5-0.5B-Instruct/stage1_sweep_20260408_224841.json
Qwen2.5-0.5B-Instruct,arbitrary_single,2,15,0.87,0.17,0.7,0.8,0.93,0.1,0.25,100,100,v3/results_vllm/arbitrary_single/Qwen2.5-0.5B-Instruct/stage1_sweep_20260408_224841.json
Qwen2.5-0.5B-Instruct,arbitrary_single,2,20,0.74,0.08,0.66,0.65,0.82,0.03,0.14,100,100,v3/results_vllm/arbitrary_single/Qwen2.5-0.5B-Instruct/stage1_sweep_20260408_224841.json
Qwen2.5-0.5B-Instruct,arbitrary_single,2,30,0.79,0.05,0.74,0.71,0.87,0.01,0.1,100,100,v3/results_vllm/arbitrary_single/Qwen2.5-0.5B-Instruct/stage1_sweep_20260408_224841.json
Qwen2.5-0.5B-Instruct,arbitrary_single,2,50,0.72,0.1,0.62,0.63,0.8,0.05,0.16,100,100,v3/results_vllm/arbitrary_single/Qwen2.5-0.5B-Instruct/stage1_sweep_20260408_224841.json
Qwen2.5-0.5B-Instruct,arbitrary_single,2,75,0.65,0.02,0.63,0.56,0.74,0.0,0.05,100,100,v3/results_vllm/arbitrary_single/Qwen2.5-0.5B-Instruct/stage1_sweep_20260408_224841.json
Qwen2.5-0.5B-Instruct,arbitrary_single,2,100,0.57,0.01,0.56,0.47,0.67,0.0,0.03,100,100,v3/results_vllm/arbitrary_single/Qwen2.5-0.5B-Instruct/stage1_sweep_20260408_224841.json
Qwen2.5-0.5B-Instruct,arbitrary_single,3,5,0.69,0.41,0.28,0.6,0.78,0.31,0.51,100,100,v3/results_vllm/arbitrary_single/Qwen2.5-0.5B-Instruct/stage1_sweep_20260408_224841.json
Qwen2.5-0.5B-Instruct,arbitrary_single,3,7,0.71,0.27,0.44,0.62,0.8,0.18,0.36,100,100,v3/results_vllm/arbitrary_single/Qwen2.5-0.5B-Instruct/stage1_sweep_20260408_224841.json
Qwen2.5-0.5B-Instruct,arbitrary_single,3,10,0.67,0.22,0.45,0.58,0.76,0.14,0.3,100,100,v3/results_vllm/arbitrary_single/Qwen2.5-0.5B-Instruct/stage1_sweep_20260408_224841.json
Qwen2.5-0.5B-Instruct,arbitrary_single,3,15,0.64,0.21,0.43,0.55,0.73,0.13,0.29,100,100,v3/results_vllm/arbitrary_single/Qwen2.5-0.5B-Instruct/stage1_sweep_20260408_224841.json
Qwen2.5-0.5B-Instruct,arbitrary_single,3,20,0.67,0.13,0.54,0.58,0.76,0.07,0.19,100,100,v3/results_vllm/arbitrary_single/Qwen2.5-0.5B-Instruct/stage1_sweep_20260408_224841.json
Qwen2.5-0.5B-Instruct,arbitrary_single,3,30,0.64,0.09,0.55,0.5498,0.73,0.04,0.15,100,100,v3/results_vllm/arbitrary_single/Qwen2.5-0.5B-Instruct/stage1_sweep_20260408_224841.json
Qwen2.5-0.5B-Instruct,arbitrary_single,3,50,0.49,0.04,0.45,0.3998,0.59,0.01,0.08,100,100,v3/results_vllm/arbitrary_single/Qwen2.5-0.5B-Instruct/stage1_sweep_20260408_224841.json
Qwen2.5-0.5B-Instruct,arbitrary_single,3,75,0.54,0.01,0.53,0.44,0.63,0.0,0.03,100,100,v3/results_vllm/arbitrary_single/Qwen2.5-0.5B-Instruct/stage1_sweep_20260408_224841.json
Qwen2.5-0.5B-Instruct,arbitrary_single,3,100,0.54,0.0,0.54,0.44,0.63,0.0,0.0,100,100,v3/results_vllm/arbitrary_single/Qwen2.5-0.5B-Instruct/stage1_sweep_20260408_224841.json
Qwen2.5-0.5B-Instruct,arbitrary_single,5,5,0.58,0.3,0.28,0.48,0.67,0.21,0.4,100,100,v3/results_vllm/arbitrary_single/Qwen2.5-0.5B-Instruct/stage1_sweep_20260408_224841.json
Qwen2.5-0.5B-Instruct,arbitrary_single,5,7,0.59,0.33,0.26,0.49,0.69,0.24,0.42,100,100,v3/results_vllm/arbitrary_single/Qwen2.5-0.5B-Instruct/stage1_sweep_20260408_224841.json
Qwen2.5-0.5B-Instruct,arbitrary_single,5,10,0.57,0.18,0.39,0.47,0.67,0.11,0.26,100,100,v3/results_vllm/arbitrary_single/Qwen2.5-0.5B-Instruct/stage1_sweep_20260408_224841.json
Qwen2.5-0.5B-Instruct,arbitrary_single,5,15,0.62,0.2,0.42,0.53,0.71,0.13,0.28,100,100,v3/results_vllm/arbitrary_single/Qwen2.5-0.5B-Instruct/stage1_sweep_20260408_224841.json
Qwen2.5-0.5B-Instruct,arbitrary_single,5,20,0.59,0.11,0.48,0.49,0.68,0.05,0.17,100,100,v3/results_vllm/arbitrary_single/Qwen2.5-0.5B-Instruct/stage1_sweep_20260408_224841.json
Qwen2.5-0.5B-Instruct,arbitrary_single,5,30,0.51,0.05,0.46,0.4098,0.61,0.01,0.1,100,100,v3/results_vllm/arbitrary_single/Qwen2.5-0.5B-Instruct/stage1_sweep_20260408_224841.json
Qwen2.5-0.5B-Instruct,arbitrary_single,5,50,0.55,0.03,0.52,0.45,0.65,0.0,0.07,100,100,v3/results_vllm/arbitrary_single/Qwen2.5-0.5B-Instruct/stage1_sweep_20260408_224841.json
Qwen2.5-0.5B-Instruct,arbitrary_single,5,75,0.34,0.0,0.34,0.25,0.44,0.0,0.0,100,100,v3/results_vllm/arbitrary_single/Qwen2.5-0.5B-Instruct/stage1_sweep_20260408_224841.json
Qwen2.5-0.5B-Instruct,arbitrary_single,5,100,0.26,0.01,0.25,0.18,0.35,0.0,0.03,100,100,v3/results_vllm/arbitrary_single/Qwen2.5-0.5B-Instruct/stage1_sweep_20260408_224841.json
Qwen2.5-0.5B-Instruct,arbitrary_single,7,5,0.64,0.25,0.39,0.55,0.74,0.17,0.34,100,100,v3/results_vllm/arbitrary_single/Qwen2.5-0.5B-Instruct/stage1_sweep_20260408_224841.json
Qwen2.5-0.5B-Instruct,arbitrary_single,7,7,0.55,0.29,0.26,0.45,0.65,0.21,0.38,100,100,v3/results_vllm/arbitrary_single/Qwen2.5-0.5B-Instruct/stage1_sweep_20260408_224841.json
Qwen2.5-0.5B-Instruct,arbitrary_single,7,10,0.51,0.21,0.3,0.41,0.61,0.13,0.29,100,100,v3/results_vllm/arbitrary_single/Qwen2.5-0.5B-Instruct/stage1_sweep_20260408_224841.json
Qwen2.5-0.5B-Instruct,arbitrary_single,7,15,0.5,0.09,0.41,0.4,0.6,0.04,0.15,100,100,v3/results_vllm/arbitrary_single/Qwen2.5-0.5B-Instruct/stage1_sweep_20260408_224841.json
Qwen2.5-0.5B-Instruct,arbitrary_single,7,20,0.42,0.1,0.32,0.33,0.51,0.0498,0.16,100,100,v3/results_vllm/arbitrary_single/Qwen2.5-0.5B-Instruct/stage1_sweep_20260408_224841.json
Qwen2.5-0.5B-Instruct,arbitrary_single,7,30,0.43,0.02,0.41,0.33,0.53,0.0,0.05,100,100,v3/results_vllm/arbitrary_single/Qwen2.5-0.5B-Instruct/stage1_sweep_20260408_224841.json
Qwen2.5-0.5B-Instruct,arbitrary_single,7,50,0.35,0.0,0.35,0.26,0.45,0.0,0.0,100,100,v3/results_vllm/arbitrary_single/Qwen2.5-0.5B-Instruct/stage1_sweep_20260408_224841.json
Qwen2.5-0.5B-Instruct,arbitrary_single,7,75,0.19,0.02,0.17,0.12,0.27,0.0,0.05,100,100,v3/results_vllm/arbitrary_single/Qwen2.5-0.5B-Instruct/stage1_sweep_20260408_224841.json
Qwen2.5-0.5B-Instruct,arbitrary_single,7,100,0.18,0.01,0.17,0.11,0.26,0.0,0.03,100,100,v3/results_vllm/arbitrary_single/Qwen2.5-0.5B-Instruct/stage1_sweep_20260408_224841.json
Qwen2.5-0.5B-Instruct,arbitrary_single,10,5,0.61,0.27,0.34,0.51,0.71,0.19,0.36,100,100,v3/results_vllm/arbitrary_single/Qwen2.5-0.5B-Instruct/stage1_sweep_20260408_224841.json
Qwen2.5-0.5B-Instruct,arbitrary_single,10,7,0.56,0.2,0.36,0.47,0.66,0.12,0.28,100,100,v3/results_vllm/arbitrary_single/Qwen2.5-0.5B-Instruct/stage1_sweep_20260408_224841.json
Qwen2.5-0.5B-Instruct,arbitrary_single,10,10,0.54,0.17,0.37,0.44,0.64,0.1,0.25,100,100,v3/results_vllm/arbitrary_single/Qwen2.5-0.5B-Instruct/stage1_sweep_20260408_224841.json
Qwen2.5-0.5B-Instruct,arbitrary_single,10,15,0.45,0.07,0.38,0.35,0.54,0.02,0.12,100,100,v3/results_vllm/arbitrary_single/Qwen2.5-0.5B-Instruct/stage1_sweep_20260408_224841.json
Qwen2.5-0.5B-Instruct,arbitrary_single,10,20,0.31,0.01,0.3,0.22,0.4,0.0,0.04,100,100,v3/results_vllm/arbitrary_single/Qwen2.5-0.5B-Instruct/stage1_sweep_20260408_224841.json
Qwen2.5-0.5B-Instruct,arbitrary_single,10,30,0.29,0.04,0.25,0.2,0.38,0.01,0.08,100,100,v3/results_vllm/arbitrary_single/Qwen2.5-0.5B-Instruct/stage1_sweep_20260408_224841.json
Qwen2.5-0.5B-Instruct,arbitrary_single,10,50,0.23,0.01,0.22,0.15,0.31,0.0,0.03,100,100,v3/results_vllm/arbitrary_single/Qwen2.5-0.5B-Instruct/stage1_sweep_20260408_224841.json
Qwen2.5-0.5B-Instruct,arbitrary_single,10,75,0.09,0.01,0.08,0.04,0.15,0.0,0.03,100,100,v3/results_vllm/arbitrary_single/Qwen2.5-0.5B-Instruct/stage1_sweep_20260408_224841.json
Qwen2.5-0.5B-Instruct,arbitrary_single,15,5,0.47,0.18,0.29,0.37,0.57,0.11,0.25,100,100,v3/results_vllm/arbitrary_single/Qwen2.5-0.5B-Instruct/stage1_sweep_20260408_224841.json
Qwen2.5-0.5B-Instruct,arbitrary_single,15,7,0.54,0.12,0.42,0.44,0.64,0.06,0.19,100,100,v3/results_vllm/arbitrary_single/Qwen2.5-0.5B-Instruct/stage1_sweep_20260408_224841.json
Qwen2.5-0.5B-Instruct,arbitrary_single,15,10,0.36,0.06,0.3,0.27,0.45,0.02,0.11,100,100,v3/results_vllm/arbitrary_single/Qwen2.5-0.5B-Instruct/stage1_sweep_20260408_224841.json
Qwen2.5-0.5B-Instruct,arbitrary_single,15,15,0.42,0.04,0.38,0.32,0.52,0.01,0.08,100,100,v3/results_vllm/arbitrary_single/Qwen2.5-0.5B-Instruct/stage1_sweep_20260408_224841.json
Qwen2.5-0.5B-Instruct,arbitrary_single,15,20,0.3,0.03,0.27,0.22,0.39,0.0,0.07,100,100,v3/results_vllm/arbitrary_single/Qwen2.5-0.5B-Instruct/stage1_sweep_20260408_224841.json
Qwen2.5-0.5B-Instruct,arbitrary_single,15,30,0.26,0.01,0.25,0.18,0.34,0.0,0.03,100,100,v3/results_vllm/arbitrary_single/Qwen2.5-0.5B-Instruct/stage1_sweep_20260408_224841.json
Qwen2.5-0.5B-Instruct,arbitrary_single,15,50,0.11,0.0,0.11,0.05,0.18,0.0,0.0,100,100,v3/results_vllm/arbitrary_single/Qwen2.5-0.5B-Instruct/stage1_sweep_20260408_224841.json
Qwen2.5-0.5B-Instruct,arbitrary_single,15,75,0.12,0.03,0.09,0.06,0.19,0.0,0.07,100,100,v3/results_vllm/arbitrary_single/Qwen2.5-0.5B-Instruct/stage1_sweep_20260408_224841.json
Qwen2.5-0.5B-Instruct,arbitrary_single,15,100,0.06,0.03,0.03,0.02,0.11,0.0,0.07,100,100,v3/results_vllm/arbitrary_single/Qwen2.5-0.5B-Instruct/stage1_sweep_20260408_224841.json
Qwen2.5-0.5B-Instruct,arbitrary_single,20,5,0.42,0.1,0.32,0.32,0.51,0.04,0.16,100,100,v3/results_vllm/arbitrary_single/Qwen2.5-0.5B-Instruct/stage1_sweep_20260408_224841.json
Qwen2.5-0.5B-Instruct,arbitrary_single,20,7,0.39,0.09,0.3,0.29,0.49,0.04,0.15,100,100,v3/results_vllm/arbitrary_single/Qwen2.5-0.5B-Instruct/stage1_sweep_20260408_224841.json
Qwen2.5-0.5B-Instruct,arbitrary_single,20,10,0.37,0.03,0.34,0.27,0.47,0.0,0.06,100,100,v3/results_vllm/arbitrary_single/Qwen2.5-0.5B-Instruct/stage1_sweep_20260408_224841.json
Qwen2.5-0.5B-Instruct,arbitrary_single,20,15,0.29,0.02,0.27,0.21,0.38,0.0,0.05,100,100,v3/results_vllm/arbitrary_single/Qwen2.5-0.5B-Instruct/stage1_sweep_20260408_224841.json
Qwen2.5-0.5B-Instruct,arbitrary_single,20,20,0.25,0.02,0.23,0.17,0.34,0.0,0.05,100,100,v3/results_vllm/arbitrary_single/Qwen2.5-0.5B-Instruct/stage1_sweep_20260408_224841.json
Qwen2.5-0.5B-Instruct,arbitrary_single,20,30,0.11,0.01,0.1,0.05,0.17,0.0,0.0302,100,100,v3/results_vllm/arbitrary_single/Qwen2.5-0.5B-Instruct/stage1_sweep_20260408_224841.json
Qwen2.5-0.5B-Instruct,arbitrary_single,20,50,0.03,0.04,-0.01,0.0,0.07,0.01,0.08,100,100,v3/results_vllm/arbitrary_single/Qwen2.5-0.5B-Instruct/stage1_sweep_20260408_224841.json
Qwen2.5-0.5B-Instruct,arbitrary_single,20,75,0.04,0.05,-0.01,0.01,0.08,0.01,0.1,100,100,v3/results_vllm/arbitrary_single/Qwen2.5-0.5B-Instruct/stage1_sweep_20260408_224841.json
Qwen2.5-0.5B-Instruct,arbitrary_single,20,100,0.24,0.07,0.17,0.15,0.32,0.02,0.13,100,100,v3/results_vllm/arbitrary_single/Qwen2.5-0.5B-Instruct/stage1_sweep_20260408_224841.json
Qwen2.5-0.5B-Instruct,arbitrary_single,25,5,0.37,0.13,0.24,0.28,0.47,0.07,0.2,100,100,v3/results_vllm/arbitrary_single/Qwen2.5-0.5B-Instruct/stage1_sweep_20260408_224841.json
Qwen2.5-0.5B-Instruct,arbitrary_single,25,7,0.29,0.06,0.23,0.2,0.38,0.02,0.11,100,100,v3/results_vllm/arbitrary_single/Qwen2.5-0.5B-Instruct/stage1_sweep_20260408_224841.json
Qwen2.5-0.5B-Instruct,arbitrary_single,25,10,0.33,0.03,0.3,0.24,0.42,0.0,0.07,100,100,v3/results_vllm/arbitrary_single/Qwen2.5-0.5B-Instruct/stage1_sweep_20260408_224841.json
Qwen2.5-0.5B-Instruct,arbitrary_single,25,15,0.11,0.03,0.08,0.05,0.18,0.0,0.07,100,100,v3/results_vllm/arbitrary_single/Qwen2.5-0.5B-Instruct/stage1_sweep_20260408_224841.json
Qwen2.5-0.5B-Instruct,arbitrary_single,25,20,0.21,0.07,0.14,0.13,0.29,0.02,0.12,100,100,v3/results_vllm/arbitrary_single/Qwen2.5-0.5B-Instruct/stage1_sweep_20260408_224841.json
Qwen2.5-0.5B-Instruct,arbitrary_single,25,30,0.08,0.0,0.08,0.03,0.14,0.0,0.0,100,100,v3/results_vllm/arbitrary_single/Qwen2.5-0.5B-Instruct/stage1_sweep_20260408_224841.json
Qwen2.5-0.5B-Instruct,arbitrary_single,25,50,0.11,0.02,0.09,0.05,0.18,0.0,0.05,100,100,v3/results_vllm/arbitrary_single/Qwen2.5-0.5B-Instruct/stage1_sweep_20260408_224841.json
Qwen2.5-0.5B-Instruct,arbitrary_single,25,75,0.16,0.03,0.13,0.1,0.24,0.0,0.07,100,100,v3/results_vllm/arbitrary_single/Qwen2.5-0.5B-Instruct/stage1_sweep_20260408_224841.json
Qwen2.5-0.5B-Instruct,arbitrary_single,30,5,0.31,0.06,0.25,0.22,0.4,0.02,0.11,100,100,v3/results_vllm/arbitrary_single/Qwen2.5-0.5B-Instruct/stage1_sweep_20260408_224841.json
Qwen2.5-0.5B-Instruct,arbitrary_single,30,7,0.26,0.02,0.24,0.18,0.35,0.0,0.05,100,100,v3/results_vllm/arbitrary_single/Qwen2.5-0.5B-Instruct/stage1_sweep_20260408_224841.json
Qwen2.5-0.5B-Instruct,arbitrary_single,30,10,0.25,0.02,0.23,0.16,0.34,0.0,0.05,100,100,v3/results_vllm/arbitrary_single/Qwen2.5-0.5B-Instruct/stage1_sweep_20260408_224841.json
Qwen2.5-0.5B-Instruct,arbitrary_single,30,15,0.2,0.02,0.18,0.13,0.28,0.0,0.05,100,100,v3/results_vllm/arbitrary_single/Qwen2.5-0.5B-Instruct/stage1_sweep_20260408_224841.json
Qwen2.5-0.5B-Instruct,arbitrary_single,30,20,0.09,0.01,0.08,0.04,0.15,0.0,0.03,100,100,v3/results_vllm/arbitrary_single/Qwen2.5-0.5B-Instruct/stage1_sweep_20260408_224841.json
Qwen2.5-0.5B-Instruct,arbitrary_single,30,30,0.04,0.01,0.03,0.01,0.08,0.0,0.03,100,100,v3/results_vllm/arbitrary_single/Qwen2.5-0.5B-Instruct/stage1_sweep_20260408_224841.json
Qwen2.5-0.5B-Instruct,arbitrary_single,30,50,0.03,0.04,-0.01,0.0,0.07,0.01,0.08,100,100,v3/results_vllm/arbitrary_single/Qwen2.5-0.5B-Instruct/stage1_sweep_20260408_224841.json
Qwen2.5-0.5B-Instruct,arbitrary_single,30,75,0.08,0.08,0.0,0.03,0.13,0.03,0.14,100,100,v3/results_vllm/arbitrary_single/Qwen2.5-0.5B-Instruct/stage1_sweep_20260408_224841.json
Qwen2.5-0.5B-Instruct,semantic_multi,2,5,0.84,0.51,0.33,0.76,0.91,0.41,0.61,100,100,v3/results_vllm/semantic_multi/Qwen2.5-0.5B-Instruct/stage1_sweep_20260408_225340.json
Qwen2.5-0.5B-Instruct,semantic_multi,2,7,0.87,0.47,0.4,0.8,0.93,0.37,0.57,100,100,v3/results_vllm/semantic_multi/Qwen2.5-0.5B-Instruct/stage1_sweep_20260408_225340.json
Qwen2.5-0.5B-Instruct,semantic_multi,2,10,0.89,0.42,0.47,0.83,0.94,0.32,0.52,100,100,v3/results_vllm/semantic_multi/Qwen2.5-0.5B-Instruct/stage1_sweep_20260408_225340.json
Qwen2.5-0.5B-Instruct,semantic_multi,2,15,0.8,0.36,0.44,0.72,0.88,0.27,0.46,100,100,v3/results_vllm/semantic_multi/Qwen2.5-0.5B-Instruct/stage1_sweep_20260408_225340.json
Qwen2.5-0.5B-Instruct,semantic_multi,2,20,0.84,0.31,0.53,0.76,0.91,0.22,0.4,100,100,v3/results_vllm/semantic_multi/Qwen2.5-0.5B-Instruct/stage1_sweep_20260408_225340.json
Qwen2.5-0.5B-Instruct,semantic_multi,2,30,0.74,0.25,0.49,0.65,0.8202,0.16,0.34,100,100,v3/results_vllm/semantic_multi/Qwen2.5-0.5B-Instruct/stage1_sweep_20260408_225340.json
Qwen2.5-0.5B-Instruct,semantic_multi,2,50,0.77,0.17,0.6,0.69,0.85,0.1,0.24,100,100,v3/results_vllm/semantic_multi/Qwen2.5-0.5B-Instruct/stage1_sweep_20260408_225340.json
Qwen2.5-0.5B-Instruct,semantic_multi,3,5,0.71,0.56,0.15,0.62,0.79,0.46,0.65,100,100,v3/results_vllm/semantic_multi/Qwen2.5-0.5B-Instruct/stage1_sweep_20260408_225340.json
Qwen2.5-0.5B-Instruct,semantic_multi,3,7,0.78,0.43,0.35,0.69,0.85,0.33,0.53,100,100,v3/results_vllm/semantic_multi/Qwen2.5-0.5B-Instruct/stage1_sweep_20260408_225340.json
Qwen2.5-0.5B-Instruct,semantic_multi,3,10,0.75,0.44,0.31,0.66,0.83,0.34,0.53,100,100,v3/results_vllm/semantic_multi/Qwen2.5-0.5B-Instruct/stage1_sweep_20260408_225340.json
Qwen2.5-0.5B-Instruct,semantic_multi,3,15,0.82,0.28,0.54,0.75,0.89,0.19,0.36,100,100,v3/results_vllm/semantic_multi/Qwen2.5-0.5B-Instruct/stage1_sweep_20260408_225340.json
Qwen2.5-0.5B-Instruct,semantic_multi,3,20,0.78,0.29,0.49,0.7,0.86,0.21,0.38,100,100,v3/results_vllm/semantic_multi/Qwen2.5-0.5B-Instruct/stage1_sweep_20260408_225340.json
Qwen2.5-0.5B-Instruct,semantic_multi,3,30,0.85,0.16,0.69,0.78,0.92,0.09,0.23,100,100,v3/results_vllm/semantic_multi/Qwen2.5-0.5B-Instruct/stage1_sweep_20260408_225340.json
Qwen2.5-0.5B-Instruct,semantic_multi,3,50,0.73,0.08,0.65,0.64,0.82,0.03,0.14,100,100,v3/results_vllm/semantic_multi/Qwen2.5-0.5B-Instruct/stage1_sweep_20260408_225340.json
Qwen2.5-0.5B-Instruct,semantic_multi,5,5,0.67,0.51,0.16,0.57,0.76,0.41,0.61,100,100,v3/results_vllm/semantic_multi/Qwen2.5-0.5B-Instruct/stage1_sweep_20260408_225340.json
Qwen2.5-0.5B-Instruct,semantic_multi,5,7,0.71,0.29,0.42,0.62,0.8,0.2,0.38,100,100,v3/results_vllm/semantic_multi/Qwen2.5-0.5B-Instruct/stage1_sweep_20260408_225340.json
Qwen2.5-0.5B-Instruct,semantic_multi,5,10,0.72,0.31,0.41,0.63,0.8,0.22,0.4,100,100,v3/results_vllm/semantic_multi/Qwen2.5-0.5B-Instruct/stage1_sweep_20260408_225340.json
Qwen2.5-0.5B-Instruct,semantic_multi,5,15,0.68,0.23,0.45,0.58,0.77,0.15,0.31,100,100,v3/results_vllm/semantic_multi/Qwen2.5-0.5B-Instruct/stage1_sweep_20260408_225340.json
Qwen2.5-0.5B-Instruct,semantic_multi,5,20,0.67,0.18,0.49,0.58,0.76,0.11,0.26,100,100,v3/results_vllm/semantic_multi/Qwen2.5-0.5B-Instruct/stage1_sweep_20260408_225340.json
Qwen2.5-0.5B-Instruct,semantic_multi,5,30,0.72,0.13,0.59,0.63,0.81,0.07,0.2,100,100,v3/results_vllm/semantic_multi/Qwen2.5-0.5B-Instruct/stage1_sweep_20260408_225340.json
Qwen2.5-0.5B-Instruct,semantic_multi,5,50,0.54,0.06,0.48,0.44,0.63,0.02,0.11,100,100,v3/results_vllm/semantic_multi/Qwen2.5-0.5B-Instruct/stage1_sweep_20260408_225340.json
Qwen2.5-0.5B-Instruct,semantic_multi,7,5,0.69,0.37,0.32,0.6,0.78,0.28,0.47,100,100,v3/results_vllm/semantic_multi/Qwen2.5-0.5B-Instruct/stage1_sweep_20260408_225340.json
Qwen2.5-0.5B-Instruct,semantic_multi,7,7,0.6,0.37,0.23,0.5098,0.7,0.28,0.46,100,100,v3/results_vllm/semantic_multi/Qwen2.5-0.5B-Instruct/stage1_sweep_20260408_225340.json
Qwen2.5-0.5B-Instruct,semantic_multi,7,10,0.69,0.14,0.55,0.59,0.78,0.07,0.21,100,100,v3/results_vllm/semantic_multi/Qwen2.5-0.5B-Instruct/stage1_sweep_20260408_225340.json
Qwen2.5-0.5B-Instruct,semantic_multi,7,15,0.65,0.2,0.45,0.56,0.74,0.12,0.28,100,100,v3/results_vllm/semantic_multi/Qwen2.5-0.5B-Instruct/stage1_sweep_20260408_225340.json
Qwen2.5-0.5B-Instruct,semantic_multi,7,20,0.75,0.05,0.7,0.66,0.83,0.01,0.1,100,100,v3/results_vllm/semantic_multi/Qwen2.5-0.5B-Instruct/stage1_sweep_20260408_225340.json
Qwen2.5-0.5B-Instruct,semantic_multi,7,30,0.67,0.04,0.63,0.57,0.76,0.01,0.08,100,100,v3/results_vllm/semantic_multi/Qwen2.5-0.5B-Instruct/stage1_sweep_20260408_225340.json
Qwen2.5-0.5B-Instruct,semantic_multi,7,50,0.49,0.03,0.46,0.39,0.59,0.0,0.07,100,100,v3/results_vllm/semantic_multi/Qwen2.5-0.5B-Instruct/stage1_sweep_20260408_225340.json
Qwen2.5-0.5B-Instruct,semantic_multi,10,5,0.66,0.34,0.32,0.56,0.75,0.25,0.43,100,100,v3/results_vllm/semantic_multi/Qwen2.5-0.5B-Instruct/stage1_sweep_20260408_225340.json
Qwen2.5-0.5B-Instruct,semantic_multi,10,7,0.64,0.22,0.42,0.55,0.73,0.14,0.3,100,100,v3/results_vllm/semantic_multi/Qwen2.5-0.5B-Instruct/stage1_sweep_20260408_225340.json
Qwen2.5-0.5B-Instruct,semantic_multi,10,10,0.71,0.14,0.57,0.62,0.79,0.08,0.21,100,100,v3/results_vllm/semantic_multi/Qwen2.5-0.5B-Instruct/stage1_sweep_20260408_225340.json
Qwen2.5-0.5B-Instruct,semantic_multi,10,15,0.65,0.04,0.61,0.56,0.74,0.01,0.08,100,100,v3/results_vllm/semantic_multi/Qwen2.5-0.5B-Instruct/stage1_sweep_20260408_225340.json
Qwen2.5-0.5B-Instruct,semantic_multi,10,20,0.62,0.1,0.52,0.53,0.7102,0.05,0.16,100,100,v3/results_vllm/semantic_multi/Qwen2.5-0.5B-Instruct/stage1_sweep_20260408_225340.json
Qwen2.5-0.5B-Instruct,semantic_multi,10,30,0.52,0.05,0.47,0.43,0.63,0.01,0.09,100,100,v3/results_vllm/semantic_multi/Qwen2.5-0.5B-Instruct/stage1_sweep_20260408_225340.json
Qwen2.5-0.5B-Instruct,semantic_multi,10,50,0.32,0.07,0.25,0.23,0.41,0.02,0.12,100,100,v3/results_vllm/semantic_multi/Qwen2.5-0.5B-Instruct/stage1_sweep_20260408_225340.json
Qwen2.5-0.5B-Instruct,semantic_multi,15,5,0.51,0.18,0.33,0.41,0.6,0.1,0.26,100,100,v3/results_vllm/semantic_multi/Qwen2.5-0.5B-Instruct/stage1_sweep_20260408_225340.json
Qwen2.5-0.5B-Instruct,semantic_multi,15,7,0.72,0.2,0.52,0.63,0.81,0.12,0.28,100,100,v3/results_vllm/semantic_multi/Qwen2.5-0.5B-Instruct/stage1_sweep_20260408_225340.json
Qwen2.5-0.5B-Instruct,semantic_multi,15,10,0.6,0.09,0.51,0.5,0.7,0.04,0.15,100,100,v3/results_vllm/semantic_multi/Qwen2.5-0.5B-Instruct/stage1_sweep_20260408_225340.json
Qwen2.5-0.5B-Instruct,semantic_multi,15,15,0.59,0.07,0.52,0.4998,0.68,0.03,0.13,100,100,v3/results_vllm/semantic_multi/Qwen2.5-0.5B-Instruct/stage1_sweep_20260408_225340.json
Qwen2.5-0.5B-Instruct,semantic_multi,15,20,0.48,0.02,0.46,0.38,0.58,0.0,0.05,100,100,v3/results_vllm/semantic_multi/Qwen2.5-0.5B-Instruct/stage1_sweep_20260408_225340.json
Qwen2.5-0.5B-Instruct,semantic_multi,15,30,0.42,0.02,0.4,0.32,0.52,0.0,0.05,100,100,v3/results_vllm/semantic_multi/Qwen2.5-0.5B-Instruct/stage1_sweep_20260408_225340.json
Qwen2.5-0.5B-Instruct,semantic_multi,15,50,0.23,0.09,0.14,0.15,0.32,0.04,0.15,100,100,v3/results_vllm/semantic_multi/Qwen2.5-0.5B-Instruct/stage1_sweep_20260408_225340.json
Qwen2.5-0.5B-Instruct,semantic_multi,20,5,0.66,0.18,0.48,0.57,0.75,0.11,0.26,100,100,v3/results_vllm/semantic_multi/Qwen2.5-0.5B-Instruct/stage1_sweep_20260408_225340.json
Qwen2.5-0.5B-Instruct,semantic_multi,20,7,0.58,0.12,0.46,0.49,0.68,0.06,0.19,100,100,v3/results_vllm/semantic_multi/Qwen2.5-0.5B-Instruct/stage1_sweep_20260408_225340.json
Qwen2.5-0.5B-Instruct,semantic_multi,20,10,0.68,0.09,0.59,0.59,0.77,0.04,0.15,100,100,v3/results_vllm/semantic_multi/Qwen2.5-0.5B-Instruct/stage1_sweep_20260408_225340.json
Qwen2.5-0.5B-Instruct,semantic_multi,20,15,0.37,0.04,0.33,0.28,0.46,0.01,0.08,100,100,v3/results_vllm/semantic_multi/Qwen2.5-0.5B-Instruct/stage1_sweep_20260408_225340.json
Qwen2.5-0.5B-Instruct,semantic_multi,20,20,0.25,0.06,0.19,0.17,0.34,0.02,0.11,100,100,v3/results_vllm/semantic_multi/Qwen2.5-0.5B-Instruct/stage1_sweep_20260408_225340.json
Qwen2.5-0.5B-Instruct,semantic_multi,20,30,0.19,0.06,0.13,0.11,0.27,0.02,0.11,100,100,v3/results_vllm/semantic_multi/Qwen2.5-0.5B-Instruct/stage1_sweep_20260408_225340.json
Qwen2.5-0.5B-Instruct,semantic_multi,20,50,0.17,0.06,0.11,0.1,0.25,0.02,0.11,100,100,v3/results_vllm/semantic_multi/Qwen2.5-0.5B-Instruct/stage1_sweep_20260408_225340.json
Qwen2.5-0.5B-Instruct,semantic_multi,25,5,0.62,0.1,0.52,0.53,0.71,0.05,0.16,100,100,v3/results_vllm/semantic_multi/Qwen2.5-0.5B-Instruct/stage1_sweep_20260408_225340.json
Qwen2.5-0.5B-Instruct,semantic_multi,25,7,0.54,0.07,0.47,0.44,0.6302,0.02,0.13,100,100,v3/results_vllm/semantic_multi/Qwen2.5-0.5B-Instruct/stage1_sweep_20260408_225340.json
Qwen2.5-0.5B-Instruct,semantic_multi,25,10,0.43,0.06,0.37,0.34,0.52,0.02,0.11,100,100,v3/results_vllm/semantic_multi/Qwen2.5-0.5B-Instruct/stage1_sweep_20260408_225340.json
Qwen2.5-0.5B-Instruct,semantic_multi,25,15,0.36,0.03,0.33,0.27,0.45,0.0,0.0602,100,100,v3/results_vllm/semantic_multi/Qwen2.5-0.5B-Instruct/stage1_sweep_20260408_225340.json
Qwen2.5-0.5B-Instruct,semantic_multi,25,20,0.31,0.09,0.22,0.22,0.4,0.04,0.15,100,100,v3/results_vllm/semantic_multi/Qwen2.5-0.5B-Instruct/stage1_sweep_20260408_225340.json
Qwen2.5-0.5B-Instruct,semantic_multi,25,30,0.12,0.07,0.05,0.06,0.18,0.02,0.12,100,100,v3/results_vllm/semantic_multi/Qwen2.5-0.5B-Instruct/stage1_sweep_20260408_225340.json
Qwen2.5-0.5B-Instruct,semantic_multi,25,50,0.16,0.06,0.1,0.09,0.24,0.02,0.11,100,100,v3/results_vllm/semantic_multi/Qwen2.5-0.5B-Instruct/stage1_sweep_20260408_225340.json
Qwen2.5-0.5B-Instruct,semantic_multi,30,5,0.68,0.09,0.59,0.59,0.77,0.04,0.15,100,100,v3/results_vllm/semantic_multi/Qwen2.5-0.5B-Instruct/stage1_sweep_20260408_225340.json
Qwen2.5-0.5B-Instruct,semantic_multi,30,7,0.56,0.09,0.47,0.46,0.66,0.04,0.15,100,100,v3/results_vllm/semantic_multi/Qwen2.5-0.5B-Instruct/stage1_sweep_20260408_225340.json
Qwen2.5-0.5B-Instruct,semantic_multi,30,10,0.42,0.1,0.32,0.32,0.52,0.05,0.16,100,100,v3/results_vllm/semantic_multi/Qwen2.5-0.5B-Instruct/stage1_sweep_20260408_225340.json
Qwen2.5-0.5B-Instruct,semantic_multi,30,15,0.34,0.06,0.28,0.25,0.43,0.02,0.11,100,100,v3/results_vllm/semantic_multi/Qwen2.5-0.5B-Instruct/stage1_sweep_20260408_225340.json
Qwen2.5-0.5B-Instruct,semantic_multi,30,20,0.2,0.0,0.2,0.13,0.28,0.0,0.0,100,100,v3/results_vllm/semantic_multi/Qwen2.5-0.5B-Instruct/stage1_sweep_20260408_225340.json
Qwen2.5-0.5B-Instruct,semantic_multi,30,30,0.13,0.04,0.09,0.07,0.2,0.01,0.08,100,100,v3/results_vllm/semantic_multi/Qwen2.5-0.5B-Instruct/stage1_sweep_20260408_225340.json
Qwen2.5-0.5B-Instruct,semantic_multi,30,50,0.07,0.15,-0.08,0.02,0.12,0.08,0.22,100,100,v3/results_vllm/semantic_multi/Qwen2.5-0.5B-Instruct/stage1_sweep_20260408_225340.json
Qwen2.5-1.5B-Instruct,arbitrary_single,2,5,0.99,0.57,0.42,0.97,1.0,0.47,0.66,100,100,v3/results_vllm/arbitrary_single/Qwen2.5-1.5B-Instruct/stage1_sweep_20260408_231134.json
Qwen2.5-1.5B-Instruct,arbitrary_single,2,7,0.97,0.46,0.51,0.94,1.0,0.3698,0.56,100,100,v3/results_vllm/arbitrary_single/Qwen2.5-1.5B-Instruct/stage1_sweep_20260408_231134.json
Qwen2.5-1.5B-Instruct,arbitrary_single,2,10,0.97,0.36,0.61,0.93,1.0,0.26,0.46,100,100,v3/results_vllm/arbitrary_single/Qwen2.5-1.5B-Instruct/stage1_sweep_20260408_231134.json
Qwen2.5-1.5B-Instruct,arbitrary_single,2,15,0.96,0.35,0.61,0.92,0.99,0.26,0.45,100,100,v3/results_vllm/arbitrary_single/Qwen2.5-1.5B-Instruct/stage1_sweep_20260408_231134.json
Qwen2.5-1.5B-Instruct,arbitrary_single,2,20,0.98,0.29,0.69,0.95,1.0,0.2,0.38,100,100,v3/results_vllm/arbitrary_single/Qwen2.5-1.5B-Instruct/stage1_sweep_20260408_231134.json
Qwen2.5-1.5B-Instruct,arbitrary_single,2,30,0.98,0.2,0.78,0.95,1.0,0.12,0.28,100,100,v3/results_vllm/arbitrary_single/Qwen2.5-1.5B-Instruct/stage1_sweep_20260408_231134.json
Qwen2.5-1.5B-Instruct,arbitrary_single,2,50,0.98,0.17,0.81,0.95,1.0,0.1,0.25,100,100,v3/results_vllm/arbitrary_single/Qwen2.5-1.5B-Instruct/stage1_sweep_20260408_231134.json
Qwen2.5-1.5B-Instruct,arbitrary_single,2,75,0.97,0.17,0.8,0.93,1.0,0.1,0.25,100,100,v3/results_vllm/arbitrary_single/Qwen2.5-1.5B-Instruct/stage1_sweep_20260408_231134.json
Qwen2.5-1.5B-Instruct,arbitrary_single,2,100,0.98,0.06,0.92,0.95,1.0,0.02,0.11,100,100,v3/results_vllm/arbitrary_single/Qwen2.5-1.5B-Instruct/stage1_sweep_20260408_231134.json
Qwen2.5-1.5B-Instruct,arbitrary_single,3,5,0.95,0.27,0.68,0.9,0.99,0.1898,0.36,100,100,v3/results_vllm/arbitrary_single/Qwen2.5-1.5B-Instruct/stage1_sweep_20260408_231134.json
Qwen2.5-1.5B-Instruct,arbitrary_single,3,7,0.97,0.34,0.63,0.93,1.0,0.2498,0.43,100,100,v3/results_vllm/arbitrary_single/Qwen2.5-1.5B-Instruct/stage1_sweep_20260408_231134.json
Qwen2.5-1.5B-Instruct,arbitrary_single,3,10,0.89,0.26,0.63,0.83,0.9402,0.18,0.35,100,100,v3/results_vllm/arbitrary_single/Qwen2.5-1.5B-Instruct/stage1_sweep_20260408_231134.json
Qwen2.5-1.5B-Instruct,arbitrary_single,3,15,0.92,0.23,0.69,0.86,0.97,0.16,0.3102,100,100,v3/results_vllm/arbitrary_single/Qwen2.5-1.5B-Instruct/stage1_sweep_20260408_231134.json
Qwen2.5-1.5B-Instruct,arbitrary_single,3,20,0.96,0.22,0.74,0.92,0.99,0.14,0.31,100,100,v3/results_vllm/arbitrary_single/Qwen2.5-1.5B-Instruct/stage1_sweep_20260408_231134.json
Qwen2.5-1.5B-Instruct,arbitrary_single,3,30,0.95,0.18,0.77,0.9,0.99,0.11,0.25,100,100,v3/results_vllm/arbitrary_single/Qwen2.5-1.5B-Instruct/stage1_sweep_20260408_231134.json
Qwen2.5-1.5B-Instruct,arbitrary_single,3,50,0.87,0.12,0.75,0.8,0.93,0.06,0.18,100,100,v3/results_vllm/arbitrary_single/Qwen2.5-1.5B-Instruct/stage1_sweep_20260408_231134.json
Qwen2.5-1.5B-Instruct,arbitrary_single,3,75,0.92,0.12,0.8,0.86,0.97,0.06,0.19,100,100,v3/results_vllm/arbitrary_single/Qwen2.5-1.5B-Instruct/stage1_sweep_20260408_231134.json
Qwen2.5-1.5B-Instruct,arbitrary_single,3,100,0.84,0.12,0.72,0.76,0.91,0.06,0.19,100,100,v3/results_vllm/arbitrary_single/Qwen2.5-1.5B-Instruct/stage1_sweep_20260408_231134.json
Qwen2.5-1.5B-Instruct,arbitrary_single,5,5,0.98,0.18,0.8,0.95,1.0,0.11,0.26,100,100,v3/results_vllm/arbitrary_single/Qwen2.5-1.5B-Instruct/stage1_sweep_20260408_231134.json
Qwen2.5-1.5B-Instruct,arbitrary_single,5,7,0.94,0.24,0.7,0.89,0.98,0.16,0.33,100,100,v3/results_vllm/arbitrary_single/Qwen2.5-1.5B-Instruct/stage1_sweep_20260408_231134.json
Qwen2.5-1.5B-Instruct,arbitrary_single,5,10,0.85,0.26,0.59,0.77,0.92,0.18,0.35,100,100,v3/results_vllm/arbitrary_single/Qwen2.5-1.5B-Instruct/stage1_sweep_20260408_231134.json
Qwen2.5-1.5B-Instruct,arbitrary_single,5,15,0.86,0.24,0.62,0.79,0.92,0.16,0.3202,100,100,v3/results_vllm/arbitrary_single/Qwen2.5-1.5B-Instruct/stage1_sweep_20260408_231134.json
Qwen2.5-1.5B-Instruct,arbitrary_single,5,20,0.85,0.21,0.64,0.78,0.9102,0.13,0.29,100,100,v3/results_vllm/arbitrary_single/Qwen2.5-1.5B-Instruct/stage1_sweep_20260408_231134.json
Qwen2.5-1.5B-Instruct,arbitrary_single,5,30,0.85,0.21,0.64,0.78,0.92,0.14,0.29,100,100,v3/results_vllm/arbitrary_single/Qwen2.5-1.5B-Instruct/stage1_sweep_20260408_231134.json
Qwen2.5-1.5B-Instruct,arbitrary_single,5,50,0.77,0.11,0.66,0.68,0.85,0.06,0.17,100,100,v3/results_vllm/arbitrary_single/Qwen2.5-1.5B-Instruct/stage1_sweep_20260408_231134.json
Qwen2.5-1.5B-Instruct,arbitrary_single,5,75,0.68,0.1,0.58,0.59,0.77,0.04,0.16,100,100,v3/results_vllm/arbitrary_single/Qwen2.5-1.5B-Instruct/stage1_sweep_20260408_231134.json
Qwen2.5-1.5B-Instruct,arbitrary_single,5,100,0.72,0.12,0.6,0.63,0.81,0.06,0.19,100,100,v3/results_vllm/arbitrary_single/Qwen2.5-1.5B-Instruct/stage1_sweep_20260408_231134.json
Qwen2.5-1.5B-Instruct,arbitrary_single,7,5,0.93,0.23,0.7,0.88,0.98,0.15,0.31,100,100,v3/results_vllm/arbitrary_single/Qwen2.5-1.5B-Instruct/stage1_sweep_20260408_231134.json
Qwen2.5-1.5B-Instruct,arbitrary_single,7,7,0.92,0.2,0.72,0.86,0.97,0.12,0.28,100,100,v3/results_vllm/arbitrary_single/Qwen2.5-1.5B-Instruct/stage1_sweep_20260408_231134.json
Qwen2.5-1.5B-Instruct,arbitrary_single,7,10,0.87,0.31,0.56,0.8,0.93,0.22,0.4,100,100,v3/results_vllm/arbitrary_single/Qwen2.5-1.5B-Instruct/stage1_sweep_20260408_231134.json
Qwen2.5-1.5B-Instruct,arbitrary_single,7,15,0.83,0.2,0.63,0.76,0.9,0.13,0.28,100,100,v3/results_vllm/arbitrary_single/Qwen2.5-1.5B-Instruct/stage1_sweep_20260408_231134.json
Qwen2.5-1.5B-Instruct,arbitrary_single,7,20,0.77,0.19,0.58,0.69,0.85,0.12,0.27,100,100,v3/results_vllm/arbitrary_single/Qwen2.5-1.5B-Instruct/stage1_sweep_20260408_231134.json
Qwen2.5-1.5B-Instruct,arbitrary_single,7,30,0.66,0.2,0.46,0.57,0.75,0.13,0.28,100,100,v3/results_vllm/arbitrary_single/Qwen2.5-1.5B-Instruct/stage1_sweep_20260408_231134.json
Qwen2.5-1.5B-Instruct,arbitrary_single,7,50,0.56,0.09,0.47,0.47,0.65,0.04,0.15,100,100,v3/results_vllm/arbitrary_single/Qwen2.5-1.5B-Instruct/stage1_sweep_20260408_231134.json
Qwen2.5-1.5B-Instruct,arbitrary_single,7,75,0.52,0.13,0.39,0.42,0.61,0.07,0.2,100,100,v3/results_vllm/arbitrary_single/Qwen2.5-1.5B-Instruct/stage1_sweep_20260408_231134.json
Qwen2.5-1.5B-Instruct,arbitrary_single,7,100,0.54,0.1,0.44,0.45,0.64,0.05,0.16,100,100,v3/results_vllm/arbitrary_single/Qwen2.5-1.5B-Instruct/stage1_sweep_20260408_231134.json
Qwen2.5-1.5B-Instruct,arbitrary_single,10,5,0.96,0.2,0.76,0.91,0.99,0.12,0.28,100,100,v3/results_vllm/arbitrary_single/Qwen2.5-1.5B-Instruct/stage1_sweep_20260408_231134.json
Qwen2.5-1.5B-Instruct,arbitrary_single,10,7,0.85,0.16,0.69,0.77,0.92,0.09,0.24,100,100,v3/results_vllm/arbitrary_single/Qwen2.5-1.5B-Instruct/stage1_sweep_20260408_231134.json
Qwen2.5-1.5B-Instruct,arbitrary_single,10,10,0.83,0.13,0.7,0.75,0.9,0.07,0.2,100,100,v3/results_vllm/arbitrary_single/Qwen2.5-1.5B-Instruct/stage1_sweep_20260408_231134.json
Qwen2.5-1.5B-Instruct,arbitrary_single,10,15,0.74,0.18,0.56,0.65,0.82,0.11,0.26,100,100,v3/results_vllm/arbitrary_single/Qwen2.5-1.5B-Instruct/stage1_sweep_20260408_231134.json
Qwen2.5-1.5B-Instruct,arbitrary_single,10,20,0.59,0.15,0.44,0.49,0.68,0.08,0.22,100,100,v3/results_vllm/arbitrary_single/Qwen2.5-1.5B-Instruct/stage1_sweep_20260408_231134.json
Qwen2.5-1.5B-Instruct,arbitrary_single,10,30,0.43,0.17,0.26,0.32,0.53,0.1,0.24,100,100,v3/results_vllm/arbitrary_single/Qwen2.5-1.5B-Instruct/stage1_sweep_20260408_231134.json
Qwen2.5-1.5B-Instruct,arbitrary_single,10,50,0.5,0.11,0.39,0.4098,0.6,0.05,0.17,100,100,v3/results_vllm/arbitrary_single/Qwen2.5-1.5B-Instruct/stage1_sweep_20260408_231134.json
Qwen2.5-1.5B-Instruct,arbitrary_single,10,75,0.42,0.1,0.32,0.32,0.52,0.05,0.16,100,100,v3/results_vllm/arbitrary_single/Qwen2.5-1.5B-Instruct/stage1_sweep_20260408_231134.json
Qwen2.5-1.5B-Instruct,arbitrary_single,10,100,0.33,0.14,0.19,0.24,0.42,0.07,0.21,100,100,v3/results_vllm/arbitrary_single/Qwen2.5-1.5B-Instruct/stage1_sweep_20260408_231134.json
Qwen2.5-1.5B-Instruct,arbitrary_single,15,5,0.85,0.18,0.67,0.77,0.92,0.11,0.26,100,100,v3/results_vllm/arbitrary_single/Qwen2.5-1.5B-Instruct/stage1_sweep_20260408_231134.json
Qwen2.5-1.5B-Instruct,arbitrary_single,15,7,0.74,0.12,0.62,0.65,0.82,0.06,0.19,100,100,v3/results_vllm/arbitrary_single/Qwen2.5-1.5B-Instruct/stage1_sweep_20260408_231134.json
Qwen2.5-1.5B-Instruct,arbitrary_single,15,10,0.64,0.23,0.41,0.55,0.73,0.15,0.32,100,100,v3/results_vllm/arbitrary_single/Qwen2.5-1.5B-Instruct/stage1_sweep_20260408_231134.json
Qwen2.5-1.5B-Instruct,arbitrary_single,15,15,0.55,0.07,0.48,0.45,0.65,0.02,0.12,100,100,v3/results_vllm/arbitrary_single/Qwen2.5-1.5B-Instruct/stage1_sweep_20260408_231134.json
Qwen2.5-1.5B-Instruct,arbitrary_single,15,20,0.5,0.12,0.38,0.4,0.59,0.06,0.1802,100,100,v3/results_vllm/arbitrary_single/Qwen2.5-1.5B-Instruct/stage1_sweep_20260408_231134.json
Qwen2.5-1.5B-Instruct,arbitrary_single,15,30,0.44,0.1,0.34,0.34,0.53,0.05,0.16,100,100,v3/results_vllm/arbitrary_single/Qwen2.5-1.5B-Instruct/stage1_sweep_20260408_231134.json
Qwen2.5-1.5B-Instruct,arbitrary_single,15,50,0.24,0.11,0.13,0.15,0.32,0.05,0.17,100,100,v3/results_vllm/arbitrary_single/Qwen2.5-1.5B-Instruct/stage1_sweep_20260408_231134.json
Qwen2.5-1.5B-Instruct,arbitrary_single,15,75,0.26,0.12,0.14,0.18,0.35,0.06,0.19,100,100,v3/results_vllm/arbitrary_single/Qwen2.5-1.5B-Instruct/stage1_sweep_20260408_231134.json
Qwen2.5-1.5B-Instruct,arbitrary_single,15,100,0.16,0.06,0.1,0.09,0.24,0.02,0.11,100,100,v3/results_vllm/arbitrary_single/Qwen2.5-1.5B-Instruct/stage1_sweep_20260408_231134.json
Qwen2.5-1.5B-Instruct,arbitrary_single,20,5,0.75,0.11,0.64,0.66,0.83,0.05,0.17,100,100,v3/results_vllm/arbitrary_single/Qwen2.5-1.5B-Instruct/stage1_sweep_20260408_231134.json
Qwen2.5-1.5B-Instruct,arbitrary_single,20,7,0.64,0.13,0.51,0.54,0.73,0.07,0.2,100,100,v3/results_vllm/arbitrary_single/Qwen2.5-1.5B-Instruct/stage1_sweep_20260408_231134.json
Qwen2.5-1.5B-Instruct,arbitrary_single,20,10,0.52,0.02,0.5,0.42,0.62,0.0,0.05,100,100,v3/results_vllm/arbitrary_single/Qwen2.5-1.5B-Instruct/stage1_sweep_20260408_231134.json
Qwen2.5-1.5B-Instruct,arbitrary_single,20,15,0.35,0.14,0.21,0.25,0.44,0.08,0.21,100,100,v3/results_vllm/arbitrary_single/Qwen2.5-1.5B-Instruct/stage1_sweep_20260408_231134.json
Qwen2.5-1.5B-Instruct,arbitrary_single,20,20,0.29,0.13,0.16,0.2,0.38,0.07,0.19,100,100,v3/results_vllm/arbitrary_single/Qwen2.5-1.5B-Instruct/stage1_sweep_20260408_231134.json
Qwen2.5-1.5B-Instruct,arbitrary_single,20,30,0.23,0.11,0.12,0.15,0.32,0.06,0.18,100,100,v3/results_vllm/arbitrary_single/Qwen2.5-1.5B-Instruct/stage1_sweep_20260408_231134.json
Qwen2.5-1.5B-Instruct,arbitrary_single,20,50,0.14,0.08,0.06,0.07,0.21,0.03,0.14,100,100,v3/results_vllm/arbitrary_single/Qwen2.5-1.5B-Instruct/stage1_sweep_20260408_231134.json
Qwen2.5-1.5B-Instruct,arbitrary_single,20,75,0.09,0.1,-0.01,0.04,0.15,0.05,0.16,100,100,v3/results_vllm/arbitrary_single/Qwen2.5-1.5B-Instruct/stage1_sweep_20260408_231134.json
Qwen2.5-1.5B-Instruct,arbitrary_single,20,100,0.12,0.11,0.01,0.06,0.18,0.05,0.18,100,100,v3/results_vllm/arbitrary_single/Qwen2.5-1.5B-Instruct/stage1_sweep_20260408_231134.json
Qwen2.5-1.5B-Instruct,arbitrary_single,25,5,0.72,0.09,0.63,0.63,0.8,0.04,0.15,100,100,v3/results_vllm/arbitrary_single/Qwen2.5-1.5B-Instruct/stage1_sweep_20260408_231134.json
Qwen2.5-1.5B-Instruct,arbitrary_single,25,7,0.49,0.07,0.42,0.39,0.59,0.03,0.12,100,100,v3/results_vllm/arbitrary_single/Qwen2.5-1.5B-Instruct/stage1_sweep_20260408_231134.json
Qwen2.5-1.5B-Instruct,arbitrary_single,25,10,0.51,0.09,0.42,0.42,0.61,0.04,0.15,100,100,v3/results_vllm/arbitrary_single/Qwen2.5-1.5B-Instruct/stage1_sweep_20260408_231134.json
Qwen2.5-1.5B-Instruct,arbitrary_single,25,15,0.35,0.09,0.26,0.26,0.44,0.04,0.15,100,100,v3/results_vllm/arbitrary_single/Qwen2.5-1.5B-Instruct/stage1_sweep_20260408_231134.json
Qwen2.5-1.5B-Instruct,arbitrary_single,25,20,0.26,0.1,0.16,0.18,0.35,0.05,0.16,100,100,v3/results_vllm/arbitrary_single/Qwen2.5-1.5B-Instruct/stage1_sweep_20260408_231134.json
Qwen2.5-1.5B-Instruct,arbitrary_single,25,30,0.13,0.05,0.08,0.07,0.2,0.01,0.1,100,100,v3/results_vllm/arbitrary_single/Qwen2.5-1.5B-Instruct/stage1_sweep_20260408_231134.json
Qwen2.5-1.5B-Instruct,arbitrary_single,25,50,0.15,0.07,0.08,0.08,0.22,0.03,0.12,100,100,v3/results_vllm/arbitrary_single/Qwen2.5-1.5B-Instruct/stage1_sweep_20260408_231134.json
Qwen2.5-1.5B-Instruct,arbitrary_single,25,75,0.1,0.08,0.02,0.04,0.16,0.03,0.14,100,100,v3/results_vllm/arbitrary_single/Qwen2.5-1.5B-Instruct/stage1_sweep_20260408_231134.json
Qwen2.5-1.5B-Instruct,arbitrary_single,30,5,0.64,0.1,0.54,0.55,0.73,0.05,0.16,100,100,v3/results_vllm/arbitrary_single/Qwen2.5-1.5B-Instruct/stage1_sweep_20260408_231134.json
Qwen2.5-1.5B-Instruct,arbitrary_single,30,7,0.46,0.14,0.32,0.36,0.56,0.08,0.21,100,100,v3/results_vllm/arbitrary_single/Qwen2.5-1.5B-Instruct/stage1_sweep_20260408_231134.json
Qwen2.5-1.5B-Instruct,arbitrary_single,30,10,0.33,0.14,0.19,0.24,0.42,0.08,0.21,100,100,v3/results_vllm/arbitrary_single/Qwen2.5-1.5B-Instruct/stage1_sweep_20260408_231134.json
Qwen2.5-1.5B-Instruct,arbitrary_single,30,15,0.37,0.12,0.25,0.28,0.46,0.06,0.19,100,100,v3/results_vllm/arbitrary_single/Qwen2.5-1.5B-Instruct/stage1_sweep_20260408_231134.json
Qwen2.5-1.5B-Instruct,arbitrary_single,30,20,0.21,0.12,0.09,0.13,0.29,0.06,0.18,100,100,v3/results_vllm/arbitrary_single/Qwen2.5-1.5B-Instruct/stage1_sweep_20260408_231134.json
Qwen2.5-1.5B-Instruct,arbitrary_single,30,30,0.19,0.13,0.06,0.11,0.27,0.07,0.2,100,100,v3/results_vllm/arbitrary_single/Qwen2.5-1.5B-Instruct/stage1_sweep_20260408_231134.json
Qwen2.5-1.5B-Instruct,arbitrary_single,30,50,0.11,0.09,0.02,0.05,0.17,0.04,0.15,100,100,v3/results_vllm/arbitrary_single/Qwen2.5-1.5B-Instruct/stage1_sweep_20260408_231134.json
Qwen2.5-1.5B-Instruct,arbitrary_single,30,75,0.08,0.09,-0.01,0.03,0.13,0.04,0.15,100,100,v3/results_vllm/arbitrary_single/Qwen2.5-1.5B-Instruct/stage1_sweep_20260408_231134.json
Qwen2.5-1.5B-Instruct,semantic_multi,2,5,0.99,0.54,0.45,0.97,1.0,0.45,0.64,100,100,v3/results_vllm/semantic_multi/Qwen2.5-1.5B-Instruct/stage1_sweep_20260408_232055.json
Qwen2.5-1.5B-Instruct,semantic_multi,2,7,0.97,0.45,0.52,0.93,1.0,0.36,0.55,100,100,v3/results_vllm/semantic_multi/Qwen2.5-1.5B-Instruct/stage1_sweep_20260408_232055.json
Qwen2.5-1.5B-Instruct,semantic_multi,2,10,1.0,0.44,0.56,1.0,1.0,0.34,0.53,100,100,v3/results_vllm/semantic_multi/Qwen2.5-1.5B-Instruct/stage1_sweep_20260408_232055.json
Qwen2.5-1.5B-Instruct,semantic_multi,2,15,0.99,0.36,0.63,0.97,1.0,0.27,0.45,100,100,v3/results_vllm/semantic_multi/Qwen2.5-1.5B-Instruct/stage1_sweep_20260408_232055.json
Qwen2.5-1.5B-Instruct,semantic_multi,2,20,0.99,0.28,0.71,0.97,1.0,0.19,0.37,100,100,v3/results_vllm/semantic_multi/Qwen2.5-1.5B-Instruct/stage1_sweep_20260408_232055.json
Qwen2.5-1.5B-Instruct,semantic_multi,2,30,0.97,0.22,0.75,0.93,1.0,0.14,0.3002,100,100,v3/results_vllm/semantic_multi/Qwen2.5-1.5B-Instruct/stage1_sweep_20260408_232055.json
Qwen2.5-1.5B-Instruct,semantic_multi,2,50,0.93,0.24,0.69,0.88,0.97,0.16,0.32,100,100,v3/results_vllm/semantic_multi/Qwen2.5-1.5B-Instruct/stage1_sweep_20260408_232055.json
Qwen2.5-1.5B-Instruct,semantic_multi,3,5,0.96,0.51,0.45,0.92,0.99,0.41,0.61,100,100,v3/results_vllm/semantic_multi/Qwen2.5-1.5B-Instruct/stage1_sweep_20260408_232055.json
Qwen2.5-1.5B-Instruct,semantic_multi,3,7,0.91,0.4,0.51,0.85,0.96,0.3,0.5,100,100,v3/results_vllm/semantic_multi/Qwen2.5-1.5B-Instruct/stage1_sweep_20260408_232055.json
Qwen2.5-1.5B-Instruct,semantic_multi,3,10,0.98,0.39,0.59,0.95,1.0,0.29,0.49,100,100,v3/results_vllm/semantic_multi/Qwen2.5-1.5B-Instruct/stage1_sweep_20260408_232055.json
Qwen2.5-1.5B-Instruct,semantic_multi,3,15,0.97,0.21,0.76,0.93,1.0,0.13,0.29,100,100,v3/results_vllm/semantic_multi/Qwen2.5-1.5B-Instruct/stage1_sweep_20260408_232055.json
Qwen2.5-1.5B-Instruct,semantic_multi,3,20,0.94,0.34,0.6,0.89,0.98,0.25,0.43,100,100,v3/results_vllm/semantic_multi/Qwen2.5-1.5B-Instruct/stage1_sweep_20260408_232055.json
Qwen2.5-1.5B-Instruct,semantic_multi,3,30,0.86,0.29,0.57,0.79,0.92,0.21,0.38,100,100,v3/results_vllm/semantic_multi/Qwen2.5-1.5B-Instruct/stage1_sweep_20260408_232055.json
Qwen2.5-1.5B-Instruct,semantic_multi,3,50,0.82,0.2,0.62,0.74,0.8902,0.13,0.28,100,100,v3/results_vllm/semantic_multi/Qwen2.5-1.5B-Instruct/stage1_sweep_20260408_232055.json
Qwen2.5-1.5B-Instruct,semantic_multi,5,5,0.95,0.44,0.51,0.9,0.99,0.3498,0.54,100,100,v3/results_vllm/semantic_multi/Qwen2.5-1.5B-Instruct/stage1_sweep_20260408_232055.json
Qwen2.5-1.5B-Instruct,semantic_multi,5,7,0.94,0.4,0.54,0.89,0.98,0.31,0.5,100,100,v3/results_vllm/semantic_multi/Qwen2.5-1.5B-Instruct/stage1_sweep_20260408_232055.json
Qwen2.5-1.5B-Instruct,semantic_multi,5,10,0.91,0.33,0.58,0.85,0.96,0.24,0.43,100,100,v3/results_vllm/semantic_multi/Qwen2.5-1.5B-Instruct/stage1_sweep_20260408_232055.json
Qwen2.5-1.5B-Instruct,semantic_multi,5,15,0.92,0.25,0.67,0.87,0.97,0.17,0.33,100,100,v3/results_vllm/semantic_multi/Qwen2.5-1.5B-Instruct/stage1_sweep_20260408_232055.json
Qwen2.5-1.5B-Instruct,semantic_multi,5,20,0.72,0.32,0.4,0.63,0.8,0.23,0.41,100,100,v3/results_vllm/semantic_multi/Qwen2.5-1.5B-Instruct/stage1_sweep_20260408_232055.json
Qwen2.5-1.5B-Instruct,semantic_multi,5,30,0.7,0.27,0.43,0.6,0.79,0.18,0.36,100,100,v3/results_vllm/semantic_multi/Qwen2.5-1.5B-Instruct/stage1_sweep_20260408_232055.json
Qwen2.5-1.5B-Instruct,semantic_multi,5,50,0.47,0.28,0.19,0.3798,0.57,0.19,0.37,100,100,v3/results_vllm/semantic_multi/Qwen2.5-1.5B-Instruct/stage1_sweep_20260408_232055.json
Qwen2.5-1.5B-Instruct,semantic_multi,7,5,0.93,0.37,0.56,0.88,0.97,0.28,0.46,100,100,v3/results_vllm/semantic_multi/Qwen2.5-1.5B-Instruct/stage1_sweep_20260408_232055.json
Qwen2.5-1.5B-Instruct,semantic_multi,7,7,0.9,0.32,0.58,0.84,0.95,0.24,0.41,100,100,v3/results_vllm/semantic_multi/Qwen2.5-1.5B-Instruct/stage1_sweep_20260408_232055.json
Qwen2.5-1.5B-Instruct,semantic_multi,7,10,0.79,0.25,0.54,0.71,0.86,0.17,0.34,100,100,v3/results_vllm/semantic_multi/Qwen2.5-1.5B-Instruct/stage1_sweep_20260408_232055.json
Qwen2.5-1.5B-Instruct,semantic_multi,7,15,0.76,0.34,0.42,0.6798,0.84,0.25,0.4302,100,100,v3/results_vllm/semantic_multi/Qwen2.5-1.5B-Instruct/stage1_sweep_20260408_232055.json
Qwen2.5-1.5B-Instruct,semantic_multi,7,20,0.66,0.2,0.46,0.56,0.75,0.13,0.28,100,100,v3/results_vllm/semantic_multi/Qwen2.5-1.5B-Instruct/stage1_sweep_20260408_232055.json
Qwen2.5-1.5B-Instruct,semantic_multi,7,30,0.51,0.28,0.23,0.41,0.61,0.19,0.37,100,100,v3/results_vllm/semantic_multi/Qwen2.5-1.5B-Instruct/stage1_sweep_20260408_232055.json
Qwen2.5-1.5B-Instruct,semantic_multi,7,50,0.56,0.22,0.34,0.46,0.66,0.14,0.3,100,100,v3/results_vllm/semantic_multi/Qwen2.5-1.5B-Instruct/stage1_sweep_20260408_232055.json
Qwen2.5-1.5B-Instruct,semantic_multi,10,5,0.88,0.33,0.55,0.81,0.94,0.2398,0.42,100,100,v3/results_vllm/semantic_multi/Qwen2.5-1.5B-Instruct/stage1_sweep_20260408_232055.json
Qwen2.5-1.5B-Instruct,semantic_multi,10,7,0.8,0.25,0.55,0.72,0.88,0.16,0.34,100,100,v3/results_vllm/semantic_multi/Qwen2.5-1.5B-Instruct/stage1_sweep_20260408_232055.json
Qwen2.5-1.5B-Instruct,semantic_multi,10,10,0.82,0.32,0.5,0.74,0.89,0.22,0.41,100,100,v3/results_vllm/semantic_multi/Qwen2.5-1.5B-Instruct/stage1_sweep_20260408_232055.json
Qwen2.5-1.5B-Instruct,semantic_multi,10,15,0.5,0.23,0.27,0.4,0.59,0.15,0.31,100,100,v3/results_vllm/semantic_multi/Qwen2.5-1.5B-Instruct/stage1_sweep_20260408_232055.json
Qwen2.5-1.5B-Instruct,semantic_multi,10,20,0.44,0.3,0.14,0.34,0.54,0.21,0.39,100,100,v3/results_vllm/semantic_multi/Qwen2.5-1.5B-Instruct/stage1_sweep_20260408_232055.json
Qwen2.5-1.5B-Instruct,semantic_multi,10,30,0.32,0.3,0.02,0.23,0.42,0.21,0.39,100,100,v3/results_vllm/semantic_multi/Qwen2.5-1.5B-Instruct/stage1_sweep_20260408_232055.json
Qwen2.5-1.5B-Instruct,semantic_multi,10,50,0.26,0.37,-0.11,0.18,0.34,0.27,0.47,100,100,v3/results_vllm/semantic_multi/Qwen2.5-1.5B-Instruct/stage1_sweep_20260408_232055.json
Qwen2.5-1.5B-Instruct,semantic_multi,15,5,0.73,0.22,0.51,0.64,0.82,0.15,0.3,100,100,v3/results_vllm/semantic_multi/Qwen2.5-1.5B-Instruct/stage1_sweep_20260408_232055.json
Qwen2.5-1.5B-Instruct,semantic_multi,15,7,0.76,0.32,0.44,0.67,0.8402,0.23,0.41,100,100,v3/results_vllm/semantic_multi/Qwen2.5-1.5B-Instruct/stage1_sweep_20260408_232055.json
Qwen2.5-1.5B-Instruct,semantic_multi,15,10,0.52,0.18,0.34,0.42,0.62,0.11,0.25,100,100,v3/results_vllm/semantic_multi/Qwen2.5-1.5B-Instruct/stage1_sweep_20260408_232055.json
Qwen2.5-1.5B-Instruct,semantic_multi,15,15,0.42,0.21,0.21,0.32,0.52,0.13,0.29,100,100,v3/results_vllm/semantic_multi/Qwen2.5-1.5B-Instruct/stage1_sweep_20260408_232055.json
Qwen2.5-1.5B-Instruct,semantic_multi,15,20,0.31,0.25,0.06,0.22,0.4,0.17,0.34,100,100,v3/results_vllm/semantic_multi/Qwen2.5-1.5B-Instruct/stage1_sweep_20260408_232055.json
Qwen2.5-1.5B-Instruct,semantic_multi,15,30,0.31,0.32,-0.01,0.22,0.4,0.23,0.41,100,100,v3/results_vllm/semantic_multi/Qwen2.5-1.5B-Instruct/stage1_sweep_20260408_232055.json
Qwen2.5-1.5B-Instruct,semantic_multi,15,50,0.18,0.26,-0.08,0.11,0.26,0.17,0.34,100,100,v3/results_vllm/semantic_multi/Qwen2.5-1.5B-Instruct/stage1_sweep_20260408_232055.json
Qwen2.5-1.5B-Instruct,semantic_multi,20,5,0.75,0.18,0.57,0.66,0.83,0.11,0.2502,100,100,v3/results_vllm/semantic_multi/Qwen2.5-1.5B-Instruct/stage1_sweep_20260408_232055.json
Qwen2.5-1.5B-Instruct,semantic_multi,20,7,0.54,0.18,0.36,0.44,0.64,0.1,0.26,100,100,v3/results_vllm/semantic_multi/Qwen2.5-1.5B-Instruct/stage1_sweep_20260408_232055.json
Qwen2.5-1.5B-Instruct,semantic_multi,20,10,0.52,0.26,0.26,0.42,0.62,0.17,0.34,100,100,v3/results_vllm/semantic_multi/Qwen2.5-1.5B-Instruct/stage1_sweep_20260408_232055.json
Qwen2.5-1.5B-Instruct,semantic_multi,20,15,0.29,0.24,0.05,0.21,0.38,0.16,0.33,100,100,v3/results_vllm/semantic_multi/Qwen2.5-1.5B-Instruct/stage1_sweep_20260408_232055.json
Qwen2.5-1.5B-Instruct,semantic_multi,20,20,0.3,0.27,0.03,0.21,0.39,0.1898,0.36,100,100,v3/results_vllm/semantic_multi/Qwen2.5-1.5B-Instruct/stage1_sweep_20260408_232055.json
Qwen2.5-1.5B-Instruct,semantic_multi,20,30,0.13,0.25,-0.12,0.07,0.2,0.17,0.33,100,100,v3/results_vllm/semantic_multi/Qwen2.5-1.5B-Instruct/stage1_sweep_20260408_232055.json
Qwen2.5-1.5B-Instruct,semantic_multi,20,50,0.16,0.12,0.04,0.09,0.23,0.06,0.18,100,100,v3/results_vllm/semantic_multi/Qwen2.5-1.5B-Instruct/stage1_sweep_20260408_232055.json
Qwen2.5-1.5B-Instruct,semantic_multi,25,5,0.73,0.21,0.52,0.64,0.81,0.13,0.3,100,100,v3/results_vllm/semantic_multi/Qwen2.5-1.5B-Instruct/stage1_sweep_20260408_232055.json
Qwen2.5-1.5B-Instruct,semantic_multi,25,7,0.59,0.23,0.36,0.4998,0.69,0.15,0.32,100,100,v3/results_vllm/semantic_multi/Qwen2.5-1.5B-Instruct/stage1_sweep_20260408_232055.json
Qwen2.5-1.5B-Instruct,semantic_multi,25,10,0.38,0.25,0.13,0.28,0.47,0.17,0.34,100,100,v3/results_vllm/semantic_multi/Qwen2.5-1.5B-Instruct/stage1_sweep_20260408_232055.json
Qwen2.5-1.5B-Instruct,semantic_multi,25,15,0.27,0.22,0.05,0.18,0.36,0.14,0.3002,100,100,v3/results_vllm/semantic_multi/Qwen2.5-1.5B-Instruct/stage1_sweep_20260408_232055.json
Qwen2.5-1.5B-Instruct,semantic_multi,25,20,0.17,0.26,-0.09,0.1,0.24,0.18,0.35,100,100,v3/results_vllm/semantic_multi/Qwen2.5-1.5B-Instruct/stage1_sweep_20260408_232055.json
Qwen2.5-1.5B-Instruct,semantic_multi,25,30,0.17,0.27,-0.1,0.1,0.25,0.19,0.36,100,100,v3/results_vllm/semantic_multi/Qwen2.5-1.5B-Instruct/stage1_sweep_20260408_232055.json
Qwen2.5-1.5B-Instruct,semantic_multi,25,50,0.06,0.19,-0.13,0.02,0.11,0.12,0.26,100,100,v3/results_vllm/semantic_multi/Qwen2.5-1.5B-Instruct/stage1_sweep_20260408_232055.json
Qwen2.5-1.5B-Instruct,semantic_multi,30,5,0.52,0.22,0.3,0.42,0.62,0.14,0.3,100,100,v3/results_vllm/semantic_multi/Qwen2.5-1.5B-Instruct/stage1_sweep_20260408_232055.json
Qwen2.5-1.5B-Instruct,semantic_multi,30,7,0.44,0.28,0.16,0.34,0.54,0.19,0.37,100,100,v3/results_vllm/semantic_multi/Qwen2.5-1.5B-Instruct/stage1_sweep_20260408_232055.json
Qwen2.5-1.5B-Instruct,semantic_multi,30,10,0.31,0.18,0.13,0.22,0.4,0.11,0.25,100,100,v3/results_vllm/semantic_multi/Qwen2.5-1.5B-Instruct/stage1_sweep_20260408_232055.json
Qwen2.5-1.5B-Instruct,semantic_multi,30,15,0.14,0.16,-0.02,0.08,0.21,0.09,0.24,100,100,v3/results_vllm/semantic_multi/Qwen2.5-1.5B-Instruct/stage1_sweep_20260408_232055.json
Qwen2.5-1.5B-Instruct,semantic_multi,30,20,0.15,0.22,-0.07,0.09,0.23,0.15,0.3,100,100,v3/results_vllm/semantic_multi/Qwen2.5-1.5B-Instruct/stage1_sweep_20260408_232055.json
Qwen2.5-1.5B-Instruct,semantic_multi,30,30,0.1,0.2,-0.1,0.04,0.16,0.13,0.28,100,100,v3/results_vllm/semantic_multi/Qwen2.5-1.5B-Instruct/stage1_sweep_20260408_232055.json
Qwen2.5-1.5B-Instruct,semantic_multi,30,50,0.07,0.24,-0.17,0.03,0.13,0.16,0.33,100,100,v3/results_vllm/semantic_multi/Qwen2.5-1.5B-Instruct/stage1_sweep_20260408_232055.json
Qwen2.5-3B,arbitrary_single,2,5,1.0,0.94,0.06,1.0,1.0,0.89,0.98,100,100,v3/results_vllm/arbitrary_single/Qwen2.5-3B/stage1_sweep_20260409_010049.json
Qwen2.5-3B,arbitrary_single,2,7,1.0,0.76,0.24,1.0,1.0,0.68,0.84,100,100,v3/results_vllm/arbitrary_single/Qwen2.5-3B/stage1_sweep_20260409_010049.json
Qwen2.5-3B,arbitrary_single,2,10,1.0,0.67,0.33,1.0,1.0,0.57,0.76,100,100,v3/results_vllm/arbitrary_single/Qwen2.5-3B/stage1_sweep_20260409_010049.json
Qwen2.5-3B,arbitrary_single,2,15,0.99,0.61,0.38,0.97,1.0,0.51,0.7,100,100,v3/results_vllm/arbitrary_single/Qwen2.5-3B/stage1_sweep_20260409_010049.json
Qwen2.5-3B,arbitrary_single,2,20,1.0,0.46,0.54,1.0,1.0,0.36,0.56,100,100,v3/results_vllm/arbitrary_single/Qwen2.5-3B/stage1_sweep_20260409_010049.json
Qwen2.5-3B,arbitrary_single,2,30,1.0,0.51,0.49,1.0,1.0,0.41,0.61,100,100,v3/results_vllm/arbitrary_single/Qwen2.5-3B/stage1_sweep_20260409_010049.json
Qwen2.5-3B,arbitrary_single,2,50,0.95,0.38,0.57,0.91,0.99,0.28,0.47,100,100,v3/results_vllm/arbitrary_single/Qwen2.5-3B/stage1_sweep_20260409_010049.json
Qwen2.5-3B,arbitrary_single,2,75,1.0,0.27,0.73,1.0,1.0,0.18,0.36,100,100,v3/results_vllm/arbitrary_single/Qwen2.5-3B/stage1_sweep_20260409_010049.json
Qwen2.5-3B,arbitrary_single,2,100,0.94,0.23,0.71,0.89,0.98,0.15,0.31,100,100,v3/results_vllm/arbitrary_single/Qwen2.5-3B/stage1_sweep_20260409_010049.json
Qwen2.5-3B,arbitrary_single,3,5,0.96,0.87,0.09,0.92,0.99,0.8,0.93,100,100,v3/results_vllm/arbitrary_single/Qwen2.5-3B/stage1_sweep_20260409_010049.json
Qwen2.5-3B,arbitrary_single,3,7,0.96,0.7,0.26,0.92,0.99,0.6,0.79,100,100,v3/results_vllm/arbitrary_single/Qwen2.5-3B/stage1_sweep_20260409_010049.json
Qwen2.5-3B,arbitrary_single,3,10,0.92,0.63,0.29,0.86,0.97,0.53,0.72,100,100,v3/results_vllm/arbitrary_single/Qwen2.5-3B/stage1_sweep_20260409_010049.json
Qwen2.5-3B,arbitrary_single,3,15,0.93,0.63,0.3,0.8798,0.97,0.5398,0.73,100,100,v3/results_vllm/arbitrary_single/Qwen2.5-3B/stage1_sweep_20260409_010049.json
Qwen2.5-3B,arbitrary_single,3,20,0.86,0.64,0.22,0.79,0.92,0.55,0.73,100,100,v3/results_vllm/arbitrary_single/Qwen2.5-3B/stage1_sweep_20260409_010049.json
Qwen2.5-3B,arbitrary_single,3,30,0.75,0.55,0.2,0.66,0.83,0.45,0.65,100,100,v3/results_vllm/arbitrary_single/Qwen2.5-3B/stage1_sweep_20260409_010049.json
Qwen2.5-3B,arbitrary_single,3,50,0.74,0.56,0.18,0.65,0.83,0.47,0.66,100,100,v3/results_vllm/arbitrary_single/Qwen2.5-3B/stage1_sweep_20260409_010049.json
Qwen2.5-3B,arbitrary_single,3,75,0.6,0.42,0.18,0.5,0.7,0.33,0.51,100,100,v3/results_vllm/arbitrary_single/Qwen2.5-3B/stage1_sweep_20260409_010049.json
Qwen2.5-3B,arbitrary_single,3,100,0.56,0.42,0.14,0.46,0.66,0.32,0.52,100,100,v3/results_vllm/arbitrary_single/Qwen2.5-3B/stage1_sweep_20260409_010049.json
Qwen2.5-3B,arbitrary_single,5,5,0.88,0.75,0.13,0.81,0.94,0.66,0.83,100,100,v3/results_vllm/arbitrary_single/Qwen2.5-3B/stage1_sweep_20260409_010049.json
Qwen2.5-3B,arbitrary_single,5,7,0.78,0.73,0.05,0.7,0.86,0.65,0.81,100,100,v3/results_vllm/arbitrary_single/Qwen2.5-3B/stage1_sweep_20260409_010049.json
Qwen2.5-3B,arbitrary_single,5,10,0.73,0.67,0.06,0.64,0.82,0.58,0.7502,100,100,v3/results_vllm/arbitrary_single/Qwen2.5-3B/stage1_sweep_20260409_010049.json
Qwen2.5-3B,arbitrary_single,5,15,0.67,0.6,0.07,0.5798,0.76,0.51,0.7,100,100,v3/results_vllm/arbitrary_single/Qwen2.5-3B/stage1_sweep_20260409_010049.json
Qwen2.5-3B,arbitrary_single,5,20,0.44,0.66,-0.22,0.34,0.54,0.57,0.75,100,100,v3/results_vllm/arbitrary_single/Qwen2.5-3B/stage1_sweep_20260409_010049.json
Qwen2.5-3B,arbitrary_single,5,30,0.43,0.53,-0.1,0.33,0.52,0.43,0.63,100,100,v3/results_vllm/arbitrary_single/Qwen2.5-3B/stage1_sweep_20260409_010049.json
Qwen2.5-3B,arbitrary_single,5,50,0.33,0.52,-0.19,0.24,0.42,0.42,0.61,100,100,v3/results_vllm/arbitrary_single/Qwen2.5-3B/stage1_sweep_20260409_010049.json
Qwen2.5-3B,arbitrary_single,5,75,0.35,0.49,-0.14,0.26,0.44,0.4,0.59,100,100,v3/results_vllm/arbitrary_single/Qwen2.5-3B/stage1_sweep_20260409_010049.json
Qwen2.5-3B,arbitrary_single,5,100,0.28,0.53,-0.25,0.2,0.37,0.43,0.62,100,100,v3/results_vllm/arbitrary_single/Qwen2.5-3B/stage1_sweep_20260409_010049.json
Qwen2.5-3B,arbitrary_single,7,5,0.73,0.71,0.02,0.65,0.82,0.62,0.8,100,100,v3/results_vllm/arbitrary_single/Qwen2.5-3B/stage1_sweep_20260409_010049.json
Qwen2.5-3B,arbitrary_single,7,7,0.65,0.65,0.0,0.55,0.75,0.55,0.74,100,100,v3/results_vllm/arbitrary_single/Qwen2.5-3B/stage1_sweep_20260409_010049.json
Qwen2.5-3B,arbitrary_single,7,10,0.64,0.53,0.11,0.54,0.73,0.4398,0.63,100,100,v3/results_vllm/arbitrary_single/Qwen2.5-3B/stage1_sweep_20260409_010049.json
Qwen2.5-3B,arbitrary_single,7,15,0.53,0.59,-0.06,0.44,0.63,0.49,0.69,100,100,v3/results_vllm/arbitrary_single/Qwen2.5-3B/stage1_sweep_20260409_010049.json
Qwen2.5-3B,arbitrary_single,7,20,0.43,0.49,-0.06,0.34,0.53,0.3998,0.59,100,100,v3/results_vllm/arbitrary_single/Qwen2.5-3B/stage1_sweep_20260409_010049.json
Qwen2.5-3B,arbitrary_single,7,30,0.21,0.5,-0.29,0.13,0.29,0.4,0.6,100,100,v3/results_vllm/arbitrary_single/Qwen2.5-3B/stage1_sweep_20260409_010049.json
Qwen2.5-3B,arbitrary_single,7,50,0.2,0.58,-0.38,0.13,0.28,0.48,0.68,100,100,v3/results_vllm/arbitrary_single/Qwen2.5-3B/stage1_sweep_20260409_010049.json
Qwen2.5-3B,arbitrary_single,7,75,0.19,0.59,-0.4,0.12,0.27,0.49,0.69,100,100,v3/results_vllm/arbitrary_single/Qwen2.5-3B/stage1_sweep_20260409_010049.json
Qwen2.5-3B,arbitrary_single,7,100,0.14,0.45,-0.31,0.07,0.22,0.35,0.55,100,100,v3/results_vllm/arbitrary_single/Qwen2.5-3B/stage1_sweep_20260409_010049.json
Qwen2.5-3B,arbitrary_single,10,5,0.69,0.61,0.08,0.6,0.78,0.51,0.7,100,100,v3/results_vllm/arbitrary_single/Qwen2.5-3B/stage1_sweep_20260409_010049.json
Qwen2.5-3B,arbitrary_single,10,7,0.47,0.57,-0.1,0.3798,0.57,0.47,0.67,100,100,v3/results_vllm/arbitrary_single/Qwen2.5-3B/stage1_sweep_20260409_010049.json
Qwen2.5-3B,arbitrary_single,10,10,0.45,0.56,-0.11,0.35,0.55,0.46,0.66,100,100,v3/results_vllm/arbitrary_single/Qwen2.5-3B/stage1_sweep_20260409_010049.json
Qwen2.5-3B,arbitrary_single,10,15,0.26,0.47,-0.21,0.18,0.35,0.38,0.57,100,100,v3/results_vllm/arbitrary_single/Qwen2.5-3B/stage1_sweep_20260409_010049.json
Qwen2.5-3B,arbitrary_single,10,20,0.28,0.52,-0.24,0.19,0.37,0.42,0.62,100,100,v3/results_vllm/arbitrary_single/Qwen2.5-3B/stage1_sweep_20260409_010049.json
Qwen2.5-3B,arbitrary_single,10,30,0.19,0.54,-0.35,0.11,0.27,0.44,0.63,100,100,v3/results_vllm/arbitrary_single/Qwen2.5-3B/stage1_sweep_20260409_010049.json
Qwen2.5-3B,arbitrary_single,10,50,0.12,0.57,-0.45,0.06,0.19,0.47,0.66,100,100,v3/results_vllm/arbitrary_single/Qwen2.5-3B/stage1_sweep_20260409_010049.json
Qwen2.5-3B,arbitrary_single,10,75,0.11,0.45,-0.34,0.05,0.17,0.35,0.55,100,100,v3/results_vllm/arbitrary_single/Qwen2.5-3B/stage1_sweep_20260409_010049.json
Qwen2.5-3B,arbitrary_single,10,100,0.12,0.43,-0.31,0.06,0.19,0.33,0.53,100,100,v3/results_vllm/arbitrary_single/Qwen2.5-3B/stage1_sweep_20260409_010049.json
Qwen2.5-3B,arbitrary_single,15,5,0.45,0.63,-0.18,0.36,0.55,0.54,0.72,100,100,v3/results_vllm/arbitrary_single/Qwen2.5-3B/stage1_sweep_20260409_010049.json
Qwen2.5-3B,arbitrary_single,15,7,0.35,0.53,-0.18,0.26,0.44,0.43,0.63,100,100,v3/results_vllm/arbitrary_single/Qwen2.5-3B/stage1_sweep_20260409_010049.json
Qwen2.5-3B,arbitrary_single,15,10,0.21,0.56,-0.35,0.13,0.29,0.46,0.66,100,100,v3/results_vllm/arbitrary_single/Qwen2.5-3B/stage1_sweep_20260409_010049.json
Qwen2.5-3B,arbitrary_single,15,15,0.16,0.55,-0.39,0.09,0.23,0.45,0.6402,100,100,v3/results_vllm/arbitrary_single/Qwen2.5-3B/stage1_sweep_20260409_010049.json
Qwen2.5-3B,arbitrary_single,15,20,0.11,0.59,-0.48,0.05,0.17,0.49,0.69,100,100,v3/results_vllm/arbitrary_single/Qwen2.5-3B/stage1_sweep_20260409_010049.json
Qwen2.5-3B,arbitrary_single,15,30,0.1,0.64,-0.54,0.05,0.16,0.55,0.73,100,100,v3/results_vllm/arbitrary_single/Qwen2.5-3B/stage1_sweep_20260409_010049.json
Qwen2.5-3B,arbitrary_single,15,50,0.12,0.5,-0.38,0.06,0.19,0.4,0.6,100,100,v3/results_vllm/arbitrary_single/Qwen2.5-3B/stage1_sweep_20260409_010049.json
Qwen2.5-3B,arbitrary_single,15,75,0.1,0.4,-0.3,0.04,0.16,0.31,0.5,100,100,v3/results_vllm/arbitrary_single/Qwen2.5-3B/stage1_sweep_20260409_010049.json
Qwen2.5-3B,arbitrary_single,20,5,0.41,0.58,-0.17,0.31,0.51,0.4898,0.68,100,100,v3/results_vllm/arbitrary_single/Qwen2.5-3B/stage1_sweep_20260409_010049.json
Qwen2.5-3B,arbitrary_single,20,7,0.28,0.53,-0.25,0.19,0.38,0.43,0.63,100,100,v3/results_vllm/arbitrary_single/Qwen2.5-3B/stage1_sweep_20260409_010049.json
Qwen2.5-3B,arbitrary_single,20,10,0.21,0.54,-0.33,0.13,0.29,0.44,0.64,100,100,v3/results_vllm/arbitrary_single/Qwen2.5-3B/stage1_sweep_20260409_010049.json
Qwen2.5-3B,arbitrary_single,20,15,0.13,0.65,-0.52,0.07,0.2,0.56,0.74,100,100,v3/results_vllm/arbitrary_single/Qwen2.5-3B/stage1_sweep_20260409_010049.json
Qwen2.5-3B,arbitrary_single,20,20,0.06,0.55,-0.49,0.02,0.11,0.46,0.65,100,100,v3/results_vllm/arbitrary_single/Qwen2.5-3B/stage1_sweep_20260409_010049.json
Qwen2.5-3B,arbitrary_single,20,30,0.07,0.53,-0.46,0.03,0.13,0.44,0.62,100,100,v3/results_vllm/arbitrary_single/Qwen2.5-3B/stage1_sweep_20260409_010049.json
Qwen2.5-3B,arbitrary_single,20,50,0.08,0.49,-0.41,0.03,0.14,0.39,0.59,100,100,v3/results_vllm/arbitrary_single/Qwen2.5-3B/stage1_sweep_20260409_010049.json
Qwen2.5-3B,arbitrary_single,25,5,0.34,0.49,-0.15,0.25,0.44,0.39,0.59,100,100,v3/results_vllm/arbitrary_single/Qwen2.5-3B/stage1_sweep_20260409_010049.json
Qwen2.5-3B,arbitrary_single,25,7,0.21,0.55,-0.34,0.14,0.3,0.45,0.65,100,100,v3/results_vllm/arbitrary_single/Qwen2.5-3B/stage1_sweep_20260409_010049.json
Qwen2.5-3B,arbitrary_single,25,10,0.08,0.5,-0.42,0.03,0.14,0.4,0.6,100,100,v3/results_vllm/arbitrary_single/Qwen2.5-3B/stage1_sweep_20260409_010049.json
Qwen2.5-3B,arbitrary_single,25,15,0.15,0.36,-0.21,0.08,0.22,0.27,0.46,100,100,v3/results_vllm/arbitrary_single/Qwen2.5-3B/stage1_sweep_20260409_010049.json
Qwen2.5-3B,arbitrary_single,25,20,0.06,0.56,-0.5,0.02,0.11,0.46,0.65,100,100,v3/results_vllm/arbitrary_single/Qwen2.5-3B/stage1_sweep_20260409_010049.json
Qwen2.5-3B,arbitrary_single,25,30,0.05,0.52,-0.47,0.01,0.1,0.42,0.62,100,100,v3/results_vllm/arbitrary_single/Qwen2.5-3B/stage1_sweep_20260409_010049.json
Qwen2.5-3B,arbitrary_single,25,50,0.02,0.48,-0.46,0.0,0.05,0.38,0.57,100,100,v3/results_vllm/arbitrary_single/Qwen2.5-3B/stage1_sweep_20260409_010049.json
Qwen2.5-3B,arbitrary_single,30,5,0.25,0.62,-0.37,0.17,0.34,0.52,0.71,100,100,v3/results_vllm/arbitrary_single/Qwen2.5-3B/stage1_sweep_20260409_010049.json
Qwen2.5-3B,arbitrary_single,30,7,0.17,0.63,-0.46,0.1,0.25,0.53,0.72,100,100,v3/results_vllm/arbitrary_single/Qwen2.5-3B/stage1_sweep_20260409_010049.json
Qwen2.5-3B,arbitrary_single,30,10,0.11,0.57,-0.46,0.06,0.1702,0.47,0.66,100,100,v3/results_vllm/arbitrary_single/Qwen2.5-3B/stage1_sweep_20260409_010049.json
Qwen2.5-3B,arbitrary_single,30,15,0.07,0.53,-0.46,0.02,0.12,0.43,0.62,100,100,v3/results_vllm/arbitrary_single/Qwen2.5-3B/stage1_sweep_20260409_010049.json
Qwen2.5-3B,arbitrary_single,30,20,0.06,0.47,-0.41,0.02,0.11,0.37,0.57,100,100,v3/results_vllm/arbitrary_single/Qwen2.5-3B/stage1_sweep_20260409_010049.json
Qwen2.5-3B,arbitrary_single,30,30,0.09,0.45,-0.36,0.04,0.15,0.35,0.55,100,100,v3/results_vllm/arbitrary_single/Qwen2.5-3B/stage1_sweep_20260409_010049.json
Qwen2.5-3B,semantic_multi,2,5,1.0,0.9,0.1,1.0,1.0,0.84,0.95,100,100,v3/results_vllm/semantic_multi/Qwen2.5-3B/stage1_sweep_20260409_011613.json
Qwen2.5-3B,semantic_multi,2,7,1.0,0.84,0.16,1.0,1.0,0.77,0.91,100,100,v3/results_vllm/semantic_multi/Qwen2.5-3B/stage1_sweep_20260409_011613.json
Qwen2.5-3B,semantic_multi,2,10,1.0,0.78,0.22,1.0,1.0,0.69,0.86,100,100,v3/results_vllm/semantic_multi/Qwen2.5-3B/stage1_sweep_20260409_011613.json
Qwen2.5-3B,semantic_multi,2,15,0.99,0.71,0.28,0.97,1.0,0.62,0.7902,100,100,v3/results_vllm/semantic_multi/Qwen2.5-3B/stage1_sweep_20260409_011613.json
Qwen2.5-3B,semantic_multi,2,20,0.98,0.78,0.2,0.95,1.0,0.7,0.86,100,100,v3/results_vllm/semantic_multi/Qwen2.5-3B/stage1_sweep_20260409_011613.json
Qwen2.5-3B,semantic_multi,2,30,0.98,0.74,0.24,0.95,1.0,0.65,0.82,100,100,v3/results_vllm/semantic_multi/Qwen2.5-3B/stage1_sweep_20260409_011613.json
Qwen2.5-3B,semantic_multi,2,50,1.0,0.59,0.41,1.0,1.0,0.49,0.69,100,100,v3/results_vllm/semantic_multi/Qwen2.5-3B/stage1_sweep_20260409_011613.json
Qwen2.5-3B,semantic_multi,3,5,0.99,0.88,0.11,0.97,1.0,0.81,0.94,100,100,v3/results_vllm/semantic_multi/Qwen2.5-3B/stage1_sweep_20260409_011613.json
Qwen2.5-3B,semantic_multi,3,7,0.95,0.86,0.09,0.9,0.99,0.79,0.92,100,100,v3/results_vllm/semantic_multi/Qwen2.5-3B/stage1_sweep_20260409_011613.json
Qwen2.5-3B,semantic_multi,3,10,0.93,0.75,0.18,0.88,0.97,0.66,0.84,100,100,v3/results_vllm/semantic_multi/Qwen2.5-3B/stage1_sweep_20260409_011613.json
Qwen2.5-3B,semantic_multi,3,15,0.92,0.74,0.18,0.86,0.97,0.65,0.82,100,100,v3/results_vllm/semantic_multi/Qwen2.5-3B/stage1_sweep_20260409_011613.json
Qwen2.5-3B,semantic_multi,3,20,0.78,0.76,0.02,0.7,0.86,0.67,0.84,100,100,v3/results_vllm/semantic_multi/Qwen2.5-3B/stage1_sweep_20260409_011613.json
Qwen2.5-3B,semantic_multi,3,30,0.76,0.69,0.07,0.6798,0.84,0.6,0.78,100,100,v3/results_vllm/semantic_multi/Qwen2.5-3B/stage1_sweep_20260409_011613.json
Qwen2.5-3B,semantic_multi,3,50,0.64,0.59,0.05,0.54,0.73,0.49,0.69,100,100,v3/results_vllm/semantic_multi/Qwen2.5-3B/stage1_sweep_20260409_011613.json
Qwen2.5-3B,semantic_multi,5,5,0.95,0.8,0.15,0.9,0.99,0.72,0.88,100,100,v3/results_vllm/semantic_multi/Qwen2.5-3B/stage1_sweep_20260409_011613.json
Qwen2.5-3B,semantic_multi,5,7,0.83,0.81,0.02,0.76,0.9,0.73,0.88,100,100,v3/results_vllm/semantic_multi/Qwen2.5-3B/stage1_sweep_20260409_011613.json
Qwen2.5-3B,semantic_multi,5,10,0.76,0.66,0.1,0.68,0.84,0.56,0.75,100,100,v3/results_vllm/semantic_multi/Qwen2.5-3B/stage1_sweep_20260409_011613.json
Qwen2.5-3B,semantic_multi,5,15,0.61,0.66,-0.05,0.51,0.7,0.57,0.75,100,100,v3/results_vllm/semantic_multi/Qwen2.5-3B/stage1_sweep_20260409_011613.json
Qwen2.5-3B,semantic_multi,5,20,0.49,0.7,-0.21,0.39,0.59,0.61,0.7802,100,100,v3/results_vllm/semantic_multi/Qwen2.5-3B/stage1_sweep_20260409_011613.json
Qwen2.5-3B,semantic_multi,5,30,0.4,0.6,-0.2,0.31,0.5,0.5,0.7,100,100,v3/results_vllm/semantic_multi/Qwen2.5-3B/stage1_sweep_20260409_011613.json
Qwen2.5-3B,semantic_multi,5,50,0.25,0.6,-0.35,0.17,0.33,0.51,0.69,100,100,v3/results_vllm/semantic_multi/Qwen2.5-3B/stage1_sweep_20260409_011613.json
Qwen2.5-3B,semantic_multi,7,5,0.83,0.82,0.01,0.76,0.9,0.75,0.89,100,100,v3/results_vllm/semantic_multi/Qwen2.5-3B/stage1_sweep_20260409_011613.json
Qwen2.5-3B,semantic_multi,7,7,0.72,0.73,-0.01,0.63,0.81,0.64,0.81,100,100,v3/results_vllm/semantic_multi/Qwen2.5-3B/stage1_sweep_20260409_011613.json
Qwen2.5-3B,semantic_multi,7,10,0.6,0.69,-0.09,0.51,0.7,0.6,0.78,100,100,v3/results_vllm/semantic_multi/Qwen2.5-3B/stage1_sweep_20260409_011613.json
Qwen2.5-3B,semantic_multi,7,15,0.51,0.53,-0.02,0.41,0.61,0.43,0.63,100,100,v3/results_vllm/semantic_multi/Qwen2.5-3B/stage1_sweep_20260409_011613.json
Qwen2.5-3B,semantic_multi,7,20,0.39,0.64,-0.25,0.29,0.49,0.54,0.73,100,100,v3/results_vllm/semantic_multi/Qwen2.5-3B/stage1_sweep_20260409_011613.json
Qwen2.5-3B,semantic_multi,7,30,0.2,0.65,-0.45,0.12,0.28,0.56,0.74,100,100,v3/results_vllm/semantic_multi/Qwen2.5-3B/stage1_sweep_20260409_011613.json
Qwen2.5-3B,semantic_multi,7,50,0.15,0.61,-0.46,0.09,0.22,0.51,0.7,100,100,v3/results_vllm/semantic_multi/Qwen2.5-3B/stage1_sweep_20260409_011613.json
Qwen2.5-3B,semantic_multi,10,5,0.8,0.67,0.13,0.72,0.87,0.58,0.76,100,100,v3/results_vllm/semantic_multi/Qwen2.5-3B/stage1_sweep_20260409_011613.json
Qwen2.5-3B,semantic_multi,10,7,0.71,0.55,0.16,0.62,0.79,0.45,0.65,100,100,v3/results_vllm/semantic_multi/Qwen2.5-3B/stage1_sweep_20260409_011613.json
Qwen2.5-3B,semantic_multi,10,10,0.53,0.51,0.02,0.4298,0.63,0.41,0.61,100,100,v3/results_vllm/semantic_multi/Qwen2.5-3B/stage1_sweep_20260409_011613.json
Qwen2.5-3B,semantic_multi,10,15,0.34,0.68,-0.34,0.25,0.43,0.59,0.77,100,100,v3/results_vllm/semantic_multi/Qwen2.5-3B/stage1_sweep_20260409_011613.json
Qwen2.5-3B,semantic_multi,10,20,0.35,0.56,-0.21,0.26,0.4402,0.46,0.66,100,100,v3/results_vllm/semantic_multi/Qwen2.5-3B/stage1_sweep_20260409_011613.json
Qwen2.5-3B,semantic_multi,10,30,0.15,0.6,-0.45,0.09,0.22,0.5,0.69,100,100,v3/results_vllm/semantic_multi/Qwen2.5-3B/stage1_sweep_20260409_011613.json
Qwen2.5-3B,semantic_multi,10,50,0.16,0.59,-0.43,0.09,0.24,0.49,0.68,100,100,v3/results_vllm/semantic_multi/Qwen2.5-3B/stage1_sweep_20260409_011613.json
Qwen2.5-3B,semantic_multi,15,5,0.76,0.63,0.13,0.67,0.84,0.54,0.73,100,100,v3/results_vllm/semantic_multi/Qwen2.5-3B/stage1_sweep_20260409_011613.json
Qwen2.5-3B,semantic_multi,15,7,0.68,0.64,0.04,0.59,0.77,0.54,0.74,100,100,v3/results_vllm/semantic_multi/Qwen2.5-3B/stage1_sweep_20260409_011613.json
Qwen2.5-3B,semantic_multi,15,10,0.38,0.59,-0.21,0.29,0.47,0.5,0.68,100,100,v3/results_vllm/semantic_multi/Qwen2.5-3B/stage1_sweep_20260409_011613.json
Qwen2.5-3B,semantic_multi,15,15,0.2,0.62,-0.42,0.13,0.28,0.53,0.71,100,100,v3/results_vllm/semantic_multi/Qwen2.5-3B/stage1_sweep_20260409_011613.json
Qwen2.5-3B,semantic_multi,15,20,0.2,0.68,-0.48,0.12,0.28,0.59,0.77,100,100,v3/results_vllm/semantic_multi/Qwen2.5-3B/stage1_sweep_20260409_011613.json
Qwen2.5-3B,semantic_multi,15,30,0.13,0.64,-0.51,0.07,0.2,0.54,0.73,100,100,v3/results_vllm/semantic_multi/Qwen2.5-3B/stage1_sweep_20260409_011613.json
Qwen2.5-3B,semantic_multi,15,50,0.08,0.55,-0.47,0.03,0.14,0.46,0.65,100,100,v3/results_vllm/semantic_multi/Qwen2.5-3B/stage1_sweep_20260409_011613.json
Qwen2.5-3B,semantic_multi,20,5,0.6,0.59,0.01,0.51,0.69,0.5,0.69,100,100,v3/results_vllm/semantic_multi/Qwen2.5-3B/stage1_sweep_20260409_011613.json
Qwen2.5-3B,semantic_multi,20,7,0.5,0.46,0.04,0.4,0.6,0.36,0.56,100,100,v3/results_vllm/semantic_multi/Qwen2.5-3B/stage1_sweep_20260409_011613.json
Qwen2.5-3B,semantic_multi,20,10,0.3,0.58,-0.28,0.21,0.39,0.49,0.67,100,100,v3/results_vllm/semantic_multi/Qwen2.5-3B/stage1_sweep_20260409_011613.json
Qwen2.5-3B,semantic_multi,20,15,0.12,0.7,-0.58,0.06,0.19,0.61,0.78,100,100,v3/results_vllm/semantic_multi/Qwen2.5-3B/stage1_sweep_20260409_011613.json
Qwen2.5-3B,semantic_multi,20,20,0.15,0.66,-0.51,0.08,0.22,0.56,0.76,100,100,v3/results_vllm/semantic_multi/Qwen2.5-3B/stage1_sweep_20260409_011613.json
Qwen2.5-3B,semantic_multi,20,30,0.07,0.54,-0.47,0.02,0.13,0.44,0.64,100,100,v3/results_vllm/semantic_multi/Qwen2.5-3B/stage1_sweep_20260409_011613.json
Qwen2.5-3B,semantic_multi,20,50,0.06,0.63,-0.57,0.02,0.11,0.54,0.72,100,100,v3/results_vllm/semantic_multi/Qwen2.5-3B/stage1_sweep_20260409_011613.json
Qwen2.5-3B,semantic_multi,25,5,0.57,0.58,-0.01,0.48,0.67,0.48,0.67,100,100,v3/results_vllm/semantic_multi/Qwen2.5-3B/stage1_sweep_20260409_011613.json
Qwen2.5-3B,semantic_multi,25,7,0.34,0.62,-0.28,0.25,0.43,0.52,0.71,100,100,v3/results_vllm/semantic_multi/Qwen2.5-3B/stage1_sweep_20260409_011613.json
Qwen2.5-3B,semantic_multi,25,10,0.21,0.56,-0.35,0.13,0.29,0.46,0.65,100,100,v3/results_vllm/semantic_multi/Qwen2.5-3B/stage1_sweep_20260409_011613.json
Qwen2.5-3B,semantic_multi,25,15,0.17,0.45,-0.28,0.1,0.25,0.35,0.55,100,100,v3/results_vllm/semantic_multi/Qwen2.5-3B/stage1_sweep_20260409_011613.json
Qwen2.5-3B,semantic_multi,25,20,0.08,0.66,-0.58,0.03,0.14,0.57,0.75,100,100,v3/results_vllm/semantic_multi/Qwen2.5-3B/stage1_sweep_20260409_011613.json
Qwen2.5-3B,semantic_multi,25,30,0.06,0.54,-0.48,0.02,0.11,0.45,0.63,100,100,v3/results_vllm/semantic_multi/Qwen2.5-3B/stage1_sweep_20260409_011613.json
Qwen2.5-3B,semantic_multi,30,5,0.54,0.67,-0.13,0.4498,0.64,0.57,0.76,100,100,v3/results_vllm/semantic_multi/Qwen2.5-3B/stage1_sweep_20260409_011613.json
Qwen2.5-3B,semantic_multi,30,7,0.24,0.52,-0.28,0.16,0.32,0.42,0.62,100,100,v3/results_vllm/semantic_multi/Qwen2.5-3B/stage1_sweep_20260409_011613.json
Qwen2.5-3B,semantic_multi,30,10,0.12,0.62,-0.5,0.06,0.19,0.53,0.71,100,100,v3/results_vllm/semantic_multi/Qwen2.5-3B/stage1_sweep_20260409_011613.json
Qwen2.5-3B,semantic_multi,30,15,0.09,0.52,-0.43,0.04,0.15,0.42,0.61,100,100,v3/results_vllm/semantic_multi/Qwen2.5-3B/stage1_sweep_20260409_011613.json
Qwen2.5-3B,semantic_multi,30,20,0.09,0.65,-0.56,0.04,0.15,0.56,0.74,100,100,v3/results_vllm/semantic_multi/Qwen2.5-3B/stage1_sweep_20260409_011613.json
Qwen2.5-3B,semantic_multi,30,30,0.07,0.5,-0.43,0.02,0.12,0.41,0.59,100,100,v3/results_vllm/semantic_multi/Qwen2.5-3B/stage1_sweep_20260409_011613.json
Qwen2.5-3B-Instruct,arbitrary_single,2,5,0.86,0.73,0.13,0.79,0.9202,0.64,0.8102,100,100,v3/results_vllm/arbitrary_single/Qwen2.5-3B-Instruct/stage1_sweep_20260409_000134.json
Qwen2.5-3B-Instruct,arbitrary_single,2,7,0.89,0.62,0.27,0.82,0.94,0.53,0.71,100,100,v3/results_vllm/arbitrary_single/Qwen2.5-3B-Instruct/stage1_sweep_20260409_000134.json
Qwen2.5-3B-Instruct,arbitrary_single,2,10,0.87,0.55,0.32,0.8,0.93,0.45,0.65,100,100,v3/results_vllm/arbitrary_single/Qwen2.5-3B-Instruct/stage1_sweep_20260409_000134.json
Qwen2.5-3B-Instruct,arbitrary_single,2,15,0.82,0.44,0.38,0.74,0.89,0.3498,0.53,100,100,v3/results_vllm/arbitrary_single/Qwen2.5-3B-Instruct/stage1_sweep_20260409_000134.json
Qwen2.5-3B-Instruct,arbitrary_single,2,20,0.84,0.47,0.37,0.76,0.91,0.37,0.57,100,100,v3/results_vllm/arbitrary_single/Qwen2.5-3B-Instruct/stage1_sweep_20260409_000134.json
Qwen2.5-3B-Instruct,arbitrary_single,2,30,0.86,0.41,0.45,0.79,0.92,0.32,0.51,100,100,v3/results_vllm/arbitrary_single/Qwen2.5-3B-Instruct/stage1_sweep_20260409_000134.json
Qwen2.5-3B-Instruct,arbitrary_single,2,50,0.89,0.26,0.63,0.83,0.95,0.18,0.35,100,100,v3/results_vllm/arbitrary_single/Qwen2.5-3B-Instruct/stage1_sweep_20260409_000134.json
Qwen2.5-3B-Instruct,arbitrary_single,2,75,0.98,0.23,0.75,0.95,1.0,0.15,0.32,100,100,v3/results_vllm/arbitrary_single/Qwen2.5-3B-Instruct/stage1_sweep_20260409_000134.json
Qwen2.5-3B-Instruct,arbitrary_single,2,100,0.95,0.25,0.7,0.91,0.99,0.17,0.34,100,100,v3/results_vllm/arbitrary_single/Qwen2.5-3B-Instruct/stage1_sweep_20260409_000134.json
Qwen2.5-3B-Instruct,arbitrary_single,3,5,0.87,0.8,0.07,0.8,0.93,0.72,0.87,100,100,v3/results_vllm/arbitrary_single/Qwen2.5-3B-Instruct/stage1_sweep_20260409_000134.json
Qwen2.5-3B-Instruct,arbitrary_single,3,7,0.82,0.65,0.17,0.74,0.89,0.56,0.74,100,100,v3/results_vllm/arbitrary_single/Qwen2.5-3B-Instruct/stage1_sweep_20260409_000134.json
Qwen2.5-3B-Instruct,arbitrary_single,3,10,0.87,0.58,0.29,0.8,0.93,0.48,0.68,100,100,v3/results_vllm/arbitrary_single/Qwen2.5-3B-Instruct/stage1_sweep_20260409_000134.json
Qwen2.5-3B-Instruct,arbitrary_single,3,15,0.89,0.41,0.48,0.83,0.95,0.3198,0.51,100,100,v3/results_vllm/arbitrary_single/Qwen2.5-3B-Instruct/stage1_sweep_20260409_000134.json
Qwen2.5-3B-Instruct,arbitrary_single,3,20,0.79,0.51,0.28,0.71,0.87,0.41,0.6002,100,100,v3/results_vllm/arbitrary_single/Qwen2.5-3B-Instruct/stage1_sweep_20260409_000134.json
Qwen2.5-3B-Instruct,arbitrary_single,3,30,0.86,0.42,0.44,0.79,0.93,0.32,0.52,100,100,v3/results_vllm/arbitrary_single/Qwen2.5-3B-Instruct/stage1_sweep_20260409_000134.json
Qwen2.5-3B-Instruct,arbitrary_single,3,50,0.84,0.34,0.5,0.77,0.91,0.2498,0.43,100,100,v3/results_vllm/arbitrary_single/Qwen2.5-3B-Instruct/stage1_sweep_20260409_000134.json
Qwen2.5-3B-Instruct,arbitrary_single,3,75,0.8,0.29,0.51,0.71,0.8702,0.2,0.39,100,100,v3/results_vllm/arbitrary_single/Qwen2.5-3B-Instruct/stage1_sweep_20260409_000134.json
Qwen2.5-3B-Instruct,arbitrary_single,3,100,0.81,0.35,0.46,0.73,0.88,0.26,0.4402,100,100,v3/results_vllm/arbitrary_single/Qwen2.5-3B-Instruct/stage1_sweep_20260409_000134.json
Qwen2.5-3B-Instruct,arbitrary_single,5,5,0.79,0.68,0.11,0.71,0.87,0.58,0.7702,100,100,v3/results_vllm/arbitrary_single/Qwen2.5-3B-Instruct/stage1_sweep_20260409_000134.json
Qwen2.5-3B-Instruct,arbitrary_single,5,7,0.84,0.58,0.26,0.7698,0.91,0.4798,0.68,100,100,v3/results_vllm/arbitrary_single/Qwen2.5-3B-Instruct/stage1_sweep_20260409_000134.json
Qwen2.5-3B-Instruct,arbitrary_single,5,10,0.87,0.54,0.33,0.8,0.93,0.44,0.64,100,100,v3/results_vllm/arbitrary_single/Qwen2.5-3B-Instruct/stage1_sweep_20260409_000134.json
Qwen2.5-3B-Instruct,arbitrary_single,5,15,0.67,0.57,0.1,0.58,0.76,0.48,0.66,100,100,v3/results_vllm/arbitrary_single/Qwen2.5-3B-Instruct/stage1_sweep_20260409_000134.json
Qwen2.5-3B-Instruct,arbitrary_single,5,20,0.68,0.53,0.15,0.59,0.77,0.43,0.63,100,100,v3/results_vllm/arbitrary_single/Qwen2.5-3B-Instruct/stage1_sweep_20260409_000134.json
Qwen2.5-3B-Instruct,arbitrary_single,5,30,0.7,0.52,0.18,0.61,0.78,0.43,0.62,100,100,v3/results_vllm/arbitrary_single/Qwen2.5-3B-Instruct/stage1_sweep_20260409_000134.json
Qwen2.5-3B-Instruct,arbitrary_single,5,50,0.68,0.43,0.25,0.59,0.77,0.34,0.53,100,100,v3/results_vllm/arbitrary_single/Qwen2.5-3B-Instruct/stage1_sweep_20260409_000134.json
Qwen2.5-3B-Instruct,arbitrary_single,5,75,0.69,0.43,0.26,0.6,0.78,0.33,0.53,100,100,v3/results_vllm/arbitrary_single/Qwen2.5-3B-Instruct/stage1_sweep_20260409_000134.json
Qwen2.5-3B-Instruct,arbitrary_single,5,100,0.5,0.48,0.02,0.4,0.59,0.38,0.58,100,100,v3/results_vllm/arbitrary_single/Qwen2.5-3B-Instruct/stage1_sweep_20260409_000134.json
Qwen2.5-3B-Instruct,arbitrary_single,7,5,0.69,0.69,0.0,0.6,0.78,0.6,0.78,100,100,v3/results_vllm/arbitrary_single/Qwen2.5-3B-Instruct/stage1_sweep_20260409_000134.json
Qwen2.5-3B-Instruct,arbitrary_single,7,7,0.73,0.57,0.16,0.64,0.81,0.48,0.67,100,100,v3/results_vllm/arbitrary_single/Qwen2.5-3B-Instruct/stage1_sweep_20260409_000134.json
Qwen2.5-3B-Instruct,arbitrary_single,7,10,0.7,0.52,0.18,0.61,0.79,0.42,0.62,100,100,v3/results_vllm/arbitrary_single/Qwen2.5-3B-Instruct/stage1_sweep_20260409_000134.json
Qwen2.5-3B-Instruct,arbitrary_single,7,15,0.72,0.43,0.29,0.6398,0.81,0.3398,0.53,100,100,v3/results_vllm/arbitrary_single/Qwen2.5-3B-Instruct/stage1_sweep_20260409_000134.json
Qwen2.5-3B-Instruct,arbitrary_single,7,20,0.66,0.52,0.14,0.57,0.75,0.42,0.62,100,100,v3/results_vllm/arbitrary_single/Qwen2.5-3B-Instruct/stage1_sweep_20260409_000134.json
Qwen2.5-3B-Instruct,arbitrary_single,7,30,0.5,0.38,0.12,0.4,0.6,0.28,0.48,100,100,v3/results_vllm/arbitrary_single/Qwen2.5-3B-Instruct/stage1_sweep_20260409_000134.json
Qwen2.5-3B-Instruct,arbitrary_single,7,50,0.52,0.46,0.06,0.42,0.62,0.36,0.55,100,100,v3/results_vllm/arbitrary_single/Qwen2.5-3B-Instruct/stage1_sweep_20260409_000134.json
Qwen2.5-3B-Instruct,arbitrary_single,7,75,0.44,0.51,-0.07,0.35,0.54,0.41,0.61,100,100,v3/results_vllm/arbitrary_single/Qwen2.5-3B-Instruct/stage1_sweep_20260409_000134.json
Qwen2.5-3B-Instruct,arbitrary_single,7,100,0.37,0.55,-0.18,0.28,0.47,0.45,0.64,100,100,v3/results_vllm/arbitrary_single/Qwen2.5-3B-Instruct/stage1_sweep_20260409_000134.json
Qwen2.5-3B-Instruct,arbitrary_single,10,5,0.76,0.57,0.19,0.67,0.84,0.47,0.66,100,100,v3/results_vllm/arbitrary_single/Qwen2.5-3B-Instruct/stage1_sweep_20260409_000134.json
Qwen2.5-3B-Instruct,arbitrary_single,10,7,0.63,0.51,0.12,0.53,0.72,0.41,0.6,100,100,v3/results_vllm/arbitrary_single/Qwen2.5-3B-Instruct/stage1_sweep_20260409_000134.json
Qwen2.5-3B-Instruct,arbitrary_single,10,10,0.62,0.4,0.22,0.52,0.72,0.3,0.5,100,100,v3/results_vllm/arbitrary_single/Qwen2.5-3B-Instruct/stage1_sweep_20260409_000134.json
Qwen2.5-3B-Instruct,arbitrary_single,10,15,0.49,0.52,-0.03,0.39,0.58,0.42,0.6102,100,100,v3/results_vllm/arbitrary_single/Qwen2.5-3B-Instruct/stage1_sweep_20260409_000134.json
Qwen2.5-3B-Instruct,arbitrary_single,10,20,0.44,0.52,-0.08,0.34,0.54,0.42,0.62,100,100,v3/results_vllm/arbitrary_single/Qwen2.5-3B-Instruct/stage1_sweep_20260409_000134.json
Qwen2.5-3B-Instruct,arbitrary_single,10,30,0.41,0.46,-0.05,0.32,0.51,0.36,0.55,100,100,v3/results_vllm/arbitrary_single/Qwen2.5-3B-Instruct/stage1_sweep_20260409_000134.json
Qwen2.5-3B-Instruct,arbitrary_single,10,50,0.42,0.5,-0.08,0.32,0.52,0.4,0.6,100,100,v3/results_vllm/arbitrary_single/Qwen2.5-3B-Instruct/stage1_sweep_20260409_000134.json
Qwen2.5-3B-Instruct,arbitrary_single,10,75,0.22,0.58,-0.36,0.14,0.3,0.48,0.67,100,100,v3/results_vllm/arbitrary_single/Qwen2.5-3B-Instruct/stage1_sweep_20260409_000134.json
Qwen2.5-3B-Instruct,arbitrary_single,10,100,0.22,0.56,-0.34,0.14,0.3,0.46,0.6502,100,100,v3/results_vllm/arbitrary_single/Qwen2.5-3B-Instruct/stage1_sweep_20260409_000134.json
Qwen2.5-3B-Instruct,arbitrary_single,15,5,0.65,0.57,0.08,0.55,0.74,0.47,0.66,100,100,v3/results_vllm/arbitrary_single/Qwen2.5-3B-Instruct/stage1_sweep_20260409_000134.json
Qwen2.5-3B-Instruct,arbitrary_single,15,7,0.58,0.45,0.13,0.48,0.67,0.36,0.55,100,100,v3/results_vllm/arbitrary_single/Qwen2.5-3B-Instruct/stage1_sweep_20260409_000134.json
Qwen2.5-3B-Instruct,arbitrary_single,15,10,0.58,0.46,0.12,0.48,0.67,0.36,0.56,100,100,v3/results_vllm/arbitrary_single/Qwen2.5-3B-Instruct/stage1_sweep_20260409_000134.json
Qwen2.5-3B-Instruct,arbitrary_single,15,15,0.44,0.49,-0.05,0.35,0.54,0.39,0.59,100,100,v3/results_vllm/arbitrary_single/Qwen2.5-3B-Instruct/stage1_sweep_20260409_000134.json
Qwen2.5-3B-Instruct,arbitrary_single,15,20,0.32,0.58,-0.26,0.23,0.42,0.48,0.67,100,100,v3/results_vllm/arbitrary_single/Qwen2.5-3B-Instruct/stage1_sweep_20260409_000134.json
Qwen2.5-3B-Instruct,arbitrary_single,15,30,0.35,0.6,-0.25,0.2598,0.44,0.5,0.69,100,100,v3/results_vllm/arbitrary_single/Qwen2.5-3B-Instruct/stage1_sweep_20260409_000134.json
Qwen2.5-3B-Instruct,arbitrary_single,15,50,0.18,0.59,-0.41,0.11,0.26,0.49,0.68,100,100,v3/results_vllm/arbitrary_single/Qwen2.5-3B-Instruct/stage1_sweep_20260409_000134.json
Qwen2.5-3B-Instruct,arbitrary_single,15,75,0.11,0.56,-0.45,0.05,0.18,0.46,0.66,100,100,v3/results_vllm/arbitrary_single/Qwen2.5-3B-Instruct/stage1_sweep_20260409_000134.json
Qwen2.5-3B-Instruct,arbitrary_single,15,100,0.06,0.5,-0.44,0.02,0.11,0.4,0.6,100,100,v3/results_vllm/arbitrary_single/Qwen2.5-3B-Instruct/stage1_sweep_20260409_000134.json
Qwen2.5-3B-Instruct,arbitrary_single,20,5,0.64,0.4,0.24,0.54,0.73,0.31,0.5,100,100,v3/results_vllm/arbitrary_single/Qwen2.5-3B-Instruct/stage1_sweep_20260409_000134.json
Qwen2.5-3B-Instruct,arbitrary_single,20,7,0.61,0.42,0.19,0.52,0.71,0.33,0.52,100,100,v3/results_vllm/arbitrary_single/Qwen2.5-3B-Instruct/stage1_sweep_20260409_000134.json
Qwen2.5-3B-Instruct,arbitrary_single,20,10,0.5,0.45,0.05,0.4,0.6,0.35,0.55,100,100,v3/results_vllm/arbitrary_single/Qwen2.5-3B-Instruct/stage1_sweep_20260409_000134.json
Qwen2.5-3B-Instruct,arbitrary_single,20,15,0.34,0.5,-0.16,0.25,0.4202,0.4,0.6,100,100,v3/results_vllm/arbitrary_single/Qwen2.5-3B-Instruct/stage1_sweep_20260409_000134.json
Qwen2.5-3B-Instruct,arbitrary_single,20,20,0.21,0.53,-0.32,0.13,0.29,0.44,0.63,100,100,v3/results_vllm/arbitrary_single/Qwen2.5-3B-Instruct/stage1_sweep_20260409_000134.json
Qwen2.5-3B-Instruct,arbitrary_single,20,30,0.21,0.51,-0.3,0.13,0.29,0.41,0.6,100,100,v3/results_vllm/arbitrary_single/Qwen2.5-3B-Instruct/stage1_sweep_20260409_000134.json
Qwen2.5-3B-Instruct,arbitrary_single,20,50,0.08,0.62,-0.54,0.03,0.13,0.53,0.71,100,100,v3/results_vllm/arbitrary_single/Qwen2.5-3B-Instruct/stage1_sweep_20260409_000134.json
Qwen2.5-3B-Instruct,arbitrary_single,20,75,0.06,0.56,-0.5,0.02,0.11,0.46,0.66,100,100,v3/results_vllm/arbitrary_single/Qwen2.5-3B-Instruct/stage1_sweep_20260409_000134.json
Qwen2.5-3B-Instruct,arbitrary_single,20,100,0.03,0.55,-0.52,0.0,0.07,0.4598,0.65,100,100,v3/results_vllm/arbitrary_single/Qwen2.5-3B-Instruct/stage1_sweep_20260409_000134.json
Qwen2.5-3B-Instruct,arbitrary_single,25,5,0.65,0.35,0.3,0.55,0.74,0.25,0.44,100,100,v3/results_vllm/arbitrary_single/Qwen2.5-3B-Instruct/stage1_sweep_20260409_000134.json
Qwen2.5-3B-Instruct,arbitrary_single,25,7,0.53,0.46,0.07,0.44,0.63,0.37,0.55,100,100,v3/results_vllm/arbitrary_single/Qwen2.5-3B-Instruct/stage1_sweep_20260409_000134.json
Qwen2.5-3B-Instruct,arbitrary_single,25,10,0.29,0.46,-0.17,0.21,0.38,0.37,0.55,100,100,v3/results_vllm/arbitrary_single/Qwen2.5-3B-Instruct/stage1_sweep_20260409_000134.json
Qwen2.5-3B-Instruct,arbitrary_single,25,15,0.34,0.58,-0.24,0.25,0.43,0.49,0.68,100,100,v3/results_vllm/arbitrary_single/Qwen2.5-3B-Instruct/stage1_sweep_20260409_000134.json
Qwen2.5-3B-Instruct,arbitrary_single,25,20,0.16,0.61,-0.45,0.09,0.23,0.51,0.7,100,100,v3/results_vllm/arbitrary_single/Qwen2.5-3B-Instruct/stage1_sweep_20260409_000134.json
Qwen2.5-3B-Instruct,arbitrary_single,25,30,0.15,0.59,-0.44,0.08,0.22,0.49,0.68,100,100,v3/results_vllm/arbitrary_single/Qwen2.5-3B-Instruct/stage1_sweep_20260409_000134.json
Qwen2.5-3B-Instruct,arbitrary_single,25,50,0.05,0.43,-0.38,0.01,0.1,0.34,0.53,100,100,v3/results_vllm/arbitrary_single/Qwen2.5-3B-Instruct/stage1_sweep_20260409_000134.json
Qwen2.5-3B-Instruct,arbitrary_single,25,75,0.06,0.6,-0.54,0.02,0.11,0.5,0.6902,100,100,v3/results_vllm/arbitrary_single/Qwen2.5-3B-Instruct/stage1_sweep_20260409_000134.json
Qwen2.5-3B-Instruct,arbitrary_single,30,5,0.57,0.42,0.15,0.47,0.67,0.32,0.52,100,100,v3/results_vllm/arbitrary_single/Qwen2.5-3B-Instruct/stage1_sweep_20260409_000134.json
Qwen2.5-3B-Instruct,arbitrary_single,30,7,0.55,0.39,0.16,0.45,0.64,0.3,0.48,100,100,v3/results_vllm/arbitrary_single/Qwen2.5-3B-Instruct/stage1_sweep_20260409_000134.json
Qwen2.5-3B-Instruct,arbitrary_single,30,10,0.26,0.4,-0.14,0.18,0.35,0.3,0.49,100,100,v3/results_vllm/arbitrary_single/Qwen2.5-3B-Instruct/stage1_sweep_20260409_000134.json
Qwen2.5-3B-Instruct,arbitrary_single,30,15,0.29,0.52,-0.23,0.2,0.39,0.42,0.61,100,100,v3/results_vllm/arbitrary_single/Qwen2.5-3B-Instruct/stage1_sweep_20260409_000134.json
Qwen2.5-3B-Instruct,arbitrary_single,30,20,0.22,0.57,-0.35,0.14,0.3,0.47,0.67,100,100,v3/results_vllm/arbitrary_single/Qwen2.5-3B-Instruct/stage1_sweep_20260409_000134.json
Qwen2.5-3B-Instruct,arbitrary_single,30,30,0.12,0.6,-0.48,0.06,0.19,0.51,0.69,100,100,v3/results_vllm/arbitrary_single/Qwen2.5-3B-Instruct/stage1_sweep_20260409_000134.json
Qwen2.5-3B-Instruct,arbitrary_single,30,50,0.04,0.54,-0.5,0.01,0.08,0.44,0.64,100,100,v3/results_vllm/arbitrary_single/Qwen2.5-3B-Instruct/stage1_sweep_20260409_000134.json
Qwen2.5-3B-Instruct,arbitrary_single,30,75,0.01,0.56,-0.55,0.0,0.03,0.46,0.66,100,100,v3/results_vllm/arbitrary_single/Qwen2.5-3B-Instruct/stage1_sweep_20260409_000134.json
Qwen2.5-3B-Instruct,semantic_multi,2,5,0.88,0.77,0.11,0.82,0.94,0.69,0.85,100,100,v3/results_vllm/semantic_multi/Qwen2.5-3B-Instruct/stage1_sweep_20260409_001814.json
Qwen2.5-3B-Instruct,semantic_multi,2,7,0.89,0.72,0.17,0.83,0.95,0.63,0.8,100,100,v3/results_vllm/semantic_multi/Qwen2.5-3B-Instruct/stage1_sweep_20260409_001814.json
Qwen2.5-3B-Instruct,semantic_multi,2,10,0.84,0.58,0.26,0.77,0.91,0.48,0.67,100,100,v3/results_vllm/semantic_multi/Qwen2.5-3B-Instruct/stage1_sweep_20260409_001814.json
Qwen2.5-3B-Instruct,semantic_multi,2,15,0.9,0.54,0.36,0.84,0.95,0.44,0.64,100,100,v3/results_vllm/semantic_multi/Qwen2.5-3B-Instruct/stage1_sweep_20260409_001814.json
Qwen2.5-3B-Instruct,semantic_multi,2,20,0.92,0.6,0.32,0.86,0.97,0.5,0.7,100,100,v3/results_vllm/semantic_multi/Qwen2.5-3B-Instruct/stage1_sweep_20260409_001814.json
Qwen2.5-3B-Instruct,semantic_multi,2,30,0.91,0.53,0.38,0.85,0.96,0.4398,0.63,100,100,v3/results_vllm/semantic_multi/Qwen2.5-3B-Instruct/stage1_sweep_20260409_001814.json
Qwen2.5-3B-Instruct,semantic_multi,2,50,0.89,0.4,0.49,0.82,0.95,0.31,0.5,100,100,v3/results_vllm/semantic_multi/Qwen2.5-3B-Instruct/stage1_sweep_20260409_001814.json
Qwen2.5-3B-Instruct,semantic_multi,3,5,0.85,0.78,0.07,0.78,0.92,0.7,0.86,100,100,v3/results_vllm/semantic_multi/Qwen2.5-3B-Instruct/stage1_sweep_20260409_001814.json
Qwen2.5-3B-Instruct,semantic_multi,3,7,0.86,0.73,0.13,0.79,0.92,0.64,0.81,100,100,v3/results_vllm/semantic_multi/Qwen2.5-3B-Instruct/stage1_sweep_20260409_001814.json
Qwen2.5-3B-Instruct,semantic_multi,3,10,0.78,0.62,0.16,0.7,0.86,0.52,0.71,100,100,v3/results_vllm/semantic_multi/Qwen2.5-3B-Instruct/stage1_sweep_20260409_001814.json
Qwen2.5-3B-Instruct,semantic_multi,3,15,0.77,0.57,0.2,0.69,0.85,0.47,0.67,100,100,v3/results_vllm/semantic_multi/Qwen2.5-3B-Instruct/stage1_sweep_20260409_001814.json
Qwen2.5-3B-Instruct,semantic_multi,3,20,0.79,0.54,0.25,0.7,0.87,0.44,0.64,100,100,v3/results_vllm/semantic_multi/Qwen2.5-3B-Instruct/stage1_sweep_20260409_001814.json
Qwen2.5-3B-Instruct,semantic_multi,3,30,0.71,0.46,0.25,0.62,0.8,0.36,0.55,100,100,v3/results_vllm/semantic_multi/Qwen2.5-3B-Instruct/stage1_sweep_20260409_001814.json
Qwen2.5-3B-Instruct,semantic_multi,3,50,0.81,0.48,0.33,0.73,0.88,0.39,0.58,100,100,v3/results_vllm/semantic_multi/Qwen2.5-3B-Instruct/stage1_sweep_20260409_001814.json
Qwen2.5-3B-Instruct,semantic_multi,5,5,0.89,0.75,0.14,0.83,0.95,0.66,0.83,100,100,v3/results_vllm/semantic_multi/Qwen2.5-3B-Instruct/stage1_sweep_20260409_001814.json
Qwen2.5-3B-Instruct,semantic_multi,5,7,0.82,0.62,0.2,0.74,0.89,0.52,0.71,100,100,v3/results_vllm/semantic_multi/Qwen2.5-3B-Instruct/stage1_sweep_20260409_001814.json
Qwen2.5-3B-Instruct,semantic_multi,5,10,0.76,0.7,0.06,0.68,0.84,0.61,0.79,100,100,v3/results_vllm/semantic_multi/Qwen2.5-3B-Instruct/stage1_sweep_20260409_001814.json
Qwen2.5-3B-Instruct,semantic_multi,5,15,0.77,0.56,0.21,0.68,0.85,0.47,0.66,100,100,v3/results_vllm/semantic_multi/Qwen2.5-3B-Instruct/stage1_sweep_20260409_001814.json
Qwen2.5-3B-Instruct,semantic_multi,5,20,0.63,0.48,0.15,0.53,0.73,0.39,0.58,100,100,v3/results_vllm/semantic_multi/Qwen2.5-3B-Instruct/stage1_sweep_20260409_001814.json
Qwen2.5-3B-Instruct,semantic_multi,5,30,0.61,0.55,0.06,0.51,0.71,0.45,0.65,100,100,v3/results_vllm/semantic_multi/Qwen2.5-3B-Instruct/stage1_sweep_20260409_001814.json
Qwen2.5-3B-Instruct,semantic_multi,5,50,0.66,0.49,0.17,0.57,0.75,0.4,0.59,100,100,v3/results_vllm/semantic_multi/Qwen2.5-3B-Instruct/stage1_sweep_20260409_001814.json
Qwen2.5-3B-Instruct,semantic_multi,7,5,0.87,0.78,0.09,0.8,0.93,0.7,0.86,100,100,v3/results_vllm/semantic_multi/Qwen2.5-3B-Instruct/stage1_sweep_20260409_001814.json
Qwen2.5-3B-Instruct,semantic_multi,7,7,0.71,0.66,0.05,0.62,0.8,0.56,0.75,100,100,v3/results_vllm/semantic_multi/Qwen2.5-3B-Instruct/stage1_sweep_20260409_001814.json
Qwen2.5-3B-Instruct,semantic_multi,7,10,0.73,0.55,0.18,0.64,0.81,0.45,0.65,100,100,v3/results_vllm/semantic_multi/Qwen2.5-3B-Instruct/stage1_sweep_20260409_001814.json
Qwen2.5-3B-Instruct,semantic_multi,7,15,0.74,0.58,0.16,0.66,0.82,0.48,0.68,100,100,v3/results_vllm/semantic_multi/Qwen2.5-3B-Instruct/stage1_sweep_20260409_001814.json
Qwen2.5-3B-Instruct,semantic_multi,7,20,0.53,0.52,0.01,0.43,0.63,0.42,0.62,100,100,v3/results_vllm/semantic_multi/Qwen2.5-3B-Instruct/stage1_sweep_20260409_001814.json
Qwen2.5-3B-Instruct,semantic_multi,7,30,0.59,0.62,-0.03,0.5,0.68,0.53,0.71,100,100,v3/results_vllm/semantic_multi/Qwen2.5-3B-Instruct/stage1_sweep_20260409_001814.json
Qwen2.5-3B-Instruct,semantic_multi,7,50,0.46,0.54,-0.08,0.37,0.56,0.44,0.63,100,100,v3/results_vllm/semantic_multi/Qwen2.5-3B-Instruct/stage1_sweep_20260409_001814.json
Qwen2.5-3B-Instruct,semantic_multi,10,5,0.77,0.61,0.16,0.69,0.85,0.51,0.7,100,100,v3/results_vllm/semantic_multi/Qwen2.5-3B-Instruct/stage1_sweep_20260409_001814.json
Qwen2.5-3B-Instruct,semantic_multi,10,7,0.74,0.57,0.17,0.65,0.82,0.47,0.66,100,100,v3/results_vllm/semantic_multi/Qwen2.5-3B-Instruct/stage1_sweep_20260409_001814.json
Qwen2.5-3B-Instruct,semantic_multi,10,10,0.69,0.51,0.18,0.6,0.78,0.41,0.6,100,100,v3/results_vllm/semantic_multi/Qwen2.5-3B-Instruct/stage1_sweep_20260409_001814.json
Qwen2.5-3B-Instruct,semantic_multi,10,15,0.58,0.57,0.01,0.48,0.67,0.47,0.66,100,100,v3/results_vllm/semantic_multi/Qwen2.5-3B-Instruct/stage1_sweep_20260409_001814.json
Qwen2.5-3B-Instruct,semantic_multi,10,20,0.59,0.7,-0.11,0.49,0.69,0.61,0.78,100,100,v3/results_vllm/semantic_multi/Qwen2.5-3B-Instruct/stage1_sweep_20260409_001814.json
Qwen2.5-3B-Instruct,semantic_multi,10,30,0.53,0.59,-0.06,0.44,0.63,0.5,0.69,100,100,v3/results_vllm/semantic_multi/Qwen2.5-3B-Instruct/stage1_sweep_20260409_001814.json
Qwen2.5-3B-Instruct,semantic_multi,10,50,0.34,0.61,-0.27,0.25,0.43,0.51,0.7,100,100,v3/results_vllm/semantic_multi/Qwen2.5-3B-Instruct/stage1_sweep_20260409_001814.json
Qwen2.5-3B-Instruct,semantic_multi,15,5,0.81,0.61,0.2,0.73,0.88,0.51,0.7,100,100,v3/results_vllm/semantic_multi/Qwen2.5-3B-Instruct/stage1_sweep_20260409_001814.json
Qwen2.5-3B-Instruct,semantic_multi,15,7,0.8,0.59,0.21,0.72,0.87,0.5,0.69,100,100,v3/results_vllm/semantic_multi/Qwen2.5-3B-Instruct/stage1_sweep_20260409_001814.json
Qwen2.5-3B-Instruct,semantic_multi,15,10,0.73,0.58,0.15,0.64,0.81,0.48,0.68,100,100,v3/results_vllm/semantic_multi/Qwen2.5-3B-Instruct/stage1_sweep_20260409_001814.json
Qwen2.5-3B-Instruct,semantic_multi,15,15,0.63,0.49,0.14,0.53,0.72,0.39,0.59,100,100,v3/results_vllm/semantic_multi/Qwen2.5-3B-Instruct/stage1_sweep_20260409_001814.json
Qwen2.5-3B-Instruct,semantic_multi,15,20,0.46,0.52,-0.06,0.36,0.56,0.42,0.6102,100,100,v3/results_vllm/semantic_multi/Qwen2.5-3B-Instruct/stage1_sweep_20260409_001814.json
Qwen2.5-3B-Instruct,semantic_multi,15,30,0.4,0.59,-0.19,0.3,0.5,0.49,0.68,100,100,v3/results_vllm/semantic_multi/Qwen2.5-3B-Instruct/stage1_sweep_20260409_001814.json
Qwen2.5-3B-Instruct,semantic_multi,15,50,0.24,0.69,-0.45,0.16,0.32,0.6,0.78,100,100,v3/results_vllm/semantic_multi/Qwen2.5-3B-Instruct/stage1_sweep_20260409_001814.json
Qwen2.5-3B-Instruct,semantic_multi,20,5,0.78,0.48,0.3,0.7,0.86,0.39,0.58,100,100,v3/results_vllm/semantic_multi/Qwen2.5-3B-Instruct/stage1_sweep_20260409_001814.json
Qwen2.5-3B-Instruct,semantic_multi,20,7,0.73,0.46,0.27,0.64,0.82,0.36,0.55,100,100,v3/results_vllm/semantic_multi/Qwen2.5-3B-Instruct/stage1_sweep_20260409_001814.json
Qwen2.5-3B-Instruct,semantic_multi,20,10,0.66,0.43,0.23,0.57,0.75,0.34,0.52,100,100,v3/results_vllm/semantic_multi/Qwen2.5-3B-Instruct/stage1_sweep_20260409_001814.json
Qwen2.5-3B-Instruct,semantic_multi,20,15,0.44,0.58,-0.14,0.34,0.5302,0.48,0.67,100,100,v3/results_vllm/semantic_multi/Qwen2.5-3B-Instruct/stage1_sweep_20260409_001814.json
Qwen2.5-3B-Instruct,semantic_multi,20,20,0.46,0.61,-0.15,0.36,0.57,0.52,0.7,100,100,v3/results_vllm/semantic_multi/Qwen2.5-3B-Instruct/stage1_sweep_20260409_001814.json
Qwen2.5-3B-Instruct,semantic_multi,20,30,0.26,0.66,-0.4,0.18,0.35,0.57,0.75,100,100,v3/results_vllm/semantic_multi/Qwen2.5-3B-Instruct/stage1_sweep_20260409_001814.json
Qwen2.5-3B-Instruct,semantic_multi,20,50,0.1,0.65,-0.55,0.05,0.16,0.55,0.74,100,100,v3/results_vllm/semantic_multi/Qwen2.5-3B-Instruct/stage1_sweep_20260409_001814.json
Qwen2.5-3B-Instruct,semantic_multi,25,5,0.77,0.5,0.27,0.68,0.85,0.4,0.5902,100,100,v3/results_vllm/semantic_multi/Qwen2.5-3B-Instruct/stage1_sweep_20260409_001814.json
Qwen2.5-3B-Instruct,semantic_multi,25,7,0.73,0.56,0.17,0.64,0.82,0.46,0.66,100,100,v3/results_vllm/semantic_multi/Qwen2.5-3B-Instruct/stage1_sweep_20260409_001814.json
Qwen2.5-3B-Instruct,semantic_multi,25,10,0.49,0.58,-0.09,0.39,0.58,0.48,0.68,100,100,v3/results_vllm/semantic_multi/Qwen2.5-3B-Instruct/stage1_sweep_20260409_001814.json
Qwen2.5-3B-Instruct,semantic_multi,25,15,0.45,0.62,-0.17,0.35,0.55,0.52,0.72,100,100,v3/results_vllm/semantic_multi/Qwen2.5-3B-Instruct/stage1_sweep_20260409_001814.json
Qwen2.5-3B-Instruct,semantic_multi,25,20,0.37,0.58,-0.21,0.28,0.47,0.48,0.68,100,100,v3/results_vllm/semantic_multi/Qwen2.5-3B-Instruct/stage1_sweep_20260409_001814.json
Qwen2.5-3B-Instruct,semantic_multi,25,30,0.23,0.63,-0.4,0.15,0.31,0.53,0.72,100,100,v3/results_vllm/semantic_multi/Qwen2.5-3B-Instruct/stage1_sweep_20260409_001814.json
Qwen2.5-3B-Instruct,semantic_multi,25,50,0.14,0.58,-0.44,0.07,0.21,0.49,0.67,100,100,v3/results_vllm/semantic_multi/Qwen2.5-3B-Instruct/stage1_sweep_20260409_001814.json
Qwen2.5-3B-Instruct,semantic_multi,30,5,0.81,0.42,0.39,0.73,0.88,0.32,0.52,100,100,v3/results_vllm/semantic_multi/Qwen2.5-3B-Instruct/stage1_sweep_20260409_001814.json
Qwen2.5-3B-Instruct,semantic_multi,30,7,0.59,0.44,0.15,0.5,0.69,0.34,0.54,100,100,v3/results_vllm/semantic_multi/Qwen2.5-3B-Instruct/stage1_sweep_20260409_001814.json
Qwen2.5-3B-Instruct,semantic_multi,30,10,0.54,0.47,0.07,0.44,0.63,0.38,0.57,100,100,v3/results_vllm/semantic_multi/Qwen2.5-3B-Instruct/stage1_sweep_20260409_001814.json
Qwen2.5-3B-Instruct,semantic_multi,30,15,0.43,0.54,-0.11,0.33,0.53,0.44,0.63,100,100,v3/results_vllm/semantic_multi/Qwen2.5-3B-Instruct/stage1_sweep_20260409_001814.json
Qwen2.5-3B-Instruct,semantic_multi,30,20,0.31,0.56,-0.25,0.22,0.4,0.46,0.65,100,100,v3/results_vllm/semantic_multi/Qwen2.5-3B-Instruct/stage1_sweep_20260409_001814.json
Qwen2.5-3B-Instruct,semantic_multi,30,30,0.24,0.61,-0.37,0.16,0.33,0.51,0.7,100,100,v3/results_vllm/semantic_multi/Qwen2.5-3B-Instruct/stage1_sweep_20260409_001814.json
Qwen2.5-3B-Instruct,semantic_multi,30,50,0.07,0.52,-0.45,0.03,0.13,0.42,0.62,100,100,v3/results_vllm/semantic_multi/Qwen2.5-3B-Instruct/stage1_sweep_20260409_001814.json
Qwen3.5-0.8B,arbitrary_single,2,5,0.95,0.53,0.42,0.9,0.99,0.43,0.63,100,100,v3/results_vllm/arbitrary_single/Qwen3.5-0.8B/stage1_sweep_20260509_110846.json
Qwen3.5-0.8B,arbitrary_single,2,7,0.93,0.55,0.38,0.88,0.97,0.46,0.65,100,100,v3/results_vllm/arbitrary_single/Qwen3.5-0.8B/stage1_sweep_20260509_110846.json
Qwen3.5-0.8B,arbitrary_single,2,10,0.97,0.41,0.56,0.93,1.0,0.32,0.51,100,100,v3/results_vllm/arbitrary_single/Qwen3.5-0.8B/stage1_sweep_20260509_110846.json
Qwen3.5-0.8B,arbitrary_single,2,15,0.83,0.3,0.53,0.75,0.9,0.21,0.4,100,100,v3/results_vllm/arbitrary_single/Qwen3.5-0.8B/stage1_sweep_20260509_110846.json
Qwen3.5-0.8B,arbitrary_single,2,20,0.79,0.3,0.49,0.71,0.8602,0.21,0.39,100,100,v3/results_vllm/arbitrary_single/Qwen3.5-0.8B/stage1_sweep_20260509_110846.json
Qwen3.5-0.8B,arbitrary_single,2,30,0.9,0.24,0.66,0.83,0.95,0.16,0.33,100,100,v3/results_vllm/arbitrary_single/Qwen3.5-0.8B/stage1_sweep_20260509_110846.json
Qwen3.5-0.8B,arbitrary_single,2,50,0.9,0.15,0.75,0.84,0.95,0.08,0.22,100,100,v3/results_vllm/arbitrary_single/Qwen3.5-0.8B/stage1_sweep_20260509_110846.json
Qwen3.5-0.8B,arbitrary_single,2,75,0.98,0.14,0.84,0.95,1.0,0.08,0.21,100,100,v3/results_vllm/arbitrary_single/Qwen3.5-0.8B/stage1_sweep_20260509_110846.json
Qwen3.5-0.8B,arbitrary_single,2,100,0.94,0.07,0.87,0.89,0.98,0.03,0.13,100,100,v3/results_vllm/arbitrary_single/Qwen3.5-0.8B/stage1_sweep_20260509_110846.json
Qwen3.5-0.8B,arbitrary_single,3,5,0.96,0.53,0.43,0.92,0.99,0.43,0.63,100,100,v3/results_vllm/arbitrary_single/Qwen3.5-0.8B/stage1_sweep_20260509_110846.json
Qwen3.5-0.8B,arbitrary_single,3,7,0.94,0.52,0.42,0.89,0.98,0.42,0.62,100,100,v3/results_vllm/arbitrary_single/Qwen3.5-0.8B/stage1_sweep_20260509_110846.json
Qwen3.5-0.8B,arbitrary_single,3,10,0.92,0.38,0.54,0.86,0.97,0.29,0.48,100,100,v3/results_vllm/arbitrary_single/Qwen3.5-0.8B/stage1_sweep_20260509_110846.json
Qwen3.5-0.8B,arbitrary_single,3,15,0.86,0.35,0.51,0.79,0.92,0.26,0.44,100,100,v3/results_vllm/arbitrary_single/Qwen3.5-0.8B/stage1_sweep_20260509_110846.json
Qwen3.5-0.8B,arbitrary_single,3,20,0.9,0.22,0.68,0.84,0.95,0.14,0.31,100,100,v3/results_vllm/arbitrary_single/Qwen3.5-0.8B/stage1_sweep_20260509_110846.json
Qwen3.5-0.8B,arbitrary_single,3,30,0.9,0.25,0.65,0.84,0.95,0.17,0.34,100,100,v3/results_vllm/arbitrary_single/Qwen3.5-0.8B/stage1_sweep_20260509_110846.json
Qwen3.5-0.8B,arbitrary_single,3,50,0.83,0.16,0.67,0.75,0.9,0.09,0.24,100,100,v3/results_vllm/arbitrary_single/Qwen3.5-0.8B/stage1_sweep_20260509_110846.json
Qwen3.5-0.8B,arbitrary_single,3,75,0.9,0.11,0.79,0.84,0.95,0.06,0.1702,100,100,v3/results_vllm/arbitrary_single/Qwen3.5-0.8B/stage1_sweep_20260509_110846.json
Qwen3.5-0.8B,arbitrary_single,3,100,0.88,0.06,0.82,0.82,0.94,0.02,0.11,100,100,v3/results_vllm/arbitrary_single/Qwen3.5-0.8B/stage1_sweep_20260509_110846.json
Qwen3.5-0.8B,arbitrary_single,5,5,0.9,0.59,0.31,0.83,0.95,0.49,0.69,100,100,v3/results_vllm/arbitrary_single/Qwen3.5-0.8B/stage1_sweep_20260509_110846.json
Qwen3.5-0.8B,arbitrary_single,5,7,0.88,0.56,0.32,0.81,0.94,0.4698,0.66,100,100,v3/results_vllm/arbitrary_single/Qwen3.5-0.8B/stage1_sweep_20260509_110846.json
Qwen3.5-0.8B,arbitrary_single,5,10,0.86,0.37,0.49,0.79,0.92,0.28,0.47,100,100,v3/results_vllm/arbitrary_single/Qwen3.5-0.8B/stage1_sweep_20260509_110846.json
Qwen3.5-0.8B,arbitrary_single,5,15,0.81,0.3,0.51,0.7298,0.89,0.21,0.39,100,100,v3/results_vllm/arbitrary_single/Qwen3.5-0.8B/stage1_sweep_20260509_110846.json
Qwen3.5-0.8B,arbitrary_single,5,20,0.77,0.26,0.51,0.68,0.85,0.1798,0.35,100,100,v3/results_vllm/arbitrary_single/Qwen3.5-0.8B/stage1_sweep_20260509_110846.json
Qwen3.5-0.8B,arbitrary_single,5,30,0.74,0.19,0.55,0.65,0.82,0.1198,0.27,100,100,v3/results_vllm/arbitrary_single/Qwen3.5-0.8B/stage1_sweep_20260509_110846.json
Qwen3.5-0.8B,arbitrary_single,5,50,0.78,0.17,0.61,0.69,0.86,0.1,0.25,100,100,v3/results_vllm/arbitrary_single/Qwen3.5-0.8B/stage1_sweep_20260509_110846.json
Qwen3.5-0.8B,arbitrary_single,5,75,0.68,0.16,0.52,0.59,0.77,0.09,0.24,100,100,v3/results_vllm/arbitrary_single/Qwen3.5-0.8B/stage1_sweep_20260509_110846.json
Qwen3.5-0.8B,arbitrary_single,5,100,0.68,0.09,0.59,0.59,0.77,0.04,0.15,100,100,v3/results_vllm/arbitrary_single/Qwen3.5-0.8B/stage1_sweep_20260509_110846.json
Qwen3.5-0.8B,arbitrary_single,7,5,0.83,0.41,0.42,0.76,0.9,0.32,0.51,100,100,v3/results_vllm/arbitrary_single/Qwen3.5-0.8B/stage1_sweep_20260509_110846.json
Qwen3.5-0.8B,arbitrary_single,7,7,0.74,0.44,0.3,0.65,0.82,0.34,0.54,100,100,v3/results_vllm/arbitrary_single/Qwen3.5-0.8B/stage1_sweep_20260509_110846.json
Qwen3.5-0.8B,arbitrary_single,7,10,0.65,0.4,0.25,0.56,0.74,0.3,0.49,100,100,v3/results_vllm/arbitrary_single/Qwen3.5-0.8B/stage1_sweep_20260509_110846.json
Qwen3.5-0.8B,arbitrary_single,7,15,0.61,0.24,0.37,0.5198,0.7,0.16,0.33,100,100,v3/results_vllm/arbitrary_single/Qwen3.5-0.8B/stage1_sweep_20260509_110846.json
Qwen3.5-0.8B,arbitrary_single,7,20,0.61,0.26,0.35,0.51,0.71,0.18,0.35,100,100,v3/results_vllm/arbitrary_single/Qwen3.5-0.8B/stage1_sweep_20260509_110846.json
Qwen3.5-0.8B,arbitrary_single,7,30,0.77,0.21,0.56,0.69,0.85,0.14,0.3,100,100,v3/results_vllm/arbitrary_single/Qwen3.5-0.8B/stage1_sweep_20260509_110846.json
Qwen3.5-0.8B,arbitrary_single,7,50,0.62,0.1,0.52,0.53,0.72,0.04,0.16,100,100,v3/results_vllm/arbitrary_single/Qwen3.5-0.8B/stage1_sweep_20260509_110846.json
Qwen3.5-0.8B,arbitrary_single,7,75,0.58,0.13,0.45,0.48,0.68,0.07,0.2,100,100,v3/results_vllm/arbitrary_single/Qwen3.5-0.8B/stage1_sweep_20260509_110846.json
Qwen3.5-0.8B,arbitrary_single,7,100,0.58,0.09,0.49,0.48,0.67,0.04,0.15,100,100,v3/results_vllm/arbitrary_single/Qwen3.5-0.8B/stage1_sweep_20260509_110846.json
Qwen3.5-0.8B,arbitrary_single,10,5,0.55,0.58,-0.03,0.45,0.65,0.48,0.68,100,100,v3/results_vllm/arbitrary_single/Qwen3.5-0.8B/stage1_sweep_20260509_110846.json
Qwen3.5-0.8B,arbitrary_single,10,7,0.59,0.43,0.16,0.49,0.69,0.3398,0.52,100,100,v3/results_vllm/arbitrary_single/Qwen3.5-0.8B/stage1_sweep_20260509_110846.json
Qwen3.5-0.8B,arbitrary_single,10,10,0.66,0.38,0.28,0.56,0.75,0.29,0.48,100,100,v3/results_vllm/arbitrary_single/Qwen3.5-0.8B/stage1_sweep_20260509_110846.json
Qwen3.5-0.8B,arbitrary_single,10,15,0.58,0.22,0.36,0.48,0.68,0.14,0.3,100,100,v3/results_vllm/arbitrary_single/Qwen3.5-0.8B/stage1_sweep_20260509_110846.json
Qwen3.5-0.8B,arbitrary_single,10,20,0.53,0.24,0.29,0.43,0.63,0.16,0.33,100,100,v3/results_vllm/arbitrary_single/Qwen3.5-0.8B/stage1_sweep_20260509_110846.json
Qwen3.5-0.8B,arbitrary_single,10,30,0.45,0.17,0.28,0.36,0.54,0.1,0.25,100,100,v3/results_vllm/arbitrary_single/Qwen3.5-0.8B/stage1_sweep_20260509_110846.json
Qwen3.5-0.8B,arbitrary_single,10,50,0.41,0.15,0.26,0.31,0.51,0.08,0.22,100,100,v3/results_vllm/arbitrary_single/Qwen3.5-0.8B/stage1_sweep_20260509_110846.json
Qwen3.5-0.8B,arbitrary_single,10,75,0.31,0.14,0.17,0.22,0.4,0.08,0.21,100,100,v3/results_vllm/arbitrary_single/Qwen3.5-0.8B/stage1_sweep_20260509_110846.json
Qwen3.5-0.8B,arbitrary_single,10,100,0.38,0.08,0.3,0.28,0.48,0.03,0.14,100,100,v3/results_vllm/arbitrary_single/Qwen3.5-0.8B/stage1_sweep_20260509_110846.json
Qwen3.5-0.8B,arbitrary_single,15,5,0.61,0.56,0.05,0.5198,0.71,0.47,0.66,100,100,v3/results_vllm/arbitrary_single/Qwen3.5-0.8B/stage1_sweep_20260509_110846.json
Qwen3.5-0.8B,arbitrary_single,15,7,0.53,0.46,0.07,0.43,0.63,0.36,0.56,100,100,v3/results_vllm/arbitrary_single/Qwen3.5-0.8B/stage1_sweep_20260509_110846.json
Qwen3.5-0.8B,arbitrary_single,15,10,0.62,0.31,0.31,0.52,0.72,0.22,0.41,100,100,v3/results_vllm/arbitrary_single/Qwen3.5-0.8B/stage1_sweep_20260509_110846.json
Qwen3.5-0.8B,arbitrary_single,15,15,0.43,0.31,0.12,0.34,0.53,0.22,0.4,100,100,v3/results_vllm/arbitrary_single/Qwen3.5-0.8B/stage1_sweep_20260509_110846.json
Qwen3.5-0.8B,arbitrary_single,15,20,0.45,0.23,0.22,0.35,0.55,0.15,0.32,100,100,v3/results_vllm/arbitrary_single/Qwen3.5-0.8B/stage1_sweep_20260509_110846.json
Qwen3.5-0.8B,arbitrary_single,15,30,0.39,0.12,0.27,0.29,0.49,0.06,0.19,100,100,v3/results_vllm/arbitrary_single/Qwen3.5-0.8B/stage1_sweep_20260509_110846.json
Qwen3.5-0.8B,arbitrary_single,15,50,0.32,0.12,0.2,0.24,0.41,0.06,0.18,100,100,v3/results_vllm/arbitrary_single/Qwen3.5-0.8B/stage1_sweep_20260509_110846.json
Qwen3.5-0.8B,arbitrary_single,15,75,0.27,0.07,0.2,0.18,0.36,0.02,0.12,100,100,v3/results_vllm/arbitrary_single/Qwen3.5-0.8B/stage1_sweep_20260509_110846.json
Qwen3.5-0.8B,arbitrary_single,15,100,0.37,0.08,0.29,0.27,0.47,0.03,0.13,100,100,v3/results_vllm/arbitrary_single/Qwen3.5-0.8B/stage1_sweep_20260509_110846.json
Qwen3.5-0.8B,arbitrary_single,20,5,0.53,0.53,0.0,0.43,0.63,0.43,0.62,100,100,v3/results_vllm/arbitrary_single/Qwen3.5-0.8B/stage1_sweep_20260509_110846.json
Qwen3.5-0.8B,arbitrary_single,20,7,0.52,0.4,0.12,0.42,0.61,0.31,0.5,100,100,v3/results_vllm/arbitrary_single/Qwen3.5-0.8B/stage1_sweep_20260509_110846.json
Qwen3.5-0.8B,arbitrary_single,20,10,0.38,0.26,0.12,0.29,0.48,0.18,0.35,100,100,v3/results_vllm/arbitrary_single/Qwen3.5-0.8B/stage1_sweep_20260509_110846.json
Qwen3.5-0.8B,arbitrary_single,20,15,0.35,0.18,0.17,0.25,0.4402,0.11,0.26,100,100,v3/results_vllm/arbitrary_single/Qwen3.5-0.8B/stage1_sweep_20260509_110846.json
Qwen3.5-0.8B,arbitrary_single,20,20,0.33,0.22,0.11,0.24,0.42,0.14,0.31,100,100,v3/results_vllm/arbitrary_single/Qwen3.5-0.8B/stage1_sweep_20260509_110846.json
Qwen3.5-0.8B,arbitrary_single,20,30,0.47,0.13,0.34,0.38,0.57,0.07,0.2,100,100,v3/results_vllm/arbitrary_single/Qwen3.5-0.8B/stage1_sweep_20260509_110846.json
Qwen3.5-0.8B,arbitrary_single,20,50,0.33,0.1,0.23,0.24,0.42,0.04,0.16,100,100,v3/results_vllm/arbitrary_single/Qwen3.5-0.8B/stage1_sweep_20260509_110846.json
Qwen3.5-0.8B,arbitrary_single,20,75,0.26,0.08,0.18,0.17,0.35,0.03,0.14,100,100,v3/results_vllm/arbitrary_single/Qwen3.5-0.8B/stage1_sweep_20260509_110846.json
Qwen3.5-0.8B,arbitrary_single,20,100,0.12,0.08,0.04,0.06,0.19,0.03,0.14,100,100,v3/results_vllm/arbitrary_single/Qwen3.5-0.8B/stage1_sweep_20260509_110846.json
Qwen3.5-0.8B,arbitrary_single,25,5,0.5,0.57,-0.07,0.4,0.6,0.47,0.66,100,100,v3/results_vllm/arbitrary_single/Qwen3.5-0.8B/stage1_sweep_20260509_110846.json
Qwen3.5-0.8B,arbitrary_single,25,7,0.36,0.4,-0.04,0.27,0.46,0.3,0.49,100,100,v3/results_vllm/arbitrary_single/Qwen3.5-0.8B/stage1_sweep_20260509_110846.json
Qwen3.5-0.8B,arbitrary_single,25,10,0.39,0.19,0.2,0.3,0.49,0.12,0.27,100,100,v3/results_vllm/arbitrary_single/Qwen3.5-0.8B/stage1_sweep_20260509_110846.json
Qwen3.5-0.8B,arbitrary_single,25,15,0.4,0.14,0.26,0.3,0.5,0.08,0.21,100,100,v3/results_vllm/arbitrary_single/Qwen3.5-0.8B/stage1_sweep_20260509_110846.json
Qwen3.5-0.8B,arbitrary_single,25,20,0.33,0.14,0.19,0.24,0.42,0.08,0.21,100,100,v3/results_vllm/arbitrary_single/Qwen3.5-0.8B/stage1_sweep_20260509_110846.json
Qwen3.5-0.8B,arbitrary_single,25,30,0.22,0.13,0.09,0.14,0.3002,0.07,0.19,100,100,v3/results_vllm/arbitrary_single/Qwen3.5-0.8B/stage1_sweep_20260509_110846.json
Qwen3.5-0.8B,arbitrary_single,25,50,0.13,0.06,0.07,0.07,0.2,0.02,0.11,100,100,v3/results_vllm/arbitrary_single/Qwen3.5-0.8B/stage1_sweep_20260509_110846.json
Qwen3.5-0.8B,arbitrary_single,25,75,0.09,0.08,0.01,0.04,0.15,0.03,0.13,100,100,v3/results_vllm/arbitrary_single/Qwen3.5-0.8B/stage1_sweep_20260509_110846.json
Qwen3.5-0.8B,arbitrary_single,30,5,0.53,0.55,-0.02,0.43,0.63,0.45,0.65,100,100,v3/results_vllm/arbitrary_single/Qwen3.5-0.8B/stage1_sweep_20260509_110846.json
Qwen3.5-0.8B,arbitrary_single,30,7,0.61,0.31,0.3,0.5198,0.71,0.22,0.4,100,100,v3/results_vllm/arbitrary_single/Qwen3.5-0.8B/stage1_sweep_20260509_110846.json
Qwen3.5-0.8B,arbitrary_single,30,10,0.46,0.26,0.2,0.36,0.56,0.18,0.35,100,100,v3/results_vllm/arbitrary_single/Qwen3.5-0.8B/stage1_sweep_20260509_110846.json
Qwen3.5-0.8B,arbitrary_single,30,15,0.38,0.2,0.18,0.2898,0.48,0.13,0.28,100,100,v3/results_vllm/arbitrary_single/Qwen3.5-0.8B/stage1_sweep_20260509_110846.json
Qwen3.5-0.8B,arbitrary_single,30,20,0.52,0.12,0.4,0.42,0.61,0.06,0.18,100,100,v3/results_vllm/arbitrary_single/Qwen3.5-0.8B/stage1_sweep_20260509_110846.json
Qwen3.5-0.8B,arbitrary_single,30,30,0.28,0.14,0.14,0.1998,0.37,0.08,0.21,100,100,v3/results_vllm/arbitrary_single/Qwen3.5-0.8B/stage1_sweep_20260509_110846.json
Qwen3.5-0.8B,arbitrary_single,30,50,0.22,0.1,0.12,0.14,0.3,0.04,0.16,100,100,v3/results_vllm/arbitrary_single/Qwen3.5-0.8B/stage1_sweep_20260509_110846.json
Qwen3.5-0.8B,arbitrary_single,30,75,0.07,0.06,0.01,0.02,0.12,0.02,0.11,100,100,v3/results_vllm/arbitrary_single/Qwen3.5-0.8B/stage1_sweep_20260509_110846.json
Qwen3.5-0.8B,semantic_multi,2,5,0.97,0.61,0.36,0.93,1.0,0.51,0.71,100,100,v3/results_vllm/semantic_multi/Qwen3.5-0.8B/stage1_sweep_20260509_111801.json
Qwen3.5-0.8B,semantic_multi,2,7,0.96,0.55,0.41,0.92,0.99,0.45,0.65,100,100,v3/results_vllm/semantic_multi/Qwen3.5-0.8B/stage1_sweep_20260509_111801.json
Qwen3.5-0.8B,semantic_multi,2,10,0.96,0.45,0.51,0.92,0.99,0.36,0.55,100,100,v3/results_vllm/semantic_multi/Qwen3.5-0.8B/stage1_sweep_20260509_111801.json
Qwen3.5-0.8B,semantic_multi,2,15,0.98,0.46,0.52,0.95,1.0,0.36,0.56,100,100,v3/results_vllm/semantic_multi/Qwen3.5-0.8B/stage1_sweep_20260509_111801.json
Qwen3.5-0.8B,semantic_multi,2,20,0.92,0.38,0.54,0.87,0.97,0.28,0.4702,100,100,v3/results_vllm/semantic_multi/Qwen3.5-0.8B/stage1_sweep_20260509_111801.json
Qwen3.5-0.8B,semantic_multi,2,30,0.92,0.37,0.55,0.86,0.97,0.28,0.47,100,100,v3/results_vllm/semantic_multi/Qwen3.5-0.8B/stage1_sweep_20260509_111801.json
Qwen3.5-0.8B,semantic_multi,2,50,0.93,0.3,0.63,0.8798,0.98,0.21,0.39,100,100,v3/results_vllm/semantic_multi/Qwen3.5-0.8B/stage1_sweep_20260509_111801.json
Qwen3.5-0.8B,semantic_multi,3,5,0.93,0.66,0.27,0.88,0.98,0.57,0.75,100,100,v3/results_vllm/semantic_multi/Qwen3.5-0.8B/stage1_sweep_20260509_111801.json
Qwen3.5-0.8B,semantic_multi,3,7,0.95,0.55,0.4,0.9,0.99,0.45,0.65,100,100,v3/results_vllm/semantic_multi/Qwen3.5-0.8B/stage1_sweep_20260509_111801.json
Qwen3.5-0.8B,semantic_multi,3,10,0.94,0.5,0.44,0.89,0.98,0.41,0.6,100,100,v3/results_vllm/semantic_multi/Qwen3.5-0.8B/stage1_sweep_20260509_111801.json
Qwen3.5-0.8B,semantic_multi,3,15,0.88,0.51,0.37,0.81,0.94,0.4,0.61,100,100,v3/results_vllm/semantic_multi/Qwen3.5-0.8B/stage1_sweep_20260509_111801.json
Qwen3.5-0.8B,semantic_multi,3,20,0.89,0.3,0.59,0.83,0.95,0.21,0.39,100,100,v3/results_vllm/semantic_multi/Qwen3.5-0.8B/stage1_sweep_20260509_111801.json
Qwen3.5-0.8B,semantic_multi,3,30,0.9,0.33,0.57,0.84,0.96,0.24,0.43,100,100,v3/results_vllm/semantic_multi/Qwen3.5-0.8B/stage1_sweep_20260509_111801.json
Qwen3.5-0.8B,semantic_multi,3,50,0.84,0.36,0.48,0.7698,0.91,0.27,0.46,100,100,v3/results_vllm/semantic_multi/Qwen3.5-0.8B/stage1_sweep_20260509_111801.json
Qwen3.5-0.8B,semantic_multi,5,5,0.93,0.64,0.29,0.88,0.98,0.54,0.74,100,100,v3/results_vllm/semantic_multi/Qwen3.5-0.8B/stage1_sweep_20260509_111801.json
Qwen3.5-0.8B,semantic_multi,5,7,0.79,0.49,0.3,0.71,0.87,0.39,0.59,100,100,v3/results_vllm/semantic_multi/Qwen3.5-0.8B/stage1_sweep_20260509_111801.json
Qwen3.5-0.8B,semantic_multi,5,10,0.83,0.45,0.38,0.75,0.9,0.35,0.5402,100,100,v3/results_vllm/semantic_multi/Qwen3.5-0.8B/stage1_sweep_20260509_111801.json
Qwen3.5-0.8B,semantic_multi,5,15,0.81,0.35,0.46,0.73,0.89,0.25,0.45,100,100,v3/results_vllm/semantic_multi/Qwen3.5-0.8B/stage1_sweep_20260509_111801.json
Qwen3.5-0.8B,semantic_multi,5,20,0.79,0.39,0.4,0.7098,0.87,0.29,0.49,100,100,v3/results_vllm/semantic_multi/Qwen3.5-0.8B/stage1_sweep_20260509_111801.json
Qwen3.5-0.8B,semantic_multi,5,30,0.75,0.25,0.5,0.6698,0.83,0.17,0.34,100,100,v3/results_vllm/semantic_multi/Qwen3.5-0.8B/stage1_sweep_20260509_111801.json
Qwen3.5-0.8B,semantic_multi,5,50,0.78,0.34,0.44,0.7,0.85,0.2598,0.43,100,100,v3/results_vllm/semantic_multi/Qwen3.5-0.8B/stage1_sweep_20260509_111801.json
Qwen3.5-0.8B,semantic_multi,7,5,0.75,0.57,0.18,0.67,0.84,0.47,0.66,100,100,v3/results_vllm/semantic_multi/Qwen3.5-0.8B/stage1_sweep_20260509_111801.json
Qwen3.5-0.8B,semantic_multi,7,7,0.74,0.46,0.28,0.66,0.82,0.36,0.57,100,100,v3/results_vllm/semantic_multi/Qwen3.5-0.8B/stage1_sweep_20260509_111801.json
Qwen3.5-0.8B,semantic_multi,7,10,0.75,0.5,0.25,0.67,0.83,0.4,0.6,100,100,v3/results_vllm/semantic_multi/Qwen3.5-0.8B/stage1_sweep_20260509_111801.json
Qwen3.5-0.8B,semantic_multi,7,15,0.67,0.4,0.27,0.58,0.76,0.3,0.5,100,100,v3/results_vllm/semantic_multi/Qwen3.5-0.8B/stage1_sweep_20260509_111801.json
Qwen3.5-0.8B,semantic_multi,7,20,0.7,0.32,0.38,0.61,0.78,0.24,0.42,100,100,v3/results_vllm/semantic_multi/Qwen3.5-0.8B/stage1_sweep_20260509_111801.json
Qwen3.5-0.8B,semantic_multi,7,30,0.7,0.23,0.47,0.61,0.79,0.15,0.32,100,100,v3/results_vllm/semantic_multi/Qwen3.5-0.8B/stage1_sweep_20260509_111801.json
Qwen3.5-0.8B,semantic_multi,7,50,0.71,0.21,0.5,0.62,0.79,0.13,0.29,100,100,v3/results_vllm/semantic_multi/Qwen3.5-0.8B/stage1_sweep_20260509_111801.json
Qwen3.5-0.8B,semantic_multi,10,5,0.71,0.54,0.17,0.62,0.8,0.44,0.64,100,100,v3/results_vllm/semantic_multi/Qwen3.5-0.8B/stage1_sweep_20260509_111801.json
Qwen3.5-0.8B,semantic_multi,10,7,0.74,0.47,0.27,0.65,0.82,0.37,0.57,100,100,v3/results_vllm/semantic_multi/Qwen3.5-0.8B/stage1_sweep_20260509_111801.json
Qwen3.5-0.8B,semantic_multi,10,10,0.6,0.45,0.15,0.5,0.69,0.35,0.54,100,100,v3/results_vllm/semantic_multi/Qwen3.5-0.8B/stage1_sweep_20260509_111801.json
Qwen3.5-0.8B,semantic_multi,10,15,0.53,0.3,0.23,0.43,0.62,0.22,0.39,100,100,v3/results_vllm/semantic_multi/Qwen3.5-0.8B/stage1_sweep_20260509_111801.json
Qwen3.5-0.8B,semantic_multi,10,20,0.66,0.33,0.33,0.57,0.75,0.24,0.43,100,100,v3/results_vllm/semantic_multi/Qwen3.5-0.8B/stage1_sweep_20260509_111801.json
Qwen3.5-0.8B,semantic_multi,10,30,0.61,0.19,0.42,0.51,0.7,0.12,0.27,100,100,v3/results_vllm/semantic_multi/Qwen3.5-0.8B/stage1_sweep_20260509_111801.json
Qwen3.5-0.8B,semantic_multi,10,50,0.65,0.2,0.45,0.55,0.74,0.13,0.28,100,100,v3/results_vllm/semantic_multi/Qwen3.5-0.8B/stage1_sweep_20260509_111801.json
Qwen3.5-0.8B,semantic_multi,15,5,0.7,0.6,0.1,0.61,0.7802,0.5,0.6902,100,100,v3/results_vllm/semantic_multi/Qwen3.5-0.8B/stage1_sweep_20260509_111801.json
Qwen3.5-0.8B,semantic_multi,15,7,0.61,0.47,0.14,0.51,0.7,0.37,0.57,100,100,v3/results_vllm/semantic_multi/Qwen3.5-0.8B/stage1_sweep_20260509_111801.json
Qwen3.5-0.8B,semantic_multi,15,10,0.59,0.4,0.19,0.49,0.69,0.31,0.49,100,100,v3/results_vllm/semantic_multi/Qwen3.5-0.8B/stage1_sweep_20260509_111801.json
Qwen3.5-0.8B,semantic_multi,15,15,0.67,0.26,0.41,0.58,0.7602,0.18,0.35,100,100,v3/results_vllm/semantic_multi/Qwen3.5-0.8B/stage1_sweep_20260509_111801.json
Qwen3.5-0.8B,semantic_multi,15,20,0.64,0.22,0.42,0.55,0.73,0.14,0.3,100,100,v3/results_vllm/semantic_multi/Qwen3.5-0.8B/stage1_sweep_20260509_111801.json
Qwen3.5-0.8B,semantic_multi,15,30,0.65,0.15,0.5,0.56,0.74,0.08,0.22,100,100,v3/results_vllm/semantic_multi/Qwen3.5-0.8B/stage1_sweep_20260509_111801.json
Qwen3.5-0.8B,semantic_multi,15,50,0.58,0.17,0.41,0.48,0.68,0.1,0.25,100,100,v3/results_vllm/semantic_multi/Qwen3.5-0.8B/stage1_sweep_20260509_111801.json
Qwen3.5-0.8B,semantic_multi,20,5,0.6,0.48,0.12,0.5,0.69,0.38,0.58,100,100,v3/results_vllm/semantic_multi/Qwen3.5-0.8B/stage1_sweep_20260509_111801.json
Qwen3.5-0.8B,semantic_multi,20,7,0.55,0.37,0.18,0.45,0.65,0.28,0.46,100,100,v3/results_vllm/semantic_multi/Qwen3.5-0.8B/stage1_sweep_20260509_111801.json
Qwen3.5-0.8B,semantic_multi,20,10,0.65,0.32,0.33,0.56,0.7302,0.23,0.41,100,100,v3/results_vllm/semantic_multi/Qwen3.5-0.8B/stage1_sweep_20260509_111801.json
Qwen3.5-0.8B,semantic_multi,20,15,0.54,0.22,0.32,0.44,0.64,0.14,0.31,100,100,v3/results_vllm/semantic_multi/Qwen3.5-0.8B/stage1_sweep_20260509_111801.json
Qwen3.5-0.8B,semantic_multi,20,20,0.54,0.17,0.37,0.45,0.6402,0.1,0.24,100,100,v3/results_vllm/semantic_multi/Qwen3.5-0.8B/stage1_sweep_20260509_111801.json
Qwen3.5-0.8B,semantic_multi,20,30,0.42,0.1,0.32,0.32,0.51,0.04,0.16,100,100,v3/results_vllm/semantic_multi/Qwen3.5-0.8B/stage1_sweep_20260509_111801.json
Qwen3.5-0.8B,semantic_multi,20,50,0.57,0.16,0.41,0.48,0.66,0.09,0.23,100,100,v3/results_vllm/semantic_multi/Qwen3.5-0.8B/stage1_sweep_20260509_111801.json
Qwen3.5-0.8B,semantic_multi,25,5,0.69,0.46,0.23,0.6,0.78,0.36,0.56,100,100,v3/results_vllm/semantic_multi/Qwen3.5-0.8B/stage1_sweep_20260509_111801.json
Qwen3.5-0.8B,semantic_multi,25,7,0.65,0.34,0.31,0.56,0.74,0.25,0.43,100,100,v3/results_vllm/semantic_multi/Qwen3.5-0.8B/stage1_sweep_20260509_111801.json
Qwen3.5-0.8B,semantic_multi,25,10,0.54,0.24,0.3,0.45,0.64,0.16,0.3202,100,100,v3/results_vllm/semantic_multi/Qwen3.5-0.8B/stage1_sweep_20260509_111801.json
Qwen3.5-0.8B,semantic_multi,25,15,0.59,0.23,0.36,0.5,0.68,0.15,0.32,100,100,v3/results_vllm/semantic_multi/Qwen3.5-0.8B/stage1_sweep_20260509_111801.json
Qwen3.5-0.8B,semantic_multi,25,20,0.63,0.19,0.44,0.53,0.72,0.1198,0.27,100,100,v3/results_vllm/semantic_multi/Qwen3.5-0.8B/stage1_sweep_20260509_111801.json
Qwen3.5-0.8B,semantic_multi,25,30,0.52,0.16,0.36,0.42,0.62,0.09,0.24,100,100,v3/results_vllm/semantic_multi/Qwen3.5-0.8B/stage1_sweep_20260509_111801.json
Qwen3.5-0.8B,semantic_multi,25,50,0.47,0.14,0.33,0.37,0.57,0.08,0.21,100,100,v3/results_vllm/semantic_multi/Qwen3.5-0.8B/stage1_sweep_20260509_111801.json
Qwen3.5-0.8B,semantic_multi,30,5,0.58,0.51,0.07,0.48,0.6702,0.4198,0.6,100,100,v3/results_vllm/semantic_multi/Qwen3.5-0.8B/stage1_sweep_20260509_111801.json
Qwen3.5-0.8B,semantic_multi,30,7,0.62,0.28,0.34,0.52,0.72,0.2,0.37,100,100,v3/results_vllm/semantic_multi/Qwen3.5-0.8B/stage1_sweep_20260509_111801.json
Qwen3.5-0.8B,semantic_multi,30,10,0.53,0.28,0.25,0.43,0.63,0.19,0.37,100,100,v3/results_vllm/semantic_multi/Qwen3.5-0.8B/stage1_sweep_20260509_111801.json
Qwen3.5-0.8B,semantic_multi,30,15,0.58,0.27,0.31,0.48,0.68,0.19,0.36,100,100,v3/results_vllm/semantic_multi/Qwen3.5-0.8B/stage1_sweep_20260509_111801.json
Qwen3.5-0.8B,semantic_multi,30,20,0.4,0.28,0.12,0.31,0.5,0.2,0.37,100,100,v3/results_vllm/semantic_multi/Qwen3.5-0.8B/stage1_sweep_20260509_111801.json
Qwen3.5-0.8B,semantic_multi,30,30,0.46,0.21,0.25,0.36,0.56,0.13,0.29,100,100,v3/results_vllm/semantic_multi/Qwen3.5-0.8B/stage1_sweep_20260509_111801.json
Qwen3.5-0.8B,semantic_multi,30,50,0.33,0.2,0.13,0.24,0.42,0.13,0.28,100,100,v3/results_vllm/semantic_multi/Qwen3.5-0.8B/stage1_sweep_20260509_111801.json
Qwen3.5-2B,arbitrary_single,2,5,0.81,0.53,0.28,0.73,0.88,0.43,0.62,100,100,v3/results_vllm/arbitrary_single/Qwen3.5-2B/stage1_sweep_20260509_114227.json
Qwen3.5-2B,arbitrary_single,2,7,0.85,0.45,0.4,0.78,0.91,0.36,0.55,100,100,v3/results_vllm/arbitrary_single/Qwen3.5-2B/stage1_sweep_20260509_114227.json
Qwen3.5-2B,arbitrary_single,2,10,0.82,0.39,0.43,0.74,0.89,0.3,0.49,100,100,v3/results_vllm/arbitrary_single/Qwen3.5-2B/stage1_sweep_20260509_114227.json
Qwen3.5-2B,arbitrary_single,2,15,0.85,0.4,0.45,0.78,0.92,0.31,0.5,100,100,v3/results_vllm/arbitrary_single/Qwen3.5-2B/stage1_sweep_20260509_114227.json
Qwen3.5-2B,arbitrary_single,2,20,0.83,0.36,0.47,0.76,0.9,0.27,0.4502,100,100,v3/results_vllm/arbitrary_single/Qwen3.5-2B/stage1_sweep_20260509_114227.json
Qwen3.5-2B,arbitrary_single,2,30,0.8,0.28,0.52,0.72,0.87,0.2,0.37,100,100,v3/results_vllm/arbitrary_single/Qwen3.5-2B/stage1_sweep_20260509_114227.json
Qwen3.5-2B,arbitrary_single,2,50,0.85,0.22,0.63,0.78,0.92,0.14,0.3,100,100,v3/results_vllm/arbitrary_single/Qwen3.5-2B/stage1_sweep_20260509_114227.json
Qwen3.5-2B,arbitrary_single,2,75,0.86,0.2,0.66,0.79,0.92,0.12,0.28,100,100,v3/results_vllm/arbitrary_single/Qwen3.5-2B/stage1_sweep_20260509_114227.json
Qwen3.5-2B,arbitrary_single,2,100,0.77,0.16,0.61,0.69,0.85,0.09,0.24,100,100,v3/results_vllm/arbitrary_single/Qwen3.5-2B/stage1_sweep_20260509_114227.json
Qwen3.5-2B,arbitrary_single,3,5,0.71,0.58,0.13,0.62,0.8,0.49,0.67,100,100,v3/results_vllm/arbitrary_single/Qwen3.5-2B/stage1_sweep_20260509_114227.json
Qwen3.5-2B,arbitrary_single,3,7,0.82,0.32,0.5,0.74,0.89,0.23,0.41,100,100,v3/results_vllm/arbitrary_single/Qwen3.5-2B/stage1_sweep_20260509_114227.json
Qwen3.5-2B,arbitrary_single,3,10,0.77,0.49,0.28,0.69,0.85,0.39,0.59,100,100,v3/results_vllm/arbitrary_single/Qwen3.5-2B/stage1_sweep_20260509_114227.json
Qwen3.5-2B,arbitrary_single,3,15,0.86,0.34,0.52,0.79,0.92,0.25,0.43,100,100,v3/results_vllm/arbitrary_single/Qwen3.5-2B/stage1_sweep_20260509_114227.json
Qwen3.5-2B,arbitrary_single,3,20,0.92,0.3,0.62,0.86,0.97,0.22,0.39,100,100,v3/results_vllm/arbitrary_single/Qwen3.5-2B/stage1_sweep_20260509_114227.json
Qwen3.5-2B,arbitrary_single,3,30,0.89,0.3,0.59,0.8298,0.95,0.22,0.39,100,100,v3/results_vllm/arbitrary_single/Qwen3.5-2B/stage1_sweep_20260509_114227.json
Qwen3.5-2B,arbitrary_single,3,50,0.89,0.22,0.67,0.82,0.95,0.14,0.31,100,100,v3/results_vllm/arbitrary_single/Qwen3.5-2B/stage1_sweep_20260509_114227.json
Qwen3.5-2B,arbitrary_single,3,75,0.87,0.24,0.63,0.8,0.93,0.16,0.33,100,100,v3/results_vllm/arbitrary_single/Qwen3.5-2B/stage1_sweep_20260509_114227.json
Qwen3.5-2B,arbitrary_single,3,100,0.88,0.27,0.61,0.81,0.94,0.18,0.36,100,100,v3/results_vllm/arbitrary_single/Qwen3.5-2B/stage1_sweep_20260509_114227.json
Qwen3.5-2B,arbitrary_single,5,5,0.59,0.69,-0.1,0.5,0.69,0.6,0.78,100,100,v3/results_vllm/arbitrary_single/Qwen3.5-2B/stage1_sweep_20260509_114227.json
Qwen3.5-2B,arbitrary_single,5,7,0.74,0.49,0.25,0.65,0.82,0.39,0.5802,100,100,v3/results_vllm/arbitrary_single/Qwen3.5-2B/stage1_sweep_20260509_114227.json
Qwen3.5-2B,arbitrary_single,5,10,0.72,0.5,0.22,0.63,0.81,0.4,0.6,100,100,v3/results_vllm/arbitrary_single/Qwen3.5-2B/stage1_sweep_20260509_114227.json
Qwen3.5-2B,arbitrary_single,5,15,0.71,0.41,0.3,0.62,0.8,0.31,0.51,100,100,v3/results_vllm/arbitrary_single/Qwen3.5-2B/stage1_sweep_20260509_114227.json
Qwen3.5-2B,arbitrary_single,5,20,0.75,0.45,0.3,0.66,0.83,0.36,0.54,100,100,v3/results_vllm/arbitrary_single/Qwen3.5-2B/stage1_sweep_20260509_114227.json
Qwen3.5-2B,arbitrary_single,5,30,0.69,0.47,0.22,0.6,0.78,0.38,0.57,100,100,v3/results_vllm/arbitrary_single/Qwen3.5-2B/stage1_sweep_20260509_114227.json
Qwen3.5-2B,arbitrary_single,5,50,0.73,0.38,0.35,0.64,0.81,0.28,0.48,100,100,v3/results_vllm/arbitrary_single/Qwen3.5-2B/stage1_sweep_20260509_114227.json
Qwen3.5-2B,arbitrary_single,5,75,0.61,0.25,0.36,0.51,0.7002,0.17,0.34,100,100,v3/results_vllm/arbitrary_single/Qwen3.5-2B/stage1_sweep_20260509_114227.json
Qwen3.5-2B,arbitrary_single,5,100,0.6,0.32,0.28,0.5,0.7,0.23,0.41,100,100,v3/results_vllm/arbitrary_single/Qwen3.5-2B/stage1_sweep_20260509_114227.json
Qwen3.5-2B,arbitrary_single,7,5,0.5,0.52,-0.02,0.4,0.6,0.42,0.62,100,100,v3/results_vllm/arbitrary_single/Qwen3.5-2B/stage1_sweep_20260509_114227.json
Qwen3.5-2B,arbitrary_single,7,7,0.58,0.49,0.09,0.48,0.67,0.3998,0.59,100,100,v3/results_vllm/arbitrary_single/Qwen3.5-2B/stage1_sweep_20260509_114227.json
Qwen3.5-2B,arbitrary_single,7,10,0.6,0.51,0.09,0.5,0.69,0.41,0.6,100,100,v3/results_vllm/arbitrary_single/Qwen3.5-2B/stage1_sweep_20260509_114227.json
Qwen3.5-2B,arbitrary_single,7,15,0.69,0.47,0.22,0.6,0.78,0.38,0.57,100,100,v3/results_vllm/arbitrary_single/Qwen3.5-2B/stage1_sweep_20260509_114227.json
Qwen3.5-2B,arbitrary_single,7,20,0.59,0.38,0.21,0.5,0.68,0.29,0.48,100,100,v3/results_vllm/arbitrary_single/Qwen3.5-2B/stage1_sweep_20260509_114227.json
Qwen3.5-2B,arbitrary_single,7,30,0.6,0.4,0.2,0.51,0.6902,0.3098,0.5,100,100,v3/results_vllm/arbitrary_single/Qwen3.5-2B/stage1_sweep_20260509_114227.json
Qwen3.5-2B,arbitrary_single,7,50,0.52,0.38,0.14,0.4298,0.6102,0.29,0.47,100,100,v3/results_vllm/arbitrary_single/Qwen3.5-2B/stage1_sweep_20260509_114227.json
Qwen3.5-2B,arbitrary_single,7,75,0.36,0.34,0.02,0.27,0.45,0.25,0.43,100,100,v3/results_vllm/arbitrary_single/Qwen3.5-2B/stage1_sweep_20260509_114227.json
Qwen3.5-2B,arbitrary_single,7,100,0.42,0.24,0.18,0.33,0.52,0.16,0.32,100,100,v3/results_vllm/arbitrary_single/Qwen3.5-2B/stage1_sweep_20260509_114227.json
Qwen3.5-2B,arbitrary_single,10,5,0.53,0.58,-0.05,0.43,0.62,0.49,0.67,100,100,v3/results_vllm/arbitrary_single/Qwen3.5-2B/stage1_sweep_20260509_114227.json
Qwen3.5-2B,arbitrary_single,10,7,0.44,0.57,-0.13,0.34,0.54,0.47,0.67,100,100,v3/results_vllm/arbitrary_single/Qwen3.5-2B/stage1_sweep_20260509_114227.json
Qwen3.5-2B,arbitrary_single,10,10,0.62,0.55,0.07,0.52,0.71,0.45,0.64,100,100,v3/results_vllm/arbitrary_single/Qwen3.5-2B/stage1_sweep_20260509_114227.json
Qwen3.5-2B,arbitrary_single,10,15,0.48,0.51,-0.03,0.39,0.58,0.41,0.6102,100,100,v3/results_vllm/arbitrary_single/Qwen3.5-2B/stage1_sweep_20260509_114227.json
Qwen3.5-2B,arbitrary_single,10,20,0.5,0.38,0.12,0.4,0.6,0.28,0.48,100,100,v3/results_vllm/arbitrary_single/Qwen3.5-2B/stage1_sweep_20260509_114227.json
Qwen3.5-2B,arbitrary_single,10,30,0.35,0.44,-0.09,0.26,0.44,0.34,0.54,100,100,v3/results_vllm/arbitrary_single/Qwen3.5-2B/stage1_sweep_20260509_114227.json
Qwen3.5-2B,arbitrary_single,10,50,0.38,0.36,0.02,0.28,0.48,0.27,0.46,100,100,v3/results_vllm/arbitrary_single/Qwen3.5-2B/stage1_sweep_20260509_114227.json
Qwen3.5-2B,arbitrary_single,10,75,0.21,0.28,-0.07,0.13,0.29,0.2,0.37,100,100,v3/results_vllm/arbitrary_single/Qwen3.5-2B/stage1_sweep_20260509_114227.json
Qwen3.5-2B,arbitrary_single,10,100,0.19,0.22,-0.03,0.12,0.27,0.14,0.3,100,100,v3/results_vllm/arbitrary_single/Qwen3.5-2B/stage1_sweep_20260509_114227.json
Qwen3.5-2B,arbitrary_single,15,5,0.36,0.61,-0.25,0.27,0.45,0.52,0.7,100,100,v3/results_vllm/arbitrary_single/Qwen3.5-2B/stage1_sweep_20260509_114227.json
Qwen3.5-2B,arbitrary_single,15,7,0.41,0.66,-0.25,0.32,0.5002,0.57,0.75,100,100,v3/results_vllm/arbitrary_single/Qwen3.5-2B/stage1_sweep_20260509_114227.json
Qwen3.5-2B,arbitrary_single,15,10,0.46,0.53,-0.07,0.36,0.55,0.43,0.63,100,100,v3/results_vllm/arbitrary_single/Qwen3.5-2B/stage1_sweep_20260509_114227.json
Qwen3.5-2B,arbitrary_single,15,15,0.32,0.5,-0.18,0.23,0.41,0.4,0.59,100,100,v3/results_vllm/arbitrary_single/Qwen3.5-2B/stage1_sweep_20260509_114227.json
Qwen3.5-2B,arbitrary_single,15,20,0.33,0.48,-0.15,0.24,0.43,0.38,0.58,100,100,v3/results_vllm/arbitrary_single/Qwen3.5-2B/stage1_sweep_20260509_114227.json
Qwen3.5-2B,arbitrary_single,15,30,0.27,0.41,-0.14,0.19,0.36,0.31,0.51,100,100,v3/results_vllm/arbitrary_single/Qwen3.5-2B/stage1_sweep_20260509_114227.json
Qwen3.5-2B,arbitrary_single,15,50,0.18,0.25,-0.07,0.11,0.26,0.1798,0.34,100,100,v3/results_vllm/arbitrary_single/Qwen3.5-2B/stage1_sweep_20260509_114227.json
Qwen3.5-2B,arbitrary_single,15,75,0.05,0.21,-0.16,0.01,0.1,0.13,0.3,100,100,v3/results_vllm/arbitrary_single/Qwen3.5-2B/stage1_sweep_20260509_114227.json
Qwen3.5-2B,arbitrary_single,15,100,0.08,0.16,-0.08,0.03,0.14,0.09,0.23,100,100,v3/results_vllm/arbitrary_single/Qwen3.5-2B/stage1_sweep_20260509_114227.json
Qwen3.5-2B,arbitrary_single,20,5,0.47,0.68,-0.21,0.37,0.57,0.58,0.77,100,100,v3/results_vllm/arbitrary_single/Qwen3.5-2B/stage1_sweep_20260509_114227.json
Qwen3.5-2B,arbitrary_single,20,7,0.46,0.66,-0.2,0.36,0.56,0.57,0.75,100,100,v3/results_vllm/arbitrary_single/Qwen3.5-2B/stage1_sweep_20260509_114227.json
Qwen3.5-2B,arbitrary_single,20,10,0.26,0.57,-0.31,0.18,0.34,0.48,0.6602,100,100,v3/results_vllm/arbitrary_single/Qwen3.5-2B/stage1_sweep_20260509_114227.json
Qwen3.5-2B,arbitrary_single,20,15,0.23,0.46,-0.23,0.15,0.32,0.36,0.56,100,100,v3/results_vllm/arbitrary_single/Qwen3.5-2B/stage1_sweep_20260509_114227.json
Qwen3.5-2B,arbitrary_single,20,20,0.15,0.35,-0.2,0.08,0.22,0.26,0.45,100,100,v3/results_vllm/arbitrary_single/Qwen3.5-2B/stage1_sweep_20260509_114227.json
Qwen3.5-2B,arbitrary_single,20,30,0.16,0.36,-0.2,0.09,0.23,0.27,0.46,100,100,v3/results_vllm/arbitrary_single/Qwen3.5-2B/stage1_sweep_20260509_114227.json
Qwen3.5-2B,arbitrary_single,20,50,0.07,0.21,-0.14,0.02,0.13,0.13,0.29,100,100,v3/results_vllm/arbitrary_single/Qwen3.5-2B/stage1_sweep_20260509_114227.json
Qwen3.5-2B,arbitrary_single,20,75,0.1,0.22,-0.12,0.04,0.16,0.14,0.31,100,100,v3/results_vllm/arbitrary_single/Qwen3.5-2B/stage1_sweep_20260509_114227.json
Qwen3.5-2B,arbitrary_single,20,100,0.05,0.13,-0.08,0.01,0.1,0.07,0.2,100,100,v3/results_vllm/arbitrary_single/Qwen3.5-2B/stage1_sweep_20260509_114227.json
Qwen3.5-2B,arbitrary_single,25,5,0.24,0.62,-0.38,0.16,0.33,0.52,0.71,100,100,v3/results_vllm/arbitrary_single/Qwen3.5-2B/stage1_sweep_20260509_114227.json
Qwen3.5-2B,arbitrary_single,25,7,0.33,0.53,-0.2,0.24,0.42,0.43,0.62,100,100,v3/results_vllm/arbitrary_single/Qwen3.5-2B/stage1_sweep_20260509_114227.json
Qwen3.5-2B,arbitrary_single,25,10,0.26,0.52,-0.26,0.18,0.35,0.42,0.62,100,100,v3/results_vllm/arbitrary_single/Qwen3.5-2B/stage1_sweep_20260509_114227.json
Qwen3.5-2B,arbitrary_single,25,15,0.23,0.45,-0.22,0.15,0.31,0.35,0.55,100,100,v3/results_vllm/arbitrary_single/Qwen3.5-2B/stage1_sweep_20260509_114227.json
Qwen3.5-2B,arbitrary_single,25,20,0.12,0.4,-0.28,0.06,0.1802,0.31,0.5,100,100,v3/results_vllm/arbitrary_single/Qwen3.5-2B/stage1_sweep_20260509_114227.json
Qwen3.5-2B,arbitrary_single,25,30,0.09,0.28,-0.19,0.04,0.15,0.2,0.37,100,100,v3/results_vllm/arbitrary_single/Qwen3.5-2B/stage1_sweep_20260509_114227.json
Qwen3.5-2B,arbitrary_single,25,50,0.04,0.24,-0.2,0.01,0.08,0.16,0.33,100,100,v3/results_vllm/arbitrary_single/Qwen3.5-2B/stage1_sweep_20260509_114227.json
Qwen3.5-2B,arbitrary_single,25,75,0.04,0.11,-0.07,0.01,0.08,0.05,0.17,100,100,v3/results_vllm/arbitrary_single/Qwen3.5-2B/stage1_sweep_20260509_114227.json
Qwen3.5-2B,arbitrary_single,30,5,0.29,0.62,-0.33,0.2,0.38,0.52,0.7102,100,100,v3/results_vllm/arbitrary_single/Qwen3.5-2B/stage1_sweep_20260509_114227.json
Qwen3.5-2B,arbitrary_single,30,7,0.27,0.56,-0.29,0.19,0.36,0.47,0.66,100,100,v3/results_vllm/arbitrary_single/Qwen3.5-2B/stage1_sweep_20260509_114227.json
Qwen3.5-2B,arbitrary_single,30,10,0.18,0.49,-0.31,0.11,0.2502,0.39,0.59,100,100,v3/results_vllm/arbitrary_single/Qwen3.5-2B/stage1_sweep_20260509_114227.json
Qwen3.5-2B,arbitrary_single,30,15,0.17,0.35,-0.18,0.1,0.24,0.26,0.45,100,100,v3/results_vllm/arbitrary_single/Qwen3.5-2B/stage1_sweep_20260509_114227.json
Qwen3.5-2B,arbitrary_single,30,20,0.19,0.25,-0.06,0.11,0.27,0.16,0.34,100,100,v3/results_vllm/arbitrary_single/Qwen3.5-2B/stage1_sweep_20260509_114227.json
Qwen3.5-2B,arbitrary_single,30,30,0.09,0.32,-0.23,0.04,0.15,0.23,0.41,100,100,v3/results_vllm/arbitrary_single/Qwen3.5-2B/stage1_sweep_20260509_114227.json
Qwen3.5-2B,arbitrary_single,30,50,0.02,0.12,-0.1,0.0,0.05,0.06,0.19,100,100,v3/results_vllm/arbitrary_single/Qwen3.5-2B/stage1_sweep_20260509_114227.json
Qwen3.5-2B,arbitrary_single,30,75,0.01,0.14,-0.13,0.0,0.03,0.07,0.21,100,100,v3/results_vllm/arbitrary_single/Qwen3.5-2B/stage1_sweep_20260509_114227.json
Qwen3.5-2B,semantic_multi,2,5,0.88,0.65,0.23,0.81,0.94,0.55,0.74,100,100,v3/results_vllm/semantic_multi/Qwen3.5-2B/stage1_sweep_20260509_115616.json
Qwen3.5-2B,semantic_multi,2,7,0.89,0.43,0.46,0.83,0.95,0.33,0.53,100,100,v3/results_vllm/semantic_multi/Qwen3.5-2B/stage1_sweep_20260509_115616.json
Qwen3.5-2B,semantic_multi,2,10,0.91,0.45,0.46,0.85,0.96,0.35,0.54,100,100,v3/results_vllm/semantic_multi/Qwen3.5-2B/stage1_sweep_20260509_115616.json
Qwen3.5-2B,semantic_multi,2,15,0.92,0.39,0.53,0.87,0.97,0.3,0.49,100,100,v3/results_vllm/semantic_multi/Qwen3.5-2B/stage1_sweep_20260509_115616.json
Qwen3.5-2B,semantic_multi,2,20,0.88,0.36,0.52,0.81,0.94,0.27,0.45,100,100,v3/results_vllm/semantic_multi/Qwen3.5-2B/stage1_sweep_20260509_115616.json
Qwen3.5-2B,semantic_multi,2,30,0.9,0.36,0.54,0.84,0.95,0.27,0.45,100,100,v3/results_vllm/semantic_multi/Qwen3.5-2B/stage1_sweep_20260509_115616.json
Qwen3.5-2B,semantic_multi,2,50,0.9,0.3,0.6,0.84,0.95,0.22,0.39,100,100,v3/results_vllm/semantic_multi/Qwen3.5-2B/stage1_sweep_20260509_115616.json
Qwen3.5-2B,semantic_multi,3,5,0.82,0.57,0.25,0.74,0.89,0.47,0.67,100,100,v3/results_vllm/semantic_multi/Qwen3.5-2B/stage1_sweep_20260509_115616.json
Qwen3.5-2B,semantic_multi,3,7,0.8,0.52,0.28,0.72,0.87,0.42,0.61,100,100,v3/results_vllm/semantic_multi/Qwen3.5-2B/stage1_sweep_20260509_115616.json
Qwen3.5-2B,semantic_multi,3,10,0.76,0.57,0.19,0.67,0.84,0.47,0.67,100,100,v3/results_vllm/semantic_multi/Qwen3.5-2B/stage1_sweep_20260509_115616.json
Qwen3.5-2B,semantic_multi,3,15,0.82,0.46,0.36,0.74,0.89,0.3698,0.56,100,100,v3/results_vllm/semantic_multi/Qwen3.5-2B/stage1_sweep_20260509_115616.json
Qwen3.5-2B,semantic_multi,3,20,0.83,0.43,0.4,0.75,0.9,0.3398,0.53,100,100,v3/results_vllm/semantic_multi/Qwen3.5-2B/stage1_sweep_20260509_115616.json
Qwen3.5-2B,semantic_multi,3,30,0.86,0.46,0.4,0.79,0.92,0.36,0.56,100,100,v3/results_vllm/semantic_multi/Qwen3.5-2B/stage1_sweep_20260509_115616.json
Qwen3.5-2B,semantic_multi,3,50,0.84,0.35,0.49,0.7698,0.91,0.25,0.45,100,100,v3/results_vllm/semantic_multi/Qwen3.5-2B/stage1_sweep_20260509_115616.json
Qwen3.5-2B,semantic_multi,5,5,0.64,0.66,-0.02,0.5498,0.73,0.57,0.75,100,100,v3/results_vllm/semantic_multi/Qwen3.5-2B/stage1_sweep_20260509_115616.json
Qwen3.5-2B,semantic_multi,5,7,0.66,0.67,-0.01,0.57,0.75,0.58,0.76,100,100,v3/results_vllm/semantic_multi/Qwen3.5-2B/stage1_sweep_20260509_115616.json
Qwen3.5-2B,semantic_multi,5,10,0.75,0.57,0.18,0.66,0.83,0.48,0.66,100,100,v3/results_vllm/semantic_multi/Qwen3.5-2B/stage1_sweep_20260509_115616.json
Qwen3.5-2B,semantic_multi,5,15,0.67,0.56,0.11,0.58,0.76,0.46,0.66,100,100,v3/results_vllm/semantic_multi/Qwen3.5-2B/stage1_sweep_20260509_115616.json
Qwen3.5-2B,semantic_multi,5,20,0.63,0.43,0.2,0.53,0.72,0.34,0.53,100,100,v3/results_vllm/semantic_multi/Qwen3.5-2B/stage1_sweep_20260509_115616.json
Qwen3.5-2B,semantic_multi,5,30,0.62,0.48,0.14,0.53,0.72,0.38,0.58,100,100,v3/results_vllm/semantic_multi/Qwen3.5-2B/stage1_sweep_20260509_115616.json
Qwen3.5-2B,semantic_multi,5,50,0.7,0.37,0.33,0.61,0.79,0.28,0.46,100,100,v3/results_vllm/semantic_multi/Qwen3.5-2B/stage1_sweep_20260509_115616.json
Qwen3.5-2B,semantic_multi,7,5,0.57,0.78,-0.21,0.47,0.67,0.7,0.86,100,100,v3/results_vllm/semantic_multi/Qwen3.5-2B/stage1_sweep_20260509_115616.json
Qwen3.5-2B,semantic_multi,7,7,0.52,0.59,-0.07,0.43,0.61,0.49,0.68,100,100,v3/results_vllm/semantic_multi/Qwen3.5-2B/stage1_sweep_20260509_115616.json
Qwen3.5-2B,semantic_multi,7,10,0.61,0.64,-0.03,0.51,0.71,0.5498,0.73,100,100,v3/results_vllm/semantic_multi/Qwen3.5-2B/stage1_sweep_20260509_115616.json
Qwen3.5-2B,semantic_multi,7,15,0.53,0.6,-0.07,0.43,0.63,0.5,0.69,100,100,v3/results_vllm/semantic_multi/Qwen3.5-2B/stage1_sweep_20260509_115616.json
Qwen3.5-2B,semantic_multi,7,20,0.63,0.54,0.09,0.53,0.72,0.44,0.64,100,100,v3/results_vllm/semantic_multi/Qwen3.5-2B/stage1_sweep_20260509_115616.json
Qwen3.5-2B,semantic_multi,7,30,0.52,0.52,0.0,0.42,0.62,0.42,0.62,100,100,v3/results_vllm/semantic_multi/Qwen3.5-2B/stage1_sweep_20260509_115616.json
Qwen3.5-2B,semantic_multi,7,50,0.5,0.39,0.11,0.41,0.6,0.3,0.49,100,100,v3/results_vllm/semantic_multi/Qwen3.5-2B/stage1_sweep_20260509_115616.json
Qwen3.5-2B,semantic_multi,10,5,0.42,0.73,-0.31,0.32,0.52,0.64,0.82,100,100,v3/results_vllm/semantic_multi/Qwen3.5-2B/stage1_sweep_20260509_115616.json
Qwen3.5-2B,semantic_multi,10,7,0.49,0.65,-0.16,0.4,0.58,0.56,0.74,100,100,v3/results_vllm/semantic_multi/Qwen3.5-2B/stage1_sweep_20260509_115616.json
Qwen3.5-2B,semantic_multi,10,10,0.5,0.55,-0.05,0.4,0.6,0.45,0.6402,100,100,v3/results_vllm/semantic_multi/Qwen3.5-2B/stage1_sweep_20260509_115616.json
Qwen3.5-2B,semantic_multi,10,15,0.43,0.56,-0.13,0.33,0.53,0.46,0.66,100,100,v3/results_vllm/semantic_multi/Qwen3.5-2B/stage1_sweep_20260509_115616.json
Qwen3.5-2B,semantic_multi,10,20,0.56,0.51,0.05,0.46,0.66,0.41,0.61,100,100,v3/results_vllm/semantic_multi/Qwen3.5-2B/stage1_sweep_20260509_115616.json
Qwen3.5-2B,semantic_multi,10,30,0.48,0.5,-0.02,0.38,0.58,0.41,0.6,100,100,v3/results_vllm/semantic_multi/Qwen3.5-2B/stage1_sweep_20260509_115616.json
Qwen3.5-2B,semantic_multi,10,50,0.48,0.49,-0.01,0.38,0.58,0.39,0.59,100,100,v3/results_vllm/semantic_multi/Qwen3.5-2B/stage1_sweep_20260509_115616.json
Qwen3.5-2B,semantic_multi,15,5,0.45,0.76,-0.31,0.35,0.54,0.68,0.84,100,100,v3/results_vllm/semantic_multi/Qwen3.5-2B/stage1_sweep_20260509_115616.json
Qwen3.5-2B,semantic_multi,15,7,0.43,0.73,-0.3,0.33,0.52,0.64,0.81,100,100,v3/results_vllm/semantic_multi/Qwen3.5-2B/stage1_sweep_20260509_115616.json
Qwen3.5-2B,semantic_multi,15,10,0.37,0.62,-0.25,0.28,0.46,0.52,0.71,100,100,v3/results_vllm/semantic_multi/Qwen3.5-2B/stage1_sweep_20260509_115616.json
Qwen3.5-2B,semantic_multi,15,15,0.37,0.48,-0.11,0.2798,0.47,0.38,0.57,100,100,v3/results_vllm/semantic_multi/Qwen3.5-2B/stage1_sweep_20260509_115616.json
Qwen3.5-2B,semantic_multi,15,20,0.35,0.5,-0.15,0.26,0.44,0.4,0.6,100,100,v3/results_vllm/semantic_multi/Qwen3.5-2B/stage1_sweep_20260509_115616.json
Qwen3.5-2B,semantic_multi,15,30,0.28,0.4,-0.12,0.19,0.37,0.3,0.5,100,100,v3/results_vllm/semantic_multi/Qwen3.5-2B/stage1_sweep_20260509_115616.json
Qwen3.5-2B,semantic_multi,15,50,0.34,0.34,0.0,0.25,0.44,0.25,0.43,100,100,v3/results_vllm/semantic_multi/Qwen3.5-2B/stage1_sweep_20260509_115616.json
Qwen3.5-2B,semantic_multi,20,5,0.38,0.72,-0.34,0.28,0.48,0.64,0.81,100,100,v3/results_vllm/semantic_multi/Qwen3.5-2B/stage1_sweep_20260509_115616.json
Qwen3.5-2B,semantic_multi,20,7,0.35,0.64,-0.29,0.25,0.44,0.5498,0.73,100,100,v3/results_vllm/semantic_multi/Qwen3.5-2B/stage1_sweep_20260509_115616.json
Qwen3.5-2B,semantic_multi,20,10,0.36,0.53,-0.17,0.27,0.45,0.43,0.63,100,100,v3/results_vllm/semantic_multi/Qwen3.5-2B/stage1_sweep_20260509_115616.json
Qwen3.5-2B,semantic_multi,20,15,0.39,0.37,0.02,0.3,0.49,0.28,0.47,100,100,v3/results_vllm/semantic_multi/Qwen3.5-2B/stage1_sweep_20260509_115616.json
Qwen3.5-2B,semantic_multi,20,20,0.24,0.48,-0.24,0.16,0.33,0.38,0.58,100,100,v3/results_vllm/semantic_multi/Qwen3.5-2B/stage1_sweep_20260509_115616.json
Qwen3.5-2B,semantic_multi,20,30,0.3,0.46,-0.16,0.21,0.39,0.36,0.56,100,100,v3/results_vllm/semantic_multi/Qwen3.5-2B/stage1_sweep_20260509_115616.json
Qwen3.5-2B,semantic_multi,20,50,0.27,0.27,0.0,0.19,0.36,0.19,0.36,100,100,v3/results_vllm/semantic_multi/Qwen3.5-2B/stage1_sweep_20260509_115616.json
Qwen3.5-2B,semantic_multi,25,5,0.35,0.76,-0.41,0.26,0.44,0.67,0.84,100,100,v3/results_vllm/semantic_multi/Qwen3.5-2B/stage1_sweep_20260509_115616.json
Qwen3.5-2B,semantic_multi,25,7,0.32,0.61,-0.29,0.23,0.41,0.51,0.7,100,100,v3/results_vllm/semantic_multi/Qwen3.5-2B/stage1_sweep_20260509_115616.json
Qwen3.5-2B,semantic_multi,25,10,0.35,0.57,-0.22,0.2698,0.45,0.48,0.67,100,100,v3/results_vllm/semantic_multi/Qwen3.5-2B/stage1_sweep_20260509_115616.json
Qwen3.5-2B,semantic_multi,25,15,0.34,0.34,0.0,0.25,0.43,0.25,0.43,100,100,v3/results_vllm/semantic_multi/Qwen3.5-2B/stage1_sweep_20260509_115616.json
Qwen3.5-2B,semantic_multi,25,20,0.28,0.36,-0.08,0.19,0.37,0.27,0.46,100,100,v3/results_vllm/semantic_multi/Qwen3.5-2B/stage1_sweep_20260509_115616.json
Qwen3.5-2B,semantic_multi,25,30,0.25,0.29,-0.04,0.17,0.34,0.2,0.38,100,100,v3/results_vllm/semantic_multi/Qwen3.5-2B/stage1_sweep_20260509_115616.json
Qwen3.5-2B,semantic_multi,25,50,0.33,0.3,0.03,0.24,0.43,0.21,0.39,100,100,v3/results_vllm/semantic_multi/Qwen3.5-2B/stage1_sweep_20260509_115616.json
Qwen3.5-2B,semantic_multi,30,5,0.38,0.72,-0.34,0.28,0.48,0.63,0.8002,100,100,v3/results_vllm/semantic_multi/Qwen3.5-2B/stage1_sweep_20260509_115616.json
Qwen3.5-2B,semantic_multi,30,7,0.41,0.5,-0.09,0.31,0.51,0.4,0.6,100,100,v3/results_vllm/semantic_multi/Qwen3.5-2B/stage1_sweep_20260509_115616.json
Qwen3.5-2B,semantic_multi,30,10,0.24,0.46,-0.22,0.16,0.33,0.37,0.56,100,100,v3/results_vllm/semantic_multi/Qwen3.5-2B/stage1_sweep_20260509_115616.json
Qwen3.5-2B,semantic_multi,30,15,0.25,0.32,-0.07,0.17,0.33,0.23,0.41,100,100,v3/results_vllm/semantic_multi/Qwen3.5-2B/stage1_sweep_20260509_115616.json
Qwen3.5-2B,semantic_multi,30,20,0.28,0.27,0.01,0.19,0.37,0.19,0.36,100,100,v3/results_vllm/semantic_multi/Qwen3.5-2B/stage1_sweep_20260509_115616.json
Qwen3.5-2B,semantic_multi,30,30,0.3,0.23,0.07,0.21,0.39,0.15,0.31,100,100,v3/results_vllm/semantic_multi/Qwen3.5-2B/stage1_sweep_20260509_115616.json
Qwen3.5-2B,semantic_multi,30,50,0.21,0.06,0.15,0.13,0.29,0.02,0.11,100,100,v3/results_vllm/semantic_multi/Qwen3.5-2B/stage1_sweep_20260509_115616.json
Qwen3.5-4B,arbitrary_single,2,5,1.0,0.87,0.13,1.0,1.0,0.8,0.93,100,100,v3/results_vllm/arbitrary_single/Qwen3.5-4B/stage1_sweep_20260509_120216.json
Qwen3.5-4B,arbitrary_single,2,7,1.0,0.71,0.29,1.0,1.0,0.62,0.8,100,100,v3/results_vllm/arbitrary_single/Qwen3.5-4B/stage1_sweep_20260509_120216.json
Qwen3.5-4B,arbitrary_single,2,10,1.0,0.77,0.23,1.0,1.0,0.68,0.85,100,100,v3/results_vllm/arbitrary_single/Qwen3.5-4B/stage1_sweep_20260509_120216.json
Qwen3.5-4B,arbitrary_single,2,15,1.0,0.82,0.18,1.0,1.0,0.74,0.89,100,100,v3/results_vllm/arbitrary_single/Qwen3.5-4B/stage1_sweep_20260509_120216.json
Qwen3.5-4B,arbitrary_single,2,20,1.0,0.65,0.35,1.0,1.0,0.56,0.74,100,100,v3/results_vllm/arbitrary_single/Qwen3.5-4B/stage1_sweep_20260509_120216.json
Qwen3.5-4B,arbitrary_single,2,30,1.0,0.67,0.33,1.0,1.0,0.57,0.76,100,100,v3/results_vllm/arbitrary_single/Qwen3.5-4B/stage1_sweep_20260509_120216.json
Qwen3.5-4B,arbitrary_single,2,50,0.99,0.74,0.25,0.97,1.0,0.65,0.82,100,100,v3/results_vllm/arbitrary_single/Qwen3.5-4B/stage1_sweep_20260509_120216.json
Qwen3.5-4B,arbitrary_single,2,75,1.0,0.77,0.23,1.0,1.0,0.69,0.85,100,100,v3/results_vllm/arbitrary_single/Qwen3.5-4B/stage1_sweep_20260509_120216.json
Qwen3.5-4B,arbitrary_single,2,100,0.98,0.7,0.28,0.95,1.0,0.61,0.78,100,100,v3/results_vllm/arbitrary_single/Qwen3.5-4B/stage1_sweep_20260509_120216.json
Qwen3.5-4B,arbitrary_single,3,5,1.0,0.88,0.12,1.0,1.0,0.81,0.94,100,100,v3/results_vllm/arbitrary_single/Qwen3.5-4B/stage1_sweep_20260509_120216.json
Qwen3.5-4B,arbitrary_single,3,7,1.0,0.79,0.21,1.0,1.0,0.71,0.87,100,100,v3/results_vllm/arbitrary_single/Qwen3.5-4B/stage1_sweep_20260509_120216.json
Qwen3.5-4B,arbitrary_single,3,10,0.98,0.71,0.27,0.95,1.0,0.62,0.8,100,100,v3/results_vllm/arbitrary_single/Qwen3.5-4B/stage1_sweep_20260509_120216.json
Qwen3.5-4B,arbitrary_single,3,15,0.97,0.67,0.3,0.93,1.0,0.58,0.76,100,100,v3/results_vllm/arbitrary_single/Qwen3.5-4B/stage1_sweep_20260509_120216.json
Qwen3.5-4B,arbitrary_single,3,20,0.96,0.66,0.3,0.92,0.99,0.56,0.75,100,100,v3/results_vllm/arbitrary_single/Qwen3.5-4B/stage1_sweep_20260509_120216.json
Qwen3.5-4B,arbitrary_single,3,30,1.0,0.68,0.32,1.0,1.0,0.59,0.77,100,100,v3/results_vllm/arbitrary_single/Qwen3.5-4B/stage1_sweep_20260509_120216.json
Qwen3.5-4B,arbitrary_single,3,50,0.95,0.68,0.27,0.9,0.99,0.59,0.77,100,100,v3/results_vllm/arbitrary_single/Qwen3.5-4B/stage1_sweep_20260509_120216.json
Qwen3.5-4B,arbitrary_single,3,75,0.92,0.62,0.3,0.86,0.97,0.5198,0.71,100,100,v3/results_vllm/arbitrary_single/Qwen3.5-4B/stage1_sweep_20260509_120216.json
Qwen3.5-4B,arbitrary_single,3,100,0.8,0.64,0.16,0.72,0.87,0.54,0.73,100,100,v3/results_vllm/arbitrary_single/Qwen3.5-4B/stage1_sweep_20260509_120216.json
Qwen3.5-4B,arbitrary_single,5,5,0.97,0.71,0.26,0.93,1.0,0.62,0.79,100,100,v3/results_vllm/arbitrary_single/Qwen3.5-4B/stage1_sweep_20260509_120216.json
Qwen3.5-4B,arbitrary_single,5,7,0.98,0.6,0.38,0.95,1.0,0.51,0.7,100,100,v3/results_vllm/arbitrary_single/Qwen3.5-4B/stage1_sweep_20260509_120216.json
Qwen3.5-4B,arbitrary_single,5,10,0.96,0.62,0.34,0.92,0.99,0.53,0.72,100,100,v3/results_vllm/arbitrary_single/Qwen3.5-4B/stage1_sweep_20260509_120216.json
Qwen3.5-4B,arbitrary_single,5,15,0.9,0.64,0.26,0.84,0.95,0.55,0.74,100,100,v3/results_vllm/arbitrary_single/Qwen3.5-4B/stage1_sweep_20260509_120216.json
Qwen3.5-4B,arbitrary_single,5,20,0.92,0.65,0.27,0.86,0.97,0.55,0.74,100,100,v3/results_vllm/arbitrary_single/Qwen3.5-4B/stage1_sweep_20260509_120216.json
Qwen3.5-4B,arbitrary_single,5,30,0.85,0.55,0.3,0.77,0.92,0.45,0.6402,100,100,v3/results_vllm/arbitrary_single/Qwen3.5-4B/stage1_sweep_20260509_120216.json
Qwen3.5-4B,arbitrary_single,5,50,0.8,0.72,0.08,0.72,0.88,0.64,0.81,100,100,v3/results_vllm/arbitrary_single/Qwen3.5-4B/stage1_sweep_20260509_120216.json
Qwen3.5-4B,arbitrary_single,5,75,0.76,0.61,0.15,0.67,0.84,0.52,0.7,100,100,v3/results_vllm/arbitrary_single/Qwen3.5-4B/stage1_sweep_20260509_120216.json
Qwen3.5-4B,arbitrary_single,5,100,0.61,0.73,-0.12,0.51,0.7,0.64,0.81,100,100,v3/results_vllm/arbitrary_single/Qwen3.5-4B/stage1_sweep_20260509_120216.json
Qwen3.5-4B,arbitrary_single,7,5,0.96,0.69,0.27,0.92,0.99,0.6,0.78,100,100,v3/results_vllm/arbitrary_single/Qwen3.5-4B/stage1_sweep_20260509_120216.json
Qwen3.5-4B,arbitrary_single,7,7,0.92,0.58,0.34,0.86,0.97,0.49,0.68,100,100,v3/results_vllm/arbitrary_single/Qwen3.5-4B/stage1_sweep_20260509_120216.json
Qwen3.5-4B,arbitrary_single,7,10,0.9,0.6,0.3,0.84,0.95,0.5,0.69,100,100,v3/results_vllm/arbitrary_single/Qwen3.5-4B/stage1_sweep_20260509_120216.json
Qwen3.5-4B,arbitrary_single,7,15,0.83,0.62,0.21,0.75,0.9,0.52,0.72,100,100,v3/results_vllm/arbitrary_single/Qwen3.5-4B/stage1_sweep_20260509_120216.json
Qwen3.5-4B,arbitrary_single,7,20,0.82,0.49,0.33,0.74,0.89,0.39,0.59,100,100,v3/results_vllm/arbitrary_single/Qwen3.5-4B/stage1_sweep_20260509_120216.json
Qwen3.5-4B,arbitrary_single,7,30,0.71,0.51,0.2,0.62,0.8,0.42,0.61,100,100,v3/results_vllm/arbitrary_single/Qwen3.5-4B/stage1_sweep_20260509_120216.json
Qwen3.5-4B,arbitrary_single,7,50,0.59,0.54,0.05,0.49,0.69,0.44,0.64,100,100,v3/results_vllm/arbitrary_single/Qwen3.5-4B/stage1_sweep_20260509_120216.json
Qwen3.5-4B,arbitrary_single,7,75,0.53,0.62,-0.09,0.43,0.63,0.53,0.71,100,100,v3/results_vllm/arbitrary_single/Qwen3.5-4B/stage1_sweep_20260509_120216.json
Qwen3.5-4B,arbitrary_single,7,100,0.56,0.61,-0.05,0.46,0.65,0.51,0.7,100,100,v3/results_vllm/arbitrary_single/Qwen3.5-4B/stage1_sweep_20260509_120216.json
Qwen3.5-4B,arbitrary_single,10,5,0.95,0.7,0.25,0.91,0.99,0.61,0.78,100,100,v3/results_vllm/arbitrary_single/Qwen3.5-4B/stage1_sweep_20260509_120216.json
Qwen3.5-4B,arbitrary_single,10,7,0.83,0.62,0.21,0.75,0.9,0.52,0.71,100,100,v3/results_vllm/arbitrary_single/Qwen3.5-4B/stage1_sweep_20260509_120216.json
Qwen3.5-4B,arbitrary_single,10,10,0.83,0.51,0.32,0.75,0.9,0.41,0.61,100,100,v3/results_vllm/arbitrary_single/Qwen3.5-4B/stage1_sweep_20260509_120216.json
Qwen3.5-4B,arbitrary_single,10,15,0.73,0.57,0.16,0.65,0.81,0.4798,0.67,100,100,v3/results_vllm/arbitrary_single/Qwen3.5-4B/stage1_sweep_20260509_120216.json
Qwen3.5-4B,arbitrary_single,10,20,0.64,0.48,0.16,0.54,0.73,0.38,0.58,100,100,v3/results_vllm/arbitrary_single/Qwen3.5-4B/stage1_sweep_20260509_120216.json
Qwen3.5-4B,arbitrary_single,10,30,0.54,0.65,-0.11,0.44,0.63,0.56,0.74,100,100,v3/results_vllm/arbitrary_single/Qwen3.5-4B/stage1_sweep_20260509_120216.json
Qwen3.5-4B,arbitrary_single,10,50,0.43,0.65,-0.22,0.34,0.53,0.55,0.74,100,100,v3/results_vllm/arbitrary_single/Qwen3.5-4B/stage1_sweep_20260509_120216.json
Qwen3.5-4B,arbitrary_single,10,75,0.39,0.54,-0.15,0.3,0.49,0.4498,0.63,100,100,v3/results_vllm/arbitrary_single/Qwen3.5-4B/stage1_sweep_20260509_120216.json
Qwen3.5-4B,arbitrary_single,10,100,0.41,0.6,-0.19,0.31,0.51,0.5,0.69,100,100,v3/results_vllm/arbitrary_single/Qwen3.5-4B/stage1_sweep_20260509_120216.json
Qwen3.5-4B,arbitrary_single,15,5,0.86,0.61,0.25,0.79,0.92,0.51,0.7,100,100,v3/results_vllm/arbitrary_single/Qwen3.5-4B/stage1_sweep_20260509_120216.json
Qwen3.5-4B,arbitrary_single,15,7,0.81,0.43,0.38,0.73,0.89,0.33,0.53,100,100,v3/results_vllm/arbitrary_single/Qwen3.5-4B/stage1_sweep_20260509_120216.json
Qwen3.5-4B,arbitrary_single,15,10,0.77,0.43,0.34,0.6898,0.85,0.34,0.53,100,100,v3/results_vllm/arbitrary_single/Qwen3.5-4B/stage1_sweep_20260509_120216.json
Qwen3.5-4B,arbitrary_single,15,15,0.61,0.45,0.16,0.52,0.71,0.35,0.55,100,100,v3/results_vllm/arbitrary_single/Qwen3.5-4B/stage1_sweep_20260509_120216.json
Qwen3.5-4B,arbitrary_single,15,20,0.51,0.51,0.0,0.41,0.61,0.42,0.61,100,100,v3/results_vllm/arbitrary_single/Qwen3.5-4B/stage1_sweep_20260509_120216.json
Qwen3.5-4B,semantic_multi,2,5,1.0,0.98,0.02,1.0,1.0,0.95,1.0,100,100,v3/results_vllm/semantic_multi/Qwen3.5-4B/stage1_sweep_20260509_123259.json
Qwen3.5-4B,semantic_multi,2,7,0.99,0.84,0.15,0.9698,1.0,0.77,0.91,100,100,v3/results_vllm/semantic_multi/Qwen3.5-4B/stage1_sweep_20260509_123259.json
Qwen3.5-4B,semantic_multi,2,10,1.0,0.83,0.17,1.0,1.0,0.75,0.9,100,100,v3/results_vllm/semantic_multi/Qwen3.5-4B/stage1_sweep_20260509_123259.json
Qwen3.5-4B,semantic_multi,2,15,1.0,0.8,0.2,1.0,1.0,0.72,0.88,100,100,v3/results_vllm/semantic_multi/Qwen3.5-4B/stage1_sweep_20260509_123259.json
Qwen3.5-4B,semantic_multi,2,20,0.99,0.78,0.21,0.97,1.0,0.69,0.8502,100,100,v3/results_vllm/semantic_multi/Qwen3.5-4B/stage1_sweep_20260509_123259.json
Qwen3.5-4B,semantic_multi,2,30,1.0,0.69,0.31,1.0,1.0,0.6,0.78,100,100,v3/results_vllm/semantic_multi/Qwen3.5-4B/stage1_sweep_20260509_123259.json
Qwen3.5-4B,semantic_multi,2,50,0.99,0.69,0.3,0.97,1.0,0.6,0.78,100,100,v3/results_vllm/semantic_multi/Qwen3.5-4B/stage1_sweep_20260509_123259.json
Qwen3.5-4B,semantic_multi,3,5,0.99,0.95,0.04,0.97,1.0,0.9,0.99,100,100,v3/results_vllm/semantic_multi/Qwen3.5-4B/stage1_sweep_20260509_123259.json
Qwen3.5-4B,semantic_multi,3,7,1.0,0.81,0.19,1.0,1.0,0.73,0.89,100,100,v3/results_vllm/semantic_multi/Qwen3.5-4B/stage1_sweep_20260509_123259.json
Qwen3.5-4B,semantic_multi,3,10,0.98,0.69,0.29,0.95,1.0,0.59,0.78,100,100,v3/results_vllm/semantic_multi/Qwen3.5-4B/stage1_sweep_20260509_123259.json
Qwen3.5-4B,semantic_multi,3,15,1.0,0.71,0.29,1.0,1.0,0.61,0.79,100,100,v3/results_vllm/semantic_multi/Qwen3.5-4B/stage1_sweep_20260509_123259.json
Qwen3.5-4B,semantic_multi,3,20,0.97,0.74,0.23,0.93,1.0,0.65,0.82,100,100,v3/results_vllm/semantic_multi/Qwen3.5-4B/stage1_sweep_20260509_123259.json
Qwen3.5-4B,semantic_multi,3,30,0.94,0.6,0.34,0.89,0.98,0.5,0.7,100,100,v3/results_vllm/semantic_multi/Qwen3.5-4B/stage1_sweep_20260509_123259.json
Qwen3.5-4B,semantic_multi,3,50,0.94,0.67,0.27,0.89,0.98,0.58,0.76,100,100,v3/results_vllm/semantic_multi/Qwen3.5-4B/stage1_sweep_20260509_123259.json
Qwen3.5-4B,semantic_multi,5,5,1.0,0.83,0.17,1.0,1.0,0.76,0.9,100,100,v3/results_vllm/semantic_multi/Qwen3.5-4B/stage1_sweep_20260509_123259.json
Qwen3.5-4B,semantic_multi,5,7,0.99,0.78,0.21,0.97,1.0,0.7,0.85,100,100,v3/results_vllm/semantic_multi/Qwen3.5-4B/stage1_sweep_20260509_123259.json
Qwen3.5-4B,semantic_multi,5,10,0.99,0.65,0.34,0.97,1.0,0.56,0.74,100,100,v3/results_vllm/semantic_multi/Qwen3.5-4B/stage1_sweep_20260509_123259.json
Qwen3.5-4B,semantic_multi,5,15,0.95,0.76,0.19,0.91,0.99,0.67,0.84,100,100,v3/results_vllm/semantic_multi/Qwen3.5-4B/stage1_sweep_20260509_123259.json
Qwen3.5-4B,semantic_multi,5,20,0.9,0.7,0.2,0.84,0.96,0.61,0.79,100,100,v3/results_vllm/semantic_multi/Qwen3.5-4B/stage1_sweep_20260509_123259.json
Qwen3.5-4B,semantic_multi,5,30,0.86,0.64,0.22,0.79,0.92,0.54,0.74,100,100,v3/results_vllm/semantic_multi/Qwen3.5-4B/stage1_sweep_20260509_123259.json
Qwen3.5-4B,semantic_multi,5,50,0.64,0.64,0.0,0.55,0.74,0.55,0.74,100,100,v3/results_vllm/semantic_multi/Qwen3.5-4B/stage1_sweep_20260509_123259.json
Qwen3.5-4B,semantic_multi,7,5,1.0,0.78,0.22,1.0,1.0,0.7,0.86,100,100,v3/results_vllm/semantic_multi/Qwen3.5-4B/stage1_sweep_20260509_123259.json
Qwen3.5-4B,semantic_multi,7,7,0.98,0.65,0.33,0.95,1.0,0.56,0.74,100,100,v3/results_vllm/semantic_multi/Qwen3.5-4B/stage1_sweep_20260509_123259.json
Qwen3.5-4B,semantic_multi,7,10,0.92,0.66,0.26,0.86,0.97,0.56,0.75,100,100,v3/results_vllm/semantic_multi/Qwen3.5-4B/stage1_sweep_20260509_123259.json
Qwen3.5-4B,semantic_multi,7,15,0.81,0.61,0.2,0.73,0.88,0.51,0.71,100,100,v3/results_vllm/semantic_multi/Qwen3.5-4B/stage1_sweep_20260509_123259.json
Qwen3.5-4B,semantic_multi,7,20,0.84,0.61,0.23,0.77,0.91,0.52,0.7,100,100,v3/results_vllm/semantic_multi/Qwen3.5-4B/stage1_sweep_20260509_123259.json
Qwen3.5-4B,semantic_multi,7,30,0.68,0.56,0.12,0.58,0.77,0.46,0.66,100,100,v3/results_vllm/semantic_multi/Qwen3.5-4B/stage1_sweep_20260509_123259.json
Qwen3.5-4B,semantic_multi,7,50,0.71,0.63,0.08,0.62,0.8,0.53,0.73,100,100,v3/results_vllm/semantic_multi/Qwen3.5-4B/stage1_sweep_20260509_123259.json
Qwen3.5-4B,semantic_multi,10,5,0.99,0.73,0.26,0.97,1.0,0.64,0.82,100,100,v3/results_vllm/semantic_multi/Qwen3.5-4B/stage1_sweep_20260509_123259.json
Qwen3.5-4B,semantic_multi,10,7,0.93,0.63,0.3,0.88,0.97,0.53,0.72,100,100,v3/results_vllm/semantic_multi/Qwen3.5-4B/stage1_sweep_20260509_123259.json
Qwen3.5-4B,semantic_multi,10,10,0.79,0.63,0.16,0.71,0.87,0.53,0.73,100,100,v3/results_vllm/semantic_multi/Qwen3.5-4B/stage1_sweep_20260509_123259.json
Qwen3.5-4B,semantic_multi,10,15,0.78,0.54,0.24,0.7,0.86,0.44,0.63,100,100,v3/results_vllm/semantic_multi/Qwen3.5-4B/stage1_sweep_20260509_123259.json
Qwen3.5-4B,semantic_multi,10,20,0.73,0.57,0.16,0.64,0.82,0.47,0.67,100,100,v3/results_vllm/semantic_multi/Qwen3.5-4B/stage1_sweep_20260509_123259.json
Qwen3.5-4B,semantic_multi,10,30,0.62,0.52,0.1,0.52,0.72,0.4298,0.61,100,100,v3/results_vllm/semantic_multi/Qwen3.5-4B/stage1_sweep_20260509_123259.json
Qwen3.5-4B,semantic_multi,10,50,0.53,0.6,-0.07,0.43,0.63,0.5098,0.7,100,100,v3/results_vllm/semantic_multi/Qwen3.5-4B/stage1_sweep_20260509_123259.json
Qwen3.5-4B,semantic_multi,15,5,0.95,0.73,0.22,0.9,0.99,0.64,0.81,100,100,v3/results_vllm/semantic_multi/Qwen3.5-4B/stage1_sweep_20260509_123259.json
Qwen3.5-4B,semantic_multi,15,7,0.79,0.56,0.23,0.71,0.87,0.46,0.66,100,100,v3/results_vllm/semantic_multi/Qwen3.5-4B/stage1_sweep_20260509_123259.json
Qwen3.5-4B,semantic_multi,15,10,0.76,0.64,0.12,0.67,0.84,0.55,0.73,100,100,v3/results_vllm/semantic_multi/Qwen3.5-4B/stage1_sweep_20260509_123259.json
Qwen3.5-4B,semantic_multi,15,15,0.65,0.51,0.14,0.56,0.74,0.41,0.61,100,100,v3/results_vllm/semantic_multi/Qwen3.5-4B/stage1_sweep_20260509_123259.json
Qwen3.5-4B,semantic_multi,15,20,0.58,0.6,-0.02,0.48,0.68,0.5,0.7,100,100,v3/results_vllm/semantic_multi/Qwen3.5-4B/stage1_sweep_20260509_123259.json
Qwen3.5-4B,semantic_multi,15,30,0.4,0.52,-0.12,0.3,0.5,0.42,0.62,100,100,v3/results_vllm/semantic_multi/Qwen3.5-4B/stage1_sweep_20260509_123259.json
Qwen3.5-4B,semantic_multi,15,50,0.27,0.48,-0.21,0.19,0.35,0.38,0.58,100,100,v3/results_vllm/semantic_multi/Qwen3.5-4B/stage1_sweep_20260509_123259.json
Qwen3.5-4B,semantic_multi,20,5,0.87,0.77,0.1,0.8,0.93,0.68,0.85,100,100,v3/results_vllm/semantic_multi/Qwen3.5-4B/stage1_sweep_20260509_123259.json
Qwen3.5-4B,semantic_multi,20,7,0.8,0.58,0.22,0.72,0.87,0.49,0.68,100,100,v3/results_vllm/semantic_multi/Qwen3.5-4B/stage1_sweep_20260509_123259.json
Qwen3.5-4B,semantic_multi,20,10,0.72,0.53,0.19,0.63,0.81,0.43,0.6202,100,100,v3/results_vllm/semantic_multi/Qwen3.5-4B/stage1_sweep_20260509_123259.json
Qwen3.5-4B,semantic_multi,20,15,0.56,0.5,0.06,0.46,0.66,0.4,0.6,100,100,v3/results_vllm/semantic_multi/Qwen3.5-4B/stage1_sweep_20260509_123259.json
Qwen3.5-4B,semantic_multi,20,20,0.41,0.5,-0.09,0.32,0.5,0.4,0.6,100,100,v3/results_vllm/semantic_multi/Qwen3.5-4B/stage1_sweep_20260509_123259.json
Qwen3.5-4B,semantic_multi,20,30,0.33,0.5,-0.17,0.24,0.42,0.4,0.5902,100,100,v3/results_vllm/semantic_multi/Qwen3.5-4B/stage1_sweep_20260509_123259.json
Qwen3.5-4B,semantic_multi,20,50,0.24,0.41,-0.17,0.16,0.33,0.31,0.5,100,100,v3/results_vllm/semantic_multi/Qwen3.5-4B/stage1_sweep_20260509_123259.json
Qwen3.5-4B,semantic_multi,25,5,0.88,0.58,0.3,0.82,0.94,0.49,0.67,100,100,v3/results_vllm/semantic_multi/Qwen3.5-4B/stage1_sweep_20260509_123259.json
Qwen3.5-4B,semantic_multi,25,7,0.67,0.47,0.2,0.58,0.76,0.37,0.57,100,100,v3/results_vllm/semantic_multi/Qwen3.5-4B/stage1_sweep_20260509_123259.json
Qwen3.5-4B,semantic_multi,25,10,0.66,0.48,0.18,0.56,0.75,0.38,0.58,100,100,v3/results_vllm/semantic_multi/Qwen3.5-4B/stage1_sweep_20260509_123259.json
Qwen3.5-4B,semantic_multi,25,15,0.45,0.44,0.01,0.36,0.55,0.34,0.53,100,100,v3/results_vllm/semantic_multi/Qwen3.5-4B/stage1_sweep_20260509_123259.json
Qwen3.5-4B,semantic_multi,25,20,0.45,0.5,-0.05,0.36,0.54,0.4,0.6,100,100,v3/results_vllm/semantic_multi/Qwen3.5-4B/stage1_sweep_20260509_123259.json
Qwen3.5-4B,semantic_multi,25,30,0.28,0.38,-0.1,0.19,0.3702,0.28,0.48,100,100,v3/results_vllm/semantic_multi/Qwen3.5-4B/stage1_sweep_20260509_123259.json
Qwen3.5-4B,semantic_multi,25,50,0.29,0.38,-0.09,0.2,0.38,0.28,0.47,100,100,v3/results_vllm/semantic_multi/Qwen3.5-4B/stage1_sweep_20260509_123259.json
Qwen3.5-4B,semantic_multi,30,5,0.8,0.7,0.1,0.72,0.88,0.6,0.79,100,100,v3/results_vllm/semantic_multi/Qwen3.5-4B/stage1_sweep_20260509_123259.json
Qwen3.5-4B,semantic_multi,30,7,0.75,0.46,0.29,0.66,0.83,0.36,0.56,100,100,v3/results_vllm/semantic_multi/Qwen3.5-4B/stage1_sweep_20260509_123259.json
Qwen3.5-4B,semantic_multi,30,10,0.57,0.42,0.15,0.47,0.66,0.32,0.51,100,100,v3/results_vllm/semantic_multi/Qwen3.5-4B/stage1_sweep_20260509_123259.json
Qwen3.5-4B,semantic_multi,30,15,0.37,0.45,-0.08,0.2798,0.47,0.35,0.55,100,100,v3/results_vllm/semantic_multi/Qwen3.5-4B/stage1_sweep_20260509_123259.json
Qwen3.5-4B,semantic_multi,30,20,0.23,0.48,-0.25,0.15,0.32,0.39,0.58,100,100,v3/results_vllm/semantic_multi/Qwen3.5-4B/stage1_sweep_20260509_123259.json
Qwen3.5-4B,semantic_multi,30,30,0.23,0.42,-0.19,0.15,0.32,0.32,0.52,100,100,v3/results_vllm/semantic_multi/Qwen3.5-4B/stage1_sweep_20260509_123259.json
Qwen3.5-4B,semantic_multi,30,50,0.26,0.3,-0.04,0.18,0.35,0.21,0.4,100,100,v3/results_vllm/semantic_multi/Qwen3.5-4B/stage1_sweep_20260509_123259.json
Qwen3.5-9B,arbitrary_single,2,5,1.0,0.92,0.08,1.0,1.0,0.86,0.97,100,100,v3/results_vllm/arbitrary_single/Qwen3.5-9B/stage1_sweep_20260509_100749.json
Qwen3.5-9B,arbitrary_single,2,7,1.0,0.79,0.21,1.0,1.0,0.71,0.87,100,100,v3/results_vllm/arbitrary_single/Qwen3.5-9B/stage1_sweep_20260509_100749.json
Qwen3.5-9B,arbitrary_single,2,10,1.0,0.81,0.19,1.0,1.0,0.73,0.88,100,100,v3/results_vllm/arbitrary_single/Qwen3.5-9B/stage1_sweep_20260509_100749.json
Qwen3.5-9B,arbitrary_single,2,15,1.0,0.84,0.16,1.0,1.0,0.77,0.91,100,100,v3/results_vllm/arbitrary_single/Qwen3.5-9B/stage1_sweep_20260509_100749.json
Qwen3.5-9B,arbitrary_single,2,20,1.0,0.86,0.14,1.0,1.0,0.78,0.92,100,100,v3/results_vllm/arbitrary_single/Qwen3.5-9B/stage1_sweep_20260509_100749.json
Qwen3.5-9B,arbitrary_single,2,30,1.0,0.82,0.18,1.0,1.0,0.74,0.89,100,100,v3/results_vllm/arbitrary_single/Qwen3.5-9B/stage1_sweep_20260509_100749.json
Qwen3.5-9B,arbitrary_single,2,50,1.0,0.87,0.13,1.0,1.0,0.8,0.93,100,100,v3/results_vllm/arbitrary_single/Qwen3.5-9B/stage1_sweep_20260509_100749.json
Qwen3.5-9B,arbitrary_single,2,75,1.0,0.85,0.15,1.0,1.0,0.78,0.92,100,100,v3/results_vllm/arbitrary_single/Qwen3.5-9B/stage1_sweep_20260509_100749.json
Qwen3.5-9B,arbitrary_single,2,100,1.0,0.81,0.19,1.0,1.0,0.73,0.88,100,100,v3/results_vllm/arbitrary_single/Qwen3.5-9B/stage1_sweep_20260509_100749.json
Qwen3.5-9B,arbitrary_single,3,5,1.0,0.92,0.08,1.0,1.0,0.86,0.97,100,100,v3/results_vllm/arbitrary_single/Qwen3.5-9B/stage1_sweep_20260509_100749.json
Qwen3.5-9B,arbitrary_single,3,7,1.0,0.92,0.08,1.0,1.0,0.86,0.97,100,100,v3/results_vllm/arbitrary_single/Qwen3.5-9B/stage1_sweep_20260509_100749.json
Qwen3.5-9B,arbitrary_single,3,10,0.99,0.8,0.19,0.97,1.0,0.71,0.87,100,100,v3/results_vllm/arbitrary_single/Qwen3.5-9B/stage1_sweep_20260509_100749.json
Qwen3.5-9B,arbitrary_single,3,15,1.0,0.79,0.21,1.0,1.0,0.7098,0.87,100,100,v3/results_vllm/arbitrary_single/Qwen3.5-9B/stage1_sweep_20260509_100749.json
Qwen3.5-9B,arbitrary_single,3,20,1.0,0.83,0.17,1.0,1.0,0.76,0.9,100,100,v3/results_vllm/arbitrary_single/Qwen3.5-9B/stage1_sweep_20260509_100749.json
Qwen3.5-9B,arbitrary_single,3,30,0.99,0.76,0.23,0.97,1.0,0.67,0.84,100,100,v3/results_vllm/arbitrary_single/Qwen3.5-9B/stage1_sweep_20260509_100749.json
Qwen3.5-9B,arbitrary_single,3,50,0.97,0.72,0.25,0.93,1.0,0.63,0.8002,100,100,v3/results_vllm/arbitrary_single/Qwen3.5-9B/stage1_sweep_20260509_100749.json
Qwen3.5-9B,arbitrary_single,3,75,0.97,0.78,0.19,0.93,1.0,0.69,0.86,100,100,v3/results_vllm/arbitrary_single/Qwen3.5-9B/stage1_sweep_20260509_100749.json
Qwen3.5-9B,arbitrary_single,3,100,0.95,0.76,0.19,0.9,0.99,0.67,0.84,100,100,v3/results_vllm/arbitrary_single/Qwen3.5-9B/stage1_sweep_20260509_100749.json
Qwen3.5-9B,arbitrary_single,5,5,1.0,0.79,0.21,1.0,1.0,0.71,0.87,100,100,v3/results_vllm/arbitrary_single/Qwen3.5-9B/stage1_sweep_20260509_100749.json
Qwen3.5-9B,arbitrary_single,5,7,0.99,0.72,0.27,0.97,1.0,0.63,0.8002,100,100,v3/results_vllm/arbitrary_single/Qwen3.5-9B/stage1_sweep_20260509_100749.json
Qwen3.5-9B,arbitrary_single,5,10,0.94,0.65,0.29,0.89,0.98,0.55,0.74,100,100,v3/results_vllm/arbitrary_single/Qwen3.5-9B/stage1_sweep_20260509_100749.json
Qwen3.5-9B,arbitrary_single,5,15,0.97,0.71,0.26,0.93,1.0,0.62,0.8,100,100,v3/results_vllm/arbitrary_single/Qwen3.5-9B/stage1_sweep_20260509_100749.json
Qwen3.5-9B,arbitrary_single,5,20,0.97,0.75,0.22,0.93,1.0,0.66,0.83,100,100,v3/results_vllm/arbitrary_single/Qwen3.5-9B/stage1_sweep_20260509_100749.json
Qwen3.5-9B,arbitrary_single,5,30,0.92,0.71,0.21,0.86,0.97,0.62,0.79,100,100,v3/results_vllm/arbitrary_single/Qwen3.5-9B/stage1_sweep_20260509_100749.json
Qwen3.5-9B,arbitrary_single,5,50,0.93,0.65,0.28,0.88,0.97,0.55,0.74,100,100,v3/results_vllm/arbitrary_single/Qwen3.5-9B/stage1_sweep_20260509_100749.json
Qwen3.5-9B,arbitrary_single,5,75,0.86,0.68,0.18,0.79,0.92,0.59,0.77,100,100,v3/results_vllm/arbitrary_single/Qwen3.5-9B/stage1_sweep_20260509_100749.json
Qwen3.5-9B,arbitrary_single,5,100,0.85,0.63,0.22,0.78,0.92,0.54,0.7202,100,100,v3/results_vllm/arbitrary_single/Qwen3.5-9B/stage1_sweep_20260509_100749.json
Qwen3.5-9B,arbitrary_single,7,5,0.97,0.78,0.19,0.93,1.0,0.7,0.86,100,100,v3/results_vllm/arbitrary_single/Qwen3.5-9B/stage1_sweep_20260509_100749.json
Qwen3.5-9B,arbitrary_single,7,7,0.98,0.65,0.33,0.95,1.0,0.56,0.74,100,100,v3/results_vllm/arbitrary_single/Qwen3.5-9B/stage1_sweep_20260509_100749.json
Qwen3.5-9B,arbitrary_single,7,10,0.9,0.65,0.25,0.84,0.95,0.56,0.74,100,100,v3/results_vllm/arbitrary_single/Qwen3.5-9B/stage1_sweep_20260509_100749.json
Qwen3.5-9B,arbitrary_single,7,15,0.89,0.74,0.15,0.8298,0.95,0.65,0.82,100,100,v3/results_vllm/arbitrary_single/Qwen3.5-9B/stage1_sweep_20260509_100749.json
Qwen3.5-9B,arbitrary_single,7,20,0.9,0.64,0.26,0.84,0.95,0.55,0.73,100,100,v3/results_vllm/arbitrary_single/Qwen3.5-9B/stage1_sweep_20260509_100749.json
Qwen3.5-9B,arbitrary_single,7,30,0.93,0.66,0.27,0.87,0.98,0.57,0.75,100,100,v3/results_vllm/arbitrary_single/Qwen3.5-9B/stage1_sweep_20260509_100749.json
Qwen3.5-9B,arbitrary_single,7,50,0.89,0.61,0.28,0.82,0.95,0.51,0.7002,100,100,v3/results_vllm/arbitrary_single/Qwen3.5-9B/stage1_sweep_20260509_100749.json
Qwen3.5-9B,arbitrary_single,7,75,0.82,0.54,0.28,0.74,0.89,0.44,0.64,100,100,v3/results_vllm/arbitrary_single/Qwen3.5-9B/stage1_sweep_20260509_100749.json
Qwen3.5-9B,arbitrary_single,7,100,0.81,0.57,0.24,0.73,0.88,0.47,0.6602,100,100,v3/results_vllm/arbitrary_single/Qwen3.5-9B/stage1_sweep_20260509_100749.json
Qwen3.5-9B,arbitrary_single,10,5,0.93,0.67,0.26,0.88,0.9702,0.58,0.76,100,100,v3/results_vllm/arbitrary_single/Qwen3.5-9B/stage1_sweep_20260509_100749.json
Qwen3.5-9B,arbitrary_single,10,7,0.91,0.7,0.21,0.85,0.96,0.61,0.79,100,100,v3/results_vllm/arbitrary_single/Qwen3.5-9B/stage1_sweep_20260509_100749.json
Qwen3.5-9B,arbitrary_single,10,10,0.85,0.65,0.2,0.77,0.92,0.56,0.74,100,100,v3/results_vllm/arbitrary_single/Qwen3.5-9B/stage1_sweep_20260509_100749.json
Qwen3.5-9B,arbitrary_single,10,15,0.81,0.6,0.21,0.73,0.88,0.5,0.6902,100,100,v3/results_vllm/arbitrary_single/Qwen3.5-9B/stage1_sweep_20260509_100749.json
Qwen3.5-9B,arbitrary_single,10,20,0.86,0.67,0.19,0.79,0.92,0.57,0.76,100,100,v3/results_vllm/arbitrary_single/Qwen3.5-9B/stage1_sweep_20260509_100749.json
Qwen3.5-9B,arbitrary_single,10,30,0.87,0.59,0.28,0.8,0.93,0.49,0.68,100,100,v3/results_vllm/arbitrary_single/Qwen3.5-9B/stage1_sweep_20260509_100749.json
Qwen3.5-9B,arbitrary_single,10,50,0.84,0.64,0.2,0.76,0.91,0.55,0.73,100,100,v3/results_vllm/arbitrary_single/Qwen3.5-9B/stage1_sweep_20260509_100749.json
Qwen3.5-9B,arbitrary_single,10,75,0.71,0.66,0.05,0.62,0.79,0.56,0.75,100,100,v3/results_vllm/arbitrary_single/Qwen3.5-9B/stage1_sweep_20260509_100749.json
Qwen3.5-9B,arbitrary_single,10,100,0.72,0.47,0.25,0.63,0.8,0.38,0.57,100,100,v3/results_vllm/arbitrary_single/Qwen3.5-9B/stage1_sweep_20260509_100749.json
Qwen3.5-9B,arbitrary_single,15,5,0.86,0.73,0.13,0.79,0.92,0.64,0.82,100,100,v3/results_vllm/arbitrary_single/Qwen3.5-9B/stage1_sweep_20260509_100749.json
Qwen3.5-9B,arbitrary_single,15,7,0.84,0.63,0.21,0.77,0.91,0.53,0.73,100,100,v3/results_vllm/arbitrary_single/Qwen3.5-9B/stage1_sweep_20260509_100749.json
Qwen3.5-9B,arbitrary_single,15,10,0.79,0.6,0.19,0.71,0.87,0.5,0.7,100,100,v3/results_vllm/arbitrary_single/Qwen3.5-9B/stage1_sweep_20260509_100749.json
Qwen3.5-9B,arbitrary_single,15,15,0.73,0.65,0.08,0.64,0.81,0.56,0.74,100,100,v3/results_vllm/arbitrary_single/Qwen3.5-9B/stage1_sweep_20260509_100749.json
Qwen3.5-9B,arbitrary_single,15,20,0.78,0.54,0.24,0.7,0.86,0.44,0.64,100,100,v3/results_vllm/arbitrary_single/Qwen3.5-9B/stage1_sweep_20260509_100749.json
Qwen3.5-9B,arbitrary_single,15,30,0.8,0.45,0.35,0.72,0.88,0.35,0.5402,100,100,v3/results_vllm/arbitrary_single/Qwen3.5-9B/stage1_sweep_20260509_100749.json
Qwen3.5-9B,arbitrary_single,15,50,0.78,0.48,0.3,0.7,0.86,0.39,0.57,100,100,v3/results_vllm/arbitrary_single/Qwen3.5-9B/stage1_sweep_20260509_100749.json
Qwen3.5-9B,arbitrary_single,15,75,0.8,0.4,0.4,0.72,0.87,0.31,0.49,100,100,v3/results_vllm/arbitrary_single/Qwen3.5-9B/stage1_sweep_20260509_100749.json
Qwen3.5-9B,arbitrary_single,15,100,0.72,0.43,0.29,0.6298,0.81,0.33,0.53,100,100,v3/results_vllm/arbitrary_single/Qwen3.5-9B/stage1_sweep_20260509_100749.json
Qwen3.5-9B,arbitrary_single,20,5,0.8,0.58,0.22,0.72,0.87,0.48,0.68,100,100,v3/results_vllm/arbitrary_single/Qwen3.5-9B/stage1_sweep_20260509_100749.json
Qwen3.5-9B,arbitrary_single,20,7,0.71,0.52,0.19,0.62,0.8,0.42,0.61,100,100,v3/results_vllm/arbitrary_single/Qwen3.5-9B/stage1_sweep_20260509_100749.json
Qwen3.5-9B,arbitrary_single,20,10,0.8,0.56,0.24,0.72,0.88,0.47,0.66,100,100,v3/results_vllm/arbitrary_single/Qwen3.5-9B/stage1_sweep_20260509_100749.json
Qwen3.5-9B,arbitrary_single,20,15,0.75,0.58,0.17,0.66,0.83,0.48,0.67,100,100,v3/results_vllm/arbitrary_single/Qwen3.5-9B/stage1_sweep_20260509_100749.json
Qwen3.5-9B,arbitrary_single,20,20,0.77,0.57,0.2,0.69,0.85,0.47,0.66,100,100,v3/results_vllm/arbitrary_single/Qwen3.5-9B/stage1_sweep_20260509_100749.json
Qwen3.5-9B,arbitrary_single,20,30,0.76,0.52,0.24,0.67,0.84,0.43,0.62,100,100,v3/results_vllm/arbitrary_single/Qwen3.5-9B/stage1_sweep_20260509_100749.json
Qwen3.5-9B,arbitrary_single,20,50,0.74,0.5,0.24,0.65,0.82,0.4,0.6,100,100,v3/results_vllm/arbitrary_single/Qwen3.5-9B/stage1_sweep_20260509_100749.json
Qwen3.5-9B,arbitrary_single,20,75,0.77,0.45,0.32,0.68,0.85,0.35,0.55,100,100,v3/results_vllm/arbitrary_single/Qwen3.5-9B/stage1_sweep_20260509_100749.json
Qwen3.5-9B,arbitrary_single,20,100,0.68,0.38,0.3,0.59,0.77,0.29,0.47,100,100,v3/results_vllm/arbitrary_single/Qwen3.5-9B/stage1_sweep_20260509_100749.json
Qwen3.5-9B,arbitrary_single,25,5,0.69,0.53,0.16,0.59,0.78,0.43,0.63,100,100,v3/results_vllm/arbitrary_single/Qwen3.5-9B/stage1_sweep_20260509_100749.json
Qwen3.5-9B,arbitrary_single,25,7,0.75,0.58,0.17,0.66,0.83,0.48,0.67,100,100,v3/results_vllm/arbitrary_single/Qwen3.5-9B/stage1_sweep_20260509_100749.json
Qwen3.5-9B,arbitrary_single,25,10,0.73,0.55,0.18,0.65,0.82,0.4598,0.64,100,100,v3/results_vllm/arbitrary_single/Qwen3.5-9B/stage1_sweep_20260509_100749.json
Qwen3.5-9B,arbitrary_single,25,15,0.76,0.54,0.22,0.67,0.84,0.44,0.63,100,100,v3/results_vllm/arbitrary_single/Qwen3.5-9B/stage1_sweep_20260509_100749.json
Qwen3.5-9B,arbitrary_single,25,20,0.69,0.55,0.14,0.6,0.78,0.45,0.64,100,100,v3/results_vllm/arbitrary_single/Qwen3.5-9B/stage1_sweep_20260509_100749.json
Qwen3.5-9B,arbitrary_single,25,30,0.72,0.45,0.27,0.63,0.8,0.36,0.55,100,100,v3/results_vllm/arbitrary_single/Qwen3.5-9B/stage1_sweep_20260509_100749.json
Qwen3.5-9B,arbitrary_single,25,50,0.74,0.39,0.35,0.65,0.83,0.29,0.49,100,100,v3/results_vllm/arbitrary_single/Qwen3.5-9B/stage1_sweep_20260509_100749.json
Qwen3.5-9B,arbitrary_single,25,75,0.71,0.51,0.2,0.61,0.8,0.41,0.6002,100,100,v3/results_vllm/arbitrary_single/Qwen3.5-9B/stage1_sweep_20260509_100749.json
Qwen3.5-9B,arbitrary_single,30,5,0.75,0.54,0.21,0.66,0.83,0.44,0.63,100,100,v3/results_vllm/arbitrary_single/Qwen3.5-9B/stage1_sweep_20260509_100749.json
Qwen3.5-9B,arbitrary_single,30,7,0.74,0.54,0.2,0.65,0.82,0.44,0.64,100,100,v3/results_vllm/arbitrary_single/Qwen3.5-9B/stage1_sweep_20260509_100749.json
Qwen3.5-9B,arbitrary_single,30,10,0.75,0.57,0.18,0.66,0.83,0.47,0.67,100,100,v3/results_vllm/arbitrary_single/Qwen3.5-9B/stage1_sweep_20260509_100749.json
Qwen3.5-9B,arbitrary_single,30,15,0.72,0.52,0.2,0.63,0.81,0.42,0.62,100,100,v3/results_vllm/arbitrary_single/Qwen3.5-9B/stage1_sweep_20260509_100749.json
Qwen3.5-9B,arbitrary_single,30,20,0.7,0.57,0.13,0.61,0.79,0.48,0.67,100,100,v3/results_vllm/arbitrary_single/Qwen3.5-9B/stage1_sweep_20260509_100749.json
Qwen3.5-9B,arbitrary_single,30,30,0.72,0.52,0.2,0.63,0.81,0.42,0.61,100,100,v3/results_vllm/arbitrary_single/Qwen3.5-9B/stage1_sweep_20260509_100749.json
Qwen3.5-9B,arbitrary_single,30,50,0.76,0.46,0.3,0.67,0.84,0.37,0.55,100,100,v3/results_vllm/arbitrary_single/Qwen3.5-9B/stage1_sweep_20260509_100749.json
Qwen3.5-9B,arbitrary_single,30,75,0.65,0.44,0.21,0.55,0.74,0.35,0.54,100,100,v3/results_vllm/arbitrary_single/Qwen3.5-9B/stage1_sweep_20260509_100749.json
Qwen3.5-9B,semantic_multi,2,5,1.0,0.99,0.01,1.0,1.0,0.96,1.0,100,100,v3/results_vllm/semantic_multi/Qwen3.5-9B/stage1_sweep_20260509_105120.json
Qwen3.5-9B,semantic_multi,2,7,1.0,0.93,0.07,1.0,1.0,0.88,0.98,100,100,v3/results_vllm/semantic_multi/Qwen3.5-9B/stage1_sweep_20260509_105120.json
Qwen3.5-9B,semantic_multi,2,10,1.0,0.98,0.02,1.0,1.0,0.95,1.0,100,100,v3/results_vllm/semantic_multi/Qwen3.5-9B/stage1_sweep_20260509_105120.json
Qwen3.5-9B,semantic_multi,2,15,1.0,0.9,0.1,1.0,1.0,0.84,0.95,100,100,v3/results_vllm/semantic_multi/Qwen3.5-9B/stage1_sweep_20260509_105120.json
Qwen3.5-9B,semantic_multi,2,20,1.0,0.96,0.04,1.0,1.0,0.92,0.99,100,100,v3/results_vllm/semantic_multi/Qwen3.5-9B/stage1_sweep_20260509_105120.json
Qwen3.5-9B,semantic_multi,2,30,1.0,0.91,0.09,1.0,1.0,0.85,0.96,100,100,v3/results_vllm/semantic_multi/Qwen3.5-9B/stage1_sweep_20260509_105120.json
Qwen3.5-9B,semantic_multi,2,50,1.0,0.85,0.15,1.0,1.0,0.78,0.92,100,100,v3/results_vllm/semantic_multi/Qwen3.5-9B/stage1_sweep_20260509_105120.json
Qwen3.5-9B,semantic_multi,3,5,0.99,0.96,0.03,0.97,1.0,0.92,0.99,100,100,v3/results_vllm/semantic_multi/Qwen3.5-9B/stage1_sweep_20260509_105120.json
Qwen3.5-9B,semantic_multi,3,7,1.0,0.93,0.07,1.0,1.0,0.88,0.98,100,100,v3/results_vllm/semantic_multi/Qwen3.5-9B/stage1_sweep_20260509_105120.json
Qwen3.5-9B,semantic_multi,3,10,1.0,0.87,0.13,1.0,1.0,0.8,0.93,100,100,v3/results_vllm/semantic_multi/Qwen3.5-9B/stage1_sweep_20260509_105120.json
Qwen3.5-9B,semantic_multi,3,15,1.0,0.83,0.17,1.0,1.0,0.75,0.9,100,100,v3/results_vllm/semantic_multi/Qwen3.5-9B/stage1_sweep_20260509_105120.json
Qwen3.5-9B,semantic_multi,3,20,0.98,0.84,0.14,0.95,1.0,0.77,0.91,100,100,v3/results_vllm/semantic_multi/Qwen3.5-9B/stage1_sweep_20260509_105120.json
Qwen3.5-9B,semantic_multi,3,30,0.98,0.82,0.16,0.95,1.0,0.75,0.89,100,100,v3/results_vllm/semantic_multi/Qwen3.5-9B/stage1_sweep_20260509_105120.json
Qwen3.5-9B,semantic_multi,3,50,0.99,0.83,0.16,0.97,1.0,0.75,0.9,100,100,v3/results_vllm/semantic_multi/Qwen3.5-9B/stage1_sweep_20260509_105120.json
Qwen3.5-9B,semantic_multi,5,5,0.98,0.85,0.13,0.95,1.0,0.78,0.92,100,100,v3/results_vllm/semantic_multi/Qwen3.5-9B/stage1_sweep_20260509_105120.json
Qwen3.5-9B,semantic_multi,5,7,1.0,0.84,0.16,1.0,1.0,0.76,0.91,100,100,v3/results_vllm/semantic_multi/Qwen3.5-9B/stage1_sweep_20260509_105120.json
Qwen3.5-9B,semantic_multi,5,10,0.99,0.8,0.19,0.97,1.0,0.72,0.87,100,100,v3/results_vllm/semantic_multi/Qwen3.5-9B/stage1_sweep_20260509_105120.json
Qwen3.5-9B,semantic_multi,5,15,0.94,0.75,0.19,0.89,0.98,0.66,0.83,100,100,v3/results_vllm/semantic_multi/Qwen3.5-9B/stage1_sweep_20260509_105120.json
Qwen3.5-9B,semantic_multi,5,20,0.95,0.82,0.13,0.9,0.99,0.74,0.89,100,100,v3/results_vllm/semantic_multi/Qwen3.5-9B/stage1_sweep_20260509_105120.json
Qwen3.5-9B,semantic_multi,5,30,0.86,0.79,0.07,0.79,0.92,0.7,0.87,100,100,v3/results_vllm/semantic_multi/Qwen3.5-9B/stage1_sweep_20260509_105120.json
Qwen3.5-9B,semantic_multi,5,50,0.91,0.86,0.05,0.85,0.96,0.79,0.92,100,100,v3/results_vllm/semantic_multi/Qwen3.5-9B/stage1_sweep_20260509_105120.json
Qwen3.5-9B,semantic_multi,7,5,0.98,0.88,0.1,0.95,1.0,0.82,0.94,100,100,v3/results_vllm/semantic_multi/Qwen3.5-9B/stage1_sweep_20260509_105120.json
Qwen3.5-9B,semantic_multi,7,7,0.99,0.77,0.22,0.97,1.0,0.68,0.85,100,100,v3/results_vllm/semantic_multi/Qwen3.5-9B/stage1_sweep_20260509_105120.json
Qwen3.5-9B,semantic_multi,7,10,0.93,0.77,0.16,0.88,0.97,0.68,0.84,100,100,v3/results_vllm/semantic_multi/Qwen3.5-9B/stage1_sweep_20260509_105120.json
Qwen3.5-9B,semantic_multi,7,15,0.9,0.8,0.1,0.84,0.96,0.72,0.87,100,100,v3/results_vllm/semantic_multi/Qwen3.5-9B/stage1_sweep_20260509_105120.json
Qwen3.5-9B,semantic_multi,7,20,0.9,0.76,0.14,0.84,0.95,0.67,0.84,100,100,v3/results_vllm/semantic_multi/Qwen3.5-9B/stage1_sweep_20260509_105120.json
Qwen3.5-9B,semantic_multi,7,30,0.89,0.78,0.11,0.82,0.95,0.7,0.86,100,100,v3/results_vllm/semantic_multi/Qwen3.5-9B/stage1_sweep_20260509_105120.json
Qwen3.5-9B,semantic_multi,7,50,0.8,0.68,0.12,0.72,0.87,0.58,0.77,100,100,v3/results_vllm/semantic_multi/Qwen3.5-9B/stage1_sweep_20260509_105120.json
Qwen3.5-9B,semantic_multi,10,5,0.96,0.71,0.25,0.92,0.99,0.62,0.8,100,100,v3/results_vllm/semantic_multi/Qwen3.5-9B/stage1_sweep_20260509_105120.json
Qwen3.5-9B,semantic_multi,10,7,0.9,0.7,0.2,0.84,0.95,0.61,0.79,100,100,v3/results_vllm/semantic_multi/Qwen3.5-9B/stage1_sweep_20260509_105120.json
Qwen3.5-9B,semantic_multi,10,10,0.8,0.66,0.14,0.72,0.8702,0.57,0.75,100,100,v3/results_vllm/semantic_multi/Qwen3.5-9B/stage1_sweep_20260509_105120.json
Qwen3.5-9B,semantic_multi,10,15,0.86,0.79,0.07,0.79,0.92,0.7,0.86,100,100,v3/results_vllm/semantic_multi/Qwen3.5-9B/stage1_sweep_20260509_105120.json
Qwen3.5-9B,semantic_multi,10,20,0.84,0.77,0.07,0.7698,0.91,0.68,0.85,100,100,v3/results_vllm/semantic_multi/Qwen3.5-9B/stage1_sweep_20260509_105120.json
Qwen3.5-9B,semantic_multi,10,30,0.82,0.74,0.08,0.74,0.89,0.65,0.83,100,100,v3/results_vllm/semantic_multi/Qwen3.5-9B/stage1_sweep_20260509_105120.json
Qwen3.5-9B,semantic_multi,10,50,0.78,0.68,0.1,0.69,0.86,0.58,0.77,100,100,v3/results_vllm/semantic_multi/Qwen3.5-9B/stage1_sweep_20260509_105120.json
Qwen3.5-9B,semantic_multi,15,5,0.93,0.76,0.17,0.88,0.97,0.67,0.84,100,100,v3/results_vllm/semantic_multi/Qwen3.5-9B/stage1_sweep_20260509_105120.json
Qwen3.5-9B,semantic_multi,15,7,0.9,0.69,0.21,0.84,0.95,0.6,0.78,100,100,v3/results_vllm/semantic_multi/Qwen3.5-9B/stage1_sweep_20260509_105120.json
Qwen3.5-9B,semantic_multi,15,10,0.88,0.67,0.21,0.81,0.94,0.5798,0.76,100,100,v3/results_vllm/semantic_multi/Qwen3.5-9B/stage1_sweep_20260509_105120.json
Qwen3.5-9B,semantic_multi,15,15,0.82,0.77,0.05,0.74,0.89,0.69,0.85,100,100,v3/results_vllm/semantic_multi/Qwen3.5-9B/stage1_sweep_20260509_105120.json
Qwen3.5-9B,semantic_multi,15,20,0.8,0.68,0.12,0.72,0.87,0.58,0.77,100,100,v3/results_vllm/semantic_multi/Qwen3.5-9B/stage1_sweep_20260509_105120.json
Qwen3.5-9B,semantic_multi,15,30,0.89,0.53,0.36,0.83,0.95,0.43,0.63,100,100,v3/results_vllm/semantic_multi/Qwen3.5-9B/stage1_sweep_20260509_105120.json
Qwen3.5-9B,semantic_multi,15,50,0.77,0.59,0.18,0.69,0.8402,0.5,0.68,100,100,v3/results_vllm/semantic_multi/Qwen3.5-9B/stage1_sweep_20260509_105120.json
Qwen3.5-9B,semantic_multi,20,5,0.86,0.75,0.11,0.79,0.92,0.66,0.84,100,100,v3/results_vllm/semantic_multi/Qwen3.5-9B/stage1_sweep_20260509_105120.json
Qwen3.5-9B,semantic_multi,20,7,0.84,0.75,0.09,0.76,0.91,0.67,0.83,100,100,v3/results_vllm/semantic_multi/Qwen3.5-9B/stage1_sweep_20260509_105120.json
Qwen3.5-9B,semantic_multi,20,10,0.92,0.66,0.26,0.86,0.97,0.57,0.75,100,100,v3/results_vllm/semantic_multi/Qwen3.5-9B/stage1_sweep_20260509_105120.json
Qwen3.5-9B,semantic_multi,20,15,0.78,0.69,0.09,0.7,0.86,0.6,0.78,100,100,v3/results_vllm/semantic_multi/Qwen3.5-9B/stage1_sweep_20260509_105120.json
Qwen3.5-9B,semantic_multi,20,20,0.81,0.67,0.14,0.7298,0.88,0.58,0.76,100,100,v3/results_vllm/semantic_multi/Qwen3.5-9B/stage1_sweep_20260509_105120.json
Qwen3.5-9B,semantic_multi,20,30,0.68,0.6,0.08,0.59,0.77,0.5,0.69,100,100,v3/results_vllm/semantic_multi/Qwen3.5-9B/stage1_sweep_20260509_105120.json
Qwen3.5-9B,semantic_multi,20,50,0.75,0.59,0.16,0.66,0.83,0.5,0.69,100,100,v3/results_vllm/semantic_multi/Qwen3.5-9B/stage1_sweep_20260509_105120.json
Qwen3.5-9B,semantic_multi,25,5,0.85,0.74,0.11,0.78,0.92,0.65,0.8202,100,100,v3/results_vllm/semantic_multi/Qwen3.5-9B/stage1_sweep_20260509_105120.json
Qwen3.5-9B,semantic_multi,25,7,0.83,0.62,0.21,0.75,0.9,0.52,0.71,100,100,v3/results_vllm/semantic_multi/Qwen3.5-9B/stage1_sweep_20260509_105120.json
Qwen3.5-9B,semantic_multi,25,10,0.8,0.69,0.11,0.71,0.87,0.6,0.77,100,100,v3/results_vllm/semantic_multi/Qwen3.5-9B/stage1_sweep_20260509_105120.json
Qwen3.5-9B,semantic_multi,25,15,0.86,0.56,0.3,0.79,0.93,0.46,0.66,100,100,v3/results_vllm/semantic_multi/Qwen3.5-9B/stage1_sweep_20260509_105120.json
Qwen3.5-9B,semantic_multi,25,20,0.77,0.57,0.2,0.68,0.85,0.47,0.67,100,100,v3/results_vllm/semantic_multi/Qwen3.5-9B/stage1_sweep_20260509_105120.json
Qwen3.5-9B,semantic_multi,25,30,0.81,0.57,0.24,0.73,0.88,0.48,0.67,100,100,v3/results_vllm/semantic_multi/Qwen3.5-9B/stage1_sweep_20260509_105120.json
Qwen3.5-9B,semantic_multi,25,50,0.79,0.55,0.24,0.71,0.8602,0.45,0.64,100,100,v3/results_vllm/semantic_multi/Qwen3.5-9B/stage1_sweep_20260509_105120.json
Qwen3.5-9B,semantic_multi,30,5,0.84,0.77,0.07,0.77,0.91,0.68,0.85,100,100,v3/results_vllm/semantic_multi/Qwen3.5-9B/stage1_sweep_20260509_105120.json
Qwen3.5-9B,semantic_multi,30,7,0.8,0.64,0.16,0.72,0.88,0.5498,0.73,100,100,v3/results_vllm/semantic_multi/Qwen3.5-9B/stage1_sweep_20260509_105120.json
Qwen3.5-9B,semantic_multi,30,10,0.83,0.7,0.13,0.75,0.9,0.61,0.79,100,100,v3/results_vllm/semantic_multi/Qwen3.5-9B/stage1_sweep_20260509_105120.json
Qwen3.5-9B,semantic_multi,30,15,0.72,0.66,0.06,0.63,0.8,0.57,0.75,100,100,v3/results_vllm/semantic_multi/Qwen3.5-9B/stage1_sweep_20260509_105120.json
Qwen3.5-9B,semantic_multi,30,20,0.77,0.61,0.16,0.69,0.85,0.52,0.71,100,100,v3/results_vllm/semantic_multi/Qwen3.5-9B/stage1_sweep_20260509_105120.json
Qwen3.5-9B,semantic_multi,30,30,0.85,0.61,0.24,0.78,0.92,0.52,0.7,100,100,v3/results_vllm/semantic_multi/Qwen3.5-9B/stage1_sweep_20260509_105120.json
Qwen3.5-9B,semantic_multi,30,50,0.78,0.54,0.24,0.7,0.8502,0.44,0.63,100,100,v3/results_vllm/semantic_multi/Qwen3.5-9B/stage1_sweep_20260509_105120.json
TinyLlama-1.1B-Chat-v1.0,arbitrary_single,2,5,0.97,0.05,0.92,0.93,1.0,0.01,0.0902,100,100,v3/results_vllm/arbitrary_single/TinyLlama-1.1B-Chat-v1.0/stage1_sweep_20260409_011936.json
TinyLlama-1.1B-Chat-v1.0,arbitrary_single,2,7,0.98,0.02,0.96,0.95,1.0,0.0,0.05,100,100,v3/results_vllm/arbitrary_single/TinyLlama-1.1B-Chat-v1.0/stage1_sweep_20260409_011936.json
TinyLlama-1.1B-Chat-v1.0,arbitrary_single,2,10,0.9,0.02,0.88,0.83,0.95,0.0,0.05,100,100,v3/results_vllm/arbitrary_single/TinyLlama-1.1B-Chat-v1.0/stage1_sweep_20260409_011936.json
TinyLlama-1.1B-Chat-v1.0,arbitrary_single,2,15,0.9,0.03,0.87,0.84,0.95,0.0,0.07,100,100,v3/results_vllm/arbitrary_single/TinyLlama-1.1B-Chat-v1.0/stage1_sweep_20260409_011936.json
TinyLlama-1.1B-Chat-v1.0,arbitrary_single,2,20,0.9,0.02,0.88,0.84,0.96,0.0,0.05,100,100,v3/results_vllm/arbitrary_single/TinyLlama-1.1B-Chat-v1.0/stage1_sweep_20260409_011936.json
TinyLlama-1.1B-Chat-v1.0,arbitrary_single,2,30,0.9,0.13,0.77,0.84,0.96,0.07,0.2,100,100,v3/results_vllm/arbitrary_single/TinyLlama-1.1B-Chat-v1.0/stage1_sweep_20260409_011936.json
TinyLlama-1.1B-Chat-v1.0,arbitrary_single,2,50,0.91,0.38,0.53,0.85,0.96,0.28,0.48,100,100,v3/results_vllm/arbitrary_single/TinyLlama-1.1B-Chat-v1.0/stage1_sweep_20260409_011936.json
TinyLlama-1.1B-Chat-v1.0,arbitrary_single,2,75,0.77,0.14,0.63,0.69,0.85,0.07,0.21,100,100,v3/results_vllm/arbitrary_single/TinyLlama-1.1B-Chat-v1.0/stage1_sweep_20260409_011936.json
TinyLlama-1.1B-Chat-v1.0,arbitrary_single,2,100,0.75,0.05,0.7,0.66,0.83,0.01,0.1,100,100,v3/results_vllm/arbitrary_single/TinyLlama-1.1B-Chat-v1.0/stage1_sweep_20260409_011936.json
TinyLlama-1.1B-Chat-v1.0,arbitrary_single,3,5,0.93,0.08,0.85,0.88,0.97,0.03,0.13,100,100,v3/results_vllm/arbitrary_single/TinyLlama-1.1B-Chat-v1.0/stage1_sweep_20260409_011936.json
TinyLlama-1.1B-Chat-v1.0,arbitrary_single,3,7,0.96,0.09,0.87,0.92,0.99,0.04,0.15,100,100,v3/results_vllm/arbitrary_single/TinyLlama-1.1B-Chat-v1.0/stage1_sweep_20260409_011936.json
TinyLlama-1.1B-Chat-v1.0,arbitrary_single,3,10,0.93,0.07,0.86,0.87,0.98,0.03,0.12,100,100,v3/results_vllm/arbitrary_single/TinyLlama-1.1B-Chat-v1.0/stage1_sweep_20260409_011936.json
TinyLlama-1.1B-Chat-v1.0,arbitrary_single,3,15,0.89,0.14,0.75,0.83,0.95,0.08,0.21,100,100,v3/results_vllm/arbitrary_single/TinyLlama-1.1B-Chat-v1.0/stage1_sweep_20260409_011936.json
TinyLlama-1.1B-Chat-v1.0,arbitrary_single,3,20,0.85,0.15,0.7,0.78,0.92,0.09,0.23,100,100,v3/results_vllm/arbitrary_single/TinyLlama-1.1B-Chat-v1.0/stage1_sweep_20260409_011936.json
TinyLlama-1.1B-Chat-v1.0,arbitrary_single,3,30,0.78,0.27,0.51,0.7,0.86,0.18,0.3502,100,100,v3/results_vllm/arbitrary_single/TinyLlama-1.1B-Chat-v1.0/stage1_sweep_20260409_011936.json
TinyLlama-1.1B-Chat-v1.0,arbitrary_single,3,50,0.55,0.07,0.48,0.46,0.65,0.02,0.12,100,100,v3/results_vllm/arbitrary_single/TinyLlama-1.1B-Chat-v1.0/stage1_sweep_20260409_011936.json
TinyLlama-1.1B-Chat-v1.0,arbitrary_single,3,75,0.38,0.23,0.15,0.2898,0.4702,0.15,0.31,100,100,v3/results_vllm/arbitrary_single/TinyLlama-1.1B-Chat-v1.0/stage1_sweep_20260409_011936.json
TinyLlama-1.1B-Chat-v1.0,arbitrary_single,5,5,0.86,0.18,0.68,0.79,0.92,0.11,0.26,100,100,v3/results_vllm/arbitrary_single/TinyLlama-1.1B-Chat-v1.0/stage1_sweep_20260409_011936.json
TinyLlama-1.1B-Chat-v1.0,arbitrary_single,5,7,0.83,0.18,0.65,0.76,0.9,0.11,0.26,100,100,v3/results_vllm/arbitrary_single/TinyLlama-1.1B-Chat-v1.0/stage1_sweep_20260409_011936.json
TinyLlama-1.1B-Chat-v1.0,arbitrary_single,5,10,0.8,0.22,0.58,0.72,0.8702,0.14,0.3,100,100,v3/results_vllm/arbitrary_single/TinyLlama-1.1B-Chat-v1.0/stage1_sweep_20260409_011936.json
TinyLlama-1.1B-Chat-v1.0,arbitrary_single,5,15,0.74,0.32,0.42,0.65,0.83,0.23,0.41,100,100,v3/results_vllm/arbitrary_single/TinyLlama-1.1B-Chat-v1.0/stage1_sweep_20260409_011936.json
TinyLlama-1.1B-Chat-v1.0,arbitrary_single,5,20,0.43,0.44,-0.01,0.33,0.53,0.34,0.54,100,100,v3/results_vllm/arbitrary_single/TinyLlama-1.1B-Chat-v1.0/stage1_sweep_20260409_011936.json
TinyLlama-1.1B-Chat-v1.0,arbitrary_single,5,30,0.37,0.12,0.25,0.28,0.47,0.06,0.19,100,100,v3/results_vllm/arbitrary_single/TinyLlama-1.1B-Chat-v1.0/stage1_sweep_20260409_011936.json
TinyLlama-1.1B-Chat-v1.0,arbitrary_single,5,50,0.13,0.31,-0.18,0.07,0.1902,0.2298,0.4,100,100,v3/results_vllm/arbitrary_single/TinyLlama-1.1B-Chat-v1.0/stage1_sweep_20260409_011936.json
TinyLlama-1.1B-Chat-v1.0,arbitrary_single,7,5,0.89,0.37,0.52,0.83,0.95,0.28,0.4602,100,100,v3/results_vllm/arbitrary_single/TinyLlama-1.1B-Chat-v1.0/stage1_sweep_20260409_011936.json
TinyLlama-1.1B-Chat-v1.0,arbitrary_single,7,7,0.79,0.28,0.51,0.71,0.86,0.19,0.37,100,100,v3/results_vllm/arbitrary_single/TinyLlama-1.1B-Chat-v1.0/stage1_sweep_20260409_011936.json
TinyLlama-1.1B-Chat-v1.0,arbitrary_single,7,10,0.58,0.31,0.27,0.49,0.67,0.22,0.4,100,100,v3/results_vllm/arbitrary_single/TinyLlama-1.1B-Chat-v1.0/stage1_sweep_20260409_011936.json
TinyLlama-1.1B-Chat-v1.0,arbitrary_single,7,15,0.35,0.32,0.03,0.26,0.45,0.23,0.41,100,100,v3/results_vllm/arbitrary_single/TinyLlama-1.1B-Chat-v1.0/stage1_sweep_20260409_011936.json
TinyLlama-1.1B-Chat-v1.0,arbitrary_single,7,20,0.33,0.29,0.04,0.24,0.43,0.2,0.38,100,100,v3/results_vllm/arbitrary_single/TinyLlama-1.1B-Chat-v1.0/stage1_sweep_20260409_011936.json
TinyLlama-1.1B-Chat-v1.0,arbitrary_single,7,30,0.11,0.2,-0.09,0.05,0.18,0.13,0.28,100,100,v3/results_vllm/arbitrary_single/TinyLlama-1.1B-Chat-v1.0/stage1_sweep_20260409_011936.json
TinyLlama-1.1B-Chat-v1.0,arbitrary_single,10,5,0.63,0.35,0.28,0.53,0.7202,0.26,0.44,100,100,v3/results_vllm/arbitrary_single/TinyLlama-1.1B-Chat-v1.0/stage1_sweep_20260409_011936.json
TinyLlama-1.1B-Chat-v1.0,arbitrary_single,10,7,0.4,0.29,0.11,0.3,0.49,0.2,0.37,100,100,v3/results_vllm/arbitrary_single/TinyLlama-1.1B-Chat-v1.0/stage1_sweep_20260409_011936.json
TinyLlama-1.1B-Chat-v1.0,arbitrary_single,10,10,0.29,0.34,-0.05,0.2,0.38,0.25,0.43,100,100,v3/results_vllm/arbitrary_single/TinyLlama-1.1B-Chat-v1.0/stage1_sweep_20260409_011936.json
TinyLlama-1.1B-Chat-v1.0,arbitrary_single,10,15,0.23,0.29,-0.06,0.15,0.31,0.21,0.38,100,100,v3/results_vllm/arbitrary_single/TinyLlama-1.1B-Chat-v1.0/stage1_sweep_20260409_011936.json
TinyLlama-1.1B-Chat-v1.0,arbitrary_single,10,20,0.08,0.3,-0.22,0.03,0.14,0.21,0.39,100,100,v3/results_vllm/arbitrary_single/TinyLlama-1.1B-Chat-v1.0/stage1_sweep_20260409_011936.json
TinyLlama-1.1B-Chat-v1.0,arbitrary_single,15,5,0.4,0.29,0.11,0.3,0.5,0.2,0.38,100,100,v3/results_vllm/arbitrary_single/TinyLlama-1.1B-Chat-v1.0/stage1_sweep_20260409_011936.json
TinyLlama-1.1B-Chat-v1.0,arbitrary_single,15,7,0.17,0.33,-0.16,0.1,0.24,0.24,0.43,100,100,v3/results_vllm/arbitrary_single/TinyLlama-1.1B-Chat-v1.0/stage1_sweep_20260409_011936.json
TinyLlama-1.1B-Chat-v1.0,arbitrary_single,15,10,0.13,0.28,-0.15,0.07,0.2,0.2,0.37,100,100,v3/results_vllm/arbitrary_single/TinyLlama-1.1B-Chat-v1.0/stage1_sweep_20260409_011936.json
TinyLlama-1.1B-Chat-v1.0,arbitrary_single,15,15,0.04,0.41,-0.37,0.01,0.08,0.3198,0.51,100,100,v3/results_vllm/arbitrary_single/TinyLlama-1.1B-Chat-v1.0/stage1_sweep_20260409_011936.json
TinyLlama-1.1B-Chat-v1.0,arbitrary_single,20,5,0.17,0.39,-0.22,0.1,0.25,0.29,0.49,100,100,v3/results_vllm/arbitrary_single/TinyLlama-1.1B-Chat-v1.0/stage1_sweep_20260409_011936.json
TinyLlama-1.1B-Chat-v1.0,arbitrary_single,20,7,0.1,0.38,-0.28,0.04,0.16,0.28,0.47,100,100,v3/results_vllm/arbitrary_single/TinyLlama-1.1B-Chat-v1.0/stage1_sweep_20260409_011936.json
TinyLlama-1.1B-Chat-v1.0,arbitrary_single,20,10,0.03,0.34,-0.31,0.0,0.06,0.25,0.44,100,100,v3/results_vllm/arbitrary_single/TinyLlama-1.1B-Chat-v1.0/stage1_sweep_20260409_011936.json
TinyLlama-1.1B-Chat-v1.0,arbitrary_single,25,5,0.15,0.46,-0.31,0.09,0.23,0.36,0.56,100,100,v3/results_vllm/arbitrary_single/TinyLlama-1.1B-Chat-v1.0/stage1_sweep_20260409_011936.json
TinyLlama-1.1B-Chat-v1.0,arbitrary_single,25,7,0.02,0.36,-0.34,0.0,0.05,0.27,0.46,100,100,v3/results_vllm/arbitrary_single/TinyLlama-1.1B-Chat-v1.0/stage1_sweep_20260409_011936.json
TinyLlama-1.1B-Chat-v1.0,arbitrary_single,25,10,0.03,0.23,-0.2,0.0,0.07,0.15,0.31,100,100,v3/results_vllm/arbitrary_single/TinyLlama-1.1B-Chat-v1.0/stage1_sweep_20260409_011936.json
TinyLlama-1.1B-Chat-v1.0,arbitrary_single,30,5,0.05,0.35,-0.3,0.01,0.1,0.26,0.44,100,100,v3/results_vllm/arbitrary_single/TinyLlama-1.1B-Chat-v1.0/stage1_sweep_20260409_011936.json
TinyLlama-1.1B-Chat-v1.0,arbitrary_single,30,7,0.03,0.27,-0.24,0.0,0.06,0.18,0.36,100,100,v3/results_vllm/arbitrary_single/TinyLlama-1.1B-Chat-v1.0/stage1_sweep_20260409_011936.json
TinyLlama-1.1B-Chat-v1.0,semantic_multi,2,5,0.98,0.13,0.85,0.95,1.0,0.07,0.2,100,100,v3/results_vllm/semantic_multi/TinyLlama-1.1B-Chat-v1.0/stage1_sweep_20260409_012128.json
TinyLlama-1.1B-Chat-v1.0,semantic_multi,2,7,0.99,0.08,0.91,0.97,1.0,0.03,0.14,100,100,v3/results_vllm/semantic_multi/TinyLlama-1.1B-Chat-v1.0/stage1_sweep_20260409_012128.json
TinyLlama-1.1B-Chat-v1.0,semantic_multi,2,10,0.99,0.05,0.94,0.97,1.0,0.01,0.1,100,100,v3/results_vllm/semantic_multi/TinyLlama-1.1B-Chat-v1.0/stage1_sweep_20260409_012128.json
TinyLlama-1.1B-Chat-v1.0,semantic_multi,2,15,0.95,0.05,0.9,0.9,0.99,0.01,0.1,100,100,v3/results_vllm/semantic_multi/TinyLlama-1.1B-Chat-v1.0/stage1_sweep_20260409_012128.json
TinyLlama-1.1B-Chat-v1.0,semantic_multi,2,20,0.93,0.09,0.84,0.88,0.97,0.04,0.15,100,100,v3/results_vllm/semantic_multi/TinyLlama-1.1B-Chat-v1.0/stage1_sweep_20260409_012128.json
TinyLlama-1.1B-Chat-v1.0,semantic_multi,2,30,0.86,0.11,0.75,0.79,0.92,0.05,0.17,100,100,v3/results_vllm/semantic_multi/TinyLlama-1.1B-Chat-v1.0/stage1_sweep_20260409_012128.json
TinyLlama-1.1B-Chat-v1.0,semantic_multi,2,50,0.74,0.29,0.45,0.66,0.82,0.2,0.38,100,100,v3/results_vllm/semantic_multi/TinyLlama-1.1B-Chat-v1.0/stage1_sweep_20260409_012128.json
TinyLlama-1.1B-Chat-v1.0,semantic_multi,3,5,0.96,0.31,0.65,0.92,0.99,0.22,0.41,100,100,v3/results_vllm/semantic_multi/TinyLlama-1.1B-Chat-v1.0/stage1_sweep_20260409_012128.json
TinyLlama-1.1B-Chat-v1.0,semantic_multi,3,7,0.9,0.17,0.73,0.84,0.95,0.1,0.25,100,100,v3/results_vllm/semantic_multi/TinyLlama-1.1B-Chat-v1.0/stage1_sweep_20260409_012128.json
TinyLlama-1.1B-Chat-v1.0,semantic_multi,3,10,0.87,0.21,0.66,0.8,0.93,0.14,0.2902,100,100,v3/results_vllm/semantic_multi/TinyLlama-1.1B-Chat-v1.0/stage1_sweep_20260409_012128.json
TinyLlama-1.1B-Chat-v1.0,semantic_multi,3,15,0.84,0.17,0.67,0.77,0.91,0.1,0.25,100,100,v3/results_vllm/semantic_multi/TinyLlama-1.1B-Chat-v1.0/stage1_sweep_20260409_012128.json
TinyLlama-1.1B-Chat-v1.0,semantic_multi,3,20,0.69,0.19,0.5,0.6,0.78,0.12,0.27,100,100,v3/results_vllm/semantic_multi/TinyLlama-1.1B-Chat-v1.0/stage1_sweep_20260409_012128.json
TinyLlama-1.1B-Chat-v1.0,semantic_multi,3,30,0.44,0.4,0.04,0.34,0.54,0.31,0.5,100,100,v3/results_vllm/semantic_multi/TinyLlama-1.1B-Chat-v1.0/stage1_sweep_20260409_012128.json
TinyLlama-1.1B-Chat-v1.0,semantic_multi,3,50,0.26,0.14,0.12,0.18,0.35,0.08,0.21,100,100,v3/results_vllm/semantic_multi/TinyLlama-1.1B-Chat-v1.0/stage1_sweep_20260409_012128.json
TinyLlama-1.1B-Chat-v1.0,semantic_multi,5,5,0.84,0.27,0.57,0.77,0.91,0.19,0.36,100,100,v3/results_vllm/semantic_multi/TinyLlama-1.1B-Chat-v1.0/stage1_sweep_20260409_012128.json
TinyLlama-1.1B-Chat-v1.0,semantic_multi,5,7,0.73,0.28,0.45,0.64,0.81,0.19,0.37,100,100,v3/results_vllm/semantic_multi/TinyLlama-1.1B-Chat-v1.0/stage1_sweep_20260409_012128.json
TinyLlama-1.1B-Chat-v1.0,semantic_multi,5,10,0.52,0.21,0.31,0.43,0.62,0.13,0.29,100,100,v3/results_vllm/semantic_multi/TinyLlama-1.1B-Chat-v1.0/stage1_sweep_20260409_012128.json
TinyLlama-1.1B-Chat-v1.0,semantic_multi,5,15,0.27,0.39,-0.12,0.18,0.35,0.3,0.48,100,100,v3/results_vllm/semantic_multi/TinyLlama-1.1B-Chat-v1.0/stage1_sweep_20260409_012128.json
TinyLlama-1.1B-Chat-v1.0,semantic_multi,5,20,0.3,0.35,-0.05,0.21,0.39,0.26,0.45,100,100,v3/results_vllm/semantic_multi/TinyLlama-1.1B-Chat-v1.0/stage1_sweep_20260409_012128.json
TinyLlama-1.1B-Chat-v1.0,semantic_multi,5,30,0.19,0.23,-0.04,0.12,0.27,0.15,0.31,100,100,v3/results_vllm/semantic_multi/TinyLlama-1.1B-Chat-v1.0/stage1_sweep_20260409_012128.json
TinyLlama-1.1B-Chat-v1.0,semantic_multi,7,5,0.71,0.4,0.31,0.62,0.79,0.3,0.5,100,100,v3/results_vllm/semantic_multi/TinyLlama-1.1B-Chat-v1.0/stage1_sweep_20260409_012128.json
TinyLlama-1.1B-Chat-v1.0,semantic_multi,7,7,0.48,0.3,0.18,0.38,0.58,0.22,0.39,100,100,v3/results_vllm/semantic_multi/TinyLlama-1.1B-Chat-v1.0/stage1_sweep_20260409_012128.json
TinyLlama-1.1B-Chat-v1.0,semantic_multi,7,10,0.24,0.39,-0.15,0.16,0.32,0.3,0.48,100,100,v3/results_vllm/semantic_multi/TinyLlama-1.1B-Chat-v1.0/stage1_sweep_20260409_012128.json
TinyLlama-1.1B-Chat-v1.0,semantic_multi,7,15,0.25,0.34,-0.09,0.17,0.34,0.25,0.43,100,100,v3/results_vllm/semantic_multi/TinyLlama-1.1B-Chat-v1.0/stage1_sweep_20260409_012128.json
TinyLlama-1.1B-Chat-v1.0,semantic_multi,7,20,0.13,0.34,-0.21,0.06,0.2,0.25,0.43,100,100,v3/results_vllm/semantic_multi/TinyLlama-1.1B-Chat-v1.0/stage1_sweep_20260409_012128.json
TinyLlama-1.1B-Chat-v1.0,semantic_multi,7,30,0.03,0.34,-0.31,0.0,0.07,0.25,0.43,100,100,v3/results_vllm/semantic_multi/TinyLlama-1.1B-Chat-v1.0/stage1_sweep_20260409_012128.json
TinyLlama-1.1B-Chat-v1.0,semantic_multi,10,5,0.47,0.34,0.13,0.37,0.57,0.25,0.43,100,100,v3/results_vllm/semantic_multi/TinyLlama-1.1B-Chat-v1.0/stage1_sweep_20260409_012128.json
TinyLlama-1.1B-Chat-v1.0,semantic_multi,10,7,0.2,0.4,-0.2,0.13,0.28,0.31,0.5,100,100,v3/results_vllm/semantic_multi/TinyLlama-1.1B-Chat-v1.0/stage1_sweep_20260409_012128.json
TinyLlama-1.1B-Chat-v1.0,semantic_multi,10,10,0.2,0.42,-0.22,0.12,0.28,0.32,0.51,100,100,v3/results_vllm/semantic_multi/TinyLlama-1.1B-Chat-v1.0/stage1_sweep_20260409_012128.json
TinyLlama-1.1B-Chat-v1.0,semantic_multi,10,15,0.07,0.24,-0.17,0.02,0.12,0.16,0.32,100,100,v3/results_vllm/semantic_multi/TinyLlama-1.1B-Chat-v1.0/stage1_sweep_20260409_012128.json
TinyLlama-1.1B-Chat-v1.0,semantic_multi,10,20,0.08,0.38,-0.3,0.03,0.13,0.28,0.48,100,100,v3/results_vllm/semantic_multi/TinyLlama-1.1B-Chat-v1.0/stage1_sweep_20260409_012128.json
TinyLlama-1.1B-Chat-v1.0,semantic_multi,15,5,0.23,0.54,-0.31,0.15,0.31,0.44,0.64,100,100,v3/results_vllm/semantic_multi/TinyLlama-1.1B-Chat-v1.0/stage1_sweep_20260409_012128.json
TinyLlama-1.1B-Chat-v1.0,semantic_multi,15,7,0.14,0.48,-0.34,0.08,0.21,0.38,0.58,100,100,v3/results_vllm/semantic_multi/TinyLlama-1.1B-Chat-v1.0/stage1_sweep_20260409_012128.json
TinyLlama-1.1B-Chat-v1.0,semantic_multi,15,10,0.05,0.41,-0.36,0.01,0.1,0.32,0.5,100,100,v3/results_vllm/semantic_multi/TinyLlama-1.1B-Chat-v1.0/stage1_sweep_20260409_012128.json
TinyLlama-1.1B-Chat-v1.0,semantic_multi,20,5,0.2,0.61,-0.41,0.12,0.28,0.51,0.7,100,100,v3/results_vllm/semantic_multi/TinyLlama-1.1B-Chat-v1.0/stage1_sweep_20260409_012128.json
TinyLlama-1.1B-Chat-v1.0,semantic_multi,20,7,0.02,0.43,-0.41,0.0,0.05,0.33,0.53,100,100,v3/results_vllm/semantic_multi/TinyLlama-1.1B-Chat-v1.0/stage1_sweep_20260409_012128.json
TinyLlama-1.1B-Chat-v1.0,semantic_multi,20,10,0.04,0.53,-0.49,0.01,0.08,0.43,0.63,100,100,v3/results_vllm/semantic_multi/TinyLlama-1.1B-Chat-v1.0/stage1_sweep_20260409_012128.json
TinyLlama-1.1B-Chat-v1.0,semantic_multi,25,5,0.08,0.5,-0.42,0.03,0.14,0.4,0.6,100,100,v3/results_vllm/semantic_multi/TinyLlama-1.1B-Chat-v1.0/stage1_sweep_20260409_012128.json
TinyLlama-1.1B-Chat-v1.0,semantic_multi,25,7,0.03,0.59,-0.56,0.0,0.07,0.49,0.6802,100,100,v3/results_vllm/semantic_multi/TinyLlama-1.1B-Chat-v1.0/stage1_sweep_20260409_012128.json
TinyLlama-1.1B-Chat-v1.0,semantic_multi,30,5,0.04,0.63,-0.59,0.01,0.08,0.54,0.72,100,100,v3/results_vllm/semantic_multi/TinyLlama-1.1B-Chat-v1.0/stage1_sweep_20260409_012128.json
TinyLlama-1.1B-Chat-v1.0,semantic_multi,30,7,0.06,0.49,-0.43,0.02,0.11,0.39,0.59,100,100,v3/results_vllm/semantic_multi/TinyLlama-1.1B-Chat-v1.0/stage1_sweep_20260409_012128.json
gemma-3-1b-it,arbitrary_single,2,5,0.73,0.14,0.59,0.64,0.82,0.08,0.21,100,100,v3/results_vllm/arbitrary_single/gemma-3-1b-it/stage1_sweep_20260409_015538.json
gemma-3-1b-it,arbitrary_single,2,7,0.82,0.1,0.72,0.74,0.89,0.04,0.16,100,100,v3/results_vllm/arbitrary_single/gemma-3-1b-it/stage1_sweep_20260409_015538.json
gemma-3-1b-it,arbitrary_single,2,10,0.77,0.11,0.66,0.68,0.85,0.05,0.1702,100,100,v3/results_vllm/arbitrary_single/gemma-3-1b-it/stage1_sweep_20260409_015538.json
gemma-3-1b-it,arbitrary_single,2,15,0.74,0.06,0.68,0.66,0.82,0.02,0.11,100,100,v3/results_vllm/arbitrary_single/gemma-3-1b-it/stage1_sweep_20260409_015538.json
gemma-3-1b-it,arbitrary_single,2,20,0.8,0.07,0.73,0.72,0.87,0.03,0.12,100,100,v3/results_vllm/arbitrary_single/gemma-3-1b-it/stage1_sweep_20260409_015538.json
gemma-3-1b-it,arbitrary_single,2,30,0.84,0.04,0.8,0.76,0.91,0.01,0.09,100,100,v3/results_vllm/arbitrary_single/gemma-3-1b-it/stage1_sweep_20260409_015538.json
gemma-3-1b-it,arbitrary_single,2,50,0.67,0.01,0.66,0.58,0.76,0.0,0.03,100,100,v3/results_vllm/arbitrary_single/gemma-3-1b-it/stage1_sweep_20260409_015538.json
gemma-3-1b-it,arbitrary_single,2,75,0.64,0.0,0.64,0.54,0.73,0.0,0.0,100,100,v3/results_vllm/arbitrary_single/gemma-3-1b-it/stage1_sweep_20260409_015538.json
gemma-3-1b-it,arbitrary_single,2,100,0.64,0.0,0.64,0.55,0.73,0.0,0.0,100,100,v3/results_vllm/arbitrary_single/gemma-3-1b-it/stage1_sweep_20260409_015538.json
gemma-3-1b-it,arbitrary_single,3,5,0.62,0.06,0.56,0.53,0.7102,0.02,0.11,100,100,v3/results_vllm/arbitrary_single/gemma-3-1b-it/stage1_sweep_20260409_015538.json
gemma-3-1b-it,arbitrary_single,3,7,0.65,0.05,0.6,0.55,0.74,0.01,0.1,100,100,v3/results_vllm/arbitrary_single/gemma-3-1b-it/stage1_sweep_20260409_015538.json
gemma-3-1b-it,arbitrary_single,3,10,0.6,0.06,0.54,0.51,0.7,0.02,0.1,100,100,v3/results_vllm/arbitrary_single/gemma-3-1b-it/stage1_sweep_20260409_015538.json
gemma-3-1b-it,arbitrary_single,3,15,0.73,0.01,0.72,0.64,0.82,0.0,0.03,100,100,v3/results_vllm/arbitrary_single/gemma-3-1b-it/stage1_sweep_20260409_015538.json
gemma-3-1b-it,arbitrary_single,3,20,0.7,0.02,0.68,0.61,0.78,0.0,0.05,100,100,v3/results_vllm/arbitrary_single/gemma-3-1b-it/stage1_sweep_20260409_015538.json
gemma-3-1b-it,arbitrary_single,3,30,0.69,0.02,0.67,0.6,0.78,0.0,0.05,100,100,v3/results_vllm/arbitrary_single/gemma-3-1b-it/stage1_sweep_20260409_015538.json
gemma-3-1b-it,arbitrary_single,3,50,0.55,0.0,0.55,0.45,0.65,0.0,0.0,100,100,v3/results_vllm/arbitrary_single/gemma-3-1b-it/stage1_sweep_20260409_015538.json
gemma-3-1b-it,arbitrary_single,3,75,0.56,0.01,0.55,0.46,0.65,0.0,0.03,100,100,v3/results_vllm/arbitrary_single/gemma-3-1b-it/stage1_sweep_20260409_015538.json
gemma-3-1b-it,arbitrary_single,5,5,0.64,0.03,0.61,0.55,0.73,0.0,0.07,100,100,v3/results_vllm/arbitrary_single/gemma-3-1b-it/stage1_sweep_20260409_015538.json
gemma-3-1b-it,arbitrary_single,5,7,0.51,0.05,0.46,0.41,0.61,0.01,0.1,100,100,v3/results_vllm/arbitrary_single/gemma-3-1b-it/stage1_sweep_20260409_015538.json
gemma-3-1b-it,arbitrary_single,5,10,0.56,0.02,0.54,0.46,0.66,0.0,0.05,100,100,v3/results_vllm/arbitrary_single/gemma-3-1b-it/stage1_sweep_20260409_015538.json
gemma-3-1b-it,arbitrary_single,5,15,0.61,0.07,0.54,0.51,0.7,0.02,0.12,100,100,v3/results_vllm/arbitrary_single/gemma-3-1b-it/stage1_sweep_20260409_015538.json
gemma-3-1b-it,arbitrary_single,5,20,0.51,0.02,0.49,0.41,0.61,0.0,0.05,100,100,v3/results_vllm/arbitrary_single/gemma-3-1b-it/stage1_sweep_20260409_015538.json
gemma-3-1b-it,arbitrary_single,5,30,0.47,0.01,0.46,0.37,0.56,0.0,0.03,100,100,v3/results_vllm/arbitrary_single/gemma-3-1b-it/stage1_sweep_20260409_015538.json
gemma-3-1b-it,arbitrary_single,5,50,0.39,0.0,0.39,0.29,0.49,0.0,0.0,100,100,v3/results_vllm/arbitrary_single/gemma-3-1b-it/stage1_sweep_20260409_015538.json
gemma-3-1b-it,arbitrary_single,5,75,0.48,0.0,0.48,0.38,0.58,0.0,0.0,100,100,v3/results_vllm/arbitrary_single/gemma-3-1b-it/stage1_sweep_20260409_015538.json
gemma-3-1b-it,arbitrary_single,7,5,0.62,0.08,0.54,0.53,0.72,0.03,0.14,100,100,v3/results_vllm/arbitrary_single/gemma-3-1b-it/stage1_sweep_20260409_015538.json
gemma-3-1b-it,arbitrary_single,7,7,0.55,0.04,0.51,0.45,0.65,0.01,0.08,100,100,v3/results_vllm/arbitrary_single/gemma-3-1b-it/stage1_sweep_20260409_015538.json
gemma-3-1b-it,arbitrary_single,7,10,0.54,0.09,0.45,0.44,0.63,0.04,0.1402,100,100,v3/results_vllm/arbitrary_single/gemma-3-1b-it/stage1_sweep_20260409_015538.json
gemma-3-1b-it,arbitrary_single,7,15,0.56,0.0,0.56,0.46,0.66,0.0,0.0,100,100,v3/results_vllm/arbitrary_single/gemma-3-1b-it/stage1_sweep_20260409_015538.json
gemma-3-1b-it,arbitrary_single,7,20,0.42,0.0,0.42,0.32,0.52,0.0,0.0,100,100,v3/results_vllm/arbitrary_single/gemma-3-1b-it/stage1_sweep_20260409_015538.json
gemma-3-1b-it,arbitrary_single,7,30,0.31,0.0,0.31,0.22,0.4,0.0,0.0,100,100,v3/results_vllm/arbitrary_single/gemma-3-1b-it/stage1_sweep_20260409_015538.json
gemma-3-1b-it,arbitrary_single,10,5,0.59,0.12,0.47,0.49,0.69,0.06,0.19,100,100,v3/results_vllm/arbitrary_single/gemma-3-1b-it/stage1_sweep_20260409_015538.json
gemma-3-1b-it,arbitrary_single,10,7,0.65,0.06,0.59,0.55,0.74,0.02,0.11,100,100,v3/results_vllm/arbitrary_single/gemma-3-1b-it/stage1_sweep_20260409_015538.json
gemma-3-1b-it,arbitrary_single,10,10,0.49,0.02,0.47,0.4,0.59,0.0,0.05,100,100,v3/results_vllm/arbitrary_single/gemma-3-1b-it/stage1_sweep_20260409_015538.json
gemma-3-1b-it,arbitrary_single,10,15,0.45,0.0,0.45,0.36,0.55,0.0,0.0,100,100,v3/results_vllm/arbitrary_single/gemma-3-1b-it/stage1_sweep_20260409_015538.json
gemma-3-1b-it,arbitrary_single,10,20,0.31,0.01,0.3,0.22,0.4,0.0,0.03,100,100,v3/results_vllm/arbitrary_single/gemma-3-1b-it/stage1_sweep_20260409_015538.json
gemma-3-1b-it,arbitrary_single,10,30,0.34,0.01,0.33,0.25,0.44,0.0,0.03,100,100,v3/results_vllm/arbitrary_single/gemma-3-1b-it/stage1_sweep_20260409_015538.json
gemma-3-1b-it,arbitrary_single,15,5,0.72,0.06,0.66,0.63,0.8,0.02,0.11,100,100,v3/results_vllm/arbitrary_single/gemma-3-1b-it/stage1_sweep_20260409_015538.json
gemma-3-1b-it,arbitrary_single,15,7,0.64,0.02,0.62,0.54,0.73,0.0,0.05,100,100,v3/results_vllm/arbitrary_single/gemma-3-1b-it/stage1_sweep_20260409_015538.json
gemma-3-1b-it,arbitrary_single,15,10,0.55,0.03,0.52,0.46,0.65,0.0,0.07,100,100,v3/results_vllm/arbitrary_single/gemma-3-1b-it/stage1_sweep_20260409_015538.json
gemma-3-1b-it,arbitrary_single,15,15,0.43,0.01,0.42,0.34,0.53,0.0,0.03,100,100,v3/results_vllm/arbitrary_single/gemma-3-1b-it/stage1_sweep_20260409_015538.json
gemma-3-1b-it,arbitrary_single,15,20,0.34,0.0,0.34,0.25,0.44,0.0,0.0,100,100,v3/results_vllm/arbitrary_single/gemma-3-1b-it/stage1_sweep_20260409_015538.json
gemma-3-1b-it,arbitrary_single,15,30,0.47,0.0,0.47,0.37,0.57,0.0,0.0,100,100,v3/results_vllm/arbitrary_single/gemma-3-1b-it/stage1_sweep_20260409_015538.json
gemma-3-1b-it,arbitrary_single,20,5,0.75,0.01,0.74,0.6698,0.83,0.0,0.03,100,100,v3/results_vllm/arbitrary_single/gemma-3-1b-it/stage1_sweep_20260409_015538.json
gemma-3-1b-it,arbitrary_single,20,7,0.65,0.01,0.64,0.56,0.74,0.0,0.03,100,100,v3/results_vllm/arbitrary_single/gemma-3-1b-it/stage1_sweep_20260409_015538.json
gemma-3-1b-it,arbitrary_single,20,10,0.37,0.02,0.35,0.28,0.47,0.0,0.05,100,100,v3/results_vllm/arbitrary_single/gemma-3-1b-it/stage1_sweep_20260409_015538.json
gemma-3-1b-it,arbitrary_single,20,15,0.42,0.01,0.41,0.32,0.52,0.0,0.03,100,100,v3/results_vllm/arbitrary_single/gemma-3-1b-it/stage1_sweep_20260409_015538.json
gemma-3-1b-it,arbitrary_single,25,5,0.69,0.0,0.69,0.6,0.78,0.0,0.0,100,100,v3/results_vllm/arbitrary_single/gemma-3-1b-it/stage1_sweep_20260409_015538.json
gemma-3-1b-it,arbitrary_single,25,7,0.56,0.0,0.56,0.47,0.66,0.0,0.0,100,100,v3/results_vllm/arbitrary_single/gemma-3-1b-it/stage1_sweep_20260409_015538.json
gemma-3-1b-it,arbitrary_single,25,10,0.53,0.02,0.51,0.43,0.63,0.0,0.05,100,100,v3/results_vllm/arbitrary_single/gemma-3-1b-it/stage1_sweep_20260409_015538.json
gemma-3-1b-it,arbitrary_single,25,15,0.38,0.0,0.38,0.2898,0.47,0.0,0.0,100,100,v3/results_vllm/arbitrary_single/gemma-3-1b-it/stage1_sweep_20260409_015538.json
gemma-3-1b-it,arbitrary_single,30,5,0.65,0.0,0.65,0.55,0.74,0.0,0.0,100,100,v3/results_vllm/arbitrary_single/gemma-3-1b-it/stage1_sweep_20260409_015538.json
gemma-3-1b-it,arbitrary_single,30,7,0.53,0.05,0.48,0.44,0.63,0.01,0.1,100,100,v3/results_vllm/arbitrary_single/gemma-3-1b-it/stage1_sweep_20260409_015538.json
gemma-3-1b-it,arbitrary_single,30,10,0.52,0.01,0.51,0.42,0.62,0.0,0.03,100,100,v3/results_vllm/arbitrary_single/gemma-3-1b-it/stage1_sweep_20260409_015538.json
gemma-3-1b-it,arbitrary_single,30,15,0.54,0.01,0.53,0.44,0.6302,0.0,0.03,100,100,v3/results_vllm/arbitrary_single/gemma-3-1b-it/stage1_sweep_20260409_015538.json
gemma-3-1b-it,semantic_multi,2,5,0.78,0.12,0.66,0.69,0.86,0.06,0.18,100,100,v3/results_vllm/semantic_multi/gemma-3-1b-it/stage1_sweep_20260409_020041.json
gemma-3-1b-it,semantic_multi,2,7,0.79,0.15,0.64,0.71,0.87,0.08,0.22,100,100,v3/results_vllm/semantic_multi/gemma-3-1b-it/stage1_sweep_20260409_020041.json
gemma-3-1b-it,semantic_multi,2,10,0.81,0.1,0.71,0.73,0.89,0.05,0.16,100,100,v3/results_vllm/semantic_multi/gemma-3-1b-it/stage1_sweep_20260409_020041.json
gemma-3-1b-it,semantic_multi,2,15,0.87,0.07,0.8,0.8,0.93,0.02,0.13,100,100,v3/results_vllm/semantic_multi/gemma-3-1b-it/stage1_sweep_20260409_020041.json
gemma-3-1b-it,semantic_multi,2,20,0.85,0.09,0.76,0.77,0.92,0.04,0.15,100,100,v3/results_vllm/semantic_multi/gemma-3-1b-it/stage1_sweep_20260409_020041.json
gemma-3-1b-it,semantic_multi,2,30,0.9,0.02,0.88,0.84,0.95,0.0,0.05,100,100,v3/results_vllm/semantic_multi/gemma-3-1b-it/stage1_sweep_20260409_020041.json
gemma-3-1b-it,semantic_multi,2,50,0.75,0.04,0.71,0.66,0.83,0.01,0.08,100,100,v3/results_vllm/semantic_multi/gemma-3-1b-it/stage1_sweep_20260409_020041.json
gemma-3-1b-it,semantic_multi,3,5,0.68,0.19,0.49,0.59,0.77,0.12,0.27,100,100,v3/results_vllm/semantic_multi/gemma-3-1b-it/stage1_sweep_20260409_020041.json
gemma-3-1b-it,semantic_multi,3,7,0.61,0.06,0.55,0.51,0.71,0.02,0.11,100,100,v3/results_vllm/semantic_multi/gemma-3-1b-it/stage1_sweep_20260409_020041.json
gemma-3-1b-it,semantic_multi,3,10,0.74,0.08,0.66,0.66,0.82,0.03,0.13,100,100,v3/results_vllm/semantic_multi/gemma-3-1b-it/stage1_sweep_20260409_020041.json
gemma-3-1b-it,semantic_multi,3,15,0.86,0.06,0.8,0.79,0.9202,0.02,0.11,100,100,v3/results_vllm/semantic_multi/gemma-3-1b-it/stage1_sweep_20260409_020041.json
gemma-3-1b-it,semantic_multi,3,20,0.82,0.08,0.74,0.74,0.89,0.03,0.13,100,100,v3/results_vllm/semantic_multi/gemma-3-1b-it/stage1_sweep_20260409_020041.json
gemma-3-1b-it,semantic_multi,3,30,0.75,0.03,0.72,0.67,0.83,0.0,0.07,100,100,v3/results_vllm/semantic_multi/gemma-3-1b-it/stage1_sweep_20260409_020041.json
gemma-3-1b-it,semantic_multi,3,50,0.75,0.01,0.74,0.66,0.83,0.0,0.03,100,100,v3/results_vllm/semantic_multi/gemma-3-1b-it/stage1_sweep_20260409_020041.json
gemma-3-1b-it,semantic_multi,5,5,0.56,0.13,0.43,0.46,0.66,0.07,0.2,100,100,v3/results_vllm/semantic_multi/gemma-3-1b-it/stage1_sweep_20260409_020041.json
gemma-3-1b-it,semantic_multi,5,7,0.58,0.1,0.48,0.48,0.67,0.05,0.16,100,100,v3/results_vllm/semantic_multi/gemma-3-1b-it/stage1_sweep_20260409_020041.json
gemma-3-1b-it,semantic_multi,5,10,0.68,0.08,0.6,0.59,0.77,0.03,0.13,100,100,v3/results_vllm/semantic_multi/gemma-3-1b-it/stage1_sweep_20260409_020041.json
gemma-3-1b-it,semantic_multi,5,15,0.63,0.07,0.56,0.54,0.72,0.02,0.13,100,100,v3/results_vllm/semantic_multi/gemma-3-1b-it/stage1_sweep_20260409_020041.json
gemma-3-1b-it,semantic_multi,5,20,0.62,0.02,0.6,0.53,0.72,0.0,0.05,100,100,v3/results_vllm/semantic_multi/gemma-3-1b-it/stage1_sweep_20260409_020041.json
gemma-3-1b-it,semantic_multi,5,30,0.55,0.02,0.53,0.45,0.64,0.0,0.05,100,100,v3/results_vllm/semantic_multi/gemma-3-1b-it/stage1_sweep_20260409_020041.json
gemma-3-1b-it,semantic_multi,5,50,0.48,0.01,0.47,0.38,0.58,0.0,0.03,100,100,v3/results_vllm/semantic_multi/gemma-3-1b-it/stage1_sweep_20260409_020041.json
gemma-3-1b-it,semantic_multi,7,5,0.7,0.1,0.6,0.61,0.79,0.05,0.16,100,100,v3/results_vllm/semantic_multi/gemma-3-1b-it/stage1_sweep_20260409_020041.json
gemma-3-1b-it,semantic_multi,7,7,0.51,0.12,0.39,0.41,0.61,0.06,0.19,100,100,v3/results_vllm/semantic_multi/gemma-3-1b-it/stage1_sweep_20260409_020041.json
gemma-3-1b-it,semantic_multi,7,10,0.57,0.07,0.5,0.47,0.67,0.02,0.12,100,100,v3/results_vllm/semantic_multi/gemma-3-1b-it/stage1_sweep_20260409_020041.json
gemma-3-1b-it,semantic_multi,7,15,0.54,0.01,0.53,0.44,0.63,0.0,0.03,100,100,v3/results_vllm/semantic_multi/gemma-3-1b-it/stage1_sweep_20260409_020041.json
gemma-3-1b-it,semantic_multi,7,20,0.4,0.02,0.38,0.3,0.5,0.0,0.05,100,100,v3/results_vllm/semantic_multi/gemma-3-1b-it/stage1_sweep_20260409_020041.json
gemma-3-1b-it,semantic_multi,7,30,0.38,0.02,0.36,0.28,0.48,0.0,0.05,100,100,v3/results_vllm/semantic_multi/gemma-3-1b-it/stage1_sweep_20260409_020041.json
gemma-3-1b-it,semantic_multi,7,50,0.51,0.06,0.45,0.42,0.61,0.02,0.11,100,100,v3/results_vllm/semantic_multi/gemma-3-1b-it/stage1_sweep_20260409_020041.json
gemma-3-1b-it,semantic_multi,10,5,0.59,0.1,0.49,0.49,0.69,0.04,0.16,100,100,v3/results_vllm/semantic_multi/gemma-3-1b-it/stage1_sweep_20260409_020041.json
gemma-3-1b-it,semantic_multi,10,7,0.7,0.15,0.55,0.6,0.79,0.08,0.22,100,100,v3/results_vllm/semantic_multi/gemma-3-1b-it/stage1_sweep_20260409_020041.json
gemma-3-1b-it,semantic_multi,10,10,0.53,0.04,0.49,0.43,0.63,0.01,0.08,100,100,v3/results_vllm/semantic_multi/gemma-3-1b-it/stage1_sweep_20260409_020041.json
gemma-3-1b-it,semantic_multi,10,15,0.36,0.06,0.3,0.26,0.46,0.02,0.11,100,100,v3/results_vllm/semantic_multi/gemma-3-1b-it/stage1_sweep_20260409_020041.json
gemma-3-1b-it,semantic_multi,10,20,0.44,0.04,0.4,0.34,0.5302,0.01,0.08,100,100,v3/results_vllm/semantic_multi/gemma-3-1b-it/stage1_sweep_20260409_020041.json
gemma-3-1b-it,semantic_multi,10,30,0.26,0.01,0.25,0.18,0.34,0.0,0.0302,100,100,v3/results_vllm/semantic_multi/gemma-3-1b-it/stage1_sweep_20260409_020041.json
gemma-3-1b-it,semantic_multi,10,50,0.51,0.04,0.47,0.41,0.61,0.01,0.08,100,100,v3/results_vllm/semantic_multi/gemma-3-1b-it/stage1_sweep_20260409_020041.json
gemma-3-1b-it,semantic_multi,15,5,0.57,0.14,0.43,0.47,0.66,0.07,0.22,100,100,v3/results_vllm/semantic_multi/gemma-3-1b-it/stage1_sweep_20260409_020041.json
gemma-3-1b-it,semantic_multi,15,7,0.59,0.02,0.57,0.49,0.68,0.0,0.05,100,100,v3/results_vllm/semantic_multi/gemma-3-1b-it/stage1_sweep_20260409_020041.json
gemma-3-1b-it,semantic_multi,15,10,0.36,0.06,0.3,0.27,0.46,0.02,0.11,100,100,v3/results_vllm/semantic_multi/gemma-3-1b-it/stage1_sweep_20260409_020041.json
gemma-3-1b-it,semantic_multi,15,15,0.28,0.02,0.26,0.2,0.37,0.0,0.05,100,100,v3/results_vllm/semantic_multi/gemma-3-1b-it/stage1_sweep_20260409_020041.json
gemma-3-1b-it,semantic_multi,15,20,0.37,0.07,0.3,0.28,0.46,0.02,0.12,100,100,v3/results_vllm/semantic_multi/gemma-3-1b-it/stage1_sweep_20260409_020041.json
gemma-3-1b-it,semantic_multi,15,30,0.55,0.05,0.5,0.45,0.64,0.01,0.1,100,100,v3/results_vllm/semantic_multi/gemma-3-1b-it/stage1_sweep_20260409_020041.json
gemma-3-1b-it,semantic_multi,15,50,0.62,0.06,0.56,0.52,0.71,0.02,0.11,100,100,v3/results_vllm/semantic_multi/gemma-3-1b-it/stage1_sweep_20260409_020041.json
gemma-3-1b-it,semantic_multi,20,5,0.66,0.04,0.62,0.57,0.75,0.01,0.09,100,100,v3/results_vllm/semantic_multi/gemma-3-1b-it/stage1_sweep_20260409_020041.json
gemma-3-1b-it,semantic_multi,20,7,0.49,0.02,0.47,0.4,0.59,0.0,0.05,100,100,v3/results_vllm/semantic_multi/gemma-3-1b-it/stage1_sweep_20260409_020041.json
gemma-3-1b-it,semantic_multi,20,10,0.28,0.03,0.25,0.19,0.37,0.0,0.07,100,100,v3/results_vllm/semantic_multi/gemma-3-1b-it/stage1_sweep_20260409_020041.json
gemma-3-1b-it,semantic_multi,20,15,0.39,0.02,0.37,0.3,0.49,0.0,0.05,100,100,v3/results_vllm/semantic_multi/gemma-3-1b-it/stage1_sweep_20260409_020041.json
gemma-3-1b-it,semantic_multi,20,20,0.5,0.05,0.45,0.4,0.6,0.01,0.1,100,100,v3/results_vllm/semantic_multi/gemma-3-1b-it/stage1_sweep_20260409_020041.json
gemma-3-1b-it,semantic_multi,20,30,0.43,0.01,0.42,0.33,0.53,0.0,0.03,100,100,v3/results_vllm/semantic_multi/gemma-3-1b-it/stage1_sweep_20260409_020041.json
gemma-3-1b-it,semantic_multi,20,50,0.57,0.04,0.53,0.47,0.67,0.01,0.08,100,100,v3/results_vllm/semantic_multi/gemma-3-1b-it/stage1_sweep_20260409_020041.json
gemma-3-1b-it,semantic_multi,25,5,0.62,0.05,0.57,0.53,0.71,0.01,0.1,100,100,v3/results_vllm/semantic_multi/gemma-3-1b-it/stage1_sweep_20260409_020041.json
gemma-3-1b-it,semantic_multi,25,7,0.44,0.01,0.43,0.35,0.53,0.0,0.0302,100,100,v3/results_vllm/semantic_multi/gemma-3-1b-it/stage1_sweep_20260409_020041.json
gemma-3-1b-it,semantic_multi,25,10,0.44,0.03,0.41,0.35,0.54,0.0,0.07,100,100,v3/results_vllm/semantic_multi/gemma-3-1b-it/stage1_sweep_20260409_020041.json
gemma-3-1b-it,semantic_multi,25,15,0.5,0.06,0.44,0.4,0.59,0.02,0.11,100,100,v3/results_vllm/semantic_multi/gemma-3-1b-it/stage1_sweep_20260409_020041.json
gemma-3-1b-it,semantic_multi,25,20,0.52,0.04,0.48,0.43,0.61,0.01,0.08,100,100,v3/results_vllm/semantic_multi/gemma-3-1b-it/stage1_sweep_20260409_020041.json
gemma-3-1b-it,semantic_multi,25,30,0.54,0.06,0.48,0.44,0.64,0.02,0.11,100,100,v3/results_vllm/semantic_multi/gemma-3-1b-it/stage1_sweep_20260409_020041.json
gemma-3-1b-it,semantic_multi,25,50,0.46,0.05,0.41,0.3698,0.56,0.01,0.09,100,100,v3/results_vllm/semantic_multi/gemma-3-1b-it/stage1_sweep_20260409_020041.json
gemma-3-1b-it,semantic_multi,30,5,0.5,0.03,0.47,0.4,0.6,0.0,0.07,100,100,v3/results_vllm/semantic_multi/gemma-3-1b-it/stage1_sweep_20260409_020041.json
gemma-3-1b-it,semantic_multi,30,7,0.41,0.05,0.36,0.3198,0.51,0.01,0.1,100,100,v3/results_vllm/semantic_multi/gemma-3-1b-it/stage1_sweep_20260409_020041.json
gemma-3-1b-it,semantic_multi,30,10,0.46,0.09,0.37,0.36,0.56,0.04,0.15,100,100,v3/results_vllm/semantic_multi/gemma-3-1b-it/stage1_sweep_20260409_020041.json
gemma-3-1b-it,semantic_multi,30,15,0.52,0.05,0.47,0.42,0.62,0.01,0.1,100,100,v3/results_vllm/semantic_multi/gemma-3-1b-it/stage1_sweep_20260409_020041.json
gemma-3-1b-it,semantic_multi,30,20,0.59,0.05,0.54,0.49,0.69,0.01,0.1,100,100,v3/results_vllm/semantic_multi/gemma-3-1b-it/stage1_sweep_20260409_020041.json
gemma-3-1b-it,semantic_multi,30,30,0.57,0.03,0.54,0.47,0.67,0.0,0.0602,100,100,v3/results_vllm/semantic_multi/gemma-3-1b-it/stage1_sweep_20260409_020041.json
gemma-3-270m-it,arbitrary_single,2,5,0.05,0.07,-0.02,0.01,0.1,0.0298,0.12,100,100,v3/results_vllm/arbitrary_single/gemma-3-270m-it/stage1_sweep_20260409_014928.json
gemma-3-270m-it,arbitrary_single,2,7,0.04,0.01,0.03,0.01,0.08,0.0,0.03,100,100,v3/results_vllm/arbitrary_single/gemma-3-270m-it/stage1_sweep_20260409_014928.json
gemma-3-270m-it,arbitrary_single,2,10,0.02,0.0,0.02,0.0,0.05,0.0,0.0,100,100,v3/results_vllm/arbitrary_single/gemma-3-270m-it/stage1_sweep_20260409_014928.json
gemma-3-270m-it,arbitrary_single,2,15,0.02,0.0,0.02,0.0,0.05,0.0,0.0,100,100,v3/results_vllm/arbitrary_single/gemma-3-270m-it/stage1_sweep_20260409_014928.json
gemma-3-270m-it,arbitrary_single,3,5,0.08,0.02,0.06,0.03,0.14,0.0,0.05,100,100,v3/results_vllm/arbitrary_single/gemma-3-270m-it/stage1_sweep_20260409_014928.json
gemma-3-270m-it,arbitrary_single,3,7,0.03,0.01,0.02,0.0,0.07,0.0,0.03,100,100,v3/results_vllm/arbitrary_single/gemma-3-270m-it/stage1_sweep_20260409_014928.json
gemma-3-270m-it,arbitrary_single,3,10,0.01,0.0,0.01,0.0,0.03,0.0,0.0,100,100,v3/results_vllm/arbitrary_single/gemma-3-270m-it/stage1_sweep_20260409_014928.json
gemma-3-270m-it,arbitrary_single,3,15,0.09,0.02,0.07,0.04,0.15,0.0,0.05,100,100,v3/results_vllm/arbitrary_single/gemma-3-270m-it/stage1_sweep_20260409_014928.json
gemma-3-270m-it,arbitrary_single,3,20,0.12,0.0,0.12,0.06,0.18,0.0,0.0,100,100,v3/results_vllm/arbitrary_single/gemma-3-270m-it/stage1_sweep_20260409_014928.json
gemma-3-270m-it,arbitrary_single,5,5,0.02,0.03,-0.01,0.0,0.05,0.0,0.07,100,100,v3/results_vllm/arbitrary_single/gemma-3-270m-it/stage1_sweep_20260409_014928.json
gemma-3-270m-it,arbitrary_single,5,7,0.04,0.02,0.02,0.01,0.09,0.0,0.05,100,100,v3/results_vllm/arbitrary_single/gemma-3-270m-it/stage1_sweep_20260409_014928.json
gemma-3-270m-it,arbitrary_single,5,10,0.1,0.01,0.09,0.05,0.16,0.0,0.03,100,100,v3/results_vllm/arbitrary_single/gemma-3-270m-it/stage1_sweep_20260409_014928.json
gemma-3-270m-it,arbitrary_single,5,15,0.15,0.02,0.13,0.08,0.22,0.0,0.05,100,100,v3/results_vllm/arbitrary_single/gemma-3-270m-it/stage1_sweep_20260409_014928.json
gemma-3-270m-it,arbitrary_single,5,20,0.36,0.04,0.32,0.27,0.46,0.01,0.08,100,100,v3/results_vllm/arbitrary_single/gemma-3-270m-it/stage1_sweep_20260409_014928.json
gemma-3-270m-it,arbitrary_single,5,30,0.44,0.01,0.43,0.34,0.54,0.0,0.03,100,100,v3/results_vllm/arbitrary_single/gemma-3-270m-it/stage1_sweep_20260409_014928.json
gemma-3-270m-it,arbitrary_single,5,50,0.25,0.02,0.23,0.17,0.34,0.0,0.05,100,100,v3/results_vllm/arbitrary_single/gemma-3-270m-it/stage1_sweep_20260409_014928.json
gemma-3-270m-it,arbitrary_single,5,75,0.19,0.01,0.18,0.12,0.26,0.0,0.03,100,100,v3/results_vllm/arbitrary_single/gemma-3-270m-it/stage1_sweep_20260409_014928.json
gemma-3-270m-it,arbitrary_single,7,5,0.14,0.04,0.1,0.08,0.21,0.01,0.08,100,100,v3/results_vllm/arbitrary_single/gemma-3-270m-it/stage1_sweep_20260409_014928.json
gemma-3-270m-it,arbitrary_single,7,7,0.06,0.06,0.0,0.02,0.11,0.02,0.11,100,100,v3/results_vllm/arbitrary_single/gemma-3-270m-it/stage1_sweep_20260409_014928.json
gemma-3-270m-it,arbitrary_single,7,10,0.1,0.01,0.09,0.04,0.16,0.0,0.03,100,100,v3/results_vllm/arbitrary_single/gemma-3-270m-it/stage1_sweep_20260409_014928.json
gemma-3-270m-it,arbitrary_single,7,15,0.33,0.02,0.31,0.24,0.42,0.0,0.05,100,100,v3/results_vllm/arbitrary_single/gemma-3-270m-it/stage1_sweep_20260409_014928.json
gemma-3-270m-it,arbitrary_single,7,20,0.31,0.01,0.3,0.22,0.4,0.0,0.03,100,100,v3/results_vllm/arbitrary_single/gemma-3-270m-it/stage1_sweep_20260409_014928.json
gemma-3-270m-it,arbitrary_single,7,30,0.47,0.04,0.43,0.37,0.5702,0.01,0.08,100,100,v3/results_vllm/arbitrary_single/gemma-3-270m-it/stage1_sweep_20260409_014928.json
gemma-3-270m-it,arbitrary_single,7,50,0.29,0.0,0.29,0.2,0.38,0.0,0.0,100,100,v3/results_vllm/arbitrary_single/gemma-3-270m-it/stage1_sweep_20260409_014928.json
gemma-3-270m-it,arbitrary_single,10,5,0.09,0.02,0.07,0.04,0.15,0.0,0.05,100,100,v3/results_vllm/arbitrary_single/gemma-3-270m-it/stage1_sweep_20260409_014928.json
gemma-3-270m-it,arbitrary_single,10,7,0.22,0.05,0.17,0.14,0.3,0.01,0.1,100,100,v3/results_vllm/arbitrary_single/gemma-3-270m-it/stage1_sweep_20260409_014928.json
gemma-3-270m-it,arbitrary_single,10,10,0.3,0.08,0.22,0.21,0.4,0.03,0.13,100,100,v3/results_vllm/arbitrary_single/gemma-3-270m-it/stage1_sweep_20260409_014928.json
gemma-3-270m-it,arbitrary_single,10,15,0.35,0.03,0.32,0.2598,0.44,0.0,0.07,100,100,v3/results_vllm/arbitrary_single/gemma-3-270m-it/stage1_sweep_20260409_014928.json
gemma-3-270m-it,arbitrary_single,10,20,0.39,0.02,0.37,0.3,0.48,0.0,0.05,100,100,v3/results_vllm/arbitrary_single/gemma-3-270m-it/stage1_sweep_20260409_014928.json
gemma-3-270m-it,arbitrary_single,10,30,0.32,0.0,0.32,0.23,0.41,0.0,0.0,100,100,v3/results_vllm/arbitrary_single/gemma-3-270m-it/stage1_sweep_20260409_014928.json
gemma-3-270m-it,arbitrary_single,10,50,0.24,0.03,0.21,0.16,0.33,0.0,0.07,100,100,v3/results_vllm/arbitrary_single/gemma-3-270m-it/stage1_sweep_20260409_014928.json
gemma-3-270m-it,arbitrary_single,10,75,0.1,0.0,0.1,0.05,0.16,0.0,0.0,100,100,v3/results_vllm/arbitrary_single/gemma-3-270m-it/stage1_sweep_20260409_014928.json
gemma-3-270m-it,arbitrary_single,10,100,0.01,0.01,0.0,0.0,0.03,0.0,0.03,100,100,v3/results_vllm/arbitrary_single/gemma-3-270m-it/stage1_sweep_20260409_014928.json
gemma-3-270m-it,arbitrary_single,15,5,0.2,0.01,0.19,0.12,0.28,0.0,0.03,100,100,v3/results_vllm/arbitrary_single/gemma-3-270m-it/stage1_sweep_20260409_014928.json
gemma-3-270m-it,arbitrary_single,15,7,0.34,0.06,0.28,0.25,0.43,0.02,0.11,100,100,v3/results_vllm/arbitrary_single/gemma-3-270m-it/stage1_sweep_20260409_014928.json
gemma-3-270m-it,arbitrary_single,15,10,0.35,0.07,0.28,0.26,0.45,0.03,0.12,100,100,v3/results_vllm/arbitrary_single/gemma-3-270m-it/stage1_sweep_20260409_014928.json
gemma-3-270m-it,arbitrary_single,15,15,0.34,0.02,0.32,0.25,0.43,0.0,0.05,100,100,v3/results_vllm/arbitrary_single/gemma-3-270m-it/stage1_sweep_20260409_014928.json
gemma-3-270m-it,arbitrary_single,15,20,0.3,0.01,0.29,0.21,0.39,0.0,0.03,100,100,v3/results_vllm/arbitrary_single/gemma-3-270m-it/stage1_sweep_20260409_014928.json
gemma-3-270m-it,arbitrary_single,15,30,0.2,0.03,0.17,0.13,0.28,0.0,0.07,100,100,v3/results_vllm/arbitrary_single/gemma-3-270m-it/stage1_sweep_20260409_014928.json
gemma-3-270m-it,arbitrary_single,15,50,0.05,0.0,0.05,0.01,0.0902,0.0,0.0,100,100,v3/results_vllm/arbitrary_single/gemma-3-270m-it/stage1_sweep_20260409_014928.json
gemma-3-270m-it,arbitrary_single,15,75,0.01,0.0,0.01,0.0,0.03,0.0,0.0,100,100,v3/results_vllm/arbitrary_single/gemma-3-270m-it/stage1_sweep_20260409_014928.json
gemma-3-270m-it,arbitrary_single,20,5,0.36,0.05,0.31,0.27,0.46,0.01,0.1,100,100,v3/results_vllm/arbitrary_single/gemma-3-270m-it/stage1_sweep_20260409_014928.json
gemma-3-270m-it,arbitrary_single,20,7,0.25,0.07,0.18,0.17,0.33,0.02,0.12,100,100,v3/results_vllm/arbitrary_single/gemma-3-270m-it/stage1_sweep_20260409_014928.json
gemma-3-270m-it,arbitrary_single,20,10,0.32,0.05,0.27,0.23,0.41,0.01,0.1,100,100,v3/results_vllm/arbitrary_single/gemma-3-270m-it/stage1_sweep_20260409_014928.json
gemma-3-270m-it,arbitrary_single,20,15,0.28,0.05,0.23,0.19,0.37,0.01,0.09,100,100,v3/results_vllm/arbitrary_single/gemma-3-270m-it/stage1_sweep_20260409_014928.json
gemma-3-270m-it,arbitrary_single,20,20,0.25,0.02,0.23,0.17,0.34,0.0,0.05,100,100,v3/results_vllm/arbitrary_single/gemma-3-270m-it/stage1_sweep_20260409_014928.json
gemma-3-270m-it,arbitrary_single,20,30,0.09,0.02,0.07,0.04,0.15,0.0,0.05,100,100,v3/results_vllm/arbitrary_single/gemma-3-270m-it/stage1_sweep_20260409_014928.json
gemma-3-270m-it,arbitrary_single,20,50,0.01,0.02,-0.01,0.0,0.03,0.0,0.05,100,100,v3/results_vllm/arbitrary_single/gemma-3-270m-it/stage1_sweep_20260409_014928.json
gemma-3-270m-it,arbitrary_single,20,75,0.03,0.03,0.0,0.0,0.07,0.0,0.07,100,100,v3/results_vllm/arbitrary_single/gemma-3-270m-it/stage1_sweep_20260409_014928.json
gemma-3-270m-it,arbitrary_single,25,5,0.31,0.1,0.21,0.22,0.4002,0.05,0.16,100,100,v3/results_vllm/arbitrary_single/gemma-3-270m-it/stage1_sweep_20260409_014928.json
gemma-3-270m-it,arbitrary_single,25,7,0.32,0.05,0.27,0.23,0.41,0.01,0.1,100,100,v3/results_vllm/arbitrary_single/gemma-3-270m-it/stage1_sweep_20260409_014928.json
gemma-3-270m-it,arbitrary_single,25,10,0.24,0.02,0.22,0.16,0.33,0.0,0.05,100,100,v3/results_vllm/arbitrary_single/gemma-3-270m-it/stage1_sweep_20260409_014928.json
gemma-3-270m-it,arbitrary_single,25,15,0.18,0.02,0.16,0.11,0.26,0.0,0.05,100,100,v3/results_vllm/arbitrary_single/gemma-3-270m-it/stage1_sweep_20260409_014928.json
gemma-3-270m-it,arbitrary_single,25,20,0.13,0.08,0.05,0.07,0.2,0.03,0.14,100,100,v3/results_vllm/arbitrary_single/gemma-3-270m-it/stage1_sweep_20260409_014928.json
gemma-3-270m-it,arbitrary_single,25,30,0.03,0.01,0.02,0.0,0.07,0.0,0.03,100,100,v3/results_vllm/arbitrary_single/gemma-3-270m-it/stage1_sweep_20260409_014928.json
gemma-3-270m-it,arbitrary_single,25,50,0.09,0.03,0.06,0.04,0.15,0.0,0.07,100,100,v3/results_vllm/arbitrary_single/gemma-3-270m-it/stage1_sweep_20260409_014928.json
gemma-3-270m-it,arbitrary_single,30,5,0.33,0.07,0.26,0.24,0.42,0.02,0.12,100,100,v3/results_vllm/arbitrary_single/gemma-3-270m-it/stage1_sweep_20260409_014928.json
gemma-3-270m-it,arbitrary_single,30,7,0.34,0.06,0.28,0.25,0.43,0.02,0.11,100,100,v3/results_vllm/arbitrary_single/gemma-3-270m-it/stage1_sweep_20260409_014928.json
gemma-3-270m-it,arbitrary_single,30,10,0.28,0.05,0.23,0.19,0.37,0.01,0.1,100,100,v3/results_vllm/arbitrary_single/gemma-3-270m-it/stage1_sweep_20260409_014928.json
gemma-3-270m-it,arbitrary_single,30,15,0.12,0.1,0.02,0.06,0.19,0.04,0.16,100,100,v3/results_vllm/arbitrary_single/gemma-3-270m-it/stage1_sweep_20260409_014928.json
gemma-3-270m-it,arbitrary_single,30,20,0.05,0.1,-0.05,0.01,0.09,0.04,0.16,100,100,v3/results_vllm/arbitrary_single/gemma-3-270m-it/stage1_sweep_20260409_014928.json
gemma-3-270m-it,arbitrary_single,30,30,0.03,0.02,0.01,0.0,0.07,0.0,0.05,100,100,v3/results_vllm/arbitrary_single/gemma-3-270m-it/stage1_sweep_20260409_014928.json
gemma-3-270m-it,arbitrary_single,30,50,0.02,0.04,-0.02,0.0,0.05,0.01,0.08,100,100,v3/results_vllm/arbitrary_single/gemma-3-270m-it/stage1_sweep_20260409_014928.json
gemma-3-270m-it,semantic_multi,2,5,0.07,0.05,0.02,0.03,0.12,0.01,0.1,100,100,v3/results_vllm/semantic_multi/gemma-3-270m-it/stage1_sweep_20260409_015237.json
gemma-3-270m-it,semantic_multi,2,7,0.11,0.01,0.1,0.05,0.18,0.0,0.03,100,100,v3/results_vllm/semantic_multi/gemma-3-270m-it/stage1_sweep_20260409_015237.json
gemma-3-270m-it,semantic_multi,2,10,0.08,0.0,0.08,0.03,0.13,0.0,0.0,100,100,v3/results_vllm/semantic_multi/gemma-3-270m-it/stage1_sweep_20260409_015237.json
gemma-3-270m-it,semantic_multi,2,15,0.06,0.0,0.06,0.02,0.11,0.0,0.0,100,100,v3/results_vllm/semantic_multi/gemma-3-270m-it/stage1_sweep_20260409_015237.json
gemma-3-270m-it,semantic_multi,3,5,0.07,0.04,0.03,0.02,0.12,0.01,0.08,100,100,v3/results_vllm/semantic_multi/gemma-3-270m-it/stage1_sweep_20260409_015237.json
gemma-3-270m-it,semantic_multi,3,7,0.04,0.03,0.01,0.01,0.08,0.0,0.07,100,100,v3/results_vllm/semantic_multi/gemma-3-270m-it/stage1_sweep_20260409_015237.json
gemma-3-270m-it,semantic_multi,3,10,0.05,0.0,0.05,0.01,0.09,0.0,0.0,100,100,v3/results_vllm/semantic_multi/gemma-3-270m-it/stage1_sweep_20260409_015237.json
gemma-3-270m-it,semantic_multi,3,15,0.11,0.01,0.1,0.05,0.17,0.0,0.03,100,100,v3/results_vllm/semantic_multi/gemma-3-270m-it/stage1_sweep_20260409_015237.json
gemma-3-270m-it,semantic_multi,3,20,0.08,0.0,0.08,0.03,0.14,0.0,0.0,100,100,v3/results_vllm/semantic_multi/gemma-3-270m-it/stage1_sweep_20260409_015237.json
gemma-3-270m-it,semantic_multi,5,5,0.04,0.03,0.01,0.01,0.08,0.0,0.07,100,100,v3/results_vllm/semantic_multi/gemma-3-270m-it/stage1_sweep_20260409_015237.json
gemma-3-270m-it,semantic_multi,5,7,0.14,0.04,0.1,0.07,0.21,0.01,0.08,100,100,v3/results_vllm/semantic_multi/gemma-3-270m-it/stage1_sweep_20260409_015237.json
gemma-3-270m-it,semantic_multi,5,10,0.14,0.03,0.11,0.08,0.21,0.0,0.07,100,100,v3/results_vllm/semantic_multi/gemma-3-270m-it/stage1_sweep_20260409_015237.json
gemma-3-270m-it,semantic_multi,5,15,0.23,0.05,0.18,0.14,0.32,0.01,0.1,100,100,v3/results_vllm/semantic_multi/gemma-3-270m-it/stage1_sweep_20260409_015237.json
gemma-3-270m-it,semantic_multi,5,20,0.31,0.08,0.23,0.22,0.4,0.03,0.14,100,100,v3/results_vllm/semantic_multi/gemma-3-270m-it/stage1_sweep_20260409_015237.json
gemma-3-270m-it,semantic_multi,5,30,0.31,0.05,0.26,0.22,0.4,0.01,0.1,100,100,v3/results_vllm/semantic_multi/gemma-3-270m-it/stage1_sweep_20260409_015237.json
gemma-3-270m-it,semantic_multi,5,50,0.11,0.03,0.08,0.05,0.17,0.0,0.07,100,100,v3/results_vllm/semantic_multi/gemma-3-270m-it/stage1_sweep_20260409_015237.json
gemma-3-270m-it,semantic_multi,7,5,0.09,0.02,0.07,0.04,0.15,0.0,0.05,100,100,v3/results_vllm/semantic_multi/gemma-3-270m-it/stage1_sweep_20260409_015237.json
gemma-3-270m-it,semantic_multi,7,7,0.09,0.01,0.08,0.04,0.15,0.0,0.03,100,100,v3/results_vllm/semantic_multi/gemma-3-270m-it/stage1_sweep_20260409_015237.json
gemma-3-270m-it,semantic_multi,7,10,0.12,0.08,0.04,0.06,0.19,0.03,0.14,100,100,v3/results_vllm/semantic_multi/gemma-3-270m-it/stage1_sweep_20260409_015237.json
gemma-3-270m-it,semantic_multi,7,15,0.18,0.09,0.09,0.11,0.26,0.04,0.15,100,100,v3/results_vllm/semantic_multi/gemma-3-270m-it/stage1_sweep_20260409_015237.json
gemma-3-270m-it,semantic_multi,7,20,0.19,0.11,0.08,0.12,0.27,0.05,0.18,100,100,v3/results_vllm/semantic_multi/gemma-3-270m-it/stage1_sweep_20260409_015237.json
gemma-3-270m-it,semantic_multi,7,30,0.13,0.06,0.07,0.07,0.2,0.02,0.11,100,100,v3/results_vllm/semantic_multi/gemma-3-270m-it/stage1_sweep_20260409_015237.json
gemma-3-270m-it,semantic_multi,7,50,0.13,0.01,0.12,0.07,0.2,0.0,0.03,100,100,v3/results_vllm/semantic_multi/gemma-3-270m-it/stage1_sweep_20260409_015237.json
gemma-3-270m-it,semantic_multi,10,5,0.09,0.06,0.03,0.04,0.15,0.02,0.11,100,100,v3/results_vllm/semantic_multi/gemma-3-270m-it/stage1_sweep_20260409_015237.json
gemma-3-270m-it,semantic_multi,10,7,0.23,0.1,0.13,0.15,0.31,0.05,0.16,100,100,v3/results_vllm/semantic_multi/gemma-3-270m-it/stage1_sweep_20260409_015237.json
gemma-3-270m-it,semantic_multi,10,10,0.22,0.11,0.11,0.14,0.31,0.05,0.18,100,100,v3/results_vllm/semantic_multi/gemma-3-270m-it/stage1_sweep_20260409_015237.json
gemma-3-270m-it,semantic_multi,10,15,0.13,0.09,0.04,0.07,0.2,0.04,0.15,100,100,v3/results_vllm/semantic_multi/gemma-3-270m-it/stage1_sweep_20260409_015237.json
gemma-3-270m-it,semantic_multi,10,20,0.13,0.05,0.08,0.07,0.2,0.01,0.09,100,100,v3/results_vllm/semantic_multi/gemma-3-270m-it/stage1_sweep_20260409_015237.json
gemma-3-270m-it,semantic_multi,10,30,0.06,0.03,0.03,0.02,0.11,0.0,0.07,100,100,v3/results_vllm/semantic_multi/gemma-3-270m-it/stage1_sweep_20260409_015237.json
gemma-3-270m-it,semantic_multi,10,50,0.09,0.03,0.06,0.04,0.15,0.0,0.06,100,100,v3/results_vllm/semantic_multi/gemma-3-270m-it/stage1_sweep_20260409_015237.json
gemma-3-270m-it,semantic_multi,15,5,0.17,0.12,0.05,0.1,0.24,0.06,0.19,100,100,v3/results_vllm/semantic_multi/gemma-3-270m-it/stage1_sweep_20260409_015237.json
gemma-3-270m-it,semantic_multi,15,7,0.23,0.09,0.14,0.15,0.31,0.04,0.15,100,100,v3/results_vllm/semantic_multi/gemma-3-270m-it/stage1_sweep_20260409_015237.json
gemma-3-270m-it,semantic_multi,15,10,0.15,0.06,0.09,0.08,0.22,0.02,0.11,100,100,v3/results_vllm/semantic_multi/gemma-3-270m-it/stage1_sweep_20260409_015237.json
gemma-3-270m-it,semantic_multi,15,15,0.19,0.05,0.14,0.12,0.27,0.01,0.1,100,100,v3/results_vllm/semantic_multi/gemma-3-270m-it/stage1_sweep_20260409_015237.json
gemma-3-270m-it,semantic_multi,15,20,0.1,0.07,0.03,0.04,0.16,0.02,0.12,100,100,v3/results_vllm/semantic_multi/gemma-3-270m-it/stage1_sweep_20260409_015237.json
gemma-3-270m-it,semantic_multi,15,30,0.15,0.03,0.12,0.08,0.22,0.0,0.07,100,100,v3/results_vllm/semantic_multi/gemma-3-270m-it/stage1_sweep_20260409_015237.json
gemma-3-270m-it,semantic_multi,15,50,0.04,0.0,0.04,0.01,0.08,0.0,0.0,100,100,v3/results_vllm/semantic_multi/gemma-3-270m-it/stage1_sweep_20260409_015237.json
gemma-3-270m-it,semantic_multi,20,5,0.25,0.1,0.15,0.17,0.34,0.05,0.16,100,100,v3/results_vllm/semantic_multi/gemma-3-270m-it/stage1_sweep_20260409_015237.json
gemma-3-270m-it,semantic_multi,20,7,0.26,0.18,0.08,0.18,0.35,0.11,0.26,100,100,v3/results_vllm/semantic_multi/gemma-3-270m-it/stage1_sweep_20260409_015237.json
gemma-3-270m-it,semantic_multi,20,10,0.11,0.09,0.02,0.05,0.17,0.04,0.15,100,100,v3/results_vllm/semantic_multi/gemma-3-270m-it/stage1_sweep_20260409_015237.json
gemma-3-270m-it,semantic_multi,20,15,0.13,0.1,0.03,0.07,0.2,0.04,0.17,100,100,v3/results_vllm/semantic_multi/gemma-3-270m-it/stage1_sweep_20260409_015237.json
gemma-3-270m-it,semantic_multi,20,20,0.13,0.05,0.08,0.07,0.2,0.01,0.1,100,100,v3/results_vllm/semantic_multi/gemma-3-270m-it/stage1_sweep_20260409_015237.json
gemma-3-270m-it,semantic_multi,20,30,0.01,0.02,-0.01,0.0,0.03,0.0,0.05,100,100,v3/results_vllm/semantic_multi/gemma-3-270m-it/stage1_sweep_20260409_015237.json
gemma-3-270m-it,semantic_multi,20,50,0.03,0.0,0.03,0.0,0.07,0.0,0.0,100,100,v3/results_vllm/semantic_multi/gemma-3-270m-it/stage1_sweep_20260409_015237.json
gemma-3-270m-it,semantic_multi,25,5,0.21,0.29,-0.08,0.13,0.29,0.21,0.38,100,100,v3/results_vllm/semantic_multi/gemma-3-270m-it/stage1_sweep_20260409_015237.json
gemma-3-270m-it,semantic_multi,25,7,0.17,0.16,0.01,0.1,0.25,0.09,0.24,100,100,v3/results_vllm/semantic_multi/gemma-3-270m-it/stage1_sweep_20260409_015237.json
gemma-3-270m-it,semantic_multi,25,10,0.19,0.09,0.1,0.12,0.27,0.04,0.15,100,100,v3/results_vllm/semantic_multi/gemma-3-270m-it/stage1_sweep_20260409_015237.json
gemma-3-270m-it,semantic_multi,25,15,0.13,0.09,0.04,0.07,0.2,0.04,0.15,100,100,v3/results_vllm/semantic_multi/gemma-3-270m-it/stage1_sweep_20260409_015237.json
gemma-3-270m-it,semantic_multi,25,20,0.12,0.07,0.05,0.06,0.19,0.03,0.13,100,100,v3/results_vllm/semantic_multi/gemma-3-270m-it/stage1_sweep_20260409_015237.json
gemma-3-270m-it,semantic_multi,25,30,0.05,0.02,0.03,0.01,0.1,0.0,0.05,100,100,v3/results_vllm/semantic_multi/gemma-3-270m-it/stage1_sweep_20260409_015237.json
gemma-3-270m-it,semantic_multi,25,50,0.04,0.06,-0.02,0.01,0.08,0.02,0.11,100,100,v3/results_vllm/semantic_multi/gemma-3-270m-it/stage1_sweep_20260409_015237.json
gemma-3-270m-it,semantic_multi,30,5,0.19,0.12,0.07,0.11,0.27,0.06,0.19,100,100,v3/results_vllm/semantic_multi/gemma-3-270m-it/stage1_sweep_20260409_015237.json
gemma-3-270m-it,semantic_multi,30,7,0.16,0.13,0.03,0.09,0.23,0.07,0.1902,100,100,v3/results_vllm/semantic_multi/gemma-3-270m-it/stage1_sweep_20260409_015237.json
gemma-3-270m-it,semantic_multi,30,10,0.12,0.11,0.01,0.06,0.18,0.05,0.17,100,100,v3/results_vllm/semantic_multi/gemma-3-270m-it/stage1_sweep_20260409_015237.json
gemma-3-270m-it,semantic_multi,30,15,0.08,0.14,-0.06,0.03,0.14,0.0798,0.21,100,100,v3/results_vllm/semantic_multi/gemma-3-270m-it/stage1_sweep_20260409_015237.json
gemma-3-270m-it,semantic_multi,30,20,0.01,0.06,-0.05,0.0,0.03,0.02,0.11,100,100,v3/results_vllm/semantic_multi/gemma-3-270m-it/stage1_sweep_20260409_015237.json
gemma-3-270m-it,semantic_multi,30,30,0.02,0.01,0.01,0.0,0.05,0.0,0.03,100,100,v3/results_vllm/semantic_multi/gemma-3-270m-it/stage1_sweep_20260409_015237.json
gemma-3-4b-it,arbitrary_single,2,5,1.0,0.87,0.13,1.0,1.0,0.8,0.93,100,100,v3/results_vllm/arbitrary_single/gemma-3-4b-it/stage1_sweep_20260409_022631.json
gemma-3-4b-it,arbitrary_single,2,7,0.99,0.64,0.35,0.97,1.0,0.55,0.73,100,100,v3/results_vllm/arbitrary_single/gemma-3-4b-it/stage1_sweep_20260409_022631.json
gemma-3-4b-it,arbitrary_single,2,10,1.0,0.66,0.34,1.0,1.0,0.57,0.75,100,100,v3/results_vllm/arbitrary_single/gemma-3-4b-it/stage1_sweep_20260409_022631.json
gemma-3-4b-it,arbitrary_single,2,15,1.0,0.7,0.3,1.0,1.0,0.6,0.79,100,100,v3/results_vllm/arbitrary_single/gemma-3-4b-it/stage1_sweep_20260409_022631.json
gemma-3-4b-it,arbitrary_single,2,20,1.0,0.67,0.33,1.0,1.0,0.58,0.76,100,100,v3/results_vllm/arbitrary_single/gemma-3-4b-it/stage1_sweep_20260409_022631.json
gemma-3-4b-it,arbitrary_single,2,30,1.0,0.62,0.38,1.0,1.0,0.53,0.71,100,100,v3/results_vllm/arbitrary_single/gemma-3-4b-it/stage1_sweep_20260409_022631.json
gemma-3-4b-it,arbitrary_single,2,50,1.0,0.54,0.46,1.0,1.0,0.44,0.63,100,100,v3/results_vllm/arbitrary_single/gemma-3-4b-it/stage1_sweep_20260409_022631.json
gemma-3-4b-it,arbitrary_single,2,75,0.99,0.45,0.54,0.97,1.0,0.35,0.55,100,100,v3/results_vllm/arbitrary_single/gemma-3-4b-it/stage1_sweep_20260409_022631.json
gemma-3-4b-it,arbitrary_single,2,100,0.99,0.38,0.61,0.97,1.0,0.29,0.47,100,100,v3/results_vllm/arbitrary_single/gemma-3-4b-it/stage1_sweep_20260409_022631.json
gemma-3-4b-it,arbitrary_single,3,5,1.0,0.87,0.13,1.0,1.0,0.8,0.94,100,100,v3/results_vllm/arbitrary_single/gemma-3-4b-it/stage1_sweep_20260409_022631.json
gemma-3-4b-it,arbitrary_single,3,7,0.99,0.74,0.25,0.97,1.0,0.65,0.82,100,100,v3/results_vllm/arbitrary_single/gemma-3-4b-it/stage1_sweep_20260409_022631.json
gemma-3-4b-it,arbitrary_single,3,10,0.99,0.77,0.22,0.97,1.0,0.69,0.85,100,100,v3/results_vllm/arbitrary_single/gemma-3-4b-it/stage1_sweep_20260409_022631.json
gemma-3-4b-it,arbitrary_single,3,15,1.0,0.84,0.16,1.0,1.0,0.77,0.91,100,100,v3/results_vllm/arbitrary_single/gemma-3-4b-it/stage1_sweep_20260409_022631.json
gemma-3-4b-it,arbitrary_single,3,20,1.0,0.67,0.33,1.0,1.0,0.57,0.76,100,100,v3/results_vllm/arbitrary_single/gemma-3-4b-it/stage1_sweep_20260409_022631.json
gemma-3-4b-it,arbitrary_single,3,30,0.98,0.61,0.37,0.95,1.0,0.52,0.7,100,100,v3/results_vllm/arbitrary_single/gemma-3-4b-it/stage1_sweep_20260409_022631.json
gemma-3-4b-it,arbitrary_single,3,50,1.0,0.57,0.43,1.0,1.0,0.47,0.67,100,100,v3/results_vllm/arbitrary_single/gemma-3-4b-it/stage1_sweep_20260409_022631.json
gemma-3-4b-it,arbitrary_single,3,75,0.97,0.6,0.37,0.94,1.0,0.5,0.7,100,100,v3/results_vllm/arbitrary_single/gemma-3-4b-it/stage1_sweep_20260409_022631.json
gemma-3-4b-it,arbitrary_single,3,100,0.98,0.52,0.46,0.95,1.0,0.42,0.62,100,100,v3/results_vllm/arbitrary_single/gemma-3-4b-it/stage1_sweep_20260409_022631.json
gemma-3-4b-it,arbitrary_single,5,5,0.98,0.86,0.12,0.95,1.0,0.79,0.93,100,100,v3/results_vllm/arbitrary_single/gemma-3-4b-it/stage1_sweep_20260409_022631.json
gemma-3-4b-it,arbitrary_single,5,7,1.0,0.76,0.24,1.0,1.0,0.67,0.84,100,100,v3/results_vllm/arbitrary_single/gemma-3-4b-it/stage1_sweep_20260409_022631.json
gemma-3-4b-it,arbitrary_single,5,10,0.99,0.69,0.3,0.97,1.0,0.6,0.78,100,100,v3/results_vllm/arbitrary_single/gemma-3-4b-it/stage1_sweep_20260409_022631.json
gemma-3-4b-it,arbitrary_single,5,15,1.0,0.72,0.28,1.0,1.0,0.6398,0.8,100,100,v3/results_vllm/arbitrary_single/gemma-3-4b-it/stage1_sweep_20260409_022631.json
gemma-3-4b-it,arbitrary_single,5,20,0.99,0.82,0.17,0.97,1.0,0.7498,0.89,100,100,v3/results_vllm/arbitrary_single/gemma-3-4b-it/stage1_sweep_20260409_022631.json
gemma-3-4b-it,arbitrary_single,5,30,1.0,0.71,0.29,1.0,1.0,0.62,0.8,100,100,v3/results_vllm/arbitrary_single/gemma-3-4b-it/stage1_sweep_20260409_022631.json
gemma-3-4b-it,arbitrary_single,5,50,1.0,0.66,0.34,1.0,1.0,0.57,0.75,100,100,v3/results_vllm/arbitrary_single/gemma-3-4b-it/stage1_sweep_20260409_022631.json
gemma-3-4b-it,arbitrary_single,5,75,0.97,0.53,0.44,0.93,1.0,0.44,0.62,100,100,v3/results_vllm/arbitrary_single/gemma-3-4b-it/stage1_sweep_20260409_022631.json
gemma-3-4b-it,arbitrary_single,5,100,0.96,0.4,0.56,0.92,0.99,0.3,0.5,100,100,v3/results_vllm/arbitrary_single/gemma-3-4b-it/stage1_sweep_20260409_022631.json
gemma-3-4b-it,arbitrary_single,7,5,1.0,0.82,0.18,1.0,1.0,0.74,0.89,100,100,v3/results_vllm/arbitrary_single/gemma-3-4b-it/stage1_sweep_20260409_022631.json
gemma-3-4b-it,arbitrary_single,7,7,1.0,0.85,0.15,1.0,1.0,0.7798,0.91,100,100,v3/results_vllm/arbitrary_single/gemma-3-4b-it/stage1_sweep_20260409_022631.json
gemma-3-4b-it,arbitrary_single,7,10,0.99,0.78,0.21,0.97,1.0,0.69,0.87,100,100,v3/results_vllm/arbitrary_single/gemma-3-4b-it/stage1_sweep_20260409_022631.json
gemma-3-4b-it,arbitrary_single,7,15,0.99,0.78,0.21,0.97,1.0,0.7,0.86,100,100,v3/results_vllm/arbitrary_single/gemma-3-4b-it/stage1_sweep_20260409_022631.json
gemma-3-4b-it,arbitrary_single,7,20,0.99,0.71,0.28,0.97,1.0,0.62,0.79,100,100,v3/results_vllm/arbitrary_single/gemma-3-4b-it/stage1_sweep_20260409_022631.json
gemma-3-4b-it,arbitrary_single,7,30,0.95,0.52,0.43,0.91,0.99,0.42,0.62,100,100,v3/results_vllm/arbitrary_single/gemma-3-4b-it/stage1_sweep_20260409_022631.json
gemma-3-4b-it,arbitrary_single,7,50,0.95,0.5,0.45,0.9,0.99,0.4,0.6,100,100,v3/results_vllm/arbitrary_single/gemma-3-4b-it/stage1_sweep_20260409_022631.json
gemma-3-4b-it,arbitrary_single,7,75,0.93,0.31,0.62,0.88,0.97,0.22,0.4,100,100,v3/results_vllm/arbitrary_single/gemma-3-4b-it/stage1_sweep_20260409_022631.json
gemma-3-4b-it,arbitrary_single,7,100,0.94,0.17,0.77,0.9,0.98,0.1,0.25,100,100,v3/results_vllm/arbitrary_single/gemma-3-4b-it/stage1_sweep_20260409_022631.json
gemma-3-4b-it,arbitrary_single,10,5,1.0,0.9,0.1,1.0,1.0,0.84,0.95,100,100,v3/results_vllm/arbitrary_single/gemma-3-4b-it/stage1_sweep_20260409_022631.json
gemma-3-4b-it,arbitrary_single,10,7,1.0,0.77,0.23,1.0,1.0,0.69,0.85,100,100,v3/results_vllm/arbitrary_single/gemma-3-4b-it/stage1_sweep_20260409_022631.json
gemma-3-4b-it,arbitrary_single,10,10,1.0,0.71,0.29,1.0,1.0,0.62,0.79,100,100,v3/results_vllm/arbitrary_single/gemma-3-4b-it/stage1_sweep_20260409_022631.json
gemma-3-4b-it,arbitrary_single,10,15,0.99,0.81,0.18,0.97,1.0,0.73,0.89,100,100,v3/results_vllm/arbitrary_single/gemma-3-4b-it/stage1_sweep_20260409_022631.json
gemma-3-4b-it,arbitrary_single,10,20,0.99,0.55,0.44,0.97,1.0,0.4598,0.65,100,100,v3/results_vllm/arbitrary_single/gemma-3-4b-it/stage1_sweep_20260409_022631.json
gemma-3-4b-it,arbitrary_single,10,30,0.99,0.46,0.53,0.97,1.0,0.37,0.56,100,100,v3/results_vllm/arbitrary_single/gemma-3-4b-it/stage1_sweep_20260409_022631.json
gemma-3-4b-it,arbitrary_single,10,50,0.93,0.32,0.61,0.88,0.97,0.23,0.41,100,100,v3/results_vllm/arbitrary_single/gemma-3-4b-it/stage1_sweep_20260409_022631.json
gemma-3-4b-it,arbitrary_single,10,75,0.92,0.14,0.78,0.86,0.97,0.08,0.21,100,100,v3/results_vllm/arbitrary_single/gemma-3-4b-it/stage1_sweep_20260409_022631.json
gemma-3-4b-it,arbitrary_single,10,100,0.86,0.1,0.76,0.79,0.92,0.05,0.16,100,100,v3/results_vllm/arbitrary_single/gemma-3-4b-it/stage1_sweep_20260409_022631.json
gemma-3-4b-it,arbitrary_single,15,5,1.0,0.8,0.2,1.0,1.0,0.72,0.87,100,100,v3/results_vllm/arbitrary_single/gemma-3-4b-it/stage1_sweep_20260409_022631.json
gemma-3-4b-it,arbitrary_single,15,7,0.97,0.64,0.33,0.93,1.0,0.55,0.73,100,100,v3/results_vllm/arbitrary_single/gemma-3-4b-it/stage1_sweep_20260409_022631.json
gemma-3-4b-it,arbitrary_single,15,10,0.98,0.59,0.39,0.95,1.0,0.4998,0.68,100,100,v3/results_vllm/arbitrary_single/gemma-3-4b-it/stage1_sweep_20260409_022631.json
gemma-3-4b-it,arbitrary_single,15,15,0.95,0.44,0.51,0.91,0.99,0.35,0.54,100,100,v3/results_vllm/arbitrary_single/gemma-3-4b-it/stage1_sweep_20260409_022631.json
gemma-3-4b-it,arbitrary_single,15,20,0.92,0.32,0.6,0.86,0.97,0.23,0.42,100,100,v3/results_vllm/arbitrary_single/gemma-3-4b-it/stage1_sweep_20260409_022631.json
gemma-3-4b-it,arbitrary_single,15,30,0.92,0.22,0.7,0.87,0.97,0.14,0.3,100,100,v3/results_vllm/arbitrary_single/gemma-3-4b-it/stage1_sweep_20260409_022631.json
gemma-3-4b-it,arbitrary_single,15,50,0.85,0.12,0.73,0.77,0.92,0.06,0.18,100,100,v3/results_vllm/arbitrary_single/gemma-3-4b-it/stage1_sweep_20260409_022631.json
gemma-3-4b-it,arbitrary_single,15,75,0.82,0.09,0.73,0.74,0.89,0.04,0.15,100,100,v3/results_vllm/arbitrary_single/gemma-3-4b-it/stage1_sweep_20260409_022631.json
gemma-3-4b-it,arbitrary_single,15,100,0.85,0.02,0.83,0.78,0.91,0.0,0.05,100,100,v3/results_vllm/arbitrary_single/gemma-3-4b-it/stage1_sweep_20260409_022631.json
gemma-3-4b-it,arbitrary_single,20,5,0.92,0.77,0.15,0.86,0.97,0.68,0.85,100,100,v3/results_vllm/arbitrary_single/gemma-3-4b-it/stage1_sweep_20260409_022631.json
gemma-3-4b-it,arbitrary_single,20,7,0.99,0.7,0.29,0.97,1.0,0.61,0.79,100,100,v3/results_vllm/arbitrary_single/gemma-3-4b-it/stage1_sweep_20260409_022631.json
gemma-3-4b-it,arbitrary_single,20,10,0.96,0.36,0.6,0.92,0.99,0.27,0.46,100,100,v3/results_vllm/arbitrary_single/gemma-3-4b-it/stage1_sweep_20260409_022631.json
gemma-3-4b-it,arbitrary_single,20,15,0.95,0.32,0.63,0.9,0.99,0.23,0.41,100,100,v3/results_vllm/arbitrary_single/gemma-3-4b-it/stage1_sweep_20260409_022631.json
gemma-3-4b-it,arbitrary_single,20,20,0.89,0.22,0.67,0.83,0.95,0.14,0.31,100,100,v3/results_vllm/arbitrary_single/gemma-3-4b-it/stage1_sweep_20260409_022631.json
gemma-3-4b-it,arbitrary_single,20,30,0.83,0.16,0.67,0.75,0.9,0.09,0.23,100,100,v3/results_vllm/arbitrary_single/gemma-3-4b-it/stage1_sweep_20260409_022631.json
gemma-3-4b-it,arbitrary_single,20,50,0.85,0.08,0.77,0.78,0.92,0.03,0.14,100,100,v3/results_vllm/arbitrary_single/gemma-3-4b-it/stage1_sweep_20260409_022631.json
gemma-3-4b-it,arbitrary_single,20,75,0.85,0.07,0.78,0.77,0.92,0.03,0.12,100,100,v3/results_vllm/arbitrary_single/gemma-3-4b-it/stage1_sweep_20260409_022631.json
gemma-3-4b-it,arbitrary_single,25,5,0.97,0.7,0.27,0.93,1.0,0.61,0.79,100,100,v3/results_vllm/arbitrary_single/gemma-3-4b-it/stage1_sweep_20260409_022631.json
gemma-3-4b-it,arbitrary_single,25,7,0.96,0.55,0.41,0.92,0.99,0.45,0.65,100,100,v3/results_vllm/arbitrary_single/gemma-3-4b-it/stage1_sweep_20260409_022631.json
gemma-3-4b-it,arbitrary_single,25,10,0.95,0.32,0.63,0.9,0.99,0.23,0.41,100,100,v3/results_vllm/arbitrary_single/gemma-3-4b-it/stage1_sweep_20260409_022631.json
gemma-3-4b-it,arbitrary_single,25,15,0.88,0.13,0.75,0.81,0.94,0.07,0.2,100,100,v3/results_vllm/arbitrary_single/gemma-3-4b-it/stage1_sweep_20260409_022631.json
gemma-3-4b-it,arbitrary_single,25,20,0.8,0.12,0.68,0.72,0.87,0.06,0.19,100,100,v3/results_vllm/arbitrary_single/gemma-3-4b-it/stage1_sweep_20260409_022631.json
gemma-3-4b-it,arbitrary_single,25,30,0.86,0.04,0.82,0.79,0.92,0.01,0.08,100,100,v3/results_vllm/arbitrary_single/gemma-3-4b-it/stage1_sweep_20260409_022631.json
gemma-3-4b-it,arbitrary_single,25,50,0.81,0.09,0.72,0.73,0.88,0.04,0.15,100,100,v3/results_vllm/arbitrary_single/gemma-3-4b-it/stage1_sweep_20260409_022631.json
gemma-3-4b-it,arbitrary_single,30,5,0.98,0.49,0.49,0.95,1.0,0.39,0.59,100,100,v3/results_vllm/arbitrary_single/gemma-3-4b-it/stage1_sweep_20260409_022631.json
gemma-3-4b-it,arbitrary_single,30,7,0.94,0.39,0.55,0.89,0.98,0.3,0.49,100,100,v3/results_vllm/arbitrary_single/gemma-3-4b-it/stage1_sweep_20260409_022631.json
gemma-3-4b-it,arbitrary_single,30,10,0.94,0.21,0.73,0.89,0.98,0.13,0.29,100,100,v3/results_vllm/arbitrary_single/gemma-3-4b-it/stage1_sweep_20260409_022631.json
gemma-3-4b-it,arbitrary_single,30,15,0.83,0.16,0.67,0.75,0.9,0.09,0.24,100,100,v3/results_vllm/arbitrary_single/gemma-3-4b-it/stage1_sweep_20260409_022631.json
gemma-3-4b-it,arbitrary_single,30,20,0.89,0.09,0.8,0.83,0.95,0.04,0.15,100,100,v3/results_vllm/arbitrary_single/gemma-3-4b-it/stage1_sweep_20260409_022631.json
gemma-3-4b-it,arbitrary_single,30,30,0.91,0.04,0.87,0.85,0.96,0.01,0.0802,100,100,v3/results_vllm/arbitrary_single/gemma-3-4b-it/stage1_sweep_20260409_022631.json
gemma-3-4b-it,arbitrary_single,30,50,0.87,0.06,0.81,0.8,0.93,0.02,0.11,100,100,v3/results_vllm/arbitrary_single/gemma-3-4b-it/stage1_sweep_20260409_022631.json
gemma-3-4b-it,semantic_multi,2,5,1.0,0.85,0.15,1.0,1.0,0.78,0.92,100,100,v3/results_vllm/semantic_multi/gemma-3-4b-it/stage1_sweep_20260409_024127.json
gemma-3-4b-it,semantic_multi,2,7,0.97,0.75,0.22,0.93,1.0,0.67,0.83,100,100,v3/results_vllm/semantic_multi/gemma-3-4b-it/stage1_sweep_20260409_024127.json
gemma-3-4b-it,semantic_multi,2,10,0.99,0.82,0.17,0.97,1.0,0.75,0.89,100,100,v3/results_vllm/semantic_multi/gemma-3-4b-it/stage1_sweep_20260409_024127.json
gemma-3-4b-it,semantic_multi,2,15,0.98,0.76,0.22,0.95,1.0,0.68,0.8402,100,100,v3/results_vllm/semantic_multi/gemma-3-4b-it/stage1_sweep_20260409_024127.json
gemma-3-4b-it,semantic_multi,2,20,0.98,0.75,0.23,0.95,1.0,0.66,0.83,100,100,v3/results_vllm/semantic_multi/gemma-3-4b-it/stage1_sweep_20260409_024127.json
gemma-3-4b-it,semantic_multi,2,30,0.99,0.74,0.25,0.97,1.0,0.65,0.83,100,100,v3/results_vllm/semantic_multi/gemma-3-4b-it/stage1_sweep_20260409_024127.json
gemma-3-4b-it,semantic_multi,2,50,0.97,0.63,0.34,0.93,1.0,0.53,0.72,100,100,v3/results_vllm/semantic_multi/gemma-3-4b-it/stage1_sweep_20260409_024127.json
gemma-3-4b-it,semantic_multi,3,5,0.98,0.91,0.07,0.95,1.0,0.85,0.96,100,100,v3/results_vllm/semantic_multi/gemma-3-4b-it/stage1_sweep_20260409_024127.json
gemma-3-4b-it,semantic_multi,3,7,0.98,0.78,0.2,0.95,1.0,0.7,0.86,100,100,v3/results_vllm/semantic_multi/gemma-3-4b-it/stage1_sweep_20260409_024127.json
gemma-3-4b-it,semantic_multi,3,10,0.97,0.78,0.19,0.93,1.0,0.7,0.86,100,100,v3/results_vllm/semantic_multi/gemma-3-4b-it/stage1_sweep_20260409_024127.json
gemma-3-4b-it,semantic_multi,3,15,0.97,0.83,0.14,0.93,1.0,0.75,0.9,100,100,v3/results_vllm/semantic_multi/gemma-3-4b-it/stage1_sweep_20260409_024127.json
gemma-3-4b-it,semantic_multi,3,20,0.98,0.78,0.2,0.95,1.0,0.7,0.86,100,100,v3/results_vllm/semantic_multi/gemma-3-4b-it/stage1_sweep_20260409_024127.json
gemma-3-4b-it,semantic_multi,3,30,0.97,0.7,0.27,0.93,1.0,0.61,0.79,100,100,v3/results_vllm/semantic_multi/gemma-3-4b-it/stage1_sweep_20260409_024127.json
gemma-3-4b-it,semantic_multi,3,50,0.99,0.7,0.29,0.97,1.0,0.61,0.79,100,100,v3/results_vllm/semantic_multi/gemma-3-4b-it/stage1_sweep_20260409_024127.json
gemma-3-4b-it,semantic_multi,5,5,0.99,0.89,0.1,0.97,1.0,0.82,0.95,100,100,v3/results_vllm/semantic_multi/gemma-3-4b-it/stage1_sweep_20260409_024127.json
gemma-3-4b-it,semantic_multi,5,7,0.99,0.82,0.17,0.97,1.0,0.74,0.89,100,100,v3/results_vllm/semantic_multi/gemma-3-4b-it/stage1_sweep_20260409_024127.json
gemma-3-4b-it,semantic_multi,5,10,1.0,0.75,0.25,1.0,1.0,0.67,0.84,100,100,v3/results_vllm/semantic_multi/gemma-3-4b-it/stage1_sweep_20260409_024127.json
gemma-3-4b-it,semantic_multi,5,15,1.0,0.78,0.22,1.0,1.0,0.7,0.86,100,100,v3/results_vllm/semantic_multi/gemma-3-4b-it/stage1_sweep_20260409_024127.json
gemma-3-4b-it,semantic_multi,5,20,0.99,0.79,0.2,0.97,1.0,0.71,0.86,100,100,v3/results_vllm/semantic_multi/gemma-3-4b-it/stage1_sweep_20260409_024127.json
gemma-3-4b-it,semantic_multi,5,30,0.97,0.68,0.29,0.93,1.0,0.59,0.77,100,100,v3/results_vllm/semantic_multi/gemma-3-4b-it/stage1_sweep_20260409_024127.json
gemma-3-4b-it,semantic_multi,5,50,0.96,0.68,0.28,0.92,0.99,0.59,0.77,100,100,v3/results_vllm/semantic_multi/gemma-3-4b-it/stage1_sweep_20260409_024127.json
gemma-3-4b-it,semantic_multi,7,5,0.99,0.87,0.12,0.97,1.0,0.8,0.93,100,100,v3/results_vllm/semantic_multi/gemma-3-4b-it/stage1_sweep_20260409_024127.json
gemma-3-4b-it,semantic_multi,7,7,0.99,0.83,0.16,0.97,1.0,0.75,0.9,100,100,v3/results_vllm/semantic_multi/gemma-3-4b-it/stage1_sweep_20260409_024127.json
gemma-3-4b-it,semantic_multi,7,10,0.95,0.83,0.12,0.9,0.99,0.75,0.9,100,100,v3/results_vllm/semantic_multi/gemma-3-4b-it/stage1_sweep_20260409_024127.json
gemma-3-4b-it,semantic_multi,7,15,0.99,0.79,0.2,0.97,1.0,0.7,0.87,100,100,v3/results_vllm/semantic_multi/gemma-3-4b-it/stage1_sweep_20260409_024127.json
gemma-3-4b-it,semantic_multi,7,20,0.98,0.81,0.17,0.95,1.0,0.73,0.88,100,100,v3/results_vllm/semantic_multi/gemma-3-4b-it/stage1_sweep_20260409_024127.json
gemma-3-4b-it,semantic_multi,7,30,0.95,0.68,0.27,0.9,0.99,0.59,0.77,100,100,v3/results_vllm/semantic_multi/gemma-3-4b-it/stage1_sweep_20260409_024127.json
gemma-3-4b-it,semantic_multi,7,50,0.87,0.56,0.31,0.8,0.93,0.47,0.66,100,100,v3/results_vllm/semantic_multi/gemma-3-4b-it/stage1_sweep_20260409_024127.json
gemma-3-4b-it,semantic_multi,10,5,0.98,0.89,0.09,0.95,1.0,0.82,0.95,100,100,v3/results_vllm/semantic_multi/gemma-3-4b-it/stage1_sweep_20260409_024127.json
gemma-3-4b-it,semantic_multi,10,7,0.98,0.84,0.14,0.95,1.0,0.77,0.91,100,100,v3/results_vllm/semantic_multi/gemma-3-4b-it/stage1_sweep_20260409_024127.json
gemma-3-4b-it,semantic_multi,10,10,0.98,0.8,0.18,0.95,1.0,0.72,0.88,100,100,v3/results_vllm/semantic_multi/gemma-3-4b-it/stage1_sweep_20260409_024127.json
gemma-3-4b-it,semantic_multi,10,15,0.98,0.65,0.33,0.95,1.0,0.56,0.74,100,100,v3/results_vllm/semantic_multi/gemma-3-4b-it/stage1_sweep_20260409_024127.json
gemma-3-4b-it,semantic_multi,10,20,0.92,0.71,0.21,0.86,0.97,0.62,0.8,100,100,v3/results_vllm/semantic_multi/gemma-3-4b-it/stage1_sweep_20260409_024127.json
gemma-3-4b-it,semantic_multi,10,30,0.94,0.6,0.34,0.89,0.98,0.5,0.69,100,100,v3/results_vllm/semantic_multi/gemma-3-4b-it/stage1_sweep_20260409_024127.json
gemma-3-4b-it,semantic_multi,10,50,0.86,0.45,0.41,0.79,0.92,0.35,0.55,100,100,v3/results_vllm/semantic_multi/gemma-3-4b-it/stage1_sweep_20260409_024127.json
gemma-3-4b-it,semantic_multi,15,5,0.98,0.82,0.16,0.95,1.0,0.74,0.89,100,100,v3/results_vllm/semantic_multi/gemma-3-4b-it/stage1_sweep_20260409_024127.json
gemma-3-4b-it,semantic_multi,15,7,0.99,0.73,0.26,0.97,1.0,0.64,0.81,100,100,v3/results_vllm/semantic_multi/gemma-3-4b-it/stage1_sweep_20260409_024127.json
gemma-3-4b-it,semantic_multi,15,10,0.98,0.66,0.32,0.95,1.0,0.56,0.75,100,100,v3/results_vllm/semantic_multi/gemma-3-4b-it/stage1_sweep_20260409_024127.json
gemma-3-4b-it,semantic_multi,15,15,0.97,0.64,0.33,0.93,1.0,0.54,0.73,100,100,v3/results_vllm/semantic_multi/gemma-3-4b-it/stage1_sweep_20260409_024127.json
gemma-3-4b-it,semantic_multi,15,20,0.95,0.53,0.42,0.9,0.99,0.43,0.63,100,100,v3/results_vllm/semantic_multi/gemma-3-4b-it/stage1_sweep_20260409_024127.json
gemma-3-4b-it,semantic_multi,15,30,0.84,0.37,0.47,0.76,0.91,0.28,0.47,100,100,v3/results_vllm/semantic_multi/gemma-3-4b-it/stage1_sweep_20260409_024127.json
gemma-3-4b-it,semantic_multi,15,50,0.72,0.25,0.47,0.63,0.81,0.17,0.34,100,100,v3/results_vllm/semantic_multi/gemma-3-4b-it/stage1_sweep_20260409_024127.json
gemma-3-4b-it,semantic_multi,20,5,0.99,0.77,0.22,0.97,1.0,0.69,0.85,100,100,v3/results_vllm/semantic_multi/gemma-3-4b-it/stage1_sweep_20260409_024127.json
gemma-3-4b-it,semantic_multi,20,7,0.99,0.67,0.32,0.97,1.0,0.58,0.76,100,100,v3/results_vllm/semantic_multi/gemma-3-4b-it/stage1_sweep_20260409_024127.json
gemma-3-4b-it,semantic_multi,20,10,0.95,0.48,0.47,0.9,0.99,0.38,0.58,100,100,v3/results_vllm/semantic_multi/gemma-3-4b-it/stage1_sweep_20260409_024127.json
gemma-3-4b-it,semantic_multi,20,15,0.94,0.43,0.51,0.89,0.98,0.34,0.52,100,100,v3/results_vllm/semantic_multi/gemma-3-4b-it/stage1_sweep_20260409_024127.json
gemma-3-4b-it,semantic_multi,20,20,0.87,0.41,0.46,0.8,0.93,0.3198,0.51,100,100,v3/results_vllm/semantic_multi/gemma-3-4b-it/stage1_sweep_20260409_024127.json
gemma-3-4b-it,semantic_multi,20,30,0.94,0.21,0.73,0.89,0.98,0.13,0.29,100,100,v3/results_vllm/semantic_multi/gemma-3-4b-it/stage1_sweep_20260409_024127.json
gemma-3-4b-it,semantic_multi,20,50,0.78,0.23,0.55,0.7,0.85,0.15,0.31,100,100,v3/results_vllm/semantic_multi/gemma-3-4b-it/stage1_sweep_20260409_024127.json
gemma-3-4b-it,semantic_multi,25,5,0.97,0.72,0.25,0.93,1.0,0.63,0.81,100,100,v3/results_vllm/semantic_multi/gemma-3-4b-it/stage1_sweep_20260409_024127.json
gemma-3-4b-it,semantic_multi,25,7,0.96,0.58,0.38,0.92,0.99,0.48,0.6702,100,100,v3/results_vllm/semantic_multi/gemma-3-4b-it/stage1_sweep_20260409_024127.json
gemma-3-4b-it,semantic_multi,25,10,0.97,0.39,0.58,0.93,1.0,0.3,0.4802,100,100,v3/results_vllm/semantic_multi/gemma-3-4b-it/stage1_sweep_20260409_024127.json
gemma-3-4b-it,semantic_multi,25,15,0.92,0.39,0.53,0.87,0.97,0.29,0.49,100,100,v3/results_vllm/semantic_multi/gemma-3-4b-it/stage1_sweep_20260409_024127.json
gemma-3-4b-it,semantic_multi,25,20,0.88,0.29,0.59,0.81,0.94,0.21,0.38,100,100,v3/results_vllm/semantic_multi/gemma-3-4b-it/stage1_sweep_20260409_024127.json
gemma-3-4b-it,semantic_multi,25,30,0.81,0.22,0.59,0.73,0.88,0.14,0.3,100,100,v3/results_vllm/semantic_multi/gemma-3-4b-it/stage1_sweep_20260409_024127.json
gemma-3-4b-it,semantic_multi,25,50,0.84,0.22,0.62,0.76,0.91,0.14,0.3,100,100,v3/results_vllm/semantic_multi/gemma-3-4b-it/stage1_sweep_20260409_024127.json
gemma-3-4b-it,semantic_multi,30,5,0.99,0.66,0.33,0.97,1.0,0.56,0.75,100,100,v3/results_vllm/semantic_multi/gemma-3-4b-it/stage1_sweep_20260409_024127.json
gemma-3-4b-it,semantic_multi,30,7,0.94,0.41,0.53,0.89,0.98,0.32,0.5,100,100,v3/results_vllm/semantic_multi/gemma-3-4b-it/stage1_sweep_20260409_024127.json
gemma-3-4b-it,semantic_multi,30,10,0.88,0.43,0.45,0.81,0.94,0.33,0.52,100,100,v3/results_vllm/semantic_multi/gemma-3-4b-it/stage1_sweep_20260409_024127.json
gemma-3-4b-it,semantic_multi,30,15,0.85,0.32,0.53,0.78,0.91,0.23,0.42,100,100,v3/results_vllm/semantic_multi/gemma-3-4b-it/stage1_sweep_20260409_024127.json
gemma-3-4b-it,semantic_multi,30,20,0.89,0.19,0.7,0.82,0.95,0.12,0.27,100,100,v3/results_vllm/semantic_multi/gemma-3-4b-it/stage1_sweep_20260409_024127.json
gemma-3-4b-it,semantic_multi,30,30,0.82,0.25,0.57,0.74,0.9,0.17,0.34,100,100,v3/results_vllm/semantic_multi/gemma-3-4b-it/stage1_sweep_20260409_024127.json
mamba-1.4b-hf,arbitrary_single,2,5,0.7,0.05,0.65,0.61,0.79,0.01,0.1,100,100,v3/results_vllm/arbitrary_single/mamba-1.4b-hf/stage1_sweep_20260409_013931.json
mamba-1.4b-hf,arbitrary_single,2,7,0.75,0.07,0.68,0.66,0.83,0.03,0.12,100,100,v3/results_vllm/arbitrary_single/mamba-1.4b-hf/stage1_sweep_20260409_013931.json
mamba-1.4b-hf,arbitrary_single,2,10,0.65,0.06,0.59,0.55,0.74,0.02,0.11,100,100,v3/results_vllm/arbitrary_single/mamba-1.4b-hf/stage1_sweep_20260409_013931.json
pythia-410m,arbitrary_single,2,5,0.6,0.13,0.47,0.5,0.69,0.06,0.2,100,100,v3/results_vllm/arbitrary_single/pythia-410m/stage1_sweep_20260409_013555.json
pythia-410m,arbitrary_single,2,7,0.68,0.06,0.62,0.59,0.77,0.02,0.11,100,100,v3/results_vllm/arbitrary_single/pythia-410m/stage1_sweep_20260409_013555.json
pythia-410m,arbitrary_single,2,10,0.47,0.03,0.44,0.37,0.57,0.0,0.07,100,100,v3/results_vllm/arbitrary_single/pythia-410m/stage1_sweep_20260409_013555.json
pythia-410m,arbitrary_single,2,15,0.5,0.16,0.34,0.4,0.6,0.09,0.23,100,100,v3/results_vllm/arbitrary_single/pythia-410m/stage1_sweep_20260409_013555.json
pythia-410m,arbitrary_single,2,20,0.34,0.09,0.25,0.25,0.43,0.04,0.15,100,100,v3/results_vllm/arbitrary_single/pythia-410m/stage1_sweep_20260409_013555.json
pythia-410m,arbitrary_single,2,30,0.01,0.09,-0.08,0.0,0.03,0.04,0.15,100,100,v3/results_vllm/arbitrary_single/pythia-410m/stage1_sweep_20260409_013555.json
pythia-410m,arbitrary_single,2,50,0.0,0.14,-0.14,0.0,0.0,0.08,0.21,100,100,v3/results_vllm/arbitrary_single/pythia-410m/stage1_sweep_20260409_013555.json
pythia-410m,arbitrary_single,2,75,0.0,0.09,-0.09,0.0,0.0,0.04,0.15,100,100,v3/results_vllm/arbitrary_single/pythia-410m/stage1_sweep_20260409_013555.json
pythia-410m,arbitrary_single,3,5,0.65,0.12,0.53,0.55,0.74,0.06,0.1802,100,100,v3/results_vllm/arbitrary_single/pythia-410m/stage1_sweep_20260409_013555.json
pythia-410m,arbitrary_single,3,7,0.46,0.16,0.3,0.3698,0.56,0.09,0.23,100,100,v3/results_vllm/arbitrary_single/pythia-410m/stage1_sweep_20260409_013555.json
pythia-410m,arbitrary_single,3,10,0.29,0.15,0.14,0.2,0.38,0.08,0.22,100,100,v3/results_vllm/arbitrary_single/pythia-410m/stage1_sweep_20260409_013555.json
pythia-410m,arbitrary_single,3,15,0.16,0.17,-0.01,0.09,0.23,0.1,0.24,100,100,v3/results_vllm/arbitrary_single/pythia-410m/stage1_sweep_20260409_013555.json
pythia-410m,arbitrary_single,3,20,0.02,0.16,-0.14,0.0,0.05,0.09,0.24,100,100,v3/results_vllm/arbitrary_single/pythia-410m/stage1_sweep_20260409_013555.json
pythia-410m,arbitrary_single,3,30,0.0,0.2,-0.2,0.0,0.0,0.13,0.28,100,100,v3/results_vllm/arbitrary_single/pythia-410m/stage1_sweep_20260409_013555.json
pythia-410m,arbitrary_single,3,50,0.0,0.19,-0.19,0.0,0.0,0.12,0.27,100,100,v3/results_vllm/arbitrary_single/pythia-410m/stage1_sweep_20260409_013555.json
pythia-410m,arbitrary_single,3,75,0.0,0.11,-0.11,0.0,0.0,0.05,0.18,100,100,v3/results_vllm/arbitrary_single/pythia-410m/stage1_sweep_20260409_013555.json
pythia-410m,arbitrary_single,5,5,0.23,0.21,0.02,0.15,0.31,0.13,0.29,100,100,v3/results_vllm/arbitrary_single/pythia-410m/stage1_sweep_20260409_013555.json
pythia-410m,arbitrary_single,5,7,0.2,0.21,-0.01,0.12,0.28,0.14,0.29,100,100,v3/results_vllm/arbitrary_single/pythia-410m/stage1_sweep_20260409_013555.json
pythia-410m,arbitrary_single,5,10,0.04,0.26,-0.22,0.01,0.08,0.18,0.35,100,100,v3/results_vllm/arbitrary_single/pythia-410m/stage1_sweep_20260409_013555.json
pythia-410m,arbitrary_single,5,15,0.0,0.22,-0.22,0.0,0.0,0.14,0.3,100,100,v3/results_vllm/arbitrary_single/pythia-410m/stage1_sweep_20260409_013555.json
pythia-410m,arbitrary_single,5,20,0.0,0.19,-0.19,0.0,0.0,0.12,0.27,100,100,v3/results_vllm/arbitrary_single/pythia-410m/stage1_sweep_20260409_013555.json
pythia-410m,arbitrary_single,5,30,0.0,0.18,-0.18,0.0,0.0,0.11,0.2502,100,100,v3/results_vllm/arbitrary_single/pythia-410m/stage1_sweep_20260409_013555.json
pythia-410m,arbitrary_single,7,5,0.15,0.2,-0.05,0.08,0.22,0.13,0.28,100,100,v3/results_vllm/arbitrary_single/pythia-410m/stage1_sweep_20260409_013555.json
pythia-410m,arbitrary_single,7,7,0.05,0.24,-0.19,0.01,0.1,0.16,0.32,100,100,v3/results_vllm/arbitrary_single/pythia-410m/stage1_sweep_20260409_013555.json
pythia-410m,arbitrary_single,7,10,0.01,0.21,-0.2,0.0,0.03,0.13,0.29,100,100,v3/results_vllm/arbitrary_single/pythia-410m/stage1_sweep_20260409_013555.json
pythia-410m,arbitrary_single,7,15,0.0,0.21,-0.21,0.0,0.0,0.14,0.29,100,100,v3/results_vllm/arbitrary_single/pythia-410m/stage1_sweep_20260409_013555.json
pythia-410m,arbitrary_single,7,20,0.0,0.15,-0.15,0.0,0.0,0.09,0.22,100,100,v3/results_vllm/arbitrary_single/pythia-410m/stage1_sweep_20260409_013555.json
pythia-410m,arbitrary_single,10,5,0.03,0.23,-0.2,0.0,0.07,0.15,0.3102,100,100,v3/results_vllm/arbitrary_single/pythia-410m/stage1_sweep_20260409_013555.json
pythia-410m,arbitrary_single,10,7,0.01,0.16,-0.15,0.0,0.03,0.09,0.23,100,100,v3/results_vllm/arbitrary_single/pythia-410m/stage1_sweep_20260409_013555.json
pythia-410m,arbitrary_single,10,10,0.01,0.18,-0.17,0.0,0.03,0.11,0.26,100,100,v3/results_vllm/arbitrary_single/pythia-410m/stage1_sweep_20260409_013555.json
pythia-410m,arbitrary_single,10,15,0.0,0.14,-0.14,0.0,0.0,0.07,0.21,100,100,v3/results_vllm/arbitrary_single/pythia-410m/stage1_sweep_20260409_013555.json
pythia-410m,arbitrary_single,15,5,0.0,0.2,-0.2,0.0,0.0,0.13,0.28,100,100,v3/results_vllm/arbitrary_single/pythia-410m/stage1_sweep_20260409_013555.json
pythia-410m,arbitrary_single,15,7,0.0,0.15,-0.15,0.0,0.0,0.09,0.23,100,100,v3/results_vllm/arbitrary_single/pythia-410m/stage1_sweep_20260409_013555.json
pythia-410m,arbitrary_single,15,10,0.0,0.16,-0.16,0.0,0.0,0.09,0.24,100,100,v3/results_vllm/arbitrary_single/pythia-410m/stage1_sweep_20260409_013555.json
pythia-410m,arbitrary_single,20,5,0.0,0.18,-0.18,0.0,0.0,0.11,0.25,100,100,v3/results_vllm/arbitrary_single/pythia-410m/stage1_sweep_20260409_013555.json
pythia-410m,arbitrary_single,20,7,0.0,0.1,-0.1,0.0,0.0,0.05,0.1602,100,100,v3/results_vllm/arbitrary_single/pythia-410m/stage1_sweep_20260409_013555.json
pythia-410m,arbitrary_single,20,10,0.0,0.13,-0.13,0.0,0.0,0.07,0.2,100,100,v3/results_vllm/arbitrary_single/pythia-410m/stage1_sweep_20260409_013555.json
pythia-410m,arbitrary_single,25,5,0.0,0.13,-0.13,0.0,0.0,0.07,0.2,100,100,v3/results_vllm/arbitrary_single/pythia-410m/stage1_sweep_20260409_013555.json
pythia-410m,arbitrary_single,25,7,0.01,0.18,-0.17,0.0,0.03,0.11,0.26,100,100,v3/results_vllm/arbitrary_single/pythia-410m/stage1_sweep_20260409_013555.json
pythia-410m,arbitrary_single,25,10,0.0,0.07,-0.07,0.0,0.0,0.02,0.12,100,100,v3/results_vllm/arbitrary_single/pythia-410m/stage1_sweep_20260409_013555.json
pythia-410m,arbitrary_single,30,5,0.0,0.14,-0.14,0.0,0.0,0.08,0.21,100,100,v3/results_vllm/arbitrary_single/pythia-410m/stage1_sweep_20260409_013555.json
pythia-410m,arbitrary_single,30,7,0.0,0.07,-0.07,0.0,0.0,0.02,0.12,100,100,v3/results_vllm/arbitrary_single/pythia-410m/stage1_sweep_20260409_013555.json
pythia-410m,arbitrary_single,30,10,0.0,0.0,0.0,0.0,0.0,0.0,0.0,100,100,v3/results_vllm/arbitrary_single/pythia-410m/stage1_sweep_20260409_013555.json
pythia-410m,semantic_multi,2,5,0.67,0.17,0.5,0.57,0.76,0.1,0.24,100,100,v3/results_vllm/semantic_multi/pythia-410m/stage1_sweep_20260409_013706.json
pythia-410m,semantic_multi,2,7,0.54,0.08,0.46,0.44,0.6302,0.03,0.14,100,100,v3/results_vllm/semantic_multi/pythia-410m/stage1_sweep_20260409_013706.json
pythia-410m,semantic_multi,2,10,0.39,0.1,0.29,0.29,0.48,0.05,0.16,100,100,v3/results_vllm/semantic_multi/pythia-410m/stage1_sweep_20260409_013706.json
pythia-410m,semantic_multi,2,15,0.26,0.14,0.12,0.18,0.35,0.08,0.21,100,100,v3/results_vllm/semantic_multi/pythia-410m/stage1_sweep_20260409_013706.json
pythia-410m,semantic_multi,2,20,0.07,0.22,-0.15,0.03,0.1202,0.14,0.3,100,100,v3/results_vllm/semantic_multi/pythia-410m/stage1_sweep_20260409_013706.json
pythia-410m,semantic_multi,2,30,0.02,0.27,-0.25,0.0,0.05,0.19,0.36,100,100,v3/results_vllm/semantic_multi/pythia-410m/stage1_sweep_20260409_013706.json
pythia-410m,semantic_multi,2,50,0.0,0.15,-0.15,0.0,0.0,0.08,0.22,100,100,v3/results_vllm/semantic_multi/pythia-410m/stage1_sweep_20260409_013706.json
pythia-410m,semantic_multi,3,5,0.34,0.28,0.06,0.25,0.43,0.2,0.37,100,100,v3/results_vllm/semantic_multi/pythia-410m/stage1_sweep_20260409_013706.json
pythia-410m,semantic_multi,3,7,0.29,0.24,0.05,0.2,0.38,0.16,0.32,100,100,v3/results_vllm/semantic_multi/pythia-410m/stage1_sweep_20260409_013706.json
pythia-410m,semantic_multi,3,10,0.23,0.33,-0.1,0.15,0.32,0.24,0.42,100,100,v3/results_vllm/semantic_multi/pythia-410m/stage1_sweep_20260409_013706.json
pythia-410m,semantic_multi,3,15,0.02,0.33,-0.31,0.0,0.05,0.24,0.42,100,100,v3/results_vllm/semantic_multi/pythia-410m/stage1_sweep_20260409_013706.json
pythia-410m,semantic_multi,3,20,0.03,0.34,-0.31,0.0,0.07,0.25,0.4302,100,100,v3/results_vllm/semantic_multi/pythia-410m/stage1_sweep_20260409_013706.json
pythia-410m,semantic_multi,3,30,0.01,0.26,-0.25,0.0,0.03,0.17,0.35,100,100,v3/results_vllm/semantic_multi/pythia-410m/stage1_sweep_20260409_013706.json
pythia-410m,semantic_multi,3,50,0.0,0.24,-0.24,0.0,0.0,0.16,0.3202,100,100,v3/results_vllm/semantic_multi/pythia-410m/stage1_sweep_20260409_013706.json
pythia-410m,semantic_multi,5,5,0.12,0.4,-0.28,0.06,0.19,0.31,0.5,100,100,v3/results_vllm/semantic_multi/pythia-410m/stage1_sweep_20260409_013706.json
pythia-410m,semantic_multi,5,7,0.04,0.46,-0.42,0.01,0.08,0.36,0.56,100,100,v3/results_vllm/semantic_multi/pythia-410m/stage1_sweep_20260409_013706.json
pythia-410m,semantic_multi,5,10,0.0,0.44,-0.44,0.0,0.0,0.34,0.54,100,100,v3/results_vllm/semantic_multi/pythia-410m/stage1_sweep_20260409_013706.json
pythia-410m,semantic_multi,5,15,0.01,0.43,-0.42,0.0,0.03,0.33,0.53,100,100,v3/results_vllm/semantic_multi/pythia-410m/stage1_sweep_20260409_013706.json
pythia-410m,semantic_multi,5,20,0.0,0.42,-0.42,0.0,0.0,0.33,0.51,100,100,v3/results_vllm/semantic_multi/pythia-410m/stage1_sweep_20260409_013706.json
pythia-410m,semantic_multi,7,5,0.04,0.5,-0.46,0.01,0.08,0.4,0.6,100,100,v3/results_vllm/semantic_multi/pythia-410m/stage1_sweep_20260409_013706.json
pythia-410m,semantic_multi,7,7,0.01,0.56,-0.55,0.0,0.03,0.46,0.66,100,100,v3/results_vllm/semantic_multi/pythia-410m/stage1_sweep_20260409_013706.json
pythia-410m,semantic_multi,7,10,0.0,0.49,-0.49,0.0,0.0,0.39,0.58,100,100,v3/results_vllm/semantic_multi/pythia-410m/stage1_sweep_20260409_013706.json
pythia-410m,semantic_multi,7,15,0.01,0.58,-0.57,0.0,0.03,0.4898,0.67,100,100,v3/results_vllm/semantic_multi/pythia-410m/stage1_sweep_20260409_013706.json
pythia-410m,semantic_multi,10,5,0.02,0.56,-0.54,0.0,0.05,0.46,0.65,100,100,v3/results_vllm/semantic_multi/pythia-410m/stage1_sweep_20260409_013706.json
pythia-410m,semantic_multi,10,7,0.01,0.55,-0.54,0.0,0.03,0.45,0.65,100,100,v3/results_vllm/semantic_multi/pythia-410m/stage1_sweep_20260409_013706.json
pythia-410m,semantic_multi,10,10,0.0,0.49,-0.49,0.0,0.0,0.39,0.59,100,100,v3/results_vllm/semantic_multi/pythia-410m/stage1_sweep_20260409_013706.json
pythia-410m,semantic_multi,10,15,0.0,0.44,-0.44,0.0,0.0,0.35,0.54,100,100,v3/results_vllm/semantic_multi/pythia-410m/stage1_sweep_20260409_013706.json
pythia-410m,semantic_multi,15,5,0.03,0.49,-0.46,0.0,0.07,0.4,0.59,100,100,v3/results_vllm/semantic_multi/pythia-410m/stage1_sweep_20260409_013706.json
pythia-410m,semantic_multi,15,7,0.03,0.5,-0.47,0.0,0.07,0.41,0.6,100,100,v3/results_vllm/semantic_multi/pythia-410m/stage1_sweep_20260409_013706.json
pythia-410m,semantic_multi,15,10,0.02,0.5,-0.48,0.0,0.05,0.4,0.6,100,100,v3/results_vllm/semantic_multi/pythia-410m/stage1_sweep_20260409_013706.json
pythia-410m,semantic_multi,15,15,0.0,0.31,-0.31,0.0,0.0,0.22,0.4,100,100,v3/results_vllm/semantic_multi/pythia-410m/stage1_sweep_20260409_013706.json
pythia-410m,semantic_multi,20,5,0.02,0.46,-0.44,0.0,0.05,0.36,0.56,100,100,v3/results_vllm/semantic_multi/pythia-410m/stage1_sweep_20260409_013706.json
pythia-410m,semantic_multi,20,7,0.02,0.4,-0.38,0.0,0.05,0.3,0.5,100,100,v3/results_vllm/semantic_multi/pythia-410m/stage1_sweep_20260409_013706.json
pythia-410m,semantic_multi,20,10,0.02,0.35,-0.33,0.0,0.05,0.26,0.44,100,100,v3/results_vllm/semantic_multi/pythia-410m/stage1_sweep_20260409_013706.json
pythia-410m,semantic_multi,25,5,0.02,0.33,-0.31,0.0,0.05,0.24,0.42,100,100,v3/results_vllm/semantic_multi/pythia-410m/stage1_sweep_20260409_013706.json
pythia-410m,semantic_multi,25,7,0.0,0.28,-0.28,0.0,0.0,0.19,0.37,100,100,v3/results_vllm/semantic_multi/pythia-410m/stage1_sweep_20260409_013706.json
pythia-410m,semantic_multi,25,10,0.0,0.17,-0.17,0.0,0.0,0.1,0.25,100,100,v3/results_vllm/semantic_multi/pythia-410m/stage1_sweep_20260409_013706.json
pythia-410m,semantic_multi,30,5,0.02,0.41,-0.39,0.0,0.05,0.31,0.51,100,100,v3/results_vllm/semantic_multi/pythia-410m/stage1_sweep_20260409_013706.json
pythia-410m,semantic_multi,30,7,0.04,0.25,-0.21,0.01,0.09,0.17,0.33,100,100,v3/results_vllm/semantic_multi/pythia-410m/stage1_sweep_20260409_013706.json
stablelm-2-1_6b-chat,arbitrary_single,2,5,0.06,0.02,0.04,0.02,0.11,0.0,0.05,100,100,v3/results_vllm/arbitrary_single/stablelm-2-1_6b-chat/stage1_sweep_20260409_012754.json
stablelm-2-1_6b-chat,arbitrary_single,2,7,0.09,0.03,0.06,0.04,0.15,0.0,0.07,100,100,v3/results_vllm/arbitrary_single/stablelm-2-1_6b-chat/stage1_sweep_20260409_012754.json
stablelm-2-1_6b-chat,arbitrary_single,2,10,0.16,0.01,0.15,0.09,0.24,0.0,0.03,100,100,v3/results_vllm/arbitrary_single/stablelm-2-1_6b-chat/stage1_sweep_20260409_012754.json
stablelm-2-1_6b-chat,arbitrary_single,2,15,0.58,0.0,0.58,0.48,0.68,0.0,0.0,100,100,v3/results_vllm/arbitrary_single/stablelm-2-1_6b-chat/stage1_sweep_20260409_012754.json
stablelm-2-1_6b-chat,arbitrary_single,2,20,0.75,0.02,0.73,0.66,0.83,0.0,0.05,100,100,v3/results_vllm/arbitrary_single/stablelm-2-1_6b-chat/stage1_sweep_20260409_012754.json
stablelm-2-1_6b-chat,arbitrary_single,2,30,0.85,0.01,0.84,0.78,0.92,0.0,0.03,100,100,v3/results_vllm/arbitrary_single/stablelm-2-1_6b-chat/stage1_sweep_20260409_012754.json
stablelm-2-1_6b-chat,arbitrary_single,3,5,0.2,0.03,0.17,0.12,0.28,0.0,0.07,100,100,v3/results_vllm/arbitrary_single/stablelm-2-1_6b-chat/stage1_sweep_20260409_012754.json
stablelm-2-1_6b-chat,arbitrary_single,3,7,0.17,0.03,0.14,0.1,0.25,0.0,0.07,100,100,v3/results_vllm/arbitrary_single/stablelm-2-1_6b-chat/stage1_sweep_20260409_012754.json
stablelm-2-1_6b-chat,arbitrary_single,3,10,0.48,0.02,0.46,0.38,0.58,0.0,0.05,100,100,v3/results_vllm/arbitrary_single/stablelm-2-1_6b-chat/stage1_sweep_20260409_012754.json
stablelm-2-1_6b-chat,arbitrary_single,3,15,0.79,0.01,0.78,0.71,0.87,0.0,0.03,100,100,v3/results_vllm/arbitrary_single/stablelm-2-1_6b-chat/stage1_sweep_20260409_012754.json
stablelm-2-1_6b-chat,arbitrary_single,3,20,0.85,0.0,0.85,0.78,0.92,0.0,0.0,100,100,v3/results_vllm/arbitrary_single/stablelm-2-1_6b-chat/stage1_sweep_20260409_012754.json
stablelm-2-1_6b-chat,arbitrary_single,3,30,0.91,0.0,0.91,0.85,0.96,0.0,0.0,100,100,v3/results_vllm/arbitrary_single/stablelm-2-1_6b-chat/stage1_sweep_20260409_012754.json
stablelm-2-1_6b-chat,arbitrary_single,5,5,0.32,0.07,0.25,0.23,0.41,0.02,0.12,100,100,v3/results_vllm/arbitrary_single/stablelm-2-1_6b-chat/stage1_sweep_20260409_012754.json
stablelm-2-1_6b-chat,arbitrary_single,5,7,0.58,0.02,0.56,0.49,0.68,0.0,0.05,100,100,v3/results_vllm/arbitrary_single/stablelm-2-1_6b-chat/stage1_sweep_20260409_012754.json
stablelm-2-1_6b-chat,arbitrary_single,5,10,0.73,0.01,0.72,0.64,0.82,0.0,0.03,100,100,v3/results_vllm/arbitrary_single/stablelm-2-1_6b-chat/stage1_sweep_20260409_012754.json
stablelm-2-1_6b-chat,arbitrary_single,5,15,0.92,0.01,0.91,0.86,0.97,0.0,0.03,100,100,v3/results_vllm/arbitrary_single/stablelm-2-1_6b-chat/stage1_sweep_20260409_012754.json
stablelm-2-1_6b-chat,arbitrary_single,5,20,0.9,0.01,0.89,0.84,0.95,0.0,0.03,100,100,v3/results_vllm/arbitrary_single/stablelm-2-1_6b-chat/stage1_sweep_20260409_012754.json
stablelm-2-1_6b-chat,arbitrary_single,7,5,0.77,0.08,0.69,0.68,0.85,0.03,0.14,100,100,v3/results_vllm/arbitrary_single/stablelm-2-1_6b-chat/stage1_sweep_20260409_012754.json
stablelm-2-1_6b-chat,arbitrary_single,7,7,0.83,0.03,0.8,0.75,0.9,0.0,0.07,100,100,v3/results_vllm/arbitrary_single/stablelm-2-1_6b-chat/stage1_sweep_20260409_012754.json
stablelm-2-1_6b-chat,arbitrary_single,7,10,0.92,0.02,0.9,0.86,0.97,0.0,0.05,100,100,v3/results_vllm/arbitrary_single/stablelm-2-1_6b-chat/stage1_sweep_20260409_012754.json
stablelm-2-1_6b-chat,arbitrary_single,7,15,0.92,0.03,0.89,0.87,0.97,0.0,0.07,100,100,v3/results_vllm/arbitrary_single/stablelm-2-1_6b-chat/stage1_sweep_20260409_012754.json
stablelm-2-1_6b-chat,arbitrary_single,7,20,0.94,0.02,0.92,0.89,0.98,0.0,0.05,100,100,v3/results_vllm/arbitrary_single/stablelm-2-1_6b-chat/stage1_sweep_20260409_012754.json
stablelm-2-1_6b-chat,arbitrary_single,7,30,0.95,0.0,0.95,0.9,0.99,0.0,0.0,100,100,v3/results_vllm/arbitrary_single/stablelm-2-1_6b-chat/stage1_sweep_20260409_012754.json
stablelm-2-1_6b-chat,arbitrary_single,7,50,0.86,0.02,0.84,0.79,0.92,0.0,0.05,100,100,v3/results_vllm/arbitrary_single/stablelm-2-1_6b-chat/stage1_sweep_20260409_012754.json
stablelm-2-1_6b-chat,arbitrary_single,7,75,0.77,0.0,0.77,0.68,0.85,0.0,0.0,100,100,v3/results_vllm/arbitrary_single/stablelm-2-1_6b-chat/stage1_sweep_20260409_012754.json
stablelm-2-1_6b-chat,arbitrary_single,10,5,0.92,0.08,0.84,0.86,0.97,0.03,0.14,100,100,v3/results_vllm/arbitrary_single/stablelm-2-1_6b-chat/stage1_sweep_20260409_012754.json
stablelm-2-1_6b-chat,arbitrary_single,10,7,0.9,0.06,0.84,0.84,0.95,0.02,0.11,100,100,v3/results_vllm/arbitrary_single/stablelm-2-1_6b-chat/stage1_sweep_20260409_012754.json
stablelm-2-1_6b-chat,arbitrary_single,10,10,0.83,0.07,0.76,0.76,0.9,0.02,0.12,100,100,v3/results_vllm/arbitrary_single/stablelm-2-1_6b-chat/stage1_sweep_20260409_012754.json
stablelm-2-1_6b-chat,arbitrary_single,10,15,0.87,0.03,0.84,0.8,0.9302,0.0,0.07,100,100,v3/results_vllm/arbitrary_single/stablelm-2-1_6b-chat/stage1_sweep_20260409_012754.json
stablelm-2-1_6b-chat,arbitrary_single,10,20,0.84,0.05,0.79,0.77,0.91,0.01,0.1,100,100,v3/results_vllm/arbitrary_single/stablelm-2-1_6b-chat/stage1_sweep_20260409_012754.json
stablelm-2-1_6b-chat,arbitrary_single,10,30,0.79,0.04,0.75,0.71,0.86,0.01,0.08,100,100,v3/results_vllm/arbitrary_single/stablelm-2-1_6b-chat/stage1_sweep_20260409_012754.json
stablelm-2-1_6b-chat,arbitrary_single,10,50,0.81,0.04,0.77,0.73,0.88,0.01,0.08,100,100,v3/results_vllm/arbitrary_single/stablelm-2-1_6b-chat/stage1_sweep_20260409_012754.json
stablelm-2-1_6b-chat,arbitrary_single,15,5,0.79,0.09,0.7,0.71,0.87,0.04,0.15,100,100,v3/results_vllm/arbitrary_single/stablelm-2-1_6b-chat/stage1_sweep_20260409_012754.json
stablelm-2-1_6b-chat,arbitrary_single,15,7,0.85,0.07,0.78,0.78,0.92,0.03,0.12,100,100,v3/results_vllm/arbitrary_single/stablelm-2-1_6b-chat/stage1_sweep_20260409_012754.json
stablelm-2-1_6b-chat,arbitrary_single,15,10,0.88,0.04,0.84,0.82,0.94,0.01,0.08,100,100,v3/results_vllm/arbitrary_single/stablelm-2-1_6b-chat/stage1_sweep_20260409_012754.json
stablelm-2-1_6b-chat,arbitrary_single,15,15,0.76,0.04,0.72,0.67,0.84,0.01,0.08,100,100,v3/results_vllm/arbitrary_single/stablelm-2-1_6b-chat/stage1_sweep_20260409_012754.json
stablelm-2-1_6b-chat,arbitrary_single,15,20,0.8,0.03,0.77,0.72,0.87,0.0,0.07,100,100,v3/results_vllm/arbitrary_single/stablelm-2-1_6b-chat/stage1_sweep_20260409_012754.json
stablelm-2-1_6b-chat,arbitrary_single,15,30,0.7,0.1,0.6,0.61,0.79,0.05,0.16,100,100,v3/results_vllm/arbitrary_single/stablelm-2-1_6b-chat/stage1_sweep_20260409_012754.json
stablelm-2-1_6b-chat,arbitrary_single,20,5,0.87,0.11,0.76,0.8,0.93,0.05,0.17,100,100,v3/results_vllm/arbitrary_single/stablelm-2-1_6b-chat/stage1_sweep_20260409_012754.json
stablelm-2-1_6b-chat,arbitrary_single,20,7,0.93,0.06,0.87,0.88,0.9702,0.02,0.11,100,100,v3/results_vllm/arbitrary_single/stablelm-2-1_6b-chat/stage1_sweep_20260409_012754.json
stablelm-2-1_6b-chat,arbitrary_single,20,10,0.8,0.05,0.75,0.72,0.87,0.01,0.1,100,100,v3/results_vllm/arbitrary_single/stablelm-2-1_6b-chat/stage1_sweep_20260409_012754.json
stablelm-2-1_6b-chat,arbitrary_single,20,15,0.67,0.07,0.6,0.58,0.76,0.03,0.12,100,100,v3/results_vllm/arbitrary_single/stablelm-2-1_6b-chat/stage1_sweep_20260409_012754.json
stablelm-2-1_6b-chat,arbitrary_single,20,20,0.68,0.04,0.64,0.59,0.77,0.01,0.08,100,100,v3/results_vllm/arbitrary_single/stablelm-2-1_6b-chat/stage1_sweep_20260409_012754.json
stablelm-2-1_6b-chat,arbitrary_single,20,30,0.54,0.09,0.45,0.44,0.64,0.04,0.15,100,100,v3/results_vllm/arbitrary_single/stablelm-2-1_6b-chat/stage1_sweep_20260409_012754.json
stablelm-2-1_6b-chat,arbitrary_single,25,5,0.86,0.12,0.74,0.79,0.92,0.06,0.19,100,100,v3/results_vllm/arbitrary_single/stablelm-2-1_6b-chat/stage1_sweep_20260409_012754.json
stablelm-2-1_6b-chat,arbitrary_single,25,7,0.77,0.13,0.64,0.69,0.85,0.07,0.2,100,100,v3/results_vllm/arbitrary_single/stablelm-2-1_6b-chat/stage1_sweep_20260409_012754.json
stablelm-2-1_6b-chat,arbitrary_single,25,10,0.7,0.1,0.6,0.61,0.79,0.05,0.16,100,100,v3/results_vllm/arbitrary_single/stablelm-2-1_6b-chat/stage1_sweep_20260409_012754.json
stablelm-2-1_6b-chat,arbitrary_single,25,15,0.58,0.04,0.54,0.48,0.67,0.01,0.08,100,100,v3/results_vllm/arbitrary_single/stablelm-2-1_6b-chat/stage1_sweep_20260409_012754.json
stablelm-2-1_6b-chat,arbitrary_single,25,20,0.51,0.1,0.41,0.41,0.61,0.04,0.16,100,100,v3/results_vllm/arbitrary_single/stablelm-2-1_6b-chat/stage1_sweep_20260409_012754.json
stablelm-2-1_6b-chat,arbitrary_single,30,5,0.82,0.07,0.75,0.74,0.89,0.02,0.12,100,100,v3/results_vllm/arbitrary_single/stablelm-2-1_6b-chat/stage1_sweep_20260409_012754.json
stablelm-2-1_6b-chat,arbitrary_single,30,7,0.72,0.08,0.64,0.63,0.81,0.03,0.13,100,100,v3/results_vllm/arbitrary_single/stablelm-2-1_6b-chat/stage1_sweep_20260409_012754.json
stablelm-2-1_6b-chat,arbitrary_single,30,10,0.66,0.09,0.57,0.57,0.75,0.04,0.15,100,100,v3/results_vllm/arbitrary_single/stablelm-2-1_6b-chat/stage1_sweep_20260409_012754.json
stablelm-2-1_6b-chat,arbitrary_single,30,15,0.53,0.14,0.39,0.43,0.63,0.07,0.21,100,100,v3/results_vllm/arbitrary_single/stablelm-2-1_6b-chat/stage1_sweep_20260409_012754.json
stablelm-2-1_6b-chat,arbitrary_single,30,20,0.47,0.1,0.37,0.37,0.57,0.05,0.1602,100,100,v3/results_vllm/arbitrary_single/stablelm-2-1_6b-chat/stage1_sweep_20260409_012754.json
stablelm-2-1_6b-chat,semantic_multi,2,5,0.31,0.19,0.12,0.22,0.41,0.12,0.27,100,100,v3/results_vllm/semantic_multi/stablelm-2-1_6b-chat/stage1_sweep_20260409_013342.json
stablelm-2-1_6b-chat,semantic_multi,2,7,0.43,0.16,0.27,0.34,0.53,0.09,0.24,100,100,v3/results_vllm/semantic_multi/stablelm-2-1_6b-chat/stage1_sweep_20260409_013342.json
stablelm-2-1_6b-chat,semantic_multi,2,10,0.64,0.06,0.58,0.55,0.73,0.02,0.11,100,100,v3/results_vllm/semantic_multi/stablelm-2-1_6b-chat/stage1_sweep_20260409_013342.json
stablelm-2-1_6b-chat,semantic_multi,2,15,0.87,0.05,0.82,0.8,0.93,0.01,0.1,100,100,v3/results_vllm/semantic_multi/stablelm-2-1_6b-chat/stage1_sweep_20260409_013342.json
stablelm-2-1_6b-chat,semantic_multi,2,20,0.89,0.06,0.83,0.82,0.95,0.02,0.11,100,100,v3/results_vllm/semantic_multi/stablelm-2-1_6b-chat/stage1_sweep_20260409_013342.json
stablelm-2-1_6b-chat,semantic_multi,2,30,0.95,0.06,0.89,0.9,0.99,0.02,0.11,100,100,v3/results_vllm/semantic_multi/stablelm-2-1_6b-chat/stage1_sweep_20260409_013342.json
stablelm-2-1_6b-chat,semantic_multi,2,50,0.95,0.03,0.92,0.91,0.99,0.0,0.07,100,100,v3/results_vllm/semantic_multi/stablelm-2-1_6b-chat/stage1_sweep_20260409_013342.json
stablelm-2-1_6b-chat,semantic_multi,3,5,0.48,0.22,0.26,0.38,0.58,0.14,0.3,100,100,v3/results_vllm/semantic_multi/stablelm-2-1_6b-chat/stage1_sweep_20260409_013342.json
stablelm-2-1_6b-chat,semantic_multi,3,7,0.6,0.15,0.45,0.5,0.7,0.08,0.22,100,100,v3/results_vllm/semantic_multi/stablelm-2-1_6b-chat/stage1_sweep_20260409_013342.json
stablelm-2-1_6b-chat,semantic_multi,3,10,0.89,0.11,0.78,0.82,0.94,0.05,0.18,100,100,v3/results_vllm/semantic_multi/stablelm-2-1_6b-chat/stage1_sweep_20260409_013342.json
stablelm-2-1_6b-chat,semantic_multi,3,15,0.95,0.06,0.89,0.91,0.99,0.02,0.11,100,100,v3/results_vllm/semantic_multi/stablelm-2-1_6b-chat/stage1_sweep_20260409_013342.json
stablelm-2-1_6b-chat,semantic_multi,3,20,0.98,0.06,0.92,0.95,1.0,0.02,0.11,100,100,v3/results_vllm/semantic_multi/stablelm-2-1_6b-chat/stage1_sweep_20260409_013342.json
stablelm-2-1_6b-chat,semantic_multi,3,30,0.93,0.04,0.89,0.88,0.98,0.01,0.08,100,100,v3/results_vllm/semantic_multi/stablelm-2-1_6b-chat/stage1_sweep_20260409_013342.json
stablelm-2-1_6b-chat,semantic_multi,3,50,0.98,0.0,0.98,0.95,1.0,0.0,0.0,100,100,v3/results_vllm/semantic_multi/stablelm-2-1_6b-chat/stage1_sweep_20260409_013342.json
stablelm-2-1_6b-chat,semantic_multi,5,5,0.87,0.17,0.7,0.8,0.93,0.1,0.25,100,100,v3/results_vllm/semantic_multi/stablelm-2-1_6b-chat/stage1_sweep_20260409_013342.json
stablelm-2-1_6b-chat,semantic_multi,5,7,0.92,0.17,0.75,0.87,0.97,0.1,0.25,100,100,v3/results_vllm/semantic_multi/stablelm-2-1_6b-chat/stage1_sweep_20260409_013342.json
stablelm-2-1_6b-chat,semantic_multi,5,10,0.93,0.12,0.81,0.88,0.98,0.06,0.18,100,100,v3/results_vllm/semantic_multi/stablelm-2-1_6b-chat/stage1_sweep_20260409_013342.json
stablelm-2-1_6b-chat,semantic_multi,5,15,0.92,0.11,0.81,0.86,0.97,0.05,0.17,100,100,v3/results_vllm/semantic_multi/stablelm-2-1_6b-chat/stage1_sweep_20260409_013342.json
stablelm-2-1_6b-chat,semantic_multi,5,20,0.89,0.06,0.83,0.82,0.95,0.02,0.11,100,100,v3/results_vllm/semantic_multi/stablelm-2-1_6b-chat/stage1_sweep_20260409_013342.json
stablelm-2-1_6b-chat,semantic_multi,5,30,0.95,0.03,0.92,0.9,0.99,0.0,0.07,100,100,v3/results_vllm/semantic_multi/stablelm-2-1_6b-chat/stage1_sweep_20260409_013342.json
stablelm-2-1_6b-chat,semantic_multi,5,50,0.92,0.06,0.86,0.86,0.97,0.02,0.11,100,100,v3/results_vllm/semantic_multi/stablelm-2-1_6b-chat/stage1_sweep_20260409_013342.json
stablelm-2-1_6b-chat,semantic_multi,7,5,0.96,0.19,0.77,0.92,0.99,0.12,0.27,100,100,v3/results_vllm/semantic_multi/stablelm-2-1_6b-chat/stage1_sweep_20260409_013342.json
stablelm-2-1_6b-chat,semantic_multi,7,7,0.94,0.14,0.8,0.89,0.98,0.08,0.21,100,100,v3/results_vllm/semantic_multi/stablelm-2-1_6b-chat/stage1_sweep_20260409_013342.json
stablelm-2-1_6b-chat,semantic_multi,7,10,0.93,0.14,0.79,0.88,0.97,0.08,0.21,100,100,v3/results_vllm/semantic_multi/stablelm-2-1_6b-chat/stage1_sweep_20260409_013342.json
stablelm-2-1_6b-chat,semantic_multi,7,15,0.88,0.1,0.78,0.81,0.94,0.05,0.16,100,100,v3/results_vllm/semantic_multi/stablelm-2-1_6b-chat/stage1_sweep_20260409_013342.json
stablelm-2-1_6b-chat,semantic_multi,7,20,0.92,0.05,0.87,0.8698,0.97,0.01,0.1,100,100,v3/results_vllm/semantic_multi/stablelm-2-1_6b-chat/stage1_sweep_20260409_013342.json
stablelm-2-1_6b-chat,semantic_multi,7,30,0.85,0.14,0.71,0.77,0.92,0.07,0.21,100,100,v3/results_vllm/semantic_multi/stablelm-2-1_6b-chat/stage1_sweep_20260409_013342.json
stablelm-2-1_6b-chat,semantic_multi,7,50,0.84,0.13,0.71,0.77,0.91,0.07,0.2,100,100,v3/results_vllm/semantic_multi/stablelm-2-1_6b-chat/stage1_sweep_20260409_013342.json
stablelm-2-1_6b-chat,semantic_multi,10,5,0.96,0.24,0.72,0.92,0.99,0.16,0.33,100,100,v3/results_vllm/semantic_multi/stablelm-2-1_6b-chat/stage1_sweep_20260409_013342.json
stablelm-2-1_6b-chat,semantic_multi,10,7,0.87,0.18,0.69,0.8,0.93,0.11,0.26,100,100,v3/results_vllm/semantic_multi/stablelm-2-1_6b-chat/stage1_sweep_20260409_013342.json
stablelm-2-1_6b-chat,semantic_multi,10,10,0.84,0.15,0.69,0.77,0.91,0.08,0.22,100,100,v3/results_vllm/semantic_multi/stablelm-2-1_6b-chat/stage1_sweep_20260409_013342.json
stablelm-2-1_6b-chat,semantic_multi,10,15,0.85,0.13,0.72,0.7798,0.91,0.07,0.2,100,100,v3/results_vllm/semantic_multi/stablelm-2-1_6b-chat/stage1_sweep_20260409_013342.json
stablelm-2-1_6b-chat,semantic_multi,10,20,0.86,0.11,0.75,0.79,0.92,0.05,0.17,100,100,v3/results_vllm/semantic_multi/stablelm-2-1_6b-chat/stage1_sweep_20260409_013342.json
stablelm-2-1_6b-chat,semantic_multi,10,30,0.78,0.2,0.58,0.7,0.86,0.13,0.28,100,100,v3/results_vllm/semantic_multi/stablelm-2-1_6b-chat/stage1_sweep_20260409_013342.json
stablelm-2-1_6b-chat,semantic_multi,10,50,0.65,0.08,0.57,0.55,0.74,0.03,0.14,100,100,v3/results_vllm/semantic_multi/stablelm-2-1_6b-chat/stage1_sweep_20260409_013342.json
stablelm-2-1_6b-chat,semantic_multi,15,5,0.9,0.22,0.68,0.83,0.95,0.14,0.3,100,100,v3/results_vllm/semantic_multi/stablelm-2-1_6b-chat/stage1_sweep_20260409_013342.json
stablelm-2-1_6b-chat,semantic_multi,15,7,0.86,0.17,0.69,0.79,0.92,0.1,0.25,100,100,v3/results_vllm/semantic_multi/stablelm-2-1_6b-chat/stage1_sweep_20260409_013342.json
stablelm-2-1_6b-chat,semantic_multi,15,10,0.82,0.14,0.68,0.74,0.89,0.07,0.21,100,100,v3/results_vllm/semantic_multi/stablelm-2-1_6b-chat/stage1_sweep_20260409_013342.json
stablelm-2-1_6b-chat,semantic_multi,15,15,0.73,0.12,0.61,0.64,0.81,0.06,0.19,100,100,v3/results_vllm/semantic_multi/stablelm-2-1_6b-chat/stage1_sweep_20260409_013342.json
stablelm-2-1_6b-chat,semantic_multi,15,20,0.69,0.24,0.45,0.6,0.78,0.16,0.32,100,100,v3/results_vllm/semantic_multi/stablelm-2-1_6b-chat/stage1_sweep_20260409_013342.json
stablelm-2-1_6b-chat,semantic_multi,15,30,0.64,0.19,0.45,0.54,0.73,0.12,0.27,100,100,v3/results_vllm/semantic_multi/stablelm-2-1_6b-chat/stage1_sweep_20260409_013342.json
stablelm-2-1_6b-chat,semantic_multi,20,5,0.85,0.23,0.62,0.78,0.92,0.15,0.32,100,100,v3/results_vllm/semantic_multi/stablelm-2-1_6b-chat/stage1_sweep_20260409_013342.json
stablelm-2-1_6b-chat,semantic_multi,20,7,0.83,0.12,0.71,0.76,0.9,0.06,0.19,100,100,v3/results_vllm/semantic_multi/stablelm-2-1_6b-chat/stage1_sweep_20260409_013342.json
stablelm-2-1_6b-chat,semantic_multi,20,10,0.76,0.16,0.6,0.68,0.84,0.09,0.24,100,100,v3/results_vllm/semantic_multi/stablelm-2-1_6b-chat/stage1_sweep_20260409_013342.json
stablelm-2-1_6b-chat,semantic_multi,20,15,0.68,0.23,0.45,0.58,0.77,0.15,0.31,100,100,v3/results_vllm/semantic_multi/stablelm-2-1_6b-chat/stage1_sweep_20260409_013342.json
stablelm-2-1_6b-chat,semantic_multi,20,20,0.64,0.21,0.43,0.54,0.74,0.14,0.29,100,100,v3/results_vllm/semantic_multi/stablelm-2-1_6b-chat/stage1_sweep_20260409_013342.json
stablelm-2-1_6b-chat,semantic_multi,25,5,0.81,0.16,0.65,0.73,0.89,0.09,0.23,100,100,v3/results_vllm/semantic_multi/stablelm-2-1_6b-chat/stage1_sweep_20260409_013342.json
stablelm-2-1_6b-chat,semantic_multi,25,7,0.75,0.25,0.5,0.6698,0.84,0.17,0.33,100,100,v3/results_vllm/semantic_multi/stablelm-2-1_6b-chat/stage1_sweep_20260409_013342.json
stablelm-2-1_6b-chat,semantic_multi,25,10,0.71,0.18,0.53,0.62,0.8,0.11,0.26,100,100,v3/results_vllm/semantic_multi/stablelm-2-1_6b-chat/stage1_sweep_20260409_013342.json
stablelm-2-1_6b-chat,semantic_multi,25,15,0.57,0.16,0.41,0.47,0.67,0.09,0.23,100,100,v3/results_vllm/semantic_multi/stablelm-2-1_6b-chat/stage1_sweep_20260409_013342.json
stablelm-2-1_6b-chat,semantic_multi,25,20,0.57,0.13,0.44,0.47,0.67,0.07,0.2,100,100,v3/results_vllm/semantic_multi/stablelm-2-1_6b-chat/stage1_sweep_20260409_013342.json
stablelm-2-1_6b-chat,semantic_multi,30,5,0.74,0.18,0.56,0.65,0.82,0.11,0.26,100,100,v3/results_vllm/semantic_multi/stablelm-2-1_6b-chat/stage1_sweep_20260409_013342.json
stablelm-2-1_6b-chat,semantic_multi,30,7,0.75,0.15,0.6,0.66,0.83,0.08,0.22,100,100,v3/results_vllm/semantic_multi/stablelm-2-1_6b-chat/stage1_sweep_20260409_013342.json
stablelm-2-1_6b-chat,semantic_multi,30,10,0.63,0.27,0.36,0.53,0.72,0.19,0.36,100,100,v3/results_vllm/semantic_multi/stablelm-2-1_6b-chat/stage1_sweep_20260409_013342.json
stablelm-2-1_6b-chat,semantic_multi,30,15,0.53,0.19,0.34,0.43,0.62,0.12,0.27,100,100,v3/results_vllm/semantic_multi/stablelm-2-1_6b-chat/stage1_sweep_20260409_013342.json
