model,model_family,variant,num_keys,num_updates,condition,query_type,condition_label,slot,subset,label_set,C,layer,rel_depth,top1,top1_std,mean_rank,mrr,n_folds,hit_max_iter,n_probe,chance,provenance_tier,source_file,notes
gemma-3-4b-it,Gemma-3,base,10,5,IVQ,ordinal,k2,2,wrong,cv_first,0.1,0,0.0,0.0284091211806388,2.930285836063862e-05,22.754059777831053,0.10948841594061287,5,False,1936,0.02,raw,lora_intervention/experiments/linear_probing/results_probe50/gemma-3-4b-it_10k_5u/probe_fits_wrong.json,
gemma-3-4b-it,Gemma-3,base,10,5,IVQ,ordinal,k2,2,wrong,cv_first,0.1,1,0.029412,0.025311009883054958,0.007908626927582674,24.569838035110156,0.09639510211004187,5,False,1936,0.02,raw,lora_intervention/experiments/linear_probing/results_probe50/gemma-3-4b-it_10k_5u/probe_fits_wrong.json,
gemma-3-4b-it,Gemma-3,base,10,5,IVQ,ordinal,k2,2,wrong,cv_first,0.1,2,0.058824,0.03202669224007033,0.010158688842057902,23.07698793255015,0.11112868124334144,5,False,1936,0.02,raw,lora_intervention/experiments/linear_probing/results_probe50/gemma-3-4b-it_10k_5u/probe_fits_wrong.json,
gemma-3-4b-it,Gemma-3,base,10,5,IVQ,ordinal,k2,2,wrong,cv_first,0.1,3,0.088235,0.026862729428061484,0.004214233294836824,23.186691174511843,0.1083230294277191,5,False,1936,0.02,raw,lora_intervention/experiments/linear_probing/results_probe50/gemma-3-4b-it_10k_5u/probe_fits_wrong.json,
gemma-3-4b-it,Gemma-3,base,10,5,IVQ,ordinal,k2,2,wrong,cv_first,0.1,4,0.117647,0.02582780574868803,0.005425965556418778,23.59875596046778,0.10406700420445492,5,False,1936,0.02,raw,lora_intervention/experiments/linear_probing/results_probe50/gemma-3-4b-it_10k_5u/probe_fits_wrong.json,
gemma-3-4b-it,Gemma-3,base,10,5,IVQ,ordinal,k2,2,wrong,cv_first,0.1,5,0.147059,0.027379525293694557,0.00603872780138279,23.045640533844804,0.10912536596207514,5,False,1936,0.02,raw,lora_intervention/experiments/linear_probing/results_probe50/gemma-3-4b-it_10k_5u/probe_fits_wrong.json,
gemma-3-4b-it,Gemma-3,base,10,5,IVQ,ordinal,k2,2,wrong,cv_first,0.1,6,0.176471,0.030990436612589572,0.0036421988870714095,22.58190814885852,0.11328876349091015,5,False,1936,0.02,raw,lora_intervention/experiments/linear_probing/results_probe50/gemma-3-4b-it_10k_5u/probe_fits_wrong.json,
gemma-3-4b-it,Gemma-3,base,10,5,IVQ,ordinal,k2,2,wrong,cv_first,0.1,7,0.205882,0.04598151256027065,0.012722134681612233,21.243574682330376,0.13307472134708948,5,False,1936,0.02,raw,lora_intervention/experiments/linear_probing/results_probe50/gemma-3-4b-it_10k_5u/probe_fits_wrong.json,
gemma-3-4b-it,Gemma-3,base,10,5,IVQ,ordinal,k2,2,wrong,cv_first,0.1,8,0.235294,0.03719331894829377,0.006673395521824499,21.572023761954235,0.12301121610753318,5,False,1936,0.02,raw,lora_intervention/experiments/linear_probing/results_probe50/gemma-3-4b-it_10k_5u/probe_fits_wrong.json,
gemma-3-4b-it,Gemma-3,base,10,5,IVQ,ordinal,k2,2,wrong,cv_first,0.1,9,0.264706,0.04029276219398492,0.00962511488115425,21.288166973014732,0.1306336355307118,5,False,1936,0.02,raw,lora_intervention/experiments/linear_probing/results_probe50/gemma-3-4b-it_10k_5u/probe_fits_wrong.json,
gemma-3-4b-it,Gemma-3,base,10,5,IVQ,ordinal,k2,2,wrong,cv_first,0.1,10,0.294118,0.037710114813926846,0.004815027594778075,21.565578465063002,0.12416706319449948,5,False,1936,0.02,raw,lora_intervention/experiments/linear_probing/results_probe50/gemma-3-4b-it_10k_5u/probe_fits_wrong.json,
gemma-3-4b-it,Gemma-3,base,10,5,IVQ,ordinal,k2,2,wrong,cv_first,0.1,11,0.323529,0.034612003516343,0.005086671980228079,21.622902847705053,0.12196929067649079,5,False,1936,0.02,raw,lora_intervention/experiments/linear_probing/results_probe50/gemma-3-4b-it_10k_5u/probe_fits_wrong.json,
gemma-3-4b-it,Gemma-3,base,10,5,IVQ,ordinal,k2,2,wrong,cv_first,0.1,12,0.352941,0.03512746743386878,0.007951611506842364,21.806715682357016,0.12149480228303897,5,False,1936,0.02,raw,lora_intervention/experiments/linear_probing/results_probe50/gemma-3-4b-it_10k_5u/probe_fits_wrong.json,
gemma-3-4b-it,Gemma-3,base,10,5,IVQ,ordinal,k2,2,wrong,cv_first,0.1,13,0.382353,0.052177735155438346,0.01218852198395888,19.829417405897864,0.14765974592374975,5,False,1936,0.02,raw,lora_intervention/experiments/linear_probing/results_probe50/gemma-3-4b-it_10k_5u/probe_fits_wrong.json,
gemma-3-4b-it,Gemma-3,base,10,5,IVQ,ordinal,k2,2,wrong,cv_first,0.1,14,0.411765,0.0547537227949599,0.011723741565953022,19.168897679746397,0.15347199219407184,5,False,1936,0.02,raw,lora_intervention/experiments/linear_probing/results_probe50/gemma-3-4b-it_10k_5u/probe_fits_wrong.json,
gemma-3-4b-it,Gemma-3,base,10,5,IVQ,ordinal,k2,2,wrong,cv_first,0.1,15,0.441176,0.06663869575641333,0.011282372877953108,17.39371453688164,0.17603945991074338,5,False,1936,0.02,raw,lora_intervention/experiments/linear_probing/results_probe50/gemma-3-4b-it_10k_5u/probe_fits_wrong.json,
gemma-3-4b-it,Gemma-3,base,10,5,IVQ,ordinal,k2,2,wrong,cv_first,0.1,16,0.470588,0.12345294227336903,0.0026447754065900228,14.45847651775487,0.24758646682165178,5,False,1936,0.02,raw,lora_intervention/experiments/linear_probing/results_probe50/gemma-3-4b-it_10k_5u/probe_fits_wrong.json,
gemma-3-4b-it,Gemma-3,base,10,5,IVQ,ordinal,k2,2,wrong,cv_first,0.1,17,0.5,0.14100935027571326,0.010368946628120303,13.386201017608354,0.270072995450514,5,False,1936,0.02,raw,lora_intervention/experiments/linear_probing/results_probe50/gemma-3-4b-it_10k_5u/probe_fits_wrong.json,
gemma-3-4b-it,Gemma-3,base,10,5,IVQ,ordinal,k2,2,wrong,cv_first,0.1,18,0.529412,0.7846120035163431,0.007974897782154846,1.757164548869176,0.8604217245826595,5,False,1936,0.02,raw,lora_intervention/experiments/linear_probing/results_probe50/gemma-3-4b-it_10k_5u/probe_fits_wrong.json,
gemma-3-4b-it,Gemma-3,base,10,5,IVQ,ordinal,k2,2,wrong,cv_first,0.1,19,0.558824,0.7737686139747995,0.016101568038961758,1.8357135246010814,0.8530710766312912,5,False,1936,0.02,raw,lora_intervention/experiments/linear_probing/results_probe50/gemma-3-4b-it_10k_5u/probe_fits_wrong.json,
gemma-3-4b-it,Gemma-3,base,10,5,IVQ,ordinal,k2,2,wrong,cv_first,0.1,20,0.588235,0.7954607208503157,0.011009034481396665,1.8232864487599563,0.8629835683974271,5,False,1936,0.02,raw,lora_intervention/experiments/linear_probing/results_probe50/gemma-3-4b-it_10k_5u/probe_fits_wrong.json,
gemma-3-4b-it,Gemma-3,base,10,5,IVQ,ordinal,k2,2,wrong,cv_first,0.1,21,0.617647,0.791837821998455,0.006686610860936727,1.939512240603106,0.8565474122514217,5,False,1936,0.02,raw,lora_intervention/experiments/linear_probing/results_probe50/gemma-3-4b-it_10k_5u/probe_fits_wrong.json,
gemma-3-4b-it,Gemma-3,base,10,5,IVQ,ordinal,k2,2,wrong,cv_first,0.1,22,0.647059,0.8042435866698634,0.011796940394389386,1.7959375582727297,0.8690583321521734,5,False,1936,0.02,raw,lora_intervention/experiments/linear_probing/results_probe50/gemma-3-4b-it_10k_5u/probe_fits_wrong.json,
gemma-3-4b-it,Gemma-3,base,10,5,IVQ,ordinal,k2,2,wrong,cv_first,0.1,23,0.676471,0.8187112070113749,0.017171034454842492,1.7210993899677667,0.8808875025820925,5,False,1936,0.02,raw,lora_intervention/experiments/linear_probing/results_probe50/gemma-3-4b-it_10k_5u/probe_fits_wrong.json,
gemma-3-4b-it,Gemma-3,base,10,5,IVQ,ordinal,k2,2,wrong,cv_first,0.1,24,0.705882,0.9044420469378514,0.004324947695071652,1.2644662883934044,0.9434613978770152,5,False,1936,0.02,raw,lora_intervention/experiments/linear_probing/results_probe50/gemma-3-4b-it_10k_5u/probe_fits_wrong.json,
gemma-3-4b-it,Gemma-3,base,10,5,IVQ,ordinal,k2,2,wrong,cv_first,0.1,25,0.735294,0.9080609499453901,0.0057475473062111515,1.239159274354671,0.9459357084677069,5,False,1936,0.02,raw,lora_intervention/experiments/linear_probing/results_probe50/gemma-3-4b-it_10k_5u/probe_fits_wrong.json,
gemma-3-4b-it,Gemma-3,base,10,5,IVQ,ordinal,k2,2,wrong,cv_first,0.1,26,0.764706,0.914769972561869,0.006770291574315325,1.2696355789978424,0.9479520495449261,5,False,1936,0.02,raw,lora_intervention/experiments/linear_probing/results_probe50/gemma-3-4b-it_10k_5u/probe_fits_wrong.json,
gemma-3-4b-it,Gemma-3,base,10,5,IVQ,ordinal,k2,2,wrong,cv_first,0.1,27,0.794118,0.9225205785982578,0.006738667602261038,1.216963691094595,0.9526827314030273,5,False,1936,0.02,raw,lora_intervention/experiments/linear_probing/results_probe50/gemma-3-4b-it_10k_5u/probe_fits_wrong.json,
gemma-3-4b-it,Gemma-3,base,10,5,IVQ,ordinal,k2,2,wrong,cv_first,0.1,28,0.823529,0.9245837662164682,0.007409315457011643,1.2035323263805644,0.9542483047940022,5,False,1936,0.02,raw,lora_intervention/experiments/linear_probing/results_probe50/gemma-3-4b-it_10k_5u/probe_fits_wrong.json,
gemma-3-4b-it,Gemma-3,base,10,5,IVQ,ordinal,k2,2,wrong,cv_first,0.1,29,0.852941,0.928718133141533,0.007776651313441536,1.1802884999600416,0.9570033828303227,5,False,1936,0.02,raw,lora_intervention/experiments/linear_probing/results_probe50/gemma-3-4b-it_10k_5u/probe_fits_wrong.json,
gemma-3-4b-it,Gemma-3,base,10,5,IVQ,ordinal,k2,2,wrong,cv_first,0.1,30,0.882353,0.9152920962199314,0.005470425519669078,1.189062042142838,0.950883805392656,5,False,1936,0.02,raw,lora_intervention/experiments/linear_probing/results_probe50/gemma-3-4b-it_10k_5u/probe_fits_wrong.json,
gemma-3-4b-it,Gemma-3,base,10,5,IVQ,ordinal,k2,2,wrong,cv_first,0.1,31,0.911765,0.9183888755694077,0.008423888508977927,1.1782119928607582,0.9527018482684989,5,False,1936,0.02,raw,lora_intervention/experiments/linear_probing/results_probe50/gemma-3-4b-it_10k_5u/probe_fits_wrong.json,
gemma-3-4b-it,Gemma-3,base,10,5,IVQ,ordinal,k2,2,wrong,cv_first,0.1,32,0.941176,0.9276845414102667,0.010215254939803221,1.1529036468739178,0.9577274913849052,5,False,1936,0.02,raw,lora_intervention/experiments/linear_probing/results_probe50/gemma-3-4b-it_10k_5u/probe_fits_wrong.json,
gemma-3-4b-it,Gemma-3,base,10,5,IVQ,ordinal,k2,2,wrong,cv_first,0.1,33,0.970588,0.9302698526865394,0.00993134807304789,1.1487706118969605,0.9593184535413617,5,False,1936,0.02,raw,lora_intervention/experiments/linear_probing/results_probe50/gemma-3-4b-it_10k_5u/probe_fits_wrong.json,
gemma-3-4b-it,Gemma-3,base,10,5,IVQ,ordinal,k2,2,wrong,cv_first,0.1,34,1.0,0.9338874237459709,0.0077396780288519155,1.1343043235035561,0.9615605291900945,5,False,1936,0.02,raw,lora_intervention/experiments/linear_probing/results_probe50/gemma-3-4b-it_10k_5u/probe_fits_wrong.json,
gemma-3-4b-it,Gemma-3,base,10,5,IVQ,ordinal,k2,2,wrong,cv_last,0.1,0,0.0,0.02582647380058073,2.6638962146034727e-05,23.18337062788034,0.10511527624728283,5,False,1936,0.02,raw,lora_intervention/experiments/linear_probing/results_probe50/gemma-3-4b-it_10k_5u/probe_fits_wrong.json,
gemma-3-4b-it,Gemma-3,base,10,5,IVQ,ordinal,k2,2,wrong,cv_last,0.1,1,0.029412,0.027886997522576517,0.015524381504031456,23.359155811289593,0.10705821989201784,5,False,1936,0.02,raw,lora_intervention/experiments/linear_probing/results_probe50/gemma-3-4b-it_10k_5u/probe_fits_wrong.json,
gemma-3-4b-it,Gemma-3,base,10,5,IVQ,ordinal,k2,2,wrong,cv_last,0.1,2,0.058824,0.02944138096379765,0.010018621487316338,22.30916646687445,0.11048635307199002,5,False,1936,0.02,raw,lora_intervention/experiments/linear_probing/results_probe50/gemma-3-4b-it_10k_5u/probe_fits_wrong.json,
gemma-3-4b-it,Gemma-3,base,10,5,IVQ,ordinal,k2,2,wrong,cv_last,0.1,3,0.088235,0.032024028343855725,0.009470253701650479,22.394680199259437,0.11391270561865581,5,False,1936,0.02,raw,lora_intervention/experiments/linear_probing/results_probe50/gemma-3-4b-it_10k_5u/probe_fits_wrong.json,
gemma-3-4b-it,Gemma-3,base,10,5,IVQ,ordinal,k2,2,wrong,cv_last,0.1,4,0.117647,0.026860065531846878,0.01196586953027248,22.58222248861184,0.11017548556022408,5,False,1936,0.02,raw,lora_intervention/experiments/linear_probing/results_probe50/gemma-3-4b-it_10k_5u/probe_fits_wrong.json,
gemma-3-4b-it,Gemma-3,base,10,5,IVQ,ordinal,k2,2,wrong,cv_last,0.1,5,0.147059,0.025308345986840352,0.003785790179725993,22.620454727083832,0.1111410035263366,5,False,1936,0.02,raw,lora_intervention/experiments/linear_probing/results_probe50/gemma-3-4b-it_10k_5u/probe_fits_wrong.json,
gemma-3-4b-it,Gemma-3,base,10,5,IVQ,ordinal,k2,2,wrong,cv_last,0.1,6,0.176471,0.027889661418791123,0.005251708395730259,23.41645755081382,0.10789305467828562,5,False,1936,0.02,raw,lora_intervention/experiments/linear_probing/results_probe50/gemma-3-4b-it_10k_5u/probe_fits_wrong.json,
gemma-3-4b-it,Gemma-3,base,10,5,IVQ,ordinal,k2,2,wrong,cv_last,0.1,7,0.205882,0.032538160313274195,0.0075790918448720825,23.268937638189612,0.11084832922239221,5,False,1936,0.02,raw,lora_intervention/experiments/linear_probing/results_probe50/gemma-3-4b-it_10k_5u/probe_fits_wrong.json,
gemma-3-4b-it,Gemma-3,base,10,5,IVQ,ordinal,k2,2,wrong,cv_last,0.1,8,0.235294,0.027376861397479958,0.011037643008458373,23.429300194464425,0.10756238128120481,5,False,1936,0.02,raw,lora_intervention/experiments/linear_probing/results_probe50/gemma-3-4b-it_10k_5u/probe_fits_wrong.json,
gemma-3-4b-it,Gemma-3,base,10,5,IVQ,ordinal,k2,2,wrong,cv_last,0.1,9,0.264706,0.03150590053011535,0.004718312948468991,23.85330456325422,0.10993667701273865,5,False,1936,0.02,raw,lora_intervention/experiments/linear_probing/results_probe50/gemma-3-4b-it_10k_5u/probe_fits_wrong.json,
gemma-3-4b-it,Gemma-3,base,10,5,IVQ,ordinal,k2,2,wrong,cv_last,0.1,10,0.294118,0.03563493966275074,0.011579689349107688,23.539502916966352,0.11524032146362288,5,False,1936,0.02,raw,lora_intervention/experiments/linear_probing/results_probe50/gemma-3-4b-it_10k_5u/probe_fits_wrong.json,
gemma-3-4b-it,Gemma-3,base,10,5,IVQ,ordinal,k2,2,wrong,cv_last,0.1,11,0.323529,0.030990436612589572,0.006107587882230902,23.430243213724392,0.10996624221786458,5,False,1936,0.02,raw,lora_intervention/experiments/linear_probing/results_probe50/gemma-3-4b-it_10k_5u/probe_fits_wrong.json,
gemma-3-4b-it,Gemma-3,base,10,5,IVQ,ordinal,k2,2,wrong,cv_last,0.1,12,0.352941,0.031509896374437255,0.0030285922642087513,23.7690441940382,0.10837845920032343,5,False,1936,0.02,raw,lora_intervention/experiments/linear_probing/results_probe50/gemma-3-4b-it_10k_5u/probe_fits_wrong.json,
gemma-3-4b-it,Gemma-3,base,10,5,IVQ,ordinal,k2,2,wrong,cv_last,0.1,13,0.382353,0.030470976850741897,0.004977601813953377,24.002276299315376,0.10668290798741135,5,False,1936,0.02,raw,lora_intervention/experiments/linear_probing/results_probe50/gemma-3-4b-it_10k_5u/probe_fits_wrong.json,
gemma-3-4b-it,Gemma-3,base,10,5,IVQ,ordinal,k2,2,wrong,cv_last,0.1,14,0.411765,0.030468312954527288,0.006772379185480156,23.54329230933163,0.10829341290202912,5,False,1936,0.02,raw,lora_intervention/experiments/linear_probing/results_probe50/gemma-3-4b-it_10k_5u/probe_fits_wrong.json,
gemma-3-4b-it,Gemma-3,base,10,5,IVQ,ordinal,k2,2,wrong,cv_last,0.1,15,0.441176,0.028921921201949967,0.003762149616790137,23.88719331894829,0.10339323474138462,5,False,1936,0.02,raw,lora_intervention/experiments/linear_probing/results_probe50/gemma-3-4b-it_10k_5u/probe_fits_wrong.json,
gemma-3-4b-it,Gemma-3,base,10,5,IVQ,ordinal,k2,2,wrong,cv_last,0.1,16,0.470588,0.023756626441833822,0.00699371744784476,23.865177548682706,0.09991907418347531,5,False,1936,0.02,raw,lora_intervention/experiments/linear_probing/results_probe50/gemma-3-4b-it_10k_5u/probe_fits_wrong.json,
gemma-3-4b-it,Gemma-3,base,10,5,IVQ,ordinal,k2,2,wrong,cv_last,0.1,17,0.5,0.022723034710567677,0.0069913548877941975,24.000470177681876,0.09693846848666106,5,False,1936,0.02,raw,lora_intervention/experiments/linear_probing/results_probe50/gemma-3-4b-it_10k_5u/probe_fits_wrong.json,
gemma-3-4b-it,Gemma-3,base,10,5,IVQ,ordinal,k2,2,wrong,cv_last,0.1,18,0.529412,0.023241162524308055,0.003245387706639312,23.743410852713176,0.10144610485035195,5,False,1936,0.02,raw,lora_intervention/experiments/linear_probing/results_probe50/gemma-3-4b-it_10k_5u/probe_fits_wrong.json,
gemma-3-4b-it,Gemma-3,base,10,5,IVQ,ordinal,k2,2,wrong,cv_last,0.1,19,0.558824,0.022729694451104187,0.003809106119443812,22.98900210447801,0.10400622047405701,5,False,1936,0.02,raw,lora_intervention/experiments/linear_probing/results_probe50/gemma-3-4b-it_10k_5u/probe_fits_wrong.json,
gemma-3-4b-it,Gemma-3,base,10,5,IVQ,ordinal,k2,2,wrong,cv_last,0.1,20,0.588235,0.02479288206931458,0.0035012515323996317,23.042188124350677,0.1048965595468608,5,False,1936,0.02,raw,lora_intervention/experiments/linear_probing/results_probe50/gemma-3-4b-it_10k_5u/probe_fits_wrong.json,
gemma-3-4b-it,Gemma-3,base,10,5,IVQ,ordinal,k2,2,wrong,cv_last,0.1,21,0.617647,0.02685873358373958,0.00419315795956831,23.02247795625882,0.10533285779307881,5,False,1936,0.02,raw,lora_intervention/experiments/linear_probing/results_probe50/gemma-3-4b-it_10k_5u/probe_fits_wrong.json,
gemma-3-4b-it,Gemma-3,base,10,5,IVQ,ordinal,k2,2,wrong,cv_last,0.1,22,0.647059,0.03357175204454035,0.009657762756045565,22.95476837422414,0.11247559356629763,5,False,1936,0.02,raw,lora_intervention/experiments/linear_probing/results_probe50/gemma-3-4b-it_10k_5u/probe_fits_wrong.json,
gemma-3-4b-it,Gemma-3,base,10,5,IVQ,ordinal,k2,2,wrong,cv_last,0.1,23,0.676471,0.030474972695063794,0.006815868822003716,22.362979834305655,0.11473459098864514,5,False,1936,0.02,raw,lora_intervention/experiments/linear_probing/results_probe50/gemma-3-4b-it_10k_5u/probe_fits_wrong.json,
gemma-3-4b-it,Gemma-3,base,10,5,IVQ,ordinal,k2,2,wrong,cv_last,0.1,24,0.705882,0.033581075681291456,0.014898003378520418,22.629244252643915,0.11487035163975601,5,False,1936,0.02,raw,lora_intervention/experiments/linear_probing/results_probe50/gemma-3-4b-it_10k_5u/probe_fits_wrong.json,
gemma-3-4b-it,Gemma-3,base,10,5,IVQ,ordinal,k2,2,wrong,cv_last,0.1,25,0.735294,0.03461599936066491,0.013742844353308746,22.19507845174352,0.12257907314130603,5,False,1936,0.02,raw,lora_intervention/experiments/linear_probing/results_probe50/gemma-3-4b-it_10k_5u/probe_fits_wrong.json,
gemma-3-4b-it,Gemma-3,base,10,5,IVQ,ordinal,k2,2,wrong,cv_last,0.1,26,0.764706,0.031507232478222645,0.001915385837804169,22.560266656011084,0.1156712084077572,5,False,1936,0.02,raw,lora_intervention/experiments/linear_probing/results_probe50/gemma-3-4b-it_10k_5u/probe_fits_wrong.json,
gemma-3-4b-it,Gemma-3,base,10,5,IVQ,ordinal,k2,2,wrong,cv_last,0.1,27,0.794118,0.05889208556434641,0.013736944633583135,19.093449479208292,0.16142502036037976,5,False,1936,0.02,raw,lora_intervention/experiments/linear_probing/results_probe50/gemma-3-4b-it_10k_5u/probe_fits_wrong.json,
gemma-3-4b-it,Gemma-3,base,10,5,IVQ,ordinal,k2,2,wrong,cv_last,0.1,28,0.823529,0.06302911638562561,0.01834181260766708,19.254167665627747,0.16238038633711097,5,False,1936,0.02,raw,lora_intervention/experiments/linear_probing/results_probe50/gemma-3-4b-it_10k_5u/probe_fits_wrong.json,
gemma-3-4b-it,Gemma-3,base,10,5,IVQ,ordinal,k2,2,wrong,cv_last,0.1,29,0.852941,0.06715815551826101,0.011004687457018368,18.871773355710058,0.16820803484831734,5,False,1936,0.02,raw,lora_intervention/experiments/linear_probing/results_probe50/gemma-3-4b-it_10k_5u/probe_fits_wrong.json,
gemma-3-4b-it,Gemma-3,base,10,5,IVQ,ordinal,k2,2,wrong,cv_last,0.1,30,0.882353,0.0836916273741975,0.014905863582594407,15.898645408774874,0.20327271573265687,5,False,1936,0.02,raw,lora_intervention/experiments/linear_probing/results_probe50/gemma-3-4b-it_10k_5u/probe_fits_wrong.json,
gemma-3-4b-it,Gemma-3,base,10,5,IVQ,ordinal,k2,2,wrong,cv_last,0.1,31,0.911765,0.10331921468339593,0.013941576617568336,14.156986067822796,0.23432568668505555,5,False,1936,0.02,raw,lora_intervention/experiments/linear_probing/results_probe50/gemma-3-4b-it_10k_5u/probe_fits_wrong.json,
gemma-3-4b-it,Gemma-3,base,10,5,IVQ,ordinal,k2,2,wrong,cv_last,0.1,32,0.941176,0.10899597751671594,0.00879748407599873,13.912760062867951,0.23926527682524612,5,False,1936,0.02,raw,lora_intervention/experiments/linear_probing/results_probe50/gemma-3-4b-it_10k_5u/probe_fits_wrong.json,
gemma-3-4b-it,Gemma-3,base,10,5,IVQ,ordinal,k2,2,wrong,cv_last,0.1,33,0.970588,0.107967713577879,0.014817806260057836,13.920047150963,0.24024277798307478,5,False,1936,0.02,raw,lora_intervention/experiments/linear_probing/results_probe50/gemma-3-4b-it_10k_5u/probe_fits_wrong.json,
gemma-3-4b-it,Gemma-3,base,10,5,IVQ,ordinal,k2,2,wrong,cv_last,0.1,34,1.0,0.11208876102187057,0.009907966531839457,13.73782333040305,0.24129248893130867,5,False,1936,0.02,raw,lora_intervention/experiments/linear_probing/results_probe50/gemma-3-4b-it_10k_5u/probe_fits_wrong.json,
gemma-3-4b-it,Gemma-3,base,10,5,IVQ,ordinal,k2,2,wrong,expected,0.1,0,0.0,0.0304749726950638,0.0010260669830657442,22.716954367457845,0.11009755862904531,5,False,1936,0.02,raw,lora_intervention/experiments/linear_probing/results_probe50/gemma-3-4b-it_10k_5u/probe_fits_wrong.json,
gemma-3-4b-it,Gemma-3,base,10,5,IVQ,ordinal,k2,2,wrong,expected,0.1,1,0.029412,0.022729694451104183,0.004455429133528338,24.361484056581155,0.09660073347705236,5,False,1936,0.02,raw,lora_intervention/experiments/linear_probing/results_probe50/gemma-3-4b-it_10k_5u/probe_fits_wrong.json,
gemma-3-4b-it,Gemma-3,base,10,5,IVQ,ordinal,k2,2,wrong,expected,0.1,2,0.058824,0.027378193345587255,0.004802957595341368,23.725598710674234,0.10281156442707402,5,False,1936,0.02,raw,lora_intervention/experiments/linear_probing/results_probe50/gemma-3-4b-it_10k_5u/probe_fits_wrong.json,
gemma-3-4b-it,Gemma-3,base,10,5,IVQ,ordinal,k2,2,wrong,expected,0.1,3,0.088235,0.025315005727376865,0.007021363405378698,23.88419909960308,0.10057135106928342,5,False,1936,0.02,raw,lora_intervention/experiments/linear_probing/results_probe50/gemma-3-4b-it_10k_5u/probe_fits_wrong.json,
gemma-3-4b-it,Gemma-3,base,10,5,IVQ,ordinal,k2,2,wrong,expected,0.1,4,0.117647,0.024278750099896107,0.0026498256493373957,23.613246223927113,0.10345642539018614,5,False,1936,0.02,raw,lora_intervention/experiments/linear_probing/results_probe50/gemma-3-4b-it_10k_5u/probe_fits_wrong.json,
gemma-3-4b-it,Gemma-3,base,10,5,IVQ,ordinal,k2,2,wrong,expected,0.1,5,0.147059,0.025823809904366123,0.0036317650452841956,23.778807373664723,0.10140186603801093,5,False,1936,0.02,raw,lora_intervention/experiments/linear_probing/results_probe50/gemma-3-4b-it_10k_5u/probe_fits_wrong.json,
gemma-3-4b-it,Gemma-3,base,10,5,IVQ,ordinal,k2,2,wrong,expected,0.1,6,0.176471,0.024278750099896107,0.003113254830437229,23.993220384133835,0.09920290648035633,5,False,1936,0.02,raw,lora_intervention/experiments/linear_probing/results_probe50/gemma-3-4b-it_10k_5u/probe_fits_wrong.json,
gemma-3-4b-it,Gemma-3,base,10,5,IVQ,ordinal,k2,2,wrong,expected,0.1,7,0.205882,0.02737819334558726,0.00742413346262714,24.012279229601212,0.10578563640123344,5,False,1936,0.02,raw,lora_intervention/experiments/linear_probing/results_probe50/gemma-3-4b-it_10k_5u/probe_fits_wrong.json,
gemma-3-4b-it,Gemma-3,base,10,5,IVQ,ordinal,k2,2,wrong,expected,0.1,8,0.235294,0.02427875009989611,0.008744246526894157,24.24633181491249,0.1017436809101715,5,False,1936,0.02,raw,lora_intervention/experiments/linear_probing/results_probe50/gemma-3-4b-it_10k_5u/probe_fits_wrong.json,
gemma-3-4b-it,Gemma-3,base,10,5,IVQ,ordinal,k2,2,wrong,expected,0.1,9,0.264706,0.03615439942459842,0.012963049996783792,24.003863981459283,0.11063639889316683,5,False,1936,0.02,raw,lora_intervention/experiments/linear_probing/results_probe50/gemma-3-4b-it_10k_5u/probe_fits_wrong.json,
gemma-3-4b-it,Gemma-3,base,10,5,IVQ,ordinal,k2,2,wrong,expected,0.1,10,0.294118,0.02737686139747995,0.009189050431856848,24.499830842590377,0.10159513109345072,5,False,1936,0.02,raw,lora_intervention/experiments/linear_probing/results_probe50/gemma-3-4b-it_10k_5u/probe_fits_wrong.json,
gemma-3-4b-it,Gemma-3,base,10,5,IVQ,ordinal,k2,2,wrong,expected,0.1,11,0.323529,0.02376062228615573,0.006414278751036293,24.15806494578971,0.1000027010697403,5,False,1936,0.02,raw,lora_intervention/experiments/linear_probing/results_probe50/gemma-3-4b-it_10k_5u/probe_fits_wrong.json,
gemma-3-4b-it,Gemma-3,base,10,5,IVQ,ordinal,k2,2,wrong,expected,0.1,12,0.352941,0.02530967793494765,0.0066172297280217215,24.280335118143796,0.1005120955792452,5,False,1936,0.02,raw,lora_intervention/experiments/linear_probing/results_probe50/gemma-3-4b-it_10k_5u/probe_fits_wrong.json,
gemma-3-4b-it,Gemma-3,base,10,5,IVQ,ordinal,k2,2,wrong,expected,0.1,13,0.382353,0.0408082261115107,0.008871063978620513,21.97669090812222,0.12711298537289334,5,False,1936,0.02,raw,lora_intervention/experiments/linear_probing/results_probe50/gemma-3-4b-it_10k_5u/probe_fits_wrong.json,
gemma-3-4b-it,Gemma-3,base,10,5,IVQ,ordinal,k2,2,wrong,expected,0.1,14,0.411765,0.04752124457231146,0.010155981254159138,20.246774021684114,0.1443742463329914,5,False,1936,0.02,raw,lora_intervention/experiments/linear_probing/results_probe50/gemma-3-4b-it_10k_5u/probe_fits_wrong.json,
gemma-3-4b-it,Gemma-3,base,10,5,IVQ,ordinal,k2,2,wrong,expected,0.1,15,0.441176,0.054749726950638,0.011930566342731012,20.020100428887293,0.1496162735750063,5,False,1936,0.02,raw,lora_intervention/experiments/linear_probing/results_probe50/gemma-3-4b-it_10k_5u/probe_fits_wrong.json,
gemma-3-4b-it,Gemma-3,base,10,5,IVQ,ordinal,k2,2,wrong,expected,0.1,16,0.470588,0.04803937238605184,0.010162744507161616,20.510176083539783,0.1416807654385071,5,False,1936,0.02,raw,lora_intervention/experiments/linear_probing/results_probe50/gemma-3-4b-it_10k_5u/probe_fits_wrong.json,
gemma-3-4b-it,Gemma-3,base,10,5,IVQ,ordinal,k2,2,wrong,expected,0.1,17,0.5,0.0547537227949599,0.005533075962887086,20.011785076853407,0.14939612486416573,5,False,1936,0.02,raw,lora_intervention/experiments/linear_probing/results_probe50/gemma-3-4b-it_10k_5u/probe_fits_wrong.json,
gemma-3-4b-it,Gemma-3,base,10,5,IVQ,ordinal,k2,2,wrong,expected,0.1,18,0.529412,0.37812541623378354,0.040428926208278745,5.932167878739444,0.5301275004676449,5,False,1936,0.02,raw,lora_intervention/experiments/linear_probing/results_probe50/gemma-3-4b-it_10k_5u/probe_fits_wrong.json,
gemma-3-4b-it,Gemma-3,base,10,5,IVQ,ordinal,k2,2,wrong,expected,0.1,19,0.558824,0.3600415567809478,0.03824158472461954,6.333487839313781,0.5112067497976825,5,False,1936,0.02,raw,lora_intervention/experiments/linear_probing/results_probe50/gemma-3-4b-it_10k_5u/probe_fits_wrong.json,
gemma-3-4b-it,Gemma-3,base,10,5,IVQ,ordinal,k2,2,wrong,expected,0.1,20,0.588235,0.34195370148379023,0.031829146084707216,6.854280881216868,0.48573920739136767,5,False,1936,0.02,raw,lora_intervention/experiments/linear_probing/results_probe50/gemma-3-4b-it_10k_5u/probe_fits_wrong.json,
gemma-3-4b-it,Gemma-3,base,10,5,IVQ,ordinal,k2,2,wrong,expected,0.1,21,0.617647,0.258276725538773,0.03580962152292495,8.93997442659634,0.40364584898163847,5,False,1936,0.02,raw,lora_intervention/experiments/linear_probing/results_probe50/gemma-3-4b-it_10k_5u/probe_fits_wrong.json,
gemma-3-4b-it,Gemma-3,base,10,5,IVQ,ordinal,k2,2,wrong,expected,0.1,22,0.647059,0.30838328138735716,0.03768728977965515,8.028090785582993,0.4497784009355429,5,False,1936,0.02,raw,lora_intervention/experiments/linear_probing/results_probe50/gemma-3-4b-it_10k_5u/probe_fits_wrong.json,
gemma-3-4b-it,Gemma-3,base,10,5,IVQ,ordinal,k2,2,wrong,expected,0.1,23,0.676471,0.3651961959562055,0.03521058005961075,6.643200404912224,0.5098799748631311,5,False,1936,0.02,raw,lora_intervention/experiments/linear_probing/results_probe50/gemma-3-4b-it_10k_5u/probe_fits_wrong.json,
gemma-3-4b-it,Gemma-3,base,10,5,IVQ,ordinal,k2,2,wrong,expected,0.1,24,0.705882,0.3341897759663283,0.028653661814513374,7.268410186739125,0.4906333333831415,5,False,1936,0.02,raw,lora_intervention/experiments/linear_probing/results_probe50/gemma-3-4b-it_10k_5u/probe_fits_wrong.json,
gemma-3-4b-it,Gemma-3,base,10,5,IVQ,ordinal,k2,2,wrong,expected,0.1,25,0.735294,0.3486573963078398,0.02258867520056529,7.042288020458723,0.5047973490222603,5,False,1936,0.02,raw,lora_intervention/experiments/linear_probing/results_probe50/gemma-3-4b-it_10k_5u/probe_fits_wrong.json,
gemma-3-4b-it,Gemma-3,base,10,5,IVQ,ordinal,k2,2,wrong,expected,0.1,26,0.764706,0.4121979807666693,0.023220512658593758,6.486970883614374,0.5550254158652614,5,False,1936,0.02,raw,lora_intervention/experiments/linear_probing/results_probe50/gemma-3-4b-it_10k_5u/probe_fits_wrong.json,
gemma-3-4b-it,Gemma-3,base,10,5,IVQ,ordinal,k2,2,wrong,expected,0.1,27,0.794118,0.47314259836436773,0.02105909215346534,5.04329630517595,0.6122980906337446,5,False,1936,0.02,raw,lora_intervention/experiments/linear_probing/results_probe50/gemma-3-4b-it_10k_5u/probe_fits_wrong.json,
gemma-3-4b-it,Gemma-3,base,10,5,IVQ,ordinal,k2,2,wrong,expected,0.1,28,0.823529,0.47831588481312765,0.01883203553878809,4.906423985721517,0.6167162573548717,5,False,1936,0.02,raw,lora_intervention/experiments/linear_probing/results_probe50/gemma-3-4b-it_10k_5u/probe_fits_wrong.json,
gemma-3-4b-it,Gemma-3,base,10,5,IVQ,ordinal,k2,2,wrong,expected,0.1,29,0.852941,0.4943205732704654,0.01997410911616405,4.611051173446282,0.6324081746184447,5,False,1936,0.02,raw,lora_intervention/experiments/linear_probing/results_probe50/gemma-3-4b-it_10k_5u/probe_fits_wrong.json,
gemma-3-4b-it,Gemma-3,base,10,5,IVQ,ordinal,k2,2,wrong,expected,0.1,30,0.882353,0.6291350328991182,0.009494644821941975,2.0758411252297613,0.7674207613695614,5,False,1936,0.02,raw,lora_intervention/experiments/linear_probing/results_probe50/gemma-3-4b-it_10k_5u/probe_fits_wrong.json,
gemma-3-4b-it,Gemma-3,base,10,5,IVQ,ordinal,k2,2,wrong,expected,0.1,31,0.911765,0.6353272596499641,0.005946405315006836,1.9886491382295746,0.7725429275776428,5,False,1936,0.02,raw,lora_intervention/experiments/linear_probing/results_probe50/gemma-3-4b-it_10k_5u/probe_fits_wrong.json,
gemma-3-4b-it,Gemma-3,base,10,5,IVQ,ordinal,k2,2,wrong,expected,0.1,32,0.941176,0.6260382535496418,0.014784887738421092,2.026329950185141,0.7649593388869304,5,False,1936,0.02,raw,lora_intervention/experiments/linear_probing/results_probe50/gemma-3-4b-it_10k_5u/probe_fits_wrong.json,
gemma-3-4b-it,Gemma-3,base,10,5,IVQ,ordinal,k2,2,wrong,expected,0.1,33,0.970588,0.626556381363382,0.015117684010801827,2.07433602386851,0.7634093012021408,5,False,1936,0.02,raw,lora_intervention/experiments/linear_probing/results_probe50/gemma-3-4b-it_10k_5u/probe_fits_wrong.json,
gemma-3-4b-it,Gemma-3,base,10,5,IVQ,ordinal,k2,2,wrong,expected,0.1,34,1.0,0.6131196888569221,0.01124936088711354,2.146149338021791,0.7527477046891391,5,False,1936,0.02,raw,lora_intervention/experiments/linear_probing/results_probe50/gemma-3-4b-it_10k_5u/probe_fits_wrong.json,
gemma-3-4b-it,Gemma-3,base,10,5,IVQ,ordinal,k2,2,wrong,shuffled,0.1,0,0.0,0.030476304643171102,0.001062894589626788,22.721006153600257,0.11006115345378595,5,False,1936,0.02,raw,lora_intervention/experiments/linear_probing/results_probe50/gemma-3-4b-it_10k_5u/probe_fits_wrong.json,
gemma-3-4b-it,Gemma-3,base,10,5,IVQ,ordinal,k2,2,wrong,shuffled,0.1,1,0.029412,0.02428674178853992,0.009756108837231268,24.1702842377261,0.0988913417020667,5,False,1936,0.02,raw,lora_intervention/experiments/linear_probing/results_probe50/gemma-3-4b-it_10k_5u/probe_fits_wrong.json,
gemma-3-4b-it,Gemma-3,base,10,5,IVQ,ordinal,k2,2,wrong,shuffled,0.1,2,0.058824,0.02272569860678228,0.0037868612867395833,24.010242680945147,0.09829631529811757,5,False,1936,0.02,raw,lora_intervention/experiments/linear_probing/results_probe50/gemma-3-4b-it_10k_5u/probe_fits_wrong.json,
gemma-3-4b-it,Gemma-3,base,10,5,IVQ,ordinal,k2,2,wrong,shuffled,0.1,3,0.088235,0.020659847092357284,0.008329399442951598,24.05967660299955,0.09707588657410783,5,False,1936,0.02,raw,lora_intervention/experiments/linear_probing/results_probe50/gemma-3-4b-it_10k_5u/probe_fits_wrong.json,
gemma-3-4b-it,Gemma-3,base,10,5,IVQ,ordinal,k2,2,wrong,shuffled,0.1,4,0.117647,0.029448040704334155,0.011402291431942997,24.65974453235302,0.10091293156819792,5,False,1936,0.02,raw,lora_intervention/experiments/linear_probing/results_probe50/gemma-3-4b-it_10k_5u/probe_fits_wrong.json,
gemma-3-4b-it,Gemma-3,base,10,5,IVQ,ordinal,k2,2,wrong,shuffled,0.1,5,0.147059,0.027378193345587255,0.010671218784782584,24.630054077093156,0.09717222048331733,5,False,1936,0.02,raw,lora_intervention/experiments/linear_probing/results_probe50/gemma-3-4b-it_10k_5u/probe_fits_wrong.json,
gemma-3-4b-it,Gemma-3,base,10,5,IVQ,ordinal,k2,2,wrong,shuffled,0.1,6,0.176471,0.023246490316737263,0.007843764938374485,24.285447134979623,0.09842825222223432,5,False,1936,0.02,raw,lora_intervention/experiments/linear_probing/results_probe50/gemma-3-4b-it_10k_5u/probe_fits_wrong.json,
gemma-3-4b-it,Gemma-3,base,10,5,IVQ,ordinal,k2,2,wrong,shuffled,0.1,7,0.205882,0.02065318735182077,0.009213475468437525,23.6651948640081,0.09911387171895059,5,False,1936,0.02,raw,lora_intervention/experiments/linear_probing/results_probe50/gemma-3-4b-it_10k_5u/probe_fits_wrong.json,
gemma-3-4b-it,Gemma-3,base,10,5,IVQ,ordinal,k2,2,wrong,shuffled,0.1,8,0.235294,0.02582780574868803,0.003662843733401221,23.69248648072671,0.10105744767323147,5,False,1936,0.02,raw,lora_intervention/experiments/linear_probing/results_probe50/gemma-3-4b-it_10k_5u/probe_fits_wrong.json,
gemma-3-4b-it,Gemma-3,base,10,5,IVQ,ordinal,k2,2,wrong,shuffled,0.1,9,0.264706,0.01963025120541304,0.004799483488252257,23.72101814113322,0.0998456209180517,5,False,1936,0.02,raw,lora_intervention/experiments/linear_probing/results_probe50/gemma-3-4b-it_10k_5u/probe_fits_wrong.json,
gemma-3-4b-it,Gemma-3,base,10,5,IVQ,ordinal,k2,2,wrong,shuffled,0.1,10,0.294118,0.025312341831162256,0.005020448661095854,23.757496203947895,0.10312394764687897,5,False,1936,0.02,raw,lora_intervention/experiments/linear_probing/results_probe50/gemma-3-4b-it_10k_5u/probe_fits_wrong.json,
gemma-3-4b-it,Gemma-3,base,10,5,IVQ,ordinal,k2,2,wrong,shuffled,0.1,11,0.323529,0.021696102719838038,0.0026479865356322033,23.577801752843705,0.100408474907841,5,False,1936,0.02,raw,lora_intervention/experiments/linear_probing/results_probe50/gemma-3-4b-it_10k_5u/probe_fits_wrong.json,
gemma-3-4b-it,Gemma-3,base,10,5,IVQ,ordinal,k2,2,wrong,shuffled,0.1,12,0.352941,0.02479421401742188,0.0062474897832661925,23.5962425743893,0.10380622531179333,5,False,1936,0.02,raw,lora_intervention/experiments/linear_probing/results_probe50/gemma-3-4b-it_10k_5u/probe_fits_wrong.json,
gemma-3-4b-it,Gemma-3,base,10,5,IVQ,ordinal,k2,2,wrong,shuffled,0.1,13,0.382353,0.032539492261381496,0.00477861699119799,23.940585790777593,0.10719805423755188,5,False,1936,0.02,raw,lora_intervention/experiments/linear_probing/results_probe50/gemma-3-4b-it_10k_5u/probe_fits_wrong.json,
gemma-3-4b-it,Gemma-3,base,10,5,IVQ,ordinal,k2,2,wrong,shuffled,0.1,14,0.411765,0.02944404486001225,0.006252236489144597,24.186058499160872,0.10454432774284454,5,False,1936,0.02,raw,lora_intervention/experiments/linear_probing/results_probe50/gemma-3-4b-it_10k_5u/probe_fits_wrong.json,
gemma-3-4b-it,Gemma-3,base,10,5,IVQ,ordinal,k2,2,wrong,shuffled,0.1,15,0.441176,0.029442712911904957,0.008741592780263088,24.719013559231733,0.09732533875490902,5,False,1936,0.02,raw,lora_intervention/experiments/linear_probing/results_probe50/gemma-3-4b-it_10k_5u/probe_fits_wrong.json,
gemma-3-4b-it,Gemma-3,base,10,5,IVQ,ordinal,k2,2,wrong,shuffled,0.1,16,0.470588,0.021701430512267243,0.01139787118873852,24.297495937558274,0.09434897072039677,5,False,1936,0.02,raw,lora_intervention/experiments/linear_probing/results_probe50/gemma-3-4b-it_10k_5u/probe_fits_wrong.json,
gemma-3-4b-it,Gemma-3,base,10,5,IVQ,ordinal,k2,2,wrong,shuffled,0.1,17,0.5,0.021180638802312267,0.0066250964966009076,24.571590878819364,0.09470247234758795,5,False,1936,0.02,raw,lora_intervention/experiments/linear_probing/results_probe50/gemma-3-4b-it_10k_5u/probe_fits_wrong.json,
gemma-3-4b-it,Gemma-3,base,10,5,IVQ,ordinal,k2,2,wrong,shuffled,0.1,18,0.529412,0.020663842936679187,0.00284520577523378,24.97895921574895,0.09143299191081725,5,False,1936,0.02,raw,lora_intervention/experiments/linear_probing/results_probe50/gemma-3-4b-it_10k_5u/probe_fits_wrong.json,
gemma-3-4b-it,Gemma-3,base,10,5,IVQ,ordinal,k2,2,wrong,shuffled,0.1,19,0.558824,0.025825141852473428,0.0046142581219610155,24.886937584911692,0.09667851957156151,5,False,1936,0.02,raw,lora_intervention/experiments/linear_probing/results_probe50/gemma-3-4b-it_10k_5u/probe_fits_wrong.json,
gemma-3-4b-it,Gemma-3,base,10,5,IVQ,ordinal,k2,2,wrong,shuffled,0.1,20,0.588235,0.021176642957990356,0.003791203522325537,24.941343669250646,0.09442633175422395,5,False,1936,0.02,raw,lora_intervention/experiments/linear_probing/results_probe50/gemma-3-4b-it_10k_5u/probe_fits_wrong.json,
gemma-3-4b-it,Gemma-3,base,10,5,IVQ,ordinal,k2,2,wrong,shuffled,0.1,21,0.617647,0.026857401635632272,0.006015934096763384,24.663957484216414,0.09817892415187014,5,False,1936,0.02,raw,lora_intervention/experiments/linear_probing/results_probe50/gemma-3-4b-it_10k_5u/probe_fits_wrong.json,
gemma-3-4b-it,Gemma-3,base,10,5,IVQ,ordinal,k2,2,wrong,shuffled,0.1,22,0.647059,0.02737286555315805,0.008879274390953106,24.695428754095737,0.10057779616767086,5,False,1936,0.02,raw,lora_intervention/experiments/linear_probing/results_probe50/gemma-3-4b-it_10k_5u/probe_fits_wrong.json,
gemma-3-4b-it,Gemma-3,base,10,5,IVQ,ordinal,k2,2,wrong,shuffled,0.1,23,0.676471,0.02376062228615573,0.007560929169098337,24.6768880364421,0.09841281821743639,5,False,1936,0.02,raw,lora_intervention/experiments/linear_probing/results_probe50/gemma-3-4b-it_10k_5u/probe_fits_wrong.json,
gemma-3-4b-it,Gemma-3,base,10,5,IVQ,ordinal,k2,2,wrong,shuffled,0.1,24,0.705882,0.020143051226724207,0.005511181517779707,24.555927169077492,0.0934710936415942,5,False,1936,0.02,raw,lora_intervention/experiments/linear_probing/results_probe50/gemma-3-4b-it_10k_5u/probe_fits_wrong.json,
gemma-3-4b-it,Gemma-3,base,10,5,IVQ,ordinal,k2,2,wrong,shuffled,0.1,25,0.735294,0.021176642957990356,0.010385110134471241,24.557011374836836,0.09399094147198944,5,False,1936,0.02,raw,lora_intervention/experiments/linear_probing/results_probe50/gemma-3-4b-it_10k_5u/probe_fits_wrong.json,
gemma-3-4b-it,Gemma-3,base,10,5,IVQ,ordinal,k2,2,wrong,shuffled,0.1,26,0.764706,0.016007352353552308,0.006392898036651855,24.634417539092677,0.09045335425973192,5,False,1936,0.02,raw,lora_intervention/experiments/linear_probing/results_probe50/gemma-3-4b-it_10k_5u/probe_fits_wrong.json,
gemma-3-4b-it,Gemma-3,base,10,5,IVQ,ordinal,k2,2,wrong,shuffled,0.1,27,0.794118,0.017040944084818453,0.005040452067758935,24.687976504435387,0.0907163460060594,5,False,1936,0.02,raw,lora_intervention/experiments/linear_probing/results_probe50/gemma-3-4b-it_10k_5u/probe_fits_wrong.json,
gemma-3-4b-it,Gemma-3,base,10,5,IVQ,ordinal,k2,2,wrong,shuffled,0.1,28,0.823529,0.016525480167292682,0.005551625541292028,24.752009909693918,0.09120977182188209,5,False,1936,0.02,raw,lora_intervention/experiments/linear_probing/results_probe50/gemma-3-4b-it_10k_5u/probe_fits_wrong.json,
gemma-3-4b-it,Gemma-3,base,10,5,IVQ,ordinal,k2,2,wrong,shuffled,0.1,29,0.852941,0.0201390553824023,0.007537159991411622,24.83938703748102,0.09233594859282022,5,False,1936,0.02,raw,lora_intervention/experiments/linear_probing/results_probe50/gemma-3-4b-it_10k_5u/probe_fits_wrong.json,
gemma-3-4b-it,Gemma-3,base,10,5,IVQ,ordinal,k2,2,wrong,shuffled,0.1,30,0.882353,0.02375662644183383,0.0049874910259667315,24.83893284317643,0.09479618974757947,5,False,1936,0.02,raw,lora_intervention/experiments/linear_probing/results_probe50/gemma-3-4b-it_10k_5u/probe_fits_wrong.json,
gemma-3-4b-it,Gemma-3,base,10,5,IVQ,ordinal,k2,2,wrong,shuffled,0.1,31,0.911765,0.01962492341298383,0.006013161418447206,24.86114041396947,0.0934427125381451,5,False,1936,0.02,raw,lora_intervention/experiments/linear_probing/results_probe50/gemma-3-4b-it_10k_5u/probe_fits_wrong.json,
gemma-3-4b-it,Gemma-3,base,10,5,IVQ,ordinal,k2,2,wrong,shuffled,0.1,32,0.941176,0.021175311009883055,0.006403656327602647,25.040248807906448,0.09228733837773262,5,False,1936,0.02,raw,lora_intervention/experiments/linear_probing/results_probe50/gemma-3-4b-it_10k_5u/probe_fits_wrong.json,
gemma-3-4b-it,Gemma-3,base,10,5,IVQ,ordinal,k2,2,wrong,shuffled,0.1,33,0.970588,0.022723034710567674,0.006797666033259462,24.993297637124055,0.09390268693321882,5,False,1936,0.02,raw,lora_intervention/experiments/linear_probing/results_probe50/gemma-3-4b-it_10k_5u/probe_fits_wrong.json,
gemma-3-4b-it,Gemma-3,base,10,5,IVQ,ordinal,k2,2,wrong,shuffled,0.1,34,1.0,0.02065851514424998,0.004888768514204317,25.06871387090759,0.09305271474174359,5,False,1936,0.02,raw,lora_intervention/experiments/linear_probing/results_probe50/gemma-3-4b-it_10k_5u/probe_fits_wrong.json,
gemma-3-4b-it,Gemma-3,base,10,5,IVQ,ordinal,k3,3,wrong,cv_first,0.1,0,0.0,0.02498347841939748,0.000687553904679953,23.57090036917187,0.10274937496953351,5,False,2962,0.02,raw,lora_intervention/experiments/linear_probing/results_probe50/gemma-3-4b-it_10k_5u/probe_fits_wrong.json,
gemma-3-4b-it,Gemma-3,base,10,5,IVQ,ordinal,k3,3,wrong,cv_first,0.1,1,0.029412,0.02329258010118044,0.00536596687502766,25.024639373775123,0.09389878990271237,5,False,2962,0.02,raw,lora_intervention/experiments/linear_probing/results_probe50/gemma-3-4b-it_10k_5u/probe_fits_wrong.json,
gemma-3-4b-it,Gemma-3,base,10,5,IVQ,ordinal,k3,3,wrong,cv_first,0.1,2,0.058824,0.03207408504626043,0.007328659088142578,22.802712387767194,0.1126729782987655,5,False,2962,0.02,raw,lora_intervention/experiments/linear_probing/results_probe50/gemma-3-4b-it_10k_5u/probe_fits_wrong.json,
gemma-3-4b-it,Gemma-3,base,10,5,IVQ,ordinal,k3,3,wrong,cv_first,0.1,3,0.088235,0.03376099539674582,0.006836252378198442,22.718573105145616,0.11394373567262824,5,False,2962,0.02,raw,lora_intervention/experiments/linear_probing/results_probe50/gemma-3-4b-it_10k_5u/probe_fits_wrong.json,
gemma-3-4b-it,Gemma-3,base,10,5,IVQ,ordinal,k3,3,wrong,cv_first,0.1,4,0.117647,0.03139613053188096,0.009875753548554326,23.006933936465977,0.1109164872136665,5,False,2962,0.02,raw,lora_intervention/experiments/linear_probing/results_probe50/gemma-3-4b-it_10k_5u/probe_fits_wrong.json,
gemma-3-4b-it,Gemma-3,base,10,5,IVQ,ordinal,k3,3,wrong,cv_first,0.1,5,0.147059,0.025657444966045308,0.0046987143221167175,23.217008112665784,0.10375403053956944,5,False,2962,0.02,raw,lora_intervention/experiments/linear_probing/results_probe50/gemma-3-4b-it_10k_5u/probe_fits_wrong.json,
gemma-3-4b-it,Gemma-3,base,10,5,IVQ,ordinal,k3,3,wrong,cv_first,0.1,6,0.176471,0.028362426507451806,0.007048801983212309,23.31950230162709,0.10779038155747214,5,False,2962,0.02,raw,lora_intervention/experiments/linear_probing/results_probe50/gemma-3-4b-it_10k_5u/probe_fits_wrong.json,
gemma-3-4b-it,Gemma-3,base,10,5,IVQ,ordinal,k3,3,wrong,cv_first,0.1,7,0.205882,0.0499709448065266,0.007001715136686664,20.828097511508133,0.13966758942756477,5,False,2962,0.02,raw,lora_intervention/experiments/linear_probing/results_probe50/gemma-3-4b-it_10k_5u/probe_fits_wrong.json,
gemma-3-4b-it,Gemma-3,base,10,5,IVQ,ordinal,k3,3,wrong,cv_first,0.1,8,0.235294,0.04051433389544688,0.006049561229168813,21.330909028758946,0.13090017424240608,5,False,2962,0.02,raw,lora_intervention/experiments/linear_probing/results_probe50/gemma-3-4b-it_10k_5u/probe_fits_wrong.json,
gemma-3-4b-it,Gemma-3,base,10,5,IVQ,ordinal,k3,3,wrong,cv_first,0.1,9,0.264706,0.051655006608632245,0.0039468894268284834,20.942692903696276,0.14069450581378087,5,False,2962,0.02,raw,lora_intervention/experiments/linear_probing/results_probe50/gemma-3-4b-it_10k_5u/probe_fits_wrong.json,
gemma-3-4b-it,Gemma-3,base,10,5,IVQ,ordinal,k3,3,wrong,cv_first,0.1,10,0.294118,0.04321475775944579,0.0023033224808420606,21.66791850872795,0.12834372144004766,5,False,2962,0.02,raw,lora_intervention/experiments/linear_probing/results_probe50/gemma-3-4b-it_10k_5u/probe_fits_wrong.json,
gemma-3-4b-it,Gemma-3,base,10,5,IVQ,ordinal,k3,3,wrong,cv_first,0.1,11,0.323529,0.03815459641766556,0.006123683295177066,21.574919101226016,0.1257979995040253,5,False,2962,0.02,raw,lora_intervention/experiments/linear_probing/results_probe50/gemma-3-4b-it_10k_5u/probe_fits_wrong.json,
gemma-3-4b-it,Gemma-3,base,10,5,IVQ,ordinal,k3,3,wrong,cv_first,0.1,12,0.352941,0.038153456998313656,0.0071455927802206685,21.400718973611045,0.1269640595772044,5,False,2962,0.02,raw,lora_intervention/experiments/linear_probing/results_probe50/gemma-3-4b-it_10k_5u/probe_fits_wrong.json,
gemma-3-4b-it,Gemma-3,base,10,5,IVQ,ordinal,k3,3,wrong,cv_first,0.1,13,0.382353,0.07292625677954515,0.008459017229936722,17.755432181760177,0.17697521071172923,5,False,2962,0.02,raw,lora_intervention/experiments/linear_probing/results_probe50/gemma-3-4b-it_10k_5u/probe_fits_wrong.json,
gemma-3-4b-it,Gemma-3,base,10,5,IVQ,ordinal,k3,3,wrong,cv_first,0.1,14,0.411765,0.07022298436716648,0.003477576368347277,17.309404197620893,0.18087538566326827,5,False,2962,0.02,raw,lora_intervention/experiments/linear_probing/results_probe50/gemma-3-4b-it_10k_5u/probe_fits_wrong.json,
gemma-3-4b-it,Gemma-3,base,10,5,IVQ,ordinal,k3,3,wrong,cv_first,0.1,15,0.441176,0.11040175926347932,0.011857910891198123,14.615485848411652,0.23602979593750892,5,False,2962,0.02,raw,lora_intervention/experiments/linear_probing/results_probe50/gemma-3-4b-it_10k_5u/probe_fits_wrong.json,
gemma-3-4b-it,Gemma-3,base,10,5,IVQ,ordinal,k3,3,wrong,cv_first,0.1,16,0.470588,0.16813271956610915,0.017500695558562682,12.254593569117176,0.302955267205247,5,False,2962,0.02,raw,lora_intervention/experiments/linear_probing/results_probe50/gemma-3-4b-it_10k_5u/probe_fits_wrong.json,
gemma-3-4b-it,Gemma-3,base,10,5,IVQ,ordinal,k3,3,wrong,cv_first,0.1,17,0.5,0.19716911262020873,0.01667937264020239,11.340252837154186,0.3342155106219506,5,False,2962,0.02,raw,lora_intervention/experiments/linear_probing/results_probe50/gemma-3-4b-it_10k_5u/probe_fits_wrong.json,
gemma-3-4b-it,Gemma-3,base,10,5,IVQ,ordinal,k3,3,wrong,cv_first,0.1,18,0.529412,0.725190852741443,0.01202072290500623,2.0422194749555627,0.8216703617784417,5,False,2962,0.02,raw,lora_intervention/experiments/linear_probing/results_probe50/gemma-3-4b-it_10k_5u/probe_fits_wrong.json,
gemma-3-4b-it,Gemma-3,base,10,5,IVQ,ordinal,k3,3,wrong,cv_first,0.1,19,0.558824,0.72383551342236,0.004941484980721251,2.068218176017502,0.8198742725306349,5,False,2962,0.02,raw,lora_intervention/experiments/linear_probing/results_probe50/gemma-3-4b-it_10k_5u/probe_fits_wrong.json,
gemma-3-4b-it,Gemma-3,base,10,5,IVQ,ordinal,k3,3,wrong,cv_first,0.1,20,0.588235,0.7413911170867327,0.005578298087842973,2.064520190510916,0.827576202834905,5,False,2962,0.02,raw,lora_intervention/experiments/linear_probing/results_probe50/gemma-3-4b-it_10k_5u/probe_fits_wrong.json,
gemma-3-4b-it,Gemma-3,base,10,5,IVQ,ordinal,k3,3,wrong,cv_first,0.1,21,0.617647,0.7467976619114899,0.01293767153650344,2.149918531516339,0.8279220055339142,5,False,2962,0.02,raw,lora_intervention/experiments/linear_probing/results_probe50/gemma-3-4b-it_10k_5u/probe_fits_wrong.json,
gemma-3-4b-it,Gemma-3,base,10,5,IVQ,ordinal,k3,3,wrong,cv_first,0.1,22,0.647059,0.7265416343831184,0.013310035531777021,2.193471127113623,0.8171868013083639,5,False,2962,0.02,raw,lora_intervention/experiments/linear_probing/results_probe50/gemma-3-4b-it_10k_5u/probe_fits_wrong.json,
gemma-3-4b-it,Gemma-3,base,10,5,IVQ,ordinal,k3,3,wrong,cv_first,0.1,23,0.676471,0.7467948133631102,0.005012553408663072,2.030710769791714,0.833234269129148,5,False,2962,0.02,raw,lora_intervention/experiments/linear_probing/results_probe50/gemma-3-4b-it_10k_5u/probe_fits_wrong.json,
gemma-3-4b-it,Gemma-3,base,10,5,IVQ,ordinal,k3,3,wrong,cv_first,0.1,24,0.705882,0.740043183993437,0.012336897169884883,2.062782006289595,0.8347989520664466,5,False,2962,0.02,raw,lora_intervention/experiments/linear_probing/results_probe50/gemma-3-4b-it_10k_5u/probe_fits_wrong.json,
gemma-3-4b-it,Gemma-3,base,10,5,IVQ,ordinal,k3,3,wrong,cv_first,0.1,25,0.735294,0.7461219862358142,0.01080346207258156,1.932132765142883,0.8415778838162671,5,False,2962,0.02,raw,lora_intervention/experiments/linear_probing/results_probe50/gemma-3-4b-it_10k_5u/probe_fits_wrong.json,
gemma-3-4b-it,Gemma-3,base,10,5,IVQ,ordinal,k3,3,wrong,cv_first,0.1,26,0.764706,0.7464603937833281,0.007914192989723746,1.9675892165352535,0.8404794262067137,5,False,2962,0.02,raw,lora_intervention/experiments/linear_probing/results_probe50/gemma-3-4b-it_10k_5u/probe_fits_wrong.json,
gemma-3-4b-it,Gemma-3,base,10,5,IVQ,ordinal,k3,3,wrong,cv_first,0.1,27,0.794118,0.7437605396290051,0.010700053599300123,1.8889299712866325,0.8425860939447952,5,False,2962,0.02,raw,lora_intervention/experiments/linear_probing/results_probe50/gemma-3-4b-it_10k_5u/probe_fits_wrong.json,
gemma-3-4b-it,Gemma-3,base,10,5,IVQ,ordinal,k3,3,wrong,cv_first,0.1,28,0.823529,0.753550430700515,0.012099918623053138,1.7619992251948406,0.8517368138095962,5,False,2962,0.02,raw,lora_intervention/experiments/linear_probing/results_probe50/gemma-3-4b-it_10k_5u/probe_fits_wrong.json,
gemma-3-4b-it,Gemma-3,base,10,5,IVQ,ordinal,k3,3,wrong,cv_first,0.1,29,0.852941,0.76942083314343,0.014484766545500183,1.6620550567430836,0.8637221977807199,5,False,2962,0.02,raw,lora_intervention/experiments/linear_probing/results_probe50/gemma-3-4b-it_10k_5u/probe_fits_wrong.json,
gemma-3-4b-it,Gemma-3,base,10,5,IVQ,ordinal,k3,3,wrong,cv_first,0.1,30,0.882353,0.7322780411102502,0.004316867545097142,1.7684517569846405,0.8402006254226955,5,False,2962,0.02,raw,lora_intervention/experiments/linear_probing/results_probe50/gemma-3-4b-it_10k_5u/probe_fits_wrong.json,
gemma-3-4b-it,Gemma-3,base,10,5,IVQ,ordinal,k3,3,wrong,cv_first,0.1,31,0.911765,0.7359885602297069,0.00783766673257889,1.6607458639077524,0.8457671562081723,5,False,2962,0.02,raw,lora_intervention/experiments/linear_probing/results_probe50/gemma-3-4b-it_10k_5u/probe_fits_wrong.json,
gemma-3-4b-it,Gemma-3,base,10,5,IVQ,ordinal,k3,3,wrong,cv_first,0.1,32,0.941176,0.7505087507406225,0.00969159411198861,1.5817145982407363,0.8556461366992811,5,False,2962,0.02,raw,lora_intervention/experiments/linear_probing/results_probe50/gemma-3-4b-it_10k_5u/probe_fits_wrong.json,
gemma-3-4b-it,Gemma-3,base,10,5,IVQ,ordinal,k3,3,wrong,cv_first,0.1,33,0.970588,0.756586413563648,0.013763085144984982,1.5513308418030172,0.8596235005323944,5,False,2962,0.02,raw,lora_intervention/experiments/linear_probing/results_probe50/gemma-3-4b-it_10k_5u/probe_fits_wrong.json,
gemma-3-4b-it,Gemma-3,base,10,5,IVQ,ordinal,k3,3,wrong,cv_first,0.1,34,1.0,0.7562485757258102,0.010483534022377417,1.5378304316120506,0.8600680894555742,5,False,2962,0.02,raw,lora_intervention/experiments/linear_probing/results_probe50/gemma-3-4b-it_10k_5u/probe_fits_wrong.json,
gemma-3-4b-it,Gemma-3,base,10,5,IVQ,ordinal,k3,3,wrong,cv_last,0.1,0,0.0,0.02498290870972153,0.0006674036394100486,24.120918030171822,0.10020601031374972,5,False,2962,0.02,raw,lora_intervention/experiments/linear_probing/results_probe50/gemma-3-4b-it_10k_5u/probe_fits_wrong.json,
gemma-3-4b-it,Gemma-3,base,10,5,IVQ,ordinal,k3,3,wrong,cv_last,0.1,1,0.029412,0.0374698053871747,0.006498073450165145,22.8534513012169,0.11951871644905183,5,False,2962,0.02,raw,lora_intervention/experiments/linear_probing/results_probe50/gemma-3-4b-it_10k_5u/probe_fits_wrong.json,
gemma-3-4b-it,Gemma-3,base,10,5,IVQ,ordinal,k3,3,wrong,cv_last,0.1,2,0.058824,0.041187730732418756,0.007441651810221158,21.607562895948224,0.12819020248192042,5,False,2962,0.02,raw,lora_intervention/experiments/linear_probing/results_probe50/gemma-3-4b-it_10k_5u/probe_fits_wrong.json,
gemma-3-4b-it,Gemma-3,base,10,5,IVQ,ordinal,k3,3,wrong,cv_last,0.1,3,0.088235,0.03544847545690716,0.009478808735359973,21.315861856797774,0.12686375448298504,5,False,2962,0.02,raw,lora_intervention/experiments/linear_probing/results_probe50/gemma-3-4b-it_10k_5u/probe_fits_wrong.json,
gemma-3-4b-it,Gemma-3,base,10,5,IVQ,ordinal,k3,3,wrong,cv_last,0.1,4,0.117647,0.042536233535390364,0.008747690438059862,21.614506517478695,0.12830299328315842,5,False,2962,0.02,raw,lora_intervention/experiments/linear_probing/results_probe50/gemma-3-4b-it_10k_5u/probe_fits_wrong.json,
gemma-3-4b-it,Gemma-3,base,10,5,IVQ,ordinal,k3,3,wrong,cv_last,0.1,5,0.147059,0.03645857071236498,0.007871922912072227,22.058625974203544,0.12215085118897459,5,False,2962,0.02,raw,lora_intervention/experiments/linear_probing/results_probe50/gemma-3-4b-it_10k_5u/probe_fits_wrong.json,
gemma-3-4b-it,Gemma-3,base,10,5,IVQ,ordinal,k3,3,wrong,cv_last,0.1,6,0.176471,0.03240793491636662,0.006335317096275611,22.699251401485803,0.11430888341338216,5,False,2962,0.02,raw,lora_intervention/experiments/linear_probing/results_probe50/gemma-3-4b-it_10k_5u/probe_fits_wrong.json,
gemma-3-4b-it,Gemma-3,base,10,5,IVQ,ordinal,k3,3,wrong,cv_last,0.1,7,0.205882,0.031736816918098536,0.005799571636068125,22.62532017683788,0.115145131327158,5,False,2962,0.02,raw,lora_intervention/experiments/linear_probing/results_probe50/gemma-3-4b-it_10k_5u/probe_fits_wrong.json,
gemma-3-4b-it,Gemma-3,base,10,5,IVQ,ordinal,k3,3,wrong,cv_last,0.1,8,0.235294,0.0300459185998815,0.0019476926581052662,22.306822843079168,0.11432743396308136,5,False,2962,0.02,raw,lora_intervention/experiments/linear_probing/results_probe50/gemma-3-4b-it_10k_5u/probe_fits_wrong.json,
gemma-3-4b-it,Gemma-3,base,10,5,IVQ,ordinal,k3,3,wrong,cv_last,0.1,9,0.264706,0.031397269951232855,0.0033005658920340817,22.823736953648424,0.11519610725029183,5,False,2962,0.02,raw,lora_intervention/experiments/linear_probing/results_probe50/gemma-3-4b-it_10k_5u/probe_fits_wrong.json,
gemma-3-4b-it,Gemma-3,base,10,5,IVQ,ordinal,k3,3,wrong,cv_last,0.1,10,0.294118,0.033084750011394194,0.006798621198074287,22.69599323184905,0.1144586924052804,5,False,2962,0.02,raw,lora_intervention/experiments/linear_probing/results_probe50/gemma-3-4b-it_10k_5u/probe_fits_wrong.json,
gemma-3-4b-it,Gemma-3,base,10,5,IVQ,ordinal,k3,3,wrong,cv_last,0.1,11,0.323529,0.033419739300852284,0.00701551362575131,22.911724625131036,0.11271446068991572,5,False,2962,0.02,raw,lora_intervention/experiments/linear_probing/results_probe50/gemma-3-4b-it_10k_5u/probe_fits_wrong.json,
gemma-3-4b-it,Gemma-3,base,10,5,IVQ,ordinal,k3,3,wrong,cv_last,0.1,12,0.352941,0.03105886240371906,0.003463001529135398,22.669260744724486,0.11315894861861542,5,False,2962,0.02,raw,lora_intervention/experiments/linear_probing/results_probe50/gemma-3-4b-it_10k_5u/probe_fits_wrong.json,
gemma-3-4b-it,Gemma-3,base,10,5,IVQ,ordinal,k3,3,wrong,cv_last,0.1,13,0.382353,0.03477564832961123,0.0023168744201406354,22.501594047673304,0.11730644598862039,5,False,2962,0.02,raw,lora_intervention/experiments/linear_probing/results_probe50/gemma-3-4b-it_10k_5u/probe_fits_wrong.json,
gemma-3-4b-it,Gemma-3,base,10,5,IVQ,ordinal,k3,3,wrong,cv_last,0.1,14,0.411765,0.03646084955106878,0.0050635488323432076,22.050357777676496,0.12338992767700718,5,False,2962,0.02,raw,lora_intervention/experiments/linear_probing/results_probe50/gemma-3-4b-it_10k_5u/probe_fits_wrong.json,
gemma-3-4b-it,Gemma-3,base,10,5,IVQ,ordinal,k3,3,wrong,cv_last,0.1,15,0.441176,0.03477279978123148,0.004072968947615319,22.89772287042523,0.11685790070356186,5,False,2962,0.02,raw,lora_intervention/experiments/linear_probing/results_probe50/gemma-3-4b-it_10k_5u/probe_fits_wrong.json,
gemma-3-4b-it,Gemma-3,base,10,5,IVQ,ordinal,k3,3,wrong,cv_last,0.1,16,0.470588,0.030380907889339594,0.007455868604255537,22.527602433799736,0.11381348675712633,5,False,2962,0.02,raw,lora_intervention/experiments/linear_probing/results_probe50/gemma-3-4b-it_10k_5u/probe_fits_wrong.json,
gemma-3-4b-it,Gemma-3,base,10,5,IVQ,ordinal,k3,3,wrong,cv_last,0.1,17,0.5,0.028018891572854476,0.008637197850736026,22.646588578460417,0.1108467823882295,5,False,2962,0.02,raw,lora_intervention/experiments/linear_probing/results_probe50/gemma-3-4b-it_10k_5u/probe_fits_wrong.json,
gemma-3-4b-it,Gemma-3,base,10,5,IVQ,ordinal,k3,3,wrong,cv_last,0.1,18,0.529412,0.02768504170274828,0.002538647667267185,23.03188892940158,0.10929440634526022,5,False,2962,0.02,raw,lora_intervention/experiments/linear_probing/results_probe50/gemma-3-4b-it_10k_5u/probe_fits_wrong.json,
gemma-3-4b-it,Gemma-3,base,10,5,IVQ,ordinal,k3,3,wrong,cv_last,0.1,19,0.558824,0.03376042568706987,0.006832172689348133,21.866950002278834,0.11836298849009026,5,False,2962,0.02,raw,lora_intervention/experiments/linear_probing/results_probe50/gemma-3-4b-it_10k_5u/probe_fits_wrong.json,
gemma-3-4b-it,Gemma-3,base,10,5,IVQ,ordinal,k3,3,wrong,cv_last,0.1,20,0.588235,0.03477336949090744,0.007742201398260056,21.915009571122553,0.1187535041023297,5,False,2962,0.02,raw,lora_intervention/experiments/linear_probing/results_probe50/gemma-3-4b-it_10k_5u/probe_fits_wrong.json,
gemma-3-4b-it,Gemma-3,base,10,5,IVQ,ordinal,k3,3,wrong,cv_last,0.1,21,0.617647,0.03511405587712502,0.007669979172164146,21.960811380520486,0.1182945471377664,5,False,2962,0.02,raw,lora_intervention/experiments/linear_probing/results_probe50/gemma-3-4b-it_10k_5u/probe_fits_wrong.json,
gemma-3-4b-it,Gemma-3,base,10,5,IVQ,ordinal,k3,3,wrong,cv_last,0.1,22,0.647059,0.0344366710724215,0.00422287758155204,21.473360945262293,0.12060087775418486,5,False,2962,0.02,raw,lora_intervention/experiments/linear_probing/results_probe50/gemma-3-4b-it_10k_5u/probe_fits_wrong.json,
gemma-3-4b-it,Gemma-3,base,10,5,IVQ,ordinal,k3,3,wrong,cv_last,0.1,23,0.676471,0.03915785515701199,0.0065852289232196425,20.338040654482477,0.1303578610559106,5,False,2962,0.02,raw,lora_intervention/experiments/linear_probing/results_probe50/gemma-3-4b-it_10k_5u/probe_fits_wrong.json,
gemma-3-4b-it,Gemma-3,base,10,5,IVQ,ordinal,k3,3,wrong,cv_last,0.1,24,0.705882,0.041188870151770654,0.005405725497348965,21.71989198304544,0.1284309364609057,5,False,2962,0.02,raw,lora_intervention/experiments/linear_probing/results_probe50/gemma-3-4b-it_10k_5u/probe_fits_wrong.json,
gemma-3-4b-it,Gemma-3,base,10,5,IVQ,ordinal,k3,3,wrong,cv_last,0.1,25,0.735294,0.04760721936101363,0.012669527846750331,20.716545508408917,0.14129168845727733,5,False,2962,0.02,raw,lora_intervention/experiments/linear_probing/results_probe50/gemma-3-4b-it_10k_5u/probe_fits_wrong.json,
gemma-3-4b-it,Gemma-3,base,10,5,IVQ,ordinal,k3,3,wrong,cv_last,0.1,26,0.764706,0.041530695957340144,0.010835940428867954,21.810088418941707,0.1280302445702623,5,False,2962,0.02,raw,lora_intervention/experiments/linear_probing/results_probe50/gemma-3-4b-it_10k_5u/probe_fits_wrong.json,
gemma-3-4b-it,Gemma-3,base,10,5,IVQ,ordinal,k3,3,wrong,cv_last,0.1,27,0.794118,0.10871143065493824,0.0031689812795933237,16.045403582334444,0.2205482125941512,5,False,2962,0.02,raw,lora_intervention/experiments/linear_probing/results_probe50/gemma-3-4b-it_10k_5u/probe_fits_wrong.json,
gemma-3-4b-it,Gemma-3,base,10,5,IVQ,ordinal,k3,3,wrong,cv_last,0.1,28,0.823529,0.10161911489904744,0.014294767680274394,16.224651337678317,0.21594893821562455,5,False,2962,0.02,raw,lora_intervention/experiments/linear_probing/results_probe50/gemma-3-4b-it_10k_5u/probe_fits_wrong.json,
gemma-3-4b-it,Gemma-3,base,10,5,IVQ,ordinal,k3,3,wrong,cv_last,0.1,29,0.852941,0.11107629551980311,0.008663224394060835,15.93876133722255,0.2249256725007558,5,False,2962,0.02,raw,lora_intervention/experiments/linear_probing/results_probe50/gemma-3-4b-it_10k_5u/probe_fits_wrong.json,
gemma-3-4b-it,Gemma-3,base,10,5,IVQ,ordinal,k3,3,wrong,cv_last,0.1,30,0.882353,0.13166845175698466,0.004422979512634157,12.58565926803701,0.2710226263240057,5,False,2962,0.02,raw,lora_intervention/experiments/linear_probing/results_probe50/gemma-3-4b-it_10k_5u/probe_fits_wrong.json,
gemma-3-4b-it,Gemma-3,base,10,5,IVQ,ordinal,k3,3,wrong,cv_last,0.1,31,0.911765,0.159352354040381,0.008043660805307625,10.771155599106695,0.3119691370480616,5,False,2962,0.02,raw,lora_intervention/experiments/linear_probing/results_probe50/gemma-3-4b-it_10k_5u/probe_fits_wrong.json,
gemma-3-4b-it,Gemma-3,base,10,5,IVQ,ordinal,k3,3,wrong,cv_last,0.1,32,0.941176,0.16103698555216261,0.017402724439367582,10.740764436443188,0.3122477383980881,5,False,2962,0.02,raw,lora_intervention/experiments/linear_probing/results_probe50/gemma-3-4b-it_10k_5u/probe_fits_wrong.json,
gemma-3-4b-it,Gemma-3,base,10,5,IVQ,ordinal,k3,3,wrong,cv_last,0.1,33,0.970588,0.17116984184859393,0.014129706232301066,10.640487557540677,0.31773186233018935,5,False,2962,0.02,raw,lora_intervention/experiments/linear_probing/results_probe50/gemma-3-4b-it_10k_5u/probe_fits_wrong.json,
gemma-3-4b-it,Gemma-3,base,10,5,IVQ,ordinal,k3,3,wrong,cv_last,0.1,34,1.0,0.16711749692356775,0.016786105617358445,10.531413791531834,0.31915415929118857,5,False,2962,0.02,raw,lora_intervention/experiments/linear_probing/results_probe50/gemma-3-4b-it_10k_5u/probe_fits_wrong.json,
gemma-3-4b-it,Gemma-3,base,10,5,IVQ,ordinal,k3,3,wrong,expected,0.1,0,0.0,0.023970534615559914,0.0006838842030237825,24.10764778268994,0.1001306607757451,5,False,2962,0.02,raw,lora_intervention/experiments/linear_probing/results_probe50/gemma-3-4b-it_10k_5u/probe_fits_wrong.json,
gemma-3-4b-it,Gemma-3,base,10,5,IVQ,ordinal,k3,3,wrong,expected,0.1,1,0.029412,0.023297137778588033,0.006704940647532562,24.991676541634384,0.09234107239300784,5,False,2962,0.02,raw,lora_intervention/experiments/linear_probing/results_probe50/gemma-3-4b-it_10k_5u/probe_fits_wrong.json,
gemma-3-4b-it,Gemma-3,base,10,5,IVQ,ordinal,k3,3,wrong,expected,0.1,2,0.058824,0.027346634155234494,0.005488981220895977,24.230768310468985,0.10192109377012562,5,False,2962,0.02,raw,lora_intervention/experiments/linear_probing/results_probe50/gemma-3-4b-it_10k_5u/probe_fits_wrong.json,
gemma-3-4b-it,Gemma-3,base,10,5,IVQ,ordinal,k3,3,wrong,expected,0.1,3,0.088235,0.020934551752426967,0.006639798339910259,24.42262601978032,0.09574389066624577,5,False,2962,0.02,raw,lora_intervention/experiments/linear_probing/results_probe50/gemma-3-4b-it_10k_5u/probe_fits_wrong.json,
gemma-3-4b-it,Gemma-3,base,10,5,IVQ,ordinal,k3,3,wrong,expected,0.1,4,0.117647,0.019918759400209655,0.005380201240080595,24.555999042887745,0.09418892114456769,5,False,2962,0.02,raw,lora_intervention/experiments/linear_probing/results_probe50/gemma-3-4b-it_10k_5u/probe_fits_wrong.json,
gemma-3-4b-it,Gemma-3,base,10,5,IVQ,ordinal,k3,3,wrong,expected,0.1,5,0.147059,0.020599562462968873,0.007286508269552448,24.878692288409827,0.09268972732398445,5,False,2962,0.02,raw,lora_intervention/experiments/linear_probing/results_probe50/gemma-3-4b-it_10k_5u/probe_fits_wrong.json,
gemma-3-4b-it,Gemma-3,base,10,5,IVQ,ordinal,k3,3,wrong,expected,0.1,6,0.176471,0.01823298846907616,0.003770302910040685,24.543815231757897,0.09342999338667116,5,False,2962,0.02,raw,lora_intervention/experiments/linear_probing/results_probe50/gemma-3-4b-it_10k_5u/probe_fits_wrong.json,
gemma-3-4b-it,Gemma-3,base,10,5,IVQ,ordinal,k3,3,wrong,expected,0.1,7,0.205882,0.02363611503577777,0.005135594651895868,24.304176541634384,0.09894049962903337,5,False,2962,0.02,raw,lora_intervention/experiments/linear_probing/results_probe50/gemma-3-4b-it_10k_5u/probe_fits_wrong.json,
gemma-3-4b-it,Gemma-3,base,10,5,IVQ,ordinal,k3,3,wrong,expected,0.1,8,0.235294,0.0270127842851283,0.0063299795777803985,24.44357139601659,0.10063464805685651,5,False,2962,0.02,raw,lora_intervention/experiments/linear_probing/results_probe50/gemma-3-4b-it_10k_5u/probe_fits_wrong.json,
gemma-3-4b-it,Gemma-3,base,10,5,IVQ,ordinal,k3,3,wrong,expected,0.1,9,0.264706,0.02566542090150859,0.009649889071455012,24.150023358096714,0.10168491767354917,5,False,2962,0.02,raw,lora_intervention/experiments/linear_probing/results_probe50/gemma-3-4b-it_10k_5u/probe_fits_wrong.json,
gemma-3-4b-it,Gemma-3,base,10,5,IVQ,ordinal,k3,3,wrong,expected,0.1,10,0.294118,0.0212735290096167,0.0071391374932685304,24.310713390456222,0.09624869754116562,5,False,2962,0.02,raw,lora_intervention/experiments/linear_probing/results_probe50/gemma-3-4b-it_10k_5u/probe_fits_wrong.json,
gemma-3-4b-it,Gemma-3,base,10,5,IVQ,ordinal,k3,3,wrong,expected,0.1,11,0.323529,0.019588897497835104,0.009538242221017533,24.53759685064491,0.09436244410296915,5,False,2962,0.02,raw,lora_intervention/experiments/linear_probing/results_probe50/gemma-3-4b-it_10k_5u/probe_fits_wrong.json,
gemma-3-4b-it,Gemma-3,base,10,5,IVQ,ordinal,k3,3,wrong,expected,0.1,12,0.352941,0.02194692584658858,0.003710211071566938,24.378941821247896,0.09679494098242691,5,False,2962,0.02,raw,lora_intervention/experiments/linear_probing/results_probe50/gemma-3-4b-it_10k_5u/probe_fits_wrong.json,
gemma-3-4b-it,Gemma-3,base,10,5,IVQ,ordinal,k3,3,wrong,expected,0.1,13,0.382353,0.02869855521626179,0.003552564185364261,23.6820661091108,0.10709938297272174,5,False,2962,0.02,raw,lora_intervention/experiments/linear_probing/results_probe50/gemma-3-4b-it_10k_5u/probe_fits_wrong.json,
gemma-3-4b-it,Gemma-3,base,10,5,IVQ,ordinal,k3,3,wrong,expected,0.1,14,0.411765,0.03612586026161068,0.004853731650637588,22.896446720751108,0.11759198381581921,5,False,2962,0.02,raw,lora_intervention/experiments/linear_probing/results_probe50/gemma-3-4b-it_10k_5u/probe_fits_wrong.json,
gemma-3-4b-it,Gemma-3,base,10,5,IVQ,ordinal,k3,3,wrong,expected,0.1,15,0.441176,0.032071236497880684,0.0028055117998181662,22.500168634064078,0.11713095616555916,5,False,2962,0.02,raw,lora_intervention/experiments/linear_probing/results_probe50/gemma-3-4b-it_10k_5u/probe_fits_wrong.json,
gemma-3-4b-it,Gemma-3,base,10,5,IVQ,ordinal,k3,3,wrong,expected,0.1,16,0.470588,0.03038204730869149,0.007069339429650821,22.84865833371314,0.11353533897539278,5,False,2962,0.02,raw,lora_intervention/experiments/linear_probing/results_probe50/gemma-3-4b-it_10k_5u/probe_fits_wrong.json,
gemma-3-4b-it,Gemma-3,base,10,5,IVQ,ordinal,k3,3,wrong,expected,0.1,17,0.5,0.030722163985233125,0.004184362011780712,22.963538580739254,0.11362000887055737,5,False,2962,0.02,raw,lora_intervention/experiments/linear_probing/results_probe50/gemma-3-4b-it_10k_5u/probe_fits_wrong.json,
gemma-3-4b-it,Gemma-3,base,10,5,IVQ,ordinal,k3,3,wrong,expected,0.1,18,0.529412,0.08507132765142884,0.011872188863162852,16.763267398933504,0.1955234862305642,5,False,2962,0.02,raw,lora_intervention/experiments/linear_probing/results_probe50/gemma-3-4b-it_10k_5u/probe_fits_wrong.json,
gemma-3-4b-it,Gemma-3,base,10,5,IVQ,ordinal,k3,3,wrong,expected,0.1,19,0.558824,0.08202907798186046,0.015178607412333728,16.97167916229889,0.1918107068688497,5,False,2962,0.02,raw,lora_intervention/experiments/linear_probing/results_probe50/gemma-3-4b-it_10k_5u/probe_fits_wrong.json,
gemma-3-4b-it,Gemma-3,base,10,5,IVQ,ordinal,k3,3,wrong,expected,0.1,20,0.588235,0.06987887972289321,0.014121165353276626,17.60667016088601,0.17849722912284133,5,False,2962,0.02,raw,lora_intervention/experiments/linear_probing/results_probe50/gemma-3-4b-it_10k_5u/probe_fits_wrong.json,
gemma-3-4b-it,Gemma-3,base,10,5,IVQ,ordinal,k3,3,wrong,expected,0.1,21,0.617647,0.06515826534797867,0.013786785163728322,18.573203135682057,0.16811154946859921,5,False,2962,0.02,raw,lora_intervention/experiments/linear_probing/results_probe50/gemma-3-4b-it_10k_5u/probe_fits_wrong.json,
gemma-3-4b-it,Gemma-3,base,10,5,IVQ,ordinal,k3,3,wrong,expected,0.1,22,0.647059,0.060428535618248944,0.011990540484731029,19.055638986372546,0.1628910995746416,5,False,2962,0.02,raw,lora_intervention/experiments/linear_probing/results_probe50/gemma-3-4b-it_10k_5u/probe_fits_wrong.json,
gemma-3-4b-it,Gemma-3,base,10,5,IVQ,ordinal,k3,3,wrong,expected,0.1,23,0.676471,0.07899879221548699,0.012691122606435986,17.54496034820655,0.18732109066890748,5,False,2962,0.02,raw,lora_intervention/experiments/linear_probing/results_probe50/gemma-3-4b-it_10k_5u/probe_fits_wrong.json,
gemma-3-4b-it,Gemma-3,base,10,5,IVQ,ordinal,k3,3,wrong,expected,0.1,24,0.705882,0.11950401075611868,0.012642395135141028,15.557427874755025,0.24207529851555734,5,False,2962,0.02,raw,lora_intervention/experiments/linear_probing/results_probe50/gemma-3-4b-it_10k_5u/probe_fits_wrong.json,
gemma-3-4b-it,Gemma-3,base,10,5,IVQ,ordinal,k3,3,wrong,expected,0.1,25,0.735294,0.13673032222779272,0.011765787343904485,14.93964894489768,0.25991384417558894,5,False,2962,0.02,raw,lora_intervention/experiments/linear_probing/results_probe50/gemma-3-4b-it_10k_5u/probe_fits_wrong.json,
gemma-3-4b-it,Gemma-3,base,10,5,IVQ,ordinal,k3,3,wrong,expected,0.1,26,0.764706,0.12626475548060706,0.007924297477759726,15.832358939884235,0.24498147110030297,5,False,2962,0.02,raw,lora_intervention/experiments/linear_probing/results_probe50/gemma-3-4b-it_10k_5u/probe_fits_wrong.json,
gemma-3-4b-it,Gemma-3,base,10,5,IVQ,ordinal,k3,3,wrong,expected,0.1,27,0.794118,0.19647919420263435,0.019435828697813445,11.791204822022697,0.33222344013854127,5,False,2962,0.02,raw,lora_intervention/experiments/linear_probing/results_probe50/gemma-3-4b-it_10k_5u/probe_fits_wrong.json,
gemma-3-4b-it,Gemma-3,base,10,5,IVQ,ordinal,k3,3,wrong,expected,0.1,28,0.823529,0.19141276605441865,0.01890572822122982,11.918425550339549,0.32749047643519347,5,False,2962,0.02,raw,lora_intervention/experiments/linear_probing/results_probe50/gemma-3-4b-it_10k_5u/probe_fits_wrong.json,
gemma-3-4b-it,Gemma-3,base,10,5,IVQ,ordinal,k3,3,wrong,expected,0.1,29,0.852941,0.1768959938015587,0.015716268960468883,11.699709448065267,0.3219602068381981,5,False,2962,0.02,raw,lora_intervention/experiments/linear_probing/results_probe50/gemma-3-4b-it_10k_5u/probe_fits_wrong.json,
gemma-3-4b-it,Gemma-3,base,10,5,IVQ,ordinal,k3,3,wrong,expected,0.1,30,0.882353,0.302833166218495,0.008611639499551923,5.861036985552163,0.4880104221236999,5,False,2962,0.02,raw,lora_intervention/experiments/linear_probing/results_probe50/gemma-3-4b-it_10k_5u/probe_fits_wrong.json,
gemma-3-4b-it,Gemma-3,base,10,5,IVQ,ordinal,k3,3,wrong,expected,0.1,31,0.911765,0.29641367758990017,0.02276245251267124,5.467312337632743,0.49152729645099136,5,False,2962,0.02,raw,lora_intervention/experiments/linear_probing/results_probe50/gemma-3-4b-it_10k_5u/probe_fits_wrong.json,
gemma-3-4b-it,Gemma-3,base,10,5,IVQ,ordinal,k3,3,wrong,expected,0.1,32,0.941176,0.2950617565288729,0.018294191025477316,5.431869559272594,0.49063097171765085,5,False,2962,0.02,raw,lora_intervention/experiments/linear_probing/results_probe50/gemma-3-4b-it_10k_5u/probe_fits_wrong.json,
gemma-3-4b-it,Gemma-3,base,10,5,IVQ,ordinal,k3,3,wrong,expected,0.1,33,0.970588,0.3085661546875712,0.016094854231439866,5.222195888974978,0.500470669902764,5,False,2962,0.02,raw,lora_intervention/experiments/linear_probing/results_probe50/gemma-3-4b-it_10k_5u/probe_fits_wrong.json,
gemma-3-4b-it,Gemma-3,base,10,5,IVQ,ordinal,k3,3,wrong,expected,0.1,34,1.0,0.3051889157285447,0.01807647725844803,5.098972813454265,0.49849989410939877,5,False,2962,0.02,raw,lora_intervention/experiments/linear_probing/results_probe50/gemma-3-4b-it_10k_5u/probe_fits_wrong.json,
gemma-3-4b-it,Gemma-3,base,10,5,IVQ,ordinal,k3,3,wrong,shuffled,0.1,0,0.0,0.02396996490588397,0.0006627523530174185,24.109463447427192,0.10006898719423236,5,False,2962,0.02,raw,lora_intervention/experiments/linear_probing/results_probe50/gemma-3-4b-it_10k_5u/probe_fits_wrong.json,
gemma-3-4b-it,Gemma-3,base,10,5,IVQ,ordinal,k3,3,wrong,shuffled,0.1,1,0.029412,0.025322455676587214,0.002840202783084906,24.948456086778176,0.09670486469041921,5,False,2962,0.02,raw,lora_intervention/experiments/linear_probing/results_probe50/gemma-3-4b-it_10k_5u/probe_fits_wrong.json,
gemma-3-4b-it,Gemma-3,base,10,5,IVQ,ordinal,k3,3,wrong,shuffled,0.1,2,0.058824,0.02801775215350257,0.007112062053087097,24.507564035367576,0.09928318143260981,5,False,2962,0.02,raw,lora_intervention/experiments/linear_probing/results_probe50/gemma-3-4b-it_10k_5u/probe_fits_wrong.json,
gemma-3-4b-it,Gemma-3,base,10,5,IVQ,ordinal,k3,3,wrong,shuffled,0.1,3,0.088235,0.026333690351396925,0.0017242295108144724,24.60781413791532,0.09826879821959458,5,False,2962,0.02,raw,lora_intervention/experiments/linear_probing/results_probe50/gemma-3-4b-it_10k_5u/probe_fits_wrong.json,
gemma-3-4b-it,Gemma-3,base,10,5,IVQ,ordinal,k3,3,wrong,shuffled,0.1,4,0.117647,0.023969395196208016,0.005272494105122563,24.663102183127478,0.09540234088135907,5,False,2962,0.02,raw,lora_intervention/experiments/linear_probing/results_probe50/gemma-3-4b-it_10k_5u/probe_fits_wrong.json,
gemma-3-4b-it,Gemma-3,base,10,5,IVQ,ordinal,k3,3,wrong,shuffled,0.1,5,0.147059,0.01991875940020965,0.0034417488872053184,24.626923909575684,0.09330346183670775,5,False,2962,0.02,raw,lora_intervention/experiments/linear_probing/results_probe50/gemma-3-4b-it_10k_5u/probe_fits_wrong.json,
gemma-3-4b-it,Gemma-3,base,10,5,IVQ,ordinal,k3,3,wrong,shuffled,0.1,6,0.176471,0.020595004785561276,0.0027082993733873535,24.65235290096167,0.09433605777579003,5,False,2962,0.02,raw,lora_intervention/experiments/linear_probing/results_probe50/gemma-3-4b-it_10k_5u/probe_fits_wrong.json,
gemma-3-4b-it,Gemma-3,base,10,5,IVQ,ordinal,k3,3,wrong,shuffled,0.1,7,0.205882,0.022958160521398294,0.002533384074819016,24.554013604667063,0.09528321713350095,5,False,2962,0.02,raw,lora_intervention/experiments/linear_probing/results_probe50/gemma-3-4b-it_10k_5u/probe_fits_wrong.json,
gemma-3-4b-it,Gemma-3,base,10,5,IVQ,ordinal,k3,3,wrong,shuffled,0.1,8,0.235294,0.02397110432523586,0.006177107840603343,24.52261861355453,0.0969917025449478,5,False,2962,0.02,raw,lora_intervention/experiments/linear_probing/results_probe50/gemma-3-4b-it_10k_5u/probe_fits_wrong.json,
gemma-3-4b-it,Gemma-3,base,10,5,IVQ,ordinal,k3,3,wrong,shuffled,0.1,9,0.264706,0.02126612278382936,0.004331869706174659,24.88610193245522,0.09355136119777699,5,False,2962,0.02,raw,lora_intervention/experiments/linear_probing/results_probe50/gemma-3-4b-it_10k_5u/probe_fits_wrong.json,
gemma-3-4b-it,Gemma-3,base,10,5,IVQ,ordinal,k3,3,wrong,shuffled,0.1,10,0.294118,0.020258876076751288,0.0038614516699355147,24.74879164577731,0.09428913291690583,5,False,2962,0.02,raw,lora_intervention/experiments/linear_probing/results_probe50/gemma-3-4b-it_10k_5u/probe_fits_wrong.json,
gemma-3-4b-it,Gemma-3,base,10,5,IVQ,ordinal,k3,3,wrong,shuffled,0.1,11,0.323529,0.024305523905018,0.005177055804001601,24.715735381249715,0.09625710702236603,5,False,2962,0.02,raw,lora_intervention/experiments/linear_probing/results_probe50/gemma-3-4b-it_10k_5u/probe_fits_wrong.json,
gemma-3-4b-it,Gemma-3,base,10,5,IVQ,ordinal,k3,3,wrong,shuffled,0.1,12,0.352941,0.02430495419534205,0.006083060118553175,24.92395743129301,0.09607257988224285,5,False,2962,0.02,raw,lora_intervention/experiments/linear_probing/results_probe50/gemma-3-4b-it_10k_5u/probe_fits_wrong.json,
gemma-3-4b-it,Gemma-3,base,10,5,IVQ,ordinal,k3,3,wrong,shuffled,0.1,13,0.382353,0.023970534615559914,0.0030981365330051375,25.254374230891937,0.09517806147061485,5,False,2962,0.02,raw,lora_intervention/experiments/linear_probing/results_probe50/gemma-3-4b-it_10k_5u/probe_fits_wrong.json,
gemma-3-4b-it,Gemma-3,base,10,5,IVQ,ordinal,k3,3,wrong,shuffled,0.1,14,0.411765,0.024307802743721803,0.00274208765603712,25.236891550066087,0.09666126974750502,5,False,2962,0.02,raw,lora_intervention/experiments/linear_probing/results_probe50/gemma-3-4b-it_10k_5u/probe_fits_wrong.json,
gemma-3-4b-it,Gemma-3,base,10,5,IVQ,ordinal,k3,3,wrong,shuffled,0.1,15,0.441176,0.018567408048858303,0.005117579139640099,25.523891344970604,0.08918121403314298,5,False,2962,0.02,raw,lora_intervention/experiments/linear_probing/results_probe50/gemma-3-4b-it_10k_5u/probe_fits_wrong.json,
gemma-3-4b-it,Gemma-3,base,10,5,IVQ,ordinal,k3,3,wrong,shuffled,0.1,16,0.470588,0.021268401622533156,0.00688377671863951,25.381136342919646,0.0934933247611672,5,False,2962,0.02,raw,lora_intervention/experiments/linear_probing/results_probe50/gemma-3-4b-it_10k_5u/probe_fits_wrong.json,
gemma-3-4b-it,Gemma-3,base,10,5,IVQ,ordinal,k3,3,wrong,shuffled,0.1,17,0.5,0.025659723804749103,0.006706151547499339,25.238302720933415,0.0964834481622954,5,False,2962,0.02,raw,lora_intervention/experiments/linear_probing/results_probe50/gemma-3-4b-it_10k_5u/probe_fits_wrong.json,
gemma-3-4b-it,Gemma-3,base,10,5,IVQ,ordinal,k3,3,wrong,shuffled,0.1,18,0.529412,0.02397110432523586,0.0036110109329567167,24.996383482977073,0.09775405608440632,5,False,2962,0.02,raw,lora_intervention/experiments/linear_probing/results_probe50/gemma-3-4b-it_10k_5u/probe_fits_wrong.json,
gemma-3-4b-it,Gemma-3,base,10,5,IVQ,ordinal,k3,3,wrong,shuffled,0.1,19,0.558824,0.026671528189234767,0.004943902162556469,25.14687229387904,0.09735719484920226,5,False,2962,0.02,raw,lora_intervention/experiments/linear_probing/results_probe50/gemma-3-4b-it_10k_5u/probe_fits_wrong.json,
gemma-3-4b-it,Gemma-3,base,10,5,IVQ,ordinal,k3,3,wrong,shuffled,0.1,20,0.588235,0.02464450116220774,0.007288672556407676,25.198194020327243,0.09531328360694254,5,False,2962,0.02,raw,lora_intervention/experiments/linear_probing/results_probe50/gemma-3-4b-it_10k_5u/probe_fits_wrong.json,
gemma-3-4b-it,Gemma-3,base,10,5,IVQ,ordinal,k3,3,wrong,shuffled,0.1,21,0.617647,0.02396825577685611,0.006948569903002291,25.25656647372499,0.0953558732977704,5,False,2962,0.02,raw,lora_intervention/experiments/linear_probing/results_probe50/gemma-3-4b-it_10k_5u/probe_fits_wrong.json,
gemma-3-4b-it,Gemma-3,base,10,5,IVQ,ordinal,k3,3,wrong,shuffled,0.1,22,0.647059,0.024304384485666106,0.00857402697688694,25.117913381340866,0.09563484077580017,5,False,2962,0.02,raw,lora_intervention/experiments/linear_probing/results_probe50/gemma-3-4b-it_10k_5u/probe_fits_wrong.json,
gemma-3-4b-it,Gemma-3,base,10,5,IVQ,ordinal,k3,3,wrong,shuffled,0.1,23,0.676471,0.02160453033134315,0.008286864759810587,24.816355795086825,0.09471782436923987,5,False,2962,0.02,raw,lora_intervention/experiments/linear_probing/results_probe50/gemma-3-4b-it_10k_5u/probe_fits_wrong.json,
gemma-3-4b-it,Gemma-3,base,10,5,IVQ,ordinal,k3,3,wrong,shuffled,0.1,24,0.705882,0.02059500478556128,0.0036102511604617173,24.66564878537897,0.09293465514878436,5,False,2962,0.02,raw,lora_intervention/experiments/linear_probing/results_probe50/gemma-3-4b-it_10k_5u/probe_fits_wrong.json,
gemma-3-4b-it,Gemma-3,base,10,5,IVQ,ordinal,k3,3,wrong,shuffled,0.1,25,0.735294,0.0172177658265348,0.0032699670891741164,24.84451141698191,0.09064212048143909,5,False,2962,0.02,raw,lora_intervention/experiments/linear_probing/results_probe50/gemma-3-4b-it_10k_5u/probe_fits_wrong.json,
gemma-3-4b-it,Gemma-3,base,10,5,IVQ,ordinal,k3,3,wrong,shuffled,0.1,26,0.764706,0.016878788569345063,0.0023747872054083945,25.004864181213254,0.08997491717835795,5,False,2962,0.02,raw,lora_intervention/experiments/linear_probing/results_probe50/gemma-3-4b-it_10k_5u/probe_fits_wrong.json,
gemma-3-4b-it,Gemma-3,base,10,5,IVQ,ordinal,k3,3,wrong,shuffled,0.1,27,0.794118,0.01924251401485803,0.0031207203618896996,24.948924388131807,0.09164873350073197,5,False,2962,0.02,raw,lora_intervention/experiments/linear_probing/results_probe50/gemma-3-4b-it_10k_5u/probe_fits_wrong.json,
gemma-3-4b-it,Gemma-3,base,10,5,IVQ,ordinal,k3,3,wrong,shuffled,0.1,28,0.823529,0.019579212433343967,0.0043386508094605215,24.840889202862222,0.09304233830978102,5,False,2962,0.02,raw,lora_intervention/experiments/linear_probing/results_probe50/gemma-3-4b-it_10k_5u/probe_fits_wrong.json,
gemma-3-4b-it,Gemma-3,base,10,5,IVQ,ordinal,k3,3,wrong,shuffled,0.1,29,0.852941,0.02126783191285721,0.005703749476970941,24.871945786427236,0.09261473629658852,5,False,2962,0.02,raw,lora_intervention/experiments/linear_probing/results_probe50/gemma-3-4b-it_10k_5u/probe_fits_wrong.json,
gemma-3-4b-it,Gemma-3,base,10,5,IVQ,ordinal,k3,3,wrong,shuffled,0.1,30,0.882353,0.02025602752837154,0.003694365406782173,24.82558794038558,0.09251751093152652,5,False,2962,0.02,raw,lora_intervention/experiments/linear_probing/results_probe50/gemma-3-4b-it_10k_5u/probe_fits_wrong.json,
gemma-3-4b-it,Gemma-3,base,10,5,IVQ,ordinal,k3,3,wrong,shuffled,0.1,31,0.911765,0.02396825577685611,0.006435773056934785,24.698223645230392,0.09474353422094949,5,False,2962,0.02,raw,lora_intervention/experiments/linear_probing/results_probe50/gemma-3-4b-it_10k_5u/probe_fits_wrong.json,
gemma-3-4b-it,Gemma-3,base,10,5,IVQ,ordinal,k3,3,wrong,shuffled,0.1,32,0.941176,0.023290870972152593,0.007490641222343631,24.59287635021193,0.09565419797317873,5,False,2962,0.02,raw,lora_intervention/experiments/linear_probing/results_probe50/gemma-3-4b-it_10k_5u/probe_fits_wrong.json,
gemma-3-4b-it,Gemma-3,base,10,5,IVQ,ordinal,k3,3,wrong,shuffled,0.1,33,0.970588,0.021941228749829088,0.006027842995999354,24.794739300852285,0.09288302746433669,5,False,2962,0.02,raw,lora_intervention/experiments/linear_probing/results_probe50/gemma-3-4b-it_10k_5u/probe_fits_wrong.json,
gemma-3-4b-it,Gemma-3,base,10,5,IVQ,ordinal,k3,3,wrong,shuffled,0.1,34,1.0,0.021606239460370998,0.0024751312086602716,24.569504580465797,0.0934761512980984,5,False,2962,0.02,raw,lora_intervention/experiments/linear_probing/results_probe50/gemma-3-4b-it_10k_5u/probe_fits_wrong.json,
gemma-3-4b-it,Gemma-3,base,10,5,IVQ,ordinal,k4,4,wrong,cv_first,0.1,0,0.0,0.024124042244771177,0.0011196351301146215,23.78921826465107,0.10105825806111872,5,False,2197,0.02,raw,lora_intervention/experiments/linear_probing/results_probe50/gemma-3-4b-it_10k_5u/probe_fits_wrong.json,
gemma-3-4b-it,Gemma-3,base,10,5,IVQ,ordinal,k4,4,wrong,cv_first,0.1,1,0.029412,0.02276247670325119,0.008149714058953818,24.679874715261956,0.0962730467987035,5,False,2197,0.02,raw,lora_intervention/experiments/linear_probing/results_probe50/gemma-3-4b-it_10k_5u/probe_fits_wrong.json,
gemma-3-4b-it,Gemma-3,base,10,5,IVQ,ordinal,k4,4,wrong,cv_first,0.1,2,0.058824,0.03141333609442949,0.008344424162929317,22.655151170014495,0.11439476298769022,5,False,2197,0.02,raw,lora_intervention/experiments/linear_probing/results_probe50/gemma-3-4b-it_10k_5u/probe_fits_wrong.json,
gemma-3-4b-it,Gemma-3,base,10,5,IVQ,ordinal,k4,4,wrong,cv_first,0.1,3,0.088235,0.030956719817767653,0.006065530949523338,22.843271898943883,0.1123073719766973,5,False,2197,0.02,raw,lora_intervention/experiments/linear_probing/results_probe50/gemma-3-4b-it_10k_5u/probe_fits_wrong.json,
gemma-3-4b-it,Gemma-3,base,10,5,IVQ,ordinal,k4,4,wrong,cv_first,0.1,4,0.117647,0.027773866224891287,0.010343630749472638,22.71616794367364,0.11047244896163728,5,False,2197,0.02,raw,lora_intervention/experiments/linear_probing/results_probe50/gemma-3-4b-it_10k_5u/probe_fits_wrong.json,
gemma-3-4b-it,Gemma-3,base,10,5,IVQ,ordinal,k4,4,wrong,cv_first,0.1,5,0.147059,0.032324497825636775,0.008222672703453412,22.584727686891696,0.11622544442422034,5,False,2197,0.02,raw,lora_intervention/experiments/linear_probing/results_probe50/gemma-3-4b-it_10k_5u/probe_fits_wrong.json,
gemma-3-4b-it,Gemma-3,base,10,5,IVQ,ordinal,k4,4,wrong,cv_first,0.1,6,0.176471,0.029588941809898527,0.005944099648894966,22.916072685856285,0.11319056116432566,5,False,2197,0.02,raw,lora_intervention/experiments/linear_probing/results_probe50/gemma-3-4b-it_10k_5u/probe_fits_wrong.json,
gemma-3-4b-it,Gemma-3,base,10,5,IVQ,ordinal,k4,4,wrong,cv_first,0.1,7,0.205882,0.04142369020501139,0.006979868372343228,21.70795713398219,0.12926585403970642,5,False,2197,0.02,raw,lora_intervention/experiments/linear_probing/results_probe50/gemma-3-4b-it_10k_5u/probe_fits_wrong.json,
gemma-3-4b-it,Gemma-3,base,10,5,IVQ,ordinal,k4,4,wrong,cv_first,0.1,8,0.235294,0.0386933112445641,0.007212640285042093,21.96975874922344,0.12565099307704575,5,False,2197,0.02,raw,lora_intervention/experiments/linear_probing/results_probe50/gemma-3-4b-it_10k_5u/probe_fits_wrong.json,
gemma-3-4b-it,Gemma-3,base,10,5,IVQ,ordinal,k4,4,wrong,cv_first,0.1,9,0.264706,0.04460550838682957,0.007409511062925097,21.52513460343756,0.13098234608326736,5,False,2197,0.02,raw,lora_intervention/experiments/linear_probing/results_probe50/gemma-3-4b-it_10k_5u/probe_fits_wrong.json,
gemma-3-4b-it,Gemma-3,base,10,5,IVQ,ordinal,k4,4,wrong,cv_first,0.1,10,0.294118,0.04415199834334231,0.0034187159608352743,22.024855042451854,0.12886326781095833,5,False,2197,0.02,raw,lora_intervention/experiments/linear_probing/results_probe50/gemma-3-4b-it_10k_5u/probe_fits_wrong.json,
gemma-3-4b-it,Gemma-3,base,10,5,IVQ,ordinal,k4,4,wrong,cv_first,0.1,11,0.323529,0.03140298198384759,0.0050428902363012906,21.977673431352247,0.12191087008401813,5,False,2197,0.02,raw,lora_intervention/experiments/linear_probing/results_probe50/gemma-3-4b-it_10k_5u/probe_fits_wrong.json,
gemma-3-4b-it,Gemma-3,base,10,5,IVQ,ordinal,k4,4,wrong,cv_first,0.1,12,0.352941,0.037314143715054884,0.012654797850180385,21.94988506937254,0.12342665040677914,5,False,2197,0.02,raw,lora_intervention/experiments/linear_probing/results_probe50/gemma-3-4b-it_10k_5u/probe_fits_wrong.json,
gemma-3-4b-it,Gemma-3,base,10,5,IVQ,ordinal,k4,4,wrong,cv_first,0.1,13,0.382353,0.052793539034996895,0.006613174238297387,19.23007351418513,0.15569837582728402,5,False,2197,0.02,raw,lora_intervention/experiments/linear_probing/results_probe50/gemma-3-4b-it_10k_5u/probe_fits_wrong.json,
gemma-3-4b-it,Gemma-3,base,10,5,IVQ,ordinal,k4,4,wrong,cv_first,0.1,14,0.411765,0.05780285773452061,0.00583533035853374,18.357535721681508,0.16270537870960047,5,False,2197,0.02,raw,lora_intervention/experiments/linear_probing/results_probe50/gemma-3-4b-it_10k_5u/probe_fits_wrong.json,
gemma-3-4b-it,Gemma-3,base,10,5,IVQ,ordinal,k4,4,wrong,cv_first,0.1,15,0.441176,0.08556429902671361,0.011608886197512354,16.7552277904328,0.20044912620971198,5,False,2197,0.02,raw,lora_intervention/experiments/linear_probing/results_probe50/gemma-3-4b-it_10k_5u/probe_fits_wrong.json,
gemma-3-4b-it,Gemma-3,base,10,5,IVQ,ordinal,k4,4,wrong,cv_first,0.1,16,0.470588,0.1283464485400704,0.01098931545001162,13.823235659556843,0.25637416950698355,5,False,2197,0.02,raw,lora_intervention/experiments/linear_probing/results_probe50/gemma-3-4b-it_10k_5u/probe_fits_wrong.json,
gemma-3-4b-it,Gemma-3,base,10,5,IVQ,ordinal,k4,4,wrong,cv_first,0.1,17,0.5,0.14655518740940152,0.014358224605588377,13.354433630151169,0.2741947616194556,5,False,2197,0.02,raw,lora_intervention/experiments/linear_probing/results_probe50/gemma-3-4b-it_10k_5u/probe_fits_wrong.json,
gemma-3-4b-it,Gemma-3,base,10,5,IVQ,ordinal,k4,4,wrong,cv_first,0.1,18,0.529412,0.6372219921308759,0.023666525888971012,2.848438600124249,0.7507452900257986,5,False,2197,0.02,raw,lora_intervention/experiments/linear_probing/results_probe50/gemma-3-4b-it_10k_5u/probe_fits_wrong.json,
gemma-3-4b-it,Gemma-3,base,10,5,IVQ,ordinal,k4,4,wrong,cv_first,0.1,19,0.558824,0.6313035825222613,0.0234506916740692,2.889880927728308,0.7453091766156257,5,False,2197,0.02,raw,lora_intervention/experiments/linear_probing/results_probe50/gemma-3-4b-it_10k_5u/probe_fits_wrong.json,
gemma-3-4b-it,Gemma-3,base,10,5,IVQ,ordinal,k4,4,wrong,cv_first,0.1,20,0.588235,0.6440557051149306,0.024363139119765124,2.919923379581694,0.749434550448475,5,False,2197,0.02,raw,lora_intervention/experiments/linear_probing/results_probe50/gemma-3-4b-it_10k_5u/probe_fits_wrong.json,
gemma-3-4b-it,Gemma-3,base,10,5,IVQ,ordinal,k4,4,wrong,cv_first,0.1,21,0.617647,0.6481548974943052,0.019434675657069658,3.0077935390349966,0.7502920411917832,5,False,2197,0.02,raw,lora_intervention/experiments/linear_probing/results_probe50/gemma-3-4b-it_10k_5u/probe_fits_wrong.json,
gemma-3-4b-it,Gemma-3,base,10,5,IVQ,ordinal,k4,4,wrong,cv_first,0.1,22,0.647059,0.6331424725616068,0.026210994908400596,3.063789604472976,0.7414399401801378,5,False,2197,0.02,raw,lora_intervention/experiments/linear_probing/results_probe50/gemma-3-4b-it_10k_5u/probe_fits_wrong.json,
gemma-3-4b-it,Gemma-3,base,10,5,IVQ,ordinal,k4,4,wrong,cv_first,0.1,23,0.676471,0.6436021950714433,0.021486916140225146,2.9178007869124043,0.7522391479382002,5,False,2197,0.02,raw,lora_intervention/experiments/linear_probing/results_probe50/gemma-3-4b-it_10k_5u/probe_fits_wrong.json,
gemma-3-4b-it,Gemma-3,base,10,5,IVQ,ordinal,k4,4,wrong,cv_first,0.1,24,0.705882,0.599896458894181,0.024783369693356448,3.3663802029405674,0.7259940615420639,5,False,2197,0.02,raw,lora_intervention/experiments/linear_probing/results_probe50/gemma-3-4b-it_10k_5u/probe_fits_wrong.json,
gemma-3-4b-it,Gemma-3,base,10,5,IVQ,ordinal,k4,4,wrong,cv_first,0.1,25,0.735294,0.612195071443363,0.02735764120742392,3.072776972458066,0.7401686520493642,5,False,2197,0.02,raw,lora_intervention/experiments/linear_probing/results_probe50/gemma-3-4b-it_10k_5u/probe_fits_wrong.json,
gemma-3-4b-it,Gemma-3,base,10,5,IVQ,ordinal,k4,4,wrong,cv_first,0.1,26,0.764706,0.6153768896251812,0.02173583427704136,3.1824735970180162,0.7402971252873083,5,False,2197,0.02,raw,lora_intervention/experiments/linear_probing/results_probe50/gemma-3-4b-it_10k_5u/probe_fits_wrong.json,
gemma-3-4b-it,Gemma-3,base,10,5,IVQ,ordinal,k4,4,wrong,cv_first,0.1,27,0.794118,0.6090070407951956,0.022635141106753704,3.039549596189687,0.7411748950177856,5,False,2197,0.02,raw,lora_intervention/experiments/linear_probing/results_probe50/gemma-3-4b-it_10k_5u/probe_fits_wrong.json,
gemma-3-4b-it,Gemma-3,base,10,5,IVQ,ordinal,k4,4,wrong,cv_first,0.1,28,0.823529,0.6322157796645268,0.01827132672172032,2.782395941188652,0.7589148566080198,5,False,2197,0.02,raw,lora_intervention/experiments/linear_probing/results_probe50/gemma-3-4b-it_10k_5u/probe_fits_wrong.json,
gemma-3-4b-it,Gemma-3,base,10,5,IVQ,ordinal,k4,4,wrong,cv_first,0.1,29,0.852941,0.6581631807827708,0.015552099304630135,2.4837875336508595,0.7805454664383463,5,False,2197,0.02,raw,lora_intervention/experiments/linear_probing/results_probe50/gemma-3-4b-it_10k_5u/probe_fits_wrong.json,
gemma-3-4b-it,Gemma-3,base,10,5,IVQ,ordinal,k4,4,wrong,cv_first,0.1,30,0.882353,0.5907838061710499,0.029570229779514127,2.883430316835784,0.7340750274783712,5,False,2197,0.02,raw,lora_intervention/experiments/linear_probing/results_probe50/gemma-3-4b-it_10k_5u/probe_fits_wrong.json,
gemma-3-4b-it,Gemma-3,base,10,5,IVQ,ordinal,k4,4,wrong,cv_first,0.1,31,0.911765,0.6035297162973701,0.032730128107074194,2.570712362808035,0.7470681086274148,5,False,2197,0.02,raw,lora_intervention/experiments/linear_probing/results_probe50/gemma-3-4b-it_10k_5u/probe_fits_wrong.json,
gemma-3-4b-it,Gemma-3,base,10,5,IVQ,ordinal,k4,4,wrong,cv_first,0.1,32,0.941176,0.6308407537792504,0.028105320552375784,2.3130731000207083,0.7686859060298834,5,False,2197,0.02,raw,lora_intervention/experiments/linear_probing/results_probe50/gemma-3-4b-it_10k_5u/probe_fits_wrong.json,
gemma-3-4b-it,Gemma-3,base,10,5,IVQ,ordinal,k4,4,wrong,cv_first,0.1,33,0.970588,0.6312973700559122,0.028657291961497026,2.2789262787326567,0.7698310551261196,5,False,2197,0.02,raw,lora_intervention/experiments/linear_probing/results_probe50/gemma-3-4b-it_10k_5u/probe_fits_wrong.json,
gemma-3-4b-it,Gemma-3,base,10,5,IVQ,ordinal,k4,4,wrong,cv_first,0.1,34,1.0,0.628120728929385,0.026843662288433635,2.2189148892110166,0.7709368157676997,5,False,2197,0.02,raw,lora_intervention/experiments/linear_probing/results_probe50/gemma-3-4b-it_10k_5u/probe_fits_wrong.json,
gemma-3-4b-it,Gemma-3,base,10,5,IVQ,ordinal,k4,4,wrong,cv_last,0.1,0,0.0,0.027310002070822115,3.0434745199212027e-05,23.167515013460342,0.10632132102472491,5,False,2197,0.02,raw,lora_intervention/experiments/linear_probing/results_probe50/gemma-3-4b-it_10k_5u/probe_fits_wrong.json,
gemma-3-4b-it,Gemma-3,base,10,5,IVQ,ordinal,k4,4,wrong,cv_last,0.1,1,0.029412,0.03459826050942224,0.005679921931041879,22.458054462621657,0.11913243633662904,5,False,2197,0.02,raw,lora_intervention/experiments/linear_probing/results_probe50/gemma-3-4b-it_10k_5u/probe_fits_wrong.json,
gemma-3-4b-it,Gemma-3,base,10,5,IVQ,ordinal,k4,4,wrong,cv_last,0.1,2,0.058824,0.03641954856077863,0.008535931150037411,21.988298819631396,0.12219951457636417,5,False,2197,0.02,raw,lora_intervention/experiments/linear_probing/results_probe50/gemma-3-4b-it_10k_5u/probe_fits_wrong.json,
gemma-3-4b-it,Gemma-3,base,10,5,IVQ,ordinal,k4,4,wrong,cv_last,0.1,3,0.088235,0.03413543176641126,0.0037907848274981145,21.803601159660385,0.12072530574079385,5,False,2197,0.02,raw,lora_intervention/experiments/linear_probing/results_probe50/gemma-3-4b-it_10k_5u/probe_fits_wrong.json,
gemma-3-4b-it,Gemma-3,base,10,5,IVQ,ordinal,k4,4,wrong,cv_last,0.1,4,0.117647,0.03277593704700767,0.009411914995556707,21.826487885690618,0.12067657392318534,5,False,2197,0.02,raw,lora_intervention/experiments/linear_probing/results_probe50/gemma-3-4b-it_10k_5u/probe_fits_wrong.json,
gemma-3-4b-it,Gemma-3,base,10,5,IVQ,ordinal,k4,4,wrong,cv_last,0.1,5,0.147059,0.034140608821702216,0.008888408779417644,22.33329053634293,0.11891065802052656,5,False,2197,0.02,raw,lora_intervention/experiments/linear_probing/results_probe50/gemma-3-4b-it_10k_5u/probe_fits_wrong.json,
gemma-3-4b-it,Gemma-3,base,10,5,IVQ,ordinal,k4,4,wrong,cv_last,0.1,6,0.176471,0.03140919445019673,0.005288117058521,22.57952474632429,0.11503082960742428,5,False,2197,0.02,raw,lora_intervention/experiments/linear_probing/results_probe50/gemma-3-4b-it_10k_5u/probe_fits_wrong.json,
gemma-3-4b-it,Gemma-3,base,10,5,IVQ,ordinal,k4,4,wrong,cv_last,0.1,7,0.205882,0.03369124042244771,0.009723204716843412,22.72548560778629,0.11644431588128486,5,False,2197,0.02,raw,lora_intervention/experiments/linear_probing/results_probe50/gemma-3-4b-it_10k_5u/probe_fits_wrong.json,
gemma-3-4b-it,Gemma-3,base,10,5,IVQ,ordinal,k4,4,wrong,cv_last,0.1,8,0.235294,0.030951542762476702,0.005109481966243478,22.646001242493274,0.11531044656296832,5,False,2197,0.02,raw,lora_intervention/experiments/linear_probing/results_probe50/gemma-3-4b-it_10k_5u/probe_fits_wrong.json,
gemma-3-4b-it,Gemma-3,base,10,5,IVQ,ordinal,k4,4,wrong,cv_last,0.1,9,0.264706,0.029129219300062126,0.00563559087108198,23.035892524332162,0.11148714018355262,5,False,2197,0.02,raw,lora_intervention/experiments/linear_probing/results_probe50/gemma-3-4b-it_10k_5u/probe_fits_wrong.json,
gemma-3-4b-it,Gemma-3,base,10,5,IVQ,ordinal,k4,4,wrong,cv_last,0.1,10,0.294118,0.0300414164423276,0.003346017624989372,23.003545247463244,0.1133946098630827,5,False,2197,0.02,raw,lora_intervention/experiments/linear_probing/results_probe50/gemma-3-4b-it_10k_5u/probe_fits_wrong.json,
gemma-3-4b-it,Gemma-3,base,10,5,IVQ,ordinal,k4,4,wrong,cv_last,0.1,11,0.323529,0.030042451853385794,0.003927001706305243,23.32675605715469,0.10909576514278714,5,False,2197,0.02,raw,lora_intervention/experiments/linear_probing/results_probe50/gemma-3-4b-it_10k_5u/probe_fits_wrong.json,
gemma-3-4b-it,Gemma-3,base,10,5,IVQ,ordinal,k4,4,wrong,cv_last,0.1,12,0.352941,0.02549492648581487,0.007955637716320043,23.680080762062538,0.10574710043993427,5,False,2197,0.02,raw,lora_intervention/experiments/linear_probing/results_probe50/gemma-3-4b-it_10k_5u/probe_fits_wrong.json,
gemma-3-4b-it,Gemma-3,base,10,5,IVQ,ordinal,k4,4,wrong,cv_last,0.1,13,0.382353,0.03186684613791675,0.006928717978255762,23.44296955891489,0.11128732213215431,5,False,2197,0.02,raw,lora_intervention/experiments/linear_probing/results_probe50/gemma-3-4b-it_10k_5u/probe_fits_wrong.json,
gemma-3-4b-it,Gemma-3,base,10,5,IVQ,ordinal,k4,4,wrong,cv_last,0.1,14,0.411765,0.03778318492441499,0.009517946753993803,22.640746531372955,0.1211443411187334,5,False,2197,0.02,raw,lora_intervention/experiments/linear_probing/results_probe50/gemma-3-4b-it_10k_5u/probe_fits_wrong.json,
gemma-3-4b-it,Gemma-3,base,10,5,IVQ,ordinal,k4,4,wrong,cv_last,0.1,15,0.441176,0.04096603851729137,0.003540536599930029,22.716479602402153,0.11996774163859625,5,False,2197,0.02,raw,lora_intervention/experiments/linear_probing/results_probe50/gemma-3-4b-it_10k_5u/probe_fits_wrong.json,
gemma-3-4b-it,Gemma-3,base,10,5,IVQ,ordinal,k4,4,wrong,cv_last,0.1,16,0.470588,0.03095050735141851,0.0018055104835868108,22.55564091944502,0.11631834307717104,5,False,2197,0.02,raw,lora_intervention/experiments/linear_probing/results_probe50/gemma-3-4b-it_10k_5u/probe_fits_wrong.json,
gemma-3-4b-it,Gemma-3,base,10,5,IVQ,ordinal,k4,4,wrong,cv_last,0.1,17,0.5,0.03505384137502589,0.006872334495900048,22.84347587492234,0.11854361508517793,5,False,2197,0.02,raw,lora_intervention/experiments/linear_probing/results_probe50/gemma-3-4b-it_10k_5u/probe_fits_wrong.json,
gemma-3-4b-it,Gemma-3,base,10,5,IVQ,ordinal,k4,4,wrong,cv_last,0.1,18,0.529412,0.030505280596396768,0.008248436074681705,22.678551459929594,0.1143121763114753,5,False,2197,0.02,raw,lora_intervention/experiments/linear_probing/results_probe50/gemma-3-4b-it_10k_5u/probe_fits_wrong.json,
gemma-3-4b-it,Gemma-3,base,10,5,IVQ,ordinal,k4,4,wrong,cv_last,0.1,19,0.558824,0.03778836197970595,0.012792562664441108,21.736421619382895,0.12428195708430789,5,False,2197,0.02,raw,lora_intervention/experiments/linear_probing/results_probe50/gemma-3-4b-it_10k_5u/probe_fits_wrong.json,
gemma-3-4b-it,Gemma-3,base,10,5,IVQ,ordinal,k4,4,wrong,cv_last,0.1,20,0.588235,0.038237730378960444,0.007134376658112152,21.487039759784633,0.12729213803358028,5,False,2197,0.02,raw,lora_intervention/experiments/linear_probing/results_probe50/gemma-3-4b-it_10k_5u/probe_fits_wrong.json,
gemma-3-4b-it,Gemma-3,base,10,5,IVQ,ordinal,k4,4,wrong,cv_last,0.1,21,0.617647,0.03505487678608408,0.009423077682365926,21.533179747359704,0.12175869534909231,5,False,2197,0.02,raw,lora_intervention/experiments/linear_probing/results_probe50/gemma-3-4b-it_10k_5u/probe_fits_wrong.json,
gemma-3-4b-it,Gemma-3,base,10,5,IVQ,ordinal,k4,4,wrong,cv_last,0.1,22,0.647059,0.03550113895216401,0.0076942102864637155,21.224504038103127,0.12635277543817658,5,False,2197,0.02,raw,lora_intervention/experiments/linear_probing/results_probe50/gemma-3-4b-it_10k_5u/probe_fits_wrong.json,
gemma-3-4b-it,Gemma-3,base,10,5,IVQ,ordinal,k4,4,wrong,cv_last,0.1,23,0.676471,0.04915821080969145,0.008945592976561965,19.731945537378337,0.1473175667491025,5,False,2197,0.02,raw,lora_intervention/experiments/linear_probing/results_probe50/gemma-3-4b-it_10k_5u/probe_fits_wrong.json,
gemma-3-4b-it,Gemma-3,base,10,5,IVQ,ordinal,k4,4,wrong,cv_last,0.1,24,0.705882,0.04825222613377511,0.01004067129880317,21.272952992337956,0.137121008725908,5,False,2197,0.02,raw,lora_intervention/experiments/linear_probing/results_probe50/gemma-3-4b-it_10k_5u/probe_fits_wrong.json,
gemma-3-4b-it,Gemma-3,base,10,5,IVQ,ordinal,k4,4,wrong,cv_last,0.1,25,0.735294,0.05280596396769518,0.008956688088917029,20.335162559536137,0.14844249360905612,5,False,2197,0.02,raw,lora_intervention/experiments/linear_probing/results_probe50/gemma-3-4b-it_10k_5u/probe_fits_wrong.json,
gemma-3-4b-it,Gemma-3,base,10,5,IVQ,ordinal,k4,4,wrong,cv_last,0.1,26,0.764706,0.05235038310209154,0.008555879813310461,21.06897701387451,0.13859560352125797,5,False,2197,0.02,raw,lora_intervention/experiments/linear_probing/results_probe50/gemma-3-4b-it_10k_5u/probe_fits_wrong.json,
gemma-3-4b-it,Gemma-3,base,10,5,IVQ,ordinal,k4,4,wrong,cv_last,0.1,27,0.794118,0.11970490784841584,0.01223386446966841,16.118744046386414,0.23193229545810956,5,False,2197,0.02,raw,lora_intervention/experiments/linear_probing/results_probe50/gemma-3-4b-it_10k_5u/probe_fits_wrong.json,
gemma-3-4b-it,Gemma-3,base,10,5,IVQ,ordinal,k4,4,wrong,cv_last,0.1,28,0.823529,0.1124259681093394,0.011667136772757556,16.11410644025678,0.22831136875801908,5,False,2197,0.02,raw,lora_intervention/experiments/linear_probing/results_probe50/gemma-3-4b-it_10k_5u/probe_fits_wrong.json,
gemma-3-4b-it,Gemma-3,base,10,5,IVQ,ordinal,k4,4,wrong,cv_last,0.1,29,0.852941,0.11151273555601575,0.009409972921229005,15.864172706564506,0.2293840721361685,5,False,2197,0.02,raw,lora_intervention/experiments/linear_probing/results_probe50/gemma-3-4b-it_10k_5u/probe_fits_wrong.json,
gemma-3-4b-it,Gemma-3,base,10,5,IVQ,ordinal,k4,4,wrong,cv_last,0.1,30,0.882353,0.14292400082832885,0.009624821313579729,12.808144543383724,0.277920123542316,5,False,2197,0.02,raw,lora_intervention/experiments/linear_probing/results_probe50/gemma-3-4b-it_10k_5u/probe_fits_wrong.json,
gemma-3-4b-it,Gemma-3,base,10,5,IVQ,ordinal,k4,4,wrong,cv_last,0.1,31,0.911765,0.162489128183889,0.012202245563433864,11.25923379581694,0.3083715150943114,5,False,2197,0.02,raw,lora_intervention/experiments/linear_probing/results_probe50/gemma-3-4b-it_10k_5u/probe_fits_wrong.json,
gemma-3-4b-it,Gemma-3,base,10,5,IVQ,ordinal,k4,4,wrong,cv_last,0.1,32,0.941176,0.1702298612549182,0.01143158453953982,11.034378753365086,0.31555785460129115,5,False,2197,0.02,raw,lora_intervention/experiments/linear_probing/results_probe50/gemma-3-4b-it_10k_5u/probe_fits_wrong.json,
gemma-3-4b-it,Gemma-3,base,10,5,IVQ,ordinal,k4,4,wrong,cv_last,0.1,33,0.970588,0.1688620832470491,0.011575945456142302,10.881502381445435,0.3164351197231908,5,False,2197,0.02,raw,lora_intervention/experiments/linear_probing/results_probe50/gemma-3-4b-it_10k_5u/probe_fits_wrong.json,
gemma-3-4b-it,Gemma-3,base,10,5,IVQ,ordinal,k4,4,wrong,cv_last,0.1,34,1.0,0.17752847380410022,0.0168687984961865,10.63153758542141,0.32357147311486373,5,False,2197,0.02,raw,lora_intervention/experiments/linear_probing/results_probe50/gemma-3-4b-it_10k_5u/probe_fits_wrong.json,
gemma-3-4b-it,Gemma-3,base,10,5,IVQ,ordinal,k4,4,wrong,expected,0.1,0,0.0,0.02776558293642576,0.0009240044483155949,23.109630358252225,0.10762385780254566,5,False,2197,0.02,raw,lora_intervention/experiments/linear_probing/results_probe50/gemma-3-4b-it_10k_5u/probe_fits_wrong.json,
gemma-3-4b-it,Gemma-3,base,10,5,IVQ,ordinal,k4,4,wrong,expected,0.1,1,0.029412,0.018653965624352866,0.007086175366021283,25.657910540484572,0.08881567091184164,5,False,2197,0.02,raw,lora_intervention/experiments/linear_probing/results_probe50/gemma-3-4b-it_10k_5u/probe_fits_wrong.json,
gemma-3-4b-it,Gemma-3,base,10,5,IVQ,ordinal,k4,4,wrong,expected,0.1,2,0.058824,0.028211845102505694,0.009582125810232163,24.133030648167324,0.10442045107383444,5,False,2197,0.02,raw,lora_intervention/experiments/linear_probing/results_probe50/gemma-3-4b-it_10k_5u/probe_fits_wrong.json,
gemma-3-4b-it,Gemma-3,base,10,5,IVQ,ordinal,k4,4,wrong,expected,0.1,3,0.088235,0.025486643197349345,0.00462324661110859,24.611159660385173,0.09962844395571979,5,False,2197,0.02,raw,lora_intervention/experiments/linear_probing/results_probe50/gemma-3-4b-it_10k_5u/probe_fits_wrong.json,
gemma-3-4b-it,Gemma-3,base,10,5,IVQ,ordinal,k4,4,wrong,expected,0.1,4,0.117647,0.028217022157796645,0.009592691800366935,24.566993166287013,0.10214263121344394,5,False,2197,0.02,raw,lora_intervention/experiments/linear_probing/results_probe50/gemma-3-4b-it_10k_5u/probe_fits_wrong.json,
gemma-3-4b-it,Gemma-3,base,10,5,IVQ,ordinal,k4,4,wrong,expected,0.1,5,0.147059,0.027765582936425764,0.006497214207977376,24.608034789811555,0.10291438085580948,5,False,2197,0.02,raw,lora_intervention/experiments/linear_probing/results_probe50/gemma-3-4b-it_10k_5u/probe_fits_wrong.json,
gemma-3-4b-it,Gemma-3,base,10,5,IVQ,ordinal,k4,4,wrong,expected,0.1,6,0.176471,0.02549389107475668,0.0048825242933211565,24.61331745703044,0.10120547795796435,5,False,2197,0.02,raw,lora_intervention/experiments/linear_probing/results_probe50/gemma-3-4b-it_10k_5u/probe_fits_wrong.json,
gemma-3-4b-it,Gemma-3,base,10,5,IVQ,ordinal,k4,4,wrong,expected,0.1,7,0.205882,0.023214951335680266,0.003356914429750625,24.449049492648584,0.10007523287927292,5,False,2197,0.02,raw,lora_intervention/experiments/linear_probing/results_probe50/gemma-3-4b-it_10k_5u/probe_fits_wrong.json,
gemma-3-4b-it,Gemma-3,base,10,5,IVQ,ordinal,k4,4,wrong,expected,0.1,8,0.235294,0.02821288051356389,0.007802869413113238,24.315364464692482,0.10384125183985722,5,False,2197,0.02,raw,lora_intervention/experiments/linear_probing/results_probe50/gemma-3-4b-it_10k_5u/probe_fits_wrong.json,
gemma-3-4b-it,Gemma-3,base,10,5,IVQ,ordinal,k4,4,wrong,expected,0.1,9,0.264706,0.02776558293642576,0.005833071064450036,24.68123628080348,0.10031739721193791,5,False,2197,0.02,raw,lora_intervention/experiments/linear_probing/results_probe50/gemma-3-4b-it_10k_5u/probe_fits_wrong.json,
gemma-3-4b-it,Gemma-3,base,10,5,IVQ,ordinal,k4,4,wrong,expected,0.1,10,0.294118,0.02594015324083661,0.005480349255105368,24.516594533029615,0.10002875877752093,5,False,2197,0.02,raw,lora_intervention/experiments/linear_probing/results_probe50/gemma-3-4b-it_10k_5u/probe_fits_wrong.json,
gemma-3-4b-it,Gemma-3,base,10,5,IVQ,ordinal,k4,4,wrong,expected,0.1,11,0.323529,0.02411990060053841,0.004198121347305738,24.347552288258438,0.0994639735553003,5,False,2197,0.02,raw,lora_intervention/experiments/linear_probing/results_probe50/gemma-3-4b-it_10k_5u/probe_fits_wrong.json,
gemma-3-4b-it,Gemma-3,base,10,5,IVQ,ordinal,k4,4,wrong,expected,0.1,12,0.352941,0.025034168564920273,0.00407030688539613,24.23306999378753,0.10209675866323471,5,False,2197,0.02,raw,lora_intervention/experiments/linear_probing/results_probe50/gemma-3-4b-it_10k_5u/probe_fits_wrong.json,
gemma-3-4b-it,Gemma-3,base,10,5,IVQ,ordinal,k4,4,wrong,expected,0.1,13,0.382353,0.02958687098778215,0.004326501996958242,23.925232967488093,0.10688004221297262,5,False,2197,0.02,raw,lora_intervention/experiments/linear_probing/results_probe50/gemma-3-4b-it_10k_5u/probe_fits_wrong.json,
gemma-3-4b-it,Gemma-3,base,10,5,IVQ,ordinal,k4,4,wrong,expected,0.1,14,0.411765,0.033226340857320354,0.004213880047112366,23.630356181404018,0.11193422645911437,5,False,2197,0.02,raw,lora_intervention/experiments/linear_probing/results_probe50/gemma-3-4b-it_10k_5u/probe_fits_wrong.json,
gemma-3-4b-it,Gemma-3,base,10,5,IVQ,ordinal,k4,4,wrong,expected,0.1,15,0.441176,0.03276765375854214,0.00487326925473513,23.165553944916134,0.1134773702137151,5,False,2197,0.02,raw,lora_intervention/experiments/linear_probing/results_probe50/gemma-3-4b-it_10k_5u/probe_fits_wrong.json,
gemma-3-4b-it,Gemma-3,base,10,5,IVQ,ordinal,k4,4,wrong,expected,0.1,16,0.470588,0.0264019465727894,0.009612162256300131,23.823305032097743,0.10564487500054402,5,False,2197,0.02,raw,lora_intervention/experiments/linear_probing/results_probe50/gemma-3-4b-it_10k_5u/probe_fits_wrong.json,
gemma-3-4b-it,Gemma-3,base,10,5,IVQ,ordinal,k4,4,wrong,expected,0.1,17,0.5,0.029135431766411264,0.00845199799810127,23.64883930420377,0.10907366216578855,5,False,2197,0.02,raw,lora_intervention/experiments/linear_probing/results_probe50/gemma-3-4b-it_10k_5u/probe_fits_wrong.json,
gemma-3-4b-it,Gemma-3,base,10,5,IVQ,ordinal,k4,4,wrong,expected,0.1,18,0.529412,0.03049906813004763,0.004480532921403209,22.674983433423066,0.11489955467826096,5,False,2197,0.02,raw,lora_intervention/experiments/linear_probing/results_probe50/gemma-3-4b-it_10k_5u/probe_fits_wrong.json,
gemma-3-4b-it,Gemma-3,base,10,5,IVQ,ordinal,k4,4,wrong,expected,0.1,19,0.558824,0.03504555808656036,0.004197768410533852,22.17068233588735,0.12151001957844673,5,False,2197,0.02,raw,lora_intervention/experiments/linear_probing/results_probe50/gemma-3-4b-it_10k_5u/probe_fits_wrong.json,
gemma-3-4b-it,Gemma-3,base,10,5,IVQ,ordinal,k4,4,wrong,expected,0.1,20,0.588235,0.034132325533236696,0.006410744870182733,22.333562849451233,0.11916874998658919,5,False,2197,0.02,raw,lora_intervention/experiments/linear_probing/results_probe50/gemma-3-4b-it_10k_5u/probe_fits_wrong.json,
gemma-3-4b-it,Gemma-3,base,10,5,IVQ,ordinal,k4,4,wrong,expected,0.1,21,0.617647,0.03186063367156761,0.006272718450311965,22.690624352868088,0.11638512523807307,5,False,2197,0.02,raw,lora_intervention/experiments/linear_probing/results_probe50/gemma-3-4b-it_10k_5u/probe_fits_wrong.json,
gemma-3-4b-it,Gemma-3,base,10,5,IVQ,ordinal,k4,4,wrong,expected,0.1,22,0.647059,0.028671567612342103,0.004193890792083206,22.416547939531995,0.11617509473709534,5,False,2197,0.02,raw,lora_intervention/experiments/linear_probing/results_probe50/gemma-3-4b-it_10k_5u/probe_fits_wrong.json,
gemma-3-4b-it,Gemma-3,base,10,5,IVQ,ordinal,k4,4,wrong,expected,0.1,23,0.676471,0.03687098778214951,0.005474871453142232,21.103570097328635,0.128623469132763,5,False,2197,0.02,raw,lora_intervention/experiments/linear_probing/results_probe50/gemma-3-4b-it_10k_5u/probe_fits_wrong.json,
gemma-3-4b-it,Gemma-3,base,10,5,IVQ,ordinal,k4,4,wrong,expected,0.1,24,0.705882,0.045513563884862294,0.006887217515376174,20.9175408987368,0.14047831368032596,5,False,2197,0.02,raw,lora_intervention/experiments/linear_probing/results_probe50/gemma-3-4b-it_10k_5u/probe_fits_wrong.json,
gemma-3-4b-it,Gemma-3,base,10,5,IVQ,ordinal,k4,4,wrong,expected,0.1,25,0.735294,0.0500621246634914,0.008228270379205945,20.60718885897701,0.14436964776687441,5,False,2197,0.02,raw,lora_intervention/experiments/linear_probing/results_probe50/gemma-3-4b-it_10k_5u/probe_fits_wrong.json,
gemma-3-4b-it,Gemma-3,base,10,5,IVQ,ordinal,k4,4,wrong,expected,0.1,26,0.764706,0.0450528059639677,0.008985775720609318,21.097370055912197,0.1392541167545635,5,False,2197,0.02,raw,lora_intervention/experiments/linear_probing/results_probe50/gemma-3-4b-it_10k_5u/probe_fits_wrong.json,
gemma-3-4b-it,Gemma-3,base,10,5,IVQ,ordinal,k4,4,wrong,expected,0.1,27,0.794118,0.08919859184096086,0.015101061402610914,16.997446676330505,0.2044907445578537,5,False,2197,0.02,raw,lora_intervention/experiments/linear_probing/results_probe50/gemma-3-4b-it_10k_5u/probe_fits_wrong.json,
gemma-3-4b-it,Gemma-3,base,10,5,IVQ,ordinal,k4,4,wrong,expected,0.1,28,0.823529,0.08464485400704079,0.016092387846009158,17.219534065023815,0.19920043344073857,5,False,2197,0.02,raw,lora_intervention/experiments/linear_probing/results_probe50/gemma-3-4b-it_10k_5u/probe_fits_wrong.json,
gemma-3-4b-it,Gemma-3,base,10,5,IVQ,ordinal,k4,4,wrong,expected,0.1,29,0.852941,0.08555290950507351,0.01898724128260525,17.174522675502175,0.20080520505662508,5,False,2197,0.02,raw,lora_intervention/experiments/linear_probing/results_probe50/gemma-3-4b-it_10k_5u/probe_fits_wrong.json,
gemma-3-4b-it,Gemma-3,base,10,5,IVQ,ordinal,k4,4,wrong,expected,0.1,30,0.882353,0.16656450610892523,0.034230146129581376,10.9516939324912,0.31913439683227807,5,False,2197,0.02,raw,lora_intervention/experiments/linear_probing/results_probe50/gemma-3-4b-it_10k_5u/probe_fits_wrong.json,
gemma-3-4b-it,Gemma-3,base,10,5,IVQ,ordinal,k4,4,wrong,expected,0.1,31,0.911765,0.17566680472147445,0.028222578985344523,10.346221785048664,0.3316681161005623,5,False,2197,0.02,raw,lora_intervention/experiments/linear_probing/results_probe50/gemma-3-4b-it_10k_5u/probe_fits_wrong.json,
gemma-3-4b-it,Gemma-3,base,10,5,IVQ,ordinal,k4,4,wrong,expected,0.1,32,0.941176,0.17202940567405262,0.029404062267156507,10.242967488092773,0.3286762580460326,5,False,2197,0.02,raw,lora_intervention/experiments/linear_probing/results_probe50/gemma-3-4b-it_10k_5u/probe_fits_wrong.json,
gemma-3-4b-it,Gemma-3,base,10,5,IVQ,ordinal,k4,4,wrong,expected,0.1,33,0.970588,0.1838703665355146,0.030347961632001354,9.986240422447713,0.3398380859493984,5,False,2197,0.02,raw,lora_intervention/experiments/linear_probing/results_probe50/gemma-3-4b-it_10k_5u/probe_fits_wrong.json,
gemma-3-4b-it,Gemma-3,base,10,5,IVQ,ordinal,k4,4,wrong,expected,0.1,34,1.0,0.18205218471733278,0.033248086633817925,9.639758749223443,0.3407631788596537,5,False,2197,0.02,raw,lora_intervention/experiments/linear_probing/results_probe50/gemma-3-4b-it_10k_5u/probe_fits_wrong.json,
gemma-3-4b-it,Gemma-3,base,10,5,IVQ,ordinal,k4,4,wrong,shuffled,0.1,0,0.0,0.02776558293642576,0.0009240044483155949,23.104758749223443,0.10763930196588575,5,False,2197,0.02,raw,lora_intervention/experiments/linear_probing/results_probe50/gemma-3-4b-it_10k_5u/probe_fits_wrong.json,
gemma-3-4b-it,Gemma-3,base,10,5,IVQ,ordinal,k4,4,wrong,shuffled,0.1,1,0.029412,0.016835783806171047,0.006023690153184596,25.512190929799132,0.08663926557676341,5,False,2197,0.02,raw,lora_intervention/experiments/linear_probing/results_probe50/gemma-3-4b-it_10k_5u/probe_fits_wrong.json,
gemma-3-4b-it,Gemma-3,base,10,5,IVQ,ordinal,k4,4,wrong,shuffled,0.1,2,0.058824,0.01774694553737834,0.006646197040306114,25.693291571753985,0.08863563181520953,5,False,2197,0.02,raw,lora_intervention/experiments/linear_probing/results_probe50/gemma-3-4b-it_10k_5u/probe_fits_wrong.json,
gemma-3-4b-it,Gemma-3,base,10,5,IVQ,ordinal,k4,4,wrong,shuffled,0.1,3,0.088235,0.017289293849658317,0.010617758287292035,25.754042244771178,0.08874267421518718,5,False,2197,0.02,raw,lora_intervention/experiments/linear_probing/results_probe50/gemma-3-4b-it_10k_5u/probe_fits_wrong.json,
gemma-3-4b-it,Gemma-3,base,10,5,IVQ,ordinal,k4,4,wrong,shuffled,0.1,4,0.117647,0.018658107268585626,0.00831077766791735,25.885152205425555,0.08880771632291032,5,False,2197,0.02,raw,lora_intervention/experiments/linear_probing/results_probe50/gemma-3-4b-it_10k_5u/probe_fits_wrong.json,
gemma-3-4b-it,Gemma-3,base,10,5,IVQ,ordinal,k4,4,wrong,shuffled,0.1,5,0.147059,0.021388486229032923,0.006512578843267425,25.69518119693518,0.09228412369166823,5,False,2197,0.02,raw,lora_intervention/experiments/linear_probing/results_probe50/gemma-3-4b-it_10k_5u/probe_fits_wrong.json,
gemma-3-4b-it,Gemma-3,base,10,5,IVQ,ordinal,k4,4,wrong,shuffled,0.1,6,0.176471,0.020024849865396564,0.0036291711478555664,25.288566991095465,0.09287767644420916,5,False,2197,0.02,raw,lora_intervention/experiments/linear_probing/results_probe50/gemma-3-4b-it_10k_5u/probe_fits_wrong.json,
gemma-3-4b-it,Gemma-3,base,10,5,IVQ,ordinal,k4,4,wrong,shuffled,0.1,7,0.205882,0.018204597225098363,0.0024764504456219775,25.532249948229445,0.09022758288627486,5,False,2197,0.02,raw,lora_intervention/experiments/linear_probing/results_probe50/gemma-3-4b-it_10k_5u/probe_fits_wrong.json,
gemma-3-4b-it,Gemma-3,base,10,5,IVQ,ordinal,k4,4,wrong,shuffled,0.1,8,0.235294,0.022298612549182025,0.004837725237847118,25.33892420791054,0.09420664900179314,5,False,2197,0.02,raw,lora_intervention/experiments/linear_probing/results_probe50/gemma-3-4b-it_10k_5u/probe_fits_wrong.json,
gemma-3-4b-it,Gemma-3,base,10,5,IVQ,ordinal,k4,4,wrong,shuffled,0.1,9,0.264706,0.019112652723131084,0.00488534368951517,25.264124042244774,0.09106619930915175,5,False,2197,0.02,raw,lora_intervention/experiments/linear_probing/results_probe50/gemma-3-4b-it_10k_5u/probe_fits_wrong.json,
gemma-3-4b-it,Gemma-3,base,10,5,IVQ,ordinal,k4,4,wrong,shuffled,0.1,10,0.294118,0.015931869952371093,0.005582263521642891,24.902249948229446,0.09103673280223443,5,False,2197,0.02,raw,lora_intervention/experiments/linear_probing/results_probe50/gemma-3-4b-it_10k_5u/probe_fits_wrong.json,
gemma-3-4b-it,Gemma-3,base,10,5,IVQ,ordinal,k4,4,wrong,shuffled,0.1,11,0.323529,0.018209774280389314,0.0038209720844578155,25.14705218471733,0.09119246910681363,5,False,2197,0.02,raw,lora_intervention/experiments/linear_probing/results_probe50/gemma-3-4b-it_10k_5u/probe_fits_wrong.json,
gemma-3-4b-it,Gemma-3,base,10,5,IVQ,ordinal,k4,4,wrong,shuffled,0.1,12,0.352941,0.021394698695382068,0.004908155971325772,25.29907951956927,0.09350244220488493,5,False,2197,0.02,raw,lora_intervention/experiments/linear_probing/results_probe50/gemma-3-4b-it_10k_5u/probe_fits_wrong.json,
gemma-3-4b-it,Gemma-3,base,10,5,IVQ,ordinal,k4,4,wrong,shuffled,0.1,13,0.382353,0.02275729964796024,0.007875692346532513,25.215083868295714,0.09520414816017772,5,False,2197,0.02,raw,lora_intervention/experiments/linear_probing/results_probe50/gemma-3-4b-it_10k_5u/probe_fits_wrong.json,
gemma-3-4b-it,Gemma-3,base,10,5,IVQ,ordinal,k4,4,wrong,shuffled,0.1,14,0.411765,0.0186612135017602,0.002651581589278254,25.851643197349347,0.0883940474397556,5,False,2197,0.02,raw,lora_intervention/experiments/linear_probing/results_probe50/gemma-3-4b-it_10k_5u/probe_fits_wrong.json,
gemma-3-4b-it,Gemma-3,base,10,5,IVQ,ordinal,k4,4,wrong,shuffled,0.1,15,0.441176,0.016386415406916544,0.0033442100605059534,25.707014909919234,0.08518191315533549,5,False,2197,0.02,raw,lora_intervention/experiments/linear_probing/results_probe50/gemma-3-4b-it_10k_5u/probe_fits_wrong.json,
gemma-3-4b-it,Gemma-3,base,10,5,IVQ,ordinal,k4,4,wrong,shuffled,0.1,16,0.470588,0.016391592462207498,0.006671588537787758,25.814901635949475,0.08807809209468791,5,False,2197,0.02,raw,lora_intervention/experiments/linear_probing/results_probe50/gemma-3-4b-it_10k_5u/probe_fits_wrong.json,
gemma-3-4b-it,Gemma-3,base,10,5,IVQ,ordinal,k4,4,wrong,shuffled,0.1,17,0.5,0.0200310623317457,0.0066706845797018825,25.871282874301095,0.090582273361094,5,False,2197,0.02,raw,lora_intervention/experiments/linear_probing/results_probe50/gemma-3-4b-it_10k_5u/probe_fits_wrong.json,
gemma-3-4b-it,Gemma-3,base,10,5,IVQ,ordinal,k4,4,wrong,shuffled,0.1,18,0.529412,0.019570304410851107,0.0023052036118406064,25.9423576309795,0.08756797074003607,5,False,2197,0.02,raw,lora_intervention/experiments/linear_probing/results_probe50/gemma-3-4b-it_10k_5u/probe_fits_wrong.json,
gemma-3-4b-it,Gemma-3,base,10,5,IVQ,ordinal,k4,4,wrong,shuffled,0.1,19,0.558824,0.02276040588113481,0.0055839792284934926,25.964698695382065,0.08974988160334496,5,False,2197,0.02,raw,lora_intervention/experiments/linear_probing/results_probe50/gemma-3-4b-it_10k_5u/probe_fits_wrong.json,
gemma-3-4b-it,Gemma-3,base,10,5,IVQ,ordinal,k4,4,wrong,shuffled,0.1,20,0.588235,0.019116794367363844,0.002728219920668427,25.89914267964382,0.08778183652476335,5,False,2197,0.02,raw,lora_intervention/experiments/linear_probing/results_probe50/gemma-3-4b-it_10k_5u/probe_fits_wrong.json,
gemma-3-4b-it,Gemma-3,base,10,5,IVQ,ordinal,k4,4,wrong,shuffled,0.1,21,0.617647,0.020031062331745703,0.0050811592675783675,25.839024642783187,0.08916381205680497,5,False,2197,0.02,raw,lora_intervention/experiments/linear_probing/results_probe50/gemma-3-4b-it_10k_5u/probe_fits_wrong.json,
gemma-3-4b-it,Gemma-3,base,10,5,IVQ,ordinal,k4,4,wrong,shuffled,0.1,22,0.647059,0.022306895837647545,0.007269493695117472,25.620650238144542,0.09273588475206543,5,False,2197,0.02,raw,lora_intervention/experiments/linear_probing/results_probe50/gemma-3-4b-it_10k_5u/probe_fits_wrong.json,
gemma-3-4b-it,Gemma-3,base,10,5,IVQ,ordinal,k4,4,wrong,shuffled,0.1,23,0.676471,0.021398840339614828,0.0105531092302381,25.784739076413338,0.09104521499956336,5,False,2197,0.02,raw,lora_intervention/experiments/linear_probing/results_probe50/gemma-3-4b-it_10k_5u/probe_fits_wrong.json,
gemma-3-4b-it,Gemma-3,base,10,5,IVQ,ordinal,k4,4,wrong,shuffled,0.1,24,0.705882,0.023219092979913026,0.006360386101686499,25.72807206460965,0.09415404617972441,5,False,2197,0.02,raw,lora_intervention/experiments/linear_probing/results_probe50/gemma-3-4b-it_10k_5u/probe_fits_wrong.json,
gemma-3-4b-it,Gemma-3,base,10,5,IVQ,ordinal,k4,4,wrong,shuffled,0.1,25,0.735294,0.02367674466763305,0.01055869208128116,25.889192379374613,0.09392304067725887,5,False,2197,0.02,raw,lora_intervention/experiments/linear_probing/results_probe50/gemma-3-4b-it_10k_5u/probe_fits_wrong.json,
gemma-3-4b-it,Gemma-3,base,10,5,IVQ,ordinal,k4,4,wrong,shuffled,0.1,26,0.764706,0.023214951335680262,0.006013027390927407,25.84921205218472,0.09170999208490908,5,False,2197,0.02,raw,lora_intervention/experiments/linear_probing/results_probe50/gemma-3-4b-it_10k_5u/probe_fits_wrong.json,
gemma-3-4b-it,Gemma-3,base,10,5,IVQ,ordinal,k4,4,wrong,shuffled,0.1,27,0.794118,0.0209411886518948,0.005662397923257742,25.54164216193829,0.09084562274846154,5,False,2197,0.02,raw,lora_intervention/experiments/linear_probing/results_probe50/gemma-3-4b-it_10k_5u/probe_fits_wrong.json,
gemma-3-4b-it,Gemma-3,base,10,5,IVQ,ordinal,k4,4,wrong,shuffled,0.1,28,0.823529,0.016840960861462,0.006211047674006982,25.490610892524334,0.08809596693379977,5,False,2197,0.02,raw,lora_intervention/experiments/linear_probing/results_probe50/gemma-3-4b-it_10k_5u/probe_fits_wrong.json,
gemma-3-4b-it,Gemma-3,base,10,5,IVQ,ordinal,k4,4,wrong,shuffled,0.1,29,0.852941,0.021840960861462,0.006506210679339181,25.41556636984883,0.0905618843905395,5,False,2197,0.02,raw,lora_intervention/experiments/linear_probing/results_probe50/gemma-3-4b-it_10k_5u/probe_fits_wrong.json,
gemma-3-4b-it,Gemma-3,base,10,5,IVQ,ordinal,k4,4,wrong,shuffled,0.1,30,0.882353,0.021390557051149305,0.003390215360298177,25.148367156761232,0.09144911857516894,5,False,2197,0.02,raw,lora_intervention/experiments/linear_probing/results_probe50/gemma-3-4b-it_10k_5u/probe_fits_wrong.json,
gemma-3-4b-it,Gemma-3,base,10,5,IVQ,ordinal,k4,4,wrong,shuffled,0.1,31,0.911765,0.017291364671774695,0.004882730029953182,25.60493891074757,0.08707015691822237,5,False,2197,0.02,raw,lora_intervention/experiments/linear_probing/results_probe50/gemma-3-4b-it_10k_5u/probe_fits_wrong.json,
gemma-3-4b-it,Gemma-3,base,10,5,IVQ,ordinal,k4,4,wrong,shuffled,0.1,32,0.941176,0.01592565748602195,0.006257225041825166,25.56076102712777,0.08734683488986085,5,False,2197,0.02,raw,lora_intervention/experiments/linear_probing/results_probe50/gemma-3-4b-it_10k_5u/probe_fits_wrong.json,
gemma-3-4b-it,Gemma-3,base,10,5,IVQ,ordinal,k4,4,wrong,shuffled,0.1,33,0.970588,0.017290329260716508,0.006827757088812656,25.47610892524332,0.08806820753104522,5,False,2197,0.02,raw,lora_intervention/experiments/linear_probing/results_probe50/gemma-3-4b-it_10k_5u/probe_fits_wrong.json,
gemma-3-4b-it,Gemma-3,base,10,5,IVQ,ordinal,k4,4,wrong,shuffled,0.1,34,1.0,0.018656036446469248,0.00751632665426097,25.553517291364674,0.08888196802740564,5,False,2197,0.02,raw,lora_intervention/experiments/linear_probing/results_probe50/gemma-3-4b-it_10k_5u/probe_fits_wrong.json,
gemma-3-4b-it,Gemma-3,base,10,5,CVQ,ordinal,k5,5,wrong,cv_first,0.1,0,0.0,0.024757567099712607,0.0006732946069840393,23.995654414771742,0.10028049966895428,5,False,2989,0.02,raw,lora_intervention/experiments/linear_probing/results_probe50/gemma-3-4b-it_10k_5u/probe_fits_wrong.json,
gemma-3-4b-it,Gemma-3,base,10,5,CVQ,ordinal,k5,5,wrong,cv_first,0.1,1,0.029412,0.020072491778849656,0.002356996306105772,25.546820501616217,0.09031500708684148,5,False,2989,0.02,raw,lora_intervention/experiments/linear_probing/results_probe50/gemma-3-4b-it_10k_5u/probe_fits_wrong.json,
gemma-3-4b-it,Gemma-3,base,10,5,CVQ,ordinal,k5,5,wrong,cv_first,0.1,2,0.058824,0.025760911581317956,0.005753111334543259,23.623828731169784,0.10660663224532081,5,False,2989,0.02,raw,lora_intervention/experiments/linear_probing/results_probe50/gemma-3-4b-it_10k_5u/probe_fits_wrong.json,
gemma-3-4b-it,Gemma-3,base,10,5,CVQ,ordinal,k5,5,wrong,cv_first,0.1,3,0.088235,0.0264281272583654,0.00552839670262559,23.716528013534788,0.1029388317351149,5,False,2989,0.02,raw,lora_intervention/experiments/linear_probing/results_probe50/gemma-3-4b-it_10k_5u/probe_fits_wrong.json,
gemma-3-4b-it,Gemma-3,base,10,5,CVQ,ordinal,k5,5,wrong,cv_first,0.1,4,0.117647,0.025091455045573464,0.00366014807265395,23.8796782126911,0.10196137059151769,5,False,2989,0.02,raw,lora_intervention/experiments/linear_probing/results_probe50/gemma-3-4b-it_10k_5u/probe_fits_wrong.json,
gemma-3-4b-it,Gemma-3,base,10,5,CVQ,ordinal,k5,5,wrong,cv_first,0.1,5,0.147059,0.02943984134720425,0.0035919990728115344,23.567119320123474,0.10883102711147144,5,False,2989,0.02,raw,lora_intervention/experiments/linear_probing/results_probe50/gemma-3-4b-it_10k_5u/probe_fits_wrong.json,
gemma-3-4b-it,Gemma-3,base,10,5,CVQ,ordinal,k5,5,wrong,cv_first,0.1,6,0.176471,0.02910483297199487,0.005342853902881826,23.48457897066156,0.10813584088116708,5,False,2989,0.02,raw,lora_intervention/experiments/linear_probing/results_probe50/gemma-3-4b-it_10k_5u/probe_fits_wrong.json,
gemma-3-4b-it,Gemma-3,base,10,5,CVQ,ordinal,k5,5,wrong,cv_first,0.1,7,0.205882,0.03880719091555884,0.012392342232964867,21.477098424116118,0.12746832998844732,5,False,2989,0.02,raw,lora_intervention/experiments/linear_probing/results_probe50/gemma-3-4b-it_10k_5u/probe_fits_wrong.json,
gemma-3-4b-it,Gemma-3,base,10,5,CVQ,ordinal,k5,5,wrong,cv_first,0.1,8,0.235294,0.03880887155958163,0.005830620834276597,21.429965882926336,0.12864384840497767,5,False,2989,0.02,raw,lora_intervention/experiments/linear_probing/results_probe50/gemma-3-4b-it_10k_5u/probe_fits_wrong.json,
gemma-3-4b-it,Gemma-3,base,10,5,CVQ,ordinal,k5,5,wrong,cv_first,0.1,9,0.264706,0.044158921698794984,0.007729338320594486,21.59381074827874,0.1319166579199385,5,False,2989,0.02,raw,lora_intervention/experiments/linear_probing/results_probe50/gemma-3-4b-it_10k_5u/probe_fits_wrong.json,
gemma-3-4b-it,Gemma-3,base,10,5,CVQ,ordinal,k5,5,wrong,cv_first,0.1,10,0.294118,0.031112642364554098,0.003432064845322019,21.91100933877862,0.11878492412442118,5,False,2989,0.02,raw,lora_intervention/experiments/linear_probing/results_probe50/gemma-3-4b-it_10k_5u/probe_fits_wrong.json,
gemma-3-4b-it,Gemma-3,base,10,5,CVQ,ordinal,k5,5,wrong,cv_first,0.1,11,0.323529,0.03512714072032403,0.006597189095076124,21.61278970101343,0.1244739449056987,5,False,2989,0.02,raw,lora_intervention/experiments/linear_probing/results_probe50/gemma-3-4b-it_10k_5u/probe_fits_wrong.json,
gemma-3-4b-it,Gemma-3,base,10,5,CVQ,ordinal,k5,5,wrong,cv_first,0.1,12,0.352941,0.03245379629474014,0.004811447489856963,21.21430452149264,0.12513873044413343,5,False,2989,0.02,raw,lora_intervention/experiments/linear_probing/results_probe50/gemma-3-4b-it_10k_5u/probe_fits_wrong.json,
gemma-3-4b-it,Gemma-3,base,10,5,CVQ,ordinal,k5,5,wrong,cv_first,0.1,13,0.382353,0.06556976633445936,0.013082662162328059,18.672374133768063,0.16541585887603855,5,False,2989,0.02,raw,lora_intervention/experiments/linear_probing/results_probe50/gemma-3-4b-it_10k_5u/probe_fits_wrong.json,
gemma-3-4b-it,Gemma-3,base,10,5,CVQ,ordinal,k5,5,wrong,cv_first,0.1,14,0.411765,0.06256253396301463,0.007371281905773268,18.411845739287294,0.165067228363315,5,False,2989,0.02,raw,lora_intervention/experiments/linear_probing/results_probe50/gemma-3-4b-it_10k_5u/probe_fits_wrong.json,
gemma-3-4b-it,Gemma-3,base,10,5,CVQ,ordinal,k5,5,wrong,cv_first,0.1,15,0.441176,0.10237587043355015,0.01482504978471917,15.872401584287099,0.21638282415919483,5,False,2989,0.02,raw,lora_intervention/experiments/linear_probing/results_probe50/gemma-3-4b-it_10k_5u/probe_fits_wrong.json,
gemma-3-4b-it,Gemma-3,base,10,5,CVQ,ordinal,k5,5,wrong,cv_first,0.1,16,0.470588,0.1502109208248601,0.0195549273906249,12.690019775578003,0.2807837752621064,5,False,2989,0.02,raw,lora_intervention/experiments/linear_probing/results_probe50/gemma-3-4b-it_10k_5u/probe_fits_wrong.json,
gemma-3-4b-it,Gemma-3,base,10,5,CVQ,ordinal,k5,5,wrong,cv_first,0.1,17,0.5,0.16794507655333524,0.010494263997900462,12.051296056648908,0.3040256063396054,5,False,2989,0.02,raw,lora_intervention/experiments/linear_probing/results_probe50/gemma-3-4b-it_10k_5u/probe_fits_wrong.json,
gemma-3-4b-it,Gemma-3,base,10,5,CVQ,ordinal,k5,5,wrong,cv_first,0.1,18,0.529412,0.6052099964706475,0.015173225620529937,3.0070626263984357,0.7278161875503113,5,False,2989,0.02,raw,lora_intervention/experiments/linear_probing/results_probe50/gemma-3-4b-it_10k_5u/probe_fits_wrong.json,
gemma-3-4b-it,Gemma-3,base,10,5,CVQ,ordinal,k5,5,wrong,cv_first,0.1,19,0.558824,0.606556192332902,0.01642469473939891,3.091027041562327,0.7237685767525337,5,False,2989,0.02,raw,lora_intervention/experiments/linear_probing/results_probe50/gemma-3-4b-it_10k_5u/probe_fits_wrong.json,
gemma-3-4b-it,Gemma-3,base,10,5,CVQ,ordinal,k5,5,wrong,cv_first,0.1,20,0.588235,0.6122406906326504,0.015338979840047631,3.045154983389635,0.7291172295319915,5,False,2989,0.02,raw,lora_intervention/experiments/linear_probing/results_probe50/gemma-3-4b-it_10k_5u/probe_fits_wrong.json,
gemma-3-4b-it,Gemma-3,base,10,5,CVQ,ordinal,k5,5,wrong,cv_first,0.1,21,0.617647,0.6032038677221111,0.023177829807028337,3.181349893279105,0.7195026664700747,5,False,2989,0.02,raw,lora_intervention/experiments/linear_probing/results_probe50/gemma-3-4b-it_10k_5u/probe_fits_wrong.json,
gemma-3-4b-it,Gemma-3,base,10,5,CVQ,ordinal,k5,5,wrong,cv_first,0.1,22,0.647059,0.5854753141403787,0.024531032751078888,3.356305496266169,0.705393696649974,5,False,2989,0.02,raw,lora_intervention/experiments/linear_probing/results_probe50/gemma-3-4b-it_10k_5u/probe_fits_wrong.json,
gemma-3-4b-it,Gemma-3,base,10,5,CVQ,ordinal,k5,5,wrong,cv_first,0.1,23,0.676471,0.6035439180293889,0.020141442475177282,3.2080782956028755,0.7190205165712372,5,False,2989,0.02,raw,lora_intervention/experiments/linear_probing/results_probe50/gemma-3-4b-it_10k_5u/probe_fits_wrong.json,
gemma-3-4b-it,Gemma-3,base,10,5,CVQ,ordinal,k5,5,wrong,cv_first,0.1,24,0.705882,0.5212371780866427,0.011629520751417021,4.196076256421461,0.6577303889984379,5,False,2989,0.02,raw,lora_intervention/experiments/linear_probing/results_probe50/gemma-3-4b-it_10k_5u/probe_fits_wrong.json,
gemma-3-4b-it,Gemma-3,base,10,5,CVQ,ordinal,k5,5,wrong,cv_first,0.1,25,0.735294,0.5570360162014083,0.014603685047252376,3.673807162904825,0.6898433223842734,5,False,2989,0.02,raw,lora_intervention/experiments/linear_probing/results_probe50/gemma-3-4b-it_10k_5u/probe_fits_wrong.json,
gemma-3-4b-it,Gemma-3,base,10,5,CVQ,ordinal,k5,5,wrong,cv_first,0.1,26,0.764706,0.5543581900584305,0.02102151154597916,3.830080166719887,0.6845427642140871,5,False,2989,0.02,raw,lora_intervention/experiments/linear_probing/results_probe50/gemma-3-4b-it_10k_5u/probe_fits_wrong.json,
gemma-3-4b-it,Gemma-3,base,10,5,CVQ,ordinal,k5,5,wrong,cv_first,0.1,27,0.794118,0.552011450787942,0.027706326439312076,3.609947731970892,0.6889378406527539,5,False,2989,0.02,raw,lora_intervention/experiments/linear_probing/results_probe50/gemma-3-4b-it_10k_5u/probe_fits_wrong.json,
gemma-3-4b-it,Gemma-3,base,10,5,CVQ,ordinal,k5,5,wrong,cv_first,0.1,28,0.823529,0.5714184075337669,0.025572794566473087,3.3493336246449643,0.7050956093012375,5,False,2989,0.02,raw,lora_intervention/experiments/linear_probing/results_probe50/gemma-3-4b-it_10k_5u/probe_fits_wrong.json,
gemma-3-4b-it,Gemma-3,base,10,5,CVQ,ordinal,k5,5,wrong,cv_first,0.1,29,0.852941,0.6092250550410918,0.016077626108157297,3.0000246494456677,0.7339767331069966,5,False,2989,0.02,raw,lora_intervention/experiments/linear_probing/results_probe50/gemma-3-4b-it_10k_5u/probe_fits_wrong.json,
gemma-3-4b-it,Gemma-3,base,10,5,CVQ,ordinal,k5,5,wrong,cv_first,0.1,30,0.882353,0.5486703304706363,0.018538375244230534,3.336273339943866,0.6921905418380789,5,False,2989,0.02,raw,lora_intervention/experiments/linear_probing/results_probe50/gemma-3-4b-it_10k_5u/probe_fits_wrong.json,
gemma-3-4b-it,Gemma-3,base,10,5,CVQ,ordinal,k5,5,wrong,cv_first,0.1,31,0.911765,0.5690739091219756,0.024920177742492326,2.847491078581313,0.7128350933363243,5,False,2989,0.02,raw,lora_intervention/experiments/linear_probing/results_probe50/gemma-3-4b-it_10k_5u/probe_fits_wrong.json,
gemma-3-4b-it,Gemma-3,base,10,5,CVQ,ordinal,k5,5,wrong,cv_first,0.1,32,0.941176,0.6001910332039238,0.021761329897492195,2.63838815033921,0.73460639432349,5,False,2989,0.02,raw,lora_intervention/experiments/linear_probing/results_probe50/gemma-3-4b-it_10k_5u/probe_fits_wrong.json,
gemma-3-4b-it,Gemma-3,base,10,5,CVQ,ordinal,k5,5,wrong,cv_first,0.1,33,0.970588,0.6015293860607385,0.01852036267691009,2.5738054822608025,0.7371909184491586,5,False,2989,0.02,raw,lora_intervention/experiments/linear_probing/results_probe50/gemma-3-4b-it_10k_5u/probe_fits_wrong.json,
gemma-3-4b-it,Gemma-3,base,10,5,CVQ,ordinal,k5,5,wrong,cv_first,0.1,34,1.0,0.6018655148652965,0.018710598206268074,2.540026218046756,0.7374347809028043,5,False,2989,0.02,raw,lora_intervention/experiments/linear_probing/results_probe50/gemma-3-4b-it_10k_5u/probe_fits_wrong.json,
gemma-3-4b-it,Gemma-3,base,10,5,CVQ,ordinal,k5,5,wrong,cv_last,0.1,0,0.0,0.023419214242897876,1.5686010879369104e-05,23.76550310078822,0.10058927678162857,5,False,2989,0.02,raw,lora_intervention/experiments/linear_probing/results_probe50/gemma-3-4b-it_10k_5u/probe_fits_wrong.json,"DEGENERATE: cv_last == expected at k=N, not a control here"
gemma-3-4b-it,Gemma-3,base,10,5,CVQ,ordinal,k5,5,wrong,cv_last,0.1,1,0.029412,0.03211710727550797,0.007798036136998868,22.5942426737926,0.11557463035738855,5,False,2989,0.02,raw,lora_intervention/experiments/linear_probing/results_probe50/gemma-3-4b-it_10k_5u/probe_fits_wrong.json,"DEGENERATE: cv_last == expected at k=N, not a control here"
gemma-3-4b-it,Gemma-3,base,10,5,CVQ,ordinal,k5,5,wrong,cv_last,0.1,2,0.058824,0.03646605379181302,0.0022033376319329496,21.667510910180777,0.1231721483181963,5,False,2989,0.02,raw,lora_intervention/experiments/linear_probing/results_probe50/gemma-3-4b-it_10k_5u/probe_fits_wrong.json,"DEGENERATE: cv_last == expected at k=N, not a control here"
gemma-3-4b-it,Gemma-3,base,10,5,CVQ,ordinal,k5,5,wrong,cv_last,0.1,3,0.088235,0.040478871503560165,0.010102045914444073,21.569159621967138,0.12676916398006405,5,False,2989,0.02,raw,lora_intervention/experiments/linear_probing/results_probe50/gemma-3-4b-it_10k_5u/probe_fits_wrong.json,"DEGENERATE: cv_last == expected at k=N, not a control here"
gemma-3-4b-it,Gemma-3,base,10,5,CVQ,ordinal,k5,5,wrong,cv_last,0.1,4,0.117647,0.03746771762939559,0.0082227027468412,21.948897777628385,0.12136046532043643,5,False,2989,0.02,raw,lora_intervention/experiments/linear_probing/results_probe50/gemma-3-4b-it_10k_5u/probe_fits_wrong.json,"DEGENERATE: cv_last == expected at k=N, not a control here"
gemma-3-4b-it,Gemma-3,base,10,5,CVQ,ordinal,k5,5,wrong,cv_last,0.1,5,0.147059,0.0371327092541862,0.006188115569770046,22.407868215100024,0.1214014869038047,5,False,2989,0.02,raw,lora_intervention/experiments/linear_probing/results_probe50/gemma-3-4b-it_10k_5u/probe_fits_wrong.json,"DEGENERATE: cv_last == expected at k=N, not a control here"
gemma-3-4b-it,Gemma-3,base,10,5,CVQ,ordinal,k5,5,wrong,cv_last,0.1,6,0.176471,0.03010929788294875,0.006428602255442672,22.91773191486978,0.11411310000597721,5,False,2989,0.02,raw,lora_intervention/experiments/linear_probing/results_probe50/gemma-3-4b-it_10k_5u/probe_fits_wrong.json,"DEGENERATE: cv_last == expected at k=N, not a control here"
gemma-3-4b-it,Gemma-3,base,10,5,CVQ,ordinal,k5,5,wrong,cv_last,0.1,7,0.205882,0.028775986958202382,0.006316911558897011,23.015153246724143,0.11106731327741493,5,False,2989,0.02,raw,lora_intervention/experiments/linear_probing/results_probe50/gemma-3-4b-it_10k_5u/probe_fits_wrong.json,"DEGENERATE: cv_last == expected at k=N, not a control here"
gemma-3-4b-it,Gemma-3,base,10,5,CVQ,ordinal,k5,5,wrong,cv_last,0.1,8,0.235294,0.027770401617899974,0.0032963682662489773,22.84501380929172,0.11048325075688425,5,False,2989,0.02,raw,lora_intervention/experiments/linear_probing/results_probe50/gemma-3-4b-it_10k_5u/probe_fits_wrong.json,"DEGENERATE: cv_last == expected at k=N, not a control here"
gemma-3-4b-it,Gemma-3,base,10,5,CVQ,ordinal,k5,5,wrong,cv_last,0.1,9,0.264706,0.026096480171201603,0.003608351631994052,23.076467062178228,0.10905954788221454,5,False,2989,0.02,raw,lora_intervention/experiments/linear_probing/results_probe50/gemma-3-4b-it_10k_5u/probe_fits_wrong.json,"DEGENERATE: cv_last == expected at k=N, not a control here"
gemma-3-4b-it,Gemma-3,base,10,5,CVQ,ordinal,k5,5,wrong,cv_last,0.1,10,0.294118,0.027768160759202926,0.004307012829462496,23.032300857688664,0.11060285163678989,5,False,2989,0.02,raw,lora_intervention/experiments/linear_probing/results_probe50/gemma-3-4b-it_10k_5u/probe_fits_wrong.json,"DEGENERATE: cv_last == expected at k=N, not a control here"
gemma-3-4b-it,Gemma-3,base,10,5,CVQ,ordinal,k5,5,wrong,cv_last,0.1,11,0.323529,0.026768177565643154,0.005311479969778156,23.394590567105315,0.10588975325944469,5,False,2989,0.02,raw,lora_intervention/experiments/linear_probing/results_probe50/gemma-3-4b-it_10k_5u/probe_fits_wrong.json,"DEGENERATE: cv_last == expected at k=N, not a control here"
gemma-3-4b-it,Gemma-3,base,10,5,CVQ,ordinal,k5,5,wrong,cv_last,0.1,12,0.352941,0.02575867072262091,0.006478206806169087,23.688224847761663,0.10467045702778857,5,False,2989,0.02,raw,lora_intervention/experiments/linear_probing/results_probe50/gemma-3-4b-it_10k_5u/probe_fits_wrong.json,"DEGENERATE: cv_last == expected at k=N, not a control here"
gemma-3-4b-it,Gemma-3,base,10,5,CVQ,ordinal,k5,5,wrong,cv_last,0.1,13,0.382353,0.02910315232797208,0.006027699810908026,23.62537100216803,0.10673883161064515,5,False,2989,0.02,raw,lora_intervention/experiments/linear_probing/results_probe50/gemma-3-4b-it_10k_5u/probe_fits_wrong.json,"DEGENERATE: cv_last == expected at k=N, not a control here"
gemma-3-4b-it,Gemma-3,base,10,5,CVQ,ordinal,k5,5,wrong,cv_last,0.1,14,0.411765,0.04114832803930466,0.0072078308103481195,22.443353893211878,0.12176474067959712,5,False,2989,0.02,raw,lora_intervention/experiments/linear_probing/results_probe50/gemma-3-4b-it_10k_5u/probe_fits_wrong.json,"DEGENERATE: cv_last == expected at k=N, not a control here"
gemma-3-4b-it,Gemma-3,base,10,5,CVQ,ordinal,k5,5,wrong,cv_last,0.1,15,0.441176,0.03379214915155487,0.004671328150875303,22.722357607435168,0.11616924661235395,5,False,2989,0.02,raw,lora_intervention/experiments/linear_probing/results_probe50/gemma-3-4b-it_10k_5u/probe_fits_wrong.json,"DEGENERATE: cv_last == expected at k=N, not a control here"
gemma-3-4b-it,Gemma-3,base,10,5,CVQ,ordinal,k5,5,wrong,cv_last,0.1,16,0.470588,0.029777650795784944,0.007880003066592796,22.974300151818174,0.11412334917366737,5,False,2989,0.02,raw,lora_intervention/experiments/linear_probing/results_probe50/gemma-3-4b-it_10k_5u/probe_fits_wrong.json,"DEGENERATE: cv_last == expected at k=N, not a control here"
gemma-3-4b-it,Gemma-3,base,10,5,CVQ,ordinal,k5,5,wrong,cv_last,0.1,17,0.5,0.029107073830691922,0.004917463318273281,23.112923032105904,0.11171221231967518,5,False,2989,0.02,raw,lora_intervention/experiments/linear_probing/results_probe50/gemma-3-4b-it_10k_5u/probe_fits_wrong.json,"DEGENERATE: cv_last == expected at k=N, not a control here"
gemma-3-4b-it,Gemma-3,base,10,5,CVQ,ordinal,k5,5,wrong,cv_last,0.1,18,0.529412,0.03278600359657821,0.006817504253594008,22.368272802137778,0.11655695749152098,5,False,2989,0.02,raw,lora_intervention/experiments/linear_probing/results_probe50/gemma-3-4b-it_10k_5u/probe_fits_wrong.json,"DEGENERATE: cv_last == expected at k=N, not a control here"
gemma-3-4b-it,Gemma-3,base,10,5,CVQ,ordinal,k5,5,wrong,cv_last,0.1,19,0.558824,0.03914331972011675,0.004435088206437675,20.958190618645062,0.1307938652586786,5,False,2989,0.02,raw,lora_intervention/experiments/linear_probing/results_probe50/gemma-3-4b-it_10k_5u/probe_fits_wrong.json,"DEGENERATE: cv_last == expected at k=N, not a control here"
gemma-3-4b-it,Gemma-3,base,10,5,CVQ,ordinal,k5,5,wrong,cv_last,0.1,20,0.588235,0.0418172243603749,0.007002113330630991,20.794238192075206,0.1329518690234291,5,False,2989,0.02,raw,lora_intervention/experiments/linear_probing/results_probe50/gemma-3-4b-it_10k_5u/probe_fits_wrong.json,"DEGENERATE: cv_last == expected at k=N, not a control here"
gemma-3-4b-it,Gemma-3,base,10,5,CVQ,ordinal,k5,5,wrong,cv_last,0.1,21,0.617647,0.041481095555816985,0.008985285413380848,20.398175380805924,0.13558179257322392,5,False,2989,0.02,raw,lora_intervention/experiments/linear_probing/results_probe50/gemma-3-4b-it_10k_5u/probe_fits_wrong.json,"DEGENERATE: cv_last == expected at k=N, not a control here"
gemma-3-4b-it,Gemma-3,base,10,5,CVQ,ordinal,k5,5,wrong,cv_last,0.1,22,0.647059,0.052189038839683365,0.004513299352404062,19.519485947014896,0.15003685789201765,5,False,2989,0.02,raw,lora_intervention/experiments/linear_probing/results_probe50/gemma-3-4b-it_10k_5u/probe_fits_wrong.json,"DEGENERATE: cv_last == expected at k=N, not a control here"
gemma-3-4b-it,Gemma-3,base,10,5,CVQ,ordinal,k5,5,wrong,cv_last,0.1,23,0.676471,0.07661271799353513,0.008407922995273603,17.489795689708295,0.18318801917848576,5,False,2989,0.02,raw,lora_intervention/experiments/linear_probing/results_probe50/gemma-3-4b-it_10k_5u/probe_fits_wrong.json,"DEGENERATE: cv_last == expected at k=N, not a control here"
gemma-3-4b-it,Gemma-3,base,10,5,CVQ,ordinal,k5,5,wrong,cv_last,0.1,24,0.705882,0.06892265115992449,0.008451624500667328,18.86159392279121,0.1737485483546652,5,False,2989,0.02,raw,lora_intervention/experiments/linear_probing/results_probe50/gemma-3-4b-it_10k_5u/probe_fits_wrong.json,"DEGENERATE: cv_last == expected at k=N, not a control here"
gemma-3-4b-it,Gemma-3,base,10,5,CVQ,ordinal,k5,5,wrong,cv_last,0.1,25,0.735294,0.08465011792518892,0.010564975140847734,17.645476546612663,0.1966867287290645,5,False,2989,0.02,raw,lora_intervention/experiments/linear_probing/results_probe50/gemma-3-4b-it_10k_5u/probe_fits_wrong.json,"DEGENERATE: cv_last == expected at k=N, not a control here"
gemma-3-4b-it,Gemma-3,base,10,5,CVQ,ordinal,k5,5,wrong,cv_last,0.1,26,0.764706,0.0769538887301614,0.011033370338213408,18.684715102827404,0.1810465123355905,5,False,2989,0.02,raw,lora_intervention/experiments/linear_probing/results_probe50/gemma-3-4b-it_10k_5u/probe_fits_wrong.json,"DEGENERATE: cv_last == expected at k=N, not a control here"
gemma-3-4b-it,Gemma-3,base,10,5,CVQ,ordinal,k5,5,wrong,cv_last,0.1,27,0.794118,0.17029405668252073,0.010803495758884184,12.334991568769151,0.3057795671467011,5,False,2989,0.02,raw,lora_intervention/experiments/linear_probing/results_probe50/gemma-3-4b-it_10k_5u/probe_fits_wrong.json,"DEGENERATE: cv_last == expected at k=N, not a control here"
gemma-3-4b-it,Gemma-3,base,10,5,CVQ,ordinal,k5,5,wrong,cv_last,0.1,28,0.823529,0.16861901480647384,0.013319970682993653,12.467484580091092,0.3027437264742525,5,False,2989,0.02,raw,lora_intervention/experiments/linear_probing/results_probe50/gemma-3-4b-it_10k_5u/probe_fits_wrong.json,"DEGENERATE: cv_last == expected at k=N, not a control here"
gemma-3-4b-it,Gemma-3,base,10,5,CVQ,ordinal,k5,5,wrong,cv_last,0.1,29,0.852941,0.1903710301787645,0.01517092374886896,11.880025545789147,0.3246396323534575,5,False,2989,0.02,raw,lora_intervention/experiments/linear_probing/results_probe50/gemma-3-4b-it_10k_5u/probe_fits_wrong.json,"DEGENERATE: cv_last == expected at k=N, not a control here"
gemma-3-4b-it,Gemma-3,base,10,5,CVQ,ordinal,k5,5,wrong,cv_last,0.1,30,0.882353,0.2144552192400128,0.012921120463862235,8.789963193895902,0.3792387546152295,5,False,2989,0.02,raw,lora_intervention/experiments/linear_probing/results_probe50/gemma-3-4b-it_10k_5u/probe_fits_wrong.json,"DEGENERATE: cv_last == expected at k=N, not a control here"
gemma-3-4b-it,Gemma-3,base,10,5,CVQ,ordinal,k5,5,wrong,cv_last,0.1,31,0.911765,0.24623955899900843,0.0061589974281595185,7.370506378044067,0.42006430003576317,5,False,2989,0.02,raw,lora_intervention/experiments/linear_probing/results_probe50/gemma-3-4b-it_10k_5u/probe_fits_wrong.json,"DEGENERATE: cv_last == expected at k=N, not a control here"
gemma-3-4b-it,Gemma-3,base,10,5,CVQ,ordinal,k5,5,wrong,cv_last,0.1,32,0.941176,0.24691853918421539,0.020598730625919444,7.368150675338789,0.42024127377486814,5,False,2989,0.02,raw,lora_intervention/experiments/linear_probing/results_probe50/gemma-3-4b-it_10k_5u/probe_fits_wrong.json,"DEGENERATE: cv_last == expected at k=N, not a control here"
gemma-3-4b-it,Gemma-3,base,10,5,CVQ,ordinal,k5,5,wrong,cv_last,0.1,33,0.970588,0.2455785056833779,0.018593690114877822,7.311945457499315,0.42100008780731785,5,False,2989,0.02,raw,lora_intervention/experiments/linear_probing/results_probe50/gemma-3-4b-it_10k_5u/probe_fits_wrong.json,"DEGENERATE: cv_last == expected at k=N, not a control here"
gemma-3-4b-it,Gemma-3,base,10,5,CVQ,ordinal,k5,5,wrong,cv_last,0.1,34,1.0,0.24625524500988777,0.030224277321165092,7.118590723965424,0.4216148406642522,5,False,2989,0.02,raw,lora_intervention/experiments/linear_probing/results_probe50/gemma-3-4b-it_10k_5u/probe_fits_wrong.json,"DEGENERATE: cv_last == expected at k=N, not a control here"
gemma-3-4b-it,Gemma-3,base,10,5,CVQ,ordinal,k5,5,wrong,expected,0.1,0,0.0,0.023419214242897876,1.5686010879369104e-05,23.76550310078822,0.10058927678162857,5,False,2989,0.02,raw,lora_intervention/experiments/linear_probing/results_probe50/gemma-3-4b-it_10k_5u/probe_fits_wrong.json,
gemma-3-4b-it,Gemma-3,base,10,5,CVQ,ordinal,k5,5,wrong,expected,0.1,1,0.029412,0.03211710727550797,0.007798036136998868,22.5942426737926,0.11557463035738855,5,False,2989,0.02,raw,lora_intervention/experiments/linear_probing/results_probe50/gemma-3-4b-it_10k_5u/probe_fits_wrong.json,
gemma-3-4b-it,Gemma-3,base,10,5,CVQ,ordinal,k5,5,wrong,expected,0.1,2,0.058824,0.03646605379181302,0.0022033376319329496,21.667510910180777,0.1231721483181963,5,False,2989,0.02,raw,lora_intervention/experiments/linear_probing/results_probe50/gemma-3-4b-it_10k_5u/probe_fits_wrong.json,
gemma-3-4b-it,Gemma-3,base,10,5,CVQ,ordinal,k5,5,wrong,expected,0.1,3,0.088235,0.040478871503560165,0.010102045914444073,21.569159621967138,0.12676916398006405,5,False,2989,0.02,raw,lora_intervention/experiments/linear_probing/results_probe50/gemma-3-4b-it_10k_5u/probe_fits_wrong.json,
gemma-3-4b-it,Gemma-3,base,10,5,CVQ,ordinal,k5,5,wrong,expected,0.1,4,0.117647,0.03746771762939559,0.0082227027468412,21.948897777628385,0.12136046532043643,5,False,2989,0.02,raw,lora_intervention/experiments/linear_probing/results_probe50/gemma-3-4b-it_10k_5u/probe_fits_wrong.json,
gemma-3-4b-it,Gemma-3,base,10,5,CVQ,ordinal,k5,5,wrong,expected,0.1,5,0.147059,0.0371327092541862,0.006188115569770046,22.407868215100024,0.1214014869038047,5,False,2989,0.02,raw,lora_intervention/experiments/linear_probing/results_probe50/gemma-3-4b-it_10k_5u/probe_fits_wrong.json,
gemma-3-4b-it,Gemma-3,base,10,5,CVQ,ordinal,k5,5,wrong,expected,0.1,6,0.176471,0.03010929788294875,0.006428602255442672,22.91773191486978,0.11411310000597721,5,False,2989,0.02,raw,lora_intervention/experiments/linear_probing/results_probe50/gemma-3-4b-it_10k_5u/probe_fits_wrong.json,
gemma-3-4b-it,Gemma-3,base,10,5,CVQ,ordinal,k5,5,wrong,expected,0.1,7,0.205882,0.028775986958202382,0.006316911558897011,23.015153246724143,0.11106731327741493,5,False,2989,0.02,raw,lora_intervention/experiments/linear_probing/results_probe50/gemma-3-4b-it_10k_5u/probe_fits_wrong.json,
gemma-3-4b-it,Gemma-3,base,10,5,CVQ,ordinal,k5,5,wrong,expected,0.1,8,0.235294,0.027770401617899974,0.0032963682662489773,22.84501380929172,0.11048325075688425,5,False,2989,0.02,raw,lora_intervention/experiments/linear_probing/results_probe50/gemma-3-4b-it_10k_5u/probe_fits_wrong.json,
gemma-3-4b-it,Gemma-3,base,10,5,CVQ,ordinal,k5,5,wrong,expected,0.1,9,0.264706,0.026096480171201603,0.003608351631994052,23.076467062178228,0.10905954788221454,5,False,2989,0.02,raw,lora_intervention/experiments/linear_probing/results_probe50/gemma-3-4b-it_10k_5u/probe_fits_wrong.json,
gemma-3-4b-it,Gemma-3,base,10,5,CVQ,ordinal,k5,5,wrong,expected,0.1,10,0.294118,0.027768160759202926,0.004307012829462496,23.032300857688664,0.11060285163678989,5,False,2989,0.02,raw,lora_intervention/experiments/linear_probing/results_probe50/gemma-3-4b-it_10k_5u/probe_fits_wrong.json,
gemma-3-4b-it,Gemma-3,base,10,5,CVQ,ordinal,k5,5,wrong,expected,0.1,11,0.323529,0.026768177565643154,0.005311479969778156,23.394590567105315,0.10588975325944469,5,False,2989,0.02,raw,lora_intervention/experiments/linear_probing/results_probe50/gemma-3-4b-it_10k_5u/probe_fits_wrong.json,
gemma-3-4b-it,Gemma-3,base,10,5,CVQ,ordinal,k5,5,wrong,expected,0.1,12,0.352941,0.02575867072262091,0.006478206806169087,23.688224847761663,0.10467045702778857,5,False,2989,0.02,raw,lora_intervention/experiments/linear_probing/results_probe50/gemma-3-4b-it_10k_5u/probe_fits_wrong.json,
gemma-3-4b-it,Gemma-3,base,10,5,CVQ,ordinal,k5,5,wrong,expected,0.1,13,0.382353,0.02910315232797208,0.006027699810908026,23.62537100216803,0.10673883161064515,5,False,2989,0.02,raw,lora_intervention/experiments/linear_probing/results_probe50/gemma-3-4b-it_10k_5u/probe_fits_wrong.json,
gemma-3-4b-it,Gemma-3,base,10,5,CVQ,ordinal,k5,5,wrong,expected,0.1,14,0.411765,0.04114832803930466,0.0072078308103481195,22.443353893211878,0.12176474067959712,5,False,2989,0.02,raw,lora_intervention/experiments/linear_probing/results_probe50/gemma-3-4b-it_10k_5u/probe_fits_wrong.json,
gemma-3-4b-it,Gemma-3,base,10,5,CVQ,ordinal,k5,5,wrong,expected,0.1,15,0.441176,0.03379214915155487,0.004671328150875303,22.722357607435168,0.11616924661235395,5,False,2989,0.02,raw,lora_intervention/experiments/linear_probing/results_probe50/gemma-3-4b-it_10k_5u/probe_fits_wrong.json,
gemma-3-4b-it,Gemma-3,base,10,5,CVQ,ordinal,k5,5,wrong,expected,0.1,16,0.470588,0.029777650795784944,0.007880003066592796,22.974300151818174,0.11412334917366737,5,False,2989,0.02,raw,lora_intervention/experiments/linear_probing/results_probe50/gemma-3-4b-it_10k_5u/probe_fits_wrong.json,
gemma-3-4b-it,Gemma-3,base,10,5,CVQ,ordinal,k5,5,wrong,expected,0.1,17,0.5,0.029107073830691922,0.004917463318273281,23.112923032105904,0.11171221231967518,5,False,2989,0.02,raw,lora_intervention/experiments/linear_probing/results_probe50/gemma-3-4b-it_10k_5u/probe_fits_wrong.json,
gemma-3-4b-it,Gemma-3,base,10,5,CVQ,ordinal,k5,5,wrong,expected,0.1,18,0.529412,0.03278600359657821,0.006817504253594008,22.368272802137778,0.11655695749152098,5,False,2989,0.02,raw,lora_intervention/experiments/linear_probing/results_probe50/gemma-3-4b-it_10k_5u/probe_fits_wrong.json,
gemma-3-4b-it,Gemma-3,base,10,5,CVQ,ordinal,k5,5,wrong,expected,0.1,19,0.558824,0.03914331972011675,0.004435088206437675,20.958190618645062,0.1307938652586786,5,False,2989,0.02,raw,lora_intervention/experiments/linear_probing/results_probe50/gemma-3-4b-it_10k_5u/probe_fits_wrong.json,
gemma-3-4b-it,Gemma-3,base,10,5,CVQ,ordinal,k5,5,wrong,expected,0.1,20,0.588235,0.0418172243603749,0.007002113330630991,20.794238192075206,0.1329518690234291,5,False,2989,0.02,raw,lora_intervention/experiments/linear_probing/results_probe50/gemma-3-4b-it_10k_5u/probe_fits_wrong.json,
gemma-3-4b-it,Gemma-3,base,10,5,CVQ,ordinal,k5,5,wrong,expected,0.1,21,0.617647,0.041481095555816985,0.008985285413380848,20.398175380805924,0.13558179257322392,5,False,2989,0.02,raw,lora_intervention/experiments/linear_probing/results_probe50/gemma-3-4b-it_10k_5u/probe_fits_wrong.json,
gemma-3-4b-it,Gemma-3,base,10,5,CVQ,ordinal,k5,5,wrong,expected,0.1,22,0.647059,0.052189038839683365,0.004513299352404062,19.519485947014896,0.15003685789201765,5,False,2989,0.02,raw,lora_intervention/experiments/linear_probing/results_probe50/gemma-3-4b-it_10k_5u/probe_fits_wrong.json,
gemma-3-4b-it,Gemma-3,base,10,5,CVQ,ordinal,k5,5,wrong,expected,0.1,23,0.676471,0.07661271799353513,0.008407922995273603,17.489795689708295,0.18318801917848576,5,False,2989,0.02,raw,lora_intervention/experiments/linear_probing/results_probe50/gemma-3-4b-it_10k_5u/probe_fits_wrong.json,
gemma-3-4b-it,Gemma-3,base,10,5,CVQ,ordinal,k5,5,wrong,expected,0.1,24,0.705882,0.06892265115992449,0.008451624500667328,18.86159392279121,0.1737485483546652,5,False,2989,0.02,raw,lora_intervention/experiments/linear_probing/results_probe50/gemma-3-4b-it_10k_5u/probe_fits_wrong.json,
gemma-3-4b-it,Gemma-3,base,10,5,CVQ,ordinal,k5,5,wrong,expected,0.1,25,0.735294,0.08465011792518892,0.010564975140847734,17.645476546612663,0.1966867287290645,5,False,2989,0.02,raw,lora_intervention/experiments/linear_probing/results_probe50/gemma-3-4b-it_10k_5u/probe_fits_wrong.json,
gemma-3-4b-it,Gemma-3,base,10,5,CVQ,ordinal,k5,5,wrong,expected,0.1,26,0.764706,0.0769538887301614,0.011033370338213408,18.684715102827404,0.1810465123355905,5,False,2989,0.02,raw,lora_intervention/experiments/linear_probing/results_probe50/gemma-3-4b-it_10k_5u/probe_fits_wrong.json,
gemma-3-4b-it,Gemma-3,base,10,5,CVQ,ordinal,k5,5,wrong,expected,0.1,27,0.794118,0.17029405668252073,0.010803495758884184,12.334991568769151,0.3057795671467011,5,False,2989,0.02,raw,lora_intervention/experiments/linear_probing/results_probe50/gemma-3-4b-it_10k_5u/probe_fits_wrong.json,
gemma-3-4b-it,Gemma-3,base,10,5,CVQ,ordinal,k5,5,wrong,expected,0.1,28,0.823529,0.16861901480647384,0.013319970682993653,12.467484580091092,0.3027437264742525,5,False,2989,0.02,raw,lora_intervention/experiments/linear_probing/results_probe50/gemma-3-4b-it_10k_5u/probe_fits_wrong.json,
gemma-3-4b-it,Gemma-3,base,10,5,CVQ,ordinal,k5,5,wrong,expected,0.1,29,0.852941,0.1903710301787645,0.01517092374886896,11.880025545789147,0.3246396323534575,5,False,2989,0.02,raw,lora_intervention/experiments/linear_probing/results_probe50/gemma-3-4b-it_10k_5u/probe_fits_wrong.json,
gemma-3-4b-it,Gemma-3,base,10,5,CVQ,ordinal,k5,5,wrong,expected,0.1,30,0.882353,0.2144552192400128,0.012921120463862235,8.789963193895902,0.3792387546152295,5,False,2989,0.02,raw,lora_intervention/experiments/linear_probing/results_probe50/gemma-3-4b-it_10k_5u/probe_fits_wrong.json,
gemma-3-4b-it,Gemma-3,base,10,5,CVQ,ordinal,k5,5,wrong,expected,0.1,31,0.911765,0.24623955899900843,0.0061589974281595185,7.370506378044067,0.42006430003576317,5,False,2989,0.02,raw,lora_intervention/experiments/linear_probing/results_probe50/gemma-3-4b-it_10k_5u/probe_fits_wrong.json,
gemma-3-4b-it,Gemma-3,base,10,5,CVQ,ordinal,k5,5,wrong,expected,0.1,32,0.941176,0.24691853918421539,0.020598730625919444,7.368150675338789,0.42024127377486814,5,False,2989,0.02,raw,lora_intervention/experiments/linear_probing/results_probe50/gemma-3-4b-it_10k_5u/probe_fits_wrong.json,
gemma-3-4b-it,Gemma-3,base,10,5,CVQ,ordinal,k5,5,wrong,expected,0.1,33,0.970588,0.2455785056833779,0.018593690114877822,7.311945457499315,0.42100008780731785,5,False,2989,0.02,raw,lora_intervention/experiments/linear_probing/results_probe50/gemma-3-4b-it_10k_5u/probe_fits_wrong.json,
gemma-3-4b-it,Gemma-3,base,10,5,CVQ,ordinal,k5,5,wrong,expected,0.1,34,1.0,0.24625524500988777,0.030224277321165092,7.118590723965424,0.4216148406642522,5,False,2989,0.02,raw,lora_intervention/experiments/linear_probing/results_probe50/gemma-3-4b-it_10k_5u/probe_fits_wrong.json,
gemma-3-4b-it,Gemma-3,base,10,5,CVQ,ordinal,k5,5,wrong,shuffled,0.1,0,0.0,0.02408811056396811,0.0008129496715540099,23.768851503896293,0.10093384584187079,5,False,2989,0.02,raw,lora_intervention/experiments/linear_probing/results_probe50/gemma-3-4b-it_10k_5u/probe_fits_wrong.json,
gemma-3-4b-it,Gemma-3,base,10,5,CVQ,ordinal,k5,5,wrong,shuffled,0.1,1,0.029412,0.025092575474921986,0.0035120382037797256,25.364162507072713,0.09446881061209353,5,False,2989,0.02,raw,lora_intervention/experiments/linear_probing/results_probe50/gemma-3-4b-it_10k_5u/probe_fits_wrong.json,
gemma-3-4b-it,Gemma-3,base,10,5,CVQ,ordinal,k5,5,wrong,shuffled,0.1,2,0.058824,0.020409180798081825,0.004019286485010309,25.644782440631246,0.08959567285350986,5,False,2989,0.02,raw,lora_intervention/experiments/linear_probing/results_probe50/gemma-3-4b-it_10k_5u/probe_fits_wrong.json,
gemma-3-4b-it,Gemma-3,base,10,5,CVQ,ordinal,k5,5,wrong,shuffled,0.1,3,0.088235,0.02141644678240702,0.008102274149752602,25.37577519705551,0.09062868646303276,5,False,2989,0.02,raw,lora_intervention/experiments/linear_probing/results_probe50/gemma-3-4b-it_10k_5u/probe_fits_wrong.json,
gemma-3-4b-it,Gemma-3,base,10,5,CVQ,ordinal,k5,5,wrong,shuffled,0.1,4,0.117647,0.01974084469168585,0.009127472937030466,25.2763936740559,0.09045738262180521,5,False,2989,0.02,raw,lora_intervention/experiments/linear_probing/results_probe50/gemma-3-4b-it_10k_5u/probe_fits_wrong.json,
gemma-3-4b-it,Gemma-3,base,10,5,CVQ,ordinal,k5,5,wrong,shuffled,0.1,5,0.147059,0.022082542030105935,0.0028916383291695664,25.429262253295462,0.09120492126683895,5,False,2989,0.02,raw,lora_intervention/experiments/linear_probing/results_probe50/gemma-3-4b-it_10k_5u/probe_fits_wrong.json,
gemma-3-4b-it,Gemma-3,base,10,5,CVQ,ordinal,k5,5,wrong,shuffled,0.1,6,0.176471,0.01974196512103438,0.006979348807082979,25.47041786412553,0.08998672528994793,5,False,2989,0.02,raw,lora_intervention/experiments/linear_probing/results_probe50/gemma-3-4b-it_10k_5u/probe_fits_wrong.json,
gemma-3-4b-it,Gemma-3,base,10,5,CVQ,ordinal,k5,5,wrong,shuffled,0.1,7,0.205882,0.02040974101275609,0.0038817034248043165,25.294406816692156,0.09107838454240795,5,False,2989,0.02,raw,lora_intervention/experiments/linear_probing/results_probe50/gemma-3-4b-it_10k_5u/probe_fits_wrong.json,
gemma-3-4b-it,Gemma-3,base,10,5,CVQ,ordinal,k5,5,wrong,shuffled,0.1,8,0.235294,0.0204080603687333,0.0042825223744534895,25.272639115308984,0.09254029366167685,5,False,2989,0.02,raw,lora_intervention/experiments/linear_probing/results_probe50/gemma-3-4b-it_10k_5u/probe_fits_wrong.json,
gemma-3-4b-it,Gemma-3,base,10,5,CVQ,ordinal,k5,5,wrong,shuffled,0.1,9,0.264706,0.023420894886920667,0.004856499557175252,25.176393113841225,0.09507176222718919,5,False,2989,0.02,raw,lora_intervention/experiments/linear_probing/results_probe50/gemma-3-4b-it_10k_5u/probe_fits_wrong.json,
gemma-3-4b-it,Gemma-3,base,10,5,CVQ,ordinal,k5,5,wrong,shuffled,0.1,10,0.294118,0.02208142160075741,0.002461997476335775,24.954453426553055,0.09340189967756561,5,False,2989,0.02,raw,lora_intervention/experiments/linear_probing/results_probe50/gemma-3-4b-it_10k_5u/probe_fits_wrong.json,
gemma-3-4b-it,Gemma-3,base,10,5,CVQ,ordinal,k5,5,wrong,shuffled,0.1,11,0.323529,0.021746973440222292,0.0033484375530825334,25.198698061097016,0.09238298464055528,5,False,2989,0.02,raw,lora_intervention/experiments/linear_probing/results_probe50/gemma-3-4b-it_10k_5u/probe_fits_wrong.json,
gemma-3-4b-it,Gemma-3,base,10,5,CVQ,ordinal,k5,5,wrong,shuffled,0.1,12,0.352941,0.018404732693568175,0.006451592477493183,25.74597177638471,0.08778914674384453,5,False,2989,0.02,raw,lora_intervention/experiments/linear_probing/results_probe50/gemma-3-4b-it_10k_5u/probe_fits_wrong.json,
gemma-3-4b-it,Gemma-3,base,10,5,CVQ,ordinal,k5,5,wrong,shuffled,0.1,13,0.382353,0.020074732637546708,0.0028075964225218212,25.48612236208915,0.08947934605205106,5,False,2989,0.02,raw,lora_intervention/experiments/linear_probing/results_probe50/gemma-3-4b-it_10k_5u/probe_fits_wrong.json,
gemma-3-4b-it,Gemma-3,base,10,5,CVQ,ordinal,k5,5,wrong,shuffled,0.1,14,0.411765,0.020740267670571362,0.00795263368006866,25.182961070682286,0.09195162972904705,5,False,2989,0.02,raw,lora_intervention/experiments/linear_probing/results_probe50/gemma-3-4b-it_10k_5u/probe_fits_wrong.json,
gemma-3-4b-it,Gemma-3,base,10,5,CVQ,ordinal,k5,5,wrong,shuffled,0.1,15,0.441176,0.02375254197408447,0.00582707567442582,25.45472793174344,0.0935966108734894,5,False,2989,0.02,raw,lora_intervention/experiments/linear_probing/results_probe50/gemma-3-4b-it_10k_5u/probe_fits_wrong.json,
gemma-3-4b-it,Gemma-3,base,10,5,CVQ,ordinal,k5,5,wrong,shuffled,0.1,16,0.470588,0.019738603832988803,0.003722063260323442,25.613564477907932,0.0906234192066281,5,False,2989,0.02,raw,lora_intervention/experiments/linear_probing/results_probe50/gemma-3-4b-it_10k_5u/probe_fits_wrong.json,
gemma-3-4b-it,Gemma-3,base,10,5,CVQ,ordinal,k5,5,wrong,shuffled,0.1,17,0.5,0.02007193156417539,0.0033369253731053094,25.23388738564618,0.09201600270761119,5,False,2989,0.02,raw,lora_intervention/experiments/linear_probing/results_probe50/gemma-3-4b-it_10k_5u/probe_fits_wrong.json,
gemma-3-4b-it,Gemma-3,base,10,5,CVQ,ordinal,k5,5,wrong,shuffled,0.1,18,0.529412,0.024759807958409662,0.008755522827354815,25.7299036990975,0.09333957176374075,5,False,2989,0.02,raw,lora_intervention/experiments/linear_probing/results_probe50/gemma-3-4b-it_10k_5u/probe_fits_wrong.json,
gemma-3-4b-it,Gemma-3,base,10,5,CVQ,ordinal,k5,5,wrong,shuffled,0.1,19,0.558824,0.024088670778642372,0.0029185901706090564,25.81169392111057,0.09176202441618496,5,False,2989,0.02,raw,lora_intervention/experiments/linear_probing/results_probe50/gemma-3-4b-it_10k_5u/probe_fits_wrong.json,
gemma-3-4b-it,Gemma-3,base,10,5,CVQ,ordinal,k5,5,wrong,shuffled,0.1,20,0.588235,0.01940471588712795,0.00271875742621138,25.736282863593328,0.0891311202686001,5,False,2989,0.02,raw,lora_intervention/experiments/linear_probing/results_probe50/gemma-3-4b-it_10k_5u/probe_fits_wrong.json,
gemma-3-4b-it,Gemma-3,base,10,5,CVQ,ordinal,k5,5,wrong,shuffled,0.1,21,0.617647,0.01906970751191857,0.0034421793355482633,25.79119174467656,0.08854312598817994,5,False,2989,0.02,raw,lora_intervention/experiments/linear_probing/results_probe50/gemma-3-4b-it_10k_5u/probe_fits_wrong.json,
gemma-3-4b-it,Gemma-3,base,10,5,CVQ,ordinal,k5,5,wrong,shuffled,0.1,22,0.647059,0.02107863733382632,0.004568683558809436,25.525287530181565,0.09049002455481525,5,False,2989,0.02,raw,lora_intervention/experiments/linear_probing/results_probe50/gemma-3-4b-it_10k_5u/probe_fits_wrong.json,
gemma-3-4b-it,Gemma-3,base,10,5,CVQ,ordinal,k5,5,wrong,shuffled,0.1,23,0.676471,0.020075292852220972,0.005296082393907258,25.269680061399526,0.09241277443064964,5,False,2989,0.02,raw,lora_intervention/experiments/linear_probing/results_probe50/gemma-3-4b-it_10k_5u/probe_fits_wrong.json,
gemma-3-4b-it,Gemma-3,base,10,5,CVQ,ordinal,k5,5,wrong,shuffled,0.1,24,0.705882,0.017396346279894455,0.006036672135825337,25.289718380083247,0.0890632035025152,5,False,2989,0.02,raw,lora_intervention/experiments/linear_probing/results_probe50/gemma-3-4b-it_10k_5u/probe_fits_wrong.json,
gemma-3-4b-it,Gemma-3,base,10,5,CVQ,ordinal,k5,5,wrong,shuffled,0.1,25,0.735294,0.017394105421197403,0.005846131070629775,25.191673529296427,0.09046753091814316,5,False,2989,0.02,raw,lora_intervention/experiments/linear_probing/results_probe50/gemma-3-4b-it_10k_5u/probe_fits_wrong.json,
gemma-3-4b-it,Gemma-3,base,10,5,CVQ,ordinal,k5,5,wrong,shuffled,0.1,26,0.764706,0.019070267726592833,0.007064082108909687,25.41617787936337,0.0891799573250159,5,False,2989,0.02,raw,lora_intervention/experiments/linear_probing/results_probe50/gemma-3-4b-it_10k_5u/probe_fits_wrong.json,
gemma-3-4b-it,Gemma-3,base,10,5,CVQ,ordinal,k5,5,wrong,shuffled,0.1,27,0.794118,0.022080861386083145,0.005635807235565023,25.447692755864047,0.09132016597332471,5,False,2989,0.02,raw,lora_intervention/experiments/linear_probing/results_probe50/gemma-3-4b-it_10k_5u/probe_fits_wrong.json,
gemma-3-4b-it,Gemma-3,base,10,5,CVQ,ordinal,k5,5,wrong,shuffled,0.1,28,0.823529,0.02241418911726974,0.006217130855124768,25.439951149280404,0.09196364566843454,5,False,2989,0.02,raw,lora_intervention/experiments/linear_probing/results_probe50/gemma-3-4b-it_10k_5u/probe_fits_wrong.json,
gemma-3-4b-it,Gemma-3,base,10,5,CVQ,ordinal,k5,5,wrong,shuffled,0.1,29,0.852941,0.02107415561643222,0.006479530107348031,25.390416967782055,0.09129541698588187,5,False,2989,0.02,raw,lora_intervention/experiments/linear_probing/results_probe50/gemma-3-4b-it_10k_5u/probe_fits_wrong.json,
gemma-3-4b-it,Gemma-3,base,10,5,CVQ,ordinal,k5,5,wrong,shuffled,0.1,30,0.882353,0.021410844635664388,0.005326759744961029,25.192675753348684,0.09244608227426283,5,False,2989,0.02,raw,lora_intervention/experiments/linear_probing/results_probe50/gemma-3-4b-it_10k_5u/probe_fits_wrong.json,
gemma-3-4b-it,Gemma-3,base,10,5,CVQ,ordinal,k5,5,wrong,shuffled,0.1,31,0.911765,0.021410284420990126,0.006801166870814817,25.244876556696525,0.09265799497197111,5,False,2989,0.02,raw,lora_intervention/experiments/linear_probing/results_probe50/gemma-3-4b-it_10k_5u/probe_fits_wrong.json,
gemma-3-4b-it,Gemma-3,base,10,5,CVQ,ordinal,k5,5,wrong,shuffled,0.1,32,0.941176,0.022748637277804854,0.0030929185806741633,25.321701596051607,0.09318431241645021,5,False,2989,0.02,raw,lora_intervention/experiments/linear_probing/results_probe50/gemma-3-4b-it_10k_5u/probe_fits_wrong.json,
gemma-3-4b-it,Gemma-3,base,10,5,CVQ,ordinal,k5,5,wrong,shuffled,0.1,33,0.970588,0.02107639647512927,0.005134694836490513,25.26539890085881,0.09295417955507114,5,False,2989,0.02,raw,lora_intervention/experiments/linear_probing/results_probe50/gemma-3-4b-it_10k_5u/probe_fits_wrong.json,
gemma-3-4b-it,Gemma-3,base,10,5,CVQ,ordinal,k5,5,wrong,shuffled,0.1,34,1.0,0.019069707511918565,0.005453942620868616,25.386504988711675,0.09047337489382552,5,False,2989,0.02,raw,lora_intervention/experiments/linear_probing/results_probe50/gemma-3-4b-it_10k_5u/probe_fits_wrong.json,
gemma-3-4b-it,Gemma-3,base,10,5,CVQ,semantic,CVQ,5,wrong,cv_first,0.1,0,0.0,0.028432243836608407,4.6081432474243125e-05,23.07936210131332,0.10880942128753976,5,False,1231,0.02,raw,lora_intervention/experiments/linear_probing/results_probe50/gemma-3-4b-it_10k_5u/probe_fits_wrong_topup.json,superseded shard(s) probe_fits_wrong.json:n=244
gemma-3-4b-it,Gemma-3,base,10,5,CVQ,semantic,CVQ,5,wrong,cv_first,0.1,1,0.029412,0.01950232052927817,0.010731067163669448,24.763852407754847,0.09345887864078414,5,False,1231,0.02,raw,lora_intervention/experiments/linear_probing/results_probe50/gemma-3-4b-it_10k_5u/probe_fits_wrong_topup.json,superseded shard(s) probe_fits_wrong.json:n=244
gemma-3-4b-it,Gemma-3,base,10,5,CVQ,semantic,CVQ,5,wrong,cv_first,0.1,2,0.058824,0.024370494717092923,0.007712973478713236,24.281735295085742,0.09882560487961814,5,False,1231,0.02,raw,lora_intervention/experiments/linear_probing/results_probe50/gemma-3-4b-it_10k_5u/probe_fits_wrong_topup.json,superseded shard(s) probe_fits_wrong.json:n=244
gemma-3-4b-it,Gemma-3,base,10,5,CVQ,semantic,CVQ,5,wrong,cv_first,0.1,3,0.088235,0.022760936111385403,0.0135112632216071,24.25248675158816,0.09805913674883915,5,False,1231,0.02,raw,lora_intervention/experiments/linear_probing/results_probe50/gemma-3-4b-it_10k_5u/probe_fits_wrong_topup.json,superseded shard(s) probe_fits_wrong.json:n=244
gemma-3-4b-it,Gemma-3,base,10,5,CVQ,semantic,CVQ,5,wrong,cv_first,0.1,4,0.117647,0.026822685230900888,0.012761190977708642,24.233086468516507,0.1009552280692387,5,False,1231,0.02,raw,lora_intervention/experiments/linear_probing/results_probe50/gemma-3-4b-it_10k_5u/probe_fits_wrong_topup.json,superseded shard(s) probe_fits_wrong.json:n=244
gemma-3-4b-it,Gemma-3,base,10,5,CVQ,semantic,CVQ,5,wrong,cv_first,0.1,5,0.147059,0.026003094039037555,0.007556590781758258,24.28802870214937,0.10133181865446331,5,False,1231,0.02,raw,lora_intervention/experiments/linear_probing/results_probe50/gemma-3-4b-it_10k_5u/probe_fits_wrong_topup.json,superseded shard(s) probe_fits_wrong.json:n=244
gemma-3-4b-it,Gemma-3,base,10,5,CVQ,semantic,CVQ,5,wrong,cv_first,0.1,6,0.176471,0.029261709621144792,0.013468021748357938,24.381738586616635,0.10226374747921814,5,False,1231,0.02,raw,lora_intervention/experiments/linear_probing/results_probe50/gemma-3-4b-it_10k_5u/probe_fits_wrong_topup.json,superseded shard(s) probe_fits_wrong.json:n=244
gemma-3-4b-it,Gemma-3,base,10,5,CVQ,semantic,CVQ,5,wrong,cv_first,0.1,7,0.205882,0.03169415094960666,0.016753026973577237,23.951456502419273,0.11056039736164394,5,False,1231,0.02,raw,lora_intervention/experiments/linear_probing/results_probe50/gemma-3-4b-it_10k_5u/probe_fits_wrong_topup.json,superseded shard(s) probe_fits_wrong.json:n=244
gemma-3-4b-it,Gemma-3,base,10,5,CVQ,semantic,CVQ,5,wrong,cv_first,0.1,8,0.235294,0.02682597676179191,0.014684348989186259,23.859260722161878,0.10624469613529622,5,False,1231,0.02,raw,lora_intervention/experiments/linear_probing/results_probe50/gemma-3-4b-it_10k_5u/probe_fits_wrong_topup.json,superseded shard(s) probe_fits_wrong.json:n=244
gemma-3-4b-it,Gemma-3,base,10,5,CVQ,semantic,CVQ,5,wrong,cv_first,0.1,9,0.264706,0.03251045061057898,0.014557338578929782,24.11433790856127,0.1067962009208094,5,False,1231,0.02,raw,lora_intervention/experiments/linear_probing/results_probe50/gemma-3-4b-it_10k_5u/probe_fits_wrong_topup.json,superseded shard(s) probe_fits_wrong.json:n=244
gemma-3-4b-it,Gemma-3,base,10,5,CVQ,semantic,CVQ,5,wrong,cv_first,0.1,10,0.294118,0.026816102169118856,0.01168081071344569,24.2786017576775,0.10285023483819197,5,False,1231,0.02,raw,lora_intervention/experiments/linear_probing/results_probe50/gemma-3-4b-it_10k_5u/probe_fits_wrong_topup.json,superseded shard(s) probe_fits_wrong.json:n=244
gemma-3-4b-it,Gemma-3,base,10,5,CVQ,semantic,CVQ,5,wrong,cv_first,0.1,11,0.323529,0.026003094039037555,0.008385803994520725,24.65385931996972,0.09807584938061006,5,False,1231,0.02,raw,lora_intervention/experiments/linear_probing/results_probe50/gemma-3-4b-it_10k_5u/probe_fits_wrong_topup.json,superseded shard(s) probe_fits_wrong.json:n=244
gemma-3-4b-it,Gemma-3,base,10,5,CVQ,semantic,CVQ,5,wrong,cv_first,0.1,12,0.352941,0.026003094039037555,0.007556590781758258,24.213439320628023,0.10184161663270301,5,False,1231,0.02,raw,lora_intervention/experiments/linear_probing/results_probe50/gemma-3-4b-it_10k_5u/probe_fits_wrong_topup.json,superseded shard(s) probe_fits_wrong.json:n=244
gemma-3-4b-it,Gemma-3,base,10,5,CVQ,semantic,CVQ,5,wrong,cv_first,0.1,13,0.382353,0.031697442480497676,0.010108264035102751,23.24425792436062,0.11182214262667367,5,False,1231,0.02,raw,lora_intervention/experiments/linear_probing/results_probe50/gemma-3-4b-it_10k_5u/probe_fits_wrong_topup.json,superseded shard(s) probe_fits_wrong.json:n=244
gemma-3-4b-it,Gemma-3,base,10,5,CVQ,semantic,CVQ,5,wrong,cv_first,0.1,14,0.411765,0.026822685230900895,0.01016659212359314,23.123534445870774,0.10940673136074039,5,False,1231,0.02,raw,lora_intervention/experiments/linear_probing/results_probe50/gemma-3-4b-it_10k_5u/probe_fits_wrong_topup.json,superseded shard(s) probe_fits_wrong.json:n=244
gemma-3-4b-it,Gemma-3,base,10,5,CVQ,semantic,CVQ,5,wrong,cv_first,0.1,15,0.441176,0.041440373917909216,0.010752323608085815,21.217609690266944,0.12852701444785497,5,False,1231,0.02,raw,lora_intervention/experiments/linear_probing/results_probe50/gemma-3-4b-it_10k_5u/probe_fits_wrong_topup.json,superseded shard(s) probe_fits_wrong.json:n=244
gemma-3-4b-it,Gemma-3,base,10,5,CVQ,semantic,CVQ,5,wrong,cv_first,0.1,16,0.470588,0.04955070603337612,0.004711943448874534,20.58955268095191,0.1383884295638893,5,False,1231,0.02,raw,lora_intervention/experiments/linear_probing/results_probe50/gemma-3-4b-it_10k_5u/probe_fits_wrong_topup.json,superseded shard(s) probe_fits_wrong.json:n=244
gemma-3-4b-it,Gemma-3,base,10,5,CVQ,semantic,CVQ,5,wrong,cv_first,0.1,17,0.5,0.06416839472038444,0.014370203396429191,18.439452289259737,0.16246774662296232,5,False,1231,0.02,raw,lora_intervention/experiments/linear_probing/results_probe50/gemma-3-4b-it_10k_5u/probe_fits_wrong_topup.json,superseded shard(s) probe_fits_wrong.json:n=244
gemma-3-4b-it,Gemma-3,base,10,5,CVQ,semantic,CVQ,5,wrong,cv_first,0.1,18,0.529412,0.1949573746749613,0.00876071724978323,10.937523452157599,0.3331796863924095,5,False,1231,0.02,raw,lora_intervention/experiments/linear_probing/results_probe50/gemma-3-4b-it_10k_5u/probe_fits_wrong_topup.json,superseded shard(s) probe_fits_wrong.json:n=244
gemma-3-4b-it,Gemma-3,base,10,5,CVQ,semantic,CVQ,5,wrong,cv_first,0.1,19,0.558824,0.16978703795135117,0.015786178721781514,11.394769757414172,0.3101496569174157,5,False,1231,0.02,raw,lora_intervention/experiments/linear_probing/results_probe50/gemma-3-4b-it_10k_5u/probe_fits_wrong_topup.json,superseded shard(s) probe_fits_wrong.json:n=244
gemma-3-4b-it,Gemma-3,base,10,5,CVQ,semantic,CVQ,5,wrong,cv_first,0.1,20,0.588235,0.17140647114973176,0.01418590244469363,11.577008656726242,0.30974077562872837,5,False,1231,0.02,raw,lora_intervention/experiments/linear_probing/results_probe50/gemma-3-4b-it_10k_5u/probe_fits_wrong_topup.json,superseded shard(s) probe_fits_wrong.json:n=244
gemma-3-4b-it,Gemma-3,base,10,5,CVQ,semantic,CVQ,5,wrong,cv_first,0.1,21,0.617647,0.13401797175866495,0.016871163413403993,14.161851156973109,0.25572568116278216,5,False,1231,0.02,raw,lora_intervention/experiments/linear_probing/results_probe50/gemma-3-4b-it_10k_5u/probe_fits_wrong_topup.json,superseded shard(s) probe_fits_wrong.json:n=244
gemma-3-4b-it,Gemma-3,base,10,5,CVQ,semantic,CVQ,5,wrong,cv_first,0.1,22,0.647059,0.10968039235048221,0.02078757623933825,14.871521674730918,0.2291724156118448,5,False,1231,0.02,raw,lora_intervention/experiments/linear_probing/results_probe50/gemma-3-4b-it_10k_5u/probe_fits_wrong_topup.json,superseded shard(s) probe_fits_wrong.json:n=244
gemma-3-4b-it,Gemma-3,base,10,5,CVQ,semantic,CVQ,5,wrong,cv_first,0.1,23,0.676471,0.09261380468055692,0.012996928056211395,15.659530627694943,0.21141313275402016,5,False,1231,0.02,raw,lora_intervention/experiments/linear_probing/results_probe50/gemma-3-4b-it_10k_5u/probe_fits_wrong_topup.json,superseded shard(s) probe_fits_wrong.json:n=244
gemma-3-4b-it,Gemma-3,base,10,5,CVQ,semantic,CVQ,5,wrong,cv_first,0.1,24,0.705882,0.05687436226588986,0.01153623774505102,19.57790066159771,0.1528292824592221,5,False,1231,0.02,raw,lora_intervention/experiments/linear_probing/results_probe50/gemma-3-4b-it_10k_5u/probe_fits_wrong_topup.json,superseded shard(s) probe_fits_wrong.json:n=244
gemma-3-4b-it,Gemma-3,base,10,5,CVQ,semantic,CVQ,5,wrong,cv_first,0.1,25,0.735294,0.05443862940653699,0.01448394176750304,19.80865014318159,0.1496251352830889,5,False,1231,0.02,raw,lora_intervention/experiments/linear_probing/results_probe50/gemma-3-4b-it_10k_5u/probe_fits_wrong_topup.json,superseded shard(s) probe_fits_wrong.json:n=244
gemma-3-4b-it,Gemma-3,base,10,5,CVQ,semantic,CVQ,5,wrong,cv_first,0.1,26,0.764706,0.04793785589677759,0.009790776900666421,20.013330700108618,0.14334056485627392,5,False,1231,0.02,raw,lora_intervention/experiments/linear_probing/results_probe50/gemma-3-4b-it_10k_5u/probe_fits_wrong_topup.json,superseded shard(s) probe_fits_wrong.json:n=244
gemma-3-4b-it,Gemma-3,base,10,5,CVQ,semantic,CVQ,5,wrong,cv_first,0.1,27,0.794118,0.05037029722523946,0.004195580034006033,20.362726704190116,0.1399462718128874,5,False,1231,0.02,raw,lora_intervention/experiments/linear_probing/results_probe50/gemma-3-4b-it_10k_5u/probe_fits_wrong_topup.json,superseded shard(s) probe_fits_wrong.json:n=244
gemma-3-4b-it,Gemma-3,base,10,5,CVQ,semantic,CVQ,5,wrong,cv_first,0.1,28,0.823529,0.04793785589677759,0.011921747677631147,20.4796616306244,0.13777317049839538,5,False,1231,0.02,raw,lora_intervention/experiments/linear_probing/results_probe50/gemma-3-4b-it_10k_5u/probe_fits_wrong_topup.json,superseded shard(s) probe_fits_wrong.json:n=244
gemma-3-4b-it,Gemma-3,base,10,5,CVQ,semantic,CVQ,5,wrong,cv_first,0.1,29,0.852941,0.04387939830815312,0.009449104080684575,20.743099305486982,0.1349330791289891,5,False,1231,0.02,raw,lora_intervention/experiments/linear_probing/results_probe50/gemma-3-4b-it_10k_5u/probe_fits_wrong_topup.json,superseded shard(s) probe_fits_wrong.json:n=244
gemma-3-4b-it,Gemma-3,base,10,5,CVQ,semantic,CVQ,5,wrong,cv_first,0.1,30,0.882353,0.04386952371548007,0.004763592388721927,21.146594911293242,0.12935280023686618,5,False,1231,0.02,raw,lora_intervention/experiments/linear_probing/results_probe50/gemma-3-4b-it_10k_5u/probe_fits_wrong_topup.json,superseded shard(s) probe_fits_wrong.json:n=244
gemma-3-4b-it,Gemma-3,base,10,5,CVQ,semantic,CVQ,5,wrong,cv_first,0.1,31,0.911765,0.03493960040814983,0.009503294399228392,21.505677890787005,0.1226991132868021,5,False,1231,0.02,raw,lora_intervention/experiments/linear_probing/results_probe50/gemma-3-4b-it_10k_5u/probe_fits_wrong_topup.json,superseded shard(s) probe_fits_wrong.json:n=244
gemma-3-4b-it,Gemma-3,base,10,5,CVQ,semantic,CVQ,5,wrong,cv_first,0.1,32,0.941176,0.03331358414798723,0.010428608804322967,21.730719857805866,0.12018329303647306,5,False,1231,0.02,raw,lora_intervention/experiments/linear_probing/results_probe50/gemma-3-4b-it_10k_5u/probe_fits_wrong_topup.json,superseded shard(s) probe_fits_wrong.json:n=244
gemma-3-4b-it,Gemma-3,base,10,5,CVQ,semantic,CVQ,5,wrong,cv_first,0.1,33,0.970588,0.03331029261709621,0.00789678666384388,21.925713439320628,0.1197374118020235,5,False,1231,0.02,raw,lora_intervention/experiments/linear_probing/results_probe50/gemma-3-4b-it_10k_5u/probe_fits_wrong_topup.json,superseded shard(s) probe_fits_wrong.json:n=244
gemma-3-4b-it,Gemma-3,base,10,5,CVQ,semantic,CVQ,5,wrong,cv_first,0.1,34,1.0,0.03655574207563938,0.011781756082364722,22.079803166452713,0.11950848934068799,5,False,1231,0.02,raw,lora_intervention/experiments/linear_probing/results_probe50/gemma-3-4b-it_10k_5u/probe_fits_wrong_topup.json,superseded shard(s) probe_fits_wrong.json:n=244
gemma-3-4b-it,Gemma-3,base,10,5,CVQ,semantic,CVQ,5,wrong,cv_last,0.1,0,0.0,0.056864375461936435,4.6193643754618985e-05,16.948046668778375,0.1649243733361076,2,False,1231,0.02,raw,lora_intervention/experiments/linear_probing/results_probe50/gemma-3-4b-it_10k_5u/probe_fits_wrong_topup.json,"DEGENERATE: cv_last == expected at k=N, not a control here; superseded shard(s) probe_fits_wrong.json:n=244"
gemma-3-4b-it,Gemma-3,base,10,5,CVQ,semantic,CVQ,5,wrong,cv_last,0.1,1,0.029412,0.036556329849012775,0.000842044134727063,20.839987857670785,0.12352371332485332,2,False,1231,0.02,raw,lora_intervention/experiments/linear_probing/results_probe50/gemma-3-4b-it_10k_5u/probe_fits_wrong_topup.json,"DEGENERATE: cv_last == expected at k=N, not a control here; superseded shard(s) probe_fits_wrong.json:n=244"
gemma-3-4b-it,Gemma-3,base,10,5,CVQ,semantic,CVQ,5,wrong,cv_last,0.1,2,0.058824,0.03330825678386654,0.0024641009397106967,20.785639056065882,0.12482949098863755,2,False,1231,0.02,raw,lora_intervention/experiments/linear_probing/results_probe50/gemma-3-4b-it_10k_5u/probe_fits_wrong_topup.json,"DEGENERATE: cv_last == expected at k=N, not a control here; superseded shard(s) probe_fits_wrong.json:n=244"
gemma-3-4b-it,Gemma-3,base,10,5,CVQ,semantic,CVQ,5,wrong,cv_last,0.1,3,0.088235,0.03412258473234083,0.0049018055115616094,20.941503009185936,0.1249244562313557,2,False,1231,0.02,raw,lora_intervention/experiments/linear_probing/results_probe50/gemma-3-4b-it_10k_5u/probe_fits_wrong_topup.json,"DEGENERATE: cv_last == expected at k=N, not a control here; superseded shard(s) probe_fits_wrong.json:n=244"
gemma-3-4b-it,Gemma-3,base,10,5,CVQ,semantic,CVQ,5,wrong,cv_last,0.1,4,0.117647,0.036560289304191744,0.005716133460035898,20.855532678703412,0.1278547591230149,2,False,1231,0.02,raw,lora_intervention/experiments/linear_probing/results_probe50/gemma-3-4b-it_10k_5u/probe_fits_wrong_topup.json,"DEGENERATE: cv_last == expected at k=N, not a control here; superseded shard(s) probe_fits_wrong.json:n=244"
gemma-3-4b-it,Gemma-3,base,10,5,CVQ,semantic,CVQ,5,wrong,cv_last,0.1,5,0.147059,0.03899799387604266,0.006530461408510192,21.000929152148665,0.12881058696422026,2,False,1231,0.02,raw,lora_intervention/experiments/linear_probing/results_probe50/gemma-3-4b-it_10k_5u/probe_fits_wrong_topup.json,"DEGENERATE: cv_last == expected at k=N, not a control here; superseded shard(s) probe_fits_wrong.json:n=244"
gemma-3-4b-it,Gemma-3,base,10,5,CVQ,semantic,CVQ,5,wrong,cv_last,0.1,6,0.176471,0.029243216133460037,0.0016009397106958086,21.095958716080666,0.11963171744251286,2,False,1231,0.02,raw,lora_intervention/experiments/linear_probing/results_probe50/gemma-3-4b-it_10k_5u/probe_fits_wrong_topup.json,"DEGENERATE: cv_last == expected at k=N, not a control here; superseded shard(s) probe_fits_wrong.json:n=244"
gemma-3-4b-it,Gemma-3,base,10,5,CVQ,semantic,CVQ,5,wrong,cv_last,0.1,7,0.205882,0.04224210748600993,3.4315278217716266e-05,20.845685513673317,0.1260460352756475,2,False,1231,0.02,raw,lora_intervention/experiments/linear_probing/results_probe50/gemma-3-4b-it_10k_5u/probe_fits_wrong_topup.json,"DEGENERATE: cv_last == expected at k=N, not a control here; superseded shard(s) probe_fits_wrong.json:n=244"
gemma-3-4b-it,Gemma-3,base,10,5,CVQ,semantic,CVQ,5,wrong,cv_last,0.1,8,0.235294,0.040614771407454335,0.003216397423714497,20.923587794319502,0.12475528874566064,2,False,1231,0.02,raw,lora_intervention/experiments/linear_probing/results_probe50/gemma-3-4b-it_10k_5u/probe_fits_wrong_topup.json,"DEGENERATE: cv_last == expected at k=N, not a control here; superseded shard(s) probe_fits_wrong.json:n=244"
gemma-3-4b-it,Gemma-3,base,10,5,CVQ,semantic,CVQ,5,wrong,cv_last,0.1,9,0.264706,0.042240787667616936,0.001590381163551896,20.902440344208635,0.1269049972133647,2,False,1231,0.02,raw,lora_intervention/experiments/linear_probing/results_probe50/gemma-3-4b-it_10k_5u/probe_fits_wrong_topup.json,"DEGENERATE: cv_last == expected at k=N, not a control here; superseded shard(s) probe_fits_wrong.json:n=244"
gemma-3-4b-it,Gemma-3,base,10,5,CVQ,semantic,CVQ,5,wrong,cv_last,0.1,10,0.294118,0.041425139900749655,0.005652782177172421,20.713046404814698,0.12827693131587323,2,False,1231,0.02,raw,lora_intervention/experiments/linear_probing/results_probe50/gemma-3-4b-it_10k_5u/probe_fits_wrong_topup.json,"DEGENERATE: cv_last == expected at k=N, not a control here; superseded shard(s) probe_fits_wrong.json:n=244"
gemma-3-4b-it,Gemma-3,base,10,5,CVQ,semantic,CVQ,5,wrong,cv_last,0.1,11,0.323529,0.04061609122584732,0.0015917009819448845,20.78537113293211,0.12977029923988936,2,False,1231,0.02,raw,lora_intervention/experiments/linear_probing/results_probe50/gemma-3-4b-it_10k_5u/probe_fits_wrong_topup.json,"DEGENERATE: cv_last == expected at k=N, not a control here; superseded shard(s) probe_fits_wrong.json:n=244"
gemma-3-4b-it,Gemma-3,base,10,5,CVQ,semantic,CVQ,5,wrong,cv_last,0.1,12,0.352941,0.045488860732763176,0.0032124379685355316,21.080288512300704,0.1329303996949272,2,False,1231,0.02,raw,lora_intervention/experiments/linear_probing/results_probe50/gemma-3-4b-it_10k_5u/probe_fits_wrong_topup.json,"DEGENERATE: cv_last == expected at k=N, not a control here; superseded shard(s) probe_fits_wrong.json:n=244"
gemma-3-4b-it,Gemma-3,base,10,5,CVQ,semantic,CVQ,5,wrong,cv_last,0.1,13,0.382353,0.047929204941400065,0.0008512828634779854,20.90981021011509,0.1371529015281356,2,False,1231,0.02,raw,lora_intervention/experiments/linear_probing/results_probe50/gemma-3-4b-it_10k_5u/probe_fits_wrong_topup.json,"DEGENERATE: cv_last == expected at k=N, not a control here; superseded shard(s) probe_fits_wrong.json:n=244"
gemma-3-4b-it,Gemma-3,base,10,5,CVQ,semantic,CVQ,5,wrong,cv_last,0.1,14,0.411765,0.042239467849223944,0.0032150776053215084,20.597671840354767,0.13568589722518934,2,False,1231,0.02,raw,lora_intervention/experiments/linear_probing/results_probe50/gemma-3-4b-it_10k_5u/probe_fits_wrong_topup.json,"DEGENERATE: cv_last == expected at k=N, not a control here; superseded shard(s) probe_fits_wrong.json:n=244"
gemma-3-4b-it,Gemma-3,base,10,5,CVQ,semantic,CVQ,5,wrong,cv_last,0.1,15,0.441176,0.042239467849223944,0.0032150776053215084,20.280928624221307,0.13598293605400577,2,False,1231,0.02,raw,lora_intervention/experiments/linear_probing/results_probe50/gemma-3-4b-it_10k_5u/probe_fits_wrong_topup.json,"DEGENERATE: cv_last == expected at k=N, not a control here; superseded shard(s) probe_fits_wrong.json:n=244"
gemma-3-4b-it,Gemma-3,base,10,5,CVQ,semantic,CVQ,5,wrong,cv_last,0.1,16,0.470588,0.03736537852391511,0.0032190370605004737,20.808215869496358,0.1277970492270052,2,False,1231,0.02,raw,lora_intervention/experiments/linear_probing/results_probe50/gemma-3-4b-it_10k_5u/probe_fits_wrong_topup.json,"DEGENERATE: cv_last == expected at k=N, not a control here; superseded shard(s) probe_fits_wrong.json:n=244"
gemma-3-4b-it,Gemma-3,base,10,5,CVQ,semantic,CVQ,5,wrong,cv_last,0.1,17,0.5,0.03168488016048992,0.004087477563087321,20.67181659803611,0.12682717940415017,2,False,1231,0.02,raw,lora_intervention/experiments/linear_probing/results_probe50/gemma-3-4b-it_10k_5u/probe_fits_wrong_topup.json,"DEGENERATE: cv_last == expected at k=N, not a control here; superseded shard(s) probe_fits_wrong.json:n=244"
gemma-3-4b-it,Gemma-3,base,10,5,CVQ,semantic,CVQ,5,wrong,cv_last,0.1,18,0.529412,0.029244535951853026,2.3756731073805437e-05,19.781529141590116,0.12628711627106787,2,False,1231,0.02,raw,lora_intervention/experiments/linear_probing/results_probe50/gemma-3-4b-it_10k_5u/probe_fits_wrong_topup.json,"DEGENERATE: cv_last == expected at k=N, not a control here; superseded shard(s) probe_fits_wrong.json:n=244"
gemma-3-4b-it,Gemma-3,base,10,5,CVQ,semantic,CVQ,5,wrong,cv_last,0.1,19,0.558824,0.04224738675958188,0.006533101045296169,19.1829822616408,0.14061612089141556,2,False,1231,0.02,raw,lora_intervention/experiments/linear_probing/results_probe50/gemma-3-4b-it_10k_5u/probe_fits_wrong_topup.json,"DEGENERATE: cv_last == expected at k=N, not a control here; superseded shard(s) probe_fits_wrong.json:n=244"
gemma-3-4b-it,Gemma-3,base,10,5,CVQ,semantic,CVQ,5,wrong,cv_last,0.1,20,0.588235,0.041429099355928624,0.0007786928518635841,18.947451430683138,0.14447200482097722,2,False,1231,0.02,raw,lora_intervention/experiments/linear_probing/results_probe50/gemma-3-4b-it_10k_5u/probe_fits_wrong_topup.json,"DEGENERATE: cv_last == expected at k=N, not a control here; superseded shard(s) probe_fits_wrong.json:n=244"
gemma-3-4b-it,Gemma-3,base,10,5,CVQ,semantic,CVQ,5,wrong,cv_last,0.1,21,0.617647,0.08774548622109597,0.014693538169147924,16.221806039488968,0.2001791769906126,2,False,1231,0.02,raw,lora_intervention/experiments/linear_probing/results_probe50/gemma-3-4b-it_10k_5u/probe_fits_wrong_topup.json,"DEGENERATE: cv_last == expected at k=N, not a control here; superseded shard(s) probe_fits_wrong.json:n=244"
gemma-3-4b-it,Gemma-3,base,10,5,CVQ,semantic,CVQ,5,wrong,cv_last,0.1,22,0.647059,0.20473814803083096,0.03266022595290888,11.323346267553585,0.34116543494518625,2,False,1231,0.02,raw,lora_intervention/experiments/linear_probing/results_probe50/gemma-3-4b-it_10k_5u/probe_fits_wrong_topup.json,"DEGENERATE: cv_last == expected at k=N, not a control here; superseded shard(s) probe_fits_wrong.json:n=244"
gemma-3-4b-it,Gemma-3,base,10,5,CVQ,semantic,CVQ,5,wrong,cv_last,0.1,23,0.676471,0.26565172632245804,0.017275102945834633,9.705149931369444,0.3973885865808233,2,False,1231,0.02,raw,lora_intervention/experiments/linear_probing/results_probe50/gemma-3-4b-it_10k_5u/probe_fits_wrong_topup.json,"DEGENERATE: cv_last == expected at k=N, not a control here; superseded shard(s) probe_fits_wrong.json:n=244"
gemma-3-4b-it,Gemma-3,base,10,5,CVQ,semantic,CVQ,5,wrong,cv_last,0.1,24,0.705882,0.6336421708372928,0.013512300707422653,2.526486115510506,0.7589873243054766,2,False,1231,0.02,raw,lora_intervention/experiments/linear_probing/results_probe50/gemma-3-4b-it_10k_5u/probe_fits_wrong_topup.json,"DEGENERATE: cv_last == expected at k=N, not a control here; superseded shard(s) probe_fits_wrong.json:n=244"
gemma-3-4b-it,Gemma-3,base,10,5,CVQ,semantic,CVQ,5,wrong,cv_last,0.1,25,0.735294,0.6377085313060923,0.019202037799598726,2.4013660120367435,0.7649674714868486,2,False,1231,0.02,raw,lora_intervention/experiments/linear_probing/results_probe50/gemma-3-4b-it_10k_5u/probe_fits_wrong_topup.json,"DEGENERATE: cv_last == expected at k=N, not a control here; superseded shard(s) probe_fits_wrong.json:n=244"
gemma-3-4b-it,Gemma-3,base,10,5,CVQ,semantic,CVQ,5,wrong,cv_last,0.1,26,0.764706,0.6303927779537536,0.01350966107063667,2.5695768662232075,0.7544931589641455,2,False,1231,0.02,raw,lora_intervention/experiments/linear_probing/results_probe50/gemma-3-4b-it_10k_5u/probe_fits_wrong_topup.json,"DEGENERATE: cv_last == expected at k=N, not a control here; superseded shard(s) probe_fits_wrong.json:n=244"
gemma-3-4b-it,Gemma-3,base,10,5,CVQ,semantic,CVQ,5,wrong,cv_last,0.1,27,0.794118,0.6604463625805089,0.009472336606482945,2.1381863055643544,0.7826893026269148,2,False,1231,0.02,raw,lora_intervention/experiments/linear_probing/results_probe50/gemma-3-4b-it_10k_5u/probe_fits_wrong_topup.json,"DEGENERATE: cv_last == expected at k=N, not a control here; superseded shard(s) probe_fits_wrong.json:n=244"
gemma-3-4b-it,Gemma-3,base,10,5,CVQ,semantic,CVQ,5,wrong,cv_last,0.1,28,0.823529,0.6628880266075388,0.015160753880266109,2.1170243374511664,0.7840215572175968,2,False,1231,0.02,raw,lora_intervention/experiments/linear_probing/results_probe50/gemma-3-4b-it_10k_5u/probe_fits_wrong_topup.json,"DEGENERATE: cv_last == expected at k=N, not a control here; superseded shard(s) probe_fits_wrong.json:n=244"
gemma-3-4b-it,Gemma-3,base,10,5,CVQ,semantic,CVQ,5,wrong,cv_last,0.1,29,0.852941,0.6742543026079612,0.007046510400168904,2.0845330482525606,0.7928076686007215,2,False,1231,0.02,raw,lora_intervention/experiments/linear_probing/results_probe50/gemma-3-4b-it_10k_5u/probe_fits_wrong_topup.json,"DEGENERATE: cv_last == expected at k=N, not a control here; superseded shard(s) probe_fits_wrong.json:n=244"
gemma-3-4b-it,Gemma-3,base,10,5,CVQ,semantic,CVQ,5,wrong,cv_last,0.1,30,0.882353,0.7262485481997677,0.011962833914053395,1.5930313588850176,0.8415019500169527,2,False,1231,0.02,raw,lora_intervention/experiments/linear_probing/results_probe50/gemma-3-4b-it_10k_5u/probe_fits_wrong_topup.json,"DEGENERATE: cv_last == expected at k=N, not a control here; superseded shard(s) probe_fits_wrong.json:n=244"
gemma-3-4b-it,Gemma-3,base,10,5,CVQ,semantic,CVQ,5,wrong,cv_last,0.1,31,0.911765,0.7351823989019111,0.009533048252560461,1.554866170414951,0.8481713765086716,2,False,1231,0.02,raw,lora_intervention/experiments/linear_probing/results_probe50/gemma-3-4b-it_10k_5u/probe_fits_wrong_topup.json,"DEGENERATE: cv_last == expected at k=N, not a control here; superseded shard(s) probe_fits_wrong.json:n=244"
gemma-3-4b-it,Gemma-3,base,10,5,CVQ,semantic,CVQ,5,wrong,cv_last,0.1,32,0.941176,0.7294992609016999,0.01359016999260898,1.5556646605427094,0.8440609575975364,2,False,1231,0.02,raw,lora_intervention/experiments/linear_probing/results_probe50/gemma-3-4b-it_10k_5u/probe_fits_wrong_topup.json,"DEGENERATE: cv_last == expected at k=N, not a control here; superseded shard(s) probe_fits_wrong.json:n=244"
gemma-3-4b-it,Gemma-3,base,10,5,CVQ,semantic,CVQ,5,wrong,cv_last,0.1,33,0.970588,0.7156900010558547,0.01439129975715342,1.6320306725794531,0.833260184287905,2,False,1231,0.02,raw,lora_intervention/experiments/linear_probing/results_probe50/gemma-3-4b-it_10k_5u/probe_fits_wrong_topup.json,"DEGENERATE: cv_last == expected at k=N, not a control here; superseded shard(s) probe_fits_wrong.json:n=244"
gemma-3-4b-it,Gemma-3,base,10,5,CVQ,semantic,CVQ,5,wrong,cv_last,0.1,34,1.0,0.700254724949847,0.013566413261535237,1.6807636469221836,0.8233409060913927,2,False,1231,0.02,raw,lora_intervention/experiments/linear_probing/results_probe50/gemma-3-4b-it_10k_5u/probe_fits_wrong_topup.json,"DEGENERATE: cv_last == expected at k=N, not a control here; superseded shard(s) probe_fits_wrong.json:n=244"
gemma-3-4b-it,Gemma-3,base,10,5,CVQ,semantic,CVQ,5,wrong,expected,0.1,0,0.0,0.056864375461936435,4.6193643754618985e-05,16.948046668778375,0.1649243733361076,2,False,1231,0.02,raw,lora_intervention/experiments/linear_probing/results_probe50/gemma-3-4b-it_10k_5u/probe_fits_wrong_topup.json,superseded shard(s) probe_fits_wrong.json:n=244
gemma-3-4b-it,Gemma-3,base,10,5,CVQ,semantic,CVQ,5,wrong,expected,0.1,1,0.029412,0.036556329849012775,0.000842044134727063,20.839987857670785,0.12352371332485332,2,False,1231,0.02,raw,lora_intervention/experiments/linear_probing/results_probe50/gemma-3-4b-it_10k_5u/probe_fits_wrong_topup.json,superseded shard(s) probe_fits_wrong.json:n=244
gemma-3-4b-it,Gemma-3,base,10,5,CVQ,semantic,CVQ,5,wrong,expected,0.1,2,0.058824,0.03330825678386654,0.0024641009397106967,20.785639056065882,0.12482949098863755,2,False,1231,0.02,raw,lora_intervention/experiments/linear_probing/results_probe50/gemma-3-4b-it_10k_5u/probe_fits_wrong_topup.json,superseded shard(s) probe_fits_wrong.json:n=244
gemma-3-4b-it,Gemma-3,base,10,5,CVQ,semantic,CVQ,5,wrong,expected,0.1,3,0.088235,0.03412258473234083,0.0049018055115616094,20.941503009185936,0.1249244562313557,2,False,1231,0.02,raw,lora_intervention/experiments/linear_probing/results_probe50/gemma-3-4b-it_10k_5u/probe_fits_wrong_topup.json,superseded shard(s) probe_fits_wrong.json:n=244
gemma-3-4b-it,Gemma-3,base,10,5,CVQ,semantic,CVQ,5,wrong,expected,0.1,4,0.117647,0.036560289304191744,0.005716133460035898,20.855532678703412,0.1278547591230149,2,False,1231,0.02,raw,lora_intervention/experiments/linear_probing/results_probe50/gemma-3-4b-it_10k_5u/probe_fits_wrong_topup.json,superseded shard(s) probe_fits_wrong.json:n=244
gemma-3-4b-it,Gemma-3,base,10,5,CVQ,semantic,CVQ,5,wrong,expected,0.1,5,0.147059,0.03899799387604266,0.006530461408510192,21.000929152148665,0.12881058696422026,2,False,1231,0.02,raw,lora_intervention/experiments/linear_probing/results_probe50/gemma-3-4b-it_10k_5u/probe_fits_wrong_topup.json,superseded shard(s) probe_fits_wrong.json:n=244
gemma-3-4b-it,Gemma-3,base,10,5,CVQ,semantic,CVQ,5,wrong,expected,0.1,6,0.176471,0.029243216133460037,0.0016009397106958086,21.095958716080666,0.11963171744251286,2,False,1231,0.02,raw,lora_intervention/experiments/linear_probing/results_probe50/gemma-3-4b-it_10k_5u/probe_fits_wrong_topup.json,superseded shard(s) probe_fits_wrong.json:n=244
gemma-3-4b-it,Gemma-3,base,10,5,CVQ,semantic,CVQ,5,wrong,expected,0.1,7,0.205882,0.04224210748600993,3.4315278217716266e-05,20.845685513673317,0.1260460352756475,2,False,1231,0.02,raw,lora_intervention/experiments/linear_probing/results_probe50/gemma-3-4b-it_10k_5u/probe_fits_wrong_topup.json,superseded shard(s) probe_fits_wrong.json:n=244
gemma-3-4b-it,Gemma-3,base,10,5,CVQ,semantic,CVQ,5,wrong,expected,0.1,8,0.235294,0.040614771407454335,0.003216397423714497,20.923587794319502,0.12475528874566064,2,False,1231,0.02,raw,lora_intervention/experiments/linear_probing/results_probe50/gemma-3-4b-it_10k_5u/probe_fits_wrong_topup.json,superseded shard(s) probe_fits_wrong.json:n=244
gemma-3-4b-it,Gemma-3,base,10,5,CVQ,semantic,CVQ,5,wrong,expected,0.1,9,0.264706,0.042240787667616936,0.001590381163551896,20.902440344208635,0.1269049972133647,2,False,1231,0.02,raw,lora_intervention/experiments/linear_probing/results_probe50/gemma-3-4b-it_10k_5u/probe_fits_wrong_topup.json,superseded shard(s) probe_fits_wrong.json:n=244
gemma-3-4b-it,Gemma-3,base,10,5,CVQ,semantic,CVQ,5,wrong,expected,0.1,10,0.294118,0.041425139900749655,0.005652782177172421,20.713046404814698,0.12827693131587323,2,False,1231,0.02,raw,lora_intervention/experiments/linear_probing/results_probe50/gemma-3-4b-it_10k_5u/probe_fits_wrong_topup.json,superseded shard(s) probe_fits_wrong.json:n=244
gemma-3-4b-it,Gemma-3,base,10,5,CVQ,semantic,CVQ,5,wrong,expected,0.1,11,0.323529,0.04061609122584732,0.0015917009819448845,20.78537113293211,0.12977029923988936,2,False,1231,0.02,raw,lora_intervention/experiments/linear_probing/results_probe50/gemma-3-4b-it_10k_5u/probe_fits_wrong_topup.json,superseded shard(s) probe_fits_wrong.json:n=244
gemma-3-4b-it,Gemma-3,base,10,5,CVQ,semantic,CVQ,5,wrong,expected,0.1,12,0.352941,0.045488860732763176,0.0032124379685355316,21.080288512300704,0.1329303996949272,2,False,1231,0.02,raw,lora_intervention/experiments/linear_probing/results_probe50/gemma-3-4b-it_10k_5u/probe_fits_wrong_topup.json,superseded shard(s) probe_fits_wrong.json:n=244
gemma-3-4b-it,Gemma-3,base,10,5,CVQ,semantic,CVQ,5,wrong,expected,0.1,13,0.382353,0.047929204941400065,0.0008512828634779854,20.90981021011509,0.1371529015281356,2,False,1231,0.02,raw,lora_intervention/experiments/linear_probing/results_probe50/gemma-3-4b-it_10k_5u/probe_fits_wrong_topup.json,superseded shard(s) probe_fits_wrong.json:n=244
gemma-3-4b-it,Gemma-3,base,10,5,CVQ,semantic,CVQ,5,wrong,expected,0.1,14,0.411765,0.042239467849223944,0.0032150776053215084,20.597671840354767,0.13568589722518934,2,False,1231,0.02,raw,lora_intervention/experiments/linear_probing/results_probe50/gemma-3-4b-it_10k_5u/probe_fits_wrong_topup.json,superseded shard(s) probe_fits_wrong.json:n=244
gemma-3-4b-it,Gemma-3,base,10,5,CVQ,semantic,CVQ,5,wrong,expected,0.1,15,0.441176,0.042239467849223944,0.0032150776053215084,20.280928624221307,0.13598293605400577,2,False,1231,0.02,raw,lora_intervention/experiments/linear_probing/results_probe50/gemma-3-4b-it_10k_5u/probe_fits_wrong_topup.json,superseded shard(s) probe_fits_wrong.json:n=244
gemma-3-4b-it,Gemma-3,base,10,5,CVQ,semantic,CVQ,5,wrong,expected,0.1,16,0.470588,0.03736537852391511,0.0032190370605004737,20.808215869496358,0.1277970492270052,2,False,1231,0.02,raw,lora_intervention/experiments/linear_probing/results_probe50/gemma-3-4b-it_10k_5u/probe_fits_wrong_topup.json,superseded shard(s) probe_fits_wrong.json:n=244
gemma-3-4b-it,Gemma-3,base,10,5,CVQ,semantic,CVQ,5,wrong,expected,0.1,17,0.5,0.03168488016048992,0.004087477563087321,20.67181659803611,0.12682717940415017,2,False,1231,0.02,raw,lora_intervention/experiments/linear_probing/results_probe50/gemma-3-4b-it_10k_5u/probe_fits_wrong_topup.json,superseded shard(s) probe_fits_wrong.json:n=244
gemma-3-4b-it,Gemma-3,base,10,5,CVQ,semantic,CVQ,5,wrong,expected,0.1,18,0.529412,0.029244535951853026,2.3756731073805437e-05,19.781529141590116,0.12628711627106787,2,False,1231,0.02,raw,lora_intervention/experiments/linear_probing/results_probe50/gemma-3-4b-it_10k_5u/probe_fits_wrong_topup.json,superseded shard(s) probe_fits_wrong.json:n=244
gemma-3-4b-it,Gemma-3,base,10,5,CVQ,semantic,CVQ,5,wrong,expected,0.1,19,0.558824,0.04224738675958188,0.006533101045296169,19.1829822616408,0.14061612089141556,2,False,1231,0.02,raw,lora_intervention/experiments/linear_probing/results_probe50/gemma-3-4b-it_10k_5u/probe_fits_wrong_topup.json,superseded shard(s) probe_fits_wrong.json:n=244
gemma-3-4b-it,Gemma-3,base,10,5,CVQ,semantic,CVQ,5,wrong,expected,0.1,20,0.588235,0.041429099355928624,0.0007786928518635841,18.947451430683138,0.14447200482097722,2,False,1231,0.02,raw,lora_intervention/experiments/linear_probing/results_probe50/gemma-3-4b-it_10k_5u/probe_fits_wrong_topup.json,superseded shard(s) probe_fits_wrong.json:n=244
gemma-3-4b-it,Gemma-3,base,10,5,CVQ,semantic,CVQ,5,wrong,expected,0.1,21,0.617647,0.08774548622109597,0.014693538169147924,16.221806039488968,0.2001791769906126,2,False,1231,0.02,raw,lora_intervention/experiments/linear_probing/results_probe50/gemma-3-4b-it_10k_5u/probe_fits_wrong_topup.json,superseded shard(s) probe_fits_wrong.json:n=244
gemma-3-4b-it,Gemma-3,base,10,5,CVQ,semantic,CVQ,5,wrong,expected,0.1,22,0.647059,0.20473814803083096,0.03266022595290888,11.323346267553585,0.34116543494518625,2,False,1231,0.02,raw,lora_intervention/experiments/linear_probing/results_probe50/gemma-3-4b-it_10k_5u/probe_fits_wrong_topup.json,superseded shard(s) probe_fits_wrong.json:n=244
gemma-3-4b-it,Gemma-3,base,10,5,CVQ,semantic,CVQ,5,wrong,expected,0.1,23,0.676471,0.26565172632245804,0.017275102945834633,9.705149931369444,0.3973885865808233,2,False,1231,0.02,raw,lora_intervention/experiments/linear_probing/results_probe50/gemma-3-4b-it_10k_5u/probe_fits_wrong_topup.json,superseded shard(s) probe_fits_wrong.json:n=244
gemma-3-4b-it,Gemma-3,base,10,5,CVQ,semantic,CVQ,5,wrong,expected,0.1,24,0.705882,0.6336421708372928,0.013512300707422653,2.526486115510506,0.7589873243054766,2,False,1231,0.02,raw,lora_intervention/experiments/linear_probing/results_probe50/gemma-3-4b-it_10k_5u/probe_fits_wrong_topup.json,superseded shard(s) probe_fits_wrong.json:n=244
gemma-3-4b-it,Gemma-3,base,10,5,CVQ,semantic,CVQ,5,wrong,expected,0.1,25,0.735294,0.6377085313060923,0.019202037799598726,2.4013660120367435,0.7649674714868486,2,False,1231,0.02,raw,lora_intervention/experiments/linear_probing/results_probe50/gemma-3-4b-it_10k_5u/probe_fits_wrong_topup.json,superseded shard(s) probe_fits_wrong.json:n=244
gemma-3-4b-it,Gemma-3,base,10,5,CVQ,semantic,CVQ,5,wrong,expected,0.1,26,0.764706,0.6303927779537536,0.01350966107063667,2.5695768662232075,0.7544931589641455,2,False,1231,0.02,raw,lora_intervention/experiments/linear_probing/results_probe50/gemma-3-4b-it_10k_5u/probe_fits_wrong_topup.json,superseded shard(s) probe_fits_wrong.json:n=244
gemma-3-4b-it,Gemma-3,base,10,5,CVQ,semantic,CVQ,5,wrong,expected,0.1,27,0.794118,0.6604463625805089,0.009472336606482945,2.1381863055643544,0.7826893026269148,2,False,1231,0.02,raw,lora_intervention/experiments/linear_probing/results_probe50/gemma-3-4b-it_10k_5u/probe_fits_wrong_topup.json,superseded shard(s) probe_fits_wrong.json:n=244
gemma-3-4b-it,Gemma-3,base,10,5,CVQ,semantic,CVQ,5,wrong,expected,0.1,28,0.823529,0.6628880266075388,0.015160753880266109,2.1170243374511664,0.7840215572175968,2,False,1231,0.02,raw,lora_intervention/experiments/linear_probing/results_probe50/gemma-3-4b-it_10k_5u/probe_fits_wrong_topup.json,superseded shard(s) probe_fits_wrong.json:n=244
gemma-3-4b-it,Gemma-3,base,10,5,CVQ,semantic,CVQ,5,wrong,expected,0.1,29,0.852941,0.6742543026079612,0.007046510400168904,2.0845330482525606,0.7928076686007215,2,False,1231,0.02,raw,lora_intervention/experiments/linear_probing/results_probe50/gemma-3-4b-it_10k_5u/probe_fits_wrong_topup.json,superseded shard(s) probe_fits_wrong.json:n=244
gemma-3-4b-it,Gemma-3,base,10,5,CVQ,semantic,CVQ,5,wrong,expected,0.1,30,0.882353,0.7262485481997677,0.011962833914053395,1.5930313588850176,0.8415019500169527,2,False,1231,0.02,raw,lora_intervention/experiments/linear_probing/results_probe50/gemma-3-4b-it_10k_5u/probe_fits_wrong_topup.json,superseded shard(s) probe_fits_wrong.json:n=244
gemma-3-4b-it,Gemma-3,base,10,5,CVQ,semantic,CVQ,5,wrong,expected,0.1,31,0.911765,0.7351823989019111,0.009533048252560461,1.554866170414951,0.8481713765086716,2,False,1231,0.02,raw,lora_intervention/experiments/linear_probing/results_probe50/gemma-3-4b-it_10k_5u/probe_fits_wrong_topup.json,superseded shard(s) probe_fits_wrong.json:n=244
gemma-3-4b-it,Gemma-3,base,10,5,CVQ,semantic,CVQ,5,wrong,expected,0.1,32,0.941176,0.7294992609016999,0.01359016999260898,1.5556646605427094,0.8440609575975364,2,False,1231,0.02,raw,lora_intervention/experiments/linear_probing/results_probe50/gemma-3-4b-it_10k_5u/probe_fits_wrong_topup.json,superseded shard(s) probe_fits_wrong.json:n=244
gemma-3-4b-it,Gemma-3,base,10,5,CVQ,semantic,CVQ,5,wrong,expected,0.1,33,0.970588,0.7156900010558547,0.01439129975715342,1.6320306725794531,0.833260184287905,2,False,1231,0.02,raw,lora_intervention/experiments/linear_probing/results_probe50/gemma-3-4b-it_10k_5u/probe_fits_wrong_topup.json,superseded shard(s) probe_fits_wrong.json:n=244
gemma-3-4b-it,Gemma-3,base,10,5,CVQ,semantic,CVQ,5,wrong,expected,0.1,34,1.0,0.700254724949847,0.013566413261535237,1.6807636469221836,0.8233409060913927,2,False,1231,0.02,raw,lora_intervention/experiments/linear_probing/results_probe50/gemma-3-4b-it_10k_5u/probe_fits_wrong_topup.json,superseded shard(s) probe_fits_wrong.json:n=244
gemma-3-4b-it,Gemma-3,base,10,5,CVQ,semantic,CVQ,5,wrong,shuffled,0.1,0,0.0,0.056864375461936435,4.6193643754618985e-05,16.94640613451589,0.16491314311014604,2,False,1231,0.02,raw,lora_intervention/experiments/linear_probing/results_probe50/gemma-3-4b-it_10k_5u/probe_fits_wrong_topup.json,superseded shard(s) probe_fits_wrong.json:n=244
gemma-3-4b-it,Gemma-3,base,10,5,CVQ,semantic,CVQ,5,wrong,shuffled,0.1,1,0.029412,0.03330693696547355,0.0008394044979410861,21.957868757259,0.11563761548917248,2,False,1231,0.02,raw,lora_intervention/experiments/linear_probing/results_probe50/gemma-3-4b-it_10k_5u/probe_fits_wrong_topup.json,superseded shard(s) probe_fits_wrong.json:n=244
gemma-3-4b-it,Gemma-3,base,10,5,CVQ,semantic,CVQ,5,wrong,shuffled,0.1,2,0.058824,0.029243216133460037,0.0016009397106958086,21.784637313905606,0.11354531552057917,2,False,1231,0.02,raw,lora_intervention/experiments/linear_probing/results_probe50/gemma-3-4b-it_10k_5u/probe_fits_wrong_topup.json,superseded shard(s) probe_fits_wrong.json:n=244
gemma-3-4b-it,Gemma-3,base,10,5,CVQ,semantic,CVQ,5,wrong,shuffled,0.1,3,0.088235,0.025993823249920812,0.0016035793474817855,21.987068419385494,0.1108660882028483,2,False,1231,0.02,raw,lora_intervention/experiments/linear_probing/results_probe50/gemma-3-4b-it_10k_5u/probe_fits_wrong_topup.json,superseded shard(s) probe_fits_wrong.json:n=244
gemma-3-4b-it,Gemma-3,base,10,5,CVQ,semantic,CVQ,5,wrong,shuffled,0.1,4,0.117647,0.023557438496462888,0.0007932108541864637,22.014598511244852,0.1088317733803921,2,False,1231,0.02,raw,lora_intervention/experiments/linear_probing/results_probe50/gemma-3-4b-it_10k_5u/probe_fits_wrong_topup.json,superseded shard(s) probe_fits_wrong.json:n=244
gemma-3-4b-it,Gemma-3,base,10,5,CVQ,semantic,CVQ,5,wrong,shuffled,0.1,5,0.147059,0.023561397951641853,0.004080878471122373,21.673508605215922,0.11166581461677301,2,False,1231,0.02,raw,lora_intervention/experiments/linear_probing/results_probe50/gemma-3-4b-it_10k_5u/probe_fits_wrong_topup.json,superseded shard(s) probe_fits_wrong.json:n=244
gemma-3-4b-it,Gemma-3,base,10,5,CVQ,semantic,CVQ,5,wrong,shuffled,0.1,6,0.176471,0.030871872030408615,0.0032744694330060203,21.999287298067784,0.11438860393759863,2,False,1231,0.02,raw,lora_intervention/experiments/linear_probing/results_probe50/gemma-3-4b-it_10k_5u/probe_fits_wrong_topup.json,superseded shard(s) probe_fits_wrong.json:n=244
gemma-3-4b-it,Gemma-3,base,10,5,CVQ,semantic,CVQ,5,wrong,shuffled,0.1,7,0.205882,0.03330165769190159,0.005659381269137367,22.109119945095557,0.11701379910113352,2,False,1231,0.02,raw,lora_intervention/experiments/linear_probing/results_probe50/gemma-3-4b-it_10k_5u/probe_fits_wrong_topup.json,superseded shard(s) probe_fits_wrong.json:n=244
gemma-3-4b-it,Gemma-3,base,10,5,CVQ,semantic,CVQ,5,wrong,shuffled,0.1,8,0.235294,0.030053584626755357,0.004037324464153731,22.19197682398902,0.1146456445380416,2,False,1231,0.02,raw,lora_intervention/experiments/linear_probing/results_probe50/gemma-3-4b-it_10k_5u/probe_fits_wrong_topup.json,superseded shard(s) probe_fits_wrong.json:n=244
gemma-3-4b-it,Gemma-3,base,10,5,CVQ,semantic,CVQ,5,wrong,shuffled,0.1,9,0.264706,0.03330825678386654,0.0024641009397106967,22.32346769084574,0.11492854910604267,2,False,1231,0.02,raw,lora_intervention/experiments/linear_probing/results_probe50/gemma-3-4b-it_10k_5u/probe_fits_wrong_topup.json,superseded shard(s) probe_fits_wrong.json:n=244
gemma-3-4b-it,Gemma-3,base,10,5,CVQ,semantic,CVQ,5,wrong,shuffled,0.1,10,0.294118,0.03493295322563615,0.002465420758103687,21.894575546404816,0.11788852574173524,2,False,1231,0.02,raw,lora_intervention/experiments/linear_probing/results_probe50/gemma-3-4b-it_10k_5u/probe_fits_wrong_topup.json,superseded shard(s) probe_fits_wrong.json:n=244
gemma-3-4b-it,Gemma-3,base,10,5,CVQ,semantic,CVQ,5,wrong,shuffled,0.1,11,0.323529,0.027615880054904444,0.00485165241262802,21.762106694118888,0.11566235105612249,2,False,1231,0.02,raw,lora_intervention/experiments/linear_probing/results_probe50/gemma-3-4b-it_10k_5u/probe_fits_wrong_topup.json,superseded shard(s) probe_fits_wrong.json:n=244
gemma-3-4b-it,Gemma-3,base,10,5,CVQ,semantic,CVQ,5,wrong,shuffled,0.1,12,0.352941,0.030862633301657692,0.008098405659381268,21.65406504065041,0.11855939023914755,2,False,1231,0.02,raw,lora_intervention/experiments/linear_probing/results_probe50/gemma-3-4b-it_10k_5u/probe_fits_wrong_topup.json,superseded shard(s) probe_fits_wrong.json:n=244
gemma-3-4b-it,Gemma-3,base,10,5,CVQ,semantic,CVQ,5,wrong,shuffled,0.1,13,0.382353,0.03573936226375251,0.004845053320663076,21.811305564354342,0.12304060437892089,2,False,1231,0.02,raw,lora_intervention/experiments/linear_probing/results_probe50/gemma-3-4b-it_10k_5u/probe_fits_wrong_topup.json,superseded shard(s) probe_fits_wrong.json:n=244
gemma-3-4b-it,Gemma-3,base,10,5,CVQ,semantic,CVQ,5,wrong,shuffled,0.1,14,0.411765,0.0324873297434273,0.00809708584098828,21.695189261957555,0.12061614052215723,2,False,1231,0.02,raw,lora_intervention/experiments/linear_probing/results_probe50/gemma-3-4b-it_10k_5u/probe_fits_wrong_topup.json,superseded shard(s) probe_fits_wrong.json:n=244
gemma-3-4b-it,Gemma-3,base,10,5,CVQ,semantic,CVQ,5,wrong,shuffled,0.1,15,0.441176,0.029243216133460037,0.0016009397106958086,21.52900432900433,0.11346555185570384,2,False,1231,0.02,raw,lora_intervention/experiments/linear_probing/results_probe50/gemma-3-4b-it_10k_5u/probe_fits_wrong_topup.json,superseded shard(s) probe_fits_wrong.json:n=244
gemma-3-4b-it,Gemma-3,base,10,5,CVQ,semantic,CVQ,5,wrong,shuffled,0.1,16,0.470588,0.023558758314855877,0.0008314855875831487,21.729479463625808,0.10764355138379343,2,False,1231,0.02,raw,lora_intervention/experiments/linear_probing/results_probe50/gemma-3-4b-it_10k_5u/probe_fits_wrong_topup.json,superseded shard(s) probe_fits_wrong.json:n=244
gemma-3-4b-it,Gemma-3,base,10,5,CVQ,semantic,CVQ,5,wrong,shuffled,0.1,17,0.5,0.023554798859676908,0.004042603737725688,21.88216265441875,0.10759349266798787,2,False,1231,0.02,raw,lora_intervention/experiments/linear_probing/results_probe50/gemma-3-4b-it_10k_5u/probe_fits_wrong_topup.json,superseded shard(s) probe_fits_wrong.json:n=244
gemma-3-4b-it,Gemma-3,base,10,5,CVQ,semantic,CVQ,5,wrong,shuffled,0.1,18,0.529412,0.021111815014254038,0.011355717453278426,22.20928492239468,0.1051744722049184,2,False,1231,0.02,raw,lora_intervention/experiments/linear_probing/results_probe50/gemma-3-4b-it_10k_5u/probe_fits_wrong_topup.json,superseded shard(s) probe_fits_wrong.json:n=244
gemma-3-4b-it,Gemma-3,base,10,5,CVQ,semantic,CVQ,5,wrong,shuffled,0.1,19,0.558824,0.028427568366592756,0.005663340724316332,22.367623535001584,0.10841788873006651,2,False,1231,0.02,raw,lora_intervention/experiments/linear_probing/results_probe50/gemma-3-4b-it_10k_5u/probe_fits_wrong_topup.json,superseded shard(s) probe_fits_wrong.json:n=244
gemma-3-4b-it,Gemma-3,base,10,5,CVQ,semantic,CVQ,5,wrong,shuffled,0.1,20,0.588235,0.02517949530144652,0.0040412839193327,22.541400063351283,0.10605991457589628,2,False,1231,0.02,raw,lora_intervention/experiments/linear_probing/results_probe50/gemma-3-4b-it_10k_5u/probe_fits_wrong_topup.json,superseded shard(s) probe_fits_wrong.json:n=244
gemma-3-4b-it,Gemma-3,base,10,5,CVQ,semantic,CVQ,5,wrong,shuffled,0.1,21,0.617647,0.02355215922289093,0.007291996621264913,23.029842413683877,0.1008974864211446,2,False,1231,0.02,raw,lora_intervention/experiments/linear_probing/results_probe50/gemma-3-4b-it_10k_5u/probe_fits_wrong_topup.json,superseded shard(s) probe_fits_wrong.json:n=244
gemma-3-4b-it,Gemma-3,base,10,5,CVQ,semantic,CVQ,5,wrong,shuffled,0.1,22,0.647059,0.0251821349382325,0.0007918910357934753,23.093978988491184,0.10288776106856341,2,False,1231,0.02,raw,lora_intervention/experiments/linear_probing/results_probe50/gemma-3-4b-it_10k_5u/probe_fits_wrong_topup.json,superseded shard(s) probe_fits_wrong.json:n=244
gemma-3-4b-it,Gemma-3,base,10,5,CVQ,semantic,CVQ,5,wrong,shuffled,0.1,23,0.676471,0.025184774575018477,0.0024575018477457494,23.110339457290678,0.10295834913657026,2,False,1231,0.02,raw,lora_intervention/experiments/linear_probing/results_probe50/gemma-3-4b-it_10k_5u/probe_fits_wrong_topup.json,superseded shard(s) probe_fits_wrong.json:n=244
gemma-3-4b-it,Gemma-3,base,10,5,CVQ,semantic,CVQ,5,wrong,shuffled,0.1,24,0.705882,0.023558758314855877,0.0008314855875831487,22.67965367965368,0.10423425413096596,2,False,1231,0.02,raw,lora_intervention/experiments/linear_probing/results_probe50/gemma-3-4b-it_10k_5u/probe_fits_wrong_topup.json,superseded shard(s) probe_fits_wrong.json:n=244
gemma-3-4b-it,Gemma-3,base,10,5,CVQ,semantic,CVQ,5,wrong,shuffled,0.1,25,0.735294,0.029245855770246014,0.0016484531728434178,22.643767817548305,0.10650589227306434,2,False,1231,0.02,raw,lora_intervention/experiments/linear_probing/results_probe50/gemma-3-4b-it_10k_5u/probe_fits_wrong_topup.json,superseded shard(s) probe_fits_wrong.json:n=244
gemma-3-4b-it,Gemma-3,base,10,5,CVQ,semantic,CVQ,5,wrong,shuffled,0.1,26,0.764706,0.028432847640164714,0.0008354450427621174,22.41559893358674,0.10857067676865415,2,False,1231,0.02,raw,lora_intervention/experiments/linear_probing/results_probe50/gemma-3-4b-it_10k_5u/probe_fits_wrong_topup.json,superseded shard(s) probe_fits_wrong.json:n=244
gemma-3-4b-it,Gemma-3,base,10,5,CVQ,semantic,CVQ,5,wrong,shuffled,0.1,27,0.794118,0.029247175588639006,0.00327314961461303,22.8314948263119,0.10815816026170043,2,False,1231,0.02,raw,lora_intervention/experiments/linear_probing/results_probe50/gemma-3-4b-it_10k_5u/probe_fits_wrong_topup.json,superseded shard(s) probe_fits_wrong.json:n=244
gemma-3-4b-it,Gemma-3,base,10,5,CVQ,semantic,CVQ,5,wrong,shuffled,0.1,28,0.823529,0.02599646288670679,0.0016458135360574375,22.720185302502376,0.10808543856998512,2,False,1231,0.02,raw,lora_intervention/experiments/linear_probing/results_probe50/gemma-3-4b-it_10k_5u/probe_fits_wrong_topup.json,superseded shard(s) probe_fits_wrong.json:n=244
gemma-3-4b-it,Gemma-3,base,10,5,CVQ,semantic,CVQ,5,wrong,shuffled,0.1,29,0.852941,0.02681211065357407,0.005708214549677966,22.58048648505966,0.10834696252937623,2,False,1231,0.02,raw,lora_intervention/experiments/linear_probing/results_probe50/gemma-3-4b-it_10k_5u/probe_fits_wrong_topup.json,superseded shard(s) probe_fits_wrong.json:n=244
gemma-3-4b-it,Gemma-3,base,10,5,CVQ,semantic,CVQ,5,wrong,shuffled,0.1,30,0.882353,0.02518609439341147,0.0040821982895153635,22.523624749234507,0.10827566215662195,2,False,1231,0.02,raw,lora_intervention/experiments/linear_probing/results_probe50/gemma-3-4b-it_10k_5u/probe_fits_wrong_topup.json,superseded shard(s) probe_fits_wrong.json:n=244
gemma-3-4b-it,Gemma-3,base,10,5,CVQ,semantic,CVQ,5,wrong,shuffled,0.1,31,0.911765,0.022751029458346533,0.006517263224580299,22.688724791468694,0.10643641592803602,2,False,1231,0.02,raw,lora_intervention/experiments/linear_probing/results_probe50/gemma-3-4b-it_10k_5u/probe_fits_wrong_topup.json,superseded shard(s) probe_fits_wrong.json:n=244
gemma-3-4b-it,Gemma-3,base,10,5,CVQ,semantic,CVQ,5,wrong,shuffled,0.1,32,0.941176,0.025184774575018477,0.0024575018477457494,22.65366777531412,0.10634837165374303,2,False,1231,0.02,raw,lora_intervention/experiments/linear_probing/results_probe50/gemma-3-4b-it_10k_5u/probe_fits_wrong_topup.json,superseded shard(s) probe_fits_wrong.json:n=244
gemma-3-4b-it,Gemma-3,base,10,5,CVQ,semantic,CVQ,5,wrong,shuffled,0.1,33,0.970588,0.0268081511983951,0.0008341252243691255,22.73011825572801,0.10598743079194597,2,False,1231,0.02,raw,lora_intervention/experiments/linear_probing/results_probe50/gemma-3-4b-it_10k_5u/probe_fits_wrong_topup.json,superseded shard(s) probe_fits_wrong.json:n=244
gemma-3-4b-it,Gemma-3,base,10,5,CVQ,semantic,CVQ,5,wrong,shuffled,0.1,34,1.0,0.030062823355506283,0.007335550628233555,22.62056936965474,0.1095866078113647,2,False,1231,0.02,raw,lora_intervention/experiments/linear_probing/results_probe50/gemma-3-4b-it_10k_5u/probe_fits_wrong_topup.json,superseded shard(s) probe_fits_wrong.json:n=244
