theme,model,model_family,is_proprietary,variant,dataset,prompt_format,num_keys,num_updates,condition,query_type,position,accuracy,gap,ci_lower,ci_upper,wilson_hw,n_trials,n_correct,n_offstream,accuracy_onstream,error_types_json,regime,split,provenance_tier,source_file,notes
04_lora,Qwen2.5-3B-Instruct,Qwen2.5,False,base,arbitrary_single,block,2,30,FVQ,ordinal,1,0.9,,0.8308609494456025,0.9691390505543975,0.06913905055439752,80,72,,,,,,raw,lora_intervention/experiments/behavioral_block_lora_results/results.json,block-vs-LoRA behavioural sweep; cell K2N30; condition key base_block
04_lora,Qwen2.5-3B-Instruct,Qwen2.5,False,base,arbitrary_single,block,2,30,CVQ,ordinal,30,0.953125,,0.8914048570345556,1.0,0.06172014296544431,64,61,,,,,,raw,lora_intervention/experiments/behavioral_block_lora_results/results.json,block-vs-LoRA behavioural sweep; cell K2N30; condition key base_block
04_lora,Qwen2.5-3B-Instruct,Qwen2.5,False,base,arbitrary_single,block,5,20,FVQ,ordinal,1,1.0,,0.9485813916897793,1.0,0.05141860831022067,48,48,,,,,,raw,lora_intervention/experiments/behavioral_block_lora_results/results.json,block-vs-LoRA behavioural sweep; cell K5N20; condition key base_block
04_lora,Qwen2.5-3B-Instruct,Qwen2.5,False,base,arbitrary_single,block,5,20,IVQ,ordinal,2,0.9375,,0.8785930169610395,0.9964069830389605,0.058906983038960456,80,75,,,,,,raw,lora_intervention/experiments/behavioral_block_lora_results/results.json,block-vs-LoRA behavioural sweep; cell K5N20; condition key base_block
04_lora,Qwen2.5-3B-Instruct,Qwen2.5,False,base,arbitrary_single,block,5,20,IVQ,ordinal,3,0.9375,,0.8703384944005647,1.0,0.0671615055994353,64,60,,,,,,raw,lora_intervention/experiments/behavioral_block_lora_results/results.json,block-vs-LoRA behavioural sweep; cell K5N20; condition key base_block
04_lora,Qwen2.5-3B-Instruct,Qwen2.5,False,base,arbitrary_single,block,5,20,IVQ,ordinal,4,0.953125,,0.8914048570345556,1.0,0.06172014296544431,64,61,,,,,,raw,lora_intervention/experiments/behavioral_block_lora_results/results.json,block-vs-LoRA behavioural sweep; cell K5N20; condition key base_block
04_lora,Qwen2.5-3B-Instruct,Qwen2.5,False,base,arbitrary_single,block,5,20,IVQ,ordinal,5,0.953125,,0.8914048570345556,1.0,0.06172014296544431,64,61,,,,,,raw,lora_intervention/experiments/behavioral_block_lora_results/results.json,block-vs-LoRA behavioural sweep; cell K5N20; condition key base_block
04_lora,Qwen2.5-3B-Instruct,Qwen2.5,False,base,arbitrary_single,block,5,20,IVQ,ordinal,6,0.96875,,0.9132209307514648,1.0,0.05552906924853514,64,62,,,,,,raw,lora_intervention/experiments/behavioral_block_lora_results/results.json,block-vs-LoRA behavioural sweep; cell K5N20; condition key base_block
04_lora,Qwen2.5-3B-Instruct,Qwen2.5,False,base,arbitrary_single,block,5,20,IVQ,ordinal,7,0.9125,,0.846496063261101,0.9785039367388989,0.06600393673889889,80,73,,,,,,raw,lora_intervention/experiments/behavioral_block_lora_results/results.json,block-vs-LoRA behavioural sweep; cell K5N20; condition key base_block
04_lora,Qwen2.5-3B-Instruct,Qwen2.5,False,base,arbitrary_single,block,5,20,IVQ,ordinal,8,0.9375,,0.8785930169610395,0.9964069830389605,0.058906983038960456,80,75,,,,,,raw,lora_intervention/experiments/behavioral_block_lora_results/results.json,block-vs-LoRA behavioural sweep; cell K5N20; condition key base_block
04_lora,Qwen2.5-3B-Instruct,Qwen2.5,False,base,arbitrary_single,block,5,20,IVQ,ordinal,9,0.9791666666666666,,0.9163989744333195,1.0,0.06276769223334708,48,47,,,,,,raw,lora_intervention/experiments/behavioral_block_lora_results/results.json,block-vs-LoRA behavioural sweep; cell K5N20; condition key base_block
04_lora,Qwen2.5-3B-Instruct,Qwen2.5,False,base,arbitrary_single,block,5,20,IVQ,ordinal,10,0.8645833333333334,,0.7946487702282099,0.9345178964384568,0.06993456310512348,96,83,,,,,,raw,lora_intervention/experiments/behavioral_block_lora_results/results.json,block-vs-LoRA behavioural sweep; cell K5N20; condition key base_block
04_lora,Qwen2.5-3B-Instruct,Qwen2.5,False,base,arbitrary_single,block,5,20,IVQ,ordinal,11,0.9791666666666666,,0.9163989744333195,1.0,0.06276769223334708,48,47,,,,,,raw,lora_intervention/experiments/behavioral_block_lora_results/results.json,block-vs-LoRA behavioural sweep; cell K5N20; condition key base_block
04_lora,Qwen2.5-3B-Instruct,Qwen2.5,False,base,arbitrary_single,block,5,20,IVQ,ordinal,12,0.8645833333333334,,0.7946487702282099,0.9345178964384568,0.06993456310512348,96,83,,,,,,raw,lora_intervention/experiments/behavioral_block_lora_results/results.json,block-vs-LoRA behavioural sweep; cell K5N20; condition key base_block
04_lora,Qwen2.5-3B-Instruct,Qwen2.5,False,base,arbitrary_single,block,5,20,IVQ,ordinal,13,0.8958333333333334,,0.8322289143768012,0.9594377522898655,0.06360441895653211,96,86,,,,,,raw,lora_intervention/experiments/behavioral_block_lora_results/results.json,block-vs-LoRA behavioural sweep; cell K5N20; condition key base_block
04_lora,Qwen2.5-3B-Instruct,Qwen2.5,False,base,arbitrary_single,block,5,20,IVQ,ordinal,14,0.9,,0.8308609494456025,0.9691390505543975,0.06913905055439752,80,72,,,,,,raw,lora_intervention/experiments/behavioral_block_lora_results/results.json,block-vs-LoRA behavioural sweep; cell K5N20; condition key base_block
04_lora,Qwen2.5-3B-Instruct,Qwen2.5,False,base,arbitrary_single,block,5,20,IVQ,ordinal,15,0.875,,0.8070530407258207,0.9429469592741793,0.06794695927417928,96,84,,,,,,raw,lora_intervention/experiments/behavioral_block_lora_results/results.json,block-vs-LoRA behavioural sweep; cell K5N20; condition key base_block
04_lora,Qwen2.5-3B-Instruct,Qwen2.5,False,base,arbitrary_single,block,5,20,IVQ,ordinal,16,0.8645833333333334,,0.7946487702282099,0.9345178964384568,0.06993456310512348,96,83,,,,,,raw,lora_intervention/experiments/behavioral_block_lora_results/results.json,block-vs-LoRA behavioural sweep; cell K5N20; condition key base_block
04_lora,Qwen2.5-3B-Instruct,Qwen2.5,False,base,arbitrary_single,block,5,20,IVQ,ordinal,17,0.9,,0.8308609494456025,0.9691390505543975,0.06913905055439752,80,72,,,,,,raw,lora_intervention/experiments/behavioral_block_lora_results/results.json,block-vs-LoRA behavioural sweep; cell K5N20; condition key base_block
04_lora,Qwen2.5-3B-Instruct,Qwen2.5,False,base,arbitrary_single,block,5,20,IVQ,ordinal,18,0.9791666666666666,,0.9163989744333195,1.0,0.06276769223334708,48,47,,,,,,raw,lora_intervention/experiments/behavioral_block_lora_results/results.json,block-vs-LoRA behavioural sweep; cell K5N20; condition key base_block
04_lora,Qwen2.5-3B-Instruct,Qwen2.5,False,base,arbitrary_single,block,5,20,IVQ,ordinal,19,0.9791666666666666,,0.9163989744333195,1.0,0.06276769223334708,48,47,,,,,,raw,lora_intervention/experiments/behavioral_block_lora_results/results.json,block-vs-LoRA behavioural sweep; cell K5N20; condition key base_block
04_lora,Qwen2.5-3B-Instruct,Qwen2.5,False,base,arbitrary_single,block,5,20,CVQ,ordinal,20,0.953125,,0.8914048570345556,1.0,0.06172014296544431,64,61,,,,,,raw,lora_intervention/experiments/behavioral_block_lora_results/results.json,block-vs-LoRA behavioural sweep; cell K5N20; condition key base_block
04_lora,Qwen2.5-3B-Instruct,Qwen2.5,False,base,arbitrary_single,block,5,50,FVQ,ordinal,1,0.96875,,0.9132209307514648,1.0,0.05552906924853514,64,62,,,,,,raw,lora_intervention/experiments/behavioral_block_lora_results/results.json,block-vs-LoRA behavioural sweep; cell K5N50; condition key base_block
04_lora,Qwen2.5-3B-Instruct,Qwen2.5,False,base,arbitrary_single,block,5,50,IVQ,ordinal,2,0.625,,0.5571076440563436,0.6928923559436564,0.06789235594365636,192,120,,,,,,raw,lora_intervention/experiments/behavioral_block_lora_results/results.json,block-vs-LoRA behavioural sweep; cell K5N50; condition key base_block
04_lora,Qwen2.5-3B-Instruct,Qwen2.5,False,base,arbitrary_single,block,5,50,IVQ,ordinal,4,0.8645833333333334,,0.7946487702282099,0.9345178964384568,0.06993456310512348,96,83,,,,,,raw,lora_intervention/experiments/behavioral_block_lora_results/results.json,block-vs-LoRA behavioural sweep; cell K5N50; condition key base_block
04_lora,Qwen2.5-3B-Instruct,Qwen2.5,False,base,arbitrary_single,block,5,50,IVQ,ordinal,6,0.8854166666666666,,0.8195758312681732,0.95125750206516,0.06584083539849336,96,85,,,,,,raw,lora_intervention/experiments/behavioral_block_lora_results/results.json,block-vs-LoRA behavioural sweep; cell K5N50; condition key base_block
04_lora,Qwen2.5-3B-Instruct,Qwen2.5,False,base,arbitrary_single,block,5,50,IVQ,ordinal,8,0.9375,,0.8703384944005647,1.0,0.0671615055994353,64,60,,,,,,raw,lora_intervention/experiments/behavioral_block_lora_results/results.json,block-vs-LoRA behavioural sweep; cell K5N50; condition key base_block
04_lora,Qwen2.5-3B-Instruct,Qwen2.5,False,base,arbitrary_single,block,5,50,IVQ,ordinal,10,0.7986111111111112,,0.7330521081147151,0.8641701141075072,0.06555900299639601,144,115,,,,,,raw,lora_intervention/experiments/behavioral_block_lora_results/results.json,block-vs-LoRA behavioural sweep; cell K5N50; condition key base_block
04_lora,Qwen2.5-3B-Instruct,Qwen2.5,False,base,arbitrary_single,block,5,50,IVQ,ordinal,12,0.7708333333333334,,0.70236493703996,0.8393017296267068,0.06846839629337345,144,111,,,,,,raw,lora_intervention/experiments/behavioral_block_lora_results/results.json,block-vs-LoRA behavioural sweep; cell K5N50; condition key base_block
04_lora,Qwen2.5-3B-Instruct,Qwen2.5,False,base,arbitrary_single,block,5,50,IVQ,ordinal,14,0.828125,,0.762341374928522,0.893908625071478,0.06578362507147795,128,106,,,,,,raw,lora_intervention/experiments/behavioral_block_lora_results/results.json,block-vs-LoRA behavioural sweep; cell K5N50; condition key base_block
04_lora,Qwen2.5-3B-Instruct,Qwen2.5,False,base,arbitrary_single,block,5,50,IVQ,ordinal,16,0.7569444444444444,,0.6871689153537328,0.826719973535156,0.06977552909071161,144,109,,,,,,raw,lora_intervention/experiments/behavioral_block_lora_results/results.json,block-vs-LoRA behavioural sweep; cell K5N50; condition key base_block
04_lora,Qwen2.5-3B-Instruct,Qwen2.5,False,base,arbitrary_single,block,5,50,IVQ,ordinal,18,0.7847222222222222,,0.7176572728896237,0.8517871715548208,0.06706494933259853,144,113,,,,,,raw,lora_intervention/experiments/behavioral_block_lora_results/results.json,block-vs-LoRA behavioural sweep; cell K5N50; condition key base_block
04_lora,Qwen2.5-3B-Instruct,Qwen2.5,False,base,arbitrary_single,block,5,50,IVQ,ordinal,20,0.7375,,0.6696730668944486,0.8053269331055515,0.06782693310555145,160,118,,,,,,raw,lora_intervention/experiments/behavioral_block_lora_results/results.json,block-vs-LoRA behavioural sweep; cell K5N50; condition key base_block
04_lora,Qwen2.5-3B-Instruct,Qwen2.5,False,base,arbitrary_single,block,5,50,IVQ,ordinal,22,0.8645833333333334,,0.7946487702282099,0.9345178964384568,0.06993456310512348,96,83,,,,,,raw,lora_intervention/experiments/behavioral_block_lora_results/results.json,block-vs-LoRA behavioural sweep; cell K5N50; condition key base_block
04_lora,Qwen2.5-3B-Instruct,Qwen2.5,False,base,arbitrary_single,block,5,50,IVQ,ordinal,24,0.8046875,,0.7358774059423626,0.8734975940576374,0.06881009405763741,128,103,,,,,,raw,lora_intervention/experiments/behavioral_block_lora_results/results.json,block-vs-LoRA behavioural sweep; cell K5N50; condition key base_block
04_lora,Qwen2.5-3B-Instruct,Qwen2.5,False,base,arbitrary_single,block,5,50,IVQ,ordinal,26,0.75,,0.6831850752638997,0.8168149247361003,0.06681492473610032,160,120,,,,,,raw,lora_intervention/experiments/behavioral_block_lora_results/results.json,block-vs-LoRA behavioural sweep; cell K5N50; condition key base_block
04_lora,Qwen2.5-3B-Instruct,Qwen2.5,False,base,arbitrary_single,block,5,50,IVQ,ordinal,28,0.925,,0.8623917382068295,0.9876082617931706,0.06260826179317054,80,74,,,,,,raw,lora_intervention/experiments/behavioral_block_lora_results/results.json,block-vs-LoRA behavioural sweep; cell K5N50; condition key base_block
04_lora,Qwen2.5-3B-Instruct,Qwen2.5,False,base,arbitrary_single,block,5,50,IVQ,ordinal,30,0.6875,,0.6195219000484253,0.7554780999515747,0.06797809995157464,176,121,,,,,,raw,lora_intervention/experiments/behavioral_block_lora_results/results.json,block-vs-LoRA behavioural sweep; cell K5N50; condition key base_block
04_lora,Qwen2.5-3B-Instruct,Qwen2.5,False,base,arbitrary_single,block,5,50,IVQ,ordinal,32,0.8660714285714286,,0.801756246056594,0.9303866110862632,0.0643151825148346,112,97,,,,,,raw,lora_intervention/experiments/behavioral_block_lora_results/results.json,block-vs-LoRA behavioural sweep; cell K5N50; condition key base_block
04_lora,Qwen2.5-3B-Instruct,Qwen2.5,False,base,arbitrary_single,block,5,50,IVQ,ordinal,34,0.8482142857142857,,0.7808953109939074,0.915533260434664,0.0673189747203783,112,95,,,,,,raw,lora_intervention/experiments/behavioral_block_lora_results/results.json,block-vs-LoRA behavioural sweep; cell K5N50; condition key base_block
04_lora,Qwen2.5-3B-Instruct,Qwen2.5,False,base,arbitrary_single,block,5,50,IVQ,ordinal,36,0.875,,0.8070530407258207,0.9429469592741793,0.06794695927417928,96,84,,,,,,raw,lora_intervention/experiments/behavioral_block_lora_results/results.json,block-vs-LoRA behavioural sweep; cell K5N50; condition key base_block
04_lora,Qwen2.5-3B-Instruct,Qwen2.5,False,base,arbitrary_single,block,5,50,IVQ,ordinal,38,0.875,,0.8070530407258207,0.9429469592741793,0.06794695927417928,96,84,,,,,,raw,lora_intervention/experiments/behavioral_block_lora_results/results.json,block-vs-LoRA behavioural sweep; cell K5N50; condition key base_block
04_lora,Qwen2.5-3B-Instruct,Qwen2.5,False,base,arbitrary_single,block,5,50,IVQ,ordinal,40,0.8958333333333334,,0.8322289143768012,0.9594377522898655,0.06360441895653211,96,86,,,,,,raw,lora_intervention/experiments/behavioral_block_lora_results/results.json,block-vs-LoRA behavioural sweep; cell K5N50; condition key base_block
04_lora,Qwen2.5-3B-Instruct,Qwen2.5,False,base,arbitrary_single,block,5,50,IVQ,ordinal,42,0.9125,,0.846496063261101,0.9785039367388989,0.06600393673889889,80,73,,,,,,raw,lora_intervention/experiments/behavioral_block_lora_results/results.json,block-vs-LoRA behavioural sweep; cell K5N50; condition key base_block
04_lora,Qwen2.5-3B-Instruct,Qwen2.5,False,base,arbitrary_single,block,5,50,IVQ,ordinal,44,0.8482142857142857,,0.7808953109939074,0.915533260434664,0.0673189747203783,112,95,,,,,,raw,lora_intervention/experiments/behavioral_block_lora_results/results.json,block-vs-LoRA behavioural sweep; cell K5N50; condition key base_block
04_lora,Qwen2.5-3B-Instruct,Qwen2.5,False,base,arbitrary_single,block,5,50,IVQ,ordinal,46,0.925,,0.8623917382068295,0.9876082617931706,0.06260826179317054,80,74,,,,,,raw,lora_intervention/experiments/behavioral_block_lora_results/results.json,block-vs-LoRA behavioural sweep; cell K5N50; condition key base_block
04_lora,Qwen2.5-3B-Instruct,Qwen2.5,False,base,arbitrary_single,block,5,50,IVQ,ordinal,48,0.9375,,0.8703384944005647,1.0,0.0671615055994353,64,60,,,,,,raw,lora_intervention/experiments/behavioral_block_lora_results/results.json,block-vs-LoRA behavioural sweep; cell K5N50; condition key base_block
04_lora,Qwen2.5-3B-Instruct,Qwen2.5,False,base,arbitrary_single,block,5,50,CVQ,ordinal,50,0.96875,,0.9132209307514648,1.0,0.05552906924853514,64,62,,,,,,raw,lora_intervention/experiments/behavioral_block_lora_results/results.json,block-vs-LoRA behavioural sweep; cell K5N50; condition key base_block
04_lora,Qwen2.5-3B-Instruct,Qwen2.5,False,base,arbitrary_single,block,5,75,FVQ,ordinal,1,0.9,,0.8308609494456025,0.9691390505543975,0.06913905055439752,80,72,,,,,,raw,lora_intervention/experiments/behavioral_block_lora_results/results.json,block-vs-LoRA behavioural sweep; cell K5N75; condition key base_block
04_lora,Qwen2.5-3B-Instruct,Qwen2.5,False,base,arbitrary_single,block,5,75,IVQ,ordinal,2,0.3409090909090909,,0.27146515580190245,0.4103530260162793,0.06944393510718845,176,60,,,,,,raw,lora_intervention/experiments/behavioral_block_lora_results/results.json,block-vs-LoRA behavioural sweep; cell K5N75; condition key base_block
04_lora,Qwen2.5-3B-Instruct,Qwen2.5,False,base,arbitrary_single,block,5,75,IVQ,ordinal,4,0.10416666666666667,,0.040562247710134586,0.16777108562319876,0.06360441895653209,96,10,,,,,,raw,lora_intervention/experiments/behavioral_block_lora_results/results.json,block-vs-LoRA behavioural sweep; cell K5N75; condition key base_block
04_lora,Qwen2.5-3B-Instruct,Qwen2.5,False,base,arbitrary_single,block,5,75,IVQ,ordinal,6,0.0,,0.0,0.051418608310220645,0.051418608310220645,48,0,,,,,,raw,lora_intervention/experiments/behavioral_block_lora_results/results.json,block-vs-LoRA behavioural sweep; cell K5N75; condition key base_block
04_lora,Qwen2.5-3B-Instruct,Qwen2.5,False,base,arbitrary_single,block,5,75,IVQ,ordinal,8,0.8571428571428571,,0.7912898785465438,0.9229958357391704,0.06585297859631331,112,96,,,,,,raw,lora_intervention/experiments/behavioral_block_lora_results/results.json,block-vs-LoRA behavioural sweep; cell K5N75; condition key base_block
04_lora,Qwen2.5-3B-Instruct,Qwen2.5,False,base,arbitrary_single,block,5,75,IVQ,ordinal,10,0.6704545454545454,,0.6015644328196113,0.7393446580894796,0.06889011263493411,176,118,,,,,,raw,lora_intervention/experiments/behavioral_block_lora_results/results.json,block-vs-LoRA behavioural sweep; cell K5N75; condition key base_block
04_lora,Qwen2.5-3B-Instruct,Qwen2.5,False,base,arbitrary_single,block,5,75,IVQ,ordinal,12,0.7916666666666666,,0.7253414528481628,0.8579918804851705,0.06632521381850383,144,114,,,,,,raw,lora_intervention/experiments/behavioral_block_lora_results/results.json,block-vs-LoRA behavioural sweep; cell K5N75; condition key base_block
04_lora,Qwen2.5-3B-Instruct,Qwen2.5,False,base,arbitrary_single,block,5,75,IVQ,ordinal,14,0.625,,0.5571076440563436,0.6928923559436564,0.06789235594365636,192,120,,,,,,raw,lora_intervention/experiments/behavioral_block_lora_results/results.json,block-vs-LoRA behavioural sweep; cell K5N75; condition key base_block
04_lora,Qwen2.5-3B-Instruct,Qwen2.5,False,base,arbitrary_single,block,5,75,IVQ,ordinal,16,0.6761363636363636,,0.6075392790858896,0.7447334481868377,0.06859708455047403,176,119,,,,,,raw,lora_intervention/experiments/behavioral_block_lora_results/results.json,block-vs-LoRA behavioural sweep; cell K5N75; condition key base_block
04_lora,Qwen2.5-3B-Instruct,Qwen2.5,False,base,arbitrary_single,block,5,75,IVQ,ordinal,18,0.8203125,,0.7534797296727171,0.8871452703272829,0.06683277032728288,128,105,,,,,,raw,lora_intervention/experiments/behavioral_block_lora_results/results.json,block-vs-LoRA behavioural sweep; cell K5N75; condition key base_block
04_lora,Qwen2.5-3B-Instruct,Qwen2.5,False,base,arbitrary_single,block,5,75,IVQ,ordinal,20,0.75625,,0.6899666350837709,0.8225333649162291,0.06628336491622912,160,121,,,,,,raw,lora_intervention/experiments/behavioral_block_lora_results/results.json,block-vs-LoRA behavioural sweep; cell K5N75; condition key base_block
04_lora,Qwen2.5-3B-Instruct,Qwen2.5,False,base,arbitrary_single,block,5,75,IVQ,ordinal,22,0.875,,0.8122996962277462,0.9377003037722538,0.06270030377225375,112,98,,,,,,raw,lora_intervention/experiments/behavioral_block_lora_results/results.json,block-vs-LoRA behavioural sweep; cell K5N75; condition key base_block
04_lora,Qwen2.5-3B-Instruct,Qwen2.5,False,base,arbitrary_single,block,5,75,IVQ,ordinal,24,0.6590909090909091,,0.5896469739837206,0.7285348441980976,0.06944393510718846,176,116,,,,,,raw,lora_intervention/experiments/behavioral_block_lora_results/results.json,block-vs-LoRA behavioural sweep; cell K5N75; condition key base_block
04_lora,Qwen2.5-3B-Instruct,Qwen2.5,False,base,arbitrary_single,block,5,75,IVQ,ordinal,26,0.59375,,0.5249150114491973,0.6625849885508027,0.06883498855080271,192,114,,,,,,raw,lora_intervention/experiments/behavioral_block_lora_results/results.json,block-vs-LoRA behavioural sweep; cell K5N75; condition key base_block
04_lora,Qwen2.5-3B-Instruct,Qwen2.5,False,base,arbitrary_single,block,5,75,IVQ,ordinal,28,0.74375,,0.67642068272944,0.81107931727056,0.06732931727056006,160,119,,,,,,raw,lora_intervention/experiments/behavioral_block_lora_results/results.json,block-vs-LoRA behavioural sweep; cell K5N75; condition key base_block
04_lora,Qwen2.5-3B-Instruct,Qwen2.5,False,base,arbitrary_single,block,5,75,IVQ,ordinal,30,0.6988636363636364,,0.6315494438315986,0.7661778288956741,0.06731419253203774,176,123,,,,,,raw,lora_intervention/experiments/behavioral_block_lora_results/results.json,block-vs-LoRA behavioural sweep; cell K5N75; condition key base_block
04_lora,Qwen2.5-3B-Instruct,Qwen2.5,False,base,arbitrary_single,block,5,75,IVQ,ordinal,32,0.74375,,0.67642068272944,0.81107931727056,0.06732931727056006,160,119,,,,,,raw,lora_intervention/experiments/behavioral_block_lora_results/results.json,block-vs-LoRA behavioural sweep; cell K5N75; condition key base_block
04_lora,Qwen2.5-3B-Instruct,Qwen2.5,False,base,arbitrary_single,block,5,75,IVQ,ordinal,34,0.6988636363636364,,0.6315494438315986,0.7661778288956741,0.06731419253203774,176,123,,,,,,raw,lora_intervention/experiments/behavioral_block_lora_results/results.json,block-vs-LoRA behavioural sweep; cell K5N75; condition key base_block
04_lora,Qwen2.5-3B-Instruct,Qwen2.5,False,base,arbitrary_single,block,5,75,IVQ,ordinal,36,0.725,,0.6562267209117956,0.7937732790882044,0.06877327908820446,160,116,,,,,,raw,lora_intervention/experiments/behavioral_block_lora_results/results.json,block-vs-LoRA behavioural sweep; cell K5N75; condition key base_block
04_lora,Qwen2.5-3B-Instruct,Qwen2.5,False,base,arbitrary_single,block,5,75,IVQ,ordinal,38,0.828125,,0.762341374928522,0.893908625071478,0.06578362507147795,128,106,,,,,,raw,lora_intervention/experiments/behavioral_block_lora_results/results.json,block-vs-LoRA behavioural sweep; cell K5N75; condition key base_block
04_lora,Qwen2.5-3B-Instruct,Qwen2.5,False,base,arbitrary_single,block,5,75,IVQ,ordinal,40,0.7847222222222222,,0.7176572728896237,0.8517871715548208,0.06706494933259853,144,113,,,,,,raw,lora_intervention/experiments/behavioral_block_lora_results/results.json,block-vs-LoRA behavioural sweep; cell K5N75; condition key base_block
04_lora,Qwen2.5-3B-Instruct,Qwen2.5,False,base,arbitrary_single,block,5,75,IVQ,ordinal,42,0.71875,,0.6495273224427286,0.7879726775572714,0.06922267755727136,160,115,,,,,,raw,lora_intervention/experiments/behavioral_block_lora_results/results.json,block-vs-LoRA behavioural sweep; cell K5N75; condition key base_block
04_lora,Qwen2.5-3B-Instruct,Qwen2.5,False,base,arbitrary_single,block,5,75,IVQ,ordinal,44,0.7708333333333334,,0.70236493703996,0.8393017296267068,0.06846839629337345,144,111,,,,,,raw,lora_intervention/experiments/behavioral_block_lora_results/results.json,block-vs-LoRA behavioural sweep; cell K5N75; condition key base_block
04_lora,Qwen2.5-3B-Instruct,Qwen2.5,False,base,arbitrary_single,block,5,75,IVQ,ordinal,46,0.7986111111111112,,0.7330521081147151,0.8641701141075072,0.06555900299639601,144,115,,,,,,raw,lora_intervention/experiments/behavioral_block_lora_results/results.json,block-vs-LoRA behavioural sweep; cell K5N75; condition key base_block
04_lora,Qwen2.5-3B-Instruct,Qwen2.5,False,base,arbitrary_single,block,5,75,IVQ,ordinal,48,0.7777777777777778,,0.7099987013852602,0.8455568541702954,0.06777907639251761,144,112,,,,,,raw,lora_intervention/experiments/behavioral_block_lora_results/results.json,block-vs-LoRA behavioural sweep; cell K5N75; condition key base_block
04_lora,Qwen2.5-3B-Instruct,Qwen2.5,False,base,arbitrary_single,block,5,75,IVQ,ordinal,50,0.6354166666666666,,0.5679020187097147,0.7029313146236186,0.06751464795695197,192,122,,,,,,raw,lora_intervention/experiments/behavioral_block_lora_results/results.json,block-vs-LoRA behavioural sweep; cell K5N75; condition key base_block
04_lora,Qwen2.5-3B-Instruct,Qwen2.5,False,base,arbitrary_single,block,5,75,IVQ,ordinal,52,0.7569444444444444,,0.6871689153537328,0.826719973535156,0.06977552909071161,144,109,,,,,,raw,lora_intervention/experiments/behavioral_block_lora_results/results.json,block-vs-LoRA behavioural sweep; cell K5N75; condition key base_block
04_lora,Qwen2.5-3B-Instruct,Qwen2.5,False,base,arbitrary_single,block,5,75,IVQ,ordinal,54,0.7638888888888888,,0.6947552378058229,0.8330225399719547,0.06913365108306593,144,110,,,,,,raw,lora_intervention/experiments/behavioral_block_lora_results/results.json,block-vs-LoRA behavioural sweep; cell K5N75; condition key base_block
04_lora,Qwen2.5-3B-Instruct,Qwen2.5,False,base,arbitrary_single,block,5,75,IVQ,ordinal,56,0.7569444444444444,,0.6871689153537328,0.826719973535156,0.06977552909071161,144,109,,,,,,raw,lora_intervention/experiments/behavioral_block_lora_results/results.json,block-vs-LoRA behavioural sweep; cell K5N75; condition key base_block
04_lora,Qwen2.5-3B-Instruct,Qwen2.5,False,base,arbitrary_single,block,5,75,IVQ,ordinal,58,0.9791666666666666,,0.9163989744333195,1.0,0.06276769223334708,48,47,,,,,,raw,lora_intervention/experiments/behavioral_block_lora_results/results.json,block-vs-LoRA behavioural sweep; cell K5N75; condition key base_block
04_lora,Qwen2.5-3B-Instruct,Qwen2.5,False,base,arbitrary_single,block,5,75,IVQ,ordinal,60,0.9125,,0.846496063261101,0.9785039367388989,0.06600393673889889,80,73,,,,,,raw,lora_intervention/experiments/behavioral_block_lora_results/results.json,block-vs-LoRA behavioural sweep; cell K5N75; condition key base_block
04_lora,Qwen2.5-3B-Instruct,Qwen2.5,False,base,arbitrary_single,block,5,75,IVQ,ordinal,62,0.8660714285714286,,0.801756246056594,0.9303866110862632,0.0643151825148346,112,97,,,,,,raw,lora_intervention/experiments/behavioral_block_lora_results/results.json,block-vs-LoRA behavioural sweep; cell K5N75; condition key base_block
04_lora,Qwen2.5-3B-Instruct,Qwen2.5,False,base,arbitrary_single,block,5,75,IVQ,ordinal,64,0.8482142857142857,,0.7808953109939074,0.915533260434664,0.0673189747203783,112,95,,,,,,raw,lora_intervention/experiments/behavioral_block_lora_results/results.json,block-vs-LoRA behavioural sweep; cell K5N75; condition key base_block
04_lora,Qwen2.5-3B-Instruct,Qwen2.5,False,base,arbitrary_single,block,5,75,IVQ,ordinal,66,0.9125,,0.846496063261101,0.9785039367388989,0.06600393673889889,80,73,,,,,,raw,lora_intervention/experiments/behavioral_block_lora_results/results.json,block-vs-LoRA behavioural sweep; cell K5N75; condition key base_block
04_lora,Qwen2.5-3B-Instruct,Qwen2.5,False,base,arbitrary_single,block,5,75,IVQ,ordinal,68,0.9,,0.8308609494456025,0.9691390505543975,0.06913905055439752,80,72,,,,,,raw,lora_intervention/experiments/behavioral_block_lora_results/results.json,block-vs-LoRA behavioural sweep; cell K5N75; condition key base_block
04_lora,Qwen2.5-3B-Instruct,Qwen2.5,False,base,arbitrary_single,block,5,75,IVQ,ordinal,70,0.84375,,0.780195615935263,0.907304384064737,0.06355438406473707,128,108,,,,,,raw,lora_intervention/experiments/behavioral_block_lora_results/results.json,block-vs-LoRA behavioural sweep; cell K5N75; condition key base_block
04_lora,Qwen2.5-3B-Instruct,Qwen2.5,False,base,arbitrary_single,block,5,75,IVQ,ordinal,72,0.9125,,0.846496063261101,0.9785039367388989,0.06600393673889889,80,73,,,,,,raw,lora_intervention/experiments/behavioral_block_lora_results/results.json,block-vs-LoRA behavioural sweep; cell K5N75; condition key base_block
04_lora,Qwen2.5-3B-Instruct,Qwen2.5,False,base,arbitrary_single,block,5,75,IVQ,ordinal,74,0.9791666666666666,,0.9163989744333195,1.0,0.06276769223334708,48,47,,,,,,raw,lora_intervention/experiments/behavioral_block_lora_results/results.json,block-vs-LoRA behavioural sweep; cell K5N75; condition key base_block
04_lora,Qwen2.5-3B-Instruct,Qwen2.5,False,base,arbitrary_single,block,5,75,CVQ,ordinal,75,0.9375,,0.8785930169610395,0.9964069830389605,0.058906983038960456,80,75,,,,,,raw,lora_intervention/experiments/behavioral_block_lora_results/results.json,block-vs-LoRA behavioural sweep; cell K5N75; condition key base_block
04_lora,Qwen2.5-3B-Instruct,Qwen2.5,False,base,arbitrary_single,block,10,25,FVQ,ordinal,1,0.9125,,0.846496063261101,0.9785039367388989,0.06600393673889889,80,73,,,,,,raw,lora_intervention/experiments/behavioral_block_lora_results/results.json,block-vs-LoRA behavioural sweep; cell K10N25; condition key base_block
04_lora,Qwen2.5-3B-Instruct,Qwen2.5,False,base,arbitrary_single,block,10,25,IVQ,ordinal,2,0.9375,,0.8703384944005647,1.0,0.0671615055994353,64,60,,,,,,raw,lora_intervention/experiments/behavioral_block_lora_results/results.json,block-vs-LoRA behavioural sweep; cell K10N25; condition key base_block
04_lora,Qwen2.5-3B-Instruct,Qwen2.5,False,base,arbitrary_single,block,10,25,IVQ,ordinal,3,0.9,,0.8308609494456025,0.9691390505543975,0.06913905055439752,80,72,,,,,,raw,lora_intervention/experiments/behavioral_block_lora_results/results.json,block-vs-LoRA behavioural sweep; cell K10N25; condition key base_block
04_lora,Qwen2.5-3B-Instruct,Qwen2.5,False,base,arbitrary_single,block,10,25,IVQ,ordinal,4,0.9125,,0.846496063261101,0.9785039367388989,0.06600393673889889,80,73,,,,,,raw,lora_intervention/experiments/behavioral_block_lora_results/results.json,block-vs-LoRA behavioural sweep; cell K10N25; condition key base_block
04_lora,Qwen2.5-3B-Instruct,Qwen2.5,False,base,arbitrary_single,block,10,25,IVQ,ordinal,5,0.90625,,0.845026566666948,0.967473433333052,0.061223433333052,96,87,,,,,,raw,lora_intervention/experiments/behavioral_block_lora_results/results.json,block-vs-LoRA behavioural sweep; cell K10N25; condition key base_block
04_lora,Qwen2.5-3B-Instruct,Qwen2.5,False,base,arbitrary_single,block,10,25,IVQ,ordinal,6,0.953125,,0.8914048570345556,1.0,0.06172014296544431,64,61,,,,,,raw,lora_intervention/experiments/behavioral_block_lora_results/results.json,block-vs-LoRA behavioural sweep; cell K10N25; condition key base_block
04_lora,Qwen2.5-3B-Instruct,Qwen2.5,False,base,arbitrary_single,block,10,25,IVQ,ordinal,7,0.953125,,0.8914048570345556,1.0,0.06172014296544431,64,61,,,,,,raw,lora_intervention/experiments/behavioral_block_lora_results/results.json,block-vs-LoRA behavioural sweep; cell K10N25; condition key base_block
04_lora,Qwen2.5-3B-Instruct,Qwen2.5,False,base,arbitrary_single,block,10,25,IVQ,ordinal,8,0.875,,0.8070530407258207,0.9429469592741793,0.06794695927417928,96,84,,,,,,raw,lora_intervention/experiments/behavioral_block_lora_results/results.json,block-vs-LoRA behavioural sweep; cell K10N25; condition key base_block
04_lora,Qwen2.5-3B-Instruct,Qwen2.5,False,base,arbitrary_single,block,10,25,IVQ,ordinal,9,0.953125,,0.8914048570345556,1.0,0.06172014296544431,64,61,,,,,,raw,lora_intervention/experiments/behavioral_block_lora_results/results.json,block-vs-LoRA behavioural sweep; cell K10N25; condition key base_block
04_lora,Qwen2.5-3B-Instruct,Qwen2.5,False,base,arbitrary_single,block,10,25,IVQ,ordinal,10,0.7986111111111112,,0.7330521081147151,0.8641701141075072,0.06555900299639601,144,115,,,,,,raw,lora_intervention/experiments/behavioral_block_lora_results/results.json,block-vs-LoRA behavioural sweep; cell K10N25; condition key base_block
04_lora,Qwen2.5-3B-Instruct,Qwen2.5,False,base,arbitrary_single,block,10,25,IVQ,ordinal,11,0.7847222222222222,,0.7176572728896237,0.8517871715548208,0.06706494933259853,144,113,,,,,,raw,lora_intervention/experiments/behavioral_block_lora_results/results.json,block-vs-LoRA behavioural sweep; cell K10N25; condition key base_block
04_lora,Qwen2.5-3B-Instruct,Qwen2.5,False,base,arbitrary_single,block,10,25,IVQ,ordinal,12,0.6931818181818182,,0.6255299760246628,0.7608336603389737,0.06765184215715551,176,122,,,,,,raw,lora_intervention/experiments/behavioral_block_lora_results/results.json,block-vs-LoRA behavioural sweep; cell K10N25; condition key base_block
04_lora,Qwen2.5-3B-Instruct,Qwen2.5,False,base,arbitrary_single,block,10,25,IVQ,ordinal,13,0.96875,,0.9132209307514648,1.0,0.05552906924853514,64,62,,,,,,raw,lora_intervention/experiments/behavioral_block_lora_results/results.json,block-vs-LoRA behavioural sweep; cell K10N25; condition key base_block
04_lora,Qwen2.5-3B-Instruct,Qwen2.5,False,base,arbitrary_single,block,10,25,IVQ,ordinal,14,0.7569444444444444,,0.6871689153537328,0.826719973535156,0.06977552909071161,144,109,,,,,,raw,lora_intervention/experiments/behavioral_block_lora_results/results.json,block-vs-LoRA behavioural sweep; cell K10N25; condition key base_block
04_lora,Qwen2.5-3B-Instruct,Qwen2.5,False,base,arbitrary_single,block,10,25,IVQ,ordinal,15,0.6988636363636364,,0.6315494438315986,0.7661778288956741,0.06731419253203774,176,123,,,,,,raw,lora_intervention/experiments/behavioral_block_lora_results/results.json,block-vs-LoRA behavioural sweep; cell K10N25; condition key base_block
04_lora,Qwen2.5-3B-Instruct,Qwen2.5,False,base,arbitrary_single,block,10,25,IVQ,ordinal,16,0.74375,,0.67642068272944,0.81107931727056,0.06732931727056006,160,119,,,,,,raw,lora_intervention/experiments/behavioral_block_lora_results/results.json,block-vs-LoRA behavioural sweep; cell K10N25; condition key base_block
04_lora,Qwen2.5-3B-Instruct,Qwen2.5,False,base,arbitrary_single,block,10,25,IVQ,ordinal,17,0.8046875,,0.7358774059423626,0.8734975940576374,0.06881009405763741,128,103,,,,,,raw,lora_intervention/experiments/behavioral_block_lora_results/results.json,block-vs-LoRA behavioural sweep; cell K10N25; condition key base_block
04_lora,Qwen2.5-3B-Instruct,Qwen2.5,False,base,arbitrary_single,block,10,25,IVQ,ordinal,18,0.6761363636363636,,0.6075392790858896,0.7447334481868377,0.06859708455047403,176,119,,,,,,raw,lora_intervention/experiments/behavioral_block_lora_results/results.json,block-vs-LoRA behavioural sweep; cell K10N25; condition key base_block
04_lora,Qwen2.5-3B-Instruct,Qwen2.5,False,base,arbitrary_single,block,10,25,IVQ,ordinal,19,0.7708333333333334,,0.70236493703996,0.8393017296267068,0.06846839629337345,144,111,,,,,,raw,lora_intervention/experiments/behavioral_block_lora_results/results.json,block-vs-LoRA behavioural sweep; cell K10N25; condition key base_block
04_lora,Qwen2.5-3B-Instruct,Qwen2.5,False,base,arbitrary_single,block,10,25,IVQ,ordinal,20,0.7916666666666666,,0.7253414528481628,0.8579918804851705,0.06632521381850383,144,114,,,,,,raw,lora_intervention/experiments/behavioral_block_lora_results/results.json,block-vs-LoRA behavioural sweep; cell K10N25; condition key base_block
04_lora,Qwen2.5-3B-Instruct,Qwen2.5,False,base,arbitrary_single,block,10,25,IVQ,ordinal,21,0.796875,,0.7271332977211775,0.8666167022788225,0.06974170227882245,128,102,,,,,,raw,lora_intervention/experiments/behavioral_block_lora_results/results.json,block-vs-LoRA behavioural sweep; cell K10N25; condition key base_block
04_lora,Qwen2.5-3B-Instruct,Qwen2.5,False,base,arbitrary_single,block,10,25,IVQ,ordinal,22,0.953125,,0.8914048570345556,1.0,0.06172014296544431,64,61,,,,,,raw,lora_intervention/experiments/behavioral_block_lora_results/results.json,block-vs-LoRA behavioural sweep; cell K10N25; condition key base_block
04_lora,Qwen2.5-3B-Instruct,Qwen2.5,False,base,arbitrary_single,block,10,25,IVQ,ordinal,23,0.8854166666666666,,0.8195758312681732,0.95125750206516,0.06584083539849336,96,85,,,,,,raw,lora_intervention/experiments/behavioral_block_lora_results/results.json,block-vs-LoRA behavioural sweep; cell K10N25; condition key base_block
04_lora,Qwen2.5-3B-Instruct,Qwen2.5,False,base,arbitrary_single,block,10,25,IVQ,ordinal,24,0.9375,,0.8703384944005647,1.0,0.0671615055994353,64,60,,,,,,raw,lora_intervention/experiments/behavioral_block_lora_results/results.json,block-vs-LoRA behavioural sweep; cell K10N25; condition key base_block
04_lora,Qwen2.5-3B-Instruct,Qwen2.5,False,base,arbitrary_single,block,10,25,CVQ,ordinal,25,0.8958333333333334,,0.8322289143768012,0.9594377522898655,0.06360441895653211,96,86,,,,,,raw,lora_intervention/experiments/behavioral_block_lora_results/results.json,block-vs-LoRA behavioural sweep; cell K10N25; condition key base_block
04_lora,Qwen2.5-3B-Instruct,Qwen2.5,False,base,arbitrary_single,block,10,50,FVQ,ordinal,1,0.7777777777777778,,0.7099987013852602,0.8455568541702954,0.06777907639251761,144,112,,,,,,raw,lora_intervention/experiments/behavioral_block_lora_results/results.json,block-vs-LoRA behavioural sweep; cell K10N50; condition key base_block
04_lora,Qwen2.5-3B-Instruct,Qwen2.5,False,base,arbitrary_single,block,10,50,IVQ,ordinal,2,0.2013888888888889,,0.1358298858924929,0.2669478918852849,0.06555900299639601,144,29,,,,,,raw,lora_intervention/experiments/behavioral_block_lora_results/results.json,block-vs-LoRA behavioural sweep; cell K10N50; condition key base_block
04_lora,Qwen2.5-3B-Instruct,Qwen2.5,False,base,arbitrary_single,block,10,50,IVQ,ordinal,3,0.0,,0.0,0.051418608310220645,0.051418608310220645,48,0,,,,,,raw,lora_intervention/experiments/behavioral_block_lora_results/results.json,block-vs-LoRA behavioural sweep; cell K10N50; condition key base_block
04_lora,Qwen2.5-3B-Instruct,Qwen2.5,False,base,arbitrary_single,block,10,50,IVQ,ordinal,4,0.3125,,0.2445219000484254,0.3804780999515746,0.06797809995157462,176,55,,,,,,raw,lora_intervention/experiments/behavioral_block_lora_results/results.json,block-vs-LoRA behavioural sweep; cell K10N50; condition key base_block
04_lora,Qwen2.5-3B-Instruct,Qwen2.5,False,base,arbitrary_single,block,10,50,IVQ,ordinal,5,0.375,,0.3071076440563436,0.4428923559436564,0.06789235594365636,192,72,,,,,,raw,lora_intervention/experiments/behavioral_block_lora_results/results.json,block-vs-LoRA behavioural sweep; cell K10N50; condition key base_block
04_lora,Qwen2.5-3B-Instruct,Qwen2.5,False,base,arbitrary_single,block,10,50,IVQ,ordinal,6,0.74375,,0.67642068272944,0.81107931727056,0.06732931727056006,160,119,,,,,,raw,lora_intervention/experiments/behavioral_block_lora_results/results.json,block-vs-LoRA behavioural sweep; cell K10N50; condition key base_block
04_lora,Qwen2.5-3B-Instruct,Qwen2.5,False,base,arbitrary_single,block,10,50,IVQ,ordinal,7,0.7777777777777778,,0.7099987013852602,0.8455568541702954,0.06777907639251761,144,112,,,,,,raw,lora_intervention/experiments/behavioral_block_lora_results/results.json,block-vs-LoRA behavioural sweep; cell K10N50; condition key base_block
04_lora,Qwen2.5-3B-Instruct,Qwen2.5,False,base,arbitrary_single,block,10,50,IVQ,ordinal,8,0.7638888888888888,,0.6947552378058229,0.8330225399719547,0.06913365108306593,144,110,,,,,,raw,lora_intervention/experiments/behavioral_block_lora_results/results.json,block-vs-LoRA behavioural sweep; cell K10N50; condition key base_block
04_lora,Qwen2.5-3B-Instruct,Qwen2.5,False,base,arbitrary_single,block,10,50,IVQ,ordinal,9,0.953125,,0.8914048570345556,1.0,0.06172014296544431,64,61,,,,,,raw,lora_intervention/experiments/behavioral_block_lora_results/results.json,block-vs-LoRA behavioural sweep; cell K10N50; condition key base_block
04_lora,Qwen2.5-3B-Instruct,Qwen2.5,False,base,arbitrary_single,block,10,50,IVQ,ordinal,10,0.546875,,0.477143111208834,0.616606888791166,0.069731888791166,192,105,,,,,,raw,lora_intervention/experiments/behavioral_block_lora_results/results.json,block-vs-LoRA behavioural sweep; cell K10N50; condition key base_block
04_lora,Qwen2.5-3B-Instruct,Qwen2.5,False,base,arbitrary_single,block,10,50,IVQ,ordinal,11,0.7638888888888888,,0.6947552378058229,0.8330225399719547,0.06913365108306593,144,110,,,,,,raw,lora_intervention/experiments/behavioral_block_lora_results/results.json,block-vs-LoRA behavioural sweep; cell K10N50; condition key base_block
04_lora,Qwen2.5-3B-Instruct,Qwen2.5,False,base,arbitrary_single,block,10,50,IVQ,ordinal,12,0.6704545454545454,,0.6015644328196113,0.7393446580894796,0.06889011263493411,176,118,,,,,,raw,lora_intervention/experiments/behavioral_block_lora_results/results.json,block-vs-LoRA behavioural sweep; cell K10N50; condition key base_block
04_lora,Qwen2.5-3B-Instruct,Qwen2.5,False,base,arbitrary_single,block,10,50,IVQ,ordinal,13,0.7916666666666666,,0.7253414528481628,0.8579918804851705,0.06632521381850383,144,114,,,,,,raw,lora_intervention/experiments/behavioral_block_lora_results/results.json,block-vs-LoRA behavioural sweep; cell K10N50; condition key base_block
04_lora,Qwen2.5-3B-Instruct,Qwen2.5,False,base,arbitrary_single,block,10,50,IVQ,ordinal,14,0.73125,,0.662941861109774,0.7995581388902259,0.0683081388902259,160,117,,,,,,raw,lora_intervention/experiments/behavioral_block_lora_results/results.json,block-vs-LoRA behavioural sweep; cell K10N50; condition key base_block
04_lora,Qwen2.5-3B-Instruct,Qwen2.5,False,base,arbitrary_single,block,10,50,IVQ,ordinal,15,0.7569444444444444,,0.6871689153537328,0.826719973535156,0.06977552909071161,144,109,,,,,,raw,lora_intervention/experiments/behavioral_block_lora_results/results.json,block-vs-LoRA behavioural sweep; cell K10N50; condition key base_block
04_lora,Qwen2.5-3B-Instruct,Qwen2.5,False,base,arbitrary_single,block,10,50,IVQ,ordinal,16,0.65625,,0.5895891836124529,0.7229108163875471,0.06666081638754708,192,126,,,,,,raw,lora_intervention/experiments/behavioral_block_lora_results/results.json,block-vs-LoRA behavioural sweep; cell K10N50; condition key base_block
04_lora,Qwen2.5-3B-Instruct,Qwen2.5,False,base,arbitrary_single,block,10,50,IVQ,ordinal,17,0.71875,,0.6495273224427286,0.7879726775572714,0.06922267755727136,160,115,,,,,,raw,lora_intervention/experiments/behavioral_block_lora_results/results.json,block-vs-LoRA behavioural sweep; cell K10N50; condition key base_block
04_lora,Qwen2.5-3B-Instruct,Qwen2.5,False,base,arbitrary_single,block,10,50,IVQ,ordinal,18,0.7125,,0.6428433610227418,0.7821566389772583,0.06965663897725821,160,114,,,,,,raw,lora_intervention/experiments/behavioral_block_lora_results/results.json,block-vs-LoRA behavioural sweep; cell K10N50; condition key base_block
04_lora,Qwen2.5-3B-Instruct,Qwen2.5,False,base,arbitrary_single,block,10,50,IVQ,ordinal,19,0.7125,,0.6428433610227418,0.7821566389772583,0.06965663897725821,160,114,,,,,,raw,lora_intervention/experiments/behavioral_block_lora_results/results.json,block-vs-LoRA behavioural sweep; cell K10N50; condition key base_block
04_lora,Qwen2.5-3B-Instruct,Qwen2.5,False,base,arbitrary_single,block,10,50,IVQ,ordinal,20,0.8854166666666666,,0.8195758312681732,0.95125750206516,0.06584083539849336,96,85,,,,,,raw,lora_intervention/experiments/behavioral_block_lora_results/results.json,block-vs-LoRA behavioural sweep; cell K10N50; condition key base_block
04_lora,Qwen2.5-3B-Instruct,Qwen2.5,False,base,arbitrary_single,block,10,50,IVQ,ordinal,21,0.6818181818181818,,0.6135250526355985,0.750111311000765,0.06829312918258325,176,120,,,,,,raw,lora_intervention/experiments/behavioral_block_lora_results/results.json,block-vs-LoRA behavioural sweep; cell K10N50; condition key base_block
04_lora,Qwen2.5-3B-Instruct,Qwen2.5,False,base,arbitrary_single,block,10,50,IVQ,ordinal,22,0.7847222222222222,,0.7176572728896237,0.8517871715548208,0.06706494933259853,144,113,,,,,,raw,lora_intervention/experiments/behavioral_block_lora_results/results.json,block-vs-LoRA behavioural sweep; cell K10N50; condition key base_block
04_lora,Qwen2.5-3B-Instruct,Qwen2.5,False,base,arbitrary_single,block,10,50,IVQ,ordinal,23,0.73125,,0.662941861109774,0.7995581388902259,0.0683081388902259,160,117,,,,,,raw,lora_intervention/experiments/behavioral_block_lora_results/results.json,block-vs-LoRA behavioural sweep; cell K10N50; condition key base_block
04_lora,Qwen2.5-3B-Instruct,Qwen2.5,False,base,arbitrary_single,block,10,50,IVQ,ordinal,24,0.6534090909090909,,0.5837041053093516,0.7231140765088303,0.06970498559973932,176,115,,,,,,raw,lora_intervention/experiments/behavioral_block_lora_results/results.json,block-vs-LoRA behavioural sweep; cell K10N50; condition key base_block
04_lora,Qwen2.5-3B-Instruct,Qwen2.5,False,base,arbitrary_single,block,10,50,IVQ,ordinal,25,0.5572916666666666,,0.4877066209193801,0.6268767124139532,0.0695850457472865,192,107,,,,,,raw,lora_intervention/experiments/behavioral_block_lora_results/results.json,block-vs-LoRA behavioural sweep; cell K10N50; condition key base_block
04_lora,Qwen2.5-3B-Instruct,Qwen2.5,False,base,arbitrary_single,block,10,50,IVQ,ordinal,26,0.796875,,0.7271332977211775,0.8666167022788225,0.06974170227882245,128,102,,,,,,raw,lora_intervention/experiments/behavioral_block_lora_results/results.json,block-vs-LoRA behavioural sweep; cell K10N50; condition key base_block
04_lora,Qwen2.5-3B-Instruct,Qwen2.5,False,base,arbitrary_single,block,10,50,IVQ,ordinal,27,0.9,,0.8308609494456025,0.9691390505543975,0.06913905055439752,80,72,,,,,,raw,lora_intervention/experiments/behavioral_block_lora_results/results.json,block-vs-LoRA behavioural sweep; cell K10N50; condition key base_block
04_lora,Qwen2.5-3B-Instruct,Qwen2.5,False,base,arbitrary_single,block,10,50,IVQ,ordinal,28,0.8125,,0.7485566842767847,0.8764433157232153,0.06394331572321528,144,117,,,,,,raw,lora_intervention/experiments/behavioral_block_lora_results/results.json,block-vs-LoRA behavioural sweep; cell K10N50; condition key base_block
04_lora,Qwen2.5-3B-Instruct,Qwen2.5,False,base,arbitrary_single,block,10,50,IVQ,ordinal,29,0.6534090909090909,,0.5837041053093516,0.7231140765088303,0.06970498559973932,176,115,,,,,,raw,lora_intervention/experiments/behavioral_block_lora_results/results.json,block-vs-LoRA behavioural sweep; cell K10N50; condition key base_block
04_lora,Qwen2.5-3B-Instruct,Qwen2.5,False,base,arbitrary_single,block,10,50,IVQ,ordinal,30,0.725,,0.6562267209117956,0.7937732790882044,0.06877327908820446,160,116,,,,,,raw,lora_intervention/experiments/behavioral_block_lora_results/results.json,block-vs-LoRA behavioural sweep; cell K10N50; condition key base_block
04_lora,Qwen2.5-3B-Instruct,Qwen2.5,False,base,arbitrary_single,block,10,50,IVQ,ordinal,31,0.8645833333333334,,0.7946487702282099,0.9345178964384568,0.06993456310512348,96,83,,,,,,raw,lora_intervention/experiments/behavioral_block_lora_results/results.json,block-vs-LoRA behavioural sweep; cell K10N50; condition key base_block
04_lora,Qwen2.5-3B-Instruct,Qwen2.5,False,base,arbitrary_single,block,10,50,IVQ,ordinal,32,0.73125,,0.662941861109774,0.7995581388902259,0.0683081388902259,160,117,,,,,,raw,lora_intervention/experiments/behavioral_block_lora_results/results.json,block-vs-LoRA behavioural sweep; cell K10N50; condition key base_block
04_lora,Qwen2.5-3B-Instruct,Qwen2.5,False,base,arbitrary_single,block,10,50,IVQ,ordinal,33,0.6590909090909091,,0.5896469739837206,0.7285348441980976,0.06944393510718846,176,116,,,,,,raw,lora_intervention/experiments/behavioral_block_lora_results/results.json,block-vs-LoRA behavioural sweep; cell K10N50; condition key base_block
04_lora,Qwen2.5-3B-Instruct,Qwen2.5,False,base,arbitrary_single,block,10,50,IVQ,ordinal,34,0.7569444444444444,,0.6871689153537328,0.826719973535156,0.06977552909071161,144,109,,,,,,raw,lora_intervention/experiments/behavioral_block_lora_results/results.json,block-vs-LoRA behavioural sweep; cell K10N50; condition key base_block
04_lora,Qwen2.5-3B-Instruct,Qwen2.5,False,base,arbitrary_single,block,10,50,IVQ,ordinal,35,0.7045454545454546,,0.6375804757880701,0.7715104333028391,0.06696497875738447,176,124,,,,,,raw,lora_intervention/experiments/behavioral_block_lora_results/results.json,block-vs-LoRA behavioural sweep; cell K10N50; condition key base_block
04_lora,Qwen2.5-3B-Instruct,Qwen2.5,False,base,arbitrary_single,block,10,50,IVQ,ordinal,36,0.796875,,0.7271332977211775,0.8666167022788225,0.06974170227882245,128,102,,,,,,raw,lora_intervention/experiments/behavioral_block_lora_results/results.json,block-vs-LoRA behavioural sweep; cell K10N50; condition key base_block
04_lora,Qwen2.5-3B-Instruct,Qwen2.5,False,base,arbitrary_single,block,10,50,IVQ,ordinal,37,0.8359375,,0.7712459329893941,0.9006290670106059,0.06469156701060581,128,107,,,,,,raw,lora_intervention/experiments/behavioral_block_lora_results/results.json,block-vs-LoRA behavioural sweep; cell K10N50; condition key base_block
04_lora,Qwen2.5-3B-Instruct,Qwen2.5,False,base,arbitrary_single,block,10,50,IVQ,ordinal,38,0.8359375,,0.7712459329893941,0.9006290670106059,0.06469156701060581,128,107,,,,,,raw,lora_intervention/experiments/behavioral_block_lora_results/results.json,block-vs-LoRA behavioural sweep; cell K10N50; condition key base_block
04_lora,Qwen2.5-3B-Instruct,Qwen2.5,False,base,arbitrary_single,block,10,50,IVQ,ordinal,39,0.7847222222222222,,0.7176572728896237,0.8517871715548208,0.06706494933259853,144,113,,,,,,raw,lora_intervention/experiments/behavioral_block_lora_results/results.json,block-vs-LoRA behavioural sweep; cell K10N50; condition key base_block
04_lora,Qwen2.5-3B-Instruct,Qwen2.5,False,base,arbitrary_single,block,10,50,IVQ,ordinal,40,0.7847222222222222,,0.7176572728896237,0.8517871715548208,0.06706494933259853,144,113,,,,,,raw,lora_intervention/experiments/behavioral_block_lora_results/results.json,block-vs-LoRA behavioural sweep; cell K10N50; condition key base_block
04_lora,Qwen2.5-3B-Instruct,Qwen2.5,False,base,arbitrary_single,block,10,50,IVQ,ordinal,41,0.9125,,0.846496063261101,0.9785039367388989,0.06600393673889889,80,73,,,,,,raw,lora_intervention/experiments/behavioral_block_lora_results/results.json,block-vs-LoRA behavioural sweep; cell K10N50; condition key base_block
04_lora,Qwen2.5-3B-Instruct,Qwen2.5,False,base,arbitrary_single,block,10,50,IVQ,ordinal,42,0.7986111111111112,,0.7330521081147151,0.8641701141075072,0.06555900299639601,144,115,,,,,,raw,lora_intervention/experiments/behavioral_block_lora_results/results.json,block-vs-LoRA behavioural sweep; cell K10N50; condition key base_block
04_lora,Qwen2.5-3B-Instruct,Qwen2.5,False,base,arbitrary_single,block,10,50,IVQ,ordinal,43,0.8125,,0.7446590062829901,0.8803409937170099,0.06784099371700994,128,104,,,,,,raw,lora_intervention/experiments/behavioral_block_lora_results/results.json,block-vs-LoRA behavioural sweep; cell K10N50; condition key base_block
04_lora,Qwen2.5-3B-Instruct,Qwen2.5,False,base,arbitrary_single,block,10,50,IVQ,ordinal,44,0.8203125,,0.7534797296727171,0.8871452703272829,0.06683277032728288,128,105,,,,,,raw,lora_intervention/experiments/behavioral_block_lora_results/results.json,block-vs-LoRA behavioural sweep; cell K10N50; condition key base_block
04_lora,Qwen2.5-3B-Instruct,Qwen2.5,False,base,arbitrary_single,block,10,50,IVQ,ordinal,45,0.71875,,0.6495273224427286,0.7879726775572714,0.06922267755727136,160,115,,,,,,raw,lora_intervention/experiments/behavioral_block_lora_results/results.json,block-vs-LoRA behavioural sweep; cell K10N50; condition key base_block
04_lora,Qwen2.5-3B-Instruct,Qwen2.5,False,base,arbitrary_single,block,10,50,IVQ,ordinal,46,0.8392857142857143,,0.7705679479941229,0.9080034805773057,0.06871776629159145,112,94,,,,,,raw,lora_intervention/experiments/behavioral_block_lora_results/results.json,block-vs-LoRA behavioural sweep; cell K10N50; condition key base_block
04_lora,Qwen2.5-3B-Instruct,Qwen2.5,False,base,arbitrary_single,block,10,50,IVQ,ordinal,47,0.8046875,,0.7358774059423626,0.8734975940576374,0.06881009405763741,128,103,,,,,,raw,lora_intervention/experiments/behavioral_block_lora_results/results.json,block-vs-LoRA behavioural sweep; cell K10N50; condition key base_block
04_lora,Qwen2.5-3B-Instruct,Qwen2.5,False,base,arbitrary_single,block,10,50,IVQ,ordinal,48,0.8392857142857143,,0.7705679479941229,0.9080034805773057,0.06871776629159145,112,94,,,,,,raw,lora_intervention/experiments/behavioral_block_lora_results/results.json,block-vs-LoRA behavioural sweep; cell K10N50; condition key base_block
04_lora,Qwen2.5-3B-Instruct,Qwen2.5,False,base,arbitrary_single,block,10,50,IVQ,ordinal,49,0.9125,,0.846496063261101,0.9785039367388989,0.06600393673889889,80,73,,,,,,raw,lora_intervention/experiments/behavioral_block_lora_results/results.json,block-vs-LoRA behavioural sweep; cell K10N50; condition key base_block
04_lora,Qwen2.5-3B-Instruct,Qwen2.5,False,base,arbitrary_single,block,10,50,CVQ,ordinal,50,0.8854166666666666,,0.8195758312681732,0.95125750206516,0.06584083539849336,96,85,,,,,,raw,lora_intervention/experiments/behavioral_block_lora_results/results.json,block-vs-LoRA behavioural sweep; cell K10N50; condition key base_block
04_lora,Qwen2.5-3B-Instruct,Qwen2.5,False,base,arbitrary_single,block,10,100,FVQ,ordinal,1,0.9791666666666666,,0.9163989744333195,1.0,0.06276769223334708,48,47,,,,,,raw,lora_intervention/experiments/behavioral_block_lora_results/results.json,block-vs-LoRA behavioural sweep; cell K10N100; condition key base_block
04_lora,Qwen2.5-3B-Instruct,Qwen2.5,False,base,arbitrary_single,block,10,100,CVQ,ordinal,100,0.9,,0.8308609494456025,0.9691390505543975,0.06913905055439752,80,72,,,,,,raw,lora_intervention/experiments/behavioral_block_lora_results/results.json,block-vs-LoRA behavioural sweep; cell K10N100; condition key base_block
04_lora,Qwen2.5-3B-Instruct,Qwen2.5,False,base,arbitrary_single,block,20,20,FVQ,ordinal,1,0.515,,0.4463893634370925,0.5836106365629075,0.0686106365629075,200,103,,,,,,raw,lora_intervention/experiments/behavioral_block_lora_results/results.json,block-vs-LoRA behavioural sweep; cell K20N20; condition key base_block
04_lora,Qwen2.5-3B-Instruct,Qwen2.5,False,base,arbitrary_single,block,20,20,CVQ,ordinal,20,1.0,,0.9485813916897793,1.0,0.05141860831022067,48,48,,,,,,raw,lora_intervention/experiments/behavioral_block_lora_results/results.json,block-vs-LoRA behavioural sweep; cell K20N20; condition key base_block
04_lora,Qwen2.5-3B-Instruct,Qwen2.5,False,base,arbitrary_single,plain,2,30,FVQ,ordinal,1,0.8482142857142857,,0.7808953109939074,0.915533260434664,0.0673189747203783,112,95,,,,,,raw,lora_intervention/experiments/behavioral_block_lora_results/results.json,block-vs-LoRA behavioural sweep; cell K2N30; condition key base_plain
04_lora,Qwen2.5-3B-Instruct,Qwen2.5,False,base,arbitrary_single,plain,2,30,CVQ,semantic,30,0.4114583333333333,,0.3424934425831894,0.4804232240834772,0.06896489075014388,192,79,,,,,,raw,lora_intervention/experiments/behavioral_block_lora_results/results.json,block-vs-LoRA behavioural sweep; cell K2N30; condition key base_plain
04_lora,Qwen2.5-3B-Instruct,Qwen2.5,False,base,arbitrary_single,plain,5,20,FVQ,ordinal,1,0.7847222222222222,,0.7176572728896237,0.8517871715548208,0.06706494933259853,144,113,,,,,,raw,lora_intervention/experiments/behavioral_block_lora_results/results.json,block-vs-LoRA behavioural sweep; cell K5N20; condition key base_plain
04_lora,Qwen2.5-3B-Instruct,Qwen2.5,False,base,arbitrary_single,plain,5,20,IVQ,ordinal,2,0.203125,,0.13338329772117755,0.2728667022788225,0.06974170227882245,128,26,,,,,,raw,lora_intervention/experiments/behavioral_block_lora_results/results.json,block-vs-LoRA behavioural sweep; cell K5N20; condition key base_plain
04_lora,Qwen2.5-3B-Instruct,Qwen2.5,False,base,arbitrary_single,plain,5,20,IVQ,ordinal,3,0.203125,,0.13338329772117755,0.2728667022788225,0.06974170227882245,128,26,,,,,,raw,lora_intervention/experiments/behavioral_block_lora_results/results.json,block-vs-LoRA behavioural sweep; cell K5N20; condition key base_plain
04_lora,Qwen2.5-3B-Instruct,Qwen2.5,False,base,arbitrary_single,plain,5,20,IVQ,ordinal,4,0.0625,,0.0,0.12966150559943532,0.06716150559943532,64,4,,,,,,raw,lora_intervention/experiments/behavioral_block_lora_results/results.json,block-vs-LoRA behavioural sweep; cell K5N20; condition key base_plain
04_lora,Qwen2.5-3B-Instruct,Qwen2.5,False,base,arbitrary_single,plain,5,20,IVQ,ordinal,5,0.03125,,0.0,0.08677906924853511,0.05552906924853511,64,2,,,,,,raw,lora_intervention/experiments/behavioral_block_lora_results/results.json,block-vs-LoRA behavioural sweep; cell K5N20; condition key base_plain
04_lora,Qwen2.5-3B-Instruct,Qwen2.5,False,base,arbitrary_single,plain,5,20,IVQ,ordinal,6,0.0625,,0.0035930169610395232,0.12140698303896047,0.05890698303896048,80,5,,,,,,raw,lora_intervention/experiments/behavioral_block_lora_results/results.json,block-vs-LoRA behavioural sweep; cell K5N20; condition key base_plain
04_lora,Qwen2.5-3B-Instruct,Qwen2.5,False,base,arbitrary_single,plain,5,20,IVQ,ordinal,7,0.020833333333333332,,0.0,0.0836010255666804,0.06276769223334708,48,1,,,,,,raw,lora_intervention/experiments/behavioral_block_lora_results/results.json,block-vs-LoRA behavioural sweep; cell K5N20; condition key base_plain
04_lora,Qwen2.5-3B-Instruct,Qwen2.5,False,base,arbitrary_single,plain,5,20,IVQ,ordinal,8,0.1,,0.030860949445602484,0.16913905055439754,0.06913905055439752,80,8,,,,,,raw,lora_intervention/experiments/behavioral_block_lora_results/results.json,block-vs-LoRA behavioural sweep; cell K5N20; condition key base_plain
04_lora,Qwen2.5-3B-Instruct,Qwen2.5,False,base,arbitrary_single,plain,5,20,IVQ,ordinal,9,0.046875,,0.0,0.1085951429654443,0.0617201429654443,64,3,,,,,,raw,lora_intervention/experiments/behavioral_block_lora_results/results.json,block-vs-LoRA behavioural sweep; cell K5N20; condition key base_plain
04_lora,Qwen2.5-3B-Instruct,Qwen2.5,False,base,arbitrary_single,plain,5,20,IVQ,ordinal,10,0.075,,0.012391738206829456,0.13760826179317054,0.06260826179317054,80,6,,,,,,raw,lora_intervention/experiments/behavioral_block_lora_results/results.json,block-vs-LoRA behavioural sweep; cell K5N20; condition key base_plain
04_lora,Qwen2.5-3B-Instruct,Qwen2.5,False,base,arbitrary_single,plain,5,20,IVQ,ordinal,11,0.0,,0.0,0.051418608310220645,0.051418608310220645,48,0,,,,,,raw,lora_intervention/experiments/behavioral_block_lora_results/results.json,block-vs-LoRA behavioural sweep; cell K5N20; condition key base_plain
04_lora,Qwen2.5-3B-Instruct,Qwen2.5,False,base,arbitrary_single,plain,5,20,IVQ,ordinal,12,0.020833333333333332,,0.0,0.0836010255666804,0.06276769223334708,48,1,,,,,,raw,lora_intervention/experiments/behavioral_block_lora_results/results.json,block-vs-LoRA behavioural sweep; cell K5N20; condition key base_plain
04_lora,Qwen2.5-3B-Instruct,Qwen2.5,False,base,arbitrary_single,plain,5,20,IVQ,ordinal,13,0.046875,,0.0,0.1085951429654443,0.0617201429654443,64,3,,,,,,raw,lora_intervention/experiments/behavioral_block_lora_results/results.json,block-vs-LoRA behavioural sweep; cell K5N20; condition key base_plain
04_lora,Qwen2.5-3B-Instruct,Qwen2.5,False,base,arbitrary_single,plain,5,20,IVQ,ordinal,14,0.0,,0.0,0.051418608310220645,0.051418608310220645,48,0,,,,,,raw,lora_intervention/experiments/behavioral_block_lora_results/results.json,block-vs-LoRA behavioural sweep; cell K5N20; condition key base_plain
04_lora,Qwen2.5-3B-Instruct,Qwen2.5,False,base,arbitrary_single,plain,5,20,IVQ,ordinal,15,0.0,,0.0,0.051418608310220645,0.051418608310220645,48,0,,,,,,raw,lora_intervention/experiments/behavioral_block_lora_results/results.json,block-vs-LoRA behavioural sweep; cell K5N20; condition key base_plain
04_lora,Qwen2.5-3B-Instruct,Qwen2.5,False,base,arbitrary_single,plain,5,20,IVQ,ordinal,16,0.0,,0.0,0.051418608310220645,0.051418608310220645,48,0,,,,,,raw,lora_intervention/experiments/behavioral_block_lora_results/results.json,block-vs-LoRA behavioural sweep; cell K5N20; condition key base_plain
04_lora,Qwen2.5-3B-Instruct,Qwen2.5,False,base,arbitrary_single,plain,5,20,IVQ,ordinal,17,0.020833333333333332,,0.0,0.0836010255666804,0.06276769223334708,48,1,,,,,,raw,lora_intervention/experiments/behavioral_block_lora_results/results.json,block-vs-LoRA behavioural sweep; cell K5N20; condition key base_plain
04_lora,Qwen2.5-3B-Instruct,Qwen2.5,False,base,arbitrary_single,plain,5,20,IVQ,ordinal,18,0.020833333333333332,,0.0,0.0836010255666804,0.06276769223334708,48,1,,,,,,raw,lora_intervention/experiments/behavioral_block_lora_results/results.json,block-vs-LoRA behavioural sweep; cell K5N20; condition key base_plain
04_lora,Qwen2.5-3B-Instruct,Qwen2.5,False,base,arbitrary_single,plain,5,20,IVQ,ordinal,19,0.0,,0.0,0.051418608310220645,0.051418608310220645,48,0,,,,,,raw,lora_intervention/experiments/behavioral_block_lora_results/results.json,block-vs-LoRA behavioural sweep; cell K5N20; condition key base_plain
04_lora,Qwen2.5-3B-Instruct,Qwen2.5,False,base,arbitrary_single,plain,5,20,CVQ,semantic,20,0.4166666666666667,,0.347579520413309,0.4857538129200244,0.06908714625335774,192,80,,,,,,raw,lora_intervention/experiments/behavioral_block_lora_results/results.json,block-vs-LoRA behavioural sweep; cell K5N20; condition key base_plain
04_lora,Qwen2.5-3B-Instruct,Qwen2.5,False,base,arbitrary_single,plain,5,50,FVQ,ordinal,1,0.6761363636363636,,0.6075392790858896,0.7447334481868377,0.06859708455047403,176,119,,,,,,raw,lora_intervention/experiments/behavioral_block_lora_results/results.json,block-vs-LoRA behavioural sweep; cell K5N50; condition key base_plain
04_lora,Qwen2.5-3B-Instruct,Qwen2.5,False,base,arbitrary_single,plain,5,50,IVQ,ordinal,2,0.11458333333333333,,0.048742497934839965,0.1804241687318267,0.06584083539849336,96,11,,,,,,raw,lora_intervention/experiments/behavioral_block_lora_results/results.json,block-vs-LoRA behavioural sweep; cell K5N50; condition key base_plain
04_lora,Qwen2.5-3B-Instruct,Qwen2.5,False,base,arbitrary_single,plain,5,50,IVQ,ordinal,4,0.020833333333333332,,0.0,0.0836010255666804,0.06276769223334708,48,1,,,,,,raw,lora_intervention/experiments/behavioral_block_lora_results/results.json,block-vs-LoRA behavioural sweep; cell K5N50; condition key base_plain
04_lora,Qwen2.5-3B-Instruct,Qwen2.5,False,base,arbitrary_single,plain,5,50,IVQ,ordinal,6,0.03125,,0.0,0.08677906924853511,0.05552906924853511,64,2,,,,,,raw,lora_intervention/experiments/behavioral_block_lora_results/results.json,block-vs-LoRA behavioural sweep; cell K5N50; condition key base_plain
04_lora,Qwen2.5-3B-Instruct,Qwen2.5,False,base,arbitrary_single,plain,5,50,IVQ,ordinal,8,0.046875,,0.0,0.1085951429654443,0.0617201429654443,64,3,,,,,,raw,lora_intervention/experiments/behavioral_block_lora_results/results.json,block-vs-LoRA behavioural sweep; cell K5N50; condition key base_plain
04_lora,Qwen2.5-3B-Instruct,Qwen2.5,False,base,arbitrary_single,plain,5,50,IVQ,ordinal,10,0.020833333333333332,,0.0,0.0836010255666804,0.06276769223334708,48,1,,,,,,raw,lora_intervention/experiments/behavioral_block_lora_results/results.json,block-vs-LoRA behavioural sweep; cell K5N50; condition key base_plain
04_lora,Qwen2.5-3B-Instruct,Qwen2.5,False,base,arbitrary_single,plain,5,50,IVQ,ordinal,12,0.020833333333333332,,0.0,0.0836010255666804,0.06276769223334708,48,1,,,,,,raw,lora_intervention/experiments/behavioral_block_lora_results/results.json,block-vs-LoRA behavioural sweep; cell K5N50; condition key base_plain
04_lora,Qwen2.5-3B-Instruct,Qwen2.5,False,base,arbitrary_single,plain,5,50,IVQ,ordinal,14,0.0,,0.0,0.051418608310220645,0.051418608310220645,48,0,,,,,,raw,lora_intervention/experiments/behavioral_block_lora_results/results.json,block-vs-LoRA behavioural sweep; cell K5N50; condition key base_plain
04_lora,Qwen2.5-3B-Instruct,Qwen2.5,False,base,arbitrary_single,plain,5,50,IVQ,ordinal,16,0.0,,0.0,0.051418608310220645,0.051418608310220645,48,0,,,,,,raw,lora_intervention/experiments/behavioral_block_lora_results/results.json,block-vs-LoRA behavioural sweep; cell K5N50; condition key base_plain
04_lora,Qwen2.5-3B-Instruct,Qwen2.5,False,base,arbitrary_single,plain,5,50,IVQ,ordinal,18,0.046875,,0.0,0.1085951429654443,0.0617201429654443,64,3,,,,,,raw,lora_intervention/experiments/behavioral_block_lora_results/results.json,block-vs-LoRA behavioural sweep; cell K5N50; condition key base_plain
04_lora,Qwen2.5-3B-Instruct,Qwen2.5,False,base,arbitrary_single,plain,5,50,IVQ,ordinal,20,0.0,,0.0,0.051418608310220645,0.051418608310220645,48,0,,,,,,raw,lora_intervention/experiments/behavioral_block_lora_results/results.json,block-vs-LoRA behavioural sweep; cell K5N50; condition key base_plain
04_lora,Qwen2.5-3B-Instruct,Qwen2.5,False,base,arbitrary_single,plain,5,50,IVQ,ordinal,22,0.020833333333333332,,0.0,0.0836010255666804,0.06276769223334708,48,1,,,,,,raw,lora_intervention/experiments/behavioral_block_lora_results/results.json,block-vs-LoRA behavioural sweep; cell K5N50; condition key base_plain
04_lora,Qwen2.5-3B-Instruct,Qwen2.5,False,base,arbitrary_single,plain,5,50,IVQ,ordinal,24,0.0,,0.0,0.051418608310220645,0.051418608310220645,48,0,,,,,,raw,lora_intervention/experiments/behavioral_block_lora_results/results.json,block-vs-LoRA behavioural sweep; cell K5N50; condition key base_plain
04_lora,Qwen2.5-3B-Instruct,Qwen2.5,False,base,arbitrary_single,plain,5,50,IVQ,ordinal,26,0.0,,0.0,0.051418608310220645,0.051418608310220645,48,0,,,,,,raw,lora_intervention/experiments/behavioral_block_lora_results/results.json,block-vs-LoRA behavioural sweep; cell K5N50; condition key base_plain
04_lora,Qwen2.5-3B-Instruct,Qwen2.5,False,base,arbitrary_single,plain,5,50,IVQ,ordinal,28,0.0,,0.0,0.051418608310220645,0.051418608310220645,48,0,,,,,,raw,lora_intervention/experiments/behavioral_block_lora_results/results.json,block-vs-LoRA behavioural sweep; cell K5N50; condition key base_plain
04_lora,Qwen2.5-3B-Instruct,Qwen2.5,False,base,arbitrary_single,plain,5,50,IVQ,ordinal,30,0.020833333333333332,,0.0,0.0836010255666804,0.06276769223334708,48,1,,,,,,raw,lora_intervention/experiments/behavioral_block_lora_results/results.json,block-vs-LoRA behavioural sweep; cell K5N50; condition key base_plain
04_lora,Qwen2.5-3B-Instruct,Qwen2.5,False,base,arbitrary_single,plain,5,50,IVQ,ordinal,32,0.0,,0.0,0.051418608310220645,0.051418608310220645,48,0,,,,,,raw,lora_intervention/experiments/behavioral_block_lora_results/results.json,block-vs-LoRA behavioural sweep; cell K5N50; condition key base_plain
04_lora,Qwen2.5-3B-Instruct,Qwen2.5,False,base,arbitrary_single,plain,5,50,IVQ,ordinal,34,0.0,,0.0,0.051418608310220645,0.051418608310220645,48,0,,,,,,raw,lora_intervention/experiments/behavioral_block_lora_results/results.json,block-vs-LoRA behavioural sweep; cell K5N50; condition key base_plain
04_lora,Qwen2.5-3B-Instruct,Qwen2.5,False,base,arbitrary_single,plain,5,50,IVQ,ordinal,36,0.0,,0.0,0.051418608310220645,0.051418608310220645,48,0,,,,,,raw,lora_intervention/experiments/behavioral_block_lora_results/results.json,block-vs-LoRA behavioural sweep; cell K5N50; condition key base_plain
04_lora,Qwen2.5-3B-Instruct,Qwen2.5,False,base,arbitrary_single,plain,5,50,IVQ,ordinal,38,0.020833333333333332,,0.0,0.0836010255666804,0.06276769223334708,48,1,,,,,,raw,lora_intervention/experiments/behavioral_block_lora_results/results.json,block-vs-LoRA behavioural sweep; cell K5N50; condition key base_plain
04_lora,Qwen2.5-3B-Instruct,Qwen2.5,False,base,arbitrary_single,plain,5,50,IVQ,ordinal,40,0.020833333333333332,,0.0,0.0836010255666804,0.06276769223334708,48,1,,,,,,raw,lora_intervention/experiments/behavioral_block_lora_results/results.json,block-vs-LoRA behavioural sweep; cell K5N50; condition key base_plain
04_lora,Qwen2.5-3B-Instruct,Qwen2.5,False,base,arbitrary_single,plain,5,50,IVQ,ordinal,42,0.0,,0.0,0.051418608310220645,0.051418608310220645,48,0,,,,,,raw,lora_intervention/experiments/behavioral_block_lora_results/results.json,block-vs-LoRA behavioural sweep; cell K5N50; condition key base_plain
04_lora,Qwen2.5-3B-Instruct,Qwen2.5,False,base,arbitrary_single,plain,5,50,IVQ,ordinal,44,0.020833333333333332,,0.0,0.0836010255666804,0.06276769223334708,48,1,,,,,,raw,lora_intervention/experiments/behavioral_block_lora_results/results.json,block-vs-LoRA behavioural sweep; cell K5N50; condition key base_plain
04_lora,Qwen2.5-3B-Instruct,Qwen2.5,False,base,arbitrary_single,plain,5,50,IVQ,ordinal,46,0.0,,0.0,0.051418608310220645,0.051418608310220645,48,0,,,,,,raw,lora_intervention/experiments/behavioral_block_lora_results/results.json,block-vs-LoRA behavioural sweep; cell K5N50; condition key base_plain
04_lora,Qwen2.5-3B-Instruct,Qwen2.5,False,base,arbitrary_single,plain,5,50,IVQ,ordinal,48,0.0,,0.0,0.051418608310220645,0.051418608310220645,48,0,,,,,,raw,lora_intervention/experiments/behavioral_block_lora_results/results.json,block-vs-LoRA behavioural sweep; cell K5N50; condition key base_plain
04_lora,Qwen2.5-3B-Instruct,Qwen2.5,False,base,arbitrary_single,plain,5,50,CVQ,semantic,50,0.4427083333333333,,0.37312328758604685,0.5122933790806198,0.0695850457472865,192,85,,,,,,raw,lora_intervention/experiments/behavioral_block_lora_results/results.json,block-vs-LoRA behavioural sweep; cell K5N50; condition key base_plain
04_lora,Qwen2.5-3B-Instruct,Qwen2.5,False,base,arbitrary_single,plain,5,75,FVQ,ordinal,1,0.6534090909090909,,0.5837041053093516,0.7231140765088303,0.06970498559973932,176,115,,,,,,raw,lora_intervention/experiments/behavioral_block_lora_results/results.json,block-vs-LoRA behavioural sweep; cell K5N75; condition key base_plain
04_lora,Qwen2.5-3B-Instruct,Qwen2.5,False,base,arbitrary_single,plain,5,75,IVQ,ordinal,2,0.125,,0.05705304072582072,0.19294695927417926,0.06794695927417928,96,12,,,,,,raw,lora_intervention/experiments/behavioral_block_lora_results/results.json,block-vs-LoRA behavioural sweep; cell K5N75; condition key base_plain
04_lora,Qwen2.5-3B-Instruct,Qwen2.5,False,base,arbitrary_single,plain,5,75,IVQ,ordinal,4,0.0875,,0.02149606326110111,0.1535039367388989,0.06600393673889889,80,7,,,,,,raw,lora_intervention/experiments/behavioral_block_lora_results/results.json,block-vs-LoRA behavioural sweep; cell K5N75; condition key base_plain
04_lora,Qwen2.5-3B-Instruct,Qwen2.5,False,base,arbitrary_single,plain,5,75,IVQ,ordinal,6,0.075,,0.012391738206829456,0.13760826179317054,0.06260826179317054,80,6,,,,,,raw,lora_intervention/experiments/behavioral_block_lora_results/results.json,block-vs-LoRA behavioural sweep; cell K5N75; condition key base_plain
04_lora,Qwen2.5-3B-Instruct,Qwen2.5,False,base,arbitrary_single,plain,5,75,IVQ,ordinal,8,0.020833333333333332,,0.0,0.0836010255666804,0.06276769223334708,48,1,,,,,,raw,lora_intervention/experiments/behavioral_block_lora_results/results.json,block-vs-LoRA behavioural sweep; cell K5N75; condition key base_plain
04_lora,Qwen2.5-3B-Instruct,Qwen2.5,False,base,arbitrary_single,plain,5,75,IVQ,ordinal,10,0.03125,,0.0,0.08677906924853511,0.05552906924853511,64,2,,,,,,raw,lora_intervention/experiments/behavioral_block_lora_results/results.json,block-vs-LoRA behavioural sweep; cell K5N75; condition key base_plain
04_lora,Qwen2.5-3B-Instruct,Qwen2.5,False,base,arbitrary_single,plain,5,75,IVQ,ordinal,12,0.0,,0.0,0.051418608310220645,0.051418608310220645,48,0,,,,,,raw,lora_intervention/experiments/behavioral_block_lora_results/results.json,block-vs-LoRA behavioural sweep; cell K5N75; condition key base_plain
04_lora,Qwen2.5-3B-Instruct,Qwen2.5,False,base,arbitrary_single,plain,5,75,IVQ,ordinal,14,0.03125,,0.0,0.08677906924853511,0.05552906924853511,64,2,,,,,,raw,lora_intervention/experiments/behavioral_block_lora_results/results.json,block-vs-LoRA behavioural sweep; cell K5N75; condition key base_plain
04_lora,Qwen2.5-3B-Instruct,Qwen2.5,False,base,arbitrary_single,plain,5,75,IVQ,ordinal,16,0.020833333333333332,,0.0,0.0836010255666804,0.06276769223334708,48,1,,,,,,raw,lora_intervention/experiments/behavioral_block_lora_results/results.json,block-vs-LoRA behavioural sweep; cell K5N75; condition key base_plain
04_lora,Qwen2.5-3B-Instruct,Qwen2.5,False,base,arbitrary_single,plain,5,75,IVQ,ordinal,18,0.0,,0.0,0.051418608310220645,0.051418608310220645,48,0,,,,,,raw,lora_intervention/experiments/behavioral_block_lora_results/results.json,block-vs-LoRA behavioural sweep; cell K5N75; condition key base_plain
04_lora,Qwen2.5-3B-Instruct,Qwen2.5,False,base,arbitrary_single,plain,5,75,IVQ,ordinal,20,0.020833333333333332,,0.0,0.0836010255666804,0.06276769223334708,48,1,,,,,,raw,lora_intervention/experiments/behavioral_block_lora_results/results.json,block-vs-LoRA behavioural sweep; cell K5N75; condition key base_plain
04_lora,Qwen2.5-3B-Instruct,Qwen2.5,False,base,arbitrary_single,plain,5,75,IVQ,ordinal,22,0.0,,0.0,0.051418608310220645,0.051418608310220645,48,0,,,,,,raw,lora_intervention/experiments/behavioral_block_lora_results/results.json,block-vs-LoRA behavioural sweep; cell K5N75; condition key base_plain
04_lora,Qwen2.5-3B-Instruct,Qwen2.5,False,base,arbitrary_single,plain,5,75,IVQ,ordinal,24,0.020833333333333332,,0.0,0.0836010255666804,0.06276769223334708,48,1,,,,,,raw,lora_intervention/experiments/behavioral_block_lora_results/results.json,block-vs-LoRA behavioural sweep; cell K5N75; condition key base_plain
04_lora,Qwen2.5-3B-Instruct,Qwen2.5,False,base,arbitrary_single,plain,5,75,IVQ,ordinal,26,0.0,,0.0,0.051418608310220645,0.051418608310220645,48,0,,,,,,raw,lora_intervention/experiments/behavioral_block_lora_results/results.json,block-vs-LoRA behavioural sweep; cell K5N75; condition key base_plain
04_lora,Qwen2.5-3B-Instruct,Qwen2.5,False,base,arbitrary_single,plain,5,75,IVQ,ordinal,28,0.020833333333333332,,0.0,0.0836010255666804,0.06276769223334708,48,1,,,,,,raw,lora_intervention/experiments/behavioral_block_lora_results/results.json,block-vs-LoRA behavioural sweep; cell K5N75; condition key base_plain
04_lora,Qwen2.5-3B-Instruct,Qwen2.5,False,base,arbitrary_single,plain,5,75,IVQ,ordinal,30,0.0,,0.0,0.051418608310220645,0.051418608310220645,48,0,,,,,,raw,lora_intervention/experiments/behavioral_block_lora_results/results.json,block-vs-LoRA behavioural sweep; cell K5N75; condition key base_plain
04_lora,Qwen2.5-3B-Instruct,Qwen2.5,False,base,arbitrary_single,plain,5,75,IVQ,ordinal,32,0.0,,0.0,0.051418608310220645,0.051418608310220645,48,0,,,,,,raw,lora_intervention/experiments/behavioral_block_lora_results/results.json,block-vs-LoRA behavioural sweep; cell K5N75; condition key base_plain
04_lora,Qwen2.5-3B-Instruct,Qwen2.5,False,base,arbitrary_single,plain,5,75,IVQ,ordinal,34,0.0,,0.0,0.051418608310220645,0.051418608310220645,48,0,,,,,,raw,lora_intervention/experiments/behavioral_block_lora_results/results.json,block-vs-LoRA behavioural sweep; cell K5N75; condition key base_plain
04_lora,Qwen2.5-3B-Instruct,Qwen2.5,False,base,arbitrary_single,plain,5,75,IVQ,ordinal,36,0.0,,0.0,0.051418608310220645,0.051418608310220645,48,0,,,,,,raw,lora_intervention/experiments/behavioral_block_lora_results/results.json,block-vs-LoRA behavioural sweep; cell K5N75; condition key base_plain
04_lora,Qwen2.5-3B-Instruct,Qwen2.5,False,base,arbitrary_single,plain,5,75,IVQ,ordinal,38,0.0,,0.0,0.051418608310220645,0.051418608310220645,48,0,,,,,,raw,lora_intervention/experiments/behavioral_block_lora_results/results.json,block-vs-LoRA behavioural sweep; cell K5N75; condition key base_plain
04_lora,Qwen2.5-3B-Instruct,Qwen2.5,False,base,arbitrary_single,plain,5,75,IVQ,ordinal,40,0.0,,0.0,0.051418608310220645,0.051418608310220645,48,0,,,,,,raw,lora_intervention/experiments/behavioral_block_lora_results/results.json,block-vs-LoRA behavioural sweep; cell K5N75; condition key base_plain
04_lora,Qwen2.5-3B-Instruct,Qwen2.5,False,base,arbitrary_single,plain,5,75,IVQ,ordinal,42,0.020833333333333332,,0.0,0.0836010255666804,0.06276769223334708,48,1,,,,,,raw,lora_intervention/experiments/behavioral_block_lora_results/results.json,block-vs-LoRA behavioural sweep; cell K5N75; condition key base_plain
04_lora,Qwen2.5-3B-Instruct,Qwen2.5,False,base,arbitrary_single,plain,5,75,IVQ,ordinal,44,0.0,,0.0,0.051418608310220645,0.051418608310220645,48,0,,,,,,raw,lora_intervention/experiments/behavioral_block_lora_results/results.json,block-vs-LoRA behavioural sweep; cell K5N75; condition key base_plain
04_lora,Qwen2.5-3B-Instruct,Qwen2.5,False,base,arbitrary_single,plain,5,75,IVQ,ordinal,46,0.0,,0.0,0.051418608310220645,0.051418608310220645,48,0,,,,,,raw,lora_intervention/experiments/behavioral_block_lora_results/results.json,block-vs-LoRA behavioural sweep; cell K5N75; condition key base_plain
04_lora,Qwen2.5-3B-Instruct,Qwen2.5,False,base,arbitrary_single,plain,5,75,IVQ,ordinal,48,0.0,,0.0,0.051418608310220645,0.051418608310220645,48,0,,,,,,raw,lora_intervention/experiments/behavioral_block_lora_results/results.json,block-vs-LoRA behavioural sweep; cell K5N75; condition key base_plain
04_lora,Qwen2.5-3B-Instruct,Qwen2.5,False,base,arbitrary_single,plain,5,75,IVQ,ordinal,50,0.0,,0.0,0.051418608310220645,0.051418608310220645,48,0,,,,,,raw,lora_intervention/experiments/behavioral_block_lora_results/results.json,block-vs-LoRA behavioural sweep; cell K5N75; condition key base_plain
04_lora,Qwen2.5-3B-Instruct,Qwen2.5,False,base,arbitrary_single,plain,5,75,IVQ,ordinal,52,0.020833333333333332,,0.0,0.0836010255666804,0.06276769223334708,48,1,,,,,,raw,lora_intervention/experiments/behavioral_block_lora_results/results.json,block-vs-LoRA behavioural sweep; cell K5N75; condition key base_plain
04_lora,Qwen2.5-3B-Instruct,Qwen2.5,False,base,arbitrary_single,plain,5,75,IVQ,ordinal,54,0.0,,0.0,0.051418608310220645,0.051418608310220645,48,0,,,,,,raw,lora_intervention/experiments/behavioral_block_lora_results/results.json,block-vs-LoRA behavioural sweep; cell K5N75; condition key base_plain
04_lora,Qwen2.5-3B-Instruct,Qwen2.5,False,base,arbitrary_single,plain,5,75,IVQ,ordinal,56,0.020833333333333332,,0.0,0.0836010255666804,0.06276769223334708,48,1,,,,,,raw,lora_intervention/experiments/behavioral_block_lora_results/results.json,block-vs-LoRA behavioural sweep; cell K5N75; condition key base_plain
04_lora,Qwen2.5-3B-Instruct,Qwen2.5,False,base,arbitrary_single,plain,5,75,IVQ,ordinal,58,0.0,,0.0,0.051418608310220645,0.051418608310220645,48,0,,,,,,raw,lora_intervention/experiments/behavioral_block_lora_results/results.json,block-vs-LoRA behavioural sweep; cell K5N75; condition key base_plain
04_lora,Qwen2.5-3B-Instruct,Qwen2.5,False,base,arbitrary_single,plain,5,75,IVQ,ordinal,60,0.0,,0.0,0.051418608310220645,0.051418608310220645,48,0,,,,,,raw,lora_intervention/experiments/behavioral_block_lora_results/results.json,block-vs-LoRA behavioural sweep; cell K5N75; condition key base_plain
04_lora,Qwen2.5-3B-Instruct,Qwen2.5,False,base,arbitrary_single,plain,5,75,IVQ,ordinal,62,0.020833333333333332,,0.0,0.0836010255666804,0.06276769223334708,48,1,,,,,,raw,lora_intervention/experiments/behavioral_block_lora_results/results.json,block-vs-LoRA behavioural sweep; cell K5N75; condition key base_plain
04_lora,Qwen2.5-3B-Instruct,Qwen2.5,False,base,arbitrary_single,plain,5,75,IVQ,ordinal,64,0.03125,,0.0,0.08677906924853511,0.05552906924853511,64,2,,,,,,raw,lora_intervention/experiments/behavioral_block_lora_results/results.json,block-vs-LoRA behavioural sweep; cell K5N75; condition key base_plain
04_lora,Qwen2.5-3B-Instruct,Qwen2.5,False,base,arbitrary_single,plain,5,75,IVQ,ordinal,66,0.020833333333333332,,0.0,0.0836010255666804,0.06276769223334708,48,1,,,,,,raw,lora_intervention/experiments/behavioral_block_lora_results/results.json,block-vs-LoRA behavioural sweep; cell K5N75; condition key base_plain
04_lora,Qwen2.5-3B-Instruct,Qwen2.5,False,base,arbitrary_single,plain,5,75,IVQ,ordinal,68,0.020833333333333332,,0.0,0.0836010255666804,0.06276769223334708,48,1,,,,,,raw,lora_intervention/experiments/behavioral_block_lora_results/results.json,block-vs-LoRA behavioural sweep; cell K5N75; condition key base_plain
04_lora,Qwen2.5-3B-Instruct,Qwen2.5,False,base,arbitrary_single,plain,5,75,IVQ,ordinal,70,0.0,,0.0,0.051418608310220645,0.051418608310220645,48,0,,,,,,raw,lora_intervention/experiments/behavioral_block_lora_results/results.json,block-vs-LoRA behavioural sweep; cell K5N75; condition key base_plain
04_lora,Qwen2.5-3B-Instruct,Qwen2.5,False,base,arbitrary_single,plain,5,75,IVQ,ordinal,72,0.0,,0.0,0.051418608310220645,0.051418608310220645,48,0,,,,,,raw,lora_intervention/experiments/behavioral_block_lora_results/results.json,block-vs-LoRA behavioural sweep; cell K5N75; condition key base_plain
04_lora,Qwen2.5-3B-Instruct,Qwen2.5,False,base,arbitrary_single,plain,5,75,IVQ,ordinal,74,0.020833333333333332,,0.0,0.0836010255666804,0.06276769223334708,48,1,,,,,,raw,lora_intervention/experiments/behavioral_block_lora_results/results.json,block-vs-LoRA behavioural sweep; cell K5N75; condition key base_plain
04_lora,Qwen2.5-3B-Instruct,Qwen2.5,False,base,arbitrary_single,plain,5,75,CVQ,semantic,75,0.495,,0.42636292604801757,0.5636370739519825,0.06863707395198244,200,99,,,,,,raw,lora_intervention/experiments/behavioral_block_lora_results/results.json,block-vs-LoRA behavioural sweep; cell K5N75; condition key base_plain
04_lora,Qwen2.5-3B-Instruct,Qwen2.5,False,base,arbitrary_single,plain,10,25,FVQ,ordinal,1,0.505,,0.4363629260480176,0.5736370739519825,0.06863707395198244,200,101,,,,,,raw,lora_intervention/experiments/behavioral_block_lora_results/results.json,block-vs-LoRA behavioural sweep; cell K10N25; condition key base_plain
04_lora,Qwen2.5-3B-Instruct,Qwen2.5,False,base,arbitrary_single,plain,10,25,IVQ,ordinal,2,0.0875,,0.02149606326110111,0.1535039367388989,0.06600393673889889,80,7,,,,,,raw,lora_intervention/experiments/behavioral_block_lora_results/results.json,block-vs-LoRA behavioural sweep; cell K10N25; condition key base_plain
04_lora,Qwen2.5-3B-Instruct,Qwen2.5,False,base,arbitrary_single,plain,10,25,IVQ,ordinal,3,0.0875,,0.02149606326110111,0.1535039367388989,0.06600393673889889,80,7,,,,,,raw,lora_intervention/experiments/behavioral_block_lora_results/results.json,block-vs-LoRA behavioural sweep; cell K10N25; condition key base_plain
04_lora,Qwen2.5-3B-Instruct,Qwen2.5,False,base,arbitrary_single,plain,10,25,IVQ,ordinal,4,0.046875,,0.0,0.1085951429654443,0.0617201429654443,64,3,,,,,,raw,lora_intervention/experiments/behavioral_block_lora_results/results.json,block-vs-LoRA behavioural sweep; cell K10N25; condition key base_plain
04_lora,Qwen2.5-3B-Instruct,Qwen2.5,False,base,arbitrary_single,plain,10,25,IVQ,ordinal,5,0.0,,0.0,0.051418608310220645,0.051418608310220645,48,0,,,,,,raw,lora_intervention/experiments/behavioral_block_lora_results/results.json,block-vs-LoRA behavioural sweep; cell K10N25; condition key base_plain
04_lora,Qwen2.5-3B-Instruct,Qwen2.5,False,base,arbitrary_single,plain,10,25,IVQ,ordinal,6,0.0625,,0.0035930169610395232,0.12140698303896047,0.05890698303896048,80,5,,,,,,raw,lora_intervention/experiments/behavioral_block_lora_results/results.json,block-vs-LoRA behavioural sweep; cell K10N25; condition key base_plain
04_lora,Qwen2.5-3B-Instruct,Qwen2.5,False,base,arbitrary_single,plain,10,25,IVQ,ordinal,7,0.0625,,0.0035930169610395232,0.12140698303896047,0.05890698303896048,80,5,,,,,,raw,lora_intervention/experiments/behavioral_block_lora_results/results.json,block-vs-LoRA behavioural sweep; cell K10N25; condition key base_plain
04_lora,Qwen2.5-3B-Instruct,Qwen2.5,False,base,arbitrary_single,plain,10,25,IVQ,ordinal,8,0.03125,,0.0,0.08677906924853511,0.05552906924853511,64,2,,,,,,raw,lora_intervention/experiments/behavioral_block_lora_results/results.json,block-vs-LoRA behavioural sweep; cell K10N25; condition key base_plain
04_lora,Qwen2.5-3B-Instruct,Qwen2.5,False,base,arbitrary_single,plain,10,25,IVQ,ordinal,9,0.0625,,0.0,0.12966150559943532,0.06716150559943532,64,4,,,,,,raw,lora_intervention/experiments/behavioral_block_lora_results/results.json,block-vs-LoRA behavioural sweep; cell K10N25; condition key base_plain
04_lora,Qwen2.5-3B-Instruct,Qwen2.5,False,base,arbitrary_single,plain,10,25,IVQ,ordinal,10,0.03125,,0.0,0.08677906924853511,0.05552906924853511,64,2,,,,,,raw,lora_intervention/experiments/behavioral_block_lora_results/results.json,block-vs-LoRA behavioural sweep; cell K10N25; condition key base_plain
04_lora,Qwen2.5-3B-Instruct,Qwen2.5,False,base,arbitrary_single,plain,10,25,IVQ,ordinal,11,0.020833333333333332,,0.0,0.0836010255666804,0.06276769223334708,48,1,,,,,,raw,lora_intervention/experiments/behavioral_block_lora_results/results.json,block-vs-LoRA behavioural sweep; cell K10N25; condition key base_plain
04_lora,Qwen2.5-3B-Instruct,Qwen2.5,False,base,arbitrary_single,plain,10,25,IVQ,ordinal,12,0.03125,,0.0,0.08677906924853511,0.05552906924853511,64,2,,,,,,raw,lora_intervention/experiments/behavioral_block_lora_results/results.json,block-vs-LoRA behavioural sweep; cell K10N25; condition key base_plain
04_lora,Qwen2.5-3B-Instruct,Qwen2.5,False,base,arbitrary_single,plain,10,25,IVQ,ordinal,13,0.020833333333333332,,0.0,0.0836010255666804,0.06276769223334708,48,1,,,,,,raw,lora_intervention/experiments/behavioral_block_lora_results/results.json,block-vs-LoRA behavioural sweep; cell K10N25; condition key base_plain
04_lora,Qwen2.5-3B-Instruct,Qwen2.5,False,base,arbitrary_single,plain,10,25,IVQ,ordinal,14,0.0625,,0.0,0.12966150559943532,0.06716150559943532,64,4,,,,,,raw,lora_intervention/experiments/behavioral_block_lora_results/results.json,block-vs-LoRA behavioural sweep; cell K10N25; condition key base_plain
04_lora,Qwen2.5-3B-Instruct,Qwen2.5,False,base,arbitrary_single,plain,10,25,IVQ,ordinal,15,0.020833333333333332,,0.0,0.0836010255666804,0.06276769223334708,48,1,,,,,,raw,lora_intervention/experiments/behavioral_block_lora_results/results.json,block-vs-LoRA behavioural sweep; cell K10N25; condition key base_plain
04_lora,Qwen2.5-3B-Instruct,Qwen2.5,False,base,arbitrary_single,plain,10,25,IVQ,ordinal,16,0.0,,0.0,0.051418608310220645,0.051418608310220645,48,0,,,,,,raw,lora_intervention/experiments/behavioral_block_lora_results/results.json,block-vs-LoRA behavioural sweep; cell K10N25; condition key base_plain
04_lora,Qwen2.5-3B-Instruct,Qwen2.5,False,base,arbitrary_single,plain,10,25,IVQ,ordinal,17,0.03125,,0.0,0.08677906924853511,0.05552906924853511,64,2,,,,,,raw,lora_intervention/experiments/behavioral_block_lora_results/results.json,block-vs-LoRA behavioural sweep; cell K10N25; condition key base_plain
04_lora,Qwen2.5-3B-Instruct,Qwen2.5,False,base,arbitrary_single,plain,10,25,IVQ,ordinal,18,0.03125,,0.0,0.08677906924853511,0.05552906924853511,64,2,,,,,,raw,lora_intervention/experiments/behavioral_block_lora_results/results.json,block-vs-LoRA behavioural sweep; cell K10N25; condition key base_plain
04_lora,Qwen2.5-3B-Instruct,Qwen2.5,False,base,arbitrary_single,plain,10,25,IVQ,ordinal,19,0.020833333333333332,,0.0,0.0836010255666804,0.06276769223334708,48,1,,,,,,raw,lora_intervention/experiments/behavioral_block_lora_results/results.json,block-vs-LoRA behavioural sweep; cell K10N25; condition key base_plain
04_lora,Qwen2.5-3B-Instruct,Qwen2.5,False,base,arbitrary_single,plain,10,25,IVQ,ordinal,20,0.03125,,0.0,0.08677906924853511,0.05552906924853511,64,2,,,,,,raw,lora_intervention/experiments/behavioral_block_lora_results/results.json,block-vs-LoRA behavioural sweep; cell K10N25; condition key base_plain
04_lora,Qwen2.5-3B-Instruct,Qwen2.5,False,base,arbitrary_single,plain,10,25,IVQ,ordinal,21,0.0,,0.0,0.051418608310220645,0.051418608310220645,48,0,,,,,,raw,lora_intervention/experiments/behavioral_block_lora_results/results.json,block-vs-LoRA behavioural sweep; cell K10N25; condition key base_plain
04_lora,Qwen2.5-3B-Instruct,Qwen2.5,False,base,arbitrary_single,plain,10,25,IVQ,ordinal,22,0.0,,0.0,0.051418608310220645,0.051418608310220645,48,0,,,,,,raw,lora_intervention/experiments/behavioral_block_lora_results/results.json,block-vs-LoRA behavioural sweep; cell K10N25; condition key base_plain
04_lora,Qwen2.5-3B-Instruct,Qwen2.5,False,base,arbitrary_single,plain,10,25,IVQ,ordinal,23,0.0625,,0.0,0.12966150559943532,0.06716150559943532,64,4,,,,,,raw,lora_intervention/experiments/behavioral_block_lora_results/results.json,block-vs-LoRA behavioural sweep; cell K10N25; condition key base_plain
04_lora,Qwen2.5-3B-Instruct,Qwen2.5,False,base,arbitrary_single,plain,10,25,IVQ,ordinal,24,0.0625,,0.0035930169610395232,0.12140698303896047,0.05890698303896048,80,5,,,,,,raw,lora_intervention/experiments/behavioral_block_lora_results/results.json,block-vs-LoRA behavioural sweep; cell K10N25; condition key base_plain
04_lora,Qwen2.5-3B-Instruct,Qwen2.5,False,base,arbitrary_single,plain,10,25,CVQ,semantic,25,0.5729166666666666,,0.5036077901678355,0.6422255431654977,0.0693088764988311,192,110,,,,,,raw,lora_intervention/experiments/behavioral_block_lora_results/results.json,block-vs-LoRA behavioural sweep; cell K10N25; condition key base_plain
04_lora,Qwen2.5-3B-Instruct,Qwen2.5,False,base,arbitrary_single,plain,10,50,FVQ,ordinal,1,0.3352272727272727,,0.2660549204206171,0.4043996250339283,0.0691723523066556,176,59,,,,,,raw,lora_intervention/experiments/behavioral_block_lora_results/results.json,block-vs-LoRA behavioural sweep; cell K10N50; condition key base_plain
04_lora,Qwen2.5-3B-Instruct,Qwen2.5,False,base,arbitrary_single,plain,10,50,IVQ,ordinal,2,0.046875,,0.0,0.1085951429654443,0.0617201429654443,64,3,,,,,,raw,lora_intervention/experiments/behavioral_block_lora_results/results.json,block-vs-LoRA behavioural sweep; cell K10N50; condition key base_plain
04_lora,Qwen2.5-3B-Instruct,Qwen2.5,False,base,arbitrary_single,plain,10,50,IVQ,ordinal,3,0.03125,,0.0,0.08677906924853511,0.05552906924853511,64,2,,,,,,raw,lora_intervention/experiments/behavioral_block_lora_results/results.json,block-vs-LoRA behavioural sweep; cell K10N50; condition key base_plain
04_lora,Qwen2.5-3B-Instruct,Qwen2.5,False,base,arbitrary_single,plain,10,50,IVQ,ordinal,4,0.0625,,0.0035930169610395232,0.12140698303896047,0.05890698303896048,80,5,,,,,,raw,lora_intervention/experiments/behavioral_block_lora_results/results.json,block-vs-LoRA behavioural sweep; cell K10N50; condition key base_plain
04_lora,Qwen2.5-3B-Instruct,Qwen2.5,False,base,arbitrary_single,plain,10,50,IVQ,ordinal,5,0.020833333333333332,,0.0,0.0836010255666804,0.06276769223334708,48,1,,,,,,raw,lora_intervention/experiments/behavioral_block_lora_results/results.json,block-vs-LoRA behavioural sweep; cell K10N50; condition key base_plain
04_lora,Qwen2.5-3B-Instruct,Qwen2.5,False,base,arbitrary_single,plain,10,50,IVQ,ordinal,6,0.0,,0.0,0.051418608310220645,0.051418608310220645,48,0,,,,,,raw,lora_intervention/experiments/behavioral_block_lora_results/results.json,block-vs-LoRA behavioural sweep; cell K10N50; condition key base_plain
04_lora,Qwen2.5-3B-Instruct,Qwen2.5,False,base,arbitrary_single,plain,10,50,IVQ,ordinal,7,0.0,,0.0,0.051418608310220645,0.051418608310220645,48,0,,,,,,raw,lora_intervention/experiments/behavioral_block_lora_results/results.json,block-vs-LoRA behavioural sweep; cell K10N50; condition key base_plain
04_lora,Qwen2.5-3B-Instruct,Qwen2.5,False,base,arbitrary_single,plain,10,50,IVQ,ordinal,8,0.020833333333333332,,0.0,0.0836010255666804,0.06276769223334708,48,1,,,,,,raw,lora_intervention/experiments/behavioral_block_lora_results/results.json,block-vs-LoRA behavioural sweep; cell K10N50; condition key base_plain
04_lora,Qwen2.5-3B-Instruct,Qwen2.5,False,base,arbitrary_single,plain,10,50,IVQ,ordinal,9,0.0,,0.0,0.051418608310220645,0.051418608310220645,48,0,,,,,,raw,lora_intervention/experiments/behavioral_block_lora_results/results.json,block-vs-LoRA behavioural sweep; cell K10N50; condition key base_plain
04_lora,Qwen2.5-3B-Instruct,Qwen2.5,False,base,arbitrary_single,plain,10,50,IVQ,ordinal,10,0.0,,0.0,0.051418608310220645,0.051418608310220645,48,0,,,,,,raw,lora_intervention/experiments/behavioral_block_lora_results/results.json,block-vs-LoRA behavioural sweep; cell K10N50; condition key base_plain
04_lora,Qwen2.5-3B-Instruct,Qwen2.5,False,base,arbitrary_single,plain,10,50,IVQ,ordinal,11,0.020833333333333332,,0.0,0.0836010255666804,0.06276769223334708,48,1,,,,,,raw,lora_intervention/experiments/behavioral_block_lora_results/results.json,block-vs-LoRA behavioural sweep; cell K10N50; condition key base_plain
04_lora,Qwen2.5-3B-Instruct,Qwen2.5,False,base,arbitrary_single,plain,10,50,IVQ,ordinal,12,0.0,,0.0,0.051418608310220645,0.051418608310220645,48,0,,,,,,raw,lora_intervention/experiments/behavioral_block_lora_results/results.json,block-vs-LoRA behavioural sweep; cell K10N50; condition key base_plain
04_lora,Qwen2.5-3B-Instruct,Qwen2.5,False,base,arbitrary_single,plain,10,50,IVQ,ordinal,13,0.0,,0.0,0.051418608310220645,0.051418608310220645,48,0,,,,,,raw,lora_intervention/experiments/behavioral_block_lora_results/results.json,block-vs-LoRA behavioural sweep; cell K10N50; condition key base_plain
04_lora,Qwen2.5-3B-Instruct,Qwen2.5,False,base,arbitrary_single,plain,10,50,IVQ,ordinal,14,0.020833333333333332,,0.0,0.0836010255666804,0.06276769223334708,48,1,,,,,,raw,lora_intervention/experiments/behavioral_block_lora_results/results.json,block-vs-LoRA behavioural sweep; cell K10N50; condition key base_plain
04_lora,Qwen2.5-3B-Instruct,Qwen2.5,False,base,arbitrary_single,plain,10,50,IVQ,ordinal,15,0.0,,0.0,0.051418608310220645,0.051418608310220645,48,0,,,,,,raw,lora_intervention/experiments/behavioral_block_lora_results/results.json,block-vs-LoRA behavioural sweep; cell K10N50; condition key base_plain
04_lora,Qwen2.5-3B-Instruct,Qwen2.5,False,base,arbitrary_single,plain,10,50,IVQ,ordinal,16,0.03125,,0.0,0.08677906924853511,0.05552906924853511,64,2,,,,,,raw,lora_intervention/experiments/behavioral_block_lora_results/results.json,block-vs-LoRA behavioural sweep; cell K10N50; condition key base_plain
04_lora,Qwen2.5-3B-Instruct,Qwen2.5,False,base,arbitrary_single,plain,10,50,IVQ,ordinal,17,0.0,,0.0,0.051418608310220645,0.051418608310220645,48,0,,,,,,raw,lora_intervention/experiments/behavioral_block_lora_results/results.json,block-vs-LoRA behavioural sweep; cell K10N50; condition key base_plain
04_lora,Qwen2.5-3B-Instruct,Qwen2.5,False,base,arbitrary_single,plain,10,50,IVQ,ordinal,18,0.0,,0.0,0.051418608310220645,0.051418608310220645,48,0,,,,,,raw,lora_intervention/experiments/behavioral_block_lora_results/results.json,block-vs-LoRA behavioural sweep; cell K10N50; condition key base_plain
04_lora,Qwen2.5-3B-Instruct,Qwen2.5,False,base,arbitrary_single,plain,10,50,IVQ,ordinal,19,0.0,,0.0,0.051418608310220645,0.051418608310220645,48,0,,,,,,raw,lora_intervention/experiments/behavioral_block_lora_results/results.json,block-vs-LoRA behavioural sweep; cell K10N50; condition key base_plain
04_lora,Qwen2.5-3B-Instruct,Qwen2.5,False,base,arbitrary_single,plain,10,50,IVQ,ordinal,20,0.0,,0.0,0.051418608310220645,0.051418608310220645,48,0,,,,,,raw,lora_intervention/experiments/behavioral_block_lora_results/results.json,block-vs-LoRA behavioural sweep; cell K10N50; condition key base_plain
04_lora,Qwen2.5-3B-Instruct,Qwen2.5,False,base,arbitrary_single,plain,10,50,IVQ,ordinal,21,0.0,,0.0,0.051418608310220645,0.051418608310220645,48,0,,,,,,raw,lora_intervention/experiments/behavioral_block_lora_results/results.json,block-vs-LoRA behavioural sweep; cell K10N50; condition key base_plain
04_lora,Qwen2.5-3B-Instruct,Qwen2.5,False,base,arbitrary_single,plain,10,50,IVQ,ordinal,22,0.0,,0.0,0.051418608310220645,0.051418608310220645,48,0,,,,,,raw,lora_intervention/experiments/behavioral_block_lora_results/results.json,block-vs-LoRA behavioural sweep; cell K10N50; condition key base_plain
04_lora,Qwen2.5-3B-Instruct,Qwen2.5,False,base,arbitrary_single,plain,10,50,IVQ,ordinal,23,0.0,,0.0,0.051418608310220645,0.051418608310220645,48,0,,,,,,raw,lora_intervention/experiments/behavioral_block_lora_results/results.json,block-vs-LoRA behavioural sweep; cell K10N50; condition key base_plain
04_lora,Qwen2.5-3B-Instruct,Qwen2.5,False,base,arbitrary_single,plain,10,50,IVQ,ordinal,24,0.0,,0.0,0.051418608310220645,0.051418608310220645,48,0,,,,,,raw,lora_intervention/experiments/behavioral_block_lora_results/results.json,block-vs-LoRA behavioural sweep; cell K10N50; condition key base_plain
04_lora,Qwen2.5-3B-Instruct,Qwen2.5,False,base,arbitrary_single,plain,10,50,IVQ,ordinal,25,0.0,,0.0,0.051418608310220645,0.051418608310220645,48,0,,,,,,raw,lora_intervention/experiments/behavioral_block_lora_results/results.json,block-vs-LoRA behavioural sweep; cell K10N50; condition key base_plain
04_lora,Qwen2.5-3B-Instruct,Qwen2.5,False,base,arbitrary_single,plain,10,50,IVQ,ordinal,26,0.020833333333333332,,0.0,0.0836010255666804,0.06276769223334708,48,1,,,,,,raw,lora_intervention/experiments/behavioral_block_lora_results/results.json,block-vs-LoRA behavioural sweep; cell K10N50; condition key base_plain
04_lora,Qwen2.5-3B-Instruct,Qwen2.5,False,base,arbitrary_single,plain,10,50,IVQ,ordinal,27,0.0,,0.0,0.051418608310220645,0.051418608310220645,48,0,,,,,,raw,lora_intervention/experiments/behavioral_block_lora_results/results.json,block-vs-LoRA behavioural sweep; cell K10N50; condition key base_plain
04_lora,Qwen2.5-3B-Instruct,Qwen2.5,False,base,arbitrary_single,plain,10,50,IVQ,ordinal,28,0.0,,0.0,0.051418608310220645,0.051418608310220645,48,0,,,,,,raw,lora_intervention/experiments/behavioral_block_lora_results/results.json,block-vs-LoRA behavioural sweep; cell K10N50; condition key base_plain
04_lora,Qwen2.5-3B-Instruct,Qwen2.5,False,base,arbitrary_single,plain,10,50,IVQ,ordinal,29,0.020833333333333332,,0.0,0.0836010255666804,0.06276769223334708,48,1,,,,,,raw,lora_intervention/experiments/behavioral_block_lora_results/results.json,block-vs-LoRA behavioural sweep; cell K10N50; condition key base_plain
04_lora,Qwen2.5-3B-Instruct,Qwen2.5,False,base,arbitrary_single,plain,10,50,IVQ,ordinal,30,0.020833333333333332,,0.0,0.0836010255666804,0.06276769223334708,48,1,,,,,,raw,lora_intervention/experiments/behavioral_block_lora_results/results.json,block-vs-LoRA behavioural sweep; cell K10N50; condition key base_plain
04_lora,Qwen2.5-3B-Instruct,Qwen2.5,False,base,arbitrary_single,plain,10,50,IVQ,ordinal,31,0.0,,0.0,0.051418608310220645,0.051418608310220645,48,0,,,,,,raw,lora_intervention/experiments/behavioral_block_lora_results/results.json,block-vs-LoRA behavioural sweep; cell K10N50; condition key base_plain
04_lora,Qwen2.5-3B-Instruct,Qwen2.5,False,base,arbitrary_single,plain,10,50,IVQ,ordinal,32,0.0,,0.0,0.051418608310220645,0.051418608310220645,48,0,,,,,,raw,lora_intervention/experiments/behavioral_block_lora_results/results.json,block-vs-LoRA behavioural sweep; cell K10N50; condition key base_plain
04_lora,Qwen2.5-3B-Instruct,Qwen2.5,False,base,arbitrary_single,plain,10,50,IVQ,ordinal,33,0.0,,0.0,0.051418608310220645,0.051418608310220645,48,0,,,,,,raw,lora_intervention/experiments/behavioral_block_lora_results/results.json,block-vs-LoRA behavioural sweep; cell K10N50; condition key base_plain
04_lora,Qwen2.5-3B-Instruct,Qwen2.5,False,base,arbitrary_single,plain,10,50,IVQ,ordinal,34,0.0,,0.0,0.051418608310220645,0.051418608310220645,48,0,,,,,,raw,lora_intervention/experiments/behavioral_block_lora_results/results.json,block-vs-LoRA behavioural sweep; cell K10N50; condition key base_plain
04_lora,Qwen2.5-3B-Instruct,Qwen2.5,False,base,arbitrary_single,plain,10,50,IVQ,ordinal,35,0.03125,,0.0,0.08677906924853511,0.05552906924853511,64,2,,,,,,raw,lora_intervention/experiments/behavioral_block_lora_results/results.json,block-vs-LoRA behavioural sweep; cell K10N50; condition key base_plain
04_lora,Qwen2.5-3B-Instruct,Qwen2.5,False,base,arbitrary_single,plain,10,50,IVQ,ordinal,36,0.03125,,0.0,0.08677906924853511,0.05552906924853511,64,2,,,,,,raw,lora_intervention/experiments/behavioral_block_lora_results/results.json,block-vs-LoRA behavioural sweep; cell K10N50; condition key base_plain
04_lora,Qwen2.5-3B-Instruct,Qwen2.5,False,base,arbitrary_single,plain,10,50,IVQ,ordinal,37,0.020833333333333332,,0.0,0.0836010255666804,0.06276769223334708,48,1,,,,,,raw,lora_intervention/experiments/behavioral_block_lora_results/results.json,block-vs-LoRA behavioural sweep; cell K10N50; condition key base_plain
04_lora,Qwen2.5-3B-Instruct,Qwen2.5,False,base,arbitrary_single,plain,10,50,IVQ,ordinal,38,0.0,,0.0,0.051418608310220645,0.051418608310220645,48,0,,,,,,raw,lora_intervention/experiments/behavioral_block_lora_results/results.json,block-vs-LoRA behavioural sweep; cell K10N50; condition key base_plain
04_lora,Qwen2.5-3B-Instruct,Qwen2.5,False,base,arbitrary_single,plain,10,50,IVQ,ordinal,39,0.0,,0.0,0.051418608310220645,0.051418608310220645,48,0,,,,,,raw,lora_intervention/experiments/behavioral_block_lora_results/results.json,block-vs-LoRA behavioural sweep; cell K10N50; condition key base_plain
04_lora,Qwen2.5-3B-Instruct,Qwen2.5,False,base,arbitrary_single,plain,10,50,IVQ,ordinal,40,0.020833333333333332,,0.0,0.0836010255666804,0.06276769223334708,48,1,,,,,,raw,lora_intervention/experiments/behavioral_block_lora_results/results.json,block-vs-LoRA behavioural sweep; cell K10N50; condition key base_plain
04_lora,Qwen2.5-3B-Instruct,Qwen2.5,False,base,arbitrary_single,plain,10,50,IVQ,ordinal,41,0.020833333333333332,,0.0,0.0836010255666804,0.06276769223334708,48,1,,,,,,raw,lora_intervention/experiments/behavioral_block_lora_results/results.json,block-vs-LoRA behavioural sweep; cell K10N50; condition key base_plain
04_lora,Qwen2.5-3B-Instruct,Qwen2.5,False,base,arbitrary_single,plain,10,50,IVQ,ordinal,42,0.020833333333333332,,0.0,0.0836010255666804,0.06276769223334708,48,1,,,,,,raw,lora_intervention/experiments/behavioral_block_lora_results/results.json,block-vs-LoRA behavioural sweep; cell K10N50; condition key base_plain
04_lora,Qwen2.5-3B-Instruct,Qwen2.5,False,base,arbitrary_single,plain,10,50,IVQ,ordinal,43,0.020833333333333332,,0.0,0.0836010255666804,0.06276769223334708,48,1,,,,,,raw,lora_intervention/experiments/behavioral_block_lora_results/results.json,block-vs-LoRA behavioural sweep; cell K10N50; condition key base_plain
04_lora,Qwen2.5-3B-Instruct,Qwen2.5,False,base,arbitrary_single,plain,10,50,IVQ,ordinal,44,0.046875,,0.0,0.1085951429654443,0.0617201429654443,64,3,,,,,,raw,lora_intervention/experiments/behavioral_block_lora_results/results.json,block-vs-LoRA behavioural sweep; cell K10N50; condition key base_plain
04_lora,Qwen2.5-3B-Instruct,Qwen2.5,False,base,arbitrary_single,plain,10,50,IVQ,ordinal,45,0.020833333333333332,,0.0,0.0836010255666804,0.06276769223334708,48,1,,,,,,raw,lora_intervention/experiments/behavioral_block_lora_results/results.json,block-vs-LoRA behavioural sweep; cell K10N50; condition key base_plain
04_lora,Qwen2.5-3B-Instruct,Qwen2.5,False,base,arbitrary_single,plain,10,50,IVQ,ordinal,46,0.020833333333333332,,0.0,0.0836010255666804,0.06276769223334708,48,1,,,,,,raw,lora_intervention/experiments/behavioral_block_lora_results/results.json,block-vs-LoRA behavioural sweep; cell K10N50; condition key base_plain
04_lora,Qwen2.5-3B-Instruct,Qwen2.5,False,base,arbitrary_single,plain,10,50,IVQ,ordinal,47,0.020833333333333332,,0.0,0.0836010255666804,0.06276769223334708,48,1,,,,,,raw,lora_intervention/experiments/behavioral_block_lora_results/results.json,block-vs-LoRA behavioural sweep; cell K10N50; condition key base_plain
04_lora,Qwen2.5-3B-Instruct,Qwen2.5,False,base,arbitrary_single,plain,10,50,IVQ,ordinal,48,0.0625,,0.0,0.12966150559943532,0.06716150559943532,64,4,,,,,,raw,lora_intervention/experiments/behavioral_block_lora_results/results.json,block-vs-LoRA behavioural sweep; cell K10N50; condition key base_plain
04_lora,Qwen2.5-3B-Instruct,Qwen2.5,False,base,arbitrary_single,plain,10,50,IVQ,ordinal,49,0.075,,0.012391738206829456,0.13760826179317054,0.06260826179317054,80,6,,,,,,raw,lora_intervention/experiments/behavioral_block_lora_results/results.json,block-vs-LoRA behavioural sweep; cell K10N50; condition key base_plain
04_lora,Qwen2.5-3B-Instruct,Qwen2.5,False,base,arbitrary_single,plain,10,50,CVQ,semantic,50,0.51,,0.4413728388754208,0.5786271611245792,0.06862716112457923,200,102,,,,,,raw,lora_intervention/experiments/behavioral_block_lora_results/results.json,block-vs-LoRA behavioural sweep; cell K10N50; condition key base_plain
04_lora,Qwen2.5-3B-Instruct,Qwen2.5,False,base,arbitrary_single,plain,10,100,FVQ,ordinal,1,0.15625,,0.09269561593526293,0.21980438406473707,0.06355438406473707,128,20,,,,,,raw,lora_intervention/experiments/behavioral_block_lora_results/results.json,block-vs-LoRA behavioural sweep; cell K10N100; condition key base_plain
04_lora,Qwen2.5-3B-Instruct,Qwen2.5,False,base,arbitrary_single,plain,10,100,CVQ,semantic,100,0.5572916666666666,,0.4877066209193801,0.6268767124139532,0.0695850457472865,192,107,,,,,,raw,lora_intervention/experiments/behavioral_block_lora_results/results.json,block-vs-LoRA behavioural sweep; cell K10N100; condition key base_plain
04_lora,Qwen2.5-3B-Instruct,Qwen2.5,False,base,arbitrary_single,plain,20,20,FVQ,ordinal,1,0.26875,,0.20044186110977408,0.3370581388902259,0.0683081388902259,160,43,,,,,,raw,lora_intervention/experiments/behavioral_block_lora_results/results.json,block-vs-LoRA behavioural sweep; cell K20N20; condition key base_plain
04_lora,Qwen2.5-3B-Instruct,Qwen2.5,False,base,arbitrary_single,plain,20,20,CVQ,semantic,20,0.578125,,0.5089232044123866,0.6473267955876134,0.06920179558761336,192,111,,,,,,raw,lora_intervention/experiments/behavioral_block_lora_results/results.json,block-vs-LoRA behavioural sweep; cell K20N20; condition key base_plain
04_lora,Qwen2.5-3B-Instruct,Qwen2.5,False,base,arbitrary_single,plain,10,20,FVQ,semantic,1,0.39,,,,0.09398708718290016,100,39,,,,,extrapolation,raw,lora_intervention/experiments/e1_results/results_multiples.jsonl,E1 extrapolation; scan A; target=FVQ
04_lora,Qwen2.5-3B-Instruct,Qwen2.5,False,base,arbitrary_single,plain,10,20,FVQ,semantic,1,0.39,,,,0.09398708718290016,100,39,,,,,extrapolation,raw,lora_intervention/experiments/e1_results/results_multiples.jsonl,E1 extrapolation; scan B; target=FVQ
04_lora,Qwen2.5-3B-Instruct,Qwen2.5,False,base,arbitrary_single,plain,10,20,IVQ,ordinal,2,0.12222222222222222,,,,0.06971684922050277,90,11,,,,,extrapolation,raw,lora_intervention/experiments/e1_results/results_multiples.jsonl,E1 extrapolation; scan A; target=IVQ@0.10; early-stopped
04_lora,Qwen2.5-3B-Instruct,Qwen2.5,False,base,arbitrary_single,plain,10,20,IVQ,ordinal,2,0.12222222222222222,,,,0.06971684922050277,90,11,,,,,extrapolation,raw,lora_intervention/experiments/e1_results/results_multiples.jsonl,E1 extrapolation; scan B; target=IVQ@0.10; early-stopped
04_lora,Qwen2.5-3B-Instruct,Qwen2.5,False,base,arbitrary_single,plain,10,20,IVQ,ordinal,5,0.13,,,,0.06746783121998925,100,13,,,,,extrapolation,raw,lora_intervention/experiments/e1_results/results_multiples.jsonl,E1 extrapolation; scan A; target=IVQ@0.25
04_lora,Qwen2.5-3B-Instruct,Qwen2.5,False,base,arbitrary_single,plain,10,20,IVQ,ordinal,5,0.13,,,,0.06746783121998925,100,13,,,,,extrapolation,raw,lora_intervention/experiments/e1_results/results_multiples.jsonl,E1 extrapolation; scan B; target=IVQ@0.25
04_lora,Qwen2.5-3B-Instruct,Qwen2.5,False,base,arbitrary_single,plain,10,20,IVQ,ordinal,10,0.05,,,,0.06542633629673617,60,3,,,,,extrapolation,raw,lora_intervention/experiments/e1_results/results_multiples.jsonl,E1 extrapolation; scan A; target=IVQ@0.50; early-stopped
04_lora,Qwen2.5-3B-Instruct,Qwen2.5,False,base,arbitrary_single,plain,10,20,IVQ,ordinal,10,0.05,,,,0.06542633629673617,60,3,,,,,extrapolation,raw,lora_intervention/experiments/e1_results/results_multiples.jsonl,E1 extrapolation; scan B; target=IVQ@0.50; early-stopped
04_lora,Qwen2.5-3B-Instruct,Qwen2.5,False,base,arbitrary_single,plain,10,20,IVQ,ordinal,15,0.0,,,,0.06058740235904346,40,0,,,,,extrapolation,raw,lora_intervention/experiments/e1_results/results_multiples.jsonl,E1 extrapolation; scan A; target=IVQ@0.75; early-stopped
04_lora,Qwen2.5-3B-Instruct,Qwen2.5,False,base,arbitrary_single,plain,10,20,IVQ,ordinal,15,0.0,,,,0.06058740235904346,40,0,,,,,extrapolation,raw,lora_intervention/experiments/e1_results/results_multiples.jsonl,E1 extrapolation; scan B; target=IVQ@0.75; early-stopped
04_lora,Qwen2.5-3B-Instruct,Qwen2.5,False,base,arbitrary_single,plain,10,20,IVQ,ordinal,18,0.02,,,,0.060503103804903334,50,1,,,,,extrapolation,raw,lora_intervention/experiments/e1_results/results_multiples.jsonl,E1 extrapolation; scan A; target=IVQ@0.90; early-stopped
04_lora,Qwen2.5-3B-Instruct,Qwen2.5,False,base,arbitrary_single,plain,10,20,IVQ,ordinal,18,0.02,,,,0.060503103804903334,50,1,,,,,extrapolation,raw,lora_intervention/experiments/e1_results/results_multiples.jsonl,E1 extrapolation; scan B; target=IVQ@0.90; early-stopped
04_lora,Qwen2.5-3B-Instruct,Qwen2.5,False,base,arbitrary_single,plain,10,20,CVQ,semantic,20,0.48,,,,0.09609879596521127,100,48,,,,,extrapolation,raw,lora_intervention/experiments/e1_results/results_multiples.jsonl,E1 extrapolation; scan A; target=CVQ
04_lora,Qwen2.5-3B-Instruct,Qwen2.5,False,base,arbitrary_single,plain,10,20,CVQ,semantic,20,0.48,,,,0.09609879596521127,100,48,,,,,extrapolation,raw,lora_intervention/experiments/e1_results/results_multiples.jsonl,E1 extrapolation; scan B; target=CVQ
04_lora,Qwen2.5-3B-Instruct,Qwen2.5,False,base,arbitrary_single,plain,10,40,FVQ,semantic,1,0.32,,,,0.09020596401009019,100,32,,,,,extrapolation,raw,lora_intervention/experiments/e1_results/results_multiples.jsonl,E1 extrapolation; scan A; target=FVQ
04_lora,Qwen2.5-3B-Instruct,Qwen2.5,False,base,arbitrary_single,plain,10,40,IVQ,ordinal,4,0.07142857142857142,,,,0.06647573307033784,70,5,,,,,extrapolation,raw,lora_intervention/experiments/e1_results/results_multiples.jsonl,E1 extrapolation; scan A; target=IVQ@0.10; early-stopped
04_lora,Qwen2.5-3B-Instruct,Qwen2.5,False,base,arbitrary_single,plain,10,40,IVQ,ordinal,10,0.05,,,,0.06542633629673617,60,3,,,,,extrapolation,raw,lora_intervention/experiments/e1_results/results_multiples.jsonl,E1 extrapolation; scan A; target=IVQ@0.25; early-stopped
04_lora,Qwen2.5-3B-Instruct,Qwen2.5,False,base,arbitrary_single,plain,10,40,IVQ,ordinal,20,0.0,,,,0.06058740235904346,40,0,,,,,extrapolation,raw,lora_intervention/experiments/e1_results/results_multiples.jsonl,E1 extrapolation; scan A; target=IVQ@0.50; early-stopped
04_lora,Qwen2.5-3B-Instruct,Qwen2.5,False,base,arbitrary_single,plain,10,40,IVQ,ordinal,30,0.0,,,,0.06058740235904346,40,0,,,,,extrapolation,raw,lora_intervention/experiments/e1_results/results_multiples.jsonl,E1 extrapolation; scan A; target=IVQ@0.75; early-stopped
04_lora,Qwen2.5-3B-Instruct,Qwen2.5,False,base,arbitrary_single,plain,10,40,IVQ,ordinal,36,0.04,,,,0.06940763531801335,50,2,,,,,extrapolation,raw,lora_intervention/experiments/e1_results/results_multiples.jsonl,E1 extrapolation; scan A; target=IVQ@0.90; early-stopped
04_lora,Qwen2.5-3B-Instruct,Qwen2.5,False,base,arbitrary_single,plain,10,40,CVQ,semantic,40,0.57,,,,0.09529213845745692,100,57,,,,,extrapolation,raw,lora_intervention/experiments/e1_results/results_multiples.jsonl,E1 extrapolation; scan A; target=CVQ
04_lora,Qwen2.5-3B-Instruct,Qwen2.5,False,base,arbitrary_single,plain,10,60,FVQ,semantic,1,0.4,,,,0.09436959146394151,100,40,,,,,extrapolation,raw,lora_intervention/experiments/e1_results/results_multiples.jsonl,E1 extrapolation; scan A; target=FVQ
04_lora,Qwen2.5-3B-Instruct,Qwen2.5,False,base,arbitrary_single,plain,10,60,IVQ,ordinal,6,0.0,,,,0.06058740235904346,40,0,,,,,extrapolation,raw,lora_intervention/experiments/e1_results/results_multiples.jsonl,E1 extrapolation; scan A; target=IVQ@0.10; early-stopped
04_lora,Qwen2.5-3B-Instruct,Qwen2.5,False,base,arbitrary_single,plain,10,60,IVQ,ordinal,15,0.0,,,,0.06058740235904346,40,0,,,,,extrapolation,raw,lora_intervention/experiments/e1_results/results_multiples.jsonl,E1 extrapolation; scan A; target=IVQ@0.25; early-stopped
04_lora,Qwen2.5-3B-Instruct,Qwen2.5,False,base,arbitrary_single,plain,10,60,IVQ,ordinal,30,0.0,,,,0.06058740235904346,40,0,,,,,extrapolation,raw,lora_intervention/experiments/e1_results/results_multiples.jsonl,E1 extrapolation; scan A; target=IVQ@0.50; early-stopped
04_lora,Qwen2.5-3B-Instruct,Qwen2.5,False,base,arbitrary_single,plain,10,60,IVQ,ordinal,45,0.0,,,,0.06058740235904346,40,0,,,,,extrapolation,raw,lora_intervention/experiments/e1_results/results_multiples.jsonl,E1 extrapolation; scan A; target=IVQ@0.75; early-stopped
04_lora,Qwen2.5-3B-Instruct,Qwen2.5,False,base,arbitrary_single,plain,10,60,IVQ,ordinal,54,0.05,,,,0.06542633629673617,60,3,,,,,extrapolation,raw,lora_intervention/experiments/e1_results/results_multiples.jsonl,E1 extrapolation; scan A; target=IVQ@0.90; early-stopped
04_lora,Qwen2.5-3B-Instruct,Qwen2.5,False,base,arbitrary_single,plain,10,60,CVQ,semantic,60,0.56,,,,0.09552587252501776,100,56,,,,,extrapolation,raw,lora_intervention/experiments/e1_results/results_multiples.jsonl,E1 extrapolation; scan A; target=CVQ
04_lora,Qwen2.5-3B-Instruct,Qwen2.5,False,base,arbitrary_single,plain,10,80,FVQ,semantic,1,0.24,,,,0.08324342037493837,100,24,,,,,extrapolation,raw,lora_intervention/experiments/e1_results/results_multiples.jsonl,E1 extrapolation; scan A; target=FVQ
04_lora,Qwen2.5-3B-Instruct,Qwen2.5,False,base,arbitrary_single,plain,10,80,IVQ,ordinal,8,0.0,,,,0.06058740235904346,40,0,,,,,extrapolation,raw,lora_intervention/experiments/e1_results/results_multiples.jsonl,E1 extrapolation; scan A; target=IVQ@0.10; early-stopped
04_lora,Qwen2.5-3B-Instruct,Qwen2.5,False,base,arbitrary_single,plain,10,80,IVQ,ordinal,20,0.0,,,,0.06058740235904346,40,0,,,,,extrapolation,raw,lora_intervention/experiments/e1_results/results_multiples.jsonl,E1 extrapolation; scan A; target=IVQ@0.25; early-stopped
04_lora,Qwen2.5-3B-Instruct,Qwen2.5,False,base,arbitrary_single,plain,10,80,IVQ,ordinal,40,0.02,,,,0.060503103804903334,50,1,,,,,extrapolation,raw,lora_intervention/experiments/e1_results/results_multiples.jsonl,E1 extrapolation; scan A; target=IVQ@0.50; early-stopped
04_lora,Qwen2.5-3B-Instruct,Qwen2.5,False,base,arbitrary_single,plain,10,80,IVQ,ordinal,60,0.0,,,,0.06058740235904346,40,0,,,,,extrapolation,raw,lora_intervention/experiments/e1_results/results_multiples.jsonl,E1 extrapolation; scan A; target=IVQ@0.75; early-stopped
04_lora,Qwen2.5-3B-Instruct,Qwen2.5,False,base,arbitrary_single,plain,10,80,IVQ,ordinal,72,0.0,,,,0.06058740235904346,40,0,,,,,extrapolation,raw,lora_intervention/experiments/e1_results/results_multiples.jsonl,E1 extrapolation; scan A; target=IVQ@0.90; early-stopped
04_lora,Qwen2.5-3B-Instruct,Qwen2.5,False,base,arbitrary_single,plain,10,80,CVQ,semantic,80,0.61,,,,0.09398708718290016,100,61,,,,,extrapolation,raw,lora_intervention/experiments/e1_results/results_multiples.jsonl,E1 extrapolation; scan A; target=CVQ
04_lora,Qwen2.5-3B-Instruct,Qwen2.5,False,base,arbitrary_single,plain,10,100,FVQ,semantic,1,0.04,,,,0.06940763531801335,50,2,,,,,extrapolation,raw,lora_intervention/experiments/e1_results/results_multiples.jsonl,E1 extrapolation; scan A; target=FVQ; early-stopped
04_lora,Qwen2.5-3B-Instruct,Qwen2.5,False,base,arbitrary_single,plain,10,100,IVQ,ordinal,10,0.0,,,,0.06058740235904346,40,0,,,,,extrapolation,raw,lora_intervention/experiments/e1_results/results_multiples.jsonl,E1 extrapolation; scan A; target=IVQ@0.10; early-stopped
04_lora,Qwen2.5-3B-Instruct,Qwen2.5,False,base,arbitrary_single,plain,10,100,IVQ,ordinal,25,0.0,,,,0.06058740235904346,40,0,,,,,extrapolation,raw,lora_intervention/experiments/e1_results/results_multiples.jsonl,E1 extrapolation; scan A; target=IVQ@0.25; early-stopped
04_lora,Qwen2.5-3B-Instruct,Qwen2.5,False,base,arbitrary_single,plain,10,100,IVQ,ordinal,50,0.0,,,,0.06058740235904346,40,0,,,,,extrapolation,raw,lora_intervention/experiments/e1_results/results_multiples.jsonl,E1 extrapolation; scan A; target=IVQ@0.50; early-stopped
04_lora,Qwen2.5-3B-Instruct,Qwen2.5,False,base,arbitrary_single,plain,10,100,IVQ,ordinal,75,0.0,,,,0.06058740235904346,40,0,,,,,extrapolation,raw,lora_intervention/experiments/e1_results/results_multiples.jsonl,E1 extrapolation; scan A; target=IVQ@0.75; early-stopped
04_lora,Qwen2.5-3B-Instruct,Qwen2.5,False,base,arbitrary_single,plain,10,100,IVQ,ordinal,90,0.0,,,,0.06058740235904346,40,0,,,,,extrapolation,raw,lora_intervention/experiments/e1_results/results_multiples.jsonl,E1 extrapolation; scan A; target=IVQ@0.90; early-stopped
04_lora,Qwen2.5-3B-Instruct,Qwen2.5,False,base,arbitrary_single,plain,10,100,CVQ,semantic,100,0.52,,,,0.09609879596521127,100,52,,,,,extrapolation,raw,lora_intervention/experiments/e1_results/results_multiples.jsonl,E1 extrapolation; scan A; target=CVQ
04_lora,Qwen2.5-3B-Instruct,Qwen2.5,False,base,arbitrary_single,plain,15,10,FVQ,semantic,1,0.5,,,,0.06864037790965478,200,100,,,,,extrapolation,raw,lora_intervention/experiments/bigcell_ivq/out/qwen/results.jsonl,E1 extrapolation; scan C; target=FVQ
04_lora,Qwen2.5-3B-Instruct,Qwen2.5,False,base,arbitrary_single,plain,15,10,IVQ,ordinal,2,0.16363636363636364,,,,0.06979733876332062,110,18,,,,,extrapolation,raw,lora_intervention/experiments/bigcell_ivq/out/qwen/results.jsonl,E1 extrapolation; scan C; target=IVQ@0.10; early-stopped
04_lora,Qwen2.5-3B-Instruct,Qwen2.5,False,base,arbitrary_single,plain,15,10,IVQ,ordinal,5,0.04,,,,0.06940763531801335,50,2,,,,,extrapolation,raw,lora_intervention/experiments/bigcell_ivq/out/qwen/results.jsonl,E1 extrapolation; scan C; target=IVQ@0.50; early-stopped
04_lora,Qwen2.5-3B-Instruct,Qwen2.5,False,base,arbitrary_single,plain,15,10,IVQ,ordinal,9,0.02,,,,0.060503103804903334,50,1,,,,,extrapolation,raw,lora_intervention/experiments/bigcell_ivq/out/qwen/results.jsonl,E1 extrapolation; scan C; target=IVQ@0.90; early-stopped
04_lora,Qwen2.5-3B-Instruct,Qwen2.5,False,base,arbitrary_single,plain,15,10,CVQ,semantic,10,0.5631578947368421,,,,0.06984704579061478,190,107,,,,,extrapolation,raw,lora_intervention/experiments/bigcell_ivq/out/qwen/results.jsonl,E1 extrapolation; scan C; target=CVQ; early-stopped
04_lora,Qwen2.5-3B-Instruct,Qwen2.5,False,base,arbitrary_single,plain,15,15,FVQ,semantic,1,0.35555555555555557,,,,0.06932610933801381,180,64,,,,,extrapolation,raw,lora_intervention/experiments/bigcell_ivq/out/qwen/results.jsonl,E1 extrapolation; scan C; target=FVQ; early-stopped
04_lora,Qwen2.5-3B-Instruct,Qwen2.5,False,base,arbitrary_single,plain,15,15,IVQ,ordinal,2,0.1,,,,0.06913905055439752,80,8,,,,,extrapolation,raw,lora_intervention/experiments/bigcell_ivq/out/qwen/results.jsonl,E1 extrapolation; scan C; target=IVQ@0.10; early-stopped
04_lora,Qwen2.5-3B-Instruct,Qwen2.5,False,base,arbitrary_single,plain,15,15,IVQ,ordinal,8,0.1,,,,0.06488165719978455,90,9,,,,,extrapolation,raw,lora_intervention/experiments/bigcell_ivq/out/qwen/results.jsonl,E1 extrapolation; scan C; target=IVQ@0.50; early-stopped
04_lora,Qwen2.5-3B-Instruct,Qwen2.5,False,base,arbitrary_single,plain,15,15,IVQ,ordinal,14,0.07142857142857142,,,,0.06647573307033784,70,5,,,,,extrapolation,raw,lora_intervention/experiments/bigcell_ivq/out/qwen/results.jsonl,E1 extrapolation; scan C; target=IVQ@0.90; early-stopped
04_lora,Qwen2.5-3B-Instruct,Qwen2.5,False,base,arbitrary_single,plain,15,15,CVQ,semantic,15,0.53,,,,0.06852133506820228,200,106,,,,,extrapolation,raw,lora_intervention/experiments/bigcell_ivq/out/qwen/results.jsonl,E1 extrapolation; scan C; target=CVQ
04_lora,Qwen2.5-3B-Instruct,Qwen2.5,False,base,arbitrary_single,plain,15,20,FVQ,semantic,1,0.24,,,,0.06810277672247071,150,36,,,,,extrapolation,raw,lora_intervention/experiments/bigcell_ivq/out/qwen/results.jsonl,E1 extrapolation; scan C; target=FVQ; early-stopped
04_lora,Qwen2.5-3B-Instruct,Qwen2.5,False,base,arbitrary_single,plain,15,20,IVQ,ordinal,2,0.12222222222222222,,,,0.06971684922050277,90,11,,,,,extrapolation,raw,lora_intervention/experiments/bigcell_ivq/out/qwen/results.jsonl,E1 extrapolation; scan C; target=IVQ@0.10; early-stopped
04_lora,Qwen2.5-3B-Instruct,Qwen2.5,False,base,arbitrary_single,plain,15,20,IVQ,ordinal,10,0.05,,,,0.06542633629673617,60,3,,,,,extrapolation,raw,lora_intervention/experiments/bigcell_ivq/out/qwen/results.jsonl,E1 extrapolation; scan C; target=IVQ@0.50; early-stopped
04_lora,Qwen2.5-3B-Instruct,Qwen2.5,False,base,arbitrary_single,plain,15,20,IVQ,ordinal,18,0.04,,,,0.06940763531801335,50,2,,,,,extrapolation,raw,lora_intervention/experiments/bigcell_ivq/out/qwen/results.jsonl,E1 extrapolation; scan C; target=IVQ@0.90; early-stopped
04_lora,Qwen2.5-3B-Instruct,Qwen2.5,False,base,arbitrary_single,plain,15,20,CVQ,semantic,20,0.495,,,,0.06863707395198244,200,99,,,,,extrapolation,raw,lora_intervention/experiments/bigcell_ivq/out/qwen/results.jsonl,E1 extrapolation; scan C; target=CVQ
04_lora,Qwen2.5-3B-Instruct,Qwen2.5,False,base,arbitrary_single,plain,15,30,FVQ,semantic,1,0.26,,,,0.06982395106585305,150,39,,,,,extrapolation,raw,lora_intervention/experiments/bigcell_ivq/out/qwen/results.jsonl,E1 extrapolation; scan C; target=FVQ; early-stopped
04_lora,Qwen2.5-3B-Instruct,Qwen2.5,False,base,arbitrary_single,plain,15,30,IVQ,ordinal,3,0.0,,,,0.06058740235904346,40,0,,,,,extrapolation,raw,lora_intervention/experiments/bigcell_ivq/out/qwen/results.jsonl,E1 extrapolation; scan C; target=IVQ@0.10; early-stopped
04_lora,Qwen2.5-3B-Instruct,Qwen2.5,False,base,arbitrary_single,plain,15,30,IVQ,ordinal,15,0.02,,,,0.060503103804903334,50,1,,,,,extrapolation,raw,lora_intervention/experiments/bigcell_ivq/out/qwen/results.jsonl,E1 extrapolation; scan C; target=IVQ@0.50; early-stopped
04_lora,Qwen2.5-3B-Instruct,Qwen2.5,False,base,arbitrary_single,plain,15,30,IVQ,ordinal,27,0.04,,,,0.06940763531801335,50,2,,,,,extrapolation,raw,lora_intervention/experiments/bigcell_ivq/out/qwen/results.jsonl,E1 extrapolation; scan C; target=IVQ@0.90; early-stopped
04_lora,Qwen2.5-3B-Instruct,Qwen2.5,False,base,arbitrary_single,plain,15,30,CVQ,semantic,30,0.6105263157894737,,,,0.06871652496268763,190,116,,,,,extrapolation,raw,lora_intervention/experiments/bigcell_ivq/out/qwen/results.jsonl,E1 extrapolation; scan C; target=CVQ; early-stopped
04_lora,Qwen2.5-3B-Instruct,Qwen2.5,False,base,arbitrary_single,plain,15,50,FVQ,semantic,1,0.20714285714285716,,,,0.06713386447584402,140,29,,,,,extrapolation,raw,lora_intervention/experiments/bigcell_ivq/out/qwen/results.jsonl,E1 extrapolation; scan C; target=FVQ; early-stopped
04_lora,Qwen2.5-3B-Instruct,Qwen2.5,False,base,arbitrary_single,plain,15,50,IVQ,ordinal,5,0.0,,,,0.06058740235904346,40,0,,,,,extrapolation,raw,lora_intervention/experiments/bigcell_ivq/out/qwen/results.jsonl,E1 extrapolation; scan C; target=IVQ@0.10; early-stopped
04_lora,Qwen2.5-3B-Instruct,Qwen2.5,False,base,arbitrary_single,plain,15,50,IVQ,ordinal,25,0.04,,,,0.06940763531801335,50,2,,,,,extrapolation,raw,lora_intervention/experiments/bigcell_ivq/out/qwen/results.jsonl,E1 extrapolation; scan C; target=IVQ@0.50; early-stopped
04_lora,Qwen2.5-3B-Instruct,Qwen2.5,False,base,arbitrary_single,plain,15,50,IVQ,ordinal,45,0.0,,,,0.06058740235904346,40,0,,,,,extrapolation,raw,lora_intervention/experiments/bigcell_ivq/out/qwen/results.jsonl,E1 extrapolation; scan C; target=IVQ@0.90; early-stopped
04_lora,Qwen2.5-3B-Instruct,Qwen2.5,False,base,arbitrary_single,plain,15,50,CVQ,semantic,50,0.5631578947368421,,,,0.06984704579061478,190,107,,,,,extrapolation,raw,lora_intervention/experiments/bigcell_ivq/out/qwen/results.jsonl,E1 extrapolation; scan C; target=CVQ; early-stopped
04_lora,Qwen2.5-3B-Instruct,Qwen2.5,False,base,arbitrary_single,plain,20,10,FVQ,semantic,1,0.455,,,,0.0683722400500717,200,91,,,,,extrapolation,raw,lora_intervention/experiments/bigcell_ivq/out/qwen/results.jsonl,E1 extrapolation; scan C; target=FVQ
04_lora,Qwen2.5-3B-Instruct,Qwen2.5,False,base,arbitrary_single,plain,20,10,IVQ,ordinal,2,0.1,,,,0.06913905055439752,80,8,,,,,extrapolation,raw,lora_intervention/experiments/bigcell_ivq/out/qwen/results.jsonl,E1 extrapolation; scan C; target=IVQ@0.10; early-stopped
04_lora,Qwen2.5-3B-Instruct,Qwen2.5,False,base,arbitrary_single,plain,20,10,IVQ,ordinal,5,0.1,,,,0.06913905055439752,80,8,,,,,extrapolation,raw,lora_intervention/experiments/bigcell_ivq/out/qwen/results.jsonl,E1 extrapolation; scan C; target=IVQ@0.50; early-stopped
04_lora,Qwen2.5-3B-Instruct,Qwen2.5,False,base,arbitrary_single,plain,20,10,IVQ,ordinal,9,0.02,,,,0.060503103804903334,50,1,,,,,extrapolation,raw,lora_intervention/experiments/bigcell_ivq/out/qwen/results.jsonl,E1 extrapolation; scan C; target=IVQ@0.90; early-stopped
04_lora,Qwen2.5-3B-Instruct,Qwen2.5,False,base,arbitrary_single,plain,20,10,CVQ,semantic,10,0.43157894736842106,,,,0.06975259036541667,190,82,,,,,extrapolation,raw,lora_intervention/experiments/bigcell_ivq/out/qwen/results.jsonl,E1 extrapolation; scan C; target=CVQ; early-stopped
04_lora,Qwen2.5-3B-Instruct,Qwen2.5,False,base,arbitrary_single,plain,20,15,FVQ,semantic,1,0.35555555555555557,,,,0.06932610933801381,180,64,,,,,extrapolation,raw,lora_intervention/experiments/bigcell_ivq/out/qwen/results.jsonl,E1 extrapolation; scan C; target=FVQ; early-stopped
04_lora,Qwen2.5-3B-Instruct,Qwen2.5,False,base,arbitrary_single,plain,20,15,IVQ,ordinal,2,0.1111111111111111,,,,0.06737716893195728,90,10,,,,,extrapolation,raw,lora_intervention/experiments/bigcell_ivq/out/qwen/results.jsonl,E1 extrapolation; scan C; target=IVQ@0.10; early-stopped
04_lora,Qwen2.5-3B-Instruct,Qwen2.5,False,base,arbitrary_single,plain,20,15,IVQ,ordinal,8,0.02,,,,0.060503103804903334,50,1,,,,,extrapolation,raw,lora_intervention/experiments/bigcell_ivq/out/qwen/results.jsonl,E1 extrapolation; scan C; target=IVQ@0.50; early-stopped
04_lora,Qwen2.5-3B-Instruct,Qwen2.5,False,base,arbitrary_single,plain,20,15,IVQ,ordinal,14,0.0,,,,0.06058740235904346,40,0,,,,,extrapolation,raw,lora_intervention/experiments/bigcell_ivq/out/qwen/results.jsonl,E1 extrapolation; scan C; target=IVQ@0.90; early-stopped
04_lora,Qwen2.5-3B-Instruct,Qwen2.5,False,base,arbitrary_single,plain,20,15,CVQ,semantic,15,0.52,,,,0.06858749548813665,200,104,,,,,extrapolation,raw,lora_intervention/experiments/bigcell_ivq/out/qwen/results.jsonl,E1 extrapolation; scan C; target=CVQ
04_lora,Qwen2.5-3B-Instruct,Qwen2.5,False,base,arbitrary_single,plain,20,20,FVQ,semantic,1,0.29,,,,0.08795288462667075,100,29,,,,,extrapolation,raw,lora_intervention/experiments/e1_results/results_multiples.jsonl,E1 extrapolation; scan B; target=FVQ
04_lora,Qwen2.5-3B-Instruct,Qwen2.5,False,base,arbitrary_single,plain,20,20,FVQ,semantic,1,0.26,,,,0.06982395106585305,150,39,,,,,extrapolation,raw,lora_intervention/experiments/bigcell_ivq/out/qwen/results.jsonl,E1 extrapolation; scan C; target=FVQ; early-stopped
04_lora,Qwen2.5-3B-Instruct,Qwen2.5,False,base,arbitrary_single,plain,20,20,IVQ,ordinal,2,0.075,,,,0.06260826179317054,80,6,,,,,extrapolation,raw,lora_intervention/experiments/e1_results/results_multiples.jsonl,E1 extrapolation; scan B; target=IVQ@0.10; early-stopped
04_lora,Qwen2.5-3B-Instruct,Qwen2.5,False,base,arbitrary_single,plain,20,20,IVQ,ordinal,2,0.075,,,,0.06260826179317054,80,6,,,,,extrapolation,raw,lora_intervention/experiments/bigcell_ivq/out/qwen/results.jsonl,E1 extrapolation; scan C; target=IVQ@0.10; early-stopped
04_lora,Qwen2.5-3B-Instruct,Qwen2.5,False,base,arbitrary_single,plain,20,20,IVQ,ordinal,5,0.02,,,,0.060503103804903334,50,1,,,,,extrapolation,raw,lora_intervention/experiments/e1_results/results_multiples.jsonl,E1 extrapolation; scan B; target=IVQ@0.25; early-stopped
04_lora,Qwen2.5-3B-Instruct,Qwen2.5,False,base,arbitrary_single,plain,20,20,IVQ,ordinal,10,0.02,,,,0.060503103804903334,50,1,,,,,extrapolation,raw,lora_intervention/experiments/e1_results/results_multiples.jsonl,E1 extrapolation; scan B; target=IVQ@0.50; early-stopped
04_lora,Qwen2.5-3B-Instruct,Qwen2.5,False,base,arbitrary_single,plain,20,20,IVQ,ordinal,10,0.02,,,,0.060503103804903334,50,1,,,,,extrapolation,raw,lora_intervention/experiments/bigcell_ivq/out/qwen/results.jsonl,E1 extrapolation; scan C; target=IVQ@0.50; early-stopped
04_lora,Qwen2.5-3B-Instruct,Qwen2.5,False,base,arbitrary_single,plain,20,20,IVQ,ordinal,15,0.0,,,,0.06058740235904346,40,0,,,,,extrapolation,raw,lora_intervention/experiments/e1_results/results_multiples.jsonl,E1 extrapolation; scan B; target=IVQ@0.75; early-stopped
04_lora,Qwen2.5-3B-Instruct,Qwen2.5,False,base,arbitrary_single,plain,20,20,IVQ,ordinal,18,0.04,,,,0.06940763531801335,50,2,,,,,extrapolation,raw,lora_intervention/experiments/e1_results/results_multiples.jsonl,E1 extrapolation; scan B; target=IVQ@0.90; early-stopped
04_lora,Qwen2.5-3B-Instruct,Qwen2.5,False,base,arbitrary_single,plain,20,20,IVQ,ordinal,18,0.02,,,,0.060503103804903334,50,1,,,,,extrapolation,raw,lora_intervention/experiments/bigcell_ivq/out/qwen/results.jsonl,E1 extrapolation; scan C; target=IVQ@0.90; early-stopped
04_lora,Qwen2.5-3B-Instruct,Qwen2.5,False,base,arbitrary_single,plain,20,20,CVQ,semantic,20,0.54,,,,0.09588435084439897,100,54,,,,,extrapolation,raw,lora_intervention/experiments/e1_results/results_multiples.jsonl,E1 extrapolation; scan B; target=CVQ
04_lora,Qwen2.5-3B-Instruct,Qwen2.5,False,base,arbitrary_single,plain,20,20,CVQ,semantic,20,0.535,,,,0.06847829651761746,200,107,,,,,extrapolation,raw,lora_intervention/experiments/bigcell_ivq/out/qwen/results.jsonl,E1 extrapolation; scan C; target=CVQ
04_lora,Qwen2.5-3B-Instruct,Qwen2.5,False,base,arbitrary_single,plain,20,30,FVQ,semantic,1,0.23333333333333334,,,,0.06748804222409141,150,35,,,,,extrapolation,raw,lora_intervention/experiments/bigcell_ivq/out/qwen/results.jsonl,E1 extrapolation; scan C; target=FVQ; early-stopped
04_lora,Qwen2.5-3B-Instruct,Qwen2.5,False,base,arbitrary_single,plain,20,30,IVQ,ordinal,3,0.0,,,,0.06058740235904346,40,0,,,,,extrapolation,raw,lora_intervention/experiments/bigcell_ivq/out/qwen/results.jsonl,E1 extrapolation; scan C; target=IVQ@0.10; early-stopped
04_lora,Qwen2.5-3B-Instruct,Qwen2.5,False,base,arbitrary_single,plain,20,30,IVQ,ordinal,15,0.02,,,,0.060503103804903334,50,1,,,,,extrapolation,raw,lora_intervention/experiments/bigcell_ivq/out/qwen/results.jsonl,E1 extrapolation; scan C; target=IVQ@0.50; early-stopped
04_lora,Qwen2.5-3B-Instruct,Qwen2.5,False,base,arbitrary_single,plain,20,30,IVQ,ordinal,27,0.1111111111111111,,,,0.06737716893195728,90,10,,,,,extrapolation,raw,lora_intervention/experiments/bigcell_ivq/out/qwen/results.jsonl,E1 extrapolation; scan C; target=IVQ@0.90; early-stopped
04_lora,Qwen2.5-3B-Instruct,Qwen2.5,False,base,arbitrary_single,plain,20,30,CVQ,semantic,30,0.545,,,,0.0683722400500717,200,109,,,,,extrapolation,raw,lora_intervention/experiments/bigcell_ivq/out/qwen/results.jsonl,E1 extrapolation; scan C; target=CVQ
04_lora,Qwen2.5-3B-Instruct,Qwen2.5,False,base,arbitrary_single,plain,20,50,FVQ,semantic,1,0.0875,,,,0.06600393673889889,80,7,,,,,extrapolation,raw,lora_intervention/experiments/bigcell_ivq/out/qwen/results.jsonl,E1 extrapolation; scan C; target=FVQ; early-stopped
04_lora,Qwen2.5-3B-Instruct,Qwen2.5,False,base,arbitrary_single,plain,20,50,IVQ,ordinal,5,0.0,,,,0.06058740235904346,40,0,,,,,extrapolation,raw,lora_intervention/experiments/bigcell_ivq/out/qwen/results.jsonl,E1 extrapolation; scan C; target=IVQ@0.10; early-stopped
04_lora,Qwen2.5-3B-Instruct,Qwen2.5,False,base,arbitrary_single,plain,20,50,IVQ,ordinal,25,0.0,,,,0.06058740235904346,40,0,,,,,extrapolation,raw,lora_intervention/experiments/bigcell_ivq/out/qwen/results.jsonl,E1 extrapolation; scan C; target=IVQ@0.50; early-stopped
04_lora,Qwen2.5-3B-Instruct,Qwen2.5,False,base,arbitrary_single,plain,20,50,IVQ,ordinal,45,0.0875,,,,0.06600393673889889,80,7,,,,,extrapolation,raw,lora_intervention/experiments/bigcell_ivq/out/qwen/results.jsonl,E1 extrapolation; scan C; target=IVQ@0.90; early-stopped
04_lora,Qwen2.5-3B-Instruct,Qwen2.5,False,base,arbitrary_single,plain,20,50,CVQ,semantic,50,0.6333333333333333,,,,0.06977060129772421,180,114,,,,,extrapolation,raw,lora_intervention/experiments/bigcell_ivq/out/qwen/results.jsonl,E1 extrapolation; scan C; target=CVQ; early-stopped
04_lora,Qwen2.5-3B-Instruct,Qwen2.5,False,base,arbitrary_single,plain,25,10,FVQ,semantic,1,0.43157894736842106,,,,0.06975259036541667,190,82,,,,,extrapolation,raw,lora_intervention/experiments/bigcell_ivq/out/qwen/results.jsonl,E1 extrapolation; scan C; target=FVQ; early-stopped
04_lora,Qwen2.5-3B-Instruct,Qwen2.5,False,base,arbitrary_single,plain,25,10,IVQ,ordinal,2,0.1111111111111111,,,,0.06737716893195728,90,10,,,,,extrapolation,raw,lora_intervention/experiments/bigcell_ivq/out/qwen/results.jsonl,E1 extrapolation; scan C; target=IVQ@0.10; early-stopped
04_lora,Qwen2.5-3B-Instruct,Qwen2.5,False,base,arbitrary_single,plain,25,10,IVQ,ordinal,5,0.14,,,,0.06929904880268788,100,14,,,,,extrapolation,raw,lora_intervention/experiments/bigcell_ivq/out/qwen/results.jsonl,E1 extrapolation; scan C; target=IVQ@0.50; early-stopped
04_lora,Qwen2.5-3B-Instruct,Qwen2.5,False,base,arbitrary_single,plain,25,10,IVQ,ordinal,9,0.05714285714285714,,,,0.06194353921211388,70,4,,,,,extrapolation,raw,lora_intervention/experiments/bigcell_ivq/out/qwen/results.jsonl,E1 extrapolation; scan C; target=IVQ@0.90; early-stopped
04_lora,Qwen2.5-3B-Instruct,Qwen2.5,False,base,arbitrary_single,plain,25,10,CVQ,semantic,10,0.5,,,,0.06864037790965478,200,100,,,,,extrapolation,raw,lora_intervention/experiments/bigcell_ivq/out/qwen/results.jsonl,E1 extrapolation; scan C; target=CVQ
04_lora,Qwen2.5-3B-Instruct,Qwen2.5,False,base,arbitrary_single,plain,25,15,FVQ,semantic,1,0.3235294117647059,,,,0.06976006754079157,170,55,,,,,extrapolation,raw,lora_intervention/experiments/bigcell_ivq/out/qwen/results.jsonl,E1 extrapolation; scan C; target=FVQ; early-stopped
04_lora,Qwen2.5-3B-Instruct,Qwen2.5,False,base,arbitrary_single,plain,25,15,IVQ,ordinal,2,0.075,,,,0.06260826179317054,80,6,,,,,extrapolation,raw,lora_intervention/experiments/bigcell_ivq/out/qwen/results.jsonl,E1 extrapolation; scan C; target=IVQ@0.10; early-stopped
04_lora,Qwen2.5-3B-Instruct,Qwen2.5,False,base,arbitrary_single,plain,25,15,IVQ,ordinal,8,0.1,,,,0.06488165719978455,90,9,,,,,extrapolation,raw,lora_intervention/experiments/bigcell_ivq/out/qwen/results.jsonl,E1 extrapolation; scan C; target=IVQ@0.50; early-stopped
04_lora,Qwen2.5-3B-Instruct,Qwen2.5,False,base,arbitrary_single,plain,25,15,IVQ,ordinal,14,0.12222222222222222,,,,0.06971684922050277,90,11,,,,,extrapolation,raw,lora_intervention/experiments/bigcell_ivq/out/qwen/results.jsonl,E1 extrapolation; scan C; target=IVQ@0.90; early-stopped
04_lora,Qwen2.5-3B-Instruct,Qwen2.5,False,base,arbitrary_single,plain,25,15,CVQ,semantic,15,0.525,,,,0.06855773120022512,200,105,,,,,extrapolation,raw,lora_intervention/experiments/bigcell_ivq/out/qwen/results.jsonl,E1 extrapolation; scan C; target=CVQ
04_lora,Qwen2.5-3B-Instruct,Qwen2.5,False,base,arbitrary_single,plain,25,20,FVQ,semantic,1,0.2076923076923077,,,,0.06972769991355555,130,27,,,,,extrapolation,raw,lora_intervention/experiments/bigcell_ivq/out/qwen/results.jsonl,E1 extrapolation; scan C; target=FVQ; early-stopped
04_lora,Qwen2.5-3B-Instruct,Qwen2.5,False,base,arbitrary_single,plain,25,20,IVQ,ordinal,2,0.0,,,,0.06058740235904346,40,0,,,,,extrapolation,raw,lora_intervention/experiments/bigcell_ivq/out/qwen/results.jsonl,E1 extrapolation; scan C; target=IVQ@0.10; early-stopped
04_lora,Qwen2.5-3B-Instruct,Qwen2.5,False,base,arbitrary_single,plain,25,20,IVQ,ordinal,10,0.05,,,,0.06542633629673617,60,3,,,,,extrapolation,raw,lora_intervention/experiments/bigcell_ivq/out/qwen/results.jsonl,E1 extrapolation; scan C; target=IVQ@0.50; early-stopped
04_lora,Qwen2.5-3B-Instruct,Qwen2.5,False,base,arbitrary_single,plain,25,20,IVQ,ordinal,18,0.1,,,,0.06913905055439752,80,8,,,,,extrapolation,raw,lora_intervention/experiments/bigcell_ivq/out/qwen/results.jsonl,E1 extrapolation; scan C; target=IVQ@0.90; early-stopped
04_lora,Qwen2.5-3B-Instruct,Qwen2.5,False,base,arbitrary_single,plain,25,20,CVQ,semantic,20,0.5736842105263158,,,,0.06965043463077418,190,109,,,,,extrapolation,raw,lora_intervention/experiments/bigcell_ivq/out/qwen/results.jsonl,E1 extrapolation; scan C; target=CVQ; early-stopped
04_lora,Qwen2.5-3B-Instruct,Qwen2.5,False,base,arbitrary_single,plain,25,30,FVQ,semantic,1,0.1111111111111111,,,,0.06737716893195728,90,10,,,,,extrapolation,raw,lora_intervention/experiments/bigcell_ivq/out/qwen/results.jsonl,E1 extrapolation; scan C; target=FVQ; early-stopped
04_lora,Qwen2.5-3B-Instruct,Qwen2.5,False,base,arbitrary_single,plain,25,30,IVQ,ordinal,3,0.04,,,,0.06940763531801335,50,2,,,,,extrapolation,raw,lora_intervention/experiments/bigcell_ivq/out/qwen/results.jsonl,E1 extrapolation; scan C; target=IVQ@0.10; early-stopped
04_lora,Qwen2.5-3B-Instruct,Qwen2.5,False,base,arbitrary_single,plain,25,30,IVQ,ordinal,15,0.0,,,,0.06058740235904346,40,0,,,,,extrapolation,raw,lora_intervention/experiments/bigcell_ivq/out/qwen/results.jsonl,E1 extrapolation; scan C; target=IVQ@0.50; early-stopped
04_lora,Qwen2.5-3B-Instruct,Qwen2.5,False,base,arbitrary_single,plain,25,30,IVQ,ordinal,27,0.12222222222222222,,,,0.06971684922050277,90,11,,,,,extrapolation,raw,lora_intervention/experiments/bigcell_ivq/out/qwen/results.jsonl,E1 extrapolation; scan C; target=IVQ@0.90; early-stopped
04_lora,Qwen2.5-3B-Instruct,Qwen2.5,False,base,arbitrary_single,plain,25,30,CVQ,semantic,30,0.5947368421052631,,,,0.06916408761881974,190,113,,,,,extrapolation,raw,lora_intervention/experiments/bigcell_ivq/out/qwen/results.jsonl,E1 extrapolation; scan C; target=CVQ; early-stopped
04_lora,Qwen2.5-3B-Instruct,Qwen2.5,False,base,arbitrary_single,plain,25,50,FVQ,semantic,1,0.02,,,,0.060503103804903334,50,1,,,,,extrapolation,raw,lora_intervention/experiments/bigcell_ivq/out/qwen/results.jsonl,E1 extrapolation; scan C; target=FVQ; early-stopped
04_lora,Qwen2.5-3B-Instruct,Qwen2.5,False,base,arbitrary_single,plain,25,50,IVQ,ordinal,5,0.0,,,,0.06058740235904346,40,0,,,,,extrapolation,raw,lora_intervention/experiments/bigcell_ivq/out/qwen/results.jsonl,E1 extrapolation; scan C; target=IVQ@0.10; early-stopped
04_lora,Qwen2.5-3B-Instruct,Qwen2.5,False,base,arbitrary_single,plain,25,50,IVQ,ordinal,25,0.0,,,,0.06058740235904346,40,0,,,,,extrapolation,raw,lora_intervention/experiments/bigcell_ivq/out/qwen/results.jsonl,E1 extrapolation; scan C; target=IVQ@0.50; early-stopped
04_lora,Qwen2.5-3B-Instruct,Qwen2.5,False,base,arbitrary_single,plain,25,50,IVQ,ordinal,45,0.05,,,,0.06542633629673617,60,3,,,,,extrapolation,raw,lora_intervention/experiments/bigcell_ivq/out/qwen/results.jsonl,E1 extrapolation; scan C; target=IVQ@0.90; early-stopped
04_lora,Qwen2.5-3B-Instruct,Qwen2.5,False,base,arbitrary_single,plain,25,50,CVQ,semantic,50,0.5736842105263158,,,,0.06965043463077418,190,109,,,,,extrapolation,raw,lora_intervention/experiments/bigcell_ivq/out/qwen/results.jsonl,E1 extrapolation; scan C; target=CVQ; early-stopped
04_lora,Qwen2.5-3B-Instruct,Qwen2.5,False,base,arbitrary_single,plain,30,10,FVQ,semantic,1,0.3,,,,0.06840521494645885,170,51,,,,,extrapolation,raw,lora_intervention/experiments/bigcell_ivq/out/qwen/results.jsonl,E1 extrapolation; scan C; target=FVQ; early-stopped
04_lora,Qwen2.5-3B-Instruct,Qwen2.5,False,base,arbitrary_single,plain,30,10,IVQ,ordinal,2,0.12222222222222222,,,,0.06971684922050277,90,11,,,,,extrapolation,raw,lora_intervention/experiments/bigcell_ivq/out/qwen/results.jsonl,E1 extrapolation; scan C; target=IVQ@0.10; early-stopped
04_lora,Qwen2.5-3B-Instruct,Qwen2.5,False,base,arbitrary_single,plain,30,10,IVQ,ordinal,5,0.1,,,,0.06913905055439752,80,8,,,,,extrapolation,raw,lora_intervention/experiments/bigcell_ivq/out/qwen/results.jsonl,E1 extrapolation; scan C; target=IVQ@0.50; early-stopped
04_lora,Qwen2.5-3B-Instruct,Qwen2.5,False,base,arbitrary_single,plain,30,10,IVQ,ordinal,9,0.12222222222222222,,,,0.06971684922050277,90,11,,,,,extrapolation,raw,lora_intervention/experiments/bigcell_ivq/out/qwen/results.jsonl,E1 extrapolation; scan C; target=IVQ@0.90; early-stopped
04_lora,Qwen2.5-3B-Instruct,Qwen2.5,False,base,arbitrary_single,plain,30,10,CVQ,semantic,10,0.45,,,,0.06830919111326544,200,90,,,,,extrapolation,raw,lora_intervention/experiments/bigcell_ivq/out/qwen/results.jsonl,E1 extrapolation; scan C; target=CVQ
04_lora,Qwen2.5-3B-Instruct,Qwen2.5,False,base,arbitrary_single,plain,30,15,FVQ,semantic,1,0.22857142857142856,,,,0.069374888304231,140,32,,,,,extrapolation,raw,lora_intervention/experiments/bigcell_ivq/out/qwen/results.jsonl,E1 extrapolation; scan C; target=FVQ; early-stopped
04_lora,Qwen2.5-3B-Instruct,Qwen2.5,False,base,arbitrary_single,plain,30,15,IVQ,ordinal,2,0.02,,,,0.060503103804903334,50,1,,,,,extrapolation,raw,lora_intervention/experiments/bigcell_ivq/out/qwen/results.jsonl,E1 extrapolation; scan C; target=IVQ@0.10; early-stopped
04_lora,Qwen2.5-3B-Instruct,Qwen2.5,False,base,arbitrary_single,plain,30,15,IVQ,ordinal,8,0.04,,,,0.06940763531801335,50,2,,,,,extrapolation,raw,lora_intervention/experiments/bigcell_ivq/out/qwen/results.jsonl,E1 extrapolation; scan C; target=IVQ@0.50; early-stopped
04_lora,Qwen2.5-3B-Instruct,Qwen2.5,False,base,arbitrary_single,plain,30,15,IVQ,ordinal,14,0.1,,,,0.06913905055439752,80,8,,,,,extrapolation,raw,lora_intervention/experiments/bigcell_ivq/out/qwen/results.jsonl,E1 extrapolation; scan C; target=IVQ@0.90; early-stopped
04_lora,Qwen2.5-3B-Instruct,Qwen2.5,False,base,arbitrary_single,plain,30,15,CVQ,semantic,15,0.5631578947368421,,,,0.06984704579061478,190,107,,,,,extrapolation,raw,lora_intervention/experiments/bigcell_ivq/out/qwen/results.jsonl,E1 extrapolation; scan C; target=CVQ; early-stopped
04_lora,Qwen2.5-3B-Instruct,Qwen2.5,False,base,arbitrary_single,plain,30,20,FVQ,semantic,1,0.23,,,,0.0821439805188195,100,23,,,,,extrapolation,raw,lora_intervention/experiments/e1_results/results_multiples.jsonl,E1 extrapolation; scan B; target=FVQ
04_lora,Qwen2.5-3B-Instruct,Qwen2.5,False,base,arbitrary_single,plain,30,20,FVQ,semantic,1,0.2076923076923077,,,,0.06972769991355555,130,27,,,,,extrapolation,raw,lora_intervention/experiments/bigcell_ivq/out/qwen/results.jsonl,E1 extrapolation; scan C; target=FVQ; early-stopped
04_lora,Qwen2.5-3B-Instruct,Qwen2.5,False,base,arbitrary_single,plain,30,20,IVQ,ordinal,2,0.02,,,,0.060503103804903334,50,1,,,,,extrapolation,raw,lora_intervention/experiments/e1_results/results_multiples.jsonl,E1 extrapolation; scan B; target=IVQ@0.10; early-stopped
04_lora,Qwen2.5-3B-Instruct,Qwen2.5,False,base,arbitrary_single,plain,30,20,IVQ,ordinal,2,0.04,,,,0.06940763531801335,50,2,,,,,extrapolation,raw,lora_intervention/experiments/bigcell_ivq/out/qwen/results.jsonl,E1 extrapolation; scan C; target=IVQ@0.10; early-stopped
04_lora,Qwen2.5-3B-Instruct,Qwen2.5,False,base,arbitrary_single,plain,30,20,IVQ,ordinal,5,0.02,,,,0.060503103804903334,50,1,,,,,extrapolation,raw,lora_intervention/experiments/e1_results/results_multiples.jsonl,E1 extrapolation; scan B; target=IVQ@0.25; early-stopped
04_lora,Qwen2.5-3B-Instruct,Qwen2.5,False,base,arbitrary_single,plain,30,20,IVQ,ordinal,10,0.0,,,,0.06058740235904346,40,0,,,,,extrapolation,raw,lora_intervention/experiments/e1_results/results_multiples.jsonl,E1 extrapolation; scan B; target=IVQ@0.50; early-stopped
04_lora,Qwen2.5-3B-Instruct,Qwen2.5,False,base,arbitrary_single,plain,30,20,IVQ,ordinal,10,0.0,,,,0.06058740235904346,40,0,,,,,extrapolation,raw,lora_intervention/experiments/bigcell_ivq/out/qwen/results.jsonl,E1 extrapolation; scan C; target=IVQ@0.50; early-stopped
04_lora,Qwen2.5-3B-Instruct,Qwen2.5,False,base,arbitrary_single,plain,30,20,IVQ,ordinal,15,0.0,,,,0.06058740235904346,40,0,,,,,extrapolation,raw,lora_intervention/experiments/e1_results/results_multiples.jsonl,E1 extrapolation; scan B; target=IVQ@0.75; early-stopped
04_lora,Qwen2.5-3B-Instruct,Qwen2.5,False,base,arbitrary_single,plain,30,20,IVQ,ordinal,18,0.075,,,,0.06260826179317054,80,6,,,,,extrapolation,raw,lora_intervention/experiments/e1_results/results_multiples.jsonl,E1 extrapolation; scan B; target=IVQ@0.90; early-stopped
04_lora,Qwen2.5-3B-Instruct,Qwen2.5,False,base,arbitrary_single,plain,30,20,IVQ,ordinal,18,0.0875,,,,0.06600393673889889,80,7,,,,,extrapolation,raw,lora_intervention/experiments/bigcell_ivq/out/qwen/results.jsonl,E1 extrapolation; scan C; target=IVQ@0.90; early-stopped
04_lora,Qwen2.5-3B-Instruct,Qwen2.5,False,base,arbitrary_single,plain,30,20,CVQ,semantic,20,0.55,,,,0.09572320173300809,100,55,,,,,extrapolation,raw,lora_intervention/experiments/e1_results/results_multiples.jsonl,E1 extrapolation; scan B; target=CVQ
04_lora,Qwen2.5-3B-Instruct,Qwen2.5,False,base,arbitrary_single,plain,30,20,CVQ,semantic,20,0.53,,,,0.06852133506820228,200,106,,,,,extrapolation,raw,lora_intervention/experiments/bigcell_ivq/out/qwen/results.jsonl,E1 extrapolation; scan C; target=CVQ
04_lora,Qwen2.5-3B-Instruct,Qwen2.5,False,base,arbitrary_single,plain,30,30,FVQ,semantic,1,0.13,,,,0.06746783121998925,100,13,,,,,extrapolation,raw,lora_intervention/experiments/bigcell_ivq/out/qwen/results.jsonl,E1 extrapolation; scan C; target=FVQ; early-stopped
04_lora,Qwen2.5-3B-Instruct,Qwen2.5,False,base,arbitrary_single,plain,30,30,IVQ,ordinal,3,0.04,,,,0.06940763531801335,50,2,,,,,extrapolation,raw,lora_intervention/experiments/bigcell_ivq/out/qwen/results.jsonl,E1 extrapolation; scan C; target=IVQ@0.10; early-stopped
04_lora,Qwen2.5-3B-Instruct,Qwen2.5,False,base,arbitrary_single,plain,30,30,IVQ,ordinal,15,0.0,,,,0.06058740235904346,40,0,,,,,extrapolation,raw,lora_intervention/experiments/bigcell_ivq/out/qwen/results.jsonl,E1 extrapolation; scan C; target=IVQ@0.50; early-stopped
04_lora,Qwen2.5-3B-Instruct,Qwen2.5,False,base,arbitrary_single,plain,30,30,IVQ,ordinal,27,0.12222222222222222,,,,0.06971684922050277,90,11,,,,,extrapolation,raw,lora_intervention/experiments/bigcell_ivq/out/qwen/results.jsonl,E1 extrapolation; scan C; target=IVQ@0.90; early-stopped
04_lora,Qwen2.5-3B-Instruct,Qwen2.5,False,base,arbitrary_single,plain,30,30,CVQ,semantic,30,0.52,,,,0.06858749548813665,200,104,,,,,extrapolation,raw,lora_intervention/experiments/bigcell_ivq/out/qwen/results.jsonl,E1 extrapolation; scan C; target=CVQ
04_lora,Qwen2.5-3B-Instruct,Qwen2.5,False,base,arbitrary_single,plain,30,50,FVQ,semantic,1,0.02,,,,0.060503103804903334,50,1,,,,,extrapolation,raw,lora_intervention/experiments/bigcell_ivq/out/qwen/results.jsonl,E1 extrapolation; scan C; target=FVQ; early-stopped
04_lora,Qwen2.5-3B-Instruct,Qwen2.5,False,base,arbitrary_single,plain,30,50,IVQ,ordinal,5,0.0,,,,0.06058740235904346,40,0,,,,,extrapolation,raw,lora_intervention/experiments/bigcell_ivq/out/qwen/results.jsonl,E1 extrapolation; scan C; target=IVQ@0.10; early-stopped
04_lora,Qwen2.5-3B-Instruct,Qwen2.5,False,base,arbitrary_single,plain,30,50,IVQ,ordinal,25,0.0,,,,0.06058740235904346,40,0,,,,,extrapolation,raw,lora_intervention/experiments/bigcell_ivq/out/qwen/results.jsonl,E1 extrapolation; scan C; target=IVQ@0.50; early-stopped
04_lora,Qwen2.5-3B-Instruct,Qwen2.5,False,base,arbitrary_single,plain,30,50,IVQ,ordinal,45,0.04,,,,0.06940763531801335,50,2,,,,,extrapolation,raw,lora_intervention/experiments/bigcell_ivq/out/qwen/results.jsonl,E1 extrapolation; scan C; target=IVQ@0.90; early-stopped
04_lora,Qwen2.5-3B-Instruct,Qwen2.5,False,base,arbitrary_single,plain,30,50,CVQ,semantic,50,0.455,,,,0.0683722400500717,200,91,,,,,extrapolation,raw,lora_intervention/experiments/bigcell_ivq/out/qwen/results.jsonl,E1 extrapolation; scan C; target=CVQ
04_lora,Qwen2.5-3B-Instruct,Qwen2.5,False,base,arbitrary_single,plain,40,20,FVQ,semantic,1,0.13,,,,0.06746783121998925,100,13,,,,,extrapolation,raw,lora_intervention/experiments/e1_results/results_multiples.jsonl,E1 extrapolation; scan B; target=FVQ
04_lora,Qwen2.5-3B-Instruct,Qwen2.5,False,base,arbitrary_single,plain,40,20,IVQ,ordinal,2,0.0,,,,0.06058740235904346,40,0,,,,,extrapolation,raw,lora_intervention/experiments/e1_results/results_multiples.jsonl,E1 extrapolation; scan B; target=IVQ@0.10; early-stopped
04_lora,Qwen2.5-3B-Instruct,Qwen2.5,False,base,arbitrary_single,plain,40,20,IVQ,ordinal,5,0.02,,,,0.060503103804903334,50,1,,,,,extrapolation,raw,lora_intervention/experiments/e1_results/results_multiples.jsonl,E1 extrapolation; scan B; target=IVQ@0.25; early-stopped
04_lora,Qwen2.5-3B-Instruct,Qwen2.5,False,base,arbitrary_single,plain,40,20,IVQ,ordinal,10,0.04,,,,0.06940763531801335,50,2,,,,,extrapolation,raw,lora_intervention/experiments/e1_results/results_multiples.jsonl,E1 extrapolation; scan B; target=IVQ@0.50; early-stopped
04_lora,Qwen2.5-3B-Instruct,Qwen2.5,False,base,arbitrary_single,plain,40,20,IVQ,ordinal,15,0.04,,,,0.06940763531801335,50,2,,,,,extrapolation,raw,lora_intervention/experiments/e1_results/results_multiples.jsonl,E1 extrapolation; scan B; target=IVQ@0.75; early-stopped
04_lora,Qwen2.5-3B-Instruct,Qwen2.5,False,base,arbitrary_single,plain,40,20,IVQ,ordinal,18,0.1,,,,0.06913905055439752,80,8,,,,,extrapolation,raw,lora_intervention/experiments/e1_results/results_multiples.jsonl,E1 extrapolation; scan B; target=IVQ@0.90; early-stopped
04_lora,Qwen2.5-3B-Instruct,Qwen2.5,False,base,arbitrary_single,plain,40,20,CVQ,semantic,20,0.5,,,,0.09617017140985284,100,50,,,,,extrapolation,raw,lora_intervention/experiments/e1_results/results_multiples.jsonl,E1 extrapolation; scan B; target=CVQ
04_lora,Qwen2.5-3B-Instruct,Qwen2.5,False,base,arbitrary_single,plain,46,20,FVQ,semantic,1,0.07142857142857142,,,,0.06647573307033784,70,5,,,,,extrapolation,raw,lora_intervention/experiments/e1_results/results_multiples.jsonl,E1 extrapolation; scan B; target=FVQ; early-stopped
04_lora,Qwen2.5-3B-Instruct,Qwen2.5,False,base,arbitrary_single,plain,46,20,IVQ,ordinal,2,0.04,,,,0.06940763531801335,50,2,,,,,extrapolation,raw,lora_intervention/experiments/e1_results/results_multiples.jsonl,E1 extrapolation; scan B; target=IVQ@0.10; early-stopped
04_lora,Qwen2.5-3B-Instruct,Qwen2.5,False,base,arbitrary_single,plain,46,20,IVQ,ordinal,5,0.02,,,,0.060503103804903334,50,1,,,,,extrapolation,raw,lora_intervention/experiments/e1_results/results_multiples.jsonl,E1 extrapolation; scan B; target=IVQ@0.25; early-stopped
04_lora,Qwen2.5-3B-Instruct,Qwen2.5,False,base,arbitrary_single,plain,46,20,IVQ,ordinal,10,0.0,,,,0.06058740235904346,40,0,,,,,extrapolation,raw,lora_intervention/experiments/e1_results/results_multiples.jsonl,E1 extrapolation; scan B; target=IVQ@0.50; early-stopped
04_lora,Qwen2.5-3B-Instruct,Qwen2.5,False,base,arbitrary_single,plain,46,20,IVQ,ordinal,15,0.0,,,,0.06058740235904346,40,0,,,,,extrapolation,raw,lora_intervention/experiments/e1_results/results_multiples.jsonl,E1 extrapolation; scan B; target=IVQ@0.75; early-stopped
04_lora,Qwen2.5-3B-Instruct,Qwen2.5,False,base,arbitrary_single,plain,46,20,IVQ,ordinal,18,0.16,,,,0.07268199963717478,100,16,,,,,extrapolation,raw,lora_intervention/experiments/e1_results/results_multiples.jsonl,E1 extrapolation; scan B; target=IVQ@0.90
04_lora,Qwen2.5-3B-Instruct,Qwen2.5,False,base,arbitrary_single,plain,46,20,CVQ,semantic,20,0.6,,,,0.09436959146394151,100,60,,,,,extrapolation,raw,lora_intervention/experiments/e1_results/results_multiples.jsonl,E1 extrapolation; scan B; target=CVQ
04_lora,Qwen2.5-3B-Instruct,Qwen2.5,False,base,arbitrary_single,plain,20,30,FVQ,ordinal,1,0.3,,,,,20,6,,,,,held_hard,raw,lora_intervention/results/dense_ivq_ivq_20260523_101418.json,dense-IVQ; adapter checkpoints/dense_ivq/ is NOT local; model per evaluate_ivq.py MODEL_ID
04_lora,Qwen2.5-3B-Instruct,Qwen2.5,False,base,arbitrary_single,plain,20,30,IVQ,ordinal,2,0.0,,,,,20,0,,,,,held_hard,raw,lora_intervention/results/dense_ivq_ivq_20260523_101418.json,dense-IVQ; adapter checkpoints/dense_ivq/ is NOT local; model per evaluate_ivq.py MODEL_ID
04_lora,Qwen2.5-3B-Instruct,Qwen2.5,False,base,arbitrary_single,plain,20,30,IVQ,ordinal,3,0.05,,,,,20,1,,,,,held_hard,raw,lora_intervention/results/dense_ivq_ivq_20260523_101418.json,dense-IVQ; adapter checkpoints/dense_ivq/ is NOT local; model per evaluate_ivq.py MODEL_ID
04_lora,Qwen2.5-3B-Instruct,Qwen2.5,False,base,arbitrary_single,plain,20,30,IVQ,ordinal,4,0.0,,,,,20,0,,,,,held_hard,raw,lora_intervention/results/dense_ivq_ivq_20260523_101418.json,dense-IVQ; adapter checkpoints/dense_ivq/ is NOT local; model per evaluate_ivq.py MODEL_ID
04_lora,Qwen2.5-3B-Instruct,Qwen2.5,False,base,arbitrary_single,plain,20,30,IVQ,ordinal,5,0.0,,,,,20,0,,,,,held_hard,raw,lora_intervention/results/dense_ivq_ivq_20260523_101418.json,dense-IVQ; adapter checkpoints/dense_ivq/ is NOT local; model per evaluate_ivq.py MODEL_ID
04_lora,Qwen2.5-3B-Instruct,Qwen2.5,False,base,arbitrary_single,plain,20,30,IVQ,ordinal,6,0.0,,,,,20,0,,,,,held_hard,raw,lora_intervention/results/dense_ivq_ivq_20260523_101418.json,dense-IVQ; adapter checkpoints/dense_ivq/ is NOT local; model per evaluate_ivq.py MODEL_ID
04_lora,Qwen2.5-3B-Instruct,Qwen2.5,False,base,arbitrary_single,plain,20,30,IVQ,ordinal,7,0.0,,,,,20,0,,,,,held_hard,raw,lora_intervention/results/dense_ivq_ivq_20260523_101418.json,dense-IVQ; adapter checkpoints/dense_ivq/ is NOT local; model per evaluate_ivq.py MODEL_ID
04_lora,Qwen2.5-3B-Instruct,Qwen2.5,False,base,arbitrary_single,plain,20,30,IVQ,ordinal,8,0.0,,,,,20,0,,,,,held_hard,raw,lora_intervention/results/dense_ivq_ivq_20260523_101418.json,dense-IVQ; adapter checkpoints/dense_ivq/ is NOT local; model per evaluate_ivq.py MODEL_ID
04_lora,Qwen2.5-3B-Instruct,Qwen2.5,False,base,arbitrary_single,plain,20,30,IVQ,ordinal,9,0.0,,,,,20,0,,,,,held_hard,raw,lora_intervention/results/dense_ivq_ivq_20260523_101418.json,dense-IVQ; adapter checkpoints/dense_ivq/ is NOT local; model per evaluate_ivq.py MODEL_ID
04_lora,Qwen2.5-3B-Instruct,Qwen2.5,False,base,arbitrary_single,plain,20,30,IVQ,ordinal,10,0.05,,,,,20,1,,,,,held_hard,raw,lora_intervention/results/dense_ivq_ivq_20260523_101418.json,dense-IVQ; adapter checkpoints/dense_ivq/ is NOT local; model per evaluate_ivq.py MODEL_ID
04_lora,Qwen2.5-3B-Instruct,Qwen2.5,False,base,arbitrary_single,plain,20,30,IVQ,ordinal,11,0.0,,,,,20,0,,,,,held_hard,raw,lora_intervention/results/dense_ivq_ivq_20260523_101418.json,dense-IVQ; adapter checkpoints/dense_ivq/ is NOT local; model per evaluate_ivq.py MODEL_ID
04_lora,Qwen2.5-3B-Instruct,Qwen2.5,False,base,arbitrary_single,plain,20,30,IVQ,ordinal,12,0.0,,,,,20,0,,,,,held_hard,raw,lora_intervention/results/dense_ivq_ivq_20260523_101418.json,dense-IVQ; adapter checkpoints/dense_ivq/ is NOT local; model per evaluate_ivq.py MODEL_ID
04_lora,Qwen2.5-3B-Instruct,Qwen2.5,False,base,arbitrary_single,plain,20,30,IVQ,ordinal,13,0.0,,,,,20,0,,,,,held_hard,raw,lora_intervention/results/dense_ivq_ivq_20260523_101418.json,dense-IVQ; adapter checkpoints/dense_ivq/ is NOT local; model per evaluate_ivq.py MODEL_ID
04_lora,Qwen2.5-3B-Instruct,Qwen2.5,False,base,arbitrary_single,plain,20,30,IVQ,ordinal,14,0.0,,,,,20,0,,,,,held_hard,raw,lora_intervention/results/dense_ivq_ivq_20260523_101418.json,dense-IVQ; adapter checkpoints/dense_ivq/ is NOT local; model per evaluate_ivq.py MODEL_ID
04_lora,Qwen2.5-3B-Instruct,Qwen2.5,False,base,arbitrary_single,plain,20,30,IVQ,ordinal,15,0.0,,,,,20,0,,,,,held_hard,raw,lora_intervention/results/dense_ivq_ivq_20260523_101418.json,dense-IVQ; adapter checkpoints/dense_ivq/ is NOT local; model per evaluate_ivq.py MODEL_ID
04_lora,Qwen2.5-3B-Instruct,Qwen2.5,False,base,arbitrary_single,plain,20,30,IVQ,ordinal,16,0.0,,,,,20,0,,,,,held_hard,raw,lora_intervention/results/dense_ivq_ivq_20260523_101418.json,dense-IVQ; adapter checkpoints/dense_ivq/ is NOT local; model per evaluate_ivq.py MODEL_ID
04_lora,Qwen2.5-3B-Instruct,Qwen2.5,False,base,arbitrary_single,plain,20,30,IVQ,ordinal,17,0.0,,,,,20,0,,,,,held_hard,raw,lora_intervention/results/dense_ivq_ivq_20260523_101418.json,dense-IVQ; adapter checkpoints/dense_ivq/ is NOT local; model per evaluate_ivq.py MODEL_ID
04_lora,Qwen2.5-3B-Instruct,Qwen2.5,False,base,arbitrary_single,plain,20,30,IVQ,ordinal,18,0.0,,,,,20,0,,,,,held_hard,raw,lora_intervention/results/dense_ivq_ivq_20260523_101418.json,dense-IVQ; adapter checkpoints/dense_ivq/ is NOT local; model per evaluate_ivq.py MODEL_ID
04_lora,Qwen2.5-3B-Instruct,Qwen2.5,False,base,arbitrary_single,plain,20,30,IVQ,ordinal,19,0.0,,,,,20,0,,,,,held_hard,raw,lora_intervention/results/dense_ivq_ivq_20260523_101418.json,dense-IVQ; adapter checkpoints/dense_ivq/ is NOT local; model per evaluate_ivq.py MODEL_ID
04_lora,Qwen2.5-3B-Instruct,Qwen2.5,False,base,arbitrary_single,plain,20,30,IVQ,ordinal,20,0.0,,,,,20,0,,,,,held_hard,raw,lora_intervention/results/dense_ivq_ivq_20260523_101418.json,dense-IVQ; adapter checkpoints/dense_ivq/ is NOT local; model per evaluate_ivq.py MODEL_ID
04_lora,Qwen2.5-3B-Instruct,Qwen2.5,False,base,arbitrary_single,plain,25,50,FVQ,ordinal,1,0.05,,,,,20,1,,,,,held_hard,raw,lora_intervention/results/dense_ivq_ivq_20260523_101418.json,dense-IVQ; adapter checkpoints/dense_ivq/ is NOT local; model per evaluate_ivq.py MODEL_ID
04_lora,Qwen2.5-3B-Instruct,Qwen2.5,False,base,arbitrary_single,plain,25,50,IVQ,ordinal,2,0.0,,,,,20,0,,,,,held_hard,raw,lora_intervention/results/dense_ivq_ivq_20260523_101418.json,dense-IVQ; adapter checkpoints/dense_ivq/ is NOT local; model per evaluate_ivq.py MODEL_ID
04_lora,Qwen2.5-3B-Instruct,Qwen2.5,False,base,arbitrary_single,plain,25,50,IVQ,ordinal,3,0.0,,,,,20,0,,,,,held_hard,raw,lora_intervention/results/dense_ivq_ivq_20260523_101418.json,dense-IVQ; adapter checkpoints/dense_ivq/ is NOT local; model per evaluate_ivq.py MODEL_ID
04_lora,Qwen2.5-3B-Instruct,Qwen2.5,False,base,arbitrary_single,plain,25,50,IVQ,ordinal,4,0.0,,,,,20,0,,,,,held_hard,raw,lora_intervention/results/dense_ivq_ivq_20260523_101418.json,dense-IVQ; adapter checkpoints/dense_ivq/ is NOT local; model per evaluate_ivq.py MODEL_ID
04_lora,Qwen2.5-3B-Instruct,Qwen2.5,False,base,arbitrary_single,plain,25,50,IVQ,ordinal,5,0.0,,,,,20,0,,,,,held_hard,raw,lora_intervention/results/dense_ivq_ivq_20260523_101418.json,dense-IVQ; adapter checkpoints/dense_ivq/ is NOT local; model per evaluate_ivq.py MODEL_ID
04_lora,Qwen2.5-3B-Instruct,Qwen2.5,False,base,arbitrary_single,plain,25,50,IVQ,ordinal,6,0.0,,,,,20,0,,,,,held_hard,raw,lora_intervention/results/dense_ivq_ivq_20260523_101418.json,dense-IVQ; adapter checkpoints/dense_ivq/ is NOT local; model per evaluate_ivq.py MODEL_ID
04_lora,Qwen2.5-3B-Instruct,Qwen2.5,False,base,arbitrary_single,plain,25,50,IVQ,ordinal,7,0.0,,,,,20,0,,,,,held_hard,raw,lora_intervention/results/dense_ivq_ivq_20260523_101418.json,dense-IVQ; adapter checkpoints/dense_ivq/ is NOT local; model per evaluate_ivq.py MODEL_ID
04_lora,Qwen2.5-3B-Instruct,Qwen2.5,False,base,arbitrary_single,plain,25,50,IVQ,ordinal,8,0.0,,,,,20,0,,,,,held_hard,raw,lora_intervention/results/dense_ivq_ivq_20260523_101418.json,dense-IVQ; adapter checkpoints/dense_ivq/ is NOT local; model per evaluate_ivq.py MODEL_ID
04_lora,Qwen2.5-3B-Instruct,Qwen2.5,False,base,arbitrary_single,plain,25,50,IVQ,ordinal,9,0.0,,,,,20,0,,,,,held_hard,raw,lora_intervention/results/dense_ivq_ivq_20260523_101418.json,dense-IVQ; adapter checkpoints/dense_ivq/ is NOT local; model per evaluate_ivq.py MODEL_ID
04_lora,Qwen2.5-3B-Instruct,Qwen2.5,False,base,arbitrary_single,plain,25,50,IVQ,ordinal,10,0.05,,,,,20,1,,,,,held_hard,raw,lora_intervention/results/dense_ivq_ivq_20260523_101418.json,dense-IVQ; adapter checkpoints/dense_ivq/ is NOT local; model per evaluate_ivq.py MODEL_ID
04_lora,Qwen2.5-3B-Instruct,Qwen2.5,False,base,arbitrary_single,plain,25,50,IVQ,ordinal,11,0.0,,,,,20,0,,,,,held_hard,raw,lora_intervention/results/dense_ivq_ivq_20260523_101418.json,dense-IVQ; adapter checkpoints/dense_ivq/ is NOT local; model per evaluate_ivq.py MODEL_ID
04_lora,Qwen2.5-3B-Instruct,Qwen2.5,False,base,arbitrary_single,plain,25,50,IVQ,ordinal,12,0.0,,,,,20,0,,,,,held_hard,raw,lora_intervention/results/dense_ivq_ivq_20260523_101418.json,dense-IVQ; adapter checkpoints/dense_ivq/ is NOT local; model per evaluate_ivq.py MODEL_ID
04_lora,Qwen2.5-3B-Instruct,Qwen2.5,False,base,arbitrary_single,plain,25,50,IVQ,ordinal,13,0.0,,,,,20,0,,,,,held_hard,raw,lora_intervention/results/dense_ivq_ivq_20260523_101418.json,dense-IVQ; adapter checkpoints/dense_ivq/ is NOT local; model per evaluate_ivq.py MODEL_ID
04_lora,Qwen2.5-3B-Instruct,Qwen2.5,False,base,arbitrary_single,plain,25,50,IVQ,ordinal,14,0.0,,,,,20,0,,,,,held_hard,raw,lora_intervention/results/dense_ivq_ivq_20260523_101418.json,dense-IVQ; adapter checkpoints/dense_ivq/ is NOT local; model per evaluate_ivq.py MODEL_ID
04_lora,Qwen2.5-3B-Instruct,Qwen2.5,False,base,arbitrary_single,plain,25,50,IVQ,ordinal,15,0.0,,,,,20,0,,,,,held_hard,raw,lora_intervention/results/dense_ivq_ivq_20260523_101418.json,dense-IVQ; adapter checkpoints/dense_ivq/ is NOT local; model per evaluate_ivq.py MODEL_ID
04_lora,Qwen2.5-3B-Instruct,Qwen2.5,False,base,arbitrary_single,plain,25,50,IVQ,ordinal,16,0.0,,,,,20,0,,,,,held_hard,raw,lora_intervention/results/dense_ivq_ivq_20260523_101418.json,dense-IVQ; adapter checkpoints/dense_ivq/ is NOT local; model per evaluate_ivq.py MODEL_ID
04_lora,Qwen2.5-3B-Instruct,Qwen2.5,False,base,arbitrary_single,plain,25,50,IVQ,ordinal,17,0.0,,,,,20,0,,,,,held_hard,raw,lora_intervention/results/dense_ivq_ivq_20260523_101418.json,dense-IVQ; adapter checkpoints/dense_ivq/ is NOT local; model per evaluate_ivq.py MODEL_ID
04_lora,Qwen2.5-3B-Instruct,Qwen2.5,False,base,arbitrary_single,plain,25,50,IVQ,ordinal,18,0.0,,,,,20,0,,,,,held_hard,raw,lora_intervention/results/dense_ivq_ivq_20260523_101418.json,dense-IVQ; adapter checkpoints/dense_ivq/ is NOT local; model per evaluate_ivq.py MODEL_ID
04_lora,Qwen2.5-3B-Instruct,Qwen2.5,False,base,arbitrary_single,plain,25,50,IVQ,ordinal,19,0.0,,,,,20,0,,,,,held_hard,raw,lora_intervention/results/dense_ivq_ivq_20260523_101418.json,dense-IVQ; adapter checkpoints/dense_ivq/ is NOT local; model per evaluate_ivq.py MODEL_ID
04_lora,Qwen2.5-3B-Instruct,Qwen2.5,False,base,arbitrary_single,plain,25,50,IVQ,ordinal,20,0.0,,,,,20,0,,,,,held_hard,raw,lora_intervention/results/dense_ivq_ivq_20260523_101418.json,dense-IVQ; adapter checkpoints/dense_ivq/ is NOT local; model per evaluate_ivq.py MODEL_ID
04_lora,Qwen2.5-3B-Instruct,Qwen2.5,False,base,arbitrary_single,plain,10,30,FVQ,ordinal,1,0.65,,,,,20,13,,,,,held_moderate,raw,lora_intervention/results/dense_ivq_ivq_20260523_101418.json,dense-IVQ; adapter checkpoints/dense_ivq/ is NOT local; model per evaluate_ivq.py MODEL_ID
04_lora,Qwen2.5-3B-Instruct,Qwen2.5,False,base,arbitrary_single,plain,10,30,IVQ,ordinal,2,0.1,,,,,20,2,,,,,held_moderate,raw,lora_intervention/results/dense_ivq_ivq_20260523_101418.json,dense-IVQ; adapter checkpoints/dense_ivq/ is NOT local; model per evaluate_ivq.py MODEL_ID
04_lora,Qwen2.5-3B-Instruct,Qwen2.5,False,base,arbitrary_single,plain,10,30,IVQ,ordinal,3,0.05,,,,,20,1,,,,,held_moderate,raw,lora_intervention/results/dense_ivq_ivq_20260523_101418.json,dense-IVQ; adapter checkpoints/dense_ivq/ is NOT local; model per evaluate_ivq.py MODEL_ID
04_lora,Qwen2.5-3B-Instruct,Qwen2.5,False,base,arbitrary_single,plain,10,30,IVQ,ordinal,4,0.1,,,,,20,2,,,,,held_moderate,raw,lora_intervention/results/dense_ivq_ivq_20260523_101418.json,dense-IVQ; adapter checkpoints/dense_ivq/ is NOT local; model per evaluate_ivq.py MODEL_ID
04_lora,Qwen2.5-3B-Instruct,Qwen2.5,False,base,arbitrary_single,plain,10,30,IVQ,ordinal,5,0.05,,,,,20,1,,,,,held_moderate,raw,lora_intervention/results/dense_ivq_ivq_20260523_101418.json,dense-IVQ; adapter checkpoints/dense_ivq/ is NOT local; model per evaluate_ivq.py MODEL_ID
04_lora,Qwen2.5-3B-Instruct,Qwen2.5,False,base,arbitrary_single,plain,10,30,IVQ,ordinal,6,0.05,,,,,20,1,,,,,held_moderate,raw,lora_intervention/results/dense_ivq_ivq_20260523_101418.json,dense-IVQ; adapter checkpoints/dense_ivq/ is NOT local; model per evaluate_ivq.py MODEL_ID
04_lora,Qwen2.5-3B-Instruct,Qwen2.5,False,base,arbitrary_single,plain,10,30,IVQ,ordinal,7,0.0,,,,,20,0,,,,,held_moderate,raw,lora_intervention/results/dense_ivq_ivq_20260523_101418.json,dense-IVQ; adapter checkpoints/dense_ivq/ is NOT local; model per evaluate_ivq.py MODEL_ID
04_lora,Qwen2.5-3B-Instruct,Qwen2.5,False,base,arbitrary_single,plain,10,30,IVQ,ordinal,8,0.1,,,,,20,2,,,,,held_moderate,raw,lora_intervention/results/dense_ivq_ivq_20260523_101418.json,dense-IVQ; adapter checkpoints/dense_ivq/ is NOT local; model per evaluate_ivq.py MODEL_ID
04_lora,Qwen2.5-3B-Instruct,Qwen2.5,False,base,arbitrary_single,plain,10,30,IVQ,ordinal,9,0.0,,,,,20,0,,,,,held_moderate,raw,lora_intervention/results/dense_ivq_ivq_20260523_101418.json,dense-IVQ; adapter checkpoints/dense_ivq/ is NOT local; model per evaluate_ivq.py MODEL_ID
04_lora,Qwen2.5-3B-Instruct,Qwen2.5,False,base,arbitrary_single,plain,10,30,IVQ,ordinal,10,0.05,,,,,20,1,,,,,held_moderate,raw,lora_intervention/results/dense_ivq_ivq_20260523_101418.json,dense-IVQ; adapter checkpoints/dense_ivq/ is NOT local; model per evaluate_ivq.py MODEL_ID
04_lora,Qwen2.5-3B-Instruct,Qwen2.5,False,base,arbitrary_single,plain,10,30,IVQ,ordinal,11,0.05,,,,,20,1,,,,,held_moderate,raw,lora_intervention/results/dense_ivq_ivq_20260523_101418.json,dense-IVQ; adapter checkpoints/dense_ivq/ is NOT local; model per evaluate_ivq.py MODEL_ID
04_lora,Qwen2.5-3B-Instruct,Qwen2.5,False,base,arbitrary_single,plain,10,30,IVQ,ordinal,12,0.1,,,,,20,2,,,,,held_moderate,raw,lora_intervention/results/dense_ivq_ivq_20260523_101418.json,dense-IVQ; adapter checkpoints/dense_ivq/ is NOT local; model per evaluate_ivq.py MODEL_ID
04_lora,Qwen2.5-3B-Instruct,Qwen2.5,False,base,arbitrary_single,plain,10,30,IVQ,ordinal,13,0.0,,,,,20,0,,,,,held_moderate,raw,lora_intervention/results/dense_ivq_ivq_20260523_101418.json,dense-IVQ; adapter checkpoints/dense_ivq/ is NOT local; model per evaluate_ivq.py MODEL_ID
04_lora,Qwen2.5-3B-Instruct,Qwen2.5,False,base,arbitrary_single,plain,10,30,IVQ,ordinal,14,0.05,,,,,20,1,,,,,held_moderate,raw,lora_intervention/results/dense_ivq_ivq_20260523_101418.json,dense-IVQ; adapter checkpoints/dense_ivq/ is NOT local; model per evaluate_ivq.py MODEL_ID
04_lora,Qwen2.5-3B-Instruct,Qwen2.5,False,base,arbitrary_single,plain,10,30,IVQ,ordinal,15,0.05,,,,,20,1,,,,,held_moderate,raw,lora_intervention/results/dense_ivq_ivq_20260523_101418.json,dense-IVQ; adapter checkpoints/dense_ivq/ is NOT local; model per evaluate_ivq.py MODEL_ID
04_lora,Qwen2.5-3B-Instruct,Qwen2.5,False,base,arbitrary_single,plain,10,30,IVQ,ordinal,16,0.0,,,,,20,0,,,,,held_moderate,raw,lora_intervention/results/dense_ivq_ivq_20260523_101418.json,dense-IVQ; adapter checkpoints/dense_ivq/ is NOT local; model per evaluate_ivq.py MODEL_ID
04_lora,Qwen2.5-3B-Instruct,Qwen2.5,False,base,arbitrary_single,plain,10,30,IVQ,ordinal,17,0.1,,,,,20,2,,,,,held_moderate,raw,lora_intervention/results/dense_ivq_ivq_20260523_101418.json,dense-IVQ; adapter checkpoints/dense_ivq/ is NOT local; model per evaluate_ivq.py MODEL_ID
04_lora,Qwen2.5-3B-Instruct,Qwen2.5,False,base,arbitrary_single,plain,10,30,IVQ,ordinal,18,0.0,,,,,20,0,,,,,held_moderate,raw,lora_intervention/results/dense_ivq_ivq_20260523_101418.json,dense-IVQ; adapter checkpoints/dense_ivq/ is NOT local; model per evaluate_ivq.py MODEL_ID
04_lora,Qwen2.5-3B-Instruct,Qwen2.5,False,base,arbitrary_single,plain,10,30,IVQ,ordinal,19,0.0,,,,,20,0,,,,,held_moderate,raw,lora_intervention/results/dense_ivq_ivq_20260523_101418.json,dense-IVQ; adapter checkpoints/dense_ivq/ is NOT local; model per evaluate_ivq.py MODEL_ID
04_lora,Qwen2.5-3B-Instruct,Qwen2.5,False,base,arbitrary_single,plain,10,30,IVQ,ordinal,20,0.05,,,,,20,1,,,,,held_moderate,raw,lora_intervention/results/dense_ivq_ivq_20260523_101418.json,dense-IVQ; adapter checkpoints/dense_ivq/ is NOT local; model per evaluate_ivq.py MODEL_ID
04_lora,Qwen2.5-3B-Instruct,Qwen2.5,False,base,arbitrary_single,plain,15,30,FVQ,ordinal,1,0.2,,,,,20,4,,,,,held_moderate,raw,lora_intervention/results/dense_ivq_ivq_20260523_101418.json,dense-IVQ; adapter checkpoints/dense_ivq/ is NOT local; model per evaluate_ivq.py MODEL_ID
04_lora,Qwen2.5-3B-Instruct,Qwen2.5,False,base,arbitrary_single,plain,15,30,IVQ,ordinal,2,0.05,,,,,20,1,,,,,held_moderate,raw,lora_intervention/results/dense_ivq_ivq_20260523_101418.json,dense-IVQ; adapter checkpoints/dense_ivq/ is NOT local; model per evaluate_ivq.py MODEL_ID
04_lora,Qwen2.5-3B-Instruct,Qwen2.5,False,base,arbitrary_single,plain,15,30,IVQ,ordinal,3,0.05,,,,,20,1,,,,,held_moderate,raw,lora_intervention/results/dense_ivq_ivq_20260523_101418.json,dense-IVQ; adapter checkpoints/dense_ivq/ is NOT local; model per evaluate_ivq.py MODEL_ID
04_lora,Qwen2.5-3B-Instruct,Qwen2.5,False,base,arbitrary_single,plain,15,30,IVQ,ordinal,4,0.05,,,,,20,1,,,,,held_moderate,raw,lora_intervention/results/dense_ivq_ivq_20260523_101418.json,dense-IVQ; adapter checkpoints/dense_ivq/ is NOT local; model per evaluate_ivq.py MODEL_ID
04_lora,Qwen2.5-3B-Instruct,Qwen2.5,False,base,arbitrary_single,plain,15,30,IVQ,ordinal,5,0.05,,,,,20,1,,,,,held_moderate,raw,lora_intervention/results/dense_ivq_ivq_20260523_101418.json,dense-IVQ; adapter checkpoints/dense_ivq/ is NOT local; model per evaluate_ivq.py MODEL_ID
04_lora,Qwen2.5-3B-Instruct,Qwen2.5,False,base,arbitrary_single,plain,15,30,IVQ,ordinal,6,0.05,,,,,20,1,,,,,held_moderate,raw,lora_intervention/results/dense_ivq_ivq_20260523_101418.json,dense-IVQ; adapter checkpoints/dense_ivq/ is NOT local; model per evaluate_ivq.py MODEL_ID
04_lora,Qwen2.5-3B-Instruct,Qwen2.5,False,base,arbitrary_single,plain,15,30,IVQ,ordinal,7,0.0,,,,,20,0,,,,,held_moderate,raw,lora_intervention/results/dense_ivq_ivq_20260523_101418.json,dense-IVQ; adapter checkpoints/dense_ivq/ is NOT local; model per evaluate_ivq.py MODEL_ID
04_lora,Qwen2.5-3B-Instruct,Qwen2.5,False,base,arbitrary_single,plain,15,30,IVQ,ordinal,8,0.0,,,,,20,0,,,,,held_moderate,raw,lora_intervention/results/dense_ivq_ivq_20260523_101418.json,dense-IVQ; adapter checkpoints/dense_ivq/ is NOT local; model per evaluate_ivq.py MODEL_ID
04_lora,Qwen2.5-3B-Instruct,Qwen2.5,False,base,arbitrary_single,plain,15,30,IVQ,ordinal,9,0.05,,,,,20,1,,,,,held_moderate,raw,lora_intervention/results/dense_ivq_ivq_20260523_101418.json,dense-IVQ; adapter checkpoints/dense_ivq/ is NOT local; model per evaluate_ivq.py MODEL_ID
04_lora,Qwen2.5-3B-Instruct,Qwen2.5,False,base,arbitrary_single,plain,15,30,IVQ,ordinal,10,0.05,,,,,20,1,,,,,held_moderate,raw,lora_intervention/results/dense_ivq_ivq_20260523_101418.json,dense-IVQ; adapter checkpoints/dense_ivq/ is NOT local; model per evaluate_ivq.py MODEL_ID
04_lora,Qwen2.5-3B-Instruct,Qwen2.5,False,base,arbitrary_single,plain,15,30,IVQ,ordinal,11,0.0,,,,,20,0,,,,,held_moderate,raw,lora_intervention/results/dense_ivq_ivq_20260523_101418.json,dense-IVQ; adapter checkpoints/dense_ivq/ is NOT local; model per evaluate_ivq.py MODEL_ID
04_lora,Qwen2.5-3B-Instruct,Qwen2.5,False,base,arbitrary_single,plain,15,30,IVQ,ordinal,12,0.05,,,,,20,1,,,,,held_moderate,raw,lora_intervention/results/dense_ivq_ivq_20260523_101418.json,dense-IVQ; adapter checkpoints/dense_ivq/ is NOT local; model per evaluate_ivq.py MODEL_ID
04_lora,Qwen2.5-3B-Instruct,Qwen2.5,False,base,arbitrary_single,plain,15,30,IVQ,ordinal,13,0.0,,,,,20,0,,,,,held_moderate,raw,lora_intervention/results/dense_ivq_ivq_20260523_101418.json,dense-IVQ; adapter checkpoints/dense_ivq/ is NOT local; model per evaluate_ivq.py MODEL_ID
04_lora,Qwen2.5-3B-Instruct,Qwen2.5,False,base,arbitrary_single,plain,15,30,IVQ,ordinal,14,0.05,,,,,20,1,,,,,held_moderate,raw,lora_intervention/results/dense_ivq_ivq_20260523_101418.json,dense-IVQ; adapter checkpoints/dense_ivq/ is NOT local; model per evaluate_ivq.py MODEL_ID
04_lora,Qwen2.5-3B-Instruct,Qwen2.5,False,base,arbitrary_single,plain,15,30,IVQ,ordinal,15,0.0,,,,,20,0,,,,,held_moderate,raw,lora_intervention/results/dense_ivq_ivq_20260523_101418.json,dense-IVQ; adapter checkpoints/dense_ivq/ is NOT local; model per evaluate_ivq.py MODEL_ID
04_lora,Qwen2.5-3B-Instruct,Qwen2.5,False,base,arbitrary_single,plain,15,30,IVQ,ordinal,16,0.05,,,,,20,1,,,,,held_moderate,raw,lora_intervention/results/dense_ivq_ivq_20260523_101418.json,dense-IVQ; adapter checkpoints/dense_ivq/ is NOT local; model per evaluate_ivq.py MODEL_ID
04_lora,Qwen2.5-3B-Instruct,Qwen2.5,False,base,arbitrary_single,plain,15,30,IVQ,ordinal,17,0.0,,,,,20,0,,,,,held_moderate,raw,lora_intervention/results/dense_ivq_ivq_20260523_101418.json,dense-IVQ; adapter checkpoints/dense_ivq/ is NOT local; model per evaluate_ivq.py MODEL_ID
04_lora,Qwen2.5-3B-Instruct,Qwen2.5,False,base,arbitrary_single,plain,15,30,IVQ,ordinal,18,0.0,,,,,20,0,,,,,held_moderate,raw,lora_intervention/results/dense_ivq_ivq_20260523_101418.json,dense-IVQ; adapter checkpoints/dense_ivq/ is NOT local; model per evaluate_ivq.py MODEL_ID
04_lora,Qwen2.5-3B-Instruct,Qwen2.5,False,base,arbitrary_single,plain,15,30,IVQ,ordinal,19,0.05,,,,,20,1,,,,,held_moderate,raw,lora_intervention/results/dense_ivq_ivq_20260523_101418.json,dense-IVQ; adapter checkpoints/dense_ivq/ is NOT local; model per evaluate_ivq.py MODEL_ID
04_lora,Qwen2.5-3B-Instruct,Qwen2.5,False,base,arbitrary_single,plain,15,30,IVQ,ordinal,20,0.0,,,,,20,0,,,,,held_moderate,raw,lora_intervention/results/dense_ivq_ivq_20260523_101418.json,dense-IVQ; adapter checkpoints/dense_ivq/ is NOT local; model per evaluate_ivq.py MODEL_ID
04_lora,Qwen2.5-3B-Instruct,Qwen2.5,False,base,arbitrary_single,plain,5,10,FVQ,ordinal,1,0.8,,,,,20,16,,,,,train,raw,lora_intervention/results/dense_ivq_ivq_20260523_101418.json,dense-IVQ; adapter checkpoints/dense_ivq/ is NOT local; model per evaluate_ivq.py MODEL_ID
04_lora,Qwen2.5-3B-Instruct,Qwen2.5,False,base,arbitrary_single,plain,5,10,IVQ,ordinal,2,0.25,,,,,20,5,,,,,train,raw,lora_intervention/results/dense_ivq_ivq_20260523_101418.json,dense-IVQ; adapter checkpoints/dense_ivq/ is NOT local; model per evaluate_ivq.py MODEL_ID
04_lora,Qwen2.5-3B-Instruct,Qwen2.5,False,base,arbitrary_single,plain,5,10,IVQ,ordinal,3,0.2,,,,,20,4,,,,,train,raw,lora_intervention/results/dense_ivq_ivq_20260523_101418.json,dense-IVQ; adapter checkpoints/dense_ivq/ is NOT local; model per evaluate_ivq.py MODEL_ID
04_lora,Qwen2.5-3B-Instruct,Qwen2.5,False,base,arbitrary_single,plain,5,10,IVQ,ordinal,4,0.1,,,,,20,2,,,,,train,raw,lora_intervention/results/dense_ivq_ivq_20260523_101418.json,dense-IVQ; adapter checkpoints/dense_ivq/ is NOT local; model per evaluate_ivq.py MODEL_ID
04_lora,Qwen2.5-3B-Instruct,Qwen2.5,False,base,arbitrary_single,plain,5,10,IVQ,ordinal,5,0.1,,,,,20,2,,,,,train,raw,lora_intervention/results/dense_ivq_ivq_20260523_101418.json,dense-IVQ; adapter checkpoints/dense_ivq/ is NOT local; model per evaluate_ivq.py MODEL_ID
04_lora,Qwen2.5-3B-Instruct,Qwen2.5,False,base,arbitrary_single,plain,5,10,IVQ,ordinal,6,0.1,,,,,20,2,,,,,train,raw,lora_intervention/results/dense_ivq_ivq_20260523_101418.json,dense-IVQ; adapter checkpoints/dense_ivq/ is NOT local; model per evaluate_ivq.py MODEL_ID
04_lora,Qwen2.5-3B-Instruct,Qwen2.5,False,base,arbitrary_single,plain,5,10,IVQ,ordinal,7,0.0,,,,,20,0,,,,,train,raw,lora_intervention/results/dense_ivq_ivq_20260523_101418.json,dense-IVQ; adapter checkpoints/dense_ivq/ is NOT local; model per evaluate_ivq.py MODEL_ID
04_lora,Qwen2.5-3B-Instruct,Qwen2.5,False,base,arbitrary_single,plain,5,10,IVQ,ordinal,8,0.0,,,,,20,0,,,,,train,raw,lora_intervention/results/dense_ivq_ivq_20260523_101418.json,dense-IVQ; adapter checkpoints/dense_ivq/ is NOT local; model per evaluate_ivq.py MODEL_ID
04_lora,Qwen2.5-3B-Instruct,Qwen2.5,False,base,arbitrary_single,plain,5,10,IVQ,ordinal,9,0.0,,,,,20,0,,,,,train,raw,lora_intervention/results/dense_ivq_ivq_20260523_101418.json,dense-IVQ; adapter checkpoints/dense_ivq/ is NOT local; model per evaluate_ivq.py MODEL_ID
04_lora,Qwen2.5-3B-Instruct,Qwen2.5,False,base,arbitrary_single,plain,5,10,CVQ,semantic,10,0.55,,,,,20,11,,,,,train,raw,lora_intervention/results/dense_ivq_ivq_20260523_101418.json,dense-IVQ; adapter checkpoints/dense_ivq/ is NOT local; model per evaluate_ivq.py MODEL_ID
04_lora,Qwen2.5-3B-Instruct,Qwen2.5,False,base,arbitrary_single,plain,10,20,FVQ,ordinal,1,0.25,,,,,20,5,,,,,train,raw,lora_intervention/results/dense_ivq_ivq_20260523_101418.json,dense-IVQ; adapter checkpoints/dense_ivq/ is NOT local; model per evaluate_ivq.py MODEL_ID
04_lora,Qwen2.5-3B-Instruct,Qwen2.5,False,base,arbitrary_single,plain,10,20,IVQ,ordinal,2,0.05,,,,,20,1,,,,,train,raw,lora_intervention/results/dense_ivq_ivq_20260523_101418.json,dense-IVQ; adapter checkpoints/dense_ivq/ is NOT local; model per evaluate_ivq.py MODEL_ID
04_lora,Qwen2.5-3B-Instruct,Qwen2.5,False,base,arbitrary_single,plain,10,20,IVQ,ordinal,3,0.05,,,,,20,1,,,,,train,raw,lora_intervention/results/dense_ivq_ivq_20260523_101418.json,dense-IVQ; adapter checkpoints/dense_ivq/ is NOT local; model per evaluate_ivq.py MODEL_ID
04_lora,Qwen2.5-3B-Instruct,Qwen2.5,False,base,arbitrary_single,plain,10,20,IVQ,ordinal,4,0.15,,,,,20,3,,,,,train,raw,lora_intervention/results/dense_ivq_ivq_20260523_101418.json,dense-IVQ; adapter checkpoints/dense_ivq/ is NOT local; model per evaluate_ivq.py MODEL_ID
04_lora,Qwen2.5-3B-Instruct,Qwen2.5,False,base,arbitrary_single,plain,10,20,IVQ,ordinal,5,0.1,,,,,20,2,,,,,train,raw,lora_intervention/results/dense_ivq_ivq_20260523_101418.json,dense-IVQ; adapter checkpoints/dense_ivq/ is NOT local; model per evaluate_ivq.py MODEL_ID
04_lora,Qwen2.5-3B-Instruct,Qwen2.5,False,base,arbitrary_single,plain,10,20,IVQ,ordinal,6,0.0,,,,,20,0,,,,,train,raw,lora_intervention/results/dense_ivq_ivq_20260523_101418.json,dense-IVQ; adapter checkpoints/dense_ivq/ is NOT local; model per evaluate_ivq.py MODEL_ID
04_lora,Qwen2.5-3B-Instruct,Qwen2.5,False,base,arbitrary_single,plain,10,20,IVQ,ordinal,7,0.05,,,,,20,1,,,,,train,raw,lora_intervention/results/dense_ivq_ivq_20260523_101418.json,dense-IVQ; adapter checkpoints/dense_ivq/ is NOT local; model per evaluate_ivq.py MODEL_ID
04_lora,Qwen2.5-3B-Instruct,Qwen2.5,False,base,arbitrary_single,plain,10,20,IVQ,ordinal,8,0.2,,,,,20,4,,,,,train,raw,lora_intervention/results/dense_ivq_ivq_20260523_101418.json,dense-IVQ; adapter checkpoints/dense_ivq/ is NOT local; model per evaluate_ivq.py MODEL_ID
04_lora,Qwen2.5-3B-Instruct,Qwen2.5,False,base,arbitrary_single,plain,10,20,IVQ,ordinal,9,0.0,,,,,20,0,,,,,train,raw,lora_intervention/results/dense_ivq_ivq_20260523_101418.json,dense-IVQ; adapter checkpoints/dense_ivq/ is NOT local; model per evaluate_ivq.py MODEL_ID
04_lora,Qwen2.5-3B-Instruct,Qwen2.5,False,base,arbitrary_single,plain,10,20,IVQ,ordinal,10,0.0,,,,,20,0,,,,,train,raw,lora_intervention/results/dense_ivq_ivq_20260523_101418.json,dense-IVQ; adapter checkpoints/dense_ivq/ is NOT local; model per evaluate_ivq.py MODEL_ID
04_lora,Qwen2.5-3B-Instruct,Qwen2.5,False,base,arbitrary_single,plain,10,20,IVQ,ordinal,11,0.0,,,,,20,0,,,,,train,raw,lora_intervention/results/dense_ivq_ivq_20260523_101418.json,dense-IVQ; adapter checkpoints/dense_ivq/ is NOT local; model per evaluate_ivq.py MODEL_ID
04_lora,Qwen2.5-3B-Instruct,Qwen2.5,False,base,arbitrary_single,plain,10,20,IVQ,ordinal,12,0.05,,,,,20,1,,,,,train,raw,lora_intervention/results/dense_ivq_ivq_20260523_101418.json,dense-IVQ; adapter checkpoints/dense_ivq/ is NOT local; model per evaluate_ivq.py MODEL_ID
04_lora,Qwen2.5-3B-Instruct,Qwen2.5,False,base,arbitrary_single,plain,10,20,IVQ,ordinal,13,0.0,,,,,20,0,,,,,train,raw,lora_intervention/results/dense_ivq_ivq_20260523_101418.json,dense-IVQ; adapter checkpoints/dense_ivq/ is NOT local; model per evaluate_ivq.py MODEL_ID
04_lora,Qwen2.5-3B-Instruct,Qwen2.5,False,base,arbitrary_single,plain,10,20,IVQ,ordinal,14,0.0,,,,,20,0,,,,,train,raw,lora_intervention/results/dense_ivq_ivq_20260523_101418.json,dense-IVQ; adapter checkpoints/dense_ivq/ is NOT local; model per evaluate_ivq.py MODEL_ID
04_lora,Qwen2.5-3B-Instruct,Qwen2.5,False,base,arbitrary_single,plain,10,20,IVQ,ordinal,15,0.0,,,,,20,0,,,,,train,raw,lora_intervention/results/dense_ivq_ivq_20260523_101418.json,dense-IVQ; adapter checkpoints/dense_ivq/ is NOT local; model per evaluate_ivq.py MODEL_ID
04_lora,Qwen2.5-3B-Instruct,Qwen2.5,False,base,arbitrary_single,plain,10,20,IVQ,ordinal,16,0.0,,,,,20,0,,,,,train,raw,lora_intervention/results/dense_ivq_ivq_20260523_101418.json,dense-IVQ; adapter checkpoints/dense_ivq/ is NOT local; model per evaluate_ivq.py MODEL_ID
04_lora,Qwen2.5-3B-Instruct,Qwen2.5,False,base,arbitrary_single,plain,10,20,IVQ,ordinal,17,0.0,,,,,20,0,,,,,train,raw,lora_intervention/results/dense_ivq_ivq_20260523_101418.json,dense-IVQ; adapter checkpoints/dense_ivq/ is NOT local; model per evaluate_ivq.py MODEL_ID
04_lora,Qwen2.5-3B-Instruct,Qwen2.5,False,base,arbitrary_single,plain,10,20,IVQ,ordinal,18,0.0,,,,,20,0,,,,,train,raw,lora_intervention/results/dense_ivq_ivq_20260523_101418.json,dense-IVQ; adapter checkpoints/dense_ivq/ is NOT local; model per evaluate_ivq.py MODEL_ID
04_lora,Qwen2.5-3B-Instruct,Qwen2.5,False,base,arbitrary_single,plain,10,20,IVQ,ordinal,19,0.05,,,,,20,1,,,,,train,raw,lora_intervention/results/dense_ivq_ivq_20260523_101418.json,dense-IVQ; adapter checkpoints/dense_ivq/ is NOT local; model per evaluate_ivq.py MODEL_ID
04_lora,Qwen2.5-3B-Instruct,Qwen2.5,False,base,arbitrary_single,plain,10,20,CVQ,semantic,20,0.55,,,,,20,11,,,,,train,raw,lora_intervention/results/dense_ivq_ivq_20260523_101418.json,dense-IVQ; adapter checkpoints/dense_ivq/ is NOT local; model per evaluate_ivq.py MODEL_ID
04_lora,Qwen2.5-3B-Instruct,Qwen2.5,False,lora,arbitrary_single,plain,2,30,FVQ,ordinal,1,1.0,,0.9485813916897793,1.0,0.05141860831022067,48,48,,,,,,raw,lora_intervention/experiments/behavioral_block_lora_results/results.json,block-vs-LoRA behavioural sweep; cell K2N30; condition key lora_plain
04_lora,Qwen2.5-3B-Instruct,Qwen2.5,False,lora,arbitrary_single,plain,2,30,CVQ,semantic,30,1.0,,0.9485813916897793,1.0,0.05141860831022067,48,48,,,,,,raw,lora_intervention/experiments/behavioral_block_lora_results/results.json,block-vs-LoRA behavioural sweep; cell K2N30; condition key lora_plain
04_lora,Qwen2.5-3B-Instruct,Qwen2.5,False,lora,arbitrary_single,plain,5,20,FVQ,ordinal,1,1.0,,0.9485813916897793,1.0,0.05141860831022067,48,48,,,,,,raw,lora_intervention/experiments/behavioral_block_lora_results/results.json,block-vs-LoRA behavioural sweep; cell K5N20; condition key lora_plain
04_lora,Qwen2.5-3B-Instruct,Qwen2.5,False,lora,arbitrary_single,plain,5,20,IVQ,ordinal,2,1.0,,0.9485813916897793,1.0,0.05141860831022067,48,48,,,,,,raw,lora_intervention/experiments/behavioral_block_lora_results/results.json,block-vs-LoRA behavioural sweep; cell K5N20; condition key lora_plain
04_lora,Qwen2.5-3B-Instruct,Qwen2.5,False,lora,arbitrary_single,plain,5,20,IVQ,ordinal,3,0.953125,,0.8914048570345556,1.0,0.06172014296544431,64,61,,,,,,raw,lora_intervention/experiments/behavioral_block_lora_results/results.json,block-vs-LoRA behavioural sweep; cell K5N20; condition key lora_plain
04_lora,Qwen2.5-3B-Instruct,Qwen2.5,False,lora,arbitrary_single,plain,5,20,IVQ,ordinal,4,0.9791666666666666,,0.9163989744333195,1.0,0.06276769223334708,48,47,,,,,,raw,lora_intervention/experiments/behavioral_block_lora_results/results.json,block-vs-LoRA behavioural sweep; cell K5N20; condition key lora_plain
04_lora,Qwen2.5-3B-Instruct,Qwen2.5,False,lora,arbitrary_single,plain,5,20,IVQ,ordinal,5,0.875,,0.8070530407258207,0.9429469592741793,0.06794695927417928,96,84,,,,,,raw,lora_intervention/experiments/behavioral_block_lora_results/results.json,block-vs-LoRA behavioural sweep; cell K5N20; condition key lora_plain
04_lora,Qwen2.5-3B-Instruct,Qwen2.5,False,lora,arbitrary_single,plain,5,20,IVQ,ordinal,6,0.75625,,0.6899666350837709,0.8225333649162291,0.06628336491622912,160,121,,,,,,raw,lora_intervention/experiments/behavioral_block_lora_results/results.json,block-vs-LoRA behavioural sweep; cell K5N20; condition key lora_plain
04_lora,Qwen2.5-3B-Instruct,Qwen2.5,False,lora,arbitrary_single,plain,5,20,IVQ,ordinal,7,0.73125,,0.662941861109774,0.7995581388902259,0.0683081388902259,160,117,,,,,,raw,lora_intervention/experiments/behavioral_block_lora_results/results.json,block-vs-LoRA behavioural sweep; cell K5N20; condition key lora_plain
04_lora,Qwen2.5-3B-Instruct,Qwen2.5,False,lora,arbitrary_single,plain,5,20,IVQ,ordinal,8,0.609375,,0.5409760467200028,0.6777739532799972,0.06839895327999723,192,117,,,,,,raw,lora_intervention/experiments/behavioral_block_lora_results/results.json,block-vs-LoRA behavioural sweep; cell K5N20; condition key lora_plain
04_lora,Qwen2.5-3B-Instruct,Qwen2.5,False,lora,arbitrary_single,plain,5,20,IVQ,ordinal,9,0.515625,,0.4456295700398919,0.5856204299601081,0.06999542996010812,192,99,,,,,,raw,lora_intervention/experiments/behavioral_block_lora_results/results.json,block-vs-LoRA behavioural sweep; cell K5N20; condition key lora_plain
04_lora,Qwen2.5-3B-Instruct,Qwen2.5,False,lora,arbitrary_single,plain,5,20,IVQ,ordinal,10,0.4583333333333333,,0.38853912980220573,0.5281275368644609,0.06979420353112761,192,88,,,,,,raw,lora_intervention/experiments/behavioral_block_lora_results/results.json,block-vs-LoRA behavioural sweep; cell K5N20; condition key lora_plain
04_lora,Qwen2.5-3B-Instruct,Qwen2.5,False,lora,arbitrary_single,plain,5,20,IVQ,ordinal,11,0.4479166666666667,,0.37825448972619174,0.5175788436071416,0.06966217694047493,192,86,,,,,,raw,lora_intervention/experiments/behavioral_block_lora_results/results.json,block-vs-LoRA behavioural sweep; cell K5N20; condition key lora_plain
04_lora,Qwen2.5-3B-Instruct,Qwen2.5,False,lora,arbitrary_single,plain,5,20,IVQ,ordinal,12,0.3068181818181818,,0.2391663396610263,0.37447002397533735,0.06765184215715551,176,54,,,,,,raw,lora_intervention/experiments/behavioral_block_lora_results/results.json,block-vs-LoRA behavioural sweep; cell K5N20; condition key lora_plain
04_lora,Qwen2.5-3B-Instruct,Qwen2.5,False,lora,arbitrary_single,plain,5,20,IVQ,ordinal,13,0.22916666666666666,,0.1606982703732932,0.2976350629600401,0.06846839629337345,144,33,,,,,,raw,lora_intervention/experiments/behavioral_block_lora_results/results.json,block-vs-LoRA behavioural sweep; cell K5N20; condition key lora_plain
04_lora,Qwen2.5-3B-Instruct,Qwen2.5,False,lora,arbitrary_single,plain,5,20,IVQ,ordinal,14,0.203125,,0.13338329772117755,0.2728667022788225,0.06974170227882245,128,26,,,,,,raw,lora_intervention/experiments/behavioral_block_lora_results/results.json,block-vs-LoRA behavioural sweep; cell K5N20; condition key lora_plain
04_lora,Qwen2.5-3B-Instruct,Qwen2.5,False,lora,arbitrary_single,plain,5,20,IVQ,ordinal,15,0.24375,,0.17746663508377086,0.3100333649162291,0.06628336491622912,160,39,,,,,,raw,lora_intervention/experiments/behavioral_block_lora_results/results.json,block-vs-LoRA behavioural sweep; cell K5N20; condition key lora_plain
04_lora,Qwen2.5-3B-Instruct,Qwen2.5,False,lora,arbitrary_single,plain,5,20,IVQ,ordinal,16,0.29545454545454547,,0.228489566697161,0.3624195242119299,0.06696497875738447,176,52,,,,,,raw,lora_intervention/experiments/behavioral_block_lora_results/results.json,block-vs-LoRA behavioural sweep; cell K5N20; condition key lora_plain
04_lora,Qwen2.5-3B-Instruct,Qwen2.5,False,lora,arbitrary_single,plain,5,20,IVQ,ordinal,17,0.3181818181818182,,0.24988868899923494,0.3864749473644014,0.06829312918258325,176,56,,,,,,raw,lora_intervention/experiments/behavioral_block_lora_results/results.json,block-vs-LoRA behavioural sweep; cell K5N20; condition key lora_plain
04_lora,Qwen2.5-3B-Instruct,Qwen2.5,False,lora,arbitrary_single,plain,5,20,IVQ,ordinal,18,0.4010416666666667,,0.3323442703894975,0.4697390629438359,0.0686973962771692,192,77,,,,,,raw,lora_intervention/experiments/behavioral_block_lora_results/results.json,block-vs-LoRA behavioural sweep; cell K5N20; condition key lora_plain
04_lora,Qwen2.5-3B-Instruct,Qwen2.5,False,lora,arbitrary_single,plain,5,20,IVQ,ordinal,19,0.4583333333333333,,0.38853912980220573,0.5281275368644609,0.06979420353112761,192,88,,,,,,raw,lora_intervention/experiments/behavioral_block_lora_results/results.json,block-vs-LoRA behavioural sweep; cell K5N20; condition key lora_plain
04_lora,Qwen2.5-3B-Instruct,Qwen2.5,False,lora,arbitrary_single,plain,5,20,CVQ,semantic,20,1.0,,0.9485813916897793,1.0,0.05141860831022067,48,48,,,,,,raw,lora_intervention/experiments/behavioral_block_lora_results/results.json,block-vs-LoRA behavioural sweep; cell K5N20; condition key lora_plain
04_lora,Qwen2.5-3B-Instruct,Qwen2.5,False,lora,arbitrary_single,plain,5,50,FVQ,ordinal,1,1.0,,0.9485813916897793,1.0,0.05141860831022067,48,48,,,,,,raw,lora_intervention/experiments/behavioral_block_lora_results/results.json,block-vs-LoRA behavioural sweep; cell K5N50; condition key lora_plain
04_lora,Qwen2.5-3B-Instruct,Qwen2.5,False,lora,arbitrary_single,plain,5,50,IVQ,ordinal,2,1.0,,0.9485813916897793,1.0,0.05141860831022067,48,48,,,,,,raw,lora_intervention/experiments/behavioral_block_lora_results/results.json,block-vs-LoRA behavioural sweep; cell K5N50; condition key lora_plain
04_lora,Qwen2.5-3B-Instruct,Qwen2.5,False,lora,arbitrary_single,plain,5,50,IVQ,ordinal,4,0.7777777777777778,,0.7099987013852602,0.8455568541702954,0.06777907639251761,144,112,,,,,,raw,lora_intervention/experiments/behavioral_block_lora_results/results.json,block-vs-LoRA behavioural sweep; cell K5N50; condition key lora_plain
04_lora,Qwen2.5-3B-Instruct,Qwen2.5,False,lora,arbitrary_single,plain,5,50,IVQ,ordinal,6,0.4583333333333333,,0.38853912980220573,0.5281275368644609,0.06979420353112761,192,88,,,,,,raw,lora_intervention/experiments/behavioral_block_lora_results/results.json,block-vs-LoRA behavioural sweep; cell K5N50; condition key lora_plain
04_lora,Qwen2.5-3B-Instruct,Qwen2.5,False,lora,arbitrary_single,plain,5,50,IVQ,ordinal,8,0.5260416666666666,,0.45610471558780014,0.5959786177455332,0.06993695107886651,192,101,,,,,,raw,lora_intervention/experiments/behavioral_block_lora_results/results.json,block-vs-LoRA behavioural sweep; cell K5N50; condition key lora_plain
04_lora,Qwen2.5-3B-Instruct,Qwen2.5,False,lora,arbitrary_single,plain,5,50,IVQ,ordinal,10,0.375,,0.3071076440563436,0.4428923559436564,0.06789235594365636,192,72,,,,,,raw,lora_intervention/experiments/behavioral_block_lora_results/results.json,block-vs-LoRA behavioural sweep; cell K5N50; condition key lora_plain
04_lora,Qwen2.5-3B-Instruct,Qwen2.5,False,lora,arbitrary_single,plain,5,50,IVQ,ordinal,12,0.3125,,0.2445219000484254,0.3804780999515746,0.06797809995157462,176,55,,,,,,raw,lora_intervention/experiments/behavioral_block_lora_results/results.json,block-vs-LoRA behavioural sweep; cell K5N50; condition key lora_plain
04_lora,Qwen2.5-3B-Instruct,Qwen2.5,False,lora,arbitrary_single,plain,5,50,IVQ,ordinal,14,0.171875,,0.10609137492852205,0.23765862507147795,0.06578362507147795,128,22,,,,,,raw,lora_intervention/experiments/behavioral_block_lora_results/results.json,block-vs-LoRA behavioural sweep; cell K5N50; condition key lora_plain
04_lora,Qwen2.5-3B-Instruct,Qwen2.5,False,lora,arbitrary_single,plain,5,50,IVQ,ordinal,16,0.125,,0.05705304072582072,0.19294695927417926,0.06794695927417928,96,12,,,,,,raw,lora_intervention/experiments/behavioral_block_lora_results/results.json,block-vs-LoRA behavioural sweep; cell K5N50; condition key lora_plain
04_lora,Qwen2.5-3B-Instruct,Qwen2.5,False,lora,arbitrary_single,plain,5,50,IVQ,ordinal,18,0.0,,0.0,0.051418608310220645,0.051418608310220645,48,0,,,,,,raw,lora_intervention/experiments/behavioral_block_lora_results/results.json,block-vs-LoRA behavioural sweep; cell K5N50; condition key lora_plain
04_lora,Qwen2.5-3B-Instruct,Qwen2.5,False,lora,arbitrary_single,plain,5,50,IVQ,ordinal,20,0.020833333333333332,,0.0,0.0836010255666804,0.06276769223334708,48,1,,,,,,raw,lora_intervention/experiments/behavioral_block_lora_results/results.json,block-vs-LoRA behavioural sweep; cell K5N50; condition key lora_plain
04_lora,Qwen2.5-3B-Instruct,Qwen2.5,False,lora,arbitrary_single,plain,5,50,IVQ,ordinal,22,0.0,,0.0,0.051418608310220645,0.051418608310220645,48,0,,,,,,raw,lora_intervention/experiments/behavioral_block_lora_results/results.json,block-vs-LoRA behavioural sweep; cell K5N50; condition key lora_plain
04_lora,Qwen2.5-3B-Instruct,Qwen2.5,False,lora,arbitrary_single,plain,5,50,IVQ,ordinal,24,0.03125,,0.0,0.08677906924853511,0.05552906924853511,64,2,,,,,,raw,lora_intervention/experiments/behavioral_block_lora_results/results.json,block-vs-LoRA behavioural sweep; cell K5N50; condition key lora_plain
04_lora,Qwen2.5-3B-Instruct,Qwen2.5,False,lora,arbitrary_single,plain,5,50,IVQ,ordinal,26,0.0,,0.0,0.051418608310220645,0.051418608310220645,48,0,,,,,,raw,lora_intervention/experiments/behavioral_block_lora_results/results.json,block-vs-LoRA behavioural sweep; cell K5N50; condition key lora_plain
04_lora,Qwen2.5-3B-Instruct,Qwen2.5,False,lora,arbitrary_single,plain,5,50,IVQ,ordinal,28,0.03125,,0.0,0.08677906924853511,0.05552906924853511,64,2,,,,,,raw,lora_intervention/experiments/behavioral_block_lora_results/results.json,block-vs-LoRA behavioural sweep; cell K5N50; condition key lora_plain
04_lora,Qwen2.5-3B-Instruct,Qwen2.5,False,lora,arbitrary_single,plain,5,50,IVQ,ordinal,30,0.046875,,0.0,0.1085951429654443,0.0617201429654443,64,3,,,,,,raw,lora_intervention/experiments/behavioral_block_lora_results/results.json,block-vs-LoRA behavioural sweep; cell K5N50; condition key lora_plain
04_lora,Qwen2.5-3B-Instruct,Qwen2.5,False,lora,arbitrary_single,plain,5,50,IVQ,ordinal,32,0.0,,0.0,0.051418608310220645,0.051418608310220645,48,0,,,,,,raw,lora_intervention/experiments/behavioral_block_lora_results/results.json,block-vs-LoRA behavioural sweep; cell K5N50; condition key lora_plain
04_lora,Qwen2.5-3B-Instruct,Qwen2.5,False,lora,arbitrary_single,plain,5,50,IVQ,ordinal,34,0.020833333333333332,,0.0,0.0836010255666804,0.06276769223334708,48,1,,,,,,raw,lora_intervention/experiments/behavioral_block_lora_results/results.json,block-vs-LoRA behavioural sweep; cell K5N50; condition key lora_plain
04_lora,Qwen2.5-3B-Instruct,Qwen2.5,False,lora,arbitrary_single,plain,5,50,IVQ,ordinal,36,0.020833333333333332,,0.0,0.0836010255666804,0.06276769223334708,48,1,,,,,,raw,lora_intervention/experiments/behavioral_block_lora_results/results.json,block-vs-LoRA behavioural sweep; cell K5N50; condition key lora_plain
04_lora,Qwen2.5-3B-Instruct,Qwen2.5,False,lora,arbitrary_single,plain,5,50,IVQ,ordinal,38,0.020833333333333332,,0.0,0.0836010255666804,0.06276769223334708,48,1,,,,,,raw,lora_intervention/experiments/behavioral_block_lora_results/results.json,block-vs-LoRA behavioural sweep; cell K5N50; condition key lora_plain
04_lora,Qwen2.5-3B-Instruct,Qwen2.5,False,lora,arbitrary_single,plain,5,50,IVQ,ordinal,40,0.046875,,0.0,0.1085951429654443,0.0617201429654443,64,3,,,,,,raw,lora_intervention/experiments/behavioral_block_lora_results/results.json,block-vs-LoRA behavioural sweep; cell K5N50; condition key lora_plain
04_lora,Qwen2.5-3B-Instruct,Qwen2.5,False,lora,arbitrary_single,plain,5,50,IVQ,ordinal,42,0.03125,,0.0,0.08677906924853511,0.05552906924853511,64,2,,,,,,raw,lora_intervention/experiments/behavioral_block_lora_results/results.json,block-vs-LoRA behavioural sweep; cell K5N50; condition key lora_plain
04_lora,Qwen2.5-3B-Instruct,Qwen2.5,False,lora,arbitrary_single,plain,5,50,IVQ,ordinal,44,0.0625,,0.0,0.12966150559943532,0.06716150559943532,64,4,,,,,,raw,lora_intervention/experiments/behavioral_block_lora_results/results.json,block-vs-LoRA behavioural sweep; cell K5N50; condition key lora_plain
04_lora,Qwen2.5-3B-Instruct,Qwen2.5,False,lora,arbitrary_single,plain,5,50,IVQ,ordinal,46,0.1796875,,0.11285472967271712,0.24652027032728288,0.06683277032728288,128,23,,,,,,raw,lora_intervention/experiments/behavioral_block_lora_results/results.json,block-vs-LoRA behavioural sweep; cell K5N50; condition key lora_plain
04_lora,Qwen2.5-3B-Instruct,Qwen2.5,False,lora,arbitrary_single,plain,5,50,IVQ,ordinal,48,0.1953125,,0.12650240594236262,0.2641225940576374,0.0688100940576374,128,25,,,,,,raw,lora_intervention/experiments/behavioral_block_lora_results/results.json,block-vs-LoRA behavioural sweep; cell K5N50; condition key lora_plain
04_lora,Qwen2.5-3B-Instruct,Qwen2.5,False,lora,arbitrary_single,plain,5,50,CVQ,semantic,50,1.0,,0.9485813916897793,1.0,0.05141860831022067,48,48,,,,,,raw,lora_intervention/experiments/behavioral_block_lora_results/results.json,block-vs-LoRA behavioural sweep; cell K5N50; condition key lora_plain
04_lora,Qwen2.5-3B-Instruct,Qwen2.5,False,lora,arbitrary_single,plain,5,75,FVQ,ordinal,1,1.0,,0.9485813916897793,1.0,0.05141860831022067,48,48,,,,,,raw,lora_intervention/experiments/behavioral_block_lora_results/results.json,block-vs-LoRA behavioural sweep; cell K5N75; condition key lora_plain
04_lora,Qwen2.5-3B-Instruct,Qwen2.5,False,lora,arbitrary_single,plain,5,75,IVQ,ordinal,2,1.0,,0.9485813916897793,1.0,0.05141860831022067,48,48,,,,,,raw,lora_intervention/experiments/behavioral_block_lora_results/results.json,block-vs-LoRA behavioural sweep; cell K5N75; condition key lora_plain
04_lora,Qwen2.5-3B-Instruct,Qwen2.5,False,lora,arbitrary_single,plain,5,75,IVQ,ordinal,4,0.7847222222222222,,0.7176572728896237,0.8517871715548208,0.06706494933259853,144,113,,,,,,raw,lora_intervention/experiments/behavioral_block_lora_results/results.json,block-vs-LoRA behavioural sweep; cell K5N75; condition key lora_plain
04_lora,Qwen2.5-3B-Instruct,Qwen2.5,False,lora,arbitrary_single,plain,5,75,IVQ,ordinal,6,0.4270833333333333,,0.3577744568345022,0.4963922098321644,0.0693088764988311,192,82,,,,,,raw,lora_intervention/experiments/behavioral_block_lora_results/results.json,block-vs-LoRA behavioural sweep; cell K5N75; condition key lora_plain
04_lora,Qwen2.5-3B-Instruct,Qwen2.5,False,lora,arbitrary_single,plain,5,75,IVQ,ordinal,8,0.4739583333333333,,0.4040213822544668,0.5438952844121998,0.0699369510788665,192,91,,,,,,raw,lora_intervention/experiments/behavioral_block_lora_results/results.json,block-vs-LoRA behavioural sweep; cell K5N75; condition key lora_plain
04_lora,Qwen2.5-3B-Instruct,Qwen2.5,False,lora,arbitrary_single,plain,5,75,IVQ,ordinal,10,0.3854166666666667,,0.31717866583236043,0.45365466750097294,0.06823800083430628,192,74,,,,,,raw,lora_intervention/experiments/behavioral_block_lora_results/results.json,block-vs-LoRA behavioural sweep; cell K5N75; condition key lora_plain
04_lora,Qwen2.5-3B-Instruct,Qwen2.5,False,lora,arbitrary_single,plain,5,75,IVQ,ordinal,12,0.23125,,0.1660829505030252,0.2964170494969748,0.0651670494969748,160,37,,,,,,raw,lora_intervention/experiments/behavioral_block_lora_results/results.json,block-vs-LoRA behavioural sweep; cell K5N75; condition key lora_plain
04_lora,Qwen2.5-3B-Instruct,Qwen2.5,False,lora,arbitrary_single,plain,5,75,IVQ,ordinal,14,0.14285714285714285,,0.07700416426082954,0.20871012145345616,0.06585297859631331,112,16,,,,,,raw,lora_intervention/experiments/behavioral_block_lora_results/results.json,block-vs-LoRA behavioural sweep; cell K5N75; condition key lora_plain
04_lora,Qwen2.5-3B-Instruct,Qwen2.5,False,lora,arbitrary_single,plain,5,75,IVQ,ordinal,16,0.1,,0.030860949445602484,0.16913905055439754,0.06913905055439752,80,8,,,,,,raw,lora_intervention/experiments/behavioral_block_lora_results/results.json,block-vs-LoRA behavioural sweep; cell K5N75; condition key lora_plain
04_lora,Qwen2.5-3B-Instruct,Qwen2.5,False,lora,arbitrary_single,plain,5,75,IVQ,ordinal,18,0.020833333333333332,,0.0,0.0836010255666804,0.06276769223334708,48,1,,,,,,raw,lora_intervention/experiments/behavioral_block_lora_results/results.json,block-vs-LoRA behavioural sweep; cell K5N75; condition key lora_plain
04_lora,Qwen2.5-3B-Instruct,Qwen2.5,False,lora,arbitrary_single,plain,5,75,IVQ,ordinal,20,0.0,,0.0,0.051418608310220645,0.051418608310220645,48,0,,,,,,raw,lora_intervention/experiments/behavioral_block_lora_results/results.json,block-vs-LoRA behavioural sweep; cell K5N75; condition key lora_plain
04_lora,Qwen2.5-3B-Instruct,Qwen2.5,False,lora,arbitrary_single,plain,5,75,IVQ,ordinal,22,0.0,,0.0,0.051418608310220645,0.051418608310220645,48,0,,,,,,raw,lora_intervention/experiments/behavioral_block_lora_results/results.json,block-vs-LoRA behavioural sweep; cell K5N75; condition key lora_plain
04_lora,Qwen2.5-3B-Instruct,Qwen2.5,False,lora,arbitrary_single,plain,5,75,IVQ,ordinal,24,0.0,,0.0,0.051418608310220645,0.051418608310220645,48,0,,,,,,raw,lora_intervention/experiments/behavioral_block_lora_results/results.json,block-vs-LoRA behavioural sweep; cell K5N75; condition key lora_plain
04_lora,Qwen2.5-3B-Instruct,Qwen2.5,False,lora,arbitrary_single,plain,5,75,IVQ,ordinal,26,0.0,,0.0,0.051418608310220645,0.051418608310220645,48,0,,,,,,raw,lora_intervention/experiments/behavioral_block_lora_results/results.json,block-vs-LoRA behavioural sweep; cell K5N75; condition key lora_plain
04_lora,Qwen2.5-3B-Instruct,Qwen2.5,False,lora,arbitrary_single,plain,5,75,IVQ,ordinal,28,0.0,,0.0,0.051418608310220645,0.051418608310220645,48,0,,,,,,raw,lora_intervention/experiments/behavioral_block_lora_results/results.json,block-vs-LoRA behavioural sweep; cell K5N75; condition key lora_plain
04_lora,Qwen2.5-3B-Instruct,Qwen2.5,False,lora,arbitrary_single,plain,5,75,IVQ,ordinal,30,0.0,,0.0,0.051418608310220645,0.051418608310220645,48,0,,,,,,raw,lora_intervention/experiments/behavioral_block_lora_results/results.json,block-vs-LoRA behavioural sweep; cell K5N75; condition key lora_plain
04_lora,Qwen2.5-3B-Instruct,Qwen2.5,False,lora,arbitrary_single,plain,5,75,IVQ,ordinal,32,0.020833333333333332,,0.0,0.0836010255666804,0.06276769223334708,48,1,,,,,,raw,lora_intervention/experiments/behavioral_block_lora_results/results.json,block-vs-LoRA behavioural sweep; cell K5N75; condition key lora_plain
04_lora,Qwen2.5-3B-Instruct,Qwen2.5,False,lora,arbitrary_single,plain,5,75,IVQ,ordinal,34,0.020833333333333332,,0.0,0.0836010255666804,0.06276769223334708,48,1,,,,,,raw,lora_intervention/experiments/behavioral_block_lora_results/results.json,block-vs-LoRA behavioural sweep; cell K5N75; condition key lora_plain
04_lora,Qwen2.5-3B-Instruct,Qwen2.5,False,lora,arbitrary_single,plain,5,75,IVQ,ordinal,36,0.0,,0.0,0.051418608310220645,0.051418608310220645,48,0,,,,,,raw,lora_intervention/experiments/behavioral_block_lora_results/results.json,block-vs-LoRA behavioural sweep; cell K5N75; condition key lora_plain
04_lora,Qwen2.5-3B-Instruct,Qwen2.5,False,lora,arbitrary_single,plain,5,75,IVQ,ordinal,38,0.0,,0.0,0.051418608310220645,0.051418608310220645,48,0,,,,,,raw,lora_intervention/experiments/behavioral_block_lora_results/results.json,block-vs-LoRA behavioural sweep; cell K5N75; condition key lora_plain
04_lora,Qwen2.5-3B-Instruct,Qwen2.5,False,lora,arbitrary_single,plain,5,75,IVQ,ordinal,40,0.0,,0.0,0.051418608310220645,0.051418608310220645,48,0,,,,,,raw,lora_intervention/experiments/behavioral_block_lora_results/results.json,block-vs-LoRA behavioural sweep; cell K5N75; condition key lora_plain
04_lora,Qwen2.5-3B-Instruct,Qwen2.5,False,lora,arbitrary_single,plain,5,75,IVQ,ordinal,42,0.0,,0.0,0.051418608310220645,0.051418608310220645,48,0,,,,,,raw,lora_intervention/experiments/behavioral_block_lora_results/results.json,block-vs-LoRA behavioural sweep; cell K5N75; condition key lora_plain
04_lora,Qwen2.5-3B-Instruct,Qwen2.5,False,lora,arbitrary_single,plain,5,75,IVQ,ordinal,44,0.0,,0.0,0.051418608310220645,0.051418608310220645,48,0,,,,,,raw,lora_intervention/experiments/behavioral_block_lora_results/results.json,block-vs-LoRA behavioural sweep; cell K5N75; condition key lora_plain
04_lora,Qwen2.5-3B-Instruct,Qwen2.5,False,lora,arbitrary_single,plain,5,75,IVQ,ordinal,46,0.0,,0.0,0.051418608310220645,0.051418608310220645,48,0,,,,,,raw,lora_intervention/experiments/behavioral_block_lora_results/results.json,block-vs-LoRA behavioural sweep; cell K5N75; condition key lora_plain
04_lora,Qwen2.5-3B-Instruct,Qwen2.5,False,lora,arbitrary_single,plain,5,75,IVQ,ordinal,48,0.0,,0.0,0.051418608310220645,0.051418608310220645,48,0,,,,,,raw,lora_intervention/experiments/behavioral_block_lora_results/results.json,block-vs-LoRA behavioural sweep; cell K5N75; condition key lora_plain
04_lora,Qwen2.5-3B-Instruct,Qwen2.5,False,lora,arbitrary_single,plain,5,75,IVQ,ordinal,50,0.020833333333333332,,0.0,0.0836010255666804,0.06276769223334708,48,1,,,,,,raw,lora_intervention/experiments/behavioral_block_lora_results/results.json,block-vs-LoRA behavioural sweep; cell K5N75; condition key lora_plain
04_lora,Qwen2.5-3B-Instruct,Qwen2.5,False,lora,arbitrary_single,plain,5,75,IVQ,ordinal,52,0.0,,0.0,0.051418608310220645,0.051418608310220645,48,0,,,,,,raw,lora_intervention/experiments/behavioral_block_lora_results/results.json,block-vs-LoRA behavioural sweep; cell K5N75; condition key lora_plain
04_lora,Qwen2.5-3B-Instruct,Qwen2.5,False,lora,arbitrary_single,plain,5,75,IVQ,ordinal,54,0.0,,0.0,0.051418608310220645,0.051418608310220645,48,0,,,,,,raw,lora_intervention/experiments/behavioral_block_lora_results/results.json,block-vs-LoRA behavioural sweep; cell K5N75; condition key lora_plain
04_lora,Qwen2.5-3B-Instruct,Qwen2.5,False,lora,arbitrary_single,plain,5,75,IVQ,ordinal,56,0.020833333333333332,,0.0,0.0836010255666804,0.06276769223334708,48,1,,,,,,raw,lora_intervention/experiments/behavioral_block_lora_results/results.json,block-vs-LoRA behavioural sweep; cell K5N75; condition key lora_plain
04_lora,Qwen2.5-3B-Instruct,Qwen2.5,False,lora,arbitrary_single,plain,5,75,IVQ,ordinal,58,0.0,,0.0,0.051418608310220645,0.051418608310220645,48,0,,,,,,raw,lora_intervention/experiments/behavioral_block_lora_results/results.json,block-vs-LoRA behavioural sweep; cell K5N75; condition key lora_plain
04_lora,Qwen2.5-3B-Instruct,Qwen2.5,False,lora,arbitrary_single,plain,5,75,IVQ,ordinal,60,0.03125,,0.0,0.08677906924853511,0.05552906924853511,64,2,,,,,,raw,lora_intervention/experiments/behavioral_block_lora_results/results.json,block-vs-LoRA behavioural sweep; cell K5N75; condition key lora_plain
04_lora,Qwen2.5-3B-Instruct,Qwen2.5,False,lora,arbitrary_single,plain,5,75,IVQ,ordinal,62,0.020833333333333332,,0.0,0.0836010255666804,0.06276769223334708,48,1,,,,,,raw,lora_intervention/experiments/behavioral_block_lora_results/results.json,block-vs-LoRA behavioural sweep; cell K5N75; condition key lora_plain
04_lora,Qwen2.5-3B-Instruct,Qwen2.5,False,lora,arbitrary_single,plain,5,75,IVQ,ordinal,64,0.0625,,0.0,0.12966150559943532,0.06716150559943532,64,4,,,,,,raw,lora_intervention/experiments/behavioral_block_lora_results/results.json,block-vs-LoRA behavioural sweep; cell K5N75; condition key lora_plain
04_lora,Qwen2.5-3B-Instruct,Qwen2.5,False,lora,arbitrary_single,plain,5,75,IVQ,ordinal,66,0.0625,,0.0,0.12966150559943532,0.06716150559943532,64,4,,,,,,raw,lora_intervention/experiments/behavioral_block_lora_results/results.json,block-vs-LoRA behavioural sweep; cell K5N75; condition key lora_plain
04_lora,Qwen2.5-3B-Instruct,Qwen2.5,False,lora,arbitrary_single,plain,5,75,IVQ,ordinal,68,0.020833333333333332,,0.0,0.0836010255666804,0.06276769223334708,48,1,,,,,,raw,lora_intervention/experiments/behavioral_block_lora_results/results.json,block-vs-LoRA behavioural sweep; cell K5N75; condition key lora_plain
04_lora,Qwen2.5-3B-Instruct,Qwen2.5,False,lora,arbitrary_single,plain,5,75,IVQ,ordinal,70,0.1,,0.030860949445602484,0.16913905055439754,0.06913905055439752,80,8,,,,,,raw,lora_intervention/experiments/behavioral_block_lora_results/results.json,block-vs-LoRA behavioural sweep; cell K5N75; condition key lora_plain
04_lora,Qwen2.5-3B-Instruct,Qwen2.5,False,lora,arbitrary_single,plain,5,75,IVQ,ordinal,72,0.046875,,0.0,0.1085951429654443,0.0617201429654443,64,3,,,,,,raw,lora_intervention/experiments/behavioral_block_lora_results/results.json,block-vs-LoRA behavioural sweep; cell K5N75; condition key lora_plain
04_lora,Qwen2.5-3B-Instruct,Qwen2.5,False,lora,arbitrary_single,plain,5,75,IVQ,ordinal,74,0.020833333333333332,,0.0,0.0836010255666804,0.06276769223334708,48,1,,,,,,raw,lora_intervention/experiments/behavioral_block_lora_results/results.json,block-vs-LoRA behavioural sweep; cell K5N75; condition key lora_plain
04_lora,Qwen2.5-3B-Instruct,Qwen2.5,False,lora,arbitrary_single,plain,5,75,CVQ,semantic,75,0.9791666666666666,,0.9163989744333195,1.0,0.06276769223334708,48,47,,,,,,raw,lora_intervention/experiments/behavioral_block_lora_results/results.json,block-vs-LoRA behavioural sweep; cell K5N75; condition key lora_plain
04_lora,Qwen2.5-3B-Instruct,Qwen2.5,False,lora,arbitrary_single,plain,10,25,FVQ,ordinal,1,1.0,,0.9485813916897793,1.0,0.05141860831022067,48,48,,,,,,raw,lora_intervention/experiments/behavioral_block_lora_results/results.json,block-vs-LoRA behavioural sweep; cell K10N25; condition key lora_plain
04_lora,Qwen2.5-3B-Instruct,Qwen2.5,False,lora,arbitrary_single,plain,10,25,IVQ,ordinal,2,0.9791666666666666,,0.9163989744333195,1.0,0.06276769223334708,48,47,,,,,,raw,lora_intervention/experiments/behavioral_block_lora_results/results.json,block-vs-LoRA behavioural sweep; cell K10N25; condition key lora_plain
04_lora,Qwen2.5-3B-Instruct,Qwen2.5,False,lora,arbitrary_single,plain,10,25,IVQ,ordinal,3,0.925,,0.8623917382068295,0.9876082617931706,0.06260826179317054,80,74,,,,,,raw,lora_intervention/experiments/behavioral_block_lora_results/results.json,block-vs-LoRA behavioural sweep; cell K10N25; condition key lora_plain
04_lora,Qwen2.5-3B-Instruct,Qwen2.5,False,lora,arbitrary_single,plain,10,25,IVQ,ordinal,4,0.7638888888888888,,0.6947552378058229,0.8330225399719547,0.06913365108306593,144,110,,,,,,raw,lora_intervention/experiments/behavioral_block_lora_results/results.json,block-vs-LoRA behavioural sweep; cell K10N25; condition key lora_plain
04_lora,Qwen2.5-3B-Instruct,Qwen2.5,False,lora,arbitrary_single,plain,10,25,IVQ,ordinal,5,0.5677083333333334,,0.4982999093174112,0.6371167573492555,0.0694084240159222,192,109,,,,,,raw,lora_intervention/experiments/behavioral_block_lora_results/results.json,block-vs-LoRA behavioural sweep; cell K10N25; condition key lora_plain
04_lora,Qwen2.5-3B-Instruct,Qwen2.5,False,lora,arbitrary_single,plain,10,25,IVQ,ordinal,6,0.525,,0.4564422687997749,0.5935577312002251,0.06855773120022512,200,105,,,,,,raw,lora_intervention/experiments/behavioral_block_lora_results/results.json,block-vs-LoRA behavioural sweep; cell K10N25; condition key lora_plain
04_lora,Qwen2.5-3B-Instruct,Qwen2.5,False,lora,arbitrary_single,plain,10,25,IVQ,ordinal,7,0.4739583333333333,,0.4040213822544668,0.5438952844121998,0.0699369510788665,192,91,,,,,,raw,lora_intervention/experiments/behavioral_block_lora_results/results.json,block-vs-LoRA behavioural sweep; cell K10N25; condition key lora_plain
04_lora,Qwen2.5-3B-Instruct,Qwen2.5,False,lora,arbitrary_single,plain,10,25,IVQ,ordinal,8,0.485,,0.4163893634370925,0.5536106365629074,0.0686106365629075,200,97,,,,,,raw,lora_intervention/experiments/behavioral_block_lora_results/results.json,block-vs-LoRA behavioural sweep; cell K10N25; condition key lora_plain
04_lora,Qwen2.5-3B-Instruct,Qwen2.5,False,lora,arbitrary_single,plain,10,25,IVQ,ordinal,9,0.4166666666666667,,0.347579520413309,0.4857538129200244,0.06908714625335774,192,80,,,,,,raw,lora_intervention/experiments/behavioral_block_lora_results/results.json,block-vs-LoRA behavioural sweep; cell K10N25; condition key lora_plain
04_lora,Qwen2.5-3B-Instruct,Qwen2.5,False,lora,arbitrary_single,plain,10,25,IVQ,ordinal,10,0.3125,,0.2445219000484254,0.3804780999515746,0.06797809995157462,176,55,,,,,,raw,lora_intervention/experiments/behavioral_block_lora_results/results.json,block-vs-LoRA behavioural sweep; cell K10N25; condition key lora_plain
04_lora,Qwen2.5-3B-Instruct,Qwen2.5,False,lora,arbitrary_single,plain,10,25,IVQ,ordinal,11,0.29545454545454547,,0.228489566697161,0.3624195242119299,0.06696497875738447,176,52,,,,,,raw,lora_intervention/experiments/behavioral_block_lora_results/results.json,block-vs-LoRA behavioural sweep; cell K10N25; condition key lora_plain
04_lora,Qwen2.5-3B-Instruct,Qwen2.5,False,lora,arbitrary_single,plain,10,25,IVQ,ordinal,12,0.15178571428571427,,0.08446673956533599,0.21910468900609256,0.06731897472037829,112,17,,,,,,raw,lora_intervention/experiments/behavioral_block_lora_results/results.json,block-vs-LoRA behavioural sweep; cell K10N25; condition key lora_plain
04_lora,Qwen2.5-3B-Instruct,Qwen2.5,False,lora,arbitrary_single,plain,10,25,IVQ,ordinal,13,0.125,,0.05705304072582072,0.19294695927417926,0.06794695927417928,96,12,,,,,,raw,lora_intervention/experiments/behavioral_block_lora_results/results.json,block-vs-LoRA behavioural sweep; cell K10N25; condition key lora_plain
04_lora,Qwen2.5-3B-Instruct,Qwen2.5,False,lora,arbitrary_single,plain,10,25,IVQ,ordinal,14,0.13541666666666666,,0.06548210356154319,0.20535122977179013,0.06993456310512347,96,13,,,,,,raw,lora_intervention/experiments/behavioral_block_lora_results/results.json,block-vs-LoRA behavioural sweep; cell K10N25; condition key lora_plain
04_lora,Qwen2.5-3B-Instruct,Qwen2.5,False,lora,arbitrary_single,plain,10,25,IVQ,ordinal,15,0.03125,,0.0,0.08677906924853511,0.05552906924853511,64,2,,,,,,raw,lora_intervention/experiments/behavioral_block_lora_results/results.json,block-vs-LoRA behavioural sweep; cell K10N25; condition key lora_plain
04_lora,Qwen2.5-3B-Instruct,Qwen2.5,False,lora,arbitrary_single,plain,10,25,IVQ,ordinal,16,0.020833333333333332,,0.0,0.0836010255666804,0.06276769223334708,48,1,,,,,,raw,lora_intervention/experiments/behavioral_block_lora_results/results.json,block-vs-LoRA behavioural sweep; cell K10N25; condition key lora_plain
04_lora,Qwen2.5-3B-Instruct,Qwen2.5,False,lora,arbitrary_single,plain,10,25,IVQ,ordinal,17,0.020833333333333332,,0.0,0.0836010255666804,0.06276769223334708,48,1,,,,,,raw,lora_intervention/experiments/behavioral_block_lora_results/results.json,block-vs-LoRA behavioural sweep; cell K10N25; condition key lora_plain
04_lora,Qwen2.5-3B-Instruct,Qwen2.5,False,lora,arbitrary_single,plain,10,25,IVQ,ordinal,18,0.046875,,0.0,0.1085951429654443,0.0617201429654443,64,3,,,,,,raw,lora_intervention/experiments/behavioral_block_lora_results/results.json,block-vs-LoRA behavioural sweep; cell K10N25; condition key lora_plain
04_lora,Qwen2.5-3B-Instruct,Qwen2.5,False,lora,arbitrary_single,plain,10,25,IVQ,ordinal,19,0.0,,0.0,0.051418608310220645,0.051418608310220645,48,0,,,,,,raw,lora_intervention/experiments/behavioral_block_lora_results/results.json,block-vs-LoRA behavioural sweep; cell K10N25; condition key lora_plain
04_lora,Qwen2.5-3B-Instruct,Qwen2.5,False,lora,arbitrary_single,plain,10,25,IVQ,ordinal,20,0.125,,0.05705304072582072,0.19294695927417926,0.06794695927417928,96,12,,,,,,raw,lora_intervention/experiments/behavioral_block_lora_results/results.json,block-vs-LoRA behavioural sweep; cell K10N25; condition key lora_plain
04_lora,Qwen2.5-3B-Instruct,Qwen2.5,False,lora,arbitrary_single,plain,10,25,IVQ,ordinal,21,0.0875,,0.02149606326110111,0.1535039367388989,0.06600393673889889,80,7,,,,,,raw,lora_intervention/experiments/behavioral_block_lora_results/results.json,block-vs-LoRA behavioural sweep; cell K10N25; condition key lora_plain
04_lora,Qwen2.5-3B-Instruct,Qwen2.5,False,lora,arbitrary_single,plain,10,25,IVQ,ordinal,22,0.20833333333333334,,0.1420081195148295,0.2746585471518372,0.06632521381850383,144,30,,,,,,raw,lora_intervention/experiments/behavioral_block_lora_results/results.json,block-vs-LoRA behavioural sweep; cell K10N25; condition key lora_plain
04_lora,Qwen2.5-3B-Instruct,Qwen2.5,False,lora,arbitrary_single,plain,10,25,IVQ,ordinal,23,0.275,,0.20622672091179556,0.3437732790882045,0.06877327908820446,160,44,,,,,,raw,lora_intervention/experiments/behavioral_block_lora_results/results.json,block-vs-LoRA behavioural sweep; cell K10N25; condition key lora_plain
04_lora,Qwen2.5-3B-Instruct,Qwen2.5,False,lora,arbitrary_single,plain,10,25,IVQ,ordinal,24,0.2361111111111111,,0.16697746002804517,0.30524476219417707,0.06913365108306593,144,34,,,,,,raw,lora_intervention/experiments/behavioral_block_lora_results/results.json,block-vs-LoRA behavioural sweep; cell K10N25; condition key lora_plain
04_lora,Qwen2.5-3B-Instruct,Qwen2.5,False,lora,arbitrary_single,plain,10,25,CVQ,semantic,25,1.0,,0.9485813916897793,1.0,0.05141860831022067,48,48,,,,,,raw,lora_intervention/experiments/behavioral_block_lora_results/results.json,block-vs-LoRA behavioural sweep; cell K10N25; condition key lora_plain
04_lora,Qwen2.5-3B-Instruct,Qwen2.5,False,lora,arbitrary_single,plain,10,50,FVQ,ordinal,1,1.0,,0.9485813916897793,1.0,0.05141860831022067,48,48,,,,,,raw,lora_intervention/experiments/behavioral_block_lora_results/results.json,block-vs-LoRA behavioural sweep; cell K10N50; condition key lora_plain
04_lora,Qwen2.5-3B-Instruct,Qwen2.5,False,lora,arbitrary_single,plain,10,50,IVQ,ordinal,2,0.9791666666666666,,0.9163989744333195,1.0,0.06276769223334708,48,47,,,,,,raw,lora_intervention/experiments/behavioral_block_lora_results/results.json,block-vs-LoRA behavioural sweep; cell K10N50; condition key lora_plain
04_lora,Qwen2.5-3B-Instruct,Qwen2.5,False,lora,arbitrary_single,plain,10,50,IVQ,ordinal,3,0.7708333333333334,,0.70236493703996,0.8393017296267068,0.06846839629337345,144,111,,,,,,raw,lora_intervention/experiments/behavioral_block_lora_results/results.json,block-vs-LoRA behavioural sweep; cell K10N50; condition key lora_plain
04_lora,Qwen2.5-3B-Instruct,Qwen2.5,False,lora,arbitrary_single,plain,10,50,IVQ,ordinal,4,0.4583333333333333,,0.38853912980220573,0.5281275368644609,0.06979420353112761,192,88,,,,,,raw,lora_intervention/experiments/behavioral_block_lora_results/results.json,block-vs-LoRA behavioural sweep; cell K10N50; condition key lora_plain
04_lora,Qwen2.5-3B-Instruct,Qwen2.5,False,lora,arbitrary_single,plain,10,50,IVQ,ordinal,5,0.28125,,0.21202732244272865,0.35047267755727135,0.06922267755727136,160,45,,,,,,raw,lora_intervention/experiments/behavioral_block_lora_results/results.json,block-vs-LoRA behavioural sweep; cell K10N50; condition key lora_plain
04_lora,Qwen2.5-3B-Instruct,Qwen2.5,False,lora,arbitrary_single,plain,10,50,IVQ,ordinal,6,0.29545454545454547,,0.228489566697161,0.3624195242119299,0.06696497875738447,176,52,,,,,,raw,lora_intervention/experiments/behavioral_block_lora_results/results.json,block-vs-LoRA behavioural sweep; cell K10N50; condition key lora_plain
04_lora,Qwen2.5-3B-Instruct,Qwen2.5,False,lora,arbitrary_single,plain,10,50,IVQ,ordinal,7,0.3645833333333333,,0.2970686853763813,0.4320979812902853,0.06751464795695197,192,70,,,,,,raw,lora_intervention/experiments/behavioral_block_lora_results/results.json,block-vs-LoRA behavioural sweep; cell K10N50; condition key lora_plain
04_lora,Qwen2.5-3B-Instruct,Qwen2.5,False,lora,arbitrary_single,plain,10,50,IVQ,ordinal,8,0.375,,0.3071076440563436,0.4428923559436564,0.06789235594365636,192,72,,,,,,raw,lora_intervention/experiments/behavioral_block_lora_results/results.json,block-vs-LoRA behavioural sweep; cell K10N50; condition key lora_plain
04_lora,Qwen2.5-3B-Instruct,Qwen2.5,False,lora,arbitrary_single,plain,10,50,IVQ,ordinal,9,0.3409090909090909,,0.27146515580190245,0.4103530260162793,0.06944393510718845,176,60,,,,,,raw,lora_intervention/experiments/behavioral_block_lora_results/results.json,block-vs-LoRA behavioural sweep; cell K10N50; condition key lora_plain
04_lora,Qwen2.5-3B-Instruct,Qwen2.5,False,lora,arbitrary_single,plain,10,50,IVQ,ordinal,10,0.1953125,,0.12650240594236262,0.2641225940576374,0.0688100940576374,128,25,,,,,,raw,lora_intervention/experiments/behavioral_block_lora_results/results.json,block-vs-LoRA behavioural sweep; cell K10N50; condition key lora_plain
04_lora,Qwen2.5-3B-Instruct,Qwen2.5,False,lora,arbitrary_single,plain,10,50,IVQ,ordinal,11,0.16071428571428573,,0.09199651942269428,0.22943205200587719,0.06871776629159145,112,18,,,,,,raw,lora_intervention/experiments/behavioral_block_lora_results/results.json,block-vs-LoRA behavioural sweep; cell K10N50; condition key lora_plain
04_lora,Qwen2.5-3B-Instruct,Qwen2.5,False,lora,arbitrary_single,plain,10,50,IVQ,ordinal,12,0.10416666666666667,,0.040562247710134586,0.16777108562319876,0.06360441895653209,96,10,,,,,,raw,lora_intervention/experiments/behavioral_block_lora_results/results.json,block-vs-LoRA behavioural sweep; cell K10N50; condition key lora_plain
04_lora,Qwen2.5-3B-Instruct,Qwen2.5,False,lora,arbitrary_single,plain,10,50,IVQ,ordinal,13,0.1,,0.030860949445602484,0.16913905055439754,0.06913905055439752,80,8,,,,,,raw,lora_intervention/experiments/behavioral_block_lora_results/results.json,block-vs-LoRA behavioural sweep; cell K10N50; condition key lora_plain
04_lora,Qwen2.5-3B-Instruct,Qwen2.5,False,lora,arbitrary_single,plain,10,50,IVQ,ordinal,14,0.0625,,0.0,0.12966150559943532,0.06716150559943532,64,4,,,,,,raw,lora_intervention/experiments/behavioral_block_lora_results/results.json,block-vs-LoRA behavioural sweep; cell K10N50; condition key lora_plain
04_lora,Qwen2.5-3B-Instruct,Qwen2.5,False,lora,arbitrary_single,plain,10,50,IVQ,ordinal,15,0.020833333333333332,,0.0,0.0836010255666804,0.06276769223334708,48,1,,,,,,raw,lora_intervention/experiments/behavioral_block_lora_results/results.json,block-vs-LoRA behavioural sweep; cell K10N50; condition key lora_plain
04_lora,Qwen2.5-3B-Instruct,Qwen2.5,False,lora,arbitrary_single,plain,10,50,IVQ,ordinal,16,0.03125,,0.0,0.08677906924853511,0.05552906924853511,64,2,,,,,,raw,lora_intervention/experiments/behavioral_block_lora_results/results.json,block-vs-LoRA behavioural sweep; cell K10N50; condition key lora_plain
04_lora,Qwen2.5-3B-Instruct,Qwen2.5,False,lora,arbitrary_single,plain,10,50,IVQ,ordinal,17,0.0,,0.0,0.051418608310220645,0.051418608310220645,48,0,,,,,,raw,lora_intervention/experiments/behavioral_block_lora_results/results.json,block-vs-LoRA behavioural sweep; cell K10N50; condition key lora_plain
04_lora,Qwen2.5-3B-Instruct,Qwen2.5,False,lora,arbitrary_single,plain,10,50,IVQ,ordinal,18,0.0,,0.0,0.051418608310220645,0.051418608310220645,48,0,,,,,,raw,lora_intervention/experiments/behavioral_block_lora_results/results.json,block-vs-LoRA behavioural sweep; cell K10N50; condition key lora_plain
04_lora,Qwen2.5-3B-Instruct,Qwen2.5,False,lora,arbitrary_single,plain,10,50,IVQ,ordinal,19,0.0,,0.0,0.051418608310220645,0.051418608310220645,48,0,,,,,,raw,lora_intervention/experiments/behavioral_block_lora_results/results.json,block-vs-LoRA behavioural sweep; cell K10N50; condition key lora_plain
04_lora,Qwen2.5-3B-Instruct,Qwen2.5,False,lora,arbitrary_single,plain,10,50,IVQ,ordinal,20,0.0,,0.0,0.051418608310220645,0.051418608310220645,48,0,,,,,,raw,lora_intervention/experiments/behavioral_block_lora_results/results.json,block-vs-LoRA behavioural sweep; cell K10N50; condition key lora_plain
04_lora,Qwen2.5-3B-Instruct,Qwen2.5,False,lora,arbitrary_single,plain,10,50,IVQ,ordinal,21,0.0,,0.0,0.051418608310220645,0.051418608310220645,48,0,,,,,,raw,lora_intervention/experiments/behavioral_block_lora_results/results.json,block-vs-LoRA behavioural sweep; cell K10N50; condition key lora_plain
04_lora,Qwen2.5-3B-Instruct,Qwen2.5,False,lora,arbitrary_single,plain,10,50,IVQ,ordinal,22,0.0,,0.0,0.051418608310220645,0.051418608310220645,48,0,,,,,,raw,lora_intervention/experiments/behavioral_block_lora_results/results.json,block-vs-LoRA behavioural sweep; cell K10N50; condition key lora_plain
04_lora,Qwen2.5-3B-Instruct,Qwen2.5,False,lora,arbitrary_single,plain,10,50,IVQ,ordinal,23,0.0,,0.0,0.051418608310220645,0.051418608310220645,48,0,,,,,,raw,lora_intervention/experiments/behavioral_block_lora_results/results.json,block-vs-LoRA behavioural sweep; cell K10N50; condition key lora_plain
04_lora,Qwen2.5-3B-Instruct,Qwen2.5,False,lora,arbitrary_single,plain,10,50,IVQ,ordinal,24,0.0,,0.0,0.051418608310220645,0.051418608310220645,48,0,,,,,,raw,lora_intervention/experiments/behavioral_block_lora_results/results.json,block-vs-LoRA behavioural sweep; cell K10N50; condition key lora_plain
04_lora,Qwen2.5-3B-Instruct,Qwen2.5,False,lora,arbitrary_single,plain,10,50,IVQ,ordinal,25,0.0,,0.0,0.051418608310220645,0.051418608310220645,48,0,,,,,,raw,lora_intervention/experiments/behavioral_block_lora_results/results.json,block-vs-LoRA behavioural sweep; cell K10N50; condition key lora_plain
04_lora,Qwen2.5-3B-Instruct,Qwen2.5,False,lora,arbitrary_single,plain,10,50,IVQ,ordinal,26,0.0,,0.0,0.051418608310220645,0.051418608310220645,48,0,,,,,,raw,lora_intervention/experiments/behavioral_block_lora_results/results.json,block-vs-LoRA behavioural sweep; cell K10N50; condition key lora_plain
04_lora,Qwen2.5-3B-Instruct,Qwen2.5,False,lora,arbitrary_single,plain,10,50,IVQ,ordinal,27,0.0,,0.0,0.051418608310220645,0.051418608310220645,48,0,,,,,,raw,lora_intervention/experiments/behavioral_block_lora_results/results.json,block-vs-LoRA behavioural sweep; cell K10N50; condition key lora_plain
04_lora,Qwen2.5-3B-Instruct,Qwen2.5,False,lora,arbitrary_single,plain,10,50,IVQ,ordinal,28,0.0,,0.0,0.051418608310220645,0.051418608310220645,48,0,,,,,,raw,lora_intervention/experiments/behavioral_block_lora_results/results.json,block-vs-LoRA behavioural sweep; cell K10N50; condition key lora_plain
04_lora,Qwen2.5-3B-Instruct,Qwen2.5,False,lora,arbitrary_single,plain,10,50,IVQ,ordinal,29,0.0,,0.0,0.051418608310220645,0.051418608310220645,48,0,,,,,,raw,lora_intervention/experiments/behavioral_block_lora_results/results.json,block-vs-LoRA behavioural sweep; cell K10N50; condition key lora_plain
04_lora,Qwen2.5-3B-Instruct,Qwen2.5,False,lora,arbitrary_single,plain,10,50,IVQ,ordinal,30,0.0,,0.0,0.051418608310220645,0.051418608310220645,48,0,,,,,,raw,lora_intervention/experiments/behavioral_block_lora_results/results.json,block-vs-LoRA behavioural sweep; cell K10N50; condition key lora_plain
04_lora,Qwen2.5-3B-Instruct,Qwen2.5,False,lora,arbitrary_single,plain,10,50,IVQ,ordinal,31,0.0,,0.0,0.051418608310220645,0.051418608310220645,48,0,,,,,,raw,lora_intervention/experiments/behavioral_block_lora_results/results.json,block-vs-LoRA behavioural sweep; cell K10N50; condition key lora_plain
04_lora,Qwen2.5-3B-Instruct,Qwen2.5,False,lora,arbitrary_single,plain,10,50,IVQ,ordinal,32,0.0,,0.0,0.051418608310220645,0.051418608310220645,48,0,,,,,,raw,lora_intervention/experiments/behavioral_block_lora_results/results.json,block-vs-LoRA behavioural sweep; cell K10N50; condition key lora_plain
04_lora,Qwen2.5-3B-Instruct,Qwen2.5,False,lora,arbitrary_single,plain,10,50,IVQ,ordinal,33,0.0,,0.0,0.051418608310220645,0.051418608310220645,48,0,,,,,,raw,lora_intervention/experiments/behavioral_block_lora_results/results.json,block-vs-LoRA behavioural sweep; cell K10N50; condition key lora_plain
04_lora,Qwen2.5-3B-Instruct,Qwen2.5,False,lora,arbitrary_single,plain,10,50,IVQ,ordinal,34,0.0,,0.0,0.051418608310220645,0.051418608310220645,48,0,,,,,,raw,lora_intervention/experiments/behavioral_block_lora_results/results.json,block-vs-LoRA behavioural sweep; cell K10N50; condition key lora_plain
04_lora,Qwen2.5-3B-Instruct,Qwen2.5,False,lora,arbitrary_single,plain,10,50,IVQ,ordinal,35,0.0,,0.0,0.051418608310220645,0.051418608310220645,48,0,,,,,,raw,lora_intervention/experiments/behavioral_block_lora_results/results.json,block-vs-LoRA behavioural sweep; cell K10N50; condition key lora_plain
04_lora,Qwen2.5-3B-Instruct,Qwen2.5,False,lora,arbitrary_single,plain,10,50,IVQ,ordinal,36,0.0,,0.0,0.051418608310220645,0.051418608310220645,48,0,,,,,,raw,lora_intervention/experiments/behavioral_block_lora_results/results.json,block-vs-LoRA behavioural sweep; cell K10N50; condition key lora_plain
04_lora,Qwen2.5-3B-Instruct,Qwen2.5,False,lora,arbitrary_single,plain,10,50,IVQ,ordinal,37,0.0,,0.0,0.051418608310220645,0.051418608310220645,48,0,,,,,,raw,lora_intervention/experiments/behavioral_block_lora_results/results.json,block-vs-LoRA behavioural sweep; cell K10N50; condition key lora_plain
04_lora,Qwen2.5-3B-Instruct,Qwen2.5,False,lora,arbitrary_single,plain,10,50,IVQ,ordinal,38,0.0,,0.0,0.051418608310220645,0.051418608310220645,48,0,,,,,,raw,lora_intervention/experiments/behavioral_block_lora_results/results.json,block-vs-LoRA behavioural sweep; cell K10N50; condition key lora_plain
04_lora,Qwen2.5-3B-Instruct,Qwen2.5,False,lora,arbitrary_single,plain,10,50,IVQ,ordinal,39,0.0,,0.0,0.051418608310220645,0.051418608310220645,48,0,,,,,,raw,lora_intervention/experiments/behavioral_block_lora_results/results.json,block-vs-LoRA behavioural sweep; cell K10N50; condition key lora_plain
04_lora,Qwen2.5-3B-Instruct,Qwen2.5,False,lora,arbitrary_single,plain,10,50,IVQ,ordinal,40,0.0,,0.0,0.051418608310220645,0.051418608310220645,48,0,,,,,,raw,lora_intervention/experiments/behavioral_block_lora_results/results.json,block-vs-LoRA behavioural sweep; cell K10N50; condition key lora_plain
04_lora,Qwen2.5-3B-Instruct,Qwen2.5,False,lora,arbitrary_single,plain,10,50,IVQ,ordinal,41,0.0,,0.0,0.051418608310220645,0.051418608310220645,48,0,,,,,,raw,lora_intervention/experiments/behavioral_block_lora_results/results.json,block-vs-LoRA behavioural sweep; cell K10N50; condition key lora_plain
04_lora,Qwen2.5-3B-Instruct,Qwen2.5,False,lora,arbitrary_single,plain,10,50,IVQ,ordinal,42,0.0,,0.0,0.051418608310220645,0.051418608310220645,48,0,,,,,,raw,lora_intervention/experiments/behavioral_block_lora_results/results.json,block-vs-LoRA behavioural sweep; cell K10N50; condition key lora_plain
04_lora,Qwen2.5-3B-Instruct,Qwen2.5,False,lora,arbitrary_single,plain,10,50,IVQ,ordinal,43,0.020833333333333332,,0.0,0.0836010255666804,0.06276769223334708,48,1,,,,,,raw,lora_intervention/experiments/behavioral_block_lora_results/results.json,block-vs-LoRA behavioural sweep; cell K10N50; condition key lora_plain
04_lora,Qwen2.5-3B-Instruct,Qwen2.5,False,lora,arbitrary_single,plain,10,50,IVQ,ordinal,44,0.075,,0.012391738206829456,0.13760826179317054,0.06260826179317054,80,6,,,,,,raw,lora_intervention/experiments/behavioral_block_lora_results/results.json,block-vs-LoRA behavioural sweep; cell K10N50; condition key lora_plain
04_lora,Qwen2.5-3B-Instruct,Qwen2.5,False,lora,arbitrary_single,plain,10,50,IVQ,ordinal,45,0.0625,,0.0,0.12966150559943532,0.06716150559943532,64,4,,,,,,raw,lora_intervention/experiments/behavioral_block_lora_results/results.json,block-vs-LoRA behavioural sweep; cell K10N50; condition key lora_plain
04_lora,Qwen2.5-3B-Instruct,Qwen2.5,False,lora,arbitrary_single,plain,10,50,IVQ,ordinal,46,0.0875,,0.02149606326110111,0.1535039367388989,0.06600393673889889,80,7,,,,,,raw,lora_intervention/experiments/behavioral_block_lora_results/results.json,block-vs-LoRA behavioural sweep; cell K10N50; condition key lora_plain
04_lora,Qwen2.5-3B-Instruct,Qwen2.5,False,lora,arbitrary_single,plain,10,50,IVQ,ordinal,47,0.25,,0.18318507526389968,0.3168149247361003,0.06681492473610032,160,40,,,,,,raw,lora_intervention/experiments/behavioral_block_lora_results/results.json,block-vs-LoRA behavioural sweep; cell K10N50; condition key lora_plain
04_lora,Qwen2.5-3B-Instruct,Qwen2.5,False,lora,arbitrary_single,plain,10,50,IVQ,ordinal,48,0.24375,,0.17746663508377086,0.3100333649162291,0.06628336491622912,160,39,,,,,,raw,lora_intervention/experiments/behavioral_block_lora_results/results.json,block-vs-LoRA behavioural sweep; cell K10N50; condition key lora_plain
04_lora,Qwen2.5-3B-Instruct,Qwen2.5,False,lora,arbitrary_single,plain,10,50,IVQ,ordinal,49,0.2875,,0.21784336102274177,0.3571566389772582,0.06965663897725821,160,46,,,,,,raw,lora_intervention/experiments/behavioral_block_lora_results/results.json,block-vs-LoRA behavioural sweep; cell K10N50; condition key lora_plain
04_lora,Qwen2.5-3B-Instruct,Qwen2.5,False,lora,arbitrary_single,plain,10,50,CVQ,semantic,50,0.9791666666666666,,0.9163989744333195,1.0,0.06276769223334708,48,47,,,,,,raw,lora_intervention/experiments/behavioral_block_lora_results/results.json,block-vs-LoRA behavioural sweep; cell K10N50; condition key lora_plain
04_lora,Qwen2.5-3B-Instruct,Qwen2.5,False,lora,arbitrary_single,plain,10,100,FVQ,ordinal,1,1.0,,0.9485813916897793,1.0,0.05141860831022067,48,48,,,,,,raw,lora_intervention/experiments/behavioral_block_lora_results/results.json,block-vs-LoRA behavioural sweep; cell K10N100; condition key lora_plain
04_lora,Qwen2.5-3B-Instruct,Qwen2.5,False,lora,arbitrary_single,plain,10,100,CVQ,semantic,100,1.0,,0.9485813916897793,1.0,0.05141860831022067,48,48,,,,,,raw,lora_intervention/experiments/behavioral_block_lora_results/results.json,block-vs-LoRA behavioural sweep; cell K10N100; condition key lora_plain
04_lora,Qwen2.5-3B-Instruct,Qwen2.5,False,lora,arbitrary_single,plain,20,20,FVQ,ordinal,1,1.0,,0.9485813916897793,1.0,0.05141860831022067,48,48,,,,,,raw,lora_intervention/experiments/behavioral_block_lora_results/results.json,block-vs-LoRA behavioural sweep; cell K20N20; condition key lora_plain
04_lora,Qwen2.5-3B-Instruct,Qwen2.5,False,lora,arbitrary_single,plain,20,20,CVQ,semantic,20,0.9791666666666666,,0.9163989744333195,1.0,0.06276769223334708,48,47,,,,,,raw,lora_intervention/experiments/behavioral_block_lora_results/results.json,block-vs-LoRA behavioural sweep; cell K20N20; condition key lora_plain
04_lora,Qwen2.5-3B-Instruct,Qwen2.5,False,lora,arbitrary_single,plain,10,20,FVQ,semantic,1,1.0,,,,0.06058740235904344,40,40,,,,,extrapolation,raw,lora_intervention/experiments/e1_results/results_multiples.jsonl,E1 extrapolation; scan A; target=FVQ; early-stopped
04_lora,Qwen2.5-3B-Instruct,Qwen2.5,False,lora,arbitrary_single,plain,10,20,FVQ,semantic,1,1.0,,,,0.06058740235904344,40,40,,,,,extrapolation,raw,lora_intervention/experiments/e1_results/results_multiples.jsonl,E1 extrapolation; scan B; target=FVQ; early-stopped
04_lora,Qwen2.5-3B-Instruct,Qwen2.5,False,lora,arbitrary_single,plain,10,20,IVQ,ordinal,2,1.0,,,,0.06058740235904344,40,40,,,,,extrapolation,raw,lora_intervention/experiments/e1_results/results_multiples.jsonl,E1 extrapolation; scan A; target=IVQ@0.10; early-stopped
04_lora,Qwen2.5-3B-Instruct,Qwen2.5,False,lora,arbitrary_single,plain,10,20,IVQ,ordinal,2,1.0,,,,0.06058740235904344,40,40,,,,,extrapolation,raw,lora_intervention/experiments/e1_results/results_multiples.jsonl,E1 extrapolation; scan B; target=IVQ@0.10; early-stopped
04_lora,Qwen2.5-3B-Instruct,Qwen2.5,False,lora,arbitrary_single,plain,10,20,IVQ,ordinal,5,0.79,,,,0.0797708067555759,100,79,,,,,extrapolation,raw,lora_intervention/experiments/e1_results/results_multiples.jsonl,E1 extrapolation; scan A; target=IVQ@0.25
04_lora,Qwen2.5-3B-Instruct,Qwen2.5,False,lora,arbitrary_single,plain,10,20,IVQ,ordinal,5,0.79,,,,0.0797708067555759,100,79,,,,,extrapolation,raw,lora_intervention/experiments/e1_results/results_multiples.jsonl,E1 extrapolation; scan B; target=IVQ@0.25
04_lora,Qwen2.5-3B-Instruct,Qwen2.5,False,lora,arbitrary_single,plain,10,20,IVQ,ordinal,10,0.44,,,,0.09552587252501776,100,44,,,,,extrapolation,raw,lora_intervention/experiments/e1_results/results_multiples.jsonl,E1 extrapolation; scan A; target=IVQ@0.50
04_lora,Qwen2.5-3B-Instruct,Qwen2.5,False,lora,arbitrary_single,plain,10,20,IVQ,ordinal,10,0.44,,,,0.09552587252501776,100,44,,,,,extrapolation,raw,lora_intervention/experiments/e1_results/results_multiples.jsonl,E1 extrapolation; scan B; target=IVQ@0.50
04_lora,Qwen2.5-3B-Instruct,Qwen2.5,False,lora,arbitrary_single,plain,10,20,IVQ,ordinal,15,0.2,,,,0.07849180330223769,100,20,,,,,extrapolation,raw,lora_intervention/experiments/e1_results/results_multiples.jsonl,E1 extrapolation; scan A; target=IVQ@0.75
04_lora,Qwen2.5-3B-Instruct,Qwen2.5,False,lora,arbitrary_single,plain,10,20,IVQ,ordinal,15,0.2,,,,0.07849180330223769,100,20,,,,,extrapolation,raw,lora_intervention/experiments/e1_results/results_multiples.jsonl,E1 extrapolation; scan B; target=IVQ@0.75
04_lora,Qwen2.5-3B-Instruct,Qwen2.5,False,lora,arbitrary_single,plain,10,20,IVQ,ordinal,18,0.35,,,,0.09206936080021219,100,35,,,,,extrapolation,raw,lora_intervention/experiments/e1_results/results_multiples.jsonl,E1 extrapolation; scan A; target=IVQ@0.90
04_lora,Qwen2.5-3B-Instruct,Qwen2.5,False,lora,arbitrary_single,plain,10,20,IVQ,ordinal,18,0.35,,,,0.09206936080021219,100,35,,,,,extrapolation,raw,lora_intervention/experiments/e1_results/results_multiples.jsonl,E1 extrapolation; scan B; target=IVQ@0.90
04_lora,Qwen2.5-3B-Instruct,Qwen2.5,False,lora,arbitrary_single,plain,10,20,CVQ,semantic,20,0.96,,,,0.06940763531801335,50,48,,,,,extrapolation,raw,lora_intervention/experiments/e1_results/results_multiples.jsonl,E1 extrapolation; scan A; target=CVQ; early-stopped
04_lora,Qwen2.5-3B-Instruct,Qwen2.5,False,lora,arbitrary_single,plain,10,20,CVQ,semantic,20,0.96,,,,0.06940763531801335,50,48,,,,,extrapolation,raw,lora_intervention/experiments/e1_results/results_multiples.jsonl,E1 extrapolation; scan B; target=CVQ; early-stopped
04_lora,Qwen2.5-3B-Instruct,Qwen2.5,False,lora,arbitrary_single,plain,10,40,FVQ,semantic,1,1.0,,,,0.06058740235904344,40,40,,,,,extrapolation,raw,lora_intervention/experiments/e1_results/results_multiples.jsonl,E1 extrapolation; scan A; target=FVQ; early-stopped
04_lora,Qwen2.5-3B-Instruct,Qwen2.5,False,lora,arbitrary_single,plain,10,40,IVQ,ordinal,4,0.63,,,,0.09310689104830015,100,63,,,,,extrapolation,raw,lora_intervention/experiments/e1_results/results_multiples.jsonl,E1 extrapolation; scan A; target=IVQ@0.10
04_lora,Qwen2.5-3B-Instruct,Qwen2.5,False,lora,arbitrary_single,plain,10,40,IVQ,ordinal,10,0.33,,,,0.09086910734438258,100,33,,,,,extrapolation,raw,lora_intervention/experiments/e1_results/results_multiples.jsonl,E1 extrapolation; scan A; target=IVQ@0.25
04_lora,Qwen2.5-3B-Instruct,Qwen2.5,False,lora,arbitrary_single,plain,10,40,IVQ,ordinal,20,0.0,,,,0.06058740235904346,40,0,,,,,extrapolation,raw,lora_intervention/experiments/e1_results/results_multiples.jsonl,E1 extrapolation; scan A; target=IVQ@0.50; early-stopped
04_lora,Qwen2.5-3B-Instruct,Qwen2.5,False,lora,arbitrary_single,plain,10,40,IVQ,ordinal,30,0.0,,,,0.06058740235904346,40,0,,,,,extrapolation,raw,lora_intervention/experiments/e1_results/results_multiples.jsonl,E1 extrapolation; scan A; target=IVQ@0.75; early-stopped
04_lora,Qwen2.5-3B-Instruct,Qwen2.5,False,lora,arbitrary_single,plain,10,40,IVQ,ordinal,36,0.05714285714285714,,,,0.06194353921211388,70,4,,,,,extrapolation,raw,lora_intervention/experiments/e1_results/results_multiples.jsonl,E1 extrapolation; scan A; target=IVQ@0.90; early-stopped
04_lora,Qwen2.5-3B-Instruct,Qwen2.5,False,lora,arbitrary_single,plain,10,40,CVQ,semantic,40,1.0,,,,0.06058740235904344,40,40,,,,,extrapolation,raw,lora_intervention/experiments/e1_results/results_multiples.jsonl,E1 extrapolation; scan A; target=CVQ; early-stopped
04_lora,Qwen2.5-3B-Instruct,Qwen2.5,False,lora,arbitrary_single,plain,10,60,FVQ,semantic,1,1.0,,,,0.06058740235904344,40,40,,,,,extrapolation,raw,lora_intervention/experiments/e1_results/results_multiples.jsonl,E1 extrapolation; scan A; target=FVQ; early-stopped
04_lora,Qwen2.5-3B-Instruct,Qwen2.5,False,lora,arbitrary_single,plain,10,60,IVQ,ordinal,6,0.56,,,,0.09552587252501776,100,56,,,,,extrapolation,raw,lora_intervention/experiments/e1_results/results_multiples.jsonl,E1 extrapolation; scan A; target=IVQ@0.10
04_lora,Qwen2.5-3B-Instruct,Qwen2.5,False,lora,arbitrary_single,plain,10,60,IVQ,ordinal,15,0.0,,,,0.06058740235904346,40,0,,,,,extrapolation,raw,lora_intervention/experiments/e1_results/results_multiples.jsonl,E1 extrapolation; scan A; target=IVQ@0.25; early-stopped
04_lora,Qwen2.5-3B-Instruct,Qwen2.5,False,lora,arbitrary_single,plain,10,60,IVQ,ordinal,30,0.0,,,,0.06058740235904346,40,0,,,,,extrapolation,raw,lora_intervention/experiments/e1_results/results_multiples.jsonl,E1 extrapolation; scan A; target=IVQ@0.50; early-stopped
04_lora,Qwen2.5-3B-Instruct,Qwen2.5,False,lora,arbitrary_single,plain,10,60,IVQ,ordinal,45,0.0,,,,0.06058740235904346,40,0,,,,,extrapolation,raw,lora_intervention/experiments/e1_results/results_multiples.jsonl,E1 extrapolation; scan A; target=IVQ@0.75; early-stopped
04_lora,Qwen2.5-3B-Instruct,Qwen2.5,False,lora,arbitrary_single,plain,10,60,IVQ,ordinal,54,0.0875,,,,0.06600393673889889,80,7,,,,,extrapolation,raw,lora_intervention/experiments/e1_results/results_multiples.jsonl,E1 extrapolation; scan A; target=IVQ@0.90; early-stopped
04_lora,Qwen2.5-3B-Instruct,Qwen2.5,False,lora,arbitrary_single,plain,10,60,CVQ,semantic,60,0.98,,,,0.060503103804903306,50,49,,,,,extrapolation,raw,lora_intervention/experiments/e1_results/results_multiples.jsonl,E1 extrapolation; scan A; target=CVQ; early-stopped
04_lora,Qwen2.5-3B-Instruct,Qwen2.5,False,lora,arbitrary_single,plain,10,80,FVQ,semantic,1,1.0,,,,0.06058740235904344,40,40,,,,,extrapolation,raw,lora_intervention/experiments/e1_results/results_multiples.jsonl,E1 extrapolation; scan A; target=FVQ; early-stopped
04_lora,Qwen2.5-3B-Instruct,Qwen2.5,False,lora,arbitrary_single,plain,10,80,IVQ,ordinal,8,0.34,,,,0.09148995439184338,100,34,,,,,extrapolation,raw,lora_intervention/experiments/e1_results/results_multiples.jsonl,E1 extrapolation; scan A; target=IVQ@0.10
04_lora,Qwen2.5-3B-Instruct,Qwen2.5,False,lora,arbitrary_single,plain,10,80,IVQ,ordinal,20,0.0,,,,0.06058740235904346,40,0,,,,,extrapolation,raw,lora_intervention/experiments/e1_results/results_multiples.jsonl,E1 extrapolation; scan A; target=IVQ@0.25; early-stopped
04_lora,Qwen2.5-3B-Instruct,Qwen2.5,False,lora,arbitrary_single,plain,10,80,IVQ,ordinal,40,0.0,,,,0.06058740235904346,40,0,,,,,extrapolation,raw,lora_intervention/experiments/e1_results/results_multiples.jsonl,E1 extrapolation; scan A; target=IVQ@0.50; early-stopped
04_lora,Qwen2.5-3B-Instruct,Qwen2.5,False,lora,arbitrary_single,plain,10,80,IVQ,ordinal,60,0.0,,,,0.06058740235904346,40,0,,,,,extrapolation,raw,lora_intervention/experiments/e1_results/results_multiples.jsonl,E1 extrapolation; scan A; target=IVQ@0.75; early-stopped
04_lora,Qwen2.5-3B-Instruct,Qwen2.5,False,lora,arbitrary_single,plain,10,80,IVQ,ordinal,72,0.04,,,,0.06940763531801335,50,2,,,,,extrapolation,raw,lora_intervention/experiments/e1_results/results_multiples.jsonl,E1 extrapolation; scan A; target=IVQ@0.90; early-stopped
04_lora,Qwen2.5-3B-Instruct,Qwen2.5,False,lora,arbitrary_single,plain,10,80,CVQ,semantic,80,0.96,,,,0.06940763531801335,50,48,,,,,extrapolation,raw,lora_intervention/experiments/e1_results/results_multiples.jsonl,E1 extrapolation; scan A; target=CVQ; early-stopped
04_lora,Qwen2.5-3B-Instruct,Qwen2.5,False,lora,arbitrary_single,plain,10,100,FVQ,semantic,1,1.0,,,,0.06058740235904344,40,40,,,,,extrapolation,raw,lora_intervention/experiments/e1_results/results_multiples.jsonl,E1 extrapolation; scan A; target=FVQ; early-stopped
04_lora,Qwen2.5-3B-Instruct,Qwen2.5,False,lora,arbitrary_single,plain,10,100,IVQ,ordinal,10,0.25,,,,0.08428783360866873,100,25,,,,,extrapolation,raw,lora_intervention/experiments/e1_results/results_multiples.jsonl,E1 extrapolation; scan A; target=IVQ@0.10
04_lora,Qwen2.5-3B-Instruct,Qwen2.5,False,lora,arbitrary_single,plain,10,100,IVQ,ordinal,25,0.0,,,,0.06058740235904346,40,0,,,,,extrapolation,raw,lora_intervention/experiments/e1_results/results_multiples.jsonl,E1 extrapolation; scan A; target=IVQ@0.25; early-stopped
04_lora,Qwen2.5-3B-Instruct,Qwen2.5,False,lora,arbitrary_single,plain,10,100,IVQ,ordinal,50,0.0,,,,0.06058740235904346,40,0,,,,,extrapolation,raw,lora_intervention/experiments/e1_results/results_multiples.jsonl,E1 extrapolation; scan A; target=IVQ@0.50; early-stopped
04_lora,Qwen2.5-3B-Instruct,Qwen2.5,False,lora,arbitrary_single,plain,10,100,IVQ,ordinal,75,0.02,,,,0.060503103804903334,50,1,,,,,extrapolation,raw,lora_intervention/experiments/e1_results/results_multiples.jsonl,E1 extrapolation; scan A; target=IVQ@0.75; early-stopped
04_lora,Qwen2.5-3B-Instruct,Qwen2.5,False,lora,arbitrary_single,plain,10,100,IVQ,ordinal,90,0.0875,,,,0.06600393673889889,80,7,,,,,extrapolation,raw,lora_intervention/experiments/e1_results/results_multiples.jsonl,E1 extrapolation; scan A; target=IVQ@0.90; early-stopped
04_lora,Qwen2.5-3B-Instruct,Qwen2.5,False,lora,arbitrary_single,plain,10,100,CVQ,semantic,100,1.0,,,,0.06058740235904344,40,40,,,,,extrapolation,raw,lora_intervention/experiments/e1_results/results_multiples.jsonl,E1 extrapolation; scan A; target=CVQ; early-stopped
04_lora,Qwen2.5-3B-Instruct,Qwen2.5,False,lora,arbitrary_single,plain,15,10,FVQ,semantic,1,1.0,,,,0.06058740235904344,40,40,,,,,extrapolation,raw,lora_intervention/experiments/bigcell_ivq/out/qwen/results.jsonl,E1 extrapolation; scan C; target=FVQ; early-stopped
04_lora,Qwen2.5-3B-Instruct,Qwen2.5,False,lora,arbitrary_single,plain,15,10,IVQ,ordinal,2,0.98,,,,0.060503103804903306,50,49,,,,,extrapolation,raw,lora_intervention/experiments/bigcell_ivq/out/qwen/results.jsonl,E1 extrapolation; scan C; target=IVQ@0.10; early-stopped
04_lora,Qwen2.5-3B-Instruct,Qwen2.5,False,lora,arbitrary_single,plain,15,10,IVQ,ordinal,5,0.76,,,,0.0681027767224707,150,114,,,,,extrapolation,raw,lora_intervention/experiments/bigcell_ivq/out/qwen/results.jsonl,E1 extrapolation; scan C; target=IVQ@0.50; early-stopped
04_lora,Qwen2.5-3B-Instruct,Qwen2.5,False,lora,arbitrary_single,plain,15,10,IVQ,ordinal,9,0.3611111111111111,,,,0.0695531551720777,180,65,,,,,extrapolation,raw,lora_intervention/experiments/bigcell_ivq/out/qwen/results.jsonl,E1 extrapolation; scan C; target=IVQ@0.90; early-stopped
04_lora,Qwen2.5-3B-Instruct,Qwen2.5,False,lora,arbitrary_single,plain,15,10,CVQ,semantic,10,1.0,,,,0.06058740235904344,40,40,,,,,extrapolation,raw,lora_intervention/experiments/bigcell_ivq/out/qwen/results.jsonl,E1 extrapolation; scan C; target=CVQ; early-stopped
04_lora,Qwen2.5-3B-Instruct,Qwen2.5,False,lora,arbitrary_single,plain,15,15,FVQ,semantic,1,1.0,,,,0.06058740235904344,40,40,,,,,extrapolation,raw,lora_intervention/experiments/bigcell_ivq/out/qwen/results.jsonl,E1 extrapolation; scan C; target=FVQ; early-stopped
04_lora,Qwen2.5-3B-Instruct,Qwen2.5,False,lora,arbitrary_single,plain,15,15,IVQ,ordinal,2,1.0,,,,0.06058740235904344,40,40,,,,,extrapolation,raw,lora_intervention/experiments/bigcell_ivq/out/qwen/results.jsonl,E1 extrapolation; scan C; target=IVQ@0.10; early-stopped
04_lora,Qwen2.5-3B-Instruct,Qwen2.5,False,lora,arbitrary_single,plain,15,15,IVQ,ordinal,8,0.485,,,,0.0686106365629075,200,97,,,,,extrapolation,raw,lora_intervention/experiments/bigcell_ivq/out/qwen/results.jsonl,E1 extrapolation; scan C; target=IVQ@0.50
04_lora,Qwen2.5-3B-Instruct,Qwen2.5,False,lora,arbitrary_single,plain,15,15,IVQ,ordinal,14,0.2875,,,,0.06965663897725821,160,46,,,,,extrapolation,raw,lora_intervention/experiments/bigcell_ivq/out/qwen/results.jsonl,E1 extrapolation; scan C; target=IVQ@0.90; early-stopped
04_lora,Qwen2.5-3B-Instruct,Qwen2.5,False,lora,arbitrary_single,plain,15,15,CVQ,semantic,15,1.0,,,,0.06058740235904344,40,40,,,,,extrapolation,raw,lora_intervention/experiments/bigcell_ivq/out/qwen/results.jsonl,E1 extrapolation; scan C; target=CVQ; early-stopped
04_lora,Qwen2.5-3B-Instruct,Qwen2.5,False,lora,arbitrary_single,plain,15,20,FVQ,semantic,1,1.0,,,,0.06058740235904344,40,40,,,,,extrapolation,raw,lora_intervention/experiments/bigcell_ivq/out/qwen/results.jsonl,E1 extrapolation; scan C; target=FVQ; early-stopped
04_lora,Qwen2.5-3B-Instruct,Qwen2.5,False,lora,arbitrary_single,plain,15,20,IVQ,ordinal,2,0.98,,,,0.060503103804903306,50,49,,,,,extrapolation,raw,lora_intervention/experiments/bigcell_ivq/out/qwen/results.jsonl,E1 extrapolation; scan C; target=IVQ@0.10; early-stopped
04_lora,Qwen2.5-3B-Instruct,Qwen2.5,False,lora,arbitrary_single,plain,15,20,IVQ,ordinal,10,0.24,,,,0.06810277672247071,150,36,,,,,extrapolation,raw,lora_intervention/experiments/bigcell_ivq/out/qwen/results.jsonl,E1 extrapolation; scan C; target=IVQ@0.50; early-stopped
04_lora,Qwen2.5-3B-Instruct,Qwen2.5,False,lora,arbitrary_single,plain,15,20,IVQ,ordinal,18,0.3,,,,0.06840521494645885,170,51,,,,,extrapolation,raw,lora_intervention/experiments/bigcell_ivq/out/qwen/results.jsonl,E1 extrapolation; scan C; target=IVQ@0.90; early-stopped
04_lora,Qwen2.5-3B-Instruct,Qwen2.5,False,lora,arbitrary_single,plain,15,20,CVQ,semantic,20,0.98,,,,0.060503103804903306,50,49,,,,,extrapolation,raw,lora_intervention/experiments/bigcell_ivq/out/qwen/results.jsonl,E1 extrapolation; scan C; target=CVQ; early-stopped
04_lora,Qwen2.5-3B-Instruct,Qwen2.5,False,lora,arbitrary_single,plain,15,30,FVQ,semantic,1,1.0,,,,0.06058740235904344,40,40,,,,,extrapolation,raw,lora_intervention/experiments/bigcell_ivq/out/qwen/results.jsonl,E1 extrapolation; scan C; target=FVQ; early-stopped
04_lora,Qwen2.5-3B-Instruct,Qwen2.5,False,lora,arbitrary_single,plain,15,30,IVQ,ordinal,3,0.9,,,,0.06488165719978455,90,81,,,,,extrapolation,raw,lora_intervention/experiments/bigcell_ivq/out/qwen/results.jsonl,E1 extrapolation; scan C; target=IVQ@0.10; early-stopped
04_lora,Qwen2.5-3B-Instruct,Qwen2.5,False,lora,arbitrary_single,plain,15,30,IVQ,ordinal,15,0.0,,,,0.06058740235904346,40,0,,,,,extrapolation,raw,lora_intervention/experiments/bigcell_ivq/out/qwen/results.jsonl,E1 extrapolation; scan C; target=IVQ@0.50; early-stopped
04_lora,Qwen2.5-3B-Instruct,Qwen2.5,False,lora,arbitrary_single,plain,15,30,IVQ,ordinal,27,0.15454545454545454,,,,0.06838408296337643,110,17,,,,,extrapolation,raw,lora_intervention/experiments/bigcell_ivq/out/qwen/results.jsonl,E1 extrapolation; scan C; target=IVQ@0.90; early-stopped
04_lora,Qwen2.5-3B-Instruct,Qwen2.5,False,lora,arbitrary_single,plain,15,30,CVQ,semantic,30,0.96,,,,0.06940763531801335,50,48,,,,,extrapolation,raw,lora_intervention/experiments/bigcell_ivq/out/qwen/results.jsonl,E1 extrapolation; scan C; target=CVQ; early-stopped
04_lora,Qwen2.5-3B-Instruct,Qwen2.5,False,lora,arbitrary_single,plain,15,50,FVQ,semantic,1,1.0,,,,0.06058740235904344,40,40,,,,,extrapolation,raw,lora_intervention/experiments/bigcell_ivq/out/qwen/results.jsonl,E1 extrapolation; scan C; target=FVQ; early-stopped
04_lora,Qwen2.5-3B-Instruct,Qwen2.5,False,lora,arbitrary_single,plain,15,50,IVQ,ordinal,5,0.52,,,,0.06858749548813665,200,104,,,,,extrapolation,raw,lora_intervention/experiments/bigcell_ivq/out/qwen/results.jsonl,E1 extrapolation; scan C; target=IVQ@0.10
04_lora,Qwen2.5-3B-Instruct,Qwen2.5,False,lora,arbitrary_single,plain,15,50,IVQ,ordinal,25,0.0,,,,0.06058740235904346,40,0,,,,,extrapolation,raw,lora_intervention/experiments/bigcell_ivq/out/qwen/results.jsonl,E1 extrapolation; scan C; target=IVQ@0.50; early-stopped
04_lora,Qwen2.5-3B-Instruct,Qwen2.5,False,lora,arbitrary_single,plain,15,50,IVQ,ordinal,45,0.05714285714285714,,,,0.06194353921211388,70,4,,,,,extrapolation,raw,lora_intervention/experiments/bigcell_ivq/out/qwen/results.jsonl,E1 extrapolation; scan C; target=IVQ@0.90; early-stopped
04_lora,Qwen2.5-3B-Instruct,Qwen2.5,False,lora,arbitrary_single,plain,15,50,CVQ,semantic,50,0.98,,,,0.060503103804903306,50,49,,,,,extrapolation,raw,lora_intervention/experiments/bigcell_ivq/out/qwen/results.jsonl,E1 extrapolation; scan C; target=CVQ; early-stopped
04_lora,Qwen2.5-3B-Instruct,Qwen2.5,False,lora,arbitrary_single,plain,20,10,FVQ,semantic,1,1.0,,,,0.06058740235904344,40,40,,,,,extrapolation,raw,lora_intervention/experiments/bigcell_ivq/out/qwen/results.jsonl,E1 extrapolation; scan C; target=FVQ; early-stopped
04_lora,Qwen2.5-3B-Instruct,Qwen2.5,False,lora,arbitrary_single,plain,20,10,IVQ,ordinal,2,1.0,,,,0.06058740235904344,40,40,,,,,extrapolation,raw,lora_intervention/experiments/bigcell_ivq/out/qwen/results.jsonl,E1 extrapolation; scan C; target=IVQ@0.10; early-stopped
04_lora,Qwen2.5-3B-Instruct,Qwen2.5,False,lora,arbitrary_single,plain,20,10,IVQ,ordinal,5,0.6263157894736842,,,,0.06819645673199101,190,119,,,,,extrapolation,raw,lora_intervention/experiments/bigcell_ivq/out/qwen/results.jsonl,E1 extrapolation; scan C; target=IVQ@0.50; early-stopped
04_lora,Qwen2.5-3B-Instruct,Qwen2.5,False,lora,arbitrary_single,plain,20,10,IVQ,ordinal,9,0.26,,,,0.06982395106585305,150,39,,,,,extrapolation,raw,lora_intervention/experiments/bigcell_ivq/out/qwen/results.jsonl,E1 extrapolation; scan C; target=IVQ@0.90; early-stopped
04_lora,Qwen2.5-3B-Instruct,Qwen2.5,False,lora,arbitrary_single,plain,20,10,CVQ,semantic,10,1.0,,,,0.06058740235904344,40,40,,,,,extrapolation,raw,lora_intervention/experiments/bigcell_ivq/out/qwen/results.jsonl,E1 extrapolation; scan C; target=CVQ; early-stopped
04_lora,Qwen2.5-3B-Instruct,Qwen2.5,False,lora,arbitrary_single,plain,20,15,FVQ,semantic,1,1.0,,,,0.06058740235904344,40,40,,,,,extrapolation,raw,lora_intervention/experiments/bigcell_ivq/out/qwen/results.jsonl,E1 extrapolation; scan C; target=FVQ; early-stopped
04_lora,Qwen2.5-3B-Instruct,Qwen2.5,False,lora,arbitrary_single,plain,20,15,IVQ,ordinal,2,0.98,,,,0.060503103804903306,50,49,,,,,extrapolation,raw,lora_intervention/experiments/bigcell_ivq/out/qwen/results.jsonl,E1 extrapolation; scan C; target=IVQ@0.10; early-stopped
04_lora,Qwen2.5-3B-Instruct,Qwen2.5,False,lora,arbitrary_single,plain,20,15,IVQ,ordinal,8,0.455,,,,0.0683722400500717,200,91,,,,,extrapolation,raw,lora_intervention/experiments/bigcell_ivq/out/qwen/results.jsonl,E1 extrapolation; scan C; target=IVQ@0.50
04_lora,Qwen2.5-3B-Instruct,Qwen2.5,False,lora,arbitrary_single,plain,20,15,IVQ,ordinal,14,0.3277777777777778,,,,0.06804337905242483,180,59,,,,,extrapolation,raw,lora_intervention/experiments/bigcell_ivq/out/qwen/results.jsonl,E1 extrapolation; scan C; target=IVQ@0.90; early-stopped
04_lora,Qwen2.5-3B-Instruct,Qwen2.5,False,lora,arbitrary_single,plain,20,15,CVQ,semantic,15,1.0,,,,0.06058740235904344,40,40,,,,,extrapolation,raw,lora_intervention/experiments/bigcell_ivq/out/qwen/results.jsonl,E1 extrapolation; scan C; target=CVQ; early-stopped
04_lora,Qwen2.5-3B-Instruct,Qwen2.5,False,lora,arbitrary_single,plain,20,20,FVQ,semantic,1,1.0,,,,0.06058740235904344,40,40,,,,,extrapolation,raw,lora_intervention/experiments/e1_results/results_multiples.jsonl,E1 extrapolation; scan B; target=FVQ; early-stopped
04_lora,Qwen2.5-3B-Instruct,Qwen2.5,False,lora,arbitrary_single,plain,20,20,FVQ,semantic,1,1.0,,,,0.06058740235904344,40,40,,,,,extrapolation,raw,lora_intervention/experiments/bigcell_ivq/out/qwen/results.jsonl,E1 extrapolation; scan C; target=FVQ; early-stopped
04_lora,Qwen2.5-3B-Instruct,Qwen2.5,False,lora,arbitrary_single,plain,20,20,IVQ,ordinal,2,1.0,,,,0.06058740235904344,40,40,,,,,extrapolation,raw,lora_intervention/experiments/e1_results/results_multiples.jsonl,E1 extrapolation; scan B; target=IVQ@0.10; early-stopped
04_lora,Qwen2.5-3B-Instruct,Qwen2.5,False,lora,arbitrary_single,plain,20,20,IVQ,ordinal,2,1.0,,,,0.06058740235904344,40,40,,,,,extrapolation,raw,lora_intervention/experiments/bigcell_ivq/out/qwen/results.jsonl,E1 extrapolation; scan C; target=IVQ@0.10; early-stopped
04_lora,Qwen2.5-3B-Instruct,Qwen2.5,False,lora,arbitrary_single,plain,20,20,IVQ,ordinal,5,0.65,,,,0.09206936080021219,100,65,,,,,extrapolation,raw,lora_intervention/experiments/e1_results/results_multiples.jsonl,E1 extrapolation; scan B; target=IVQ@0.25
04_lora,Qwen2.5-3B-Instruct,Qwen2.5,False,lora,arbitrary_single,plain,20,20,IVQ,ordinal,10,0.18,,,,0.07573335732347333,100,18,,,,,extrapolation,raw,lora_intervention/experiments/e1_results/results_multiples.jsonl,E1 extrapolation; scan B; target=IVQ@0.50
04_lora,Qwen2.5-3B-Instruct,Qwen2.5,False,lora,arbitrary_single,plain,20,20,IVQ,ordinal,10,0.18333333333333332,,,,0.06952996985155857,120,22,,,,,extrapolation,raw,lora_intervention/experiments/bigcell_ivq/out/qwen/results.jsonl,E1 extrapolation; scan C; target=IVQ@0.50; early-stopped
04_lora,Qwen2.5-3B-Instruct,Qwen2.5,False,lora,arbitrary_single,plain,20,20,IVQ,ordinal,15,0.05714285714285714,,,,0.06194353921211388,70,4,,,,,extrapolation,raw,lora_intervention/experiments/e1_results/results_multiples.jsonl,E1 extrapolation; scan B; target=IVQ@0.75; early-stopped
04_lora,Qwen2.5-3B-Instruct,Qwen2.5,False,lora,arbitrary_single,plain,20,20,IVQ,ordinal,18,0.23,,,,0.0821439805188195,100,23,,,,,extrapolation,raw,lora_intervention/experiments/e1_results/results_multiples.jsonl,E1 extrapolation; scan B; target=IVQ@0.90
04_lora,Qwen2.5-3B-Instruct,Qwen2.5,False,lora,arbitrary_single,plain,20,20,IVQ,ordinal,18,0.28125,,,,0.06922267755727136,160,45,,,,,extrapolation,raw,lora_intervention/experiments/bigcell_ivq/out/qwen/results.jsonl,E1 extrapolation; scan C; target=IVQ@0.90; early-stopped
04_lora,Qwen2.5-3B-Instruct,Qwen2.5,False,lora,arbitrary_single,plain,20,20,CVQ,semantic,20,0.98,,,,0.060503103804903306,50,49,,,,,extrapolation,raw,lora_intervention/experiments/e1_results/results_multiples.jsonl,E1 extrapolation; scan B; target=CVQ; early-stopped
04_lora,Qwen2.5-3B-Instruct,Qwen2.5,False,lora,arbitrary_single,plain,20,20,CVQ,semantic,20,0.98,,,,0.060503103804903306,50,49,,,,,extrapolation,raw,lora_intervention/experiments/bigcell_ivq/out/qwen/results.jsonl,E1 extrapolation; scan C; target=CVQ; early-stopped
04_lora,Qwen2.5-3B-Instruct,Qwen2.5,False,lora,arbitrary_single,plain,20,30,FVQ,semantic,1,1.0,,,,0.06058740235904344,40,40,,,,,extrapolation,raw,lora_intervention/experiments/bigcell_ivq/out/qwen/results.jsonl,E1 extrapolation; scan C; target=FVQ; early-stopped
04_lora,Qwen2.5-3B-Instruct,Qwen2.5,False,lora,arbitrary_single,plain,20,30,IVQ,ordinal,3,0.8888888888888888,,,,0.06737716893195726,90,80,,,,,extrapolation,raw,lora_intervention/experiments/bigcell_ivq/out/qwen/results.jsonl,E1 extrapolation; scan C; target=IVQ@0.10; early-stopped
04_lora,Qwen2.5-3B-Instruct,Qwen2.5,False,lora,arbitrary_single,plain,20,30,IVQ,ordinal,15,0.0,,,,0.06058740235904346,40,0,,,,,extrapolation,raw,lora_intervention/experiments/bigcell_ivq/out/qwen/results.jsonl,E1 extrapolation; scan C; target=IVQ@0.50; early-stopped
04_lora,Qwen2.5-3B-Instruct,Qwen2.5,False,lora,arbitrary_single,plain,20,30,IVQ,ordinal,27,0.1,,,,0.06913905055439752,80,8,,,,,extrapolation,raw,lora_intervention/experiments/bigcell_ivq/out/qwen/results.jsonl,E1 extrapolation; scan C; target=IVQ@0.90; early-stopped
04_lora,Qwen2.5-3B-Instruct,Qwen2.5,False,lora,arbitrary_single,plain,20,30,CVQ,semantic,30,0.98,,,,0.060503103804903306,50,49,,,,,extrapolation,raw,lora_intervention/experiments/bigcell_ivq/out/qwen/results.jsonl,E1 extrapolation; scan C; target=CVQ; early-stopped
04_lora,Qwen2.5-3B-Instruct,Qwen2.5,False,lora,arbitrary_single,plain,20,50,FVQ,semantic,1,1.0,,,,0.06058740235904344,40,40,,,,,extrapolation,raw,lora_intervention/experiments/bigcell_ivq/out/qwen/results.jsonl,E1 extrapolation; scan C; target=FVQ; early-stopped
04_lora,Qwen2.5-3B-Instruct,Qwen2.5,False,lora,arbitrary_single,plain,20,50,IVQ,ordinal,5,0.37894736842105264,,,,0.06837796636066831,190,72,,,,,extrapolation,raw,lora_intervention/experiments/bigcell_ivq/out/qwen/results.jsonl,E1 extrapolation; scan C; target=IVQ@0.10; early-stopped
04_lora,Qwen2.5-3B-Instruct,Qwen2.5,False,lora,arbitrary_single,plain,20,50,IVQ,ordinal,25,0.0,,,,0.06058740235904346,40,0,,,,,extrapolation,raw,lora_intervention/experiments/bigcell_ivq/out/qwen/results.jsonl,E1 extrapolation; scan C; target=IVQ@0.50; early-stopped
04_lora,Qwen2.5-3B-Instruct,Qwen2.5,False,lora,arbitrary_single,plain,20,50,IVQ,ordinal,45,0.04,,,,0.06940763531801335,50,2,,,,,extrapolation,raw,lora_intervention/experiments/bigcell_ivq/out/qwen/results.jsonl,E1 extrapolation; scan C; target=IVQ@0.90; early-stopped
04_lora,Qwen2.5-3B-Instruct,Qwen2.5,False,lora,arbitrary_single,plain,20,50,CVQ,semantic,50,1.0,,,,0.06058740235904344,40,40,,,,,extrapolation,raw,lora_intervention/experiments/bigcell_ivq/out/qwen/results.jsonl,E1 extrapolation; scan C; target=CVQ; early-stopped
04_lora,Qwen2.5-3B-Instruct,Qwen2.5,False,lora,arbitrary_single,plain,25,10,FVQ,semantic,1,1.0,,,,0.06058740235904344,40,40,,,,,extrapolation,raw,lora_intervention/experiments/bigcell_ivq/out/qwen/results.jsonl,E1 extrapolation; scan C; target=FVQ; early-stopped
04_lora,Qwen2.5-3B-Instruct,Qwen2.5,False,lora,arbitrary_single,plain,25,10,IVQ,ordinal,2,0.96,,,,0.06940763531801335,50,48,,,,,extrapolation,raw,lora_intervention/experiments/bigcell_ivq/out/qwen/results.jsonl,E1 extrapolation; scan C; target=IVQ@0.10; early-stopped
04_lora,Qwen2.5-3B-Instruct,Qwen2.5,False,lora,arbitrary_single,plain,25,10,IVQ,ordinal,5,0.725,,,,0.06877327908820446,160,116,,,,,extrapolation,raw,lora_intervention/experiments/bigcell_ivq/out/qwen/results.jsonl,E1 extrapolation; scan C; target=IVQ@0.50; early-stopped
04_lora,Qwen2.5-3B-Instruct,Qwen2.5,False,lora,arbitrary_single,plain,25,10,IVQ,ordinal,9,0.22142857142857142,,,,0.06865481485429029,140,31,,,,,extrapolation,raw,lora_intervention/experiments/bigcell_ivq/out/qwen/results.jsonl,E1 extrapolation; scan C; target=IVQ@0.90; early-stopped
04_lora,Qwen2.5-3B-Instruct,Qwen2.5,False,lora,arbitrary_single,plain,25,10,CVQ,semantic,10,1.0,,,,0.06058740235904344,40,40,,,,,extrapolation,raw,lora_intervention/experiments/bigcell_ivq/out/qwen/results.jsonl,E1 extrapolation; scan C; target=CVQ; early-stopped
04_lora,Qwen2.5-3B-Instruct,Qwen2.5,False,lora,arbitrary_single,plain,25,15,FVQ,semantic,1,1.0,,,,0.06058740235904344,40,40,,,,,extrapolation,raw,lora_intervention/experiments/bigcell_ivq/out/qwen/results.jsonl,E1 extrapolation; scan C; target=FVQ; early-stopped
04_lora,Qwen2.5-3B-Instruct,Qwen2.5,False,lora,arbitrary_single,plain,25,15,IVQ,ordinal,2,1.0,,,,0.06058740235904344,40,40,,,,,extrapolation,raw,lora_intervention/experiments/bigcell_ivq/out/qwen/results.jsonl,E1 extrapolation; scan C; target=IVQ@0.10; early-stopped
04_lora,Qwen2.5-3B-Instruct,Qwen2.5,False,lora,arbitrary_single,plain,25,15,IVQ,ordinal,8,0.34444444444444444,,,,0.06884283460816033,180,62,,,,,extrapolation,raw,lora_intervention/experiments/bigcell_ivq/out/qwen/results.jsonl,E1 extrapolation; scan C; target=IVQ@0.50; early-stopped
04_lora,Qwen2.5-3B-Instruct,Qwen2.5,False,lora,arbitrary_single,plain,25,15,IVQ,ordinal,14,0.32222222222222224,,,,0.06775655090164437,180,58,,,,,extrapolation,raw,lora_intervention/experiments/bigcell_ivq/out/qwen/results.jsonl,E1 extrapolation; scan C; target=IVQ@0.90; early-stopped
04_lora,Qwen2.5-3B-Instruct,Qwen2.5,False,lora,arbitrary_single,plain,25,15,CVQ,semantic,15,0.98,,,,0.060503103804903306,50,49,,,,,extrapolation,raw,lora_intervention/experiments/bigcell_ivq/out/qwen/results.jsonl,E1 extrapolation; scan C; target=CVQ; early-stopped
04_lora,Qwen2.5-3B-Instruct,Qwen2.5,False,lora,arbitrary_single,plain,25,20,FVQ,semantic,1,1.0,,,,0.06058740235904344,40,40,,,,,extrapolation,raw,lora_intervention/experiments/bigcell_ivq/out/qwen/results.jsonl,E1 extrapolation; scan C; target=FVQ; early-stopped
04_lora,Qwen2.5-3B-Instruct,Qwen2.5,False,lora,arbitrary_single,plain,25,20,IVQ,ordinal,2,0.9285714285714286,,,,0.06647573307033784,70,65,,,,,extrapolation,raw,lora_intervention/experiments/bigcell_ivq/out/qwen/results.jsonl,E1 extrapolation; scan C; target=IVQ@0.10; early-stopped
04_lora,Qwen2.5-3B-Instruct,Qwen2.5,False,lora,arbitrary_single,plain,25,20,IVQ,ordinal,10,0.04,,,,0.06940763531801335,50,2,,,,,extrapolation,raw,lora_intervention/experiments/bigcell_ivq/out/qwen/results.jsonl,E1 extrapolation; scan C; target=IVQ@0.50; early-stopped
04_lora,Qwen2.5-3B-Instruct,Qwen2.5,False,lora,arbitrary_single,plain,25,20,IVQ,ordinal,18,0.2,,,,0.06883731887300454,130,26,,,,,extrapolation,raw,lora_intervention/experiments/bigcell_ivq/out/qwen/results.jsonl,E1 extrapolation; scan C; target=IVQ@0.90; early-stopped
04_lora,Qwen2.5-3B-Instruct,Qwen2.5,False,lora,arbitrary_single,plain,25,20,CVQ,semantic,20,1.0,,,,0.06058740235904344,40,40,,,,,extrapolation,raw,lora_intervention/experiments/bigcell_ivq/out/qwen/results.jsonl,E1 extrapolation; scan C; target=CVQ; early-stopped
04_lora,Qwen2.5-3B-Instruct,Qwen2.5,False,lora,arbitrary_single,plain,25,30,FVQ,semantic,1,1.0,,,,0.06058740235904344,40,40,,,,,extrapolation,raw,lora_intervention/experiments/bigcell_ivq/out/qwen/results.jsonl,E1 extrapolation; scan C; target=FVQ; early-stopped
04_lora,Qwen2.5-3B-Instruct,Qwen2.5,False,lora,arbitrary_single,plain,25,30,IVQ,ordinal,3,0.87,,,,0.06746783121998925,100,87,,,,,extrapolation,raw,lora_intervention/experiments/bigcell_ivq/out/qwen/results.jsonl,E1 extrapolation; scan C; target=IVQ@0.10; early-stopped
04_lora,Qwen2.5-3B-Instruct,Qwen2.5,False,lora,arbitrary_single,plain,25,30,IVQ,ordinal,15,0.0,,,,0.06058740235904346,40,0,,,,,extrapolation,raw,lora_intervention/experiments/bigcell_ivq/out/qwen/results.jsonl,E1 extrapolation; scan C; target=IVQ@0.50; early-stopped
04_lora,Qwen2.5-3B-Instruct,Qwen2.5,False,lora,arbitrary_single,plain,25,30,IVQ,ordinal,27,0.12222222222222222,,,,0.06971684922050277,90,11,,,,,extrapolation,raw,lora_intervention/experiments/bigcell_ivq/out/qwen/results.jsonl,E1 extrapolation; scan C; target=IVQ@0.90; early-stopped
04_lora,Qwen2.5-3B-Instruct,Qwen2.5,False,lora,arbitrary_single,plain,25,30,CVQ,semantic,30,0.98,,,,0.060503103804903306,50,49,,,,,extrapolation,raw,lora_intervention/experiments/bigcell_ivq/out/qwen/results.jsonl,E1 extrapolation; scan C; target=CVQ; early-stopped
04_lora,Qwen2.5-3B-Instruct,Qwen2.5,False,lora,arbitrary_single,plain,25,50,FVQ,semantic,1,1.0,,,,0.06058740235904344,40,40,,,,,extrapolation,raw,lora_intervention/experiments/bigcell_ivq/out/qwen/results.jsonl,E1 extrapolation; scan C; target=FVQ; early-stopped
04_lora,Qwen2.5-3B-Instruct,Qwen2.5,False,lora,arbitrary_single,plain,25,50,IVQ,ordinal,5,0.36666666666666664,,,,0.06977060129772421,180,66,,,,,extrapolation,raw,lora_intervention/experiments/bigcell_ivq/out/qwen/results.jsonl,E1 extrapolation; scan C; target=IVQ@0.10; early-stopped
04_lora,Qwen2.5-3B-Instruct,Qwen2.5,False,lora,arbitrary_single,plain,25,50,IVQ,ordinal,25,0.0,,,,0.06058740235904346,40,0,,,,,extrapolation,raw,lora_intervention/experiments/bigcell_ivq/out/qwen/results.jsonl,E1 extrapolation; scan C; target=IVQ@0.50; early-stopped
04_lora,Qwen2.5-3B-Instruct,Qwen2.5,False,lora,arbitrary_single,plain,25,50,IVQ,ordinal,45,0.04,,,,0.06940763531801335,50,2,,,,,extrapolation,raw,lora_intervention/experiments/bigcell_ivq/out/qwen/results.jsonl,E1 extrapolation; scan C; target=IVQ@0.90; early-stopped
04_lora,Qwen2.5-3B-Instruct,Qwen2.5,False,lora,arbitrary_single,plain,25,50,CVQ,semantic,50,0.95,,,,0.06542633629673618,60,57,,,,,extrapolation,raw,lora_intervention/experiments/bigcell_ivq/out/qwen/results.jsonl,E1 extrapolation; scan C; target=CVQ; early-stopped
04_lora,Qwen2.5-3B-Instruct,Qwen2.5,False,lora,arbitrary_single,plain,30,10,FVQ,semantic,1,1.0,,,,0.06058740235904344,40,40,,,,,extrapolation,raw,lora_intervention/experiments/bigcell_ivq/out/qwen/results.jsonl,E1 extrapolation; scan C; target=FVQ; early-stopped
04_lora,Qwen2.5-3B-Instruct,Qwen2.5,False,lora,arbitrary_single,plain,30,10,IVQ,ordinal,2,1.0,,,,0.06058740235904344,40,40,,,,,extrapolation,raw,lora_intervention/experiments/bigcell_ivq/out/qwen/results.jsonl,E1 extrapolation; scan C; target=IVQ@0.10; early-stopped
04_lora,Qwen2.5-3B-Instruct,Qwen2.5,False,lora,arbitrary_single,plain,30,10,IVQ,ordinal,5,0.6555555555555556,,,,0.06884283460816033,180,118,,,,,extrapolation,raw,lora_intervention/experiments/bigcell_ivq/out/qwen/results.jsonl,E1 extrapolation; scan C; target=IVQ@0.50; early-stopped
04_lora,Qwen2.5-3B-Instruct,Qwen2.5,False,lora,arbitrary_single,plain,30,10,IVQ,ordinal,9,0.16363636363636364,,,,0.06979733876332062,110,18,,,,,extrapolation,raw,lora_intervention/experiments/bigcell_ivq/out/qwen/results.jsonl,E1 extrapolation; scan C; target=IVQ@0.90; early-stopped
04_lora,Qwen2.5-3B-Instruct,Qwen2.5,False,lora,arbitrary_single,plain,30,10,CVQ,semantic,10,1.0,,,,0.06058740235904344,40,40,,,,,extrapolation,raw,lora_intervention/experiments/bigcell_ivq/out/qwen/results.jsonl,E1 extrapolation; scan C; target=CVQ; early-stopped
04_lora,Qwen2.5-3B-Instruct,Qwen2.5,False,lora,arbitrary_single,plain,30,15,FVQ,semantic,1,1.0,,,,0.06058740235904344,40,40,,,,,extrapolation,raw,lora_intervention/experiments/bigcell_ivq/out/qwen/results.jsonl,E1 extrapolation; scan C; target=FVQ; early-stopped
04_lora,Qwen2.5-3B-Instruct,Qwen2.5,False,lora,arbitrary_single,plain,30,15,IVQ,ordinal,2,0.98,,,,0.060503103804903306,50,49,,,,,extrapolation,raw,lora_intervention/experiments/bigcell_ivq/out/qwen/results.jsonl,E1 extrapolation; scan C; target=IVQ@0.10; early-stopped
04_lora,Qwen2.5-3B-Instruct,Qwen2.5,False,lora,arbitrary_single,plain,30,15,IVQ,ordinal,8,0.3277777777777778,,,,0.06804337905242483,180,59,,,,,extrapolation,raw,lora_intervention/experiments/bigcell_ivq/out/qwen/results.jsonl,E1 extrapolation; scan C; target=IVQ@0.50; early-stopped
04_lora,Qwen2.5-3B-Instruct,Qwen2.5,False,lora,arbitrary_single,plain,30,15,IVQ,ordinal,14,0.38421052631578945,,,,0.06855130181844693,190,73,,,,,extrapolation,raw,lora_intervention/experiments/bigcell_ivq/out/qwen/results.jsonl,E1 extrapolation; scan C; target=IVQ@0.90; early-stopped
04_lora,Qwen2.5-3B-Instruct,Qwen2.5,False,lora,arbitrary_single,plain,30,15,CVQ,semantic,15,1.0,,,,0.06058740235904344,40,40,,,,,extrapolation,raw,lora_intervention/experiments/bigcell_ivq/out/qwen/results.jsonl,E1 extrapolation; scan C; target=CVQ; early-stopped
04_lora,Qwen2.5-3B-Instruct,Qwen2.5,False,lora,arbitrary_single,plain,30,20,FVQ,semantic,1,1.0,,,,0.06058740235904344,40,40,,,,,extrapolation,raw,lora_intervention/experiments/e1_results/results_multiples.jsonl,E1 extrapolation; scan B; target=FVQ; early-stopped
04_lora,Qwen2.5-3B-Instruct,Qwen2.5,False,lora,arbitrary_single,plain,30,20,FVQ,semantic,1,1.0,,,,0.06058740235904344,40,40,,,,,extrapolation,raw,lora_intervention/experiments/bigcell_ivq/out/qwen/results.jsonl,E1 extrapolation; scan C; target=FVQ; early-stopped
04_lora,Qwen2.5-3B-Instruct,Qwen2.5,False,lora,arbitrary_single,plain,30,20,IVQ,ordinal,2,0.98,,,,0.060503103804903306,50,49,,,,,extrapolation,raw,lora_intervention/experiments/e1_results/results_multiples.jsonl,E1 extrapolation; scan B; target=IVQ@0.10; early-stopped
04_lora,Qwen2.5-3B-Instruct,Qwen2.5,False,lora,arbitrary_single,plain,30,20,IVQ,ordinal,2,0.98,,,,0.060503103804903306,50,49,,,,,extrapolation,raw,lora_intervention/experiments/bigcell_ivq/out/qwen/results.jsonl,E1 extrapolation; scan C; target=IVQ@0.10; early-stopped
04_lora,Qwen2.5-3B-Instruct,Qwen2.5,False,lora,arbitrary_single,plain,30,20,IVQ,ordinal,5,0.62,,,,0.09356635976494088,100,62,,,,,extrapolation,raw,lora_intervention/experiments/e1_results/results_multiples.jsonl,E1 extrapolation; scan B; target=IVQ@0.25
04_lora,Qwen2.5-3B-Instruct,Qwen2.5,False,lora,arbitrary_single,plain,30,20,IVQ,ordinal,10,0.07142857142857142,,,,0.06647573307033784,70,5,,,,,extrapolation,raw,lora_intervention/experiments/e1_results/results_multiples.jsonl,E1 extrapolation; scan B; target=IVQ@0.50; early-stopped
04_lora,Qwen2.5-3B-Instruct,Qwen2.5,False,lora,arbitrary_single,plain,30,20,IVQ,ordinal,10,0.0875,,,,0.06600393673889889,80,7,,,,,extrapolation,raw,lora_intervention/experiments/bigcell_ivq/out/qwen/results.jsonl,E1 extrapolation; scan C; target=IVQ@0.50; early-stopped
04_lora,Qwen2.5-3B-Instruct,Qwen2.5,False,lora,arbitrary_single,plain,30,20,IVQ,ordinal,15,0.02,,,,0.060503103804903334,50,1,,,,,extrapolation,raw,lora_intervention/experiments/e1_results/results_multiples.jsonl,E1 extrapolation; scan B; target=IVQ@0.75; early-stopped
04_lora,Qwen2.5-3B-Instruct,Qwen2.5,False,lora,arbitrary_single,plain,30,20,IVQ,ordinal,18,0.16,,,,0.07268199963717478,100,16,,,,,extrapolation,raw,lora_intervention/experiments/e1_results/results_multiples.jsonl,E1 extrapolation; scan B; target=IVQ@0.90
04_lora,Qwen2.5-3B-Instruct,Qwen2.5,False,lora,arbitrary_single,plain,30,20,IVQ,ordinal,18,0.16363636363636364,,,,0.06979733876332062,110,18,,,,,extrapolation,raw,lora_intervention/experiments/bigcell_ivq/out/qwen/results.jsonl,E1 extrapolation; scan C; target=IVQ@0.90; early-stopped
04_lora,Qwen2.5-3B-Instruct,Qwen2.5,False,lora,arbitrary_single,plain,30,20,CVQ,semantic,20,0.98,,,,0.060503103804903306,50,49,,,,,extrapolation,raw,lora_intervention/experiments/e1_results/results_multiples.jsonl,E1 extrapolation; scan B; target=CVQ; early-stopped
04_lora,Qwen2.5-3B-Instruct,Qwen2.5,False,lora,arbitrary_single,plain,30,20,CVQ,semantic,20,0.98,,,,0.060503103804903306,50,49,,,,,extrapolation,raw,lora_intervention/experiments/bigcell_ivq/out/qwen/results.jsonl,E1 extrapolation; scan C; target=CVQ; early-stopped
04_lora,Qwen2.5-3B-Instruct,Qwen2.5,False,lora,arbitrary_single,plain,30,30,FVQ,semantic,1,1.0,,,,0.06058740235904344,40,40,,,,,extrapolation,raw,lora_intervention/experiments/bigcell_ivq/out/qwen/results.jsonl,E1 extrapolation; scan C; target=FVQ; early-stopped
04_lora,Qwen2.5-3B-Instruct,Qwen2.5,False,lora,arbitrary_single,plain,30,30,IVQ,ordinal,3,0.8153846153846154,,,,0.06694932001276764,130,106,,,,,extrapolation,raw,lora_intervention/experiments/bigcell_ivq/out/qwen/results.jsonl,E1 extrapolation; scan C; target=IVQ@0.10; early-stopped
04_lora,Qwen2.5-3B-Instruct,Qwen2.5,False,lora,arbitrary_single,plain,30,30,IVQ,ordinal,15,0.0,,,,0.06058740235904346,40,0,,,,,extrapolation,raw,lora_intervention/experiments/bigcell_ivq/out/qwen/results.jsonl,E1 extrapolation; scan C; target=IVQ@0.50; early-stopped
04_lora,Qwen2.5-3B-Instruct,Qwen2.5,False,lora,arbitrary_single,plain,30,30,IVQ,ordinal,27,0.0875,,,,0.06600393673889889,80,7,,,,,extrapolation,raw,lora_intervention/experiments/bigcell_ivq/out/qwen/results.jsonl,E1 extrapolation; scan C; target=IVQ@0.90; early-stopped
04_lora,Qwen2.5-3B-Instruct,Qwen2.5,False,lora,arbitrary_single,plain,30,30,CVQ,semantic,30,1.0,,,,0.06058740235904344,40,40,,,,,extrapolation,raw,lora_intervention/experiments/bigcell_ivq/out/qwen/results.jsonl,E1 extrapolation; scan C; target=CVQ; early-stopped
04_lora,Qwen2.5-3B-Instruct,Qwen2.5,False,lora,arbitrary_single,plain,30,50,FVQ,semantic,1,1.0,,,,0.06058740235904344,40,40,,,,,extrapolation,raw,lora_intervention/experiments/bigcell_ivq/out/qwen/results.jsonl,E1 extrapolation; scan C; target=FVQ; early-stopped
04_lora,Qwen2.5-3B-Instruct,Qwen2.5,False,lora,arbitrary_single,plain,30,50,IVQ,ordinal,5,0.31176470588235294,,,,0.06910712790624081,170,53,,,,,extrapolation,raw,lora_intervention/experiments/bigcell_ivq/out/qwen/results.jsonl,E1 extrapolation; scan C; target=IVQ@0.10; early-stopped
04_lora,Qwen2.5-3B-Instruct,Qwen2.5,False,lora,arbitrary_single,plain,30,50,IVQ,ordinal,25,0.0,,,,0.06058740235904346,40,0,,,,,extrapolation,raw,lora_intervention/experiments/bigcell_ivq/out/qwen/results.jsonl,E1 extrapolation; scan C; target=IVQ@0.50; early-stopped
04_lora,Qwen2.5-3B-Instruct,Qwen2.5,False,lora,arbitrary_single,plain,30,50,IVQ,ordinal,45,0.04,,,,0.06940763531801335,50,2,,,,,extrapolation,raw,lora_intervention/experiments/bigcell_ivq/out/qwen/results.jsonl,E1 extrapolation; scan C; target=IVQ@0.90; early-stopped
04_lora,Qwen2.5-3B-Instruct,Qwen2.5,False,lora,arbitrary_single,plain,30,50,CVQ,semantic,50,0.9125,,,,0.06600393673889889,80,73,,,,,extrapolation,raw,lora_intervention/experiments/bigcell_ivq/out/qwen/results.jsonl,E1 extrapolation; scan C; target=CVQ; early-stopped
04_lora,Qwen2.5-3B-Instruct,Qwen2.5,False,lora,arbitrary_single,plain,40,20,FVQ,semantic,1,1.0,,,,0.06058740235904344,40,40,,,,,extrapolation,raw,lora_intervention/experiments/e1_results/results_multiples.jsonl,E1 extrapolation; scan B; target=FVQ; early-stopped
04_lora,Qwen2.5-3B-Instruct,Qwen2.5,False,lora,arbitrary_single,plain,40,20,IVQ,ordinal,2,1.0,,,,0.06058740235904344,40,40,,,,,extrapolation,raw,lora_intervention/experiments/e1_results/results_multiples.jsonl,E1 extrapolation; scan B; target=IVQ@0.10; early-stopped
04_lora,Qwen2.5-3B-Instruct,Qwen2.5,False,lora,arbitrary_single,plain,40,20,IVQ,ordinal,5,0.52,,,,0.09609879596521127,100,52,,,,,extrapolation,raw,lora_intervention/experiments/e1_results/results_multiples.jsonl,E1 extrapolation; scan B; target=IVQ@0.25
04_lora,Qwen2.5-3B-Instruct,Qwen2.5,False,lora,arbitrary_single,plain,40,20,IVQ,ordinal,10,0.04,,,,0.06940763531801335,50,2,,,,,extrapolation,raw,lora_intervention/experiments/e1_results/results_multiples.jsonl,E1 extrapolation; scan B; target=IVQ@0.50; early-stopped
04_lora,Qwen2.5-3B-Instruct,Qwen2.5,False,lora,arbitrary_single,plain,40,20,IVQ,ordinal,15,0.04,,,,0.06940763531801335,50,2,,,,,extrapolation,raw,lora_intervention/experiments/e1_results/results_multiples.jsonl,E1 extrapolation; scan B; target=IVQ@0.75; early-stopped
04_lora,Qwen2.5-3B-Instruct,Qwen2.5,False,lora,arbitrary_single,plain,40,20,IVQ,ordinal,18,0.25,,,,0.08428783360866873,100,25,,,,,extrapolation,raw,lora_intervention/experiments/e1_results/results_multiples.jsonl,E1 extrapolation; scan B; target=IVQ@0.90
04_lora,Qwen2.5-3B-Instruct,Qwen2.5,False,lora,arbitrary_single,plain,40,20,CVQ,semantic,20,0.95,,,,0.06542633629673618,60,57,,,,,extrapolation,raw,lora_intervention/experiments/e1_results/results_multiples.jsonl,E1 extrapolation; scan B; target=CVQ; early-stopped
04_lora,Qwen2.5-3B-Instruct,Qwen2.5,False,lora,arbitrary_single,plain,46,20,FVQ,semantic,1,1.0,,,,0.06058740235904344,40,40,,,,,extrapolation,raw,lora_intervention/experiments/e1_results/results_multiples.jsonl,E1 extrapolation; scan B; target=FVQ; early-stopped
04_lora,Qwen2.5-3B-Instruct,Qwen2.5,False,lora,arbitrary_single,plain,46,20,IVQ,ordinal,2,0.96,,,,0.06940763531801335,50,48,,,,,extrapolation,raw,lora_intervention/experiments/e1_results/results_multiples.jsonl,E1 extrapolation; scan B; target=IVQ@0.10; early-stopped
04_lora,Qwen2.5-3B-Instruct,Qwen2.5,False,lora,arbitrary_single,plain,46,20,IVQ,ordinal,5,0.6,,,,0.09436959146394151,100,60,,,,,extrapolation,raw,lora_intervention/experiments/e1_results/results_multiples.jsonl,E1 extrapolation; scan B; target=IVQ@0.25
04_lora,Qwen2.5-3B-Instruct,Qwen2.5,False,lora,arbitrary_single,plain,46,20,IVQ,ordinal,10,0.0,,,,0.06058740235904346,40,0,,,,,extrapolation,raw,lora_intervention/experiments/e1_results/results_multiples.jsonl,E1 extrapolation; scan B; target=IVQ@0.50; early-stopped
04_lora,Qwen2.5-3B-Instruct,Qwen2.5,False,lora,arbitrary_single,plain,46,20,IVQ,ordinal,15,0.0,,,,0.06058740235904346,40,0,,,,,extrapolation,raw,lora_intervention/experiments/e1_results/results_multiples.jsonl,E1 extrapolation; scan B; target=IVQ@0.75; early-stopped
04_lora,Qwen2.5-3B-Instruct,Qwen2.5,False,lora,arbitrary_single,plain,46,20,IVQ,ordinal,18,0.25,,,,0.08428783360866873,100,25,,,,,extrapolation,raw,lora_intervention/experiments/e1_results/results_multiples.jsonl,E1 extrapolation; scan B; target=IVQ@0.90
04_lora,Qwen2.5-3B-Instruct,Qwen2.5,False,lora,arbitrary_single,plain,46,20,CVQ,semantic,20,0.96,,,,0.06940763531801335,50,48,,,,,extrapolation,raw,lora_intervention/experiments/e1_results/results_multiples.jsonl,E1 extrapolation; scan B; target=CVQ; early-stopped
04_lora,Qwen2.5-3B-Instruct,Qwen2.5,False,lora_dense_ivq,arbitrary_single,plain,20,30,FVQ,ordinal,1,0.9,,,,,20,18,,,,,held_hard,raw,lora_intervention/results/dense_ivq_ivq_20260523_101418.json,dense-IVQ; adapter checkpoints/dense_ivq/ is NOT local; model per evaluate_ivq.py MODEL_ID
04_lora,Qwen2.5-3B-Instruct,Qwen2.5,False,lora_dense_ivq,arbitrary_single,plain,20,30,IVQ,ordinal,2,0.85,,,,,20,17,,,,,held_hard,raw,lora_intervention/results/dense_ivq_ivq_20260523_101418.json,dense-IVQ; adapter checkpoints/dense_ivq/ is NOT local; model per evaluate_ivq.py MODEL_ID
04_lora,Qwen2.5-3B-Instruct,Qwen2.5,False,lora_dense_ivq,arbitrary_single,plain,20,30,IVQ,ordinal,3,0.85,,,,,20,17,,,,,held_hard,raw,lora_intervention/results/dense_ivq_ivq_20260523_101418.json,dense-IVQ; adapter checkpoints/dense_ivq/ is NOT local; model per evaluate_ivq.py MODEL_ID
04_lora,Qwen2.5-3B-Instruct,Qwen2.5,False,lora_dense_ivq,arbitrary_single,plain,20,30,IVQ,ordinal,4,0.8,,,,,20,16,,,,,held_hard,raw,lora_intervention/results/dense_ivq_ivq_20260523_101418.json,dense-IVQ; adapter checkpoints/dense_ivq/ is NOT local; model per evaluate_ivq.py MODEL_ID
04_lora,Qwen2.5-3B-Instruct,Qwen2.5,False,lora_dense_ivq,arbitrary_single,plain,20,30,IVQ,ordinal,5,0.85,,,,,20,17,,,,,held_hard,raw,lora_intervention/results/dense_ivq_ivq_20260523_101418.json,dense-IVQ; adapter checkpoints/dense_ivq/ is NOT local; model per evaluate_ivq.py MODEL_ID
04_lora,Qwen2.5-3B-Instruct,Qwen2.5,False,lora_dense_ivq,arbitrary_single,plain,20,30,IVQ,ordinal,6,0.65,,,,,20,13,,,,,held_hard,raw,lora_intervention/results/dense_ivq_ivq_20260523_101418.json,dense-IVQ; adapter checkpoints/dense_ivq/ is NOT local; model per evaluate_ivq.py MODEL_ID
04_lora,Qwen2.5-3B-Instruct,Qwen2.5,False,lora_dense_ivq,arbitrary_single,plain,20,30,IVQ,ordinal,7,0.65,,,,,20,13,,,,,held_hard,raw,lora_intervention/results/dense_ivq_ivq_20260523_101418.json,dense-IVQ; adapter checkpoints/dense_ivq/ is NOT local; model per evaluate_ivq.py MODEL_ID
04_lora,Qwen2.5-3B-Instruct,Qwen2.5,False,lora_dense_ivq,arbitrary_single,plain,20,30,IVQ,ordinal,8,0.6,,,,,20,12,,,,,held_hard,raw,lora_intervention/results/dense_ivq_ivq_20260523_101418.json,dense-IVQ; adapter checkpoints/dense_ivq/ is NOT local; model per evaluate_ivq.py MODEL_ID
04_lora,Qwen2.5-3B-Instruct,Qwen2.5,False,lora_dense_ivq,arbitrary_single,plain,20,30,IVQ,ordinal,9,0.25,,,,,20,5,,,,,held_hard,raw,lora_intervention/results/dense_ivq_ivq_20260523_101418.json,dense-IVQ; adapter checkpoints/dense_ivq/ is NOT local; model per evaluate_ivq.py MODEL_ID
04_lora,Qwen2.5-3B-Instruct,Qwen2.5,False,lora_dense_ivq,arbitrary_single,plain,20,30,IVQ,ordinal,10,0.55,,,,,20,11,,,,,held_hard,raw,lora_intervention/results/dense_ivq_ivq_20260523_101418.json,dense-IVQ; adapter checkpoints/dense_ivq/ is NOT local; model per evaluate_ivq.py MODEL_ID
04_lora,Qwen2.5-3B-Instruct,Qwen2.5,False,lora_dense_ivq,arbitrary_single,plain,20,30,IVQ,ordinal,11,0.35,,,,,20,7,,,,,held_hard,raw,lora_intervention/results/dense_ivq_ivq_20260523_101418.json,dense-IVQ; adapter checkpoints/dense_ivq/ is NOT local; model per evaluate_ivq.py MODEL_ID
04_lora,Qwen2.5-3B-Instruct,Qwen2.5,False,lora_dense_ivq,arbitrary_single,plain,20,30,IVQ,ordinal,12,0.25,,,,,20,5,,,,,held_hard,raw,lora_intervention/results/dense_ivq_ivq_20260523_101418.json,dense-IVQ; adapter checkpoints/dense_ivq/ is NOT local; model per evaluate_ivq.py MODEL_ID
04_lora,Qwen2.5-3B-Instruct,Qwen2.5,False,lora_dense_ivq,arbitrary_single,plain,20,30,IVQ,ordinal,13,0.2,,,,,20,4,,,,,held_hard,raw,lora_intervention/results/dense_ivq_ivq_20260523_101418.json,dense-IVQ; adapter checkpoints/dense_ivq/ is NOT local; model per evaluate_ivq.py MODEL_ID
04_lora,Qwen2.5-3B-Instruct,Qwen2.5,False,lora_dense_ivq,arbitrary_single,plain,20,30,IVQ,ordinal,14,0.2,,,,,20,4,,,,,held_hard,raw,lora_intervention/results/dense_ivq_ivq_20260523_101418.json,dense-IVQ; adapter checkpoints/dense_ivq/ is NOT local; model per evaluate_ivq.py MODEL_ID
04_lora,Qwen2.5-3B-Instruct,Qwen2.5,False,lora_dense_ivq,arbitrary_single,plain,20,30,IVQ,ordinal,15,0.1,,,,,20,2,,,,,held_hard,raw,lora_intervention/results/dense_ivq_ivq_20260523_101418.json,dense-IVQ; adapter checkpoints/dense_ivq/ is NOT local; model per evaluate_ivq.py MODEL_ID
04_lora,Qwen2.5-3B-Instruct,Qwen2.5,False,lora_dense_ivq,arbitrary_single,plain,20,30,IVQ,ordinal,16,0.1,,,,,20,2,,,,,held_hard,raw,lora_intervention/results/dense_ivq_ivq_20260523_101418.json,dense-IVQ; adapter checkpoints/dense_ivq/ is NOT local; model per evaluate_ivq.py MODEL_ID
04_lora,Qwen2.5-3B-Instruct,Qwen2.5,False,lora_dense_ivq,arbitrary_single,plain,20,30,IVQ,ordinal,17,0.0,,,,,20,0,,,,,held_hard,raw,lora_intervention/results/dense_ivq_ivq_20260523_101418.json,dense-IVQ; adapter checkpoints/dense_ivq/ is NOT local; model per evaluate_ivq.py MODEL_ID
04_lora,Qwen2.5-3B-Instruct,Qwen2.5,False,lora_dense_ivq,arbitrary_single,plain,20,30,IVQ,ordinal,18,0.0,,,,,20,0,,,,,held_hard,raw,lora_intervention/results/dense_ivq_ivq_20260523_101418.json,dense-IVQ; adapter checkpoints/dense_ivq/ is NOT local; model per evaluate_ivq.py MODEL_ID
04_lora,Qwen2.5-3B-Instruct,Qwen2.5,False,lora_dense_ivq,arbitrary_single,plain,20,30,IVQ,ordinal,19,0.0,,,,,20,0,,,,,held_hard,raw,lora_intervention/results/dense_ivq_ivq_20260523_101418.json,dense-IVQ; adapter checkpoints/dense_ivq/ is NOT local; model per evaluate_ivq.py MODEL_ID
04_lora,Qwen2.5-3B-Instruct,Qwen2.5,False,lora_dense_ivq,arbitrary_single,plain,20,30,IVQ,ordinal,20,0.0,,,,,20,0,,,,,held_hard,raw,lora_intervention/results/dense_ivq_ivq_20260523_101418.json,dense-IVQ; adapter checkpoints/dense_ivq/ is NOT local; model per evaluate_ivq.py MODEL_ID
04_lora,Qwen2.5-3B-Instruct,Qwen2.5,False,lora_dense_ivq,arbitrary_single,plain,25,50,FVQ,ordinal,1,0.9,,,,,20,18,,,,,held_hard,raw,lora_intervention/results/dense_ivq_ivq_20260523_101418.json,dense-IVQ; adapter checkpoints/dense_ivq/ is NOT local; model per evaluate_ivq.py MODEL_ID
04_lora,Qwen2.5-3B-Instruct,Qwen2.5,False,lora_dense_ivq,arbitrary_single,plain,25,50,IVQ,ordinal,2,0.7,,,,,20,14,,,,,held_hard,raw,lora_intervention/results/dense_ivq_ivq_20260523_101418.json,dense-IVQ; adapter checkpoints/dense_ivq/ is NOT local; model per evaluate_ivq.py MODEL_ID
04_lora,Qwen2.5-3B-Instruct,Qwen2.5,False,lora_dense_ivq,arbitrary_single,plain,25,50,IVQ,ordinal,3,0.6,,,,,20,12,,,,,held_hard,raw,lora_intervention/results/dense_ivq_ivq_20260523_101418.json,dense-IVQ; adapter checkpoints/dense_ivq/ is NOT local; model per evaluate_ivq.py MODEL_ID
04_lora,Qwen2.5-3B-Instruct,Qwen2.5,False,lora_dense_ivq,arbitrary_single,plain,25,50,IVQ,ordinal,4,0.6,,,,,20,12,,,,,held_hard,raw,lora_intervention/results/dense_ivq_ivq_20260523_101418.json,dense-IVQ; adapter checkpoints/dense_ivq/ is NOT local; model per evaluate_ivq.py MODEL_ID
04_lora,Qwen2.5-3B-Instruct,Qwen2.5,False,lora_dense_ivq,arbitrary_single,plain,25,50,IVQ,ordinal,5,0.6,,,,,20,12,,,,,held_hard,raw,lora_intervention/results/dense_ivq_ivq_20260523_101418.json,dense-IVQ; adapter checkpoints/dense_ivq/ is NOT local; model per evaluate_ivq.py MODEL_ID
04_lora,Qwen2.5-3B-Instruct,Qwen2.5,False,lora_dense_ivq,arbitrary_single,plain,25,50,IVQ,ordinal,6,0.35,,,,,20,7,,,,,held_hard,raw,lora_intervention/results/dense_ivq_ivq_20260523_101418.json,dense-IVQ; adapter checkpoints/dense_ivq/ is NOT local; model per evaluate_ivq.py MODEL_ID
04_lora,Qwen2.5-3B-Instruct,Qwen2.5,False,lora_dense_ivq,arbitrary_single,plain,25,50,IVQ,ordinal,7,0.4,,,,,20,8,,,,,held_hard,raw,lora_intervention/results/dense_ivq_ivq_20260523_101418.json,dense-IVQ; adapter checkpoints/dense_ivq/ is NOT local; model per evaluate_ivq.py MODEL_ID
04_lora,Qwen2.5-3B-Instruct,Qwen2.5,False,lora_dense_ivq,arbitrary_single,plain,25,50,IVQ,ordinal,8,0.35,,,,,20,7,,,,,held_hard,raw,lora_intervention/results/dense_ivq_ivq_20260523_101418.json,dense-IVQ; adapter checkpoints/dense_ivq/ is NOT local; model per evaluate_ivq.py MODEL_ID
04_lora,Qwen2.5-3B-Instruct,Qwen2.5,False,lora_dense_ivq,arbitrary_single,plain,25,50,IVQ,ordinal,9,0.2,,,,,20,4,,,,,held_hard,raw,lora_intervention/results/dense_ivq_ivq_20260523_101418.json,dense-IVQ; adapter checkpoints/dense_ivq/ is NOT local; model per evaluate_ivq.py MODEL_ID
04_lora,Qwen2.5-3B-Instruct,Qwen2.5,False,lora_dense_ivq,arbitrary_single,plain,25,50,IVQ,ordinal,10,0.0,,,,,20,0,,,,,held_hard,raw,lora_intervention/results/dense_ivq_ivq_20260523_101418.json,dense-IVQ; adapter checkpoints/dense_ivq/ is NOT local; model per evaluate_ivq.py MODEL_ID
04_lora,Qwen2.5-3B-Instruct,Qwen2.5,False,lora_dense_ivq,arbitrary_single,plain,25,50,IVQ,ordinal,11,0.25,,,,,20,5,,,,,held_hard,raw,lora_intervention/results/dense_ivq_ivq_20260523_101418.json,dense-IVQ; adapter checkpoints/dense_ivq/ is NOT local; model per evaluate_ivq.py MODEL_ID
04_lora,Qwen2.5-3B-Instruct,Qwen2.5,False,lora_dense_ivq,arbitrary_single,plain,25,50,IVQ,ordinal,12,0.05,,,,,20,1,,,,,held_hard,raw,lora_intervention/results/dense_ivq_ivq_20260523_101418.json,dense-IVQ; adapter checkpoints/dense_ivq/ is NOT local; model per evaluate_ivq.py MODEL_ID
04_lora,Qwen2.5-3B-Instruct,Qwen2.5,False,lora_dense_ivq,arbitrary_single,plain,25,50,IVQ,ordinal,13,0.1,,,,,20,2,,,,,held_hard,raw,lora_intervention/results/dense_ivq_ivq_20260523_101418.json,dense-IVQ; adapter checkpoints/dense_ivq/ is NOT local; model per evaluate_ivq.py MODEL_ID
04_lora,Qwen2.5-3B-Instruct,Qwen2.5,False,lora_dense_ivq,arbitrary_single,plain,25,50,IVQ,ordinal,14,0.0,,,,,20,0,,,,,held_hard,raw,lora_intervention/results/dense_ivq_ivq_20260523_101418.json,dense-IVQ; adapter checkpoints/dense_ivq/ is NOT local; model per evaluate_ivq.py MODEL_ID
04_lora,Qwen2.5-3B-Instruct,Qwen2.5,False,lora_dense_ivq,arbitrary_single,plain,25,50,IVQ,ordinal,15,0.05,,,,,20,1,,,,,held_hard,raw,lora_intervention/results/dense_ivq_ivq_20260523_101418.json,dense-IVQ; adapter checkpoints/dense_ivq/ is NOT local; model per evaluate_ivq.py MODEL_ID
04_lora,Qwen2.5-3B-Instruct,Qwen2.5,False,lora_dense_ivq,arbitrary_single,plain,25,50,IVQ,ordinal,16,0.0,,,,,20,0,,,,,held_hard,raw,lora_intervention/results/dense_ivq_ivq_20260523_101418.json,dense-IVQ; adapter checkpoints/dense_ivq/ is NOT local; model per evaluate_ivq.py MODEL_ID
04_lora,Qwen2.5-3B-Instruct,Qwen2.5,False,lora_dense_ivq,arbitrary_single,plain,25,50,IVQ,ordinal,17,0.0,,,,,20,0,,,,,held_hard,raw,lora_intervention/results/dense_ivq_ivq_20260523_101418.json,dense-IVQ; adapter checkpoints/dense_ivq/ is NOT local; model per evaluate_ivq.py MODEL_ID
04_lora,Qwen2.5-3B-Instruct,Qwen2.5,False,lora_dense_ivq,arbitrary_single,plain,25,50,IVQ,ordinal,18,0.0,,,,,20,0,,,,,held_hard,raw,lora_intervention/results/dense_ivq_ivq_20260523_101418.json,dense-IVQ; adapter checkpoints/dense_ivq/ is NOT local; model per evaluate_ivq.py MODEL_ID
04_lora,Qwen2.5-3B-Instruct,Qwen2.5,False,lora_dense_ivq,arbitrary_single,plain,25,50,IVQ,ordinal,19,0.05,,,,,20,1,,,,,held_hard,raw,lora_intervention/results/dense_ivq_ivq_20260523_101418.json,dense-IVQ; adapter checkpoints/dense_ivq/ is NOT local; model per evaluate_ivq.py MODEL_ID
04_lora,Qwen2.5-3B-Instruct,Qwen2.5,False,lora_dense_ivq,arbitrary_single,plain,25,50,IVQ,ordinal,20,0.0,,,,,20,0,,,,,held_hard,raw,lora_intervention/results/dense_ivq_ivq_20260523_101418.json,dense-IVQ; adapter checkpoints/dense_ivq/ is NOT local; model per evaluate_ivq.py MODEL_ID
04_lora,Qwen2.5-3B-Instruct,Qwen2.5,False,lora_dense_ivq,arbitrary_single,plain,10,30,FVQ,ordinal,1,1.0,,,,,20,20,,,,,held_moderate,raw,lora_intervention/results/dense_ivq_ivq_20260523_101418.json,dense-IVQ; adapter checkpoints/dense_ivq/ is NOT local; model per evaluate_ivq.py MODEL_ID
04_lora,Qwen2.5-3B-Instruct,Qwen2.5,False,lora_dense_ivq,arbitrary_single,plain,10,30,IVQ,ordinal,2,1.0,,,,,20,20,,,,,held_moderate,raw,lora_intervention/results/dense_ivq_ivq_20260523_101418.json,dense-IVQ; adapter checkpoints/dense_ivq/ is NOT local; model per evaluate_ivq.py MODEL_ID
04_lora,Qwen2.5-3B-Instruct,Qwen2.5,False,lora_dense_ivq,arbitrary_single,plain,10,30,IVQ,ordinal,3,1.0,,,,,20,20,,,,,held_moderate,raw,lora_intervention/results/dense_ivq_ivq_20260523_101418.json,dense-IVQ; adapter checkpoints/dense_ivq/ is NOT local; model per evaluate_ivq.py MODEL_ID
04_lora,Qwen2.5-3B-Instruct,Qwen2.5,False,lora_dense_ivq,arbitrary_single,plain,10,30,IVQ,ordinal,4,1.0,,,,,20,20,,,,,held_moderate,raw,lora_intervention/results/dense_ivq_ivq_20260523_101418.json,dense-IVQ; adapter checkpoints/dense_ivq/ is NOT local; model per evaluate_ivq.py MODEL_ID
04_lora,Qwen2.5-3B-Instruct,Qwen2.5,False,lora_dense_ivq,arbitrary_single,plain,10,30,IVQ,ordinal,5,0.9,,,,,20,18,,,,,held_moderate,raw,lora_intervention/results/dense_ivq_ivq_20260523_101418.json,dense-IVQ; adapter checkpoints/dense_ivq/ is NOT local; model per evaluate_ivq.py MODEL_ID
04_lora,Qwen2.5-3B-Instruct,Qwen2.5,False,lora_dense_ivq,arbitrary_single,plain,10,30,IVQ,ordinal,6,0.45,,,,,20,9,,,,,held_moderate,raw,lora_intervention/results/dense_ivq_ivq_20260523_101418.json,dense-IVQ; adapter checkpoints/dense_ivq/ is NOT local; model per evaluate_ivq.py MODEL_ID
04_lora,Qwen2.5-3B-Instruct,Qwen2.5,False,lora_dense_ivq,arbitrary_single,plain,10,30,IVQ,ordinal,7,0.55,,,,,20,11,,,,,held_moderate,raw,lora_intervention/results/dense_ivq_ivq_20260523_101418.json,dense-IVQ; adapter checkpoints/dense_ivq/ is NOT local; model per evaluate_ivq.py MODEL_ID
04_lora,Qwen2.5-3B-Instruct,Qwen2.5,False,lora_dense_ivq,arbitrary_single,plain,10,30,IVQ,ordinal,8,0.65,,,,,20,13,,,,,held_moderate,raw,lora_intervention/results/dense_ivq_ivq_20260523_101418.json,dense-IVQ; adapter checkpoints/dense_ivq/ is NOT local; model per evaluate_ivq.py MODEL_ID
04_lora,Qwen2.5-3B-Instruct,Qwen2.5,False,lora_dense_ivq,arbitrary_single,plain,10,30,IVQ,ordinal,9,0.55,,,,,20,11,,,,,held_moderate,raw,lora_intervention/results/dense_ivq_ivq_20260523_101418.json,dense-IVQ; adapter checkpoints/dense_ivq/ is NOT local; model per evaluate_ivq.py MODEL_ID
04_lora,Qwen2.5-3B-Instruct,Qwen2.5,False,lora_dense_ivq,arbitrary_single,plain,10,30,IVQ,ordinal,10,0.6,,,,,20,12,,,,,held_moderate,raw,lora_intervention/results/dense_ivq_ivq_20260523_101418.json,dense-IVQ; adapter checkpoints/dense_ivq/ is NOT local; model per evaluate_ivq.py MODEL_ID
04_lora,Qwen2.5-3B-Instruct,Qwen2.5,False,lora_dense_ivq,arbitrary_single,plain,10,30,IVQ,ordinal,11,0.45,,,,,20,9,,,,,held_moderate,raw,lora_intervention/results/dense_ivq_ivq_20260523_101418.json,dense-IVQ; adapter checkpoints/dense_ivq/ is NOT local; model per evaluate_ivq.py MODEL_ID
04_lora,Qwen2.5-3B-Instruct,Qwen2.5,False,lora_dense_ivq,arbitrary_single,plain,10,30,IVQ,ordinal,12,0.35,,,,,20,7,,,,,held_moderate,raw,lora_intervention/results/dense_ivq_ivq_20260523_101418.json,dense-IVQ; adapter checkpoints/dense_ivq/ is NOT local; model per evaluate_ivq.py MODEL_ID
04_lora,Qwen2.5-3B-Instruct,Qwen2.5,False,lora_dense_ivq,arbitrary_single,plain,10,30,IVQ,ordinal,13,0.3,,,,,20,6,,,,,held_moderate,raw,lora_intervention/results/dense_ivq_ivq_20260523_101418.json,dense-IVQ; adapter checkpoints/dense_ivq/ is NOT local; model per evaluate_ivq.py MODEL_ID
04_lora,Qwen2.5-3B-Instruct,Qwen2.5,False,lora_dense_ivq,arbitrary_single,plain,10,30,IVQ,ordinal,14,0.45,,,,,20,9,,,,,held_moderate,raw,lora_intervention/results/dense_ivq_ivq_20260523_101418.json,dense-IVQ; adapter checkpoints/dense_ivq/ is NOT local; model per evaluate_ivq.py MODEL_ID
04_lora,Qwen2.5-3B-Instruct,Qwen2.5,False,lora_dense_ivq,arbitrary_single,plain,10,30,IVQ,ordinal,15,0.2,,,,,20,4,,,,,held_moderate,raw,lora_intervention/results/dense_ivq_ivq_20260523_101418.json,dense-IVQ; adapter checkpoints/dense_ivq/ is NOT local; model per evaluate_ivq.py MODEL_ID
04_lora,Qwen2.5-3B-Instruct,Qwen2.5,False,lora_dense_ivq,arbitrary_single,plain,10,30,IVQ,ordinal,16,0.1,,,,,20,2,,,,,held_moderate,raw,lora_intervention/results/dense_ivq_ivq_20260523_101418.json,dense-IVQ; adapter checkpoints/dense_ivq/ is NOT local; model per evaluate_ivq.py MODEL_ID
04_lora,Qwen2.5-3B-Instruct,Qwen2.5,False,lora_dense_ivq,arbitrary_single,plain,10,30,IVQ,ordinal,17,0.05,,,,,20,1,,,,,held_moderate,raw,lora_intervention/results/dense_ivq_ivq_20260523_101418.json,dense-IVQ; adapter checkpoints/dense_ivq/ is NOT local; model per evaluate_ivq.py MODEL_ID
04_lora,Qwen2.5-3B-Instruct,Qwen2.5,False,lora_dense_ivq,arbitrary_single,plain,10,30,IVQ,ordinal,18,0.0,,,,,20,0,,,,,held_moderate,raw,lora_intervention/results/dense_ivq_ivq_20260523_101418.json,dense-IVQ; adapter checkpoints/dense_ivq/ is NOT local; model per evaluate_ivq.py MODEL_ID
04_lora,Qwen2.5-3B-Instruct,Qwen2.5,False,lora_dense_ivq,arbitrary_single,plain,10,30,IVQ,ordinal,19,0.0,,,,,20,0,,,,,held_moderate,raw,lora_intervention/results/dense_ivq_ivq_20260523_101418.json,dense-IVQ; adapter checkpoints/dense_ivq/ is NOT local; model per evaluate_ivq.py MODEL_ID
04_lora,Qwen2.5-3B-Instruct,Qwen2.5,False,lora_dense_ivq,arbitrary_single,plain,10,30,IVQ,ordinal,20,0.0,,,,,20,0,,,,,held_moderate,raw,lora_intervention/results/dense_ivq_ivq_20260523_101418.json,dense-IVQ; adapter checkpoints/dense_ivq/ is NOT local; model per evaluate_ivq.py MODEL_ID
04_lora,Qwen2.5-3B-Instruct,Qwen2.5,False,lora_dense_ivq,arbitrary_single,plain,15,30,FVQ,ordinal,1,1.0,,,,,20,20,,,,,held_moderate,raw,lora_intervention/results/dense_ivq_ivq_20260523_101418.json,dense-IVQ; adapter checkpoints/dense_ivq/ is NOT local; model per evaluate_ivq.py MODEL_ID
04_lora,Qwen2.5-3B-Instruct,Qwen2.5,False,lora_dense_ivq,arbitrary_single,plain,15,30,IVQ,ordinal,2,0.9,,,,,20,18,,,,,held_moderate,raw,lora_intervention/results/dense_ivq_ivq_20260523_101418.json,dense-IVQ; adapter checkpoints/dense_ivq/ is NOT local; model per evaluate_ivq.py MODEL_ID
04_lora,Qwen2.5-3B-Instruct,Qwen2.5,False,lora_dense_ivq,arbitrary_single,plain,15,30,IVQ,ordinal,3,0.85,,,,,20,17,,,,,held_moderate,raw,lora_intervention/results/dense_ivq_ivq_20260523_101418.json,dense-IVQ; adapter checkpoints/dense_ivq/ is NOT local; model per evaluate_ivq.py MODEL_ID
04_lora,Qwen2.5-3B-Instruct,Qwen2.5,False,lora_dense_ivq,arbitrary_single,plain,15,30,IVQ,ordinal,4,0.9,,,,,20,18,,,,,held_moderate,raw,lora_intervention/results/dense_ivq_ivq_20260523_101418.json,dense-IVQ; adapter checkpoints/dense_ivq/ is NOT local; model per evaluate_ivq.py MODEL_ID
04_lora,Qwen2.5-3B-Instruct,Qwen2.5,False,lora_dense_ivq,arbitrary_single,plain,15,30,IVQ,ordinal,5,0.55,,,,,20,11,,,,,held_moderate,raw,lora_intervention/results/dense_ivq_ivq_20260523_101418.json,dense-IVQ; adapter checkpoints/dense_ivq/ is NOT local; model per evaluate_ivq.py MODEL_ID
04_lora,Qwen2.5-3B-Instruct,Qwen2.5,False,lora_dense_ivq,arbitrary_single,plain,15,30,IVQ,ordinal,6,0.5,,,,,20,10,,,,,held_moderate,raw,lora_intervention/results/dense_ivq_ivq_20260523_101418.json,dense-IVQ; adapter checkpoints/dense_ivq/ is NOT local; model per evaluate_ivq.py MODEL_ID
04_lora,Qwen2.5-3B-Instruct,Qwen2.5,False,lora_dense_ivq,arbitrary_single,plain,15,30,IVQ,ordinal,7,0.55,,,,,20,11,,,,,held_moderate,raw,lora_intervention/results/dense_ivq_ivq_20260523_101418.json,dense-IVQ; adapter checkpoints/dense_ivq/ is NOT local; model per evaluate_ivq.py MODEL_ID
04_lora,Qwen2.5-3B-Instruct,Qwen2.5,False,lora_dense_ivq,arbitrary_single,plain,15,30,IVQ,ordinal,8,0.4,,,,,20,8,,,,,held_moderate,raw,lora_intervention/results/dense_ivq_ivq_20260523_101418.json,dense-IVQ; adapter checkpoints/dense_ivq/ is NOT local; model per evaluate_ivq.py MODEL_ID
04_lora,Qwen2.5-3B-Instruct,Qwen2.5,False,lora_dense_ivq,arbitrary_single,plain,15,30,IVQ,ordinal,9,0.4,,,,,20,8,,,,,held_moderate,raw,lora_intervention/results/dense_ivq_ivq_20260523_101418.json,dense-IVQ; adapter checkpoints/dense_ivq/ is NOT local; model per evaluate_ivq.py MODEL_ID
04_lora,Qwen2.5-3B-Instruct,Qwen2.5,False,lora_dense_ivq,arbitrary_single,plain,15,30,IVQ,ordinal,10,0.35,,,,,20,7,,,,,held_moderate,raw,lora_intervention/results/dense_ivq_ivq_20260523_101418.json,dense-IVQ; adapter checkpoints/dense_ivq/ is NOT local; model per evaluate_ivq.py MODEL_ID
04_lora,Qwen2.5-3B-Instruct,Qwen2.5,False,lora_dense_ivq,arbitrary_single,plain,15,30,IVQ,ordinal,11,0.5,,,,,20,10,,,,,held_moderate,raw,lora_intervention/results/dense_ivq_ivq_20260523_101418.json,dense-IVQ; adapter checkpoints/dense_ivq/ is NOT local; model per evaluate_ivq.py MODEL_ID
04_lora,Qwen2.5-3B-Instruct,Qwen2.5,False,lora_dense_ivq,arbitrary_single,plain,15,30,IVQ,ordinal,12,0.25,,,,,20,5,,,,,held_moderate,raw,lora_intervention/results/dense_ivq_ivq_20260523_101418.json,dense-IVQ; adapter checkpoints/dense_ivq/ is NOT local; model per evaluate_ivq.py MODEL_ID
04_lora,Qwen2.5-3B-Instruct,Qwen2.5,False,lora_dense_ivq,arbitrary_single,plain,15,30,IVQ,ordinal,13,0.25,,,,,20,5,,,,,held_moderate,raw,lora_intervention/results/dense_ivq_ivq_20260523_101418.json,dense-IVQ; adapter checkpoints/dense_ivq/ is NOT local; model per evaluate_ivq.py MODEL_ID
04_lora,Qwen2.5-3B-Instruct,Qwen2.5,False,lora_dense_ivq,arbitrary_single,plain,15,30,IVQ,ordinal,14,0.05,,,,,20,1,,,,,held_moderate,raw,lora_intervention/results/dense_ivq_ivq_20260523_101418.json,dense-IVQ; adapter checkpoints/dense_ivq/ is NOT local; model per evaluate_ivq.py MODEL_ID
04_lora,Qwen2.5-3B-Instruct,Qwen2.5,False,lora_dense_ivq,arbitrary_single,plain,15,30,IVQ,ordinal,15,0.1,,,,,20,2,,,,,held_moderate,raw,lora_intervention/results/dense_ivq_ivq_20260523_101418.json,dense-IVQ; adapter checkpoints/dense_ivq/ is NOT local; model per evaluate_ivq.py MODEL_ID
04_lora,Qwen2.5-3B-Instruct,Qwen2.5,False,lora_dense_ivq,arbitrary_single,plain,15,30,IVQ,ordinal,16,0.05,,,,,20,1,,,,,held_moderate,raw,lora_intervention/results/dense_ivq_ivq_20260523_101418.json,dense-IVQ; adapter checkpoints/dense_ivq/ is NOT local; model per evaluate_ivq.py MODEL_ID
04_lora,Qwen2.5-3B-Instruct,Qwen2.5,False,lora_dense_ivq,arbitrary_single,plain,15,30,IVQ,ordinal,17,0.0,,,,,20,0,,,,,held_moderate,raw,lora_intervention/results/dense_ivq_ivq_20260523_101418.json,dense-IVQ; adapter checkpoints/dense_ivq/ is NOT local; model per evaluate_ivq.py MODEL_ID
04_lora,Qwen2.5-3B-Instruct,Qwen2.5,False,lora_dense_ivq,arbitrary_single,plain,15,30,IVQ,ordinal,18,0.0,,,,,20,0,,,,,held_moderate,raw,lora_intervention/results/dense_ivq_ivq_20260523_101418.json,dense-IVQ; adapter checkpoints/dense_ivq/ is NOT local; model per evaluate_ivq.py MODEL_ID
04_lora,Qwen2.5-3B-Instruct,Qwen2.5,False,lora_dense_ivq,arbitrary_single,plain,15,30,IVQ,ordinal,19,0.0,,,,,20,0,,,,,held_moderate,raw,lora_intervention/results/dense_ivq_ivq_20260523_101418.json,dense-IVQ; adapter checkpoints/dense_ivq/ is NOT local; model per evaluate_ivq.py MODEL_ID
04_lora,Qwen2.5-3B-Instruct,Qwen2.5,False,lora_dense_ivq,arbitrary_single,plain,15,30,IVQ,ordinal,20,0.0,,,,,20,0,,,,,held_moderate,raw,lora_intervention/results/dense_ivq_ivq_20260523_101418.json,dense-IVQ; adapter checkpoints/dense_ivq/ is NOT local; model per evaluate_ivq.py MODEL_ID
04_lora,Qwen2.5-3B-Instruct,Qwen2.5,False,lora_dense_ivq,arbitrary_single,plain,5,10,FVQ,ordinal,1,1.0,,,,,20,20,,,,,train,raw,lora_intervention/results/dense_ivq_ivq_20260523_101418.json,dense-IVQ; adapter checkpoints/dense_ivq/ is NOT local; model per evaluate_ivq.py MODEL_ID
04_lora,Qwen2.5-3B-Instruct,Qwen2.5,False,lora_dense_ivq,arbitrary_single,plain,5,10,IVQ,ordinal,2,1.0,,,,,20,20,,,,,train,raw,lora_intervention/results/dense_ivq_ivq_20260523_101418.json,dense-IVQ; adapter checkpoints/dense_ivq/ is NOT local; model per evaluate_ivq.py MODEL_ID
04_lora,Qwen2.5-3B-Instruct,Qwen2.5,False,lora_dense_ivq,arbitrary_single,plain,5,10,IVQ,ordinal,3,1.0,,,,,20,20,,,,,train,raw,lora_intervention/results/dense_ivq_ivq_20260523_101418.json,dense-IVQ; adapter checkpoints/dense_ivq/ is NOT local; model per evaluate_ivq.py MODEL_ID
04_lora,Qwen2.5-3B-Instruct,Qwen2.5,False,lora_dense_ivq,arbitrary_single,plain,5,10,IVQ,ordinal,4,1.0,,,,,20,20,,,,,train,raw,lora_intervention/results/dense_ivq_ivq_20260523_101418.json,dense-IVQ; adapter checkpoints/dense_ivq/ is NOT local; model per evaluate_ivq.py MODEL_ID
04_lora,Qwen2.5-3B-Instruct,Qwen2.5,False,lora_dense_ivq,arbitrary_single,plain,5,10,IVQ,ordinal,5,0.9,,,,,20,18,,,,,train,raw,lora_intervention/results/dense_ivq_ivq_20260523_101418.json,dense-IVQ; adapter checkpoints/dense_ivq/ is NOT local; model per evaluate_ivq.py MODEL_ID
04_lora,Qwen2.5-3B-Instruct,Qwen2.5,False,lora_dense_ivq,arbitrary_single,plain,5,10,IVQ,ordinal,6,0.95,,,,,20,19,,,,,train,raw,lora_intervention/results/dense_ivq_ivq_20260523_101418.json,dense-IVQ; adapter checkpoints/dense_ivq/ is NOT local; model per evaluate_ivq.py MODEL_ID
04_lora,Qwen2.5-3B-Instruct,Qwen2.5,False,lora_dense_ivq,arbitrary_single,plain,5,10,IVQ,ordinal,7,0.7,,,,,20,14,,,,,train,raw,lora_intervention/results/dense_ivq_ivq_20260523_101418.json,dense-IVQ; adapter checkpoints/dense_ivq/ is NOT local; model per evaluate_ivq.py MODEL_ID
04_lora,Qwen2.5-3B-Instruct,Qwen2.5,False,lora_dense_ivq,arbitrary_single,plain,5,10,IVQ,ordinal,8,0.8,,,,,20,16,,,,,train,raw,lora_intervention/results/dense_ivq_ivq_20260523_101418.json,dense-IVQ; adapter checkpoints/dense_ivq/ is NOT local; model per evaluate_ivq.py MODEL_ID
04_lora,Qwen2.5-3B-Instruct,Qwen2.5,False,lora_dense_ivq,arbitrary_single,plain,5,10,IVQ,ordinal,9,0.6,,,,,20,12,,,,,train,raw,lora_intervention/results/dense_ivq_ivq_20260523_101418.json,dense-IVQ; adapter checkpoints/dense_ivq/ is NOT local; model per evaluate_ivq.py MODEL_ID
04_lora,Qwen2.5-3B-Instruct,Qwen2.5,False,lora_dense_ivq,arbitrary_single,plain,5,10,CVQ,semantic,10,1.0,,,,,20,20,,,,,train,raw,lora_intervention/results/dense_ivq_ivq_20260523_101418.json,dense-IVQ; adapter checkpoints/dense_ivq/ is NOT local; model per evaluate_ivq.py MODEL_ID
04_lora,Qwen2.5-3B-Instruct,Qwen2.5,False,lora_dense_ivq,arbitrary_single,plain,10,20,FVQ,ordinal,1,1.0,,,,,20,20,,,,,train,raw,lora_intervention/results/dense_ivq_ivq_20260523_101418.json,dense-IVQ; adapter checkpoints/dense_ivq/ is NOT local; model per evaluate_ivq.py MODEL_ID
04_lora,Qwen2.5-3B-Instruct,Qwen2.5,False,lora_dense_ivq,arbitrary_single,plain,10,20,IVQ,ordinal,2,1.0,,,,,20,20,,,,,train,raw,lora_intervention/results/dense_ivq_ivq_20260523_101418.json,dense-IVQ; adapter checkpoints/dense_ivq/ is NOT local; model per evaluate_ivq.py MODEL_ID
04_lora,Qwen2.5-3B-Instruct,Qwen2.5,False,lora_dense_ivq,arbitrary_single,plain,10,20,IVQ,ordinal,3,1.0,,,,,20,20,,,,,train,raw,lora_intervention/results/dense_ivq_ivq_20260523_101418.json,dense-IVQ; adapter checkpoints/dense_ivq/ is NOT local; model per evaluate_ivq.py MODEL_ID
04_lora,Qwen2.5-3B-Instruct,Qwen2.5,False,lora_dense_ivq,arbitrary_single,plain,10,20,IVQ,ordinal,4,0.95,,,,,20,19,,,,,train,raw,lora_intervention/results/dense_ivq_ivq_20260523_101418.json,dense-IVQ; adapter checkpoints/dense_ivq/ is NOT local; model per evaluate_ivq.py MODEL_ID
04_lora,Qwen2.5-3B-Instruct,Qwen2.5,False,lora_dense_ivq,arbitrary_single,plain,10,20,IVQ,ordinal,5,0.7,,,,,20,14,,,,,train,raw,lora_intervention/results/dense_ivq_ivq_20260523_101418.json,dense-IVQ; adapter checkpoints/dense_ivq/ is NOT local; model per evaluate_ivq.py MODEL_ID
04_lora,Qwen2.5-3B-Instruct,Qwen2.5,False,lora_dense_ivq,arbitrary_single,plain,10,20,IVQ,ordinal,6,0.35,,,,,20,7,,,,,train,raw,lora_intervention/results/dense_ivq_ivq_20260523_101418.json,dense-IVQ; adapter checkpoints/dense_ivq/ is NOT local; model per evaluate_ivq.py MODEL_ID
04_lora,Qwen2.5-3B-Instruct,Qwen2.5,False,lora_dense_ivq,arbitrary_single,plain,10,20,IVQ,ordinal,7,0.2,,,,,20,4,,,,,train,raw,lora_intervention/results/dense_ivq_ivq_20260523_101418.json,dense-IVQ; adapter checkpoints/dense_ivq/ is NOT local; model per evaluate_ivq.py MODEL_ID
04_lora,Qwen2.5-3B-Instruct,Qwen2.5,False,lora_dense_ivq,arbitrary_single,plain,10,20,IVQ,ordinal,8,0.45,,,,,20,9,,,,,train,raw,lora_intervention/results/dense_ivq_ivq_20260523_101418.json,dense-IVQ; adapter checkpoints/dense_ivq/ is NOT local; model per evaluate_ivq.py MODEL_ID
04_lora,Qwen2.5-3B-Instruct,Qwen2.5,False,lora_dense_ivq,arbitrary_single,plain,10,20,IVQ,ordinal,9,0.25,,,,,20,5,,,,,train,raw,lora_intervention/results/dense_ivq_ivq_20260523_101418.json,dense-IVQ; adapter checkpoints/dense_ivq/ is NOT local; model per evaluate_ivq.py MODEL_ID
04_lora,Qwen2.5-3B-Instruct,Qwen2.5,False,lora_dense_ivq,arbitrary_single,plain,10,20,IVQ,ordinal,10,0.35,,,,,20,7,,,,,train,raw,lora_intervention/results/dense_ivq_ivq_20260523_101418.json,dense-IVQ; adapter checkpoints/dense_ivq/ is NOT local; model per evaluate_ivq.py MODEL_ID
04_lora,Qwen2.5-3B-Instruct,Qwen2.5,False,lora_dense_ivq,arbitrary_single,plain,10,20,IVQ,ordinal,11,0.5,,,,,20,10,,,,,train,raw,lora_intervention/results/dense_ivq_ivq_20260523_101418.json,dense-IVQ; adapter checkpoints/dense_ivq/ is NOT local; model per evaluate_ivq.py MODEL_ID
04_lora,Qwen2.5-3B-Instruct,Qwen2.5,False,lora_dense_ivq,arbitrary_single,plain,10,20,IVQ,ordinal,12,0.15,,,,,20,3,,,,,train,raw,lora_intervention/results/dense_ivq_ivq_20260523_101418.json,dense-IVQ; adapter checkpoints/dense_ivq/ is NOT local; model per evaluate_ivq.py MODEL_ID
04_lora,Qwen2.5-3B-Instruct,Qwen2.5,False,lora_dense_ivq,arbitrary_single,plain,10,20,IVQ,ordinal,13,0.4,,,,,20,8,,,,,train,raw,lora_intervention/results/dense_ivq_ivq_20260523_101418.json,dense-IVQ; adapter checkpoints/dense_ivq/ is NOT local; model per evaluate_ivq.py MODEL_ID
04_lora,Qwen2.5-3B-Instruct,Qwen2.5,False,lora_dense_ivq,arbitrary_single,plain,10,20,IVQ,ordinal,14,0.25,,,,,20,5,,,,,train,raw,lora_intervention/results/dense_ivq_ivq_20260523_101418.json,dense-IVQ; adapter checkpoints/dense_ivq/ is NOT local; model per evaluate_ivq.py MODEL_ID
04_lora,Qwen2.5-3B-Instruct,Qwen2.5,False,lora_dense_ivq,arbitrary_single,plain,10,20,IVQ,ordinal,15,0.05,,,,,20,1,,,,,train,raw,lora_intervention/results/dense_ivq_ivq_20260523_101418.json,dense-IVQ; adapter checkpoints/dense_ivq/ is NOT local; model per evaluate_ivq.py MODEL_ID
04_lora,Qwen2.5-3B-Instruct,Qwen2.5,False,lora_dense_ivq,arbitrary_single,plain,10,20,IVQ,ordinal,16,0.2,,,,,20,4,,,,,train,raw,lora_intervention/results/dense_ivq_ivq_20260523_101418.json,dense-IVQ; adapter checkpoints/dense_ivq/ is NOT local; model per evaluate_ivq.py MODEL_ID
04_lora,Qwen2.5-3B-Instruct,Qwen2.5,False,lora_dense_ivq,arbitrary_single,plain,10,20,IVQ,ordinal,17,0.3,,,,,20,6,,,,,train,raw,lora_intervention/results/dense_ivq_ivq_20260523_101418.json,dense-IVQ; adapter checkpoints/dense_ivq/ is NOT local; model per evaluate_ivq.py MODEL_ID
04_lora,Qwen2.5-3B-Instruct,Qwen2.5,False,lora_dense_ivq,arbitrary_single,plain,10,20,IVQ,ordinal,18,0.25,,,,,20,5,,,,,train,raw,lora_intervention/results/dense_ivq_ivq_20260523_101418.json,dense-IVQ; adapter checkpoints/dense_ivq/ is NOT local; model per evaluate_ivq.py MODEL_ID
04_lora,Qwen2.5-3B-Instruct,Qwen2.5,False,lora_dense_ivq,arbitrary_single,plain,10,20,IVQ,ordinal,19,0.35,,,,,20,7,,,,,train,raw,lora_intervention/results/dense_ivq_ivq_20260523_101418.json,dense-IVQ; adapter checkpoints/dense_ivq/ is NOT local; model per evaluate_ivq.py MODEL_ID
04_lora,Qwen2.5-3B-Instruct,Qwen2.5,False,lora_dense_ivq,arbitrary_single,plain,10,20,CVQ,semantic,20,0.95,,,,,20,19,,,,,train,raw,lora_intervention/results/dense_ivq_ivq_20260523_101418.json,dense-IVQ; adapter checkpoints/dense_ivq/ is NOT local; model per evaluate_ivq.py MODEL_ID
