theme,model,model_family,is_proprietary,variant,dataset,prompt_format,num_keys,num_updates,condition,query_type,position,accuracy,gap,ci_lower,ci_upper,wilson_hw,n_trials,n_correct,n_offstream,accuracy_onstream,error_types_json,regime,split,provenance_tier,source_file,notes
01_fvq_cvq,Qwen2.5-1.5B-Instruct,Qwen2.5,False,base,arbitrary_single,chat_template,2,5,CVQ,semantic,last,0.57,,0.47,0.66,,100,,0,0.57,"{""correct"": 57, ""intermediate_intrusion"": 40, ""primacy_intrusion"": 3}",C,,raw,v3/results_vllm/arbitrary_single/Qwen2.5-1.5B-Instruct/stage1_sweep_20260408_231134.json,
01_fvq_cvq,Qwen2.5-1.5B-Instruct,Qwen2.5,False,base,arbitrary_single,chat_template,2,5,FVQ,semantic,first,0.99,,0.97,1.0,,100,,0,0.99,"{""correct"": 99, ""intermediate_intrusion"": 1}",C,,raw,v3/results_vllm/arbitrary_single/Qwen2.5-1.5B-Instruct/stage1_sweep_20260408_231134.json,
01_fvq_cvq,Qwen2.5-1.5B-Instruct,Qwen2.5,False,base,arbitrary_single,chat_template,2,7,CVQ,semantic,last,0.46,,0.3698,0.56,,100,,0,0.46,"{""correct"": 46, ""intermediate_intrusion"": 52, ""primacy_intrusion"": 2}",C,,raw,v3/results_vllm/arbitrary_single/Qwen2.5-1.5B-Instruct/stage1_sweep_20260408_231134.json,
01_fvq_cvq,Qwen2.5-1.5B-Instruct,Qwen2.5,False,base,arbitrary_single,chat_template,2,7,FVQ,semantic,first,0.97,,0.94,1.0,,100,,2,0.9898,"{""correct"": 97, ""garbage"": 2, ""intermediate_intrusion"": 1}",C,,raw,v3/results_vllm/arbitrary_single/Qwen2.5-1.5B-Instruct/stage1_sweep_20260408_231134.json,
01_fvq_cvq,Qwen2.5-1.5B-Instruct,Qwen2.5,False,base,arbitrary_single,chat_template,2,10,CVQ,semantic,last,0.36,,0.26,0.46,,100,,1,0.3636,"{""correct"": 36, ""garbage"": 1, ""intermediate_intrusion"": 62, ""primacy_intrusion"": 1}",C,,raw,v3/results_vllm/arbitrary_single/Qwen2.5-1.5B-Instruct/stage1_sweep_20260408_231134.json,
01_fvq_cvq,Qwen2.5-1.5B-Instruct,Qwen2.5,False,base,arbitrary_single,chat_template,2,10,FVQ,semantic,first,0.97,,0.93,1.0,,100,,1,0.9798,"{""correct"": 97, ""garbage"": 1, ""intermediate_intrusion"": 2}",C,,raw,v3/results_vllm/arbitrary_single/Qwen2.5-1.5B-Instruct/stage1_sweep_20260408_231134.json,
01_fvq_cvq,Qwen2.5-1.5B-Instruct,Qwen2.5,False,base,arbitrary_single,chat_template,2,15,CVQ,semantic,last,0.35,,0.26,0.45,,100,,2,0.3571,"{""correct"": 35, ""garbage"": 2, ""intermediate_intrusion"": 60, ""primacy_intrusion"": 3}",C,,raw,v3/results_vllm/arbitrary_single/Qwen2.5-1.5B-Instruct/stage1_sweep_20260408_231134.json,
01_fvq_cvq,Qwen2.5-1.5B-Instruct,Qwen2.5,False,base,arbitrary_single,chat_template,2,15,FVQ,semantic,first,0.96,,0.92,0.99,,100,,0,0.96,"{""correct"": 96, ""intermediate_intrusion"": 4}",C,,raw,v3/results_vllm/arbitrary_single/Qwen2.5-1.5B-Instruct/stage1_sweep_20260408_231134.json,
01_fvq_cvq,Qwen2.5-1.5B-Instruct,Qwen2.5,False,base,arbitrary_single,chat_template,2,20,CVQ,semantic,last,0.29,,0.2,0.38,,100,,1,0.2929,"{""correct"": 29, ""garbage"": 1, ""intermediate_intrusion"": 70}",C,,raw,v3/results_vllm/arbitrary_single/Qwen2.5-1.5B-Instruct/stage1_sweep_20260408_231134.json,
01_fvq_cvq,Qwen2.5-1.5B-Instruct,Qwen2.5,False,base,arbitrary_single,chat_template,2,20,FVQ,semantic,first,0.98,,0.95,1.0,,100,,2,1.0,"{""correct"": 98, ""garbage"": 2}",C,,raw,v3/results_vllm/arbitrary_single/Qwen2.5-1.5B-Instruct/stage1_sweep_20260408_231134.json,
01_fvq_cvq,Qwen2.5-1.5B-Instruct,Qwen2.5,False,base,arbitrary_single,chat_template,2,30,CVQ,semantic,last,0.2,,0.12,0.28,,100,,6,0.2128,"{""correct"": 20, ""garbage"": 6, ""intermediate_intrusion"": 74}",C,,raw,v3/results_vllm/arbitrary_single/Qwen2.5-1.5B-Instruct/stage1_sweep_20260408_231134.json,
01_fvq_cvq,Qwen2.5-1.5B-Instruct,Qwen2.5,False,base,arbitrary_single,chat_template,2,30,FVQ,semantic,first,0.98,,0.95,1.0,,100,,1,0.9899,"{""correct"": 98, ""garbage"": 1, ""intermediate_intrusion"": 1}",C,,raw,v3/results_vllm/arbitrary_single/Qwen2.5-1.5B-Instruct/stage1_sweep_20260408_231134.json,
01_fvq_cvq,Qwen2.5-1.5B-Instruct,Qwen2.5,False,base,arbitrary_single,chat_template,2,50,CVQ,semantic,last,0.17,,0.1,0.25,,100,,7,0.1828,"{""correct"": 17, ""garbage"": 7, ""intermediate_intrusion"": 75, ""primacy_intrusion"": 1}",C,,raw,v3/results_vllm/arbitrary_single/Qwen2.5-1.5B-Instruct/stage1_sweep_20260408_231134.json,
01_fvq_cvq,Qwen2.5-1.5B-Instruct,Qwen2.5,False,base,arbitrary_single,chat_template,2,50,FVQ,semantic,first,0.98,,0.95,1.0,,100,,1,0.9899,"{""correct"": 98, ""garbage"": 1, ""intermediate_intrusion"": 1}",C,,raw,v3/results_vllm/arbitrary_single/Qwen2.5-1.5B-Instruct/stage1_sweep_20260408_231134.json,
01_fvq_cvq,Qwen2.5-1.5B-Instruct,Qwen2.5,False,base,arbitrary_single,chat_template,2,75,CVQ,semantic,last,0.17,,0.1,0.25,,100,,10,0.1889,"{""correct"": 17, ""garbage"": 10, ""intermediate_intrusion"": 73}",C,,raw,v3/results_vllm/arbitrary_single/Qwen2.5-1.5B-Instruct/stage1_sweep_20260408_231134.json,
01_fvq_cvq,Qwen2.5-1.5B-Instruct,Qwen2.5,False,base,arbitrary_single,chat_template,2,75,FVQ,semantic,first,0.97,,0.93,1.0,,100,,0,0.97,"{""correct"": 97, ""intermediate_intrusion"": 3}",C,,raw,v3/results_vllm/arbitrary_single/Qwen2.5-1.5B-Instruct/stage1_sweep_20260408_231134.json,
01_fvq_cvq,Qwen2.5-1.5B-Instruct,Qwen2.5,False,base,arbitrary_single,chat_template,2,100,CVQ,semantic,last,0.06,,0.02,0.11,,100,,21,0.0759,"{""correct"": 6, ""garbage"": 21, ""intermediate_intrusion"": 72, ""primacy_intrusion"": 1}",C,,raw,v3/results_vllm/arbitrary_single/Qwen2.5-1.5B-Instruct/stage1_sweep_20260408_231134.json,
01_fvq_cvq,Qwen2.5-1.5B-Instruct,Qwen2.5,False,base,arbitrary_single,chat_template,2,100,FVQ,semantic,first,0.98,,0.95,1.0,,100,,2,1.0,"{""correct"": 98, ""garbage"": 2}",C,,raw,v3/results_vllm/arbitrary_single/Qwen2.5-1.5B-Instruct/stage1_sweep_20260408_231134.json,
01_fvq_cvq,Qwen2.5-1.5B-Instruct,Qwen2.5,False,base,arbitrary_single,chat_template,3,5,CVQ,semantic,last,0.27,,0.1898,0.36,,100,,0,0.27,"{""correct"": 27, ""intermediate_intrusion"": 71, ""primacy_intrusion"": 2}",C,,raw,v3/results_vllm/arbitrary_single/Qwen2.5-1.5B-Instruct/stage1_sweep_20260408_231134.json,
01_fvq_cvq,Qwen2.5-1.5B-Instruct,Qwen2.5,False,base,arbitrary_single,chat_template,3,5,FVQ,semantic,first,0.95,,0.9,0.99,,100,,1,0.9596,"{""correct"": 95, ""garbage"": 1, ""intermediate_intrusion"": 4}",C,,raw,v3/results_vllm/arbitrary_single/Qwen2.5-1.5B-Instruct/stage1_sweep_20260408_231134.json,
01_fvq_cvq,Qwen2.5-1.5B-Instruct,Qwen2.5,False,base,arbitrary_single,chat_template,3,7,CVQ,semantic,last,0.34,,0.2498,0.43,,100,,1,0.3434,"{""correct"": 34, ""garbage"": 1, ""intermediate_intrusion"": 65}",C,,raw,v3/results_vllm/arbitrary_single/Qwen2.5-1.5B-Instruct/stage1_sweep_20260408_231134.json,
01_fvq_cvq,Qwen2.5-1.5B-Instruct,Qwen2.5,False,base,arbitrary_single,chat_template,3,7,FVQ,semantic,first,0.97,,0.93,1.0,,100,,0,0.97,"{""correct"": 97, ""intermediate_intrusion"": 3}",C,,raw,v3/results_vllm/arbitrary_single/Qwen2.5-1.5B-Instruct/stage1_sweep_20260408_231134.json,
01_fvq_cvq,Qwen2.5-1.5B-Instruct,Qwen2.5,False,base,arbitrary_single,chat_template,3,10,CVQ,semantic,last,0.26,,0.18,0.35,,100,,2,0.2653,"{""correct"": 26, ""garbage"": 2, ""intermediate_intrusion"": 72}",C,,raw,v3/results_vllm/arbitrary_single/Qwen2.5-1.5B-Instruct/stage1_sweep_20260408_231134.json,
01_fvq_cvq,Qwen2.5-1.5B-Instruct,Qwen2.5,False,base,arbitrary_single,chat_template,3,10,FVQ,semantic,first,0.89,,0.83,0.9402,,100,,2,0.9082,"{""correct"": 89, ""garbage"": 2, ""intermediate_intrusion"": 8, ""recency_intrusion"": 1}",C,,raw,v3/results_vllm/arbitrary_single/Qwen2.5-1.5B-Instruct/stage1_sweep_20260408_231134.json,
01_fvq_cvq,Qwen2.5-1.5B-Instruct,Qwen2.5,False,base,arbitrary_single,chat_template,3,15,CVQ,semantic,last,0.23,,0.16,0.3102,,100,,1,0.2323,"{""correct"": 23, ""garbage"": 1, ""intermediate_intrusion"": 76}",C,,raw,v3/results_vllm/arbitrary_single/Qwen2.5-1.5B-Instruct/stage1_sweep_20260408_231134.json,
01_fvq_cvq,Qwen2.5-1.5B-Instruct,Qwen2.5,False,base,arbitrary_single,chat_template,3,15,FVQ,semantic,first,0.92,,0.86,0.97,,100,,2,0.9388,"{""correct"": 92, ""garbage"": 2, ""intermediate_intrusion"": 6}",C,,raw,v3/results_vllm/arbitrary_single/Qwen2.5-1.5B-Instruct/stage1_sweep_20260408_231134.json,
01_fvq_cvq,Qwen2.5-1.5B-Instruct,Qwen2.5,False,base,arbitrary_single,chat_template,3,20,CVQ,semantic,last,0.22,,0.14,0.31,,100,,3,0.2268,"{""correct"": 22, ""garbage"": 3, ""intermediate_intrusion"": 74, ""primacy_intrusion"": 1}",C,,raw,v3/results_vllm/arbitrary_single/Qwen2.5-1.5B-Instruct/stage1_sweep_20260408_231134.json,
01_fvq_cvq,Qwen2.5-1.5B-Instruct,Qwen2.5,False,base,arbitrary_single,chat_template,3,20,FVQ,semantic,first,0.96,,0.92,0.99,,100,,1,0.9697,"{""correct"": 96, ""garbage"": 1, ""intermediate_intrusion"": 3}",C,,raw,v3/results_vllm/arbitrary_single/Qwen2.5-1.5B-Instruct/stage1_sweep_20260408_231134.json,
01_fvq_cvq,Qwen2.5-1.5B-Instruct,Qwen2.5,False,base,arbitrary_single,chat_template,3,30,CVQ,semantic,last,0.18,,0.11,0.25,,100,,7,0.1935,"{""correct"": 18, ""garbage"": 7, ""intermediate_intrusion"": 74, ""primacy_intrusion"": 1}",C,,raw,v3/results_vllm/arbitrary_single/Qwen2.5-1.5B-Instruct/stage1_sweep_20260408_231134.json,
01_fvq_cvq,Qwen2.5-1.5B-Instruct,Qwen2.5,False,base,arbitrary_single,chat_template,3,30,FVQ,semantic,first,0.95,,0.9,0.99,,100,,0,0.95,"{""correct"": 95, ""intermediate_intrusion"": 5}",C,,raw,v3/results_vllm/arbitrary_single/Qwen2.5-1.5B-Instruct/stage1_sweep_20260408_231134.json,
01_fvq_cvq,Qwen2.5-1.5B-Instruct,Qwen2.5,False,base,arbitrary_single,chat_template,3,50,CVQ,semantic,last,0.12,,0.06,0.18,,100,,15,0.1412,"{""correct"": 12, ""garbage"": 15, ""intermediate_intrusion"": 73}",C,,raw,v3/results_vllm/arbitrary_single/Qwen2.5-1.5B-Instruct/stage1_sweep_20260408_231134.json,
01_fvq_cvq,Qwen2.5-1.5B-Instruct,Qwen2.5,False,base,arbitrary_single,chat_template,3,50,FVQ,semantic,first,0.87,,0.8,0.93,,100,,3,0.8969,"{""correct"": 87, ""garbage"": 3, ""intermediate_intrusion"": 10}",C,,raw,v3/results_vllm/arbitrary_single/Qwen2.5-1.5B-Instruct/stage1_sweep_20260408_231134.json,
01_fvq_cvq,Qwen2.5-1.5B-Instruct,Qwen2.5,False,base,arbitrary_single,chat_template,3,75,CVQ,semantic,last,0.12,,0.06,0.19,,100,,15,0.1412,"{""correct"": 12, ""garbage"": 15, ""intermediate_intrusion"": 73}",C,,raw,v3/results_vllm/arbitrary_single/Qwen2.5-1.5B-Instruct/stage1_sweep_20260408_231134.json,
01_fvq_cvq,Qwen2.5-1.5B-Instruct,Qwen2.5,False,base,arbitrary_single,chat_template,3,75,FVQ,semantic,first,0.92,,0.86,0.97,,100,,5,0.9684,"{""correct"": 92, ""garbage"": 5, ""intermediate_intrusion"": 3}",C,,raw,v3/results_vllm/arbitrary_single/Qwen2.5-1.5B-Instruct/stage1_sweep_20260408_231134.json,
01_fvq_cvq,Qwen2.5-1.5B-Instruct,Qwen2.5,False,base,arbitrary_single,chat_template,3,100,CVQ,semantic,last,0.12,,0.06,0.19,,100,,11,0.1348,"{""correct"": 12, ""garbage"": 11, ""intermediate_intrusion"": 76, ""primacy_intrusion"": 1}",C,,raw,v3/results_vllm/arbitrary_single/Qwen2.5-1.5B-Instruct/stage1_sweep_20260408_231134.json,
01_fvq_cvq,Qwen2.5-1.5B-Instruct,Qwen2.5,False,base,arbitrary_single,chat_template,3,100,FVQ,semantic,first,0.84,,0.76,0.91,,100,,5,0.8842,"{""correct"": 84, ""garbage"": 5, ""intermediate_intrusion"": 10, ""recency_intrusion"": 1}",C,,raw,v3/results_vllm/arbitrary_single/Qwen2.5-1.5B-Instruct/stage1_sweep_20260408_231134.json,
01_fvq_cvq,Qwen2.5-1.5B-Instruct,Qwen2.5,False,base,arbitrary_single,chat_template,5,5,CVQ,semantic,last,0.18,,0.11,0.26,,100,,0,0.18,"{""correct"": 18, ""intermediate_intrusion"": 70, ""primacy_intrusion"": 12}",C,,raw,v3/results_vllm/arbitrary_single/Qwen2.5-1.5B-Instruct/stage1_sweep_20260408_231134.json,
01_fvq_cvq,Qwen2.5-1.5B-Instruct,Qwen2.5,False,base,arbitrary_single,chat_template,5,5,FVQ,semantic,first,0.98,,0.95,1.0,,100,,0,0.98,"{""correct"": 98, ""intermediate_intrusion"": 2}",C,,raw,v3/results_vllm/arbitrary_single/Qwen2.5-1.5B-Instruct/stage1_sweep_20260408_231134.json,
01_fvq_cvq,Qwen2.5-1.5B-Instruct,Qwen2.5,False,base,arbitrary_single,chat_template,5,7,CVQ,semantic,last,0.24,,0.16,0.33,,100,,1,0.2424,"{""correct"": 24, ""garbage"": 1, ""intermediate_intrusion"": 72, ""primacy_intrusion"": 3}",C,,raw,v3/results_vllm/arbitrary_single/Qwen2.5-1.5B-Instruct/stage1_sweep_20260408_231134.json,
01_fvq_cvq,Qwen2.5-1.5B-Instruct,Qwen2.5,False,base,arbitrary_single,chat_template,5,7,FVQ,semantic,first,0.94,,0.89,0.98,,100,,2,0.9592,"{""correct"": 94, ""garbage"": 2, ""intermediate_intrusion"": 4}",C,,raw,v3/results_vllm/arbitrary_single/Qwen2.5-1.5B-Instruct/stage1_sweep_20260408_231134.json,
01_fvq_cvq,Qwen2.5-1.5B-Instruct,Qwen2.5,False,base,arbitrary_single,chat_template,5,10,CVQ,semantic,last,0.26,,0.18,0.35,,100,,1,0.2626,"{""correct"": 26, ""garbage"": 1, ""intermediate_intrusion"": 69, ""primacy_intrusion"": 4}",C,,raw,v3/results_vllm/arbitrary_single/Qwen2.5-1.5B-Instruct/stage1_sweep_20260408_231134.json,
01_fvq_cvq,Qwen2.5-1.5B-Instruct,Qwen2.5,False,base,arbitrary_single,chat_template,5,10,FVQ,semantic,first,0.85,,0.77,0.92,,100,,4,0.8854,"{""correct"": 85, ""garbage"": 4, ""intermediate_intrusion"": 11}",C,,raw,v3/results_vllm/arbitrary_single/Qwen2.5-1.5B-Instruct/stage1_sweep_20260408_231134.json,
01_fvq_cvq,Qwen2.5-1.5B-Instruct,Qwen2.5,False,base,arbitrary_single,chat_template,5,15,CVQ,semantic,last,0.24,,0.16,0.3202,,100,,6,0.2553,"{""correct"": 24, ""garbage"": 6, ""intermediate_intrusion"": 70}",C,,raw,v3/results_vllm/arbitrary_single/Qwen2.5-1.5B-Instruct/stage1_sweep_20260408_231134.json,
01_fvq_cvq,Qwen2.5-1.5B-Instruct,Qwen2.5,False,base,arbitrary_single,chat_template,5,15,FVQ,semantic,first,0.86,,0.79,0.92,,100,,3,0.8866,"{""correct"": 86, ""garbage"": 3, ""intermediate_intrusion"": 11}",C,,raw,v3/results_vllm/arbitrary_single/Qwen2.5-1.5B-Instruct/stage1_sweep_20260408_231134.json,
01_fvq_cvq,Qwen2.5-1.5B-Instruct,Qwen2.5,False,base,arbitrary_single,chat_template,5,20,CVQ,semantic,last,0.21,,0.13,0.29,,100,,6,0.2234,"{""correct"": 21, ""garbage"": 6, ""intermediate_intrusion"": 73}",C,,raw,v3/results_vllm/arbitrary_single/Qwen2.5-1.5B-Instruct/stage1_sweep_20260408_231134.json,
01_fvq_cvq,Qwen2.5-1.5B-Instruct,Qwen2.5,False,base,arbitrary_single,chat_template,5,20,FVQ,semantic,first,0.85,,0.78,0.9102,,100,,2,0.8673,"{""correct"": 85, ""garbage"": 2, ""intermediate_intrusion"": 13}",C,,raw,v3/results_vllm/arbitrary_single/Qwen2.5-1.5B-Instruct/stage1_sweep_20260408_231134.json,
01_fvq_cvq,Qwen2.5-1.5B-Instruct,Qwen2.5,False,base,arbitrary_single,chat_template,5,30,CVQ,semantic,last,0.21,,0.14,0.29,,100,,2,0.2143,"{""correct"": 21, ""garbage"": 2, ""intermediate_intrusion"": 76, ""primacy_intrusion"": 1}",C,,raw,v3/results_vllm/arbitrary_single/Qwen2.5-1.5B-Instruct/stage1_sweep_20260408_231134.json,
01_fvq_cvq,Qwen2.5-1.5B-Instruct,Qwen2.5,False,base,arbitrary_single,chat_template,5,30,FVQ,semantic,first,0.85,,0.78,0.92,,100,,1,0.8586,"{""correct"": 85, ""garbage"": 1, ""intermediate_intrusion"": 14}",C,,raw,v3/results_vllm/arbitrary_single/Qwen2.5-1.5B-Instruct/stage1_sweep_20260408_231134.json,
01_fvq_cvq,Qwen2.5-1.5B-Instruct,Qwen2.5,False,base,arbitrary_single,chat_template,5,50,CVQ,semantic,last,0.11,,0.06,0.17,,100,,10,0.1222,"{""correct"": 11, ""garbage"": 10, ""intermediate_intrusion"": 77, ""primacy_intrusion"": 2}",C,,raw,v3/results_vllm/arbitrary_single/Qwen2.5-1.5B-Instruct/stage1_sweep_20260408_231134.json,
01_fvq_cvq,Qwen2.5-1.5B-Instruct,Qwen2.5,False,base,arbitrary_single,chat_template,5,50,FVQ,semantic,first,0.77,,0.68,0.85,,100,,5,0.8105,"{""correct"": 77, ""garbage"": 5, ""intermediate_intrusion"": 18}",C,,raw,v3/results_vllm/arbitrary_single/Qwen2.5-1.5B-Instruct/stage1_sweep_20260408_231134.json,
01_fvq_cvq,Qwen2.5-1.5B-Instruct,Qwen2.5,False,base,arbitrary_single,chat_template,5,75,CVQ,semantic,last,0.1,,0.04,0.16,,100,,12,0.1136,"{""correct"": 10, ""garbage"": 12, ""intermediate_intrusion"": 78}",C,,raw,v3/results_vllm/arbitrary_single/Qwen2.5-1.5B-Instruct/stage1_sweep_20260408_231134.json,
01_fvq_cvq,Qwen2.5-1.5B-Instruct,Qwen2.5,False,base,arbitrary_single,chat_template,5,75,FVQ,semantic,first,0.68,,0.59,0.77,,100,,12,0.7727,"{""correct"": 68, ""garbage"": 12, ""intermediate_intrusion"": 20}",C,,raw,v3/results_vllm/arbitrary_single/Qwen2.5-1.5B-Instruct/stage1_sweep_20260408_231134.json,
01_fvq_cvq,Qwen2.5-1.5B-Instruct,Qwen2.5,False,base,arbitrary_single,chat_template,5,100,CVQ,semantic,last,0.12,,0.06,0.19,,100,,13,0.1379,"{""correct"": 12, ""garbage"": 13, ""intermediate_intrusion"": 74, ""primacy_intrusion"": 1}",C,,raw,v3/results_vllm/arbitrary_single/Qwen2.5-1.5B-Instruct/stage1_sweep_20260408_231134.json,
01_fvq_cvq,Qwen2.5-1.5B-Instruct,Qwen2.5,False,base,arbitrary_single,chat_template,5,100,FVQ,semantic,first,0.72,,0.63,0.81,,100,,17,0.8675,"{""correct"": 72, ""garbage"": 17, ""intermediate_intrusion"": 11}",C,,raw,v3/results_vllm/arbitrary_single/Qwen2.5-1.5B-Instruct/stage1_sweep_20260408_231134.json,
01_fvq_cvq,Qwen2.5-1.5B-Instruct,Qwen2.5,False,base,arbitrary_single,chat_template,7,5,CVQ,semantic,last,0.23,,0.15,0.31,,100,,0,0.23,"{""correct"": 23, ""intermediate_intrusion"": 67, ""primacy_intrusion"": 10}",C,,raw,v3/results_vllm/arbitrary_single/Qwen2.5-1.5B-Instruct/stage1_sweep_20260408_231134.json,
01_fvq_cvq,Qwen2.5-1.5B-Instruct,Qwen2.5,False,base,arbitrary_single,chat_template,7,5,FVQ,semantic,first,0.93,,0.88,0.98,,100,,2,0.949,"{""correct"": 93, ""garbage"": 2, ""intermediate_intrusion"": 5}",C,,raw,v3/results_vllm/arbitrary_single/Qwen2.5-1.5B-Instruct/stage1_sweep_20260408_231134.json,
01_fvq_cvq,Qwen2.5-1.5B-Instruct,Qwen2.5,False,base,arbitrary_single,chat_template,7,7,CVQ,semantic,last,0.2,,0.12,0.28,,100,,2,0.2041,"{""correct"": 20, ""garbage"": 2, ""intermediate_intrusion"": 73, ""primacy_intrusion"": 5}",C,,raw,v3/results_vllm/arbitrary_single/Qwen2.5-1.5B-Instruct/stage1_sweep_20260408_231134.json,
01_fvq_cvq,Qwen2.5-1.5B-Instruct,Qwen2.5,False,base,arbitrary_single,chat_template,7,7,FVQ,semantic,first,0.92,,0.86,0.97,,100,,0,0.92,"{""correct"": 92, ""intermediate_intrusion"": 8}",C,,raw,v3/results_vllm/arbitrary_single/Qwen2.5-1.5B-Instruct/stage1_sweep_20260408_231134.json,
01_fvq_cvq,Qwen2.5-1.5B-Instruct,Qwen2.5,False,base,arbitrary_single,chat_template,7,10,CVQ,semantic,last,0.31,,0.22,0.4,,100,,2,0.3163,"{""correct"": 31, ""garbage"": 2, ""intermediate_intrusion"": 65, ""primacy_intrusion"": 2}",C,,raw,v3/results_vllm/arbitrary_single/Qwen2.5-1.5B-Instruct/stage1_sweep_20260408_231134.json,
01_fvq_cvq,Qwen2.5-1.5B-Instruct,Qwen2.5,False,base,arbitrary_single,chat_template,7,10,FVQ,semantic,first,0.87,,0.8,0.93,,100,,2,0.8878,"{""correct"": 87, ""garbage"": 2, ""intermediate_intrusion"": 11}",C,,raw,v3/results_vllm/arbitrary_single/Qwen2.5-1.5B-Instruct/stage1_sweep_20260408_231134.json,
01_fvq_cvq,Qwen2.5-1.5B-Instruct,Qwen2.5,False,base,arbitrary_single,chat_template,7,15,CVQ,semantic,last,0.2,,0.13,0.28,,100,,1,0.202,"{""correct"": 20, ""garbage"": 1, ""intermediate_intrusion"": 77, ""primacy_intrusion"": 2}",C,,raw,v3/results_vllm/arbitrary_single/Qwen2.5-1.5B-Instruct/stage1_sweep_20260408_231134.json,
01_fvq_cvq,Qwen2.5-1.5B-Instruct,Qwen2.5,False,base,arbitrary_single,chat_template,7,15,FVQ,semantic,first,0.83,,0.76,0.9,,100,,3,0.8557,"{""correct"": 83, ""garbage"": 3, ""intermediate_intrusion"": 14}",C,,raw,v3/results_vllm/arbitrary_single/Qwen2.5-1.5B-Instruct/stage1_sweep_20260408_231134.json,
01_fvq_cvq,Qwen2.5-1.5B-Instruct,Qwen2.5,False,base,arbitrary_single,chat_template,7,20,CVQ,semantic,last,0.19,,0.12,0.27,,100,,2,0.1939,"{""correct"": 19, ""garbage"": 2, ""intermediate_intrusion"": 78, ""primacy_intrusion"": 1}",C,,raw,v3/results_vllm/arbitrary_single/Qwen2.5-1.5B-Instruct/stage1_sweep_20260408_231134.json,
01_fvq_cvq,Qwen2.5-1.5B-Instruct,Qwen2.5,False,base,arbitrary_single,chat_template,7,20,FVQ,semantic,first,0.77,,0.69,0.85,,100,,2,0.7857,"{""correct"": 77, ""garbage"": 2, ""intermediate_intrusion"": 21}",C,,raw,v3/results_vllm/arbitrary_single/Qwen2.5-1.5B-Instruct/stage1_sweep_20260408_231134.json,
01_fvq_cvq,Qwen2.5-1.5B-Instruct,Qwen2.5,False,base,arbitrary_single,chat_template,7,30,CVQ,semantic,last,0.2,,0.13,0.28,,100,,6,0.2128,"{""correct"": 20, ""garbage"": 6, ""intermediate_intrusion"": 73, ""primacy_intrusion"": 1}",C,,raw,v3/results_vllm/arbitrary_single/Qwen2.5-1.5B-Instruct/stage1_sweep_20260408_231134.json,
01_fvq_cvq,Qwen2.5-1.5B-Instruct,Qwen2.5,False,base,arbitrary_single,chat_template,7,30,FVQ,semantic,first,0.66,,0.57,0.75,,100,,10,0.7333,"{""correct"": 66, ""garbage"": 10, ""intermediate_intrusion"": 24}",C,,raw,v3/results_vllm/arbitrary_single/Qwen2.5-1.5B-Instruct/stage1_sweep_20260408_231134.json,
01_fvq_cvq,Qwen2.5-1.5B-Instruct,Qwen2.5,False,base,arbitrary_single,chat_template,7,50,CVQ,semantic,last,0.09,,0.04,0.15,,100,,14,0.1047,"{""correct"": 9, ""garbage"": 14, ""intermediate_intrusion"": 76, ""primacy_intrusion"": 1}",C,,raw,v3/results_vllm/arbitrary_single/Qwen2.5-1.5B-Instruct/stage1_sweep_20260408_231134.json,
01_fvq_cvq,Qwen2.5-1.5B-Instruct,Qwen2.5,False,base,arbitrary_single,chat_template,7,50,FVQ,semantic,first,0.56,,0.47,0.65,,100,,10,0.6222,"{""correct"": 56, ""garbage"": 10, ""intermediate_intrusion"": 34}",C,,raw,v3/results_vllm/arbitrary_single/Qwen2.5-1.5B-Instruct/stage1_sweep_20260408_231134.json,
01_fvq_cvq,Qwen2.5-1.5B-Instruct,Qwen2.5,False,base,arbitrary_single,chat_template,7,75,CVQ,semantic,last,0.13,,0.07,0.2,,100,,17,0.1566,"{""correct"": 13, ""garbage"": 17, ""intermediate_intrusion"": 70}",C,,raw,v3/results_vllm/arbitrary_single/Qwen2.5-1.5B-Instruct/stage1_sweep_20260408_231134.json,
01_fvq_cvq,Qwen2.5-1.5B-Instruct,Qwen2.5,False,base,arbitrary_single,chat_template,7,75,FVQ,semantic,first,0.52,,0.42,0.61,,100,,15,0.6118,"{""correct"": 52, ""garbage"": 15, ""intermediate_intrusion"": 33}",C,,raw,v3/results_vllm/arbitrary_single/Qwen2.5-1.5B-Instruct/stage1_sweep_20260408_231134.json,
01_fvq_cvq,Qwen2.5-1.5B-Instruct,Qwen2.5,False,base,arbitrary_single,chat_template,7,100,CVQ,semantic,last,0.1,,0.05,0.16,,100,,17,0.1205,"{""correct"": 10, ""garbage"": 17, ""intermediate_intrusion"": 71, ""primacy_intrusion"": 2}",C,,raw,v3/results_vllm/arbitrary_single/Qwen2.5-1.5B-Instruct/stage1_sweep_20260408_231134.json,
01_fvq_cvq,Qwen2.5-1.5B-Instruct,Qwen2.5,False,base,arbitrary_single,chat_template,7,100,FVQ,semantic,first,0.54,,0.45,0.64,,100,,13,0.6207,"{""correct"": 54, ""garbage"": 13, ""intermediate_intrusion"": 33}",C,,raw,v3/results_vllm/arbitrary_single/Qwen2.5-1.5B-Instruct/stage1_sweep_20260408_231134.json,
01_fvq_cvq,Qwen2.5-1.5B-Instruct,Qwen2.5,False,base,arbitrary_single,chat_template,10,5,CVQ,semantic,last,0.2,,0.12,0.28,,100,,2,0.2041,"{""correct"": 20, ""garbage"": 2, ""intermediate_intrusion"": 63, ""primacy_intrusion"": 15}",C,,raw,v3/results_vllm/arbitrary_single/Qwen2.5-1.5B-Instruct/stage1_sweep_20260408_231134.json,
01_fvq_cvq,Qwen2.5-1.5B-Instruct,Qwen2.5,False,base,arbitrary_single,chat_template,10,5,FVQ,semantic,first,0.96,,0.91,0.99,,100,,0,0.96,"{""correct"": 96, ""intermediate_intrusion"": 4}",C,,raw,v3/results_vllm/arbitrary_single/Qwen2.5-1.5B-Instruct/stage1_sweep_20260408_231134.json,
01_fvq_cvq,Qwen2.5-1.5B-Instruct,Qwen2.5,False,base,arbitrary_single,chat_template,10,7,CVQ,semantic,last,0.16,,0.09,0.24,,100,,1,0.1616,"{""correct"": 16, ""garbage"": 1, ""intermediate_intrusion"": 73, ""primacy_intrusion"": 10}",C,,raw,v3/results_vllm/arbitrary_single/Qwen2.5-1.5B-Instruct/stage1_sweep_20260408_231134.json,
01_fvq_cvq,Qwen2.5-1.5B-Instruct,Qwen2.5,False,base,arbitrary_single,chat_template,10,7,FVQ,semantic,first,0.85,,0.77,0.92,,100,,0,0.85,"{""correct"": 85, ""intermediate_intrusion"": 14, ""recency_intrusion"": 1}",C,,raw,v3/results_vllm/arbitrary_single/Qwen2.5-1.5B-Instruct/stage1_sweep_20260408_231134.json,
01_fvq_cvq,Qwen2.5-1.5B-Instruct,Qwen2.5,False,base,arbitrary_single,chat_template,10,10,CVQ,semantic,last,0.13,,0.07,0.2,,100,,1,0.1313,"{""correct"": 13, ""garbage"": 1, ""intermediate_intrusion"": 80, ""primacy_intrusion"": 6}",C,,raw,v3/results_vllm/arbitrary_single/Qwen2.5-1.5B-Instruct/stage1_sweep_20260408_231134.json,
01_fvq_cvq,Qwen2.5-1.5B-Instruct,Qwen2.5,False,base,arbitrary_single,chat_template,10,10,FVQ,semantic,first,0.83,,0.75,0.9,,100,,3,0.8557,"{""correct"": 83, ""garbage"": 3, ""intermediate_intrusion"": 14}",C,,raw,v3/results_vllm/arbitrary_single/Qwen2.5-1.5B-Instruct/stage1_sweep_20260408_231134.json,
01_fvq_cvq,Qwen2.5-1.5B-Instruct,Qwen2.5,False,base,arbitrary_single,chat_template,10,15,CVQ,semantic,last,0.18,,0.11,0.26,,100,,1,0.1818,"{""correct"": 18, ""garbage"": 1, ""intermediate_intrusion"": 80, ""primacy_intrusion"": 1}",C,,raw,v3/results_vllm/arbitrary_single/Qwen2.5-1.5B-Instruct/stage1_sweep_20260408_231134.json,
01_fvq_cvq,Qwen2.5-1.5B-Instruct,Qwen2.5,False,base,arbitrary_single,chat_template,10,15,FVQ,semantic,first,0.74,,0.65,0.82,,100,,3,0.7629,"{""correct"": 74, ""garbage"": 3, ""intermediate_intrusion"": 23}",C,,raw,v3/results_vllm/arbitrary_single/Qwen2.5-1.5B-Instruct/stage1_sweep_20260408_231134.json,
01_fvq_cvq,Qwen2.5-1.5B-Instruct,Qwen2.5,False,base,arbitrary_single,chat_template,10,20,CVQ,semantic,last,0.15,,0.08,0.22,,100,,6,0.1596,"{""correct"": 15, ""garbage"": 6, ""intermediate_intrusion"": 77, ""primacy_intrusion"": 2}",C,,raw,v3/results_vllm/arbitrary_single/Qwen2.5-1.5B-Instruct/stage1_sweep_20260408_231134.json,
01_fvq_cvq,Qwen2.5-1.5B-Instruct,Qwen2.5,False,base,arbitrary_single,chat_template,10,20,FVQ,semantic,first,0.59,,0.49,0.68,,100,,6,0.6277,"{""correct"": 59, ""garbage"": 6, ""intermediate_intrusion"": 35}",C,,raw,v3/results_vllm/arbitrary_single/Qwen2.5-1.5B-Instruct/stage1_sweep_20260408_231134.json,
01_fvq_cvq,Qwen2.5-1.5B-Instruct,Qwen2.5,False,base,arbitrary_single,chat_template,10,30,CVQ,semantic,last,0.17,,0.1,0.24,,100,,5,0.1789,"{""correct"": 17, ""garbage"": 5, ""intermediate_intrusion"": 76, ""primacy_intrusion"": 2}",C,,raw,v3/results_vllm/arbitrary_single/Qwen2.5-1.5B-Instruct/stage1_sweep_20260408_231134.json,
01_fvq_cvq,Qwen2.5-1.5B-Instruct,Qwen2.5,False,base,arbitrary_single,chat_template,10,30,FVQ,semantic,first,0.43,,0.32,0.53,,100,,15,0.5059,"{""correct"": 43, ""garbage"": 15, ""intermediate_intrusion"": 42}",C,,raw,v3/results_vllm/arbitrary_single/Qwen2.5-1.5B-Instruct/stage1_sweep_20260408_231134.json,
01_fvq_cvq,Qwen2.5-1.5B-Instruct,Qwen2.5,False,base,arbitrary_single,chat_template,10,50,CVQ,semantic,last,0.11,,0.05,0.17,,100,,10,0.1222,"{""correct"": 11, ""garbage"": 10, ""intermediate_intrusion"": 77, ""primacy_intrusion"": 2}",C,,raw,v3/results_vllm/arbitrary_single/Qwen2.5-1.5B-Instruct/stage1_sweep_20260408_231134.json,
01_fvq_cvq,Qwen2.5-1.5B-Instruct,Qwen2.5,False,base,arbitrary_single,chat_template,10,50,FVQ,semantic,first,0.5,,0.4098,0.6,,100,,16,0.5952,"{""correct"": 50, ""garbage"": 16, ""intermediate_intrusion"": 34}",C,,raw,v3/results_vllm/arbitrary_single/Qwen2.5-1.5B-Instruct/stage1_sweep_20260408_231134.json,
01_fvq_cvq,Qwen2.5-1.5B-Instruct,Qwen2.5,False,base,arbitrary_single,chat_template,10,75,CVQ,semantic,last,0.1,,0.05,0.16,,100,,12,0.1136,"{""correct"": 10, ""garbage"": 12, ""intermediate_intrusion"": 77, ""primacy_intrusion"": 1}",C,,raw,v3/results_vllm/arbitrary_single/Qwen2.5-1.5B-Instruct/stage1_sweep_20260408_231134.json,
01_fvq_cvq,Qwen2.5-1.5B-Instruct,Qwen2.5,False,base,arbitrary_single,chat_template,10,75,FVQ,semantic,first,0.42,,0.32,0.52,,100,,23,0.5455,"{""correct"": 42, ""garbage"": 23, ""intermediate_intrusion"": 35}",C,,raw,v3/results_vllm/arbitrary_single/Qwen2.5-1.5B-Instruct/stage1_sweep_20260408_231134.json,
01_fvq_cvq,Qwen2.5-1.5B-Instruct,Qwen2.5,False,base,arbitrary_single,chat_template,10,100,CVQ,semantic,last,0.14,,0.07,0.21,,100,,21,0.1772,"{""correct"": 14, ""garbage"": 21, ""intermediate_intrusion"": 63, ""primacy_intrusion"": 2}",B,,raw,v3/results_vllm/arbitrary_single/Qwen2.5-1.5B-Instruct/stage1_sweep_20260408_231134.json,
01_fvq_cvq,Qwen2.5-1.5B-Instruct,Qwen2.5,False,base,arbitrary_single,chat_template,10,100,FVQ,semantic,first,0.33,,0.24,0.42,,100,,21,0.4177,"{""correct"": 33, ""garbage"": 21, ""intermediate_intrusion"": 46}",B,,raw,v3/results_vllm/arbitrary_single/Qwen2.5-1.5B-Instruct/stage1_sweep_20260408_231134.json,
01_fvq_cvq,Qwen2.5-1.5B-Instruct,Qwen2.5,False,base,arbitrary_single,chat_template,15,5,CVQ,semantic,last,0.18,,0.11,0.26,,100,,0,0.18,"{""correct"": 18, ""intermediate_intrusion"": 58, ""primacy_intrusion"": 24}",C,,raw,v3/results_vllm/arbitrary_single/Qwen2.5-1.5B-Instruct/stage1_sweep_20260408_231134.json,
01_fvq_cvq,Qwen2.5-1.5B-Instruct,Qwen2.5,False,base,arbitrary_single,chat_template,15,5,FVQ,semantic,first,0.85,,0.77,0.92,,100,,2,0.8673,"{""correct"": 85, ""garbage"": 2, ""intermediate_intrusion"": 13}",C,,raw,v3/results_vllm/arbitrary_single/Qwen2.5-1.5B-Instruct/stage1_sweep_20260408_231134.json,
01_fvq_cvq,Qwen2.5-1.5B-Instruct,Qwen2.5,False,base,arbitrary_single,chat_template,15,7,CVQ,semantic,last,0.12,,0.06,0.19,,100,,2,0.1224,"{""correct"": 12, ""garbage"": 2, ""intermediate_intrusion"": 70, ""primacy_intrusion"": 16}",C,,raw,v3/results_vllm/arbitrary_single/Qwen2.5-1.5B-Instruct/stage1_sweep_20260408_231134.json,
01_fvq_cvq,Qwen2.5-1.5B-Instruct,Qwen2.5,False,base,arbitrary_single,chat_template,15,7,FVQ,semantic,first,0.74,,0.65,0.82,,100,,3,0.7629,"{""correct"": 74, ""garbage"": 3, ""intermediate_intrusion"": 23}",C,,raw,v3/results_vllm/arbitrary_single/Qwen2.5-1.5B-Instruct/stage1_sweep_20260408_231134.json,
01_fvq_cvq,Qwen2.5-1.5B-Instruct,Qwen2.5,False,base,arbitrary_single,chat_template,15,10,CVQ,semantic,last,0.23,,0.15,0.32,,100,,1,0.2323,"{""correct"": 23, ""garbage"": 1, ""intermediate_intrusion"": 66, ""primacy_intrusion"": 10}",C,,raw,v3/results_vllm/arbitrary_single/Qwen2.5-1.5B-Instruct/stage1_sweep_20260408_231134.json,
01_fvq_cvq,Qwen2.5-1.5B-Instruct,Qwen2.5,False,base,arbitrary_single,chat_template,15,10,FVQ,semantic,first,0.64,,0.55,0.73,,100,,5,0.6737,"{""correct"": 64, ""garbage"": 5, ""intermediate_intrusion"": 30, ""recency_intrusion"": 1}",C,,raw,v3/results_vllm/arbitrary_single/Qwen2.5-1.5B-Instruct/stage1_sweep_20260408_231134.json,
01_fvq_cvq,Qwen2.5-1.5B-Instruct,Qwen2.5,False,base,arbitrary_single,chat_template,15,15,CVQ,semantic,last,0.07,,0.02,0.12,,100,,3,0.0722,"{""correct"": 7, ""garbage"": 3, ""intermediate_intrusion"": 86, ""primacy_intrusion"": 4}",C,,raw,v3/results_vllm/arbitrary_single/Qwen2.5-1.5B-Instruct/stage1_sweep_20260408_231134.json,
01_fvq_cvq,Qwen2.5-1.5B-Instruct,Qwen2.5,False,base,arbitrary_single,chat_template,15,15,FVQ,semantic,first,0.55,,0.45,0.65,,100,,7,0.5914,"{""correct"": 55, ""garbage"": 7, ""intermediate_intrusion"": 38}",C,,raw,v3/results_vllm/arbitrary_single/Qwen2.5-1.5B-Instruct/stage1_sweep_20260408_231134.json,
01_fvq_cvq,Qwen2.5-1.5B-Instruct,Qwen2.5,False,base,arbitrary_single,chat_template,15,20,CVQ,semantic,last,0.12,,0.06,0.1802,,100,,6,0.1277,"{""correct"": 12, ""garbage"": 6, ""intermediate_intrusion"": 81, ""primacy_intrusion"": 1}",C,,raw,v3/results_vllm/arbitrary_single/Qwen2.5-1.5B-Instruct/stage1_sweep_20260408_231134.json,
01_fvq_cvq,Qwen2.5-1.5B-Instruct,Qwen2.5,False,base,arbitrary_single,chat_template,15,20,FVQ,semantic,first,0.5,,0.4,0.59,,100,,10,0.5556,"{""correct"": 50, ""garbage"": 10, ""intermediate_intrusion"": 38, ""recency_intrusion"": 2}",C,,raw,v3/results_vllm/arbitrary_single/Qwen2.5-1.5B-Instruct/stage1_sweep_20260408_231134.json,
01_fvq_cvq,Qwen2.5-1.5B-Instruct,Qwen2.5,False,base,arbitrary_single,chat_template,15,30,CVQ,semantic,last,0.1,,0.05,0.16,,100,,9,0.1099,"{""correct"": 10, ""garbage"": 9, ""intermediate_intrusion"": 77, ""primacy_intrusion"": 4}",C,,raw,v3/results_vllm/arbitrary_single/Qwen2.5-1.5B-Instruct/stage1_sweep_20260408_231134.json,
01_fvq_cvq,Qwen2.5-1.5B-Instruct,Qwen2.5,False,base,arbitrary_single,chat_template,15,30,FVQ,semantic,first,0.44,,0.34,0.53,,100,,15,0.5176,"{""correct"": 44, ""garbage"": 15, ""intermediate_intrusion"": 41}",C,,raw,v3/results_vllm/arbitrary_single/Qwen2.5-1.5B-Instruct/stage1_sweep_20260408_231134.json,
01_fvq_cvq,Qwen2.5-1.5B-Instruct,Qwen2.5,False,base,arbitrary_single,chat_template,15,50,CVQ,semantic,last,0.11,,0.05,0.17,,100,,15,0.1294,"{""correct"": 11, ""garbage"": 15, ""intermediate_intrusion"": 72, ""primacy_intrusion"": 2}",AB,,raw,v3/results_vllm/arbitrary_single/Qwen2.5-1.5B-Instruct/stage1_sweep_20260408_231134.json,
01_fvq_cvq,Qwen2.5-1.5B-Instruct,Qwen2.5,False,base,arbitrary_single,chat_template,15,50,FVQ,semantic,first,0.24,,0.15,0.32,,100,,26,0.3243,"{""correct"": 24, ""garbage"": 26, ""intermediate_intrusion"": 50}",AB,,raw,v3/results_vllm/arbitrary_single/Qwen2.5-1.5B-Instruct/stage1_sweep_20260408_231134.json,
01_fvq_cvq,Qwen2.5-1.5B-Instruct,Qwen2.5,False,base,arbitrary_single,chat_template,15,75,CVQ,semantic,last,0.12,,0.06,0.19,,100,,14,0.1395,"{""correct"": 12, ""garbage"": 14, ""intermediate_intrusion"": 74}",AB,,raw,v3/results_vllm/arbitrary_single/Qwen2.5-1.5B-Instruct/stage1_sweep_20260408_231134.json,
01_fvq_cvq,Qwen2.5-1.5B-Instruct,Qwen2.5,False,base,arbitrary_single,chat_template,15,75,FVQ,semantic,first,0.26,,0.18,0.35,,100,,29,0.3662,"{""correct"": 26, ""garbage"": 29, ""intermediate_intrusion"": 45}",AB,,raw,v3/results_vllm/arbitrary_single/Qwen2.5-1.5B-Instruct/stage1_sweep_20260408_231134.json,
01_fvq_cvq,Qwen2.5-1.5B-Instruct,Qwen2.5,False,base,arbitrary_single,chat_template,15,100,CVQ,semantic,last,0.06,,0.02,0.11,,100,,21,0.0759,"{""correct"": 6, ""garbage"": 21, ""intermediate_intrusion"": 72, ""primacy_intrusion"": 1}",AB,,raw,v3/results_vllm/arbitrary_single/Qwen2.5-1.5B-Instruct/stage1_sweep_20260408_231134.json,
01_fvq_cvq,Qwen2.5-1.5B-Instruct,Qwen2.5,False,base,arbitrary_single,chat_template,15,100,FVQ,semantic,first,0.16,,0.09,0.24,,100,,41,0.2712,"{""correct"": 16, ""garbage"": 41, ""intermediate_intrusion"": 43}",AB,,raw,v3/results_vllm/arbitrary_single/Qwen2.5-1.5B-Instruct/stage1_sweep_20260408_231134.json,
01_fvq_cvq,Qwen2.5-1.5B-Instruct,Qwen2.5,False,base,arbitrary_single,chat_template,20,5,CVQ,semantic,last,0.11,,0.05,0.17,,100,,1,0.1111,"{""correct"": 11, ""garbage"": 1, ""intermediate_intrusion"": 66, ""primacy_intrusion"": 22}",C,,raw,v3/results_vllm/arbitrary_single/Qwen2.5-1.5B-Instruct/stage1_sweep_20260408_231134.json,
01_fvq_cvq,Qwen2.5-1.5B-Instruct,Qwen2.5,False,base,arbitrary_single,chat_template,20,5,FVQ,semantic,first,0.75,,0.66,0.83,,100,,5,0.7895,"{""correct"": 75, ""garbage"": 5, ""intermediate_intrusion"": 20}",C,,raw,v3/results_vllm/arbitrary_single/Qwen2.5-1.5B-Instruct/stage1_sweep_20260408_231134.json,
01_fvq_cvq,Qwen2.5-1.5B-Instruct,Qwen2.5,False,base,arbitrary_single,chat_template,20,7,CVQ,semantic,last,0.13,,0.07,0.2,,100,,1,0.1313,"{""correct"": 13, ""garbage"": 1, ""intermediate_intrusion"": 66, ""primacy_intrusion"": 20}",C,,raw,v3/results_vllm/arbitrary_single/Qwen2.5-1.5B-Instruct/stage1_sweep_20260408_231134.json,
01_fvq_cvq,Qwen2.5-1.5B-Instruct,Qwen2.5,False,base,arbitrary_single,chat_template,20,7,FVQ,semantic,first,0.64,,0.54,0.73,,100,,5,0.6737,"{""correct"": 64, ""garbage"": 5, ""intermediate_intrusion"": 31}",C,,raw,v3/results_vllm/arbitrary_single/Qwen2.5-1.5B-Instruct/stage1_sweep_20260408_231134.json,
01_fvq_cvq,Qwen2.5-1.5B-Instruct,Qwen2.5,False,base,arbitrary_single,chat_template,20,10,CVQ,semantic,last,0.02,,0.0,0.05,,100,,4,0.0208,"{""correct"": 2, ""garbage"": 4, ""intermediate_intrusion"": 83, ""primacy_intrusion"": 11}",C,,raw,v3/results_vllm/arbitrary_single/Qwen2.5-1.5B-Instruct/stage1_sweep_20260408_231134.json,
01_fvq_cvq,Qwen2.5-1.5B-Instruct,Qwen2.5,False,base,arbitrary_single,chat_template,20,10,FVQ,semantic,first,0.52,,0.42,0.62,,100,,6,0.5532,"{""correct"": 52, ""garbage"": 6, ""intermediate_intrusion"": 42}",C,,raw,v3/results_vllm/arbitrary_single/Qwen2.5-1.5B-Instruct/stage1_sweep_20260408_231134.json,
01_fvq_cvq,Qwen2.5-1.5B-Instruct,Qwen2.5,False,base,arbitrary_single,chat_template,20,15,CVQ,semantic,last,0.14,,0.08,0.21,,100,,3,0.1443,"{""correct"": 14, ""garbage"": 3, ""intermediate_intrusion"": 80, ""primacy_intrusion"": 3}",B,,raw,v3/results_vllm/arbitrary_single/Qwen2.5-1.5B-Instruct/stage1_sweep_20260408_231134.json,
01_fvq_cvq,Qwen2.5-1.5B-Instruct,Qwen2.5,False,base,arbitrary_single,chat_template,20,15,FVQ,semantic,first,0.35,,0.25,0.44,,100,,8,0.3804,"{""correct"": 35, ""garbage"": 8, ""intermediate_intrusion"": 56, ""recency_intrusion"": 1}",B,,raw,v3/results_vllm/arbitrary_single/Qwen2.5-1.5B-Instruct/stage1_sweep_20260408_231134.json,
01_fvq_cvq,Qwen2.5-1.5B-Instruct,Qwen2.5,False,base,arbitrary_single,chat_template,20,20,CVQ,semantic,last,0.13,,0.07,0.19,,100,,5,0.1368,"{""correct"": 13, ""garbage"": 5, ""intermediate_intrusion"": 82}",B,,raw,v3/results_vllm/arbitrary_single/Qwen2.5-1.5B-Instruct/stage1_sweep_20260408_231134.json,
01_fvq_cvq,Qwen2.5-1.5B-Instruct,Qwen2.5,False,base,arbitrary_single,chat_template,20,20,FVQ,semantic,first,0.29,,0.2,0.38,,100,,7,0.3118,"{""correct"": 29, ""garbage"": 7, ""intermediate_intrusion"": 64}",B,,raw,v3/results_vllm/arbitrary_single/Qwen2.5-1.5B-Instruct/stage1_sweep_20260408_231134.json,
01_fvq_cvq,Qwen2.5-1.5B-Instruct,Qwen2.5,False,base,arbitrary_single,chat_template,20,30,CVQ,semantic,last,0.11,,0.06,0.18,,100,,5,0.1158,"{""correct"": 11, ""garbage"": 5, ""intermediate_intrusion"": 79, ""primacy_intrusion"": 5}",AB,,raw,v3/results_vllm/arbitrary_single/Qwen2.5-1.5B-Instruct/stage1_sweep_20260408_231134.json,
01_fvq_cvq,Qwen2.5-1.5B-Instruct,Qwen2.5,False,base,arbitrary_single,chat_template,20,30,FVQ,semantic,first,0.23,,0.15,0.32,,100,,15,0.2706,"{""correct"": 23, ""garbage"": 15, ""intermediate_intrusion"": 61, ""recency_intrusion"": 1}",AB,,raw,v3/results_vllm/arbitrary_single/Qwen2.5-1.5B-Instruct/stage1_sweep_20260408_231134.json,
01_fvq_cvq,Qwen2.5-1.5B-Instruct,Qwen2.5,False,base,arbitrary_single,chat_template,20,50,CVQ,semantic,last,0.08,,0.03,0.14,,100,,12,0.0909,"{""correct"": 8, ""garbage"": 12, ""intermediate_intrusion"": 80}",AB,,raw,v3/results_vllm/arbitrary_single/Qwen2.5-1.5B-Instruct/stage1_sweep_20260408_231134.json,
01_fvq_cvq,Qwen2.5-1.5B-Instruct,Qwen2.5,False,base,arbitrary_single,chat_template,20,50,FVQ,semantic,first,0.14,,0.07,0.21,,100,,23,0.1818,"{""correct"": 14, ""garbage"": 23, ""intermediate_intrusion"": 63}",AB,,raw,v3/results_vllm/arbitrary_single/Qwen2.5-1.5B-Instruct/stage1_sweep_20260408_231134.json,
01_fvq_cvq,Qwen2.5-1.5B-Instruct,Qwen2.5,False,base,arbitrary_single,chat_template,20,75,CVQ,semantic,last,0.1,,0.05,0.16,,100,,22,0.1282,"{""correct"": 10, ""garbage"": 22, ""intermediate_intrusion"": 67, ""primacy_intrusion"": 1}",D,,raw,v3/results_vllm/arbitrary_single/Qwen2.5-1.5B-Instruct/stage1_sweep_20260408_231134.json,
01_fvq_cvq,Qwen2.5-1.5B-Instruct,Qwen2.5,False,base,arbitrary_single,chat_template,20,75,FVQ,semantic,first,0.09,,0.04,0.15,,100,,35,0.1385,"{""correct"": 9, ""garbage"": 35, ""intermediate_intrusion"": 56}",D,,raw,v3/results_vllm/arbitrary_single/Qwen2.5-1.5B-Instruct/stage1_sweep_20260408_231134.json,
01_fvq_cvq,Qwen2.5-1.5B-Instruct,Qwen2.5,False,base,arbitrary_single,chat_template,20,100,CVQ,semantic,last,0.11,,0.05,0.18,,100,,25,0.1467,"{""correct"": 11, ""garbage"": 25, ""intermediate_intrusion"": 63, ""primacy_intrusion"": 1}",A,,raw,v3/results_vllm/arbitrary_single/Qwen2.5-1.5B-Instruct/stage1_sweep_20260408_231134.json,
01_fvq_cvq,Qwen2.5-1.5B-Instruct,Qwen2.5,False,base,arbitrary_single,chat_template,20,100,FVQ,semantic,first,0.12,,0.06,0.18,,100,,38,0.1935,"{""correct"": 12, ""garbage"": 38, ""intermediate_intrusion"": 49, ""recency_intrusion"": 1}",A,,raw,v3/results_vllm/arbitrary_single/Qwen2.5-1.5B-Instruct/stage1_sweep_20260408_231134.json,
01_fvq_cvq,Qwen2.5-1.5B-Instruct,Qwen2.5,False,base,arbitrary_single,chat_template,25,5,CVQ,semantic,last,0.09,,0.04,0.15,,100,,0,0.09,"{""correct"": 9, ""intermediate_intrusion"": 59, ""primacy_intrusion"": 32}",C,,raw,v3/results_vllm/arbitrary_single/Qwen2.5-1.5B-Instruct/stage1_sweep_20260408_231134.json,
01_fvq_cvq,Qwen2.5-1.5B-Instruct,Qwen2.5,False,base,arbitrary_single,chat_template,25,5,FVQ,semantic,first,0.72,,0.63,0.8,,100,,0,0.72,"{""correct"": 72, ""intermediate_intrusion"": 27, ""recency_intrusion"": 1}",C,,raw,v3/results_vllm/arbitrary_single/Qwen2.5-1.5B-Instruct/stage1_sweep_20260408_231134.json,
01_fvq_cvq,Qwen2.5-1.5B-Instruct,Qwen2.5,False,base,arbitrary_single,chat_template,25,7,CVQ,semantic,last,0.07,,0.03,0.12,,100,,3,0.0722,"{""correct"": 7, ""garbage"": 3, ""intermediate_intrusion"": 68, ""primacy_intrusion"": 22}",C,,raw,v3/results_vllm/arbitrary_single/Qwen2.5-1.5B-Instruct/stage1_sweep_20260408_231134.json,
01_fvq_cvq,Qwen2.5-1.5B-Instruct,Qwen2.5,False,base,arbitrary_single,chat_template,25,7,FVQ,semantic,first,0.49,,0.39,0.59,,100,,3,0.5052,"{""correct"": 49, ""garbage"": 3, ""intermediate_intrusion"": 44, ""recency_intrusion"": 4}",C,,raw,v3/results_vllm/arbitrary_single/Qwen2.5-1.5B-Instruct/stage1_sweep_20260408_231134.json,
01_fvq_cvq,Qwen2.5-1.5B-Instruct,Qwen2.5,False,base,arbitrary_single,chat_template,25,10,CVQ,semantic,last,0.09,,0.04,0.15,,100,,2,0.0918,"{""correct"": 9, ""garbage"": 2, ""intermediate_intrusion"": 81, ""primacy_intrusion"": 8}",C,,raw,v3/results_vllm/arbitrary_single/Qwen2.5-1.5B-Instruct/stage1_sweep_20260408_231134.json,
01_fvq_cvq,Qwen2.5-1.5B-Instruct,Qwen2.5,False,base,arbitrary_single,chat_template,25,10,FVQ,semantic,first,0.51,,0.42,0.61,,100,,5,0.5368,"{""correct"": 51, ""garbage"": 5, ""intermediate_intrusion"": 40, ""recency_intrusion"": 4}",C,,raw,v3/results_vllm/arbitrary_single/Qwen2.5-1.5B-Instruct/stage1_sweep_20260408_231134.json,
01_fvq_cvq,Qwen2.5-1.5B-Instruct,Qwen2.5,False,base,arbitrary_single,chat_template,25,15,CVQ,semantic,last,0.09,,0.04,0.15,,100,,3,0.0928,"{""correct"": 9, ""garbage"": 3, ""intermediate_intrusion"": 81, ""primacy_intrusion"": 7}",C,,raw,v3/results_vllm/arbitrary_single/Qwen2.5-1.5B-Instruct/stage1_sweep_20260408_231134.json,
01_fvq_cvq,Qwen2.5-1.5B-Instruct,Qwen2.5,False,base,arbitrary_single,chat_template,25,15,FVQ,semantic,first,0.35,,0.26,0.44,,100,,10,0.3889,"{""correct"": 35, ""garbage"": 10, ""intermediate_intrusion"": 53, ""recency_intrusion"": 2}",C,,raw,v3/results_vllm/arbitrary_single/Qwen2.5-1.5B-Instruct/stage1_sweep_20260408_231134.json,
01_fvq_cvq,Qwen2.5-1.5B-Instruct,Qwen2.5,False,base,arbitrary_single,chat_template,25,20,CVQ,semantic,last,0.1,,0.05,0.16,,100,,5,0.1053,"{""correct"": 10, ""garbage"": 5, ""intermediate_intrusion"": 81, ""primacy_intrusion"": 4}",B,,raw,v3/results_vllm/arbitrary_single/Qwen2.5-1.5B-Instruct/stage1_sweep_20260408_231134.json,
01_fvq_cvq,Qwen2.5-1.5B-Instruct,Qwen2.5,False,base,arbitrary_single,chat_template,25,20,FVQ,semantic,first,0.26,,0.18,0.35,,100,,11,0.2921,"{""correct"": 26, ""garbage"": 11, ""intermediate_intrusion"": 63}",B,,raw,v3/results_vllm/arbitrary_single/Qwen2.5-1.5B-Instruct/stage1_sweep_20260408_231134.json,
01_fvq_cvq,Qwen2.5-1.5B-Instruct,Qwen2.5,False,base,arbitrary_single,chat_template,25,30,CVQ,semantic,last,0.05,,0.01,0.1,,100,,4,0.0521,"{""correct"": 5, ""garbage"": 4, ""intermediate_intrusion"": 90, ""primacy_intrusion"": 1}",AB,,raw,v3/results_vllm/arbitrary_single/Qwen2.5-1.5B-Instruct/stage1_sweep_20260408_231134.json,
01_fvq_cvq,Qwen2.5-1.5B-Instruct,Qwen2.5,False,base,arbitrary_single,chat_template,25,30,FVQ,semantic,first,0.13,,0.07,0.2,,100,,21,0.1646,"{""correct"": 13, ""garbage"": 21, ""intermediate_intrusion"": 66}",AB,,raw,v3/results_vllm/arbitrary_single/Qwen2.5-1.5B-Instruct/stage1_sweep_20260408_231134.json,
01_fvq_cvq,Qwen2.5-1.5B-Instruct,Qwen2.5,False,base,arbitrary_single,chat_template,25,50,CVQ,semantic,last,0.07,,0.03,0.12,,100,,15,0.0824,"{""correct"": 7, ""garbage"": 15, ""intermediate_intrusion"": 78}",AB,,raw,v3/results_vllm/arbitrary_single/Qwen2.5-1.5B-Instruct/stage1_sweep_20260408_231134.json,
01_fvq_cvq,Qwen2.5-1.5B-Instruct,Qwen2.5,False,base,arbitrary_single,chat_template,25,50,FVQ,semantic,first,0.15,,0.08,0.22,,100,,17,0.1807,"{""correct"": 15, ""garbage"": 17, ""intermediate_intrusion"": 67, ""recency_intrusion"": 1}",AB,,raw,v3/results_vllm/arbitrary_single/Qwen2.5-1.5B-Instruct/stage1_sweep_20260408_231134.json,
01_fvq_cvq,Qwen2.5-1.5B-Instruct,Qwen2.5,False,base,arbitrary_single,chat_template,25,75,CVQ,semantic,last,0.08,,0.03,0.14,,100,,30,0.1143,"{""correct"": 8, ""garbage"": 30, ""intermediate_intrusion"": 62}",A,,raw,v3/results_vllm/arbitrary_single/Qwen2.5-1.5B-Instruct/stage1_sweep_20260408_231134.json,
01_fvq_cvq,Qwen2.5-1.5B-Instruct,Qwen2.5,False,base,arbitrary_single,chat_template,25,75,FVQ,semantic,first,0.1,,0.04,0.16,,100,,33,0.1493,"{""correct"": 10, ""garbage"": 33, ""intermediate_intrusion"": 56, ""recency_intrusion"": 1}",A,,raw,v3/results_vllm/arbitrary_single/Qwen2.5-1.5B-Instruct/stage1_sweep_20260408_231134.json,
01_fvq_cvq,Qwen2.5-1.5B-Instruct,Qwen2.5,False,base,arbitrary_single,chat_template,30,5,CVQ,semantic,last,0.1,,0.05,0.16,,100,,4,0.1042,"{""correct"": 10, ""garbage"": 4, ""intermediate_intrusion"": 68, ""primacy_intrusion"": 18}",C,,raw,v3/results_vllm/arbitrary_single/Qwen2.5-1.5B-Instruct/stage1_sweep_20260408_231134.json,
01_fvq_cvq,Qwen2.5-1.5B-Instruct,Qwen2.5,False,base,arbitrary_single,chat_template,30,5,FVQ,semantic,first,0.64,,0.55,0.73,,100,,2,0.6531,"{""correct"": 64, ""garbage"": 2, ""intermediate_intrusion"": 31, ""recency_intrusion"": 3}",C,,raw,v3/results_vllm/arbitrary_single/Qwen2.5-1.5B-Instruct/stage1_sweep_20260408_231134.json,
01_fvq_cvq,Qwen2.5-1.5B-Instruct,Qwen2.5,False,base,arbitrary_single,chat_template,30,7,CVQ,semantic,last,0.14,,0.08,0.21,,100,,2,0.1429,"{""correct"": 14, ""garbage"": 2, ""intermediate_intrusion"": 71, ""primacy_intrusion"": 13}",C,,raw,v3/results_vllm/arbitrary_single/Qwen2.5-1.5B-Instruct/stage1_sweep_20260408_231134.json,
01_fvq_cvq,Qwen2.5-1.5B-Instruct,Qwen2.5,False,base,arbitrary_single,chat_template,30,7,FVQ,semantic,first,0.46,,0.36,0.56,,100,,3,0.4742,"{""correct"": 46, ""garbage"": 3, ""intermediate_intrusion"": 49, ""recency_intrusion"": 2}",C,,raw,v3/results_vllm/arbitrary_single/Qwen2.5-1.5B-Instruct/stage1_sweep_20260408_231134.json,
01_fvq_cvq,Qwen2.5-1.5B-Instruct,Qwen2.5,False,base,arbitrary_single,chat_template,30,10,CVQ,semantic,last,0.14,,0.08,0.21,,100,,2,0.1429,"{""correct"": 14, ""garbage"": 2, ""intermediate_intrusion"": 73, ""primacy_intrusion"": 11}",B,,raw,v3/results_vllm/arbitrary_single/Qwen2.5-1.5B-Instruct/stage1_sweep_20260408_231134.json,
01_fvq_cvq,Qwen2.5-1.5B-Instruct,Qwen2.5,False,base,arbitrary_single,chat_template,30,10,FVQ,semantic,first,0.33,,0.24,0.42,,100,,5,0.3474,"{""correct"": 33, ""garbage"": 5, ""intermediate_intrusion"": 60, ""recency_intrusion"": 2}",B,,raw,v3/results_vllm/arbitrary_single/Qwen2.5-1.5B-Instruct/stage1_sweep_20260408_231134.json,
01_fvq_cvq,Qwen2.5-1.5B-Instruct,Qwen2.5,False,base,arbitrary_single,chat_template,30,15,CVQ,semantic,last,0.12,,0.06,0.19,,100,,2,0.1224,"{""correct"": 12, ""garbage"": 2, ""intermediate_intrusion"": 80, ""primacy_intrusion"": 6}",C,,raw,v3/results_vllm/arbitrary_single/Qwen2.5-1.5B-Instruct/stage1_sweep_20260408_231134.json,
01_fvq_cvq,Qwen2.5-1.5B-Instruct,Qwen2.5,False,base,arbitrary_single,chat_template,30,15,FVQ,semantic,first,0.37,,0.28,0.46,,100,,8,0.4022,"{""correct"": 37, ""garbage"": 8, ""intermediate_intrusion"": 54, ""recency_intrusion"": 1}",C,,raw,v3/results_vllm/arbitrary_single/Qwen2.5-1.5B-Instruct/stage1_sweep_20260408_231134.json,
01_fvq_cvq,Qwen2.5-1.5B-Instruct,Qwen2.5,False,base,arbitrary_single,chat_template,30,20,CVQ,semantic,last,0.12,,0.06,0.18,,100,,10,0.1333,"{""correct"": 12, ""garbage"": 10, ""intermediate_intrusion"": 73, ""primacy_intrusion"": 5}",AB,,raw,v3/results_vllm/arbitrary_single/Qwen2.5-1.5B-Instruct/stage1_sweep_20260408_231134.json,
01_fvq_cvq,Qwen2.5-1.5B-Instruct,Qwen2.5,False,base,arbitrary_single,chat_template,30,20,FVQ,semantic,first,0.21,,0.13,0.29,,100,,9,0.2308,"{""correct"": 21, ""garbage"": 9, ""intermediate_intrusion"": 69, ""recency_intrusion"": 1}",AB,,raw,v3/results_vllm/arbitrary_single/Qwen2.5-1.5B-Instruct/stage1_sweep_20260408_231134.json,
01_fvq_cvq,Qwen2.5-1.5B-Instruct,Qwen2.5,False,base,arbitrary_single,chat_template,30,30,CVQ,semantic,last,0.13,,0.07,0.2,,100,,8,0.1413,"{""correct"": 13, ""garbage"": 8, ""intermediate_intrusion"": 78, ""primacy_intrusion"": 1}",AB,,raw,v3/results_vllm/arbitrary_single/Qwen2.5-1.5B-Instruct/stage1_sweep_20260408_231134.json,
01_fvq_cvq,Qwen2.5-1.5B-Instruct,Qwen2.5,False,base,arbitrary_single,chat_template,30,30,FVQ,semantic,first,0.19,,0.11,0.27,,100,,13,0.2184,"{""correct"": 19, ""garbage"": 13, ""intermediate_intrusion"": 67, ""recency_intrusion"": 1}",AB,,raw,v3/results_vllm/arbitrary_single/Qwen2.5-1.5B-Instruct/stage1_sweep_20260408_231134.json,
01_fvq_cvq,Qwen2.5-1.5B-Instruct,Qwen2.5,False,base,arbitrary_single,chat_template,30,50,CVQ,semantic,last,0.09,,0.04,0.15,,100,,10,0.1,"{""correct"": 9, ""garbage"": 10, ""intermediate_intrusion"": 81}",A,,raw,v3/results_vllm/arbitrary_single/Qwen2.5-1.5B-Instruct/stage1_sweep_20260408_231134.json,
01_fvq_cvq,Qwen2.5-1.5B-Instruct,Qwen2.5,False,base,arbitrary_single,chat_template,30,50,FVQ,semantic,first,0.11,,0.05,0.17,,100,,24,0.1447,"{""correct"": 11, ""garbage"": 24, ""intermediate_intrusion"": 64, ""recency_intrusion"": 1}",A,,raw,v3/results_vllm/arbitrary_single/Qwen2.5-1.5B-Instruct/stage1_sweep_20260408_231134.json,
01_fvq_cvq,Qwen2.5-1.5B-Instruct,Qwen2.5,False,base,arbitrary_single,chat_template,30,75,CVQ,semantic,last,0.09,,0.04,0.15,,100,,20,0.1125,"{""correct"": 9, ""garbage"": 20, ""intermediate_intrusion"": 71}",D,,raw,v3/results_vllm/arbitrary_single/Qwen2.5-1.5B-Instruct/stage1_sweep_20260408_231134.json,
01_fvq_cvq,Qwen2.5-1.5B-Instruct,Qwen2.5,False,base,arbitrary_single,chat_template,30,75,FVQ,semantic,first,0.08,,0.03,0.13,,100,,32,0.1176,"{""correct"": 8, ""garbage"": 32, ""intermediate_intrusion"": 59, ""recency_intrusion"": 1}",D,,raw,v3/results_vllm/arbitrary_single/Qwen2.5-1.5B-Instruct/stage1_sweep_20260408_231134.json,
01_fvq_cvq,Qwen2.5-1.5B-Instruct,Qwen2.5,False,base,semantic_multi,,2,10,FVQ-CVQ,semantic,,,0.56,,,0.1,,,,,,,,derived,paper/figures/tab_full_sem.tex,gap only — per-condition accuracies not preserved in the .tex; raw sweep not local
01_fvq_cvq,Qwen2.5-1.5B-Instruct,Qwen2.5,False,base,semantic_multi,,5,30,FVQ-CVQ,semantic,,,0.43,,,0.12,,,,,,,,derived,paper/figures/tab_full_sem.tex,gap only — per-condition accuracies not preserved in the .tex; raw sweep not local
01_fvq_cvq,Qwen2.5-1.5B-Instruct,Qwen2.5,False,base,semantic_multi,,10,50,FVQ-CVQ,semantic,,,-0.11,,,0.13,,,,,,,,derived,paper/figures/tab_full_sem.tex,gap only — per-condition accuracies not preserved in the .tex; raw sweep not local
01_fvq_cvq,Qwen2.5-1.5B-Instruct,Qwen2.5,False,base,semantic_multi,,20,50,FVQ-CVQ,semantic,,,0.04,,,0.1,,,,,,,,derived,paper/figures/tab_full_sem.tex,gap only — per-condition accuracies not preserved in the .tex; raw sweep not local
01_fvq_cvq,Qwen2.5-3B,Qwen2.5,False,base,arbitrary_single,completion_few_shot,2,5,CVQ,semantic,last,0.94,,0.89,0.98,,100,,1,0.9495,"{""correct"": 94, ""garbage"": 1, ""intermediate_intrusion"": 5}",AB,,raw,v3/results_vllm/arbitrary_single/Qwen2.5-3B/stage1_sweep_20260409_010049.json,
01_fvq_cvq,Qwen2.5-3B,Qwen2.5,False,base,arbitrary_single,completion_few_shot,2,5,FVQ,semantic,first,1.0,,1.0,1.0,,100,,0,1.0,"{""correct"": 100}",AB,,raw,v3/results_vllm/arbitrary_single/Qwen2.5-3B/stage1_sweep_20260409_010049.json,
01_fvq_cvq,Qwen2.5-3B,Qwen2.5,False,base,arbitrary_single,completion_few_shot,2,7,CVQ,semantic,last,0.76,,0.68,0.84,,100,,1,0.7677,"{""correct"": 76, ""garbage"": 1, ""intermediate_intrusion"": 23}",B,,raw,v3/results_vllm/arbitrary_single/Qwen2.5-3B/stage1_sweep_20260409_010049.json,
01_fvq_cvq,Qwen2.5-3B,Qwen2.5,False,base,arbitrary_single,completion_few_shot,2,7,FVQ,semantic,first,1.0,,1.0,1.0,,100,,0,1.0,"{""correct"": 100}",B,,raw,v3/results_vllm/arbitrary_single/Qwen2.5-3B/stage1_sweep_20260409_010049.json,
01_fvq_cvq,Qwen2.5-3B,Qwen2.5,False,base,arbitrary_single,completion_few_shot,2,10,CVQ,semantic,last,0.67,,0.57,0.76,,100,,2,0.6837,"{""correct"": 67, ""garbage"": 2, ""intermediate_intrusion"": 31}",C,,raw,v3/results_vllm/arbitrary_single/Qwen2.5-3B/stage1_sweep_20260409_010049.json,
01_fvq_cvq,Qwen2.5-3B,Qwen2.5,False,base,arbitrary_single,completion_few_shot,2,10,FVQ,semantic,first,1.0,,1.0,1.0,,100,,0,1.0,"{""correct"": 100}",C,,raw,v3/results_vllm/arbitrary_single/Qwen2.5-3B/stage1_sweep_20260409_010049.json,
01_fvq_cvq,Qwen2.5-3B,Qwen2.5,False,base,arbitrary_single,completion_few_shot,2,15,CVQ,semantic,last,0.61,,0.51,0.7,,100,,5,0.6421,"{""correct"": 61, ""garbage"": 5, ""intermediate_intrusion"": 34}",C,,raw,v3/results_vllm/arbitrary_single/Qwen2.5-3B/stage1_sweep_20260409_010049.json,
01_fvq_cvq,Qwen2.5-3B,Qwen2.5,False,base,arbitrary_single,completion_few_shot,2,15,FVQ,semantic,first,0.99,,0.97,1.0,,100,,0,0.99,"{""correct"": 99, ""intermediate_intrusion"": 1}",C,,raw,v3/results_vllm/arbitrary_single/Qwen2.5-3B/stage1_sweep_20260409_010049.json,
01_fvq_cvq,Qwen2.5-3B,Qwen2.5,False,base,arbitrary_single,completion_few_shot,2,20,CVQ,semantic,last,0.46,,0.36,0.56,,100,,10,0.5111,"{""correct"": 46, ""garbage"": 10, ""intermediate_intrusion"": 44}",C,,raw,v3/results_vllm/arbitrary_single/Qwen2.5-3B/stage1_sweep_20260409_010049.json,
01_fvq_cvq,Qwen2.5-3B,Qwen2.5,False,base,arbitrary_single,completion_few_shot,2,20,FVQ,semantic,first,1.0,,1.0,1.0,,100,,0,1.0,"{""correct"": 100}",C,,raw,v3/results_vllm/arbitrary_single/Qwen2.5-3B/stage1_sweep_20260409_010049.json,
01_fvq_cvq,Qwen2.5-3B,Qwen2.5,False,base,arbitrary_single,completion_few_shot,2,30,CVQ,semantic,last,0.51,,0.41,0.61,,100,,11,0.573,"{""correct"": 51, ""garbage"": 11, ""intermediate_intrusion"": 38}",C,,raw,v3/results_vllm/arbitrary_single/Qwen2.5-3B/stage1_sweep_20260409_010049.json,
01_fvq_cvq,Qwen2.5-3B,Qwen2.5,False,base,arbitrary_single,completion_few_shot,2,30,FVQ,semantic,first,1.0,,1.0,1.0,,100,,0,1.0,"{""correct"": 100}",C,,raw,v3/results_vllm/arbitrary_single/Qwen2.5-3B/stage1_sweep_20260409_010049.json,
01_fvq_cvq,Qwen2.5-3B,Qwen2.5,False,base,arbitrary_single,completion_few_shot,2,50,CVQ,semantic,last,0.38,,0.28,0.47,,100,,19,0.4691,"{""correct"": 38, ""garbage"": 19, ""intermediate_intrusion"": 43}",C,,raw,v3/results_vllm/arbitrary_single/Qwen2.5-3B/stage1_sweep_20260409_010049.json,
01_fvq_cvq,Qwen2.5-3B,Qwen2.5,False,base,arbitrary_single,completion_few_shot,2,50,FVQ,semantic,first,0.95,,0.91,0.99,,100,,4,0.9896,"{""correct"": 95, ""garbage"": 4, ""intermediate_intrusion"": 1}",C,,raw,v3/results_vllm/arbitrary_single/Qwen2.5-3B/stage1_sweep_20260409_010049.json,
01_fvq_cvq,Qwen2.5-3B,Qwen2.5,False,base,arbitrary_single,completion_few_shot,2,75,CVQ,semantic,last,0.27,,0.18,0.36,,100,,23,0.3506,"{""correct"": 27, ""garbage"": 23, ""intermediate_intrusion"": 50}",C,,raw,v3/results_vllm/arbitrary_single/Qwen2.5-3B/stage1_sweep_20260409_010049.json,
01_fvq_cvq,Qwen2.5-3B,Qwen2.5,False,base,arbitrary_single,completion_few_shot,2,75,FVQ,semantic,first,1.0,,1.0,1.0,,100,,0,1.0,"{""correct"": 100}",C,,raw,v3/results_vllm/arbitrary_single/Qwen2.5-3B/stage1_sweep_20260409_010049.json,
01_fvq_cvq,Qwen2.5-3B,Qwen2.5,False,base,arbitrary_single,completion_few_shot,2,100,CVQ,semantic,last,0.23,,0.15,0.31,,100,,30,0.3286,"{""correct"": 23, ""garbage"": 30, ""intermediate_intrusion"": 47}",C,,raw,v3/results_vllm/arbitrary_single/Qwen2.5-3B/stage1_sweep_20260409_010049.json,
01_fvq_cvq,Qwen2.5-3B,Qwen2.5,False,base,arbitrary_single,completion_few_shot,2,100,FVQ,semantic,first,0.94,,0.89,0.98,,100,,6,1.0,"{""correct"": 94, ""garbage"": 6}",C,,raw,v3/results_vllm/arbitrary_single/Qwen2.5-3B/stage1_sweep_20260409_010049.json,
01_fvq_cvq,Qwen2.5-3B,Qwen2.5,False,base,arbitrary_single,completion_few_shot,3,5,CVQ,semantic,last,0.87,,0.8,0.93,,100,,3,0.8969,"{""correct"": 87, ""garbage"": 3, ""intermediate_intrusion"": 10}",AB,,raw,v3/results_vllm/arbitrary_single/Qwen2.5-3B/stage1_sweep_20260409_010049.json,
01_fvq_cvq,Qwen2.5-3B,Qwen2.5,False,base,arbitrary_single,completion_few_shot,3,5,FVQ,semantic,first,0.96,,0.92,0.99,,100,,1,0.9697,"{""correct"": 96, ""garbage"": 1, ""intermediate_intrusion"": 2, ""recency_intrusion"": 1}",AB,,raw,v3/results_vllm/arbitrary_single/Qwen2.5-3B/stage1_sweep_20260409_010049.json,
01_fvq_cvq,Qwen2.5-3B,Qwen2.5,False,base,arbitrary_single,completion_few_shot,3,7,CVQ,semantic,last,0.7,,0.6,0.79,,100,,7,0.7527,"{""correct"": 70, ""garbage"": 7, ""intermediate_intrusion"": 23}",C,,raw,v3/results_vllm/arbitrary_single/Qwen2.5-3B/stage1_sweep_20260409_010049.json,
01_fvq_cvq,Qwen2.5-3B,Qwen2.5,False,base,arbitrary_single,completion_few_shot,3,7,FVQ,semantic,first,0.96,,0.92,0.99,,100,,1,0.9697,"{""correct"": 96, ""garbage"": 1, ""intermediate_intrusion"": 2, ""recency_intrusion"": 1}",C,,raw,v3/results_vllm/arbitrary_single/Qwen2.5-3B/stage1_sweep_20260409_010049.json,
01_fvq_cvq,Qwen2.5-3B,Qwen2.5,False,base,arbitrary_single,completion_few_shot,3,10,CVQ,semantic,last,0.63,,0.53,0.72,,100,,9,0.6923,"{""correct"": 63, ""garbage"": 9, ""intermediate_intrusion"": 28}",C,,raw,v3/results_vllm/arbitrary_single/Qwen2.5-3B/stage1_sweep_20260409_010049.json,
01_fvq_cvq,Qwen2.5-3B,Qwen2.5,False,base,arbitrary_single,completion_few_shot,3,10,FVQ,semantic,first,0.92,,0.86,0.97,,100,,5,0.9684,"{""correct"": 92, ""garbage"": 5, ""intermediate_intrusion"": 3}",C,,raw,v3/results_vllm/arbitrary_single/Qwen2.5-3B/stage1_sweep_20260409_010049.json,
01_fvq_cvq,Qwen2.5-3B,Qwen2.5,False,base,arbitrary_single,completion_few_shot,3,15,CVQ,semantic,last,0.63,,0.5398,0.73,,100,,5,0.6632,"{""correct"": 63, ""garbage"": 5, ""intermediate_intrusion"": 32}",C,,raw,v3/results_vllm/arbitrary_single/Qwen2.5-3B/stage1_sweep_20260409_010049.json,
01_fvq_cvq,Qwen2.5-3B,Qwen2.5,False,base,arbitrary_single,completion_few_shot,3,15,FVQ,semantic,first,0.93,,0.8798,0.97,,100,,6,0.9894,"{""correct"": 93, ""garbage"": 6, ""intermediate_intrusion"": 1}",C,,raw,v3/results_vllm/arbitrary_single/Qwen2.5-3B/stage1_sweep_20260409_010049.json,
01_fvq_cvq,Qwen2.5-3B,Qwen2.5,False,base,arbitrary_single,completion_few_shot,3,20,CVQ,semantic,last,0.64,,0.55,0.73,,100,,3,0.6598,"{""correct"": 64, ""garbage"": 3, ""intermediate_intrusion"": 33}",B,,raw,v3/results_vllm/arbitrary_single/Qwen2.5-3B/stage1_sweep_20260409_010049.json,
01_fvq_cvq,Qwen2.5-3B,Qwen2.5,False,base,arbitrary_single,completion_few_shot,3,20,FVQ,semantic,first,0.86,,0.79,0.92,,100,,6,0.9149,"{""correct"": 86, ""garbage"": 6, ""intermediate_intrusion"": 8}",B,,raw,v3/results_vllm/arbitrary_single/Qwen2.5-3B/stage1_sweep_20260409_010049.json,
01_fvq_cvq,Qwen2.5-3B,Qwen2.5,False,base,arbitrary_single,completion_few_shot,3,30,CVQ,semantic,last,0.55,,0.45,0.65,,100,,8,0.5978,"{""correct"": 55, ""garbage"": 8, ""intermediate_intrusion"": 37}",B,,raw,v3/results_vllm/arbitrary_single/Qwen2.5-3B/stage1_sweep_20260409_010049.json,
01_fvq_cvq,Qwen2.5-3B,Qwen2.5,False,base,arbitrary_single,completion_few_shot,3,30,FVQ,semantic,first,0.75,,0.66,0.83,,100,,13,0.8621,"{""correct"": 75, ""garbage"": 13, ""intermediate_intrusion"": 12}",B,,raw,v3/results_vllm/arbitrary_single/Qwen2.5-3B/stage1_sweep_20260409_010049.json,
01_fvq_cvq,Qwen2.5-3B,Qwen2.5,False,base,arbitrary_single,completion_few_shot,3,50,CVQ,semantic,last,0.56,,0.47,0.66,,100,,12,0.6364,"{""correct"": 56, ""garbage"": 12, ""intermediate_intrusion"": 31, ""primacy_intrusion"": 1}",B,,raw,v3/results_vllm/arbitrary_single/Qwen2.5-3B/stage1_sweep_20260409_010049.json,
01_fvq_cvq,Qwen2.5-3B,Qwen2.5,False,base,arbitrary_single,completion_few_shot,3,50,FVQ,semantic,first,0.74,,0.65,0.83,,100,,20,0.925,"{""correct"": 74, ""garbage"": 20, ""intermediate_intrusion"": 6}",B,,raw,v3/results_vllm/arbitrary_single/Qwen2.5-3B/stage1_sweep_20260409_010049.json,
01_fvq_cvq,Qwen2.5-3B,Qwen2.5,False,base,arbitrary_single,completion_few_shot,3,75,CVQ,semantic,last,0.42,,0.33,0.51,,100,,12,0.4773,"{""correct"": 42, ""garbage"": 12, ""intermediate_intrusion"": 46}",B,,raw,v3/results_vllm/arbitrary_single/Qwen2.5-3B/stage1_sweep_20260409_010049.json,
01_fvq_cvq,Qwen2.5-3B,Qwen2.5,False,base,arbitrary_single,completion_few_shot,3,75,FVQ,semantic,first,0.6,,0.5,0.7,,100,,26,0.8108,"{""correct"": 60, ""garbage"": 26, ""intermediate_intrusion"": 13, ""recency_intrusion"": 1}",B,,raw,v3/results_vllm/arbitrary_single/Qwen2.5-3B/stage1_sweep_20260409_010049.json,
01_fvq_cvq,Qwen2.5-3B,Qwen2.5,False,base,arbitrary_single,completion_few_shot,3,100,CVQ,semantic,last,0.42,,0.32,0.52,,100,,20,0.525,"{""correct"": 42, ""garbage"": 20, ""intermediate_intrusion"": 38}",AB,,raw,v3/results_vllm/arbitrary_single/Qwen2.5-3B/stage1_sweep_20260409_010049.json,
01_fvq_cvq,Qwen2.5-3B,Qwen2.5,False,base,arbitrary_single,completion_few_shot,3,100,FVQ,semantic,first,0.56,,0.46,0.66,,100,,24,0.7368,"{""correct"": 56, ""garbage"": 24, ""intermediate_intrusion"": 19, ""recency_intrusion"": 1}",AB,,raw,v3/results_vllm/arbitrary_single/Qwen2.5-3B/stage1_sweep_20260409_010049.json,
01_fvq_cvq,Qwen2.5-3B,Qwen2.5,False,base,arbitrary_single,completion_few_shot,5,5,CVQ,semantic,last,0.75,,0.66,0.83,,100,,8,0.8152,"{""correct"": 75, ""garbage"": 8, ""intermediate_intrusion"": 16, ""primacy_intrusion"": 1}",AB,,raw,v3/results_vllm/arbitrary_single/Qwen2.5-3B/stage1_sweep_20260409_010049.json,
01_fvq_cvq,Qwen2.5-3B,Qwen2.5,False,base,arbitrary_single,completion_few_shot,5,5,FVQ,semantic,first,0.88,,0.81,0.94,,100,,5,0.9263,"{""correct"": 88, ""garbage"": 5, ""intermediate_intrusion"": 6, ""recency_intrusion"": 1}",AB,,raw,v3/results_vllm/arbitrary_single/Qwen2.5-3B/stage1_sweep_20260409_010049.json,
01_fvq_cvq,Qwen2.5-3B,Qwen2.5,False,base,arbitrary_single,completion_few_shot,5,7,CVQ,semantic,last,0.73,,0.65,0.81,,100,,2,0.7449,"{""correct"": 73, ""garbage"": 2, ""intermediate_intrusion"": 25}",AB,,raw,v3/results_vllm/arbitrary_single/Qwen2.5-3B/stage1_sweep_20260409_010049.json,
01_fvq_cvq,Qwen2.5-3B,Qwen2.5,False,base,arbitrary_single,completion_few_shot,5,7,FVQ,semantic,first,0.78,,0.7,0.86,,100,,9,0.8571,"{""correct"": 78, ""garbage"": 9, ""intermediate_intrusion"": 12, ""recency_intrusion"": 1}",AB,,raw,v3/results_vllm/arbitrary_single/Qwen2.5-3B/stage1_sweep_20260409_010049.json,
01_fvq_cvq,Qwen2.5-3B,Qwen2.5,False,base,arbitrary_single,completion_few_shot,5,10,CVQ,semantic,last,0.67,,0.58,0.7502,,100,,6,0.7128,"{""correct"": 67, ""garbage"": 6, ""intermediate_intrusion"": 27}",AB,,raw,v3/results_vllm/arbitrary_single/Qwen2.5-3B/stage1_sweep_20260409_010049.json,
01_fvq_cvq,Qwen2.5-3B,Qwen2.5,False,base,arbitrary_single,completion_few_shot,5,10,FVQ,semantic,first,0.73,,0.64,0.82,,100,,14,0.8488,"{""correct"": 73, ""garbage"": 14, ""intermediate_intrusion"": 12, ""recency_intrusion"": 1}",AB,,raw,v3/results_vllm/arbitrary_single/Qwen2.5-3B/stage1_sweep_20260409_010049.json,
01_fvq_cvq,Qwen2.5-3B,Qwen2.5,False,base,arbitrary_single,completion_few_shot,5,15,CVQ,semantic,last,0.6,,0.51,0.7,,100,,2,0.6122,"{""correct"": 60, ""garbage"": 2, ""intermediate_intrusion"": 38}",AB,,raw,v3/results_vllm/arbitrary_single/Qwen2.5-3B/stage1_sweep_20260409_010049.json,
01_fvq_cvq,Qwen2.5-3B,Qwen2.5,False,base,arbitrary_single,completion_few_shot,5,15,FVQ,semantic,first,0.67,,0.5798,0.76,,100,,21,0.8481,"{""correct"": 67, ""garbage"": 21, ""intermediate_intrusion"": 12}",AB,,raw,v3/results_vllm/arbitrary_single/Qwen2.5-3B/stage1_sweep_20260409_010049.json,
01_fvq_cvq,Qwen2.5-3B,Qwen2.5,False,base,arbitrary_single,completion_few_shot,5,20,CVQ,semantic,last,0.66,,0.57,0.75,,100,,1,0.6667,"{""correct"": 66, ""garbage"": 1, ""intermediate_intrusion"": 33}",D,,raw,v3/results_vllm/arbitrary_single/Qwen2.5-3B/stage1_sweep_20260409_010049.json,
01_fvq_cvq,Qwen2.5-3B,Qwen2.5,False,base,arbitrary_single,completion_few_shot,5,20,FVQ,semantic,first,0.44,,0.34,0.54,,100,,20,0.55,"{""correct"": 44, ""garbage"": 20, ""intermediate_intrusion"": 34, ""recency_intrusion"": 2}",D,,raw,v3/results_vllm/arbitrary_single/Qwen2.5-3B/stage1_sweep_20260409_010049.json,
01_fvq_cvq,Qwen2.5-3B,Qwen2.5,False,base,arbitrary_single,completion_few_shot,5,30,CVQ,semantic,last,0.53,,0.43,0.63,,100,,10,0.5889,"{""correct"": 53, ""garbage"": 10, ""intermediate_intrusion"": 37}",D,,raw,v3/results_vllm/arbitrary_single/Qwen2.5-3B/stage1_sweep_20260409_010049.json,
01_fvq_cvq,Qwen2.5-3B,Qwen2.5,False,base,arbitrary_single,completion_few_shot,5,30,FVQ,semantic,first,0.43,,0.33,0.52,,100,,27,0.589,"{""correct"": 43, ""garbage"": 27, ""intermediate_intrusion"": 28, ""recency_intrusion"": 2}",D,,raw,v3/results_vllm/arbitrary_single/Qwen2.5-3B/stage1_sweep_20260409_010049.json,
01_fvq_cvq,Qwen2.5-3B,Qwen2.5,False,base,arbitrary_single,completion_few_shot,5,50,CVQ,semantic,last,0.52,,0.42,0.61,,100,,14,0.6047,"{""correct"": 52, ""garbage"": 14, ""intermediate_intrusion"": 34}",D,,raw,v3/results_vllm/arbitrary_single/Qwen2.5-3B/stage1_sweep_20260409_010049.json,
01_fvq_cvq,Qwen2.5-3B,Qwen2.5,False,base,arbitrary_single,completion_few_shot,5,50,FVQ,semantic,first,0.33,,0.24,0.42,,100,,41,0.5593,"{""correct"": 33, ""garbage"": 41, ""intermediate_intrusion"": 26}",D,,raw,v3/results_vllm/arbitrary_single/Qwen2.5-3B/stage1_sweep_20260409_010049.json,
01_fvq_cvq,Qwen2.5-3B,Qwen2.5,False,base,arbitrary_single,completion_few_shot,5,75,CVQ,semantic,last,0.49,,0.4,0.59,,100,,10,0.5444,"{""correct"": 49, ""garbage"": 10, ""intermediate_intrusion"": 41}",D,,raw,v3/results_vllm/arbitrary_single/Qwen2.5-3B/stage1_sweep_20260409_010049.json,
01_fvq_cvq,Qwen2.5-3B,Qwen2.5,False,base,arbitrary_single,completion_few_shot,5,75,FVQ,semantic,first,0.35,,0.26,0.44,,100,,25,0.4667,"{""correct"": 35, ""garbage"": 25, ""intermediate_intrusion"": 40}",D,,raw,v3/results_vllm/arbitrary_single/Qwen2.5-3B/stage1_sweep_20260409_010049.json,
01_fvq_cvq,Qwen2.5-3B,Qwen2.5,False,base,arbitrary_single,completion_few_shot,5,100,CVQ,semantic,last,0.53,,0.43,0.62,,100,,10,0.5889,"{""correct"": 53, ""garbage"": 10, ""intermediate_intrusion"": 37}",D,,raw,v3/results_vllm/arbitrary_single/Qwen2.5-3B/stage1_sweep_20260409_010049.json,
01_fvq_cvq,Qwen2.5-3B,Qwen2.5,False,base,arbitrary_single,completion_few_shot,5,100,FVQ,semantic,first,0.28,,0.2,0.37,,100,,29,0.3944,"{""correct"": 28, ""garbage"": 29, ""intermediate_intrusion"": 39, ""recency_intrusion"": 4}",D,,raw,v3/results_vllm/arbitrary_single/Qwen2.5-3B/stage1_sweep_20260409_010049.json,
01_fvq_cvq,Qwen2.5-3B,Qwen2.5,False,base,arbitrary_single,completion_few_shot,7,5,CVQ,semantic,last,0.71,,0.62,0.8,,100,,9,0.7802,"{""correct"": 71, ""garbage"": 9, ""intermediate_intrusion"": 20}",A,,raw,v3/results_vllm/arbitrary_single/Qwen2.5-3B/stage1_sweep_20260409_010049.json,
01_fvq_cvq,Qwen2.5-3B,Qwen2.5,False,base,arbitrary_single,completion_few_shot,7,5,FVQ,semantic,first,0.73,,0.65,0.82,,100,,6,0.7766,"{""correct"": 73, ""garbage"": 6, ""intermediate_intrusion"": 16, ""recency_intrusion"": 5}",A,,raw,v3/results_vllm/arbitrary_single/Qwen2.5-3B/stage1_sweep_20260409_010049.json,
01_fvq_cvq,Qwen2.5-3B,Qwen2.5,False,base,arbitrary_single,completion_few_shot,7,7,CVQ,semantic,last,0.65,,0.55,0.74,,100,,6,0.6915,"{""correct"": 65, ""garbage"": 6, ""intermediate_intrusion"": 29}",A,,raw,v3/results_vllm/arbitrary_single/Qwen2.5-3B/stage1_sweep_20260409_010049.json,
01_fvq_cvq,Qwen2.5-3B,Qwen2.5,False,base,arbitrary_single,completion_few_shot,7,7,FVQ,semantic,first,0.65,,0.55,0.75,,100,,8,0.7065,"{""correct"": 65, ""garbage"": 8, ""intermediate_intrusion"": 22, ""recency_intrusion"": 5}",A,,raw,v3/results_vllm/arbitrary_single/Qwen2.5-3B/stage1_sweep_20260409_010049.json,
01_fvq_cvq,Qwen2.5-3B,Qwen2.5,False,base,arbitrary_single,completion_few_shot,7,10,CVQ,semantic,last,0.53,,0.4398,0.63,,100,,6,0.5638,"{""correct"": 53, ""garbage"": 6, ""intermediate_intrusion"": 41}",AB,,raw,v3/results_vllm/arbitrary_single/Qwen2.5-3B/stage1_sweep_20260409_010049.json,
01_fvq_cvq,Qwen2.5-3B,Qwen2.5,False,base,arbitrary_single,completion_few_shot,7,10,FVQ,semantic,first,0.64,,0.54,0.73,,100,,15,0.7529,"{""correct"": 64, ""garbage"": 15, ""intermediate_intrusion"": 20, ""recency_intrusion"": 1}",AB,,raw,v3/results_vllm/arbitrary_single/Qwen2.5-3B/stage1_sweep_20260409_010049.json,
01_fvq_cvq,Qwen2.5-3B,Qwen2.5,False,base,arbitrary_single,completion_few_shot,7,15,CVQ,semantic,last,0.59,,0.49,0.69,,100,,6,0.6277,"{""correct"": 59, ""garbage"": 6, ""intermediate_intrusion"": 34, ""primacy_intrusion"": 1}",D,,raw,v3/results_vllm/arbitrary_single/Qwen2.5-3B/stage1_sweep_20260409_010049.json,
01_fvq_cvq,Qwen2.5-3B,Qwen2.5,False,base,arbitrary_single,completion_few_shot,7,15,FVQ,semantic,first,0.53,,0.44,0.63,,100,,19,0.6543,"{""correct"": 53, ""garbage"": 19, ""intermediate_intrusion"": 27, ""recency_intrusion"": 1}",D,,raw,v3/results_vllm/arbitrary_single/Qwen2.5-3B/stage1_sweep_20260409_010049.json,
01_fvq_cvq,Qwen2.5-3B,Qwen2.5,False,base,arbitrary_single,completion_few_shot,7,20,CVQ,semantic,last,0.49,,0.3998,0.59,,100,,8,0.5326,"{""correct"": 49, ""garbage"": 8, ""intermediate_intrusion"": 43}",D,,raw,v3/results_vllm/arbitrary_single/Qwen2.5-3B/stage1_sweep_20260409_010049.json,
01_fvq_cvq,Qwen2.5-3B,Qwen2.5,False,base,arbitrary_single,completion_few_shot,7,20,FVQ,semantic,first,0.43,,0.34,0.53,,100,,23,0.5584,"{""correct"": 43, ""garbage"": 23, ""intermediate_intrusion"": 31, ""recency_intrusion"": 3}",D,,raw,v3/results_vllm/arbitrary_single/Qwen2.5-3B/stage1_sweep_20260409_010049.json,
01_fvq_cvq,Qwen2.5-3B,Qwen2.5,False,base,arbitrary_single,completion_few_shot,7,30,CVQ,semantic,last,0.5,,0.4,0.6,,100,,8,0.5435,"{""correct"": 50, ""garbage"": 8, ""intermediate_intrusion"": 42}",D,,raw,v3/results_vllm/arbitrary_single/Qwen2.5-3B/stage1_sweep_20260409_010049.json,
01_fvq_cvq,Qwen2.5-3B,Qwen2.5,False,base,arbitrary_single,completion_few_shot,7,30,FVQ,semantic,first,0.21,,0.13,0.29,,100,,23,0.2727,"{""correct"": 21, ""garbage"": 23, ""intermediate_intrusion"": 51, ""recency_intrusion"": 5}",D,,raw,v3/results_vllm/arbitrary_single/Qwen2.5-3B/stage1_sweep_20260409_010049.json,
01_fvq_cvq,Qwen2.5-3B,Qwen2.5,False,base,arbitrary_single,completion_few_shot,7,50,CVQ,semantic,last,0.58,,0.48,0.68,,100,,13,0.6667,"{""correct"": 58, ""garbage"": 13, ""intermediate_intrusion"": 29}",D,,raw,v3/results_vllm/arbitrary_single/Qwen2.5-3B/stage1_sweep_20260409_010049.json,
01_fvq_cvq,Qwen2.5-3B,Qwen2.5,False,base,arbitrary_single,completion_few_shot,7,50,FVQ,semantic,first,0.2,,0.13,0.28,,100,,30,0.2857,"{""correct"": 20, ""garbage"": 30, ""intermediate_intrusion"": 49, ""recency_intrusion"": 1}",D,,raw,v3/results_vllm/arbitrary_single/Qwen2.5-3B/stage1_sweep_20260409_010049.json,
01_fvq_cvq,Qwen2.5-3B,Qwen2.5,False,base,arbitrary_single,completion_few_shot,7,75,CVQ,semantic,last,0.59,,0.49,0.69,,100,,8,0.6413,"{""correct"": 59, ""garbage"": 8, ""intermediate_intrusion"": 33}",D,,raw,v3/results_vllm/arbitrary_single/Qwen2.5-3B/stage1_sweep_20260409_010049.json,
01_fvq_cvq,Qwen2.5-3B,Qwen2.5,False,base,arbitrary_single,completion_few_shot,7,75,FVQ,semantic,first,0.19,,0.12,0.27,,100,,25,0.2533,"{""correct"": 19, ""garbage"": 25, ""intermediate_intrusion"": 50, ""recency_intrusion"": 6}",D,,raw,v3/results_vllm/arbitrary_single/Qwen2.5-3B/stage1_sweep_20260409_010049.json,
01_fvq_cvq,Qwen2.5-3B,Qwen2.5,False,base,arbitrary_single,completion_few_shot,7,100,CVQ,semantic,last,0.45,,0.35,0.55,,100,,15,0.5294,"{""correct"": 45, ""garbage"": 15, ""intermediate_intrusion"": 40}",D,,raw,v3/results_vllm/arbitrary_single/Qwen2.5-3B/stage1_sweep_20260409_010049.json,
01_fvq_cvq,Qwen2.5-3B,Qwen2.5,False,base,arbitrary_single,completion_few_shot,7,100,FVQ,semantic,first,0.14,,0.07,0.22,,100,,30,0.2,"{""correct"": 14, ""garbage"": 30, ""intermediate_intrusion"": 51, ""recency_intrusion"": 5}",D,,raw,v3/results_vllm/arbitrary_single/Qwen2.5-3B/stage1_sweep_20260409_010049.json,
01_fvq_cvq,Qwen2.5-3B,Qwen2.5,False,base,arbitrary_single,completion_few_shot,10,5,CVQ,semantic,last,0.61,,0.51,0.7,,100,,6,0.6489,"{""correct"": 61, ""garbage"": 6, ""intermediate_intrusion"": 33}",AB,,raw,v3/results_vllm/arbitrary_single/Qwen2.5-3B/stage1_sweep_20260409_010049.json,
01_fvq_cvq,Qwen2.5-3B,Qwen2.5,False,base,arbitrary_single,completion_few_shot,10,5,FVQ,semantic,first,0.69,,0.6,0.78,,100,,9,0.7582,"{""correct"": 69, ""garbage"": 9, ""intermediate_intrusion"": 19, ""recency_intrusion"": 3}",AB,,raw,v3/results_vllm/arbitrary_single/Qwen2.5-3B/stage1_sweep_20260409_010049.json,
01_fvq_cvq,Qwen2.5-3B,Qwen2.5,False,base,arbitrary_single,completion_few_shot,10,7,CVQ,semantic,last,0.57,,0.47,0.67,,100,,8,0.6196,"{""correct"": 57, ""garbage"": 8, ""intermediate_intrusion"": 34, ""primacy_intrusion"": 1}",D,,raw,v3/results_vllm/arbitrary_single/Qwen2.5-3B/stage1_sweep_20260409_010049.json,
01_fvq_cvq,Qwen2.5-3B,Qwen2.5,False,base,arbitrary_single,completion_few_shot,10,7,FVQ,semantic,first,0.47,,0.3798,0.57,,100,,7,0.5054,"{""correct"": 47, ""garbage"": 7, ""intermediate_intrusion"": 39, ""recency_intrusion"": 7}",D,,raw,v3/results_vllm/arbitrary_single/Qwen2.5-3B/stage1_sweep_20260409_010049.json,
01_fvq_cvq,Qwen2.5-3B,Qwen2.5,False,base,arbitrary_single,completion_few_shot,10,10,CVQ,semantic,last,0.56,,0.46,0.66,,100,,3,0.5773,"{""correct"": 56, ""garbage"": 3, ""intermediate_intrusion"": 41}",D,,raw,v3/results_vllm/arbitrary_single/Qwen2.5-3B/stage1_sweep_20260409_010049.json,
01_fvq_cvq,Qwen2.5-3B,Qwen2.5,False,base,arbitrary_single,completion_few_shot,10,10,FVQ,semantic,first,0.45,,0.35,0.55,,100,,16,0.5357,"{""correct"": 45, ""garbage"": 16, ""intermediate_intrusion"": 37, ""recency_intrusion"": 2}",D,,raw,v3/results_vllm/arbitrary_single/Qwen2.5-3B/stage1_sweep_20260409_010049.json,
01_fvq_cvq,Qwen2.5-3B,Qwen2.5,False,base,arbitrary_single,completion_few_shot,10,15,CVQ,semantic,last,0.47,,0.38,0.57,,100,,6,0.5,"{""correct"": 47, ""garbage"": 6, ""intermediate_intrusion"": 47}",D,,raw,v3/results_vllm/arbitrary_single/Qwen2.5-3B/stage1_sweep_20260409_010049.json,
01_fvq_cvq,Qwen2.5-3B,Qwen2.5,False,base,arbitrary_single,completion_few_shot,10,15,FVQ,semantic,first,0.26,,0.18,0.35,,100,,13,0.2989,"{""correct"": 26, ""garbage"": 13, ""intermediate_intrusion"": 57, ""recency_intrusion"": 4}",D,,raw,v3/results_vllm/arbitrary_single/Qwen2.5-3B/stage1_sweep_20260409_010049.json,
01_fvq_cvq,Qwen2.5-3B,Qwen2.5,False,base,arbitrary_single,completion_few_shot,10,20,CVQ,semantic,last,0.52,,0.42,0.62,,100,,7,0.5591,"{""correct"": 52, ""garbage"": 7, ""intermediate_intrusion"": 41}",D,,raw,v3/results_vllm/arbitrary_single/Qwen2.5-3B/stage1_sweep_20260409_010049.json,
01_fvq_cvq,Qwen2.5-3B,Qwen2.5,False,base,arbitrary_single,completion_few_shot,10,20,FVQ,semantic,first,0.28,,0.19,0.37,,100,,19,0.3457,"{""correct"": 28, ""garbage"": 19, ""intermediate_intrusion"": 48, ""recency_intrusion"": 5}",D,,raw,v3/results_vllm/arbitrary_single/Qwen2.5-3B/stage1_sweep_20260409_010049.json,
01_fvq_cvq,Qwen2.5-3B,Qwen2.5,False,base,arbitrary_single,completion_few_shot,10,30,CVQ,semantic,last,0.54,,0.44,0.63,,100,,8,0.587,"{""correct"": 54, ""garbage"": 8, ""intermediate_intrusion"": 36, ""primacy_intrusion"": 2}",D,,raw,v3/results_vllm/arbitrary_single/Qwen2.5-3B/stage1_sweep_20260409_010049.json,
01_fvq_cvq,Qwen2.5-3B,Qwen2.5,False,base,arbitrary_single,completion_few_shot,10,30,FVQ,semantic,first,0.19,,0.11,0.27,,100,,16,0.2262,"{""correct"": 19, ""garbage"": 16, ""intermediate_intrusion"": 56, ""recency_intrusion"": 9}",D,,raw,v3/results_vllm/arbitrary_single/Qwen2.5-3B/stage1_sweep_20260409_010049.json,
01_fvq_cvq,Qwen2.5-3B,Qwen2.5,False,base,arbitrary_single,completion_few_shot,10,50,CVQ,semantic,last,0.57,,0.47,0.66,,100,,9,0.6264,"{""correct"": 57, ""garbage"": 9, ""intermediate_intrusion"": 33, ""primacy_intrusion"": 1}",D,,raw,v3/results_vllm/arbitrary_single/Qwen2.5-3B/stage1_sweep_20260409_010049.json,
01_fvq_cvq,Qwen2.5-3B,Qwen2.5,False,base,arbitrary_single,completion_few_shot,10,50,FVQ,semantic,first,0.12,,0.06,0.19,,100,,19,0.1481,"{""correct"": 12, ""garbage"": 19, ""intermediate_intrusion"": 64, ""recency_intrusion"": 5}",D,,raw,v3/results_vllm/arbitrary_single/Qwen2.5-3B/stage1_sweep_20260409_010049.json,
01_fvq_cvq,Qwen2.5-3B,Qwen2.5,False,base,arbitrary_single,completion_few_shot,10,75,CVQ,semantic,last,0.45,,0.35,0.55,,100,,14,0.5233,"{""correct"": 45, ""garbage"": 14, ""intermediate_intrusion"": 41}",D,,raw,v3/results_vllm/arbitrary_single/Qwen2.5-3B/stage1_sweep_20260409_010049.json,
01_fvq_cvq,Qwen2.5-3B,Qwen2.5,False,base,arbitrary_single,completion_few_shot,10,75,FVQ,semantic,first,0.11,,0.05,0.17,,100,,30,0.1571,"{""correct"": 11, ""garbage"": 30, ""intermediate_intrusion"": 54, ""recency_intrusion"": 5}",D,,raw,v3/results_vllm/arbitrary_single/Qwen2.5-3B/stage1_sweep_20260409_010049.json,
01_fvq_cvq,Qwen2.5-3B,Qwen2.5,False,base,arbitrary_single,completion_few_shot,10,100,CVQ,semantic,last,0.43,,0.33,0.53,,100,,20,0.5375,"{""correct"": 43, ""garbage"": 20, ""intermediate_intrusion"": 36, ""primacy_intrusion"": 1}",D,,raw,v3/results_vllm/arbitrary_single/Qwen2.5-3B/stage1_sweep_20260409_010049.json,
01_fvq_cvq,Qwen2.5-3B,Qwen2.5,False,base,arbitrary_single,completion_few_shot,10,100,FVQ,semantic,first,0.12,,0.06,0.19,,100,,34,0.1818,"{""correct"": 12, ""garbage"": 34, ""intermediate_intrusion"": 51, ""recency_intrusion"": 3}",D,,raw,v3/results_vllm/arbitrary_single/Qwen2.5-3B/stage1_sweep_20260409_010049.json,
01_fvq_cvq,Qwen2.5-3B,Qwen2.5,False,base,arbitrary_single,completion_few_shot,15,5,CVQ,semantic,last,0.63,,0.54,0.72,,100,,4,0.6562,"{""correct"": 63, ""garbage"": 4, ""intermediate_intrusion"": 33}",D,,raw,v3/results_vllm/arbitrary_single/Qwen2.5-3B/stage1_sweep_20260409_010049.json,
01_fvq_cvq,Qwen2.5-3B,Qwen2.5,False,base,arbitrary_single,completion_few_shot,15,5,FVQ,semantic,first,0.45,,0.36,0.55,,100,,6,0.4787,"{""correct"": 45, ""garbage"": 6, ""intermediate_intrusion"": 36, ""recency_intrusion"": 13}",D,,raw,v3/results_vllm/arbitrary_single/Qwen2.5-3B/stage1_sweep_20260409_010049.json,
01_fvq_cvq,Qwen2.5-3B,Qwen2.5,False,base,arbitrary_single,completion_few_shot,15,7,CVQ,semantic,last,0.53,,0.43,0.63,,100,,2,0.5408,"{""correct"": 53, ""garbage"": 2, ""intermediate_intrusion"": 45}",D,,raw,v3/results_vllm/arbitrary_single/Qwen2.5-3B/stage1_sweep_20260409_010049.json,
01_fvq_cvq,Qwen2.5-3B,Qwen2.5,False,base,arbitrary_single,completion_few_shot,15,7,FVQ,semantic,first,0.35,,0.26,0.44,,100,,11,0.3933,"{""correct"": 35, ""garbage"": 11, ""intermediate_intrusion"": 46, ""recency_intrusion"": 8}",D,,raw,v3/results_vllm/arbitrary_single/Qwen2.5-3B/stage1_sweep_20260409_010049.json,
01_fvq_cvq,Qwen2.5-3B,Qwen2.5,False,base,arbitrary_single,completion_few_shot,15,10,CVQ,semantic,last,0.56,,0.46,0.66,,100,,8,0.6087,"{""correct"": 56, ""garbage"": 8, ""intermediate_intrusion"": 36}",D,,raw,v3/results_vllm/arbitrary_single/Qwen2.5-3B/stage1_sweep_20260409_010049.json,
01_fvq_cvq,Qwen2.5-3B,Qwen2.5,False,base,arbitrary_single,completion_few_shot,15,10,FVQ,semantic,first,0.21,,0.13,0.29,,100,,23,0.2727,"{""correct"": 21, ""garbage"": 23, ""intermediate_intrusion"": 53, ""recency_intrusion"": 3}",D,,raw,v3/results_vllm/arbitrary_single/Qwen2.5-3B/stage1_sweep_20260409_010049.json,
01_fvq_cvq,Qwen2.5-3B,Qwen2.5,False,base,arbitrary_single,completion_few_shot,15,15,CVQ,semantic,last,0.55,,0.45,0.6402,,100,,12,0.625,"{""correct"": 55, ""garbage"": 12, ""intermediate_intrusion"": 33}",D,,raw,v3/results_vllm/arbitrary_single/Qwen2.5-3B/stage1_sweep_20260409_010049.json,
01_fvq_cvq,Qwen2.5-3B,Qwen2.5,False,base,arbitrary_single,completion_few_shot,15,15,FVQ,semantic,first,0.16,,0.09,0.23,,100,,17,0.1928,"{""correct"": 16, ""garbage"": 17, ""intermediate_intrusion"": 65, ""recency_intrusion"": 2}",D,,raw,v3/results_vllm/arbitrary_single/Qwen2.5-3B/stage1_sweep_20260409_010049.json,
01_fvq_cvq,Qwen2.5-3B,Qwen2.5,False,base,arbitrary_single,completion_few_shot,15,20,CVQ,semantic,last,0.59,,0.49,0.69,,100,,11,0.6629,"{""correct"": 59, ""garbage"": 11, ""intermediate_intrusion"": 30}",D,,raw,v3/results_vllm/arbitrary_single/Qwen2.5-3B/stage1_sweep_20260409_010049.json,
01_fvq_cvq,Qwen2.5-3B,Qwen2.5,False,base,arbitrary_single,completion_few_shot,15,20,FVQ,semantic,first,0.11,,0.05,0.17,,100,,11,0.1236,"{""correct"": 11, ""garbage"": 11, ""intermediate_intrusion"": 72, ""recency_intrusion"": 6}",D,,raw,v3/results_vllm/arbitrary_single/Qwen2.5-3B/stage1_sweep_20260409_010049.json,
01_fvq_cvq,Qwen2.5-3B,Qwen2.5,False,base,arbitrary_single,completion_few_shot,15,30,CVQ,semantic,last,0.64,,0.55,0.73,,100,,7,0.6882,"{""correct"": 64, ""garbage"": 7, ""intermediate_intrusion"": 28, ""primacy_intrusion"": 1}",D,,raw,v3/results_vllm/arbitrary_single/Qwen2.5-3B/stage1_sweep_20260409_010049.json,
01_fvq_cvq,Qwen2.5-3B,Qwen2.5,False,base,arbitrary_single,completion_few_shot,15,30,FVQ,semantic,first,0.1,,0.05,0.16,,100,,16,0.119,"{""correct"": 10, ""garbage"": 16, ""intermediate_intrusion"": 66, ""recency_intrusion"": 8}",D,,raw,v3/results_vllm/arbitrary_single/Qwen2.5-3B/stage1_sweep_20260409_010049.json,
01_fvq_cvq,Qwen2.5-3B,Qwen2.5,False,base,arbitrary_single,completion_few_shot,15,50,CVQ,semantic,last,0.5,,0.4,0.6,,100,,15,0.5882,"{""correct"": 50, ""garbage"": 15, ""intermediate_intrusion"": 35}",D,,raw,v3/results_vllm/arbitrary_single/Qwen2.5-3B/stage1_sweep_20260409_010049.json,
01_fvq_cvq,Qwen2.5-3B,Qwen2.5,False,base,arbitrary_single,completion_few_shot,15,50,FVQ,semantic,first,0.12,,0.06,0.19,,100,,15,0.1412,"{""correct"": 12, ""garbage"": 15, ""intermediate_intrusion"": 68, ""recency_intrusion"": 5}",D,,raw,v3/results_vllm/arbitrary_single/Qwen2.5-3B/stage1_sweep_20260409_010049.json,
01_fvq_cvq,Qwen2.5-3B,Qwen2.5,False,base,arbitrary_single,completion_few_shot,15,75,CVQ,semantic,last,0.4,,0.31,0.5,,100,,18,0.4878,"{""correct"": 40, ""garbage"": 18, ""intermediate_intrusion"": 41, ""primacy_intrusion"": 1}",D,,raw,v3/results_vllm/arbitrary_single/Qwen2.5-3B/stage1_sweep_20260409_010049.json,
01_fvq_cvq,Qwen2.5-3B,Qwen2.5,False,base,arbitrary_single,completion_few_shot,15,75,FVQ,semantic,first,0.1,,0.04,0.16,,100,,35,0.1538,"{""correct"": 10, ""garbage"": 35, ""intermediate_intrusion"": 51, ""recency_intrusion"": 4}",D,,raw,v3/results_vllm/arbitrary_single/Qwen2.5-3B/stage1_sweep_20260409_010049.json,
01_fvq_cvq,Qwen2.5-3B,Qwen2.5,False,base,arbitrary_single,completion_few_shot,20,5,CVQ,semantic,last,0.58,,0.4898,0.68,,100,,3,0.5979,"{""correct"": 58, ""garbage"": 3, ""intermediate_intrusion"": 39}",D,,raw,v3/results_vllm/arbitrary_single/Qwen2.5-3B/stage1_sweep_20260409_010049.json,
01_fvq_cvq,Qwen2.5-3B,Qwen2.5,False,base,arbitrary_single,completion_few_shot,20,5,FVQ,semantic,first,0.41,,0.31,0.51,,100,,12,0.4659,"{""correct"": 41, ""garbage"": 12, ""intermediate_intrusion"": 34, ""recency_intrusion"": 13}",D,,raw,v3/results_vllm/arbitrary_single/Qwen2.5-3B/stage1_sweep_20260409_010049.json,
01_fvq_cvq,Qwen2.5-3B,Qwen2.5,False,base,arbitrary_single,completion_few_shot,20,7,CVQ,semantic,last,0.53,,0.43,0.63,,100,,6,0.5638,"{""correct"": 53, ""garbage"": 6, ""intermediate_intrusion"": 40, ""primacy_intrusion"": 1}",D,,raw,v3/results_vllm/arbitrary_single/Qwen2.5-3B/stage1_sweep_20260409_010049.json,
01_fvq_cvq,Qwen2.5-3B,Qwen2.5,False,base,arbitrary_single,completion_few_shot,20,7,FVQ,semantic,first,0.28,,0.19,0.38,,100,,2,0.2857,"{""correct"": 28, ""garbage"": 2, ""intermediate_intrusion"": 61, ""recency_intrusion"": 9}",D,,raw,v3/results_vllm/arbitrary_single/Qwen2.5-3B/stage1_sweep_20260409_010049.json,
01_fvq_cvq,Qwen2.5-3B,Qwen2.5,False,base,arbitrary_single,completion_few_shot,20,10,CVQ,semantic,last,0.54,,0.44,0.64,,100,,11,0.6067,"{""correct"": 54, ""garbage"": 11, ""intermediate_intrusion"": 35}",D,,raw,v3/results_vllm/arbitrary_single/Qwen2.5-3B/stage1_sweep_20260409_010049.json,
01_fvq_cvq,Qwen2.5-3B,Qwen2.5,False,base,arbitrary_single,completion_few_shot,20,10,FVQ,semantic,first,0.21,,0.13,0.29,,100,,17,0.253,"{""correct"": 21, ""garbage"": 17, ""intermediate_intrusion"": 53, ""recency_intrusion"": 9}",D,,raw,v3/results_vllm/arbitrary_single/Qwen2.5-3B/stage1_sweep_20260409_010049.json,
01_fvq_cvq,Qwen2.5-3B,Qwen2.5,False,base,arbitrary_single,completion_few_shot,20,15,CVQ,semantic,last,0.65,,0.56,0.74,,100,,7,0.6989,"{""correct"": 65, ""garbage"": 7, ""intermediate_intrusion"": 26, ""primacy_intrusion"": 2}",D,,raw,v3/results_vllm/arbitrary_single/Qwen2.5-3B/stage1_sweep_20260409_010049.json,
01_fvq_cvq,Qwen2.5-3B,Qwen2.5,False,base,arbitrary_single,completion_few_shot,20,15,FVQ,semantic,first,0.13,,0.07,0.2,,100,,13,0.1494,"{""correct"": 13, ""garbage"": 13, ""intermediate_intrusion"": 66, ""recency_intrusion"": 8}",D,,raw,v3/results_vllm/arbitrary_single/Qwen2.5-3B/stage1_sweep_20260409_010049.json,
01_fvq_cvq,Qwen2.5-3B,Qwen2.5,False,base,arbitrary_single,completion_few_shot,20,20,CVQ,semantic,last,0.55,,0.46,0.65,,100,,20,0.6875,"{""correct"": 55, ""garbage"": 20, ""intermediate_intrusion"": 25}",D,,raw,v3/results_vllm/arbitrary_single/Qwen2.5-3B/stage1_sweep_20260409_010049.json,
01_fvq_cvq,Qwen2.5-3B,Qwen2.5,False,base,arbitrary_single,completion_few_shot,20,20,FVQ,semantic,first,0.06,,0.02,0.11,,100,,15,0.0706,"{""correct"": 6, ""garbage"": 15, ""intermediate_intrusion"": 70, ""recency_intrusion"": 9}",D,,raw,v3/results_vllm/arbitrary_single/Qwen2.5-3B/stage1_sweep_20260409_010049.json,
01_fvq_cvq,Qwen2.5-3B,Qwen2.5,False,base,arbitrary_single,completion_few_shot,20,30,CVQ,semantic,last,0.53,,0.44,0.62,,100,,12,0.6023,"{""correct"": 53, ""garbage"": 12, ""intermediate_intrusion"": 35}",D,,raw,v3/results_vllm/arbitrary_single/Qwen2.5-3B/stage1_sweep_20260409_010049.json,
01_fvq_cvq,Qwen2.5-3B,Qwen2.5,False,base,arbitrary_single,completion_few_shot,20,30,FVQ,semantic,first,0.07,,0.03,0.13,,100,,21,0.0886,"{""correct"": 7, ""garbage"": 21, ""intermediate_intrusion"": 59, ""recency_intrusion"": 13}",D,,raw,v3/results_vllm/arbitrary_single/Qwen2.5-3B/stage1_sweep_20260409_010049.json,
01_fvq_cvq,Qwen2.5-3B,Qwen2.5,False,base,arbitrary_single,completion_few_shot,20,50,CVQ,semantic,last,0.49,,0.39,0.59,,100,,15,0.5765,"{""correct"": 49, ""garbage"": 15, ""intermediate_intrusion"": 35, ""primacy_intrusion"": 1}",D,,raw,v3/results_vllm/arbitrary_single/Qwen2.5-3B/stage1_sweep_20260409_010049.json,
01_fvq_cvq,Qwen2.5-3B,Qwen2.5,False,base,arbitrary_single,completion_few_shot,20,50,FVQ,semantic,first,0.08,,0.03,0.14,,100,,35,0.1231,"{""correct"": 8, ""garbage"": 35, ""intermediate_intrusion"": 56, ""recency_intrusion"": 1}",D,,raw,v3/results_vllm/arbitrary_single/Qwen2.5-3B/stage1_sweep_20260409_010049.json,
01_fvq_cvq,Qwen2.5-3B,Qwen2.5,False,base,arbitrary_single,completion_few_shot,25,5,CVQ,semantic,last,0.49,,0.39,0.59,,100,,5,0.5158,"{""correct"": 49, ""garbage"": 5, ""intermediate_intrusion"": 46}",D,,raw,v3/results_vllm/arbitrary_single/Qwen2.5-3B/stage1_sweep_20260409_010049.json,
01_fvq_cvq,Qwen2.5-3B,Qwen2.5,False,base,arbitrary_single,completion_few_shot,25,5,FVQ,semantic,first,0.34,,0.25,0.44,,100,,9,0.3736,"{""correct"": 34, ""garbage"": 9, ""intermediate_intrusion"": 44, ""recency_intrusion"": 13}",D,,raw,v3/results_vllm/arbitrary_single/Qwen2.5-3B/stage1_sweep_20260409_010049.json,
01_fvq_cvq,Qwen2.5-3B,Qwen2.5,False,base,arbitrary_single,completion_few_shot,25,7,CVQ,semantic,last,0.55,,0.45,0.65,,100,,9,0.6044,"{""correct"": 55, ""garbage"": 9, ""intermediate_intrusion"": 34, ""primacy_intrusion"": 2}",D,,raw,v3/results_vllm/arbitrary_single/Qwen2.5-3B/stage1_sweep_20260409_010049.json,
01_fvq_cvq,Qwen2.5-3B,Qwen2.5,False,base,arbitrary_single,completion_few_shot,25,7,FVQ,semantic,first,0.21,,0.14,0.3,,100,,12,0.2386,"{""correct"": 21, ""garbage"": 12, ""intermediate_intrusion"": 58, ""recency_intrusion"": 9}",D,,raw,v3/results_vllm/arbitrary_single/Qwen2.5-3B/stage1_sweep_20260409_010049.json,
01_fvq_cvq,Qwen2.5-3B,Qwen2.5,False,base,arbitrary_single,completion_few_shot,25,10,CVQ,semantic,last,0.5,,0.4,0.6,,100,,13,0.5747,"{""correct"": 50, ""garbage"": 13, ""intermediate_intrusion"": 37}",D,,raw,v3/results_vllm/arbitrary_single/Qwen2.5-3B/stage1_sweep_20260409_010049.json,
01_fvq_cvq,Qwen2.5-3B,Qwen2.5,False,base,arbitrary_single,completion_few_shot,25,10,FVQ,semantic,first,0.08,,0.03,0.14,,100,,10,0.0889,"{""correct"": 8, ""garbage"": 10, ""intermediate_intrusion"": 72, ""recency_intrusion"": 10}",D,,raw,v3/results_vllm/arbitrary_single/Qwen2.5-3B/stage1_sweep_20260409_010049.json,
01_fvq_cvq,Qwen2.5-3B,Qwen2.5,False,base,arbitrary_single,completion_few_shot,25,15,CVQ,semantic,last,0.36,,0.27,0.46,,100,,16,0.4286,"{""correct"": 36, ""garbage"": 16, ""intermediate_intrusion"": 47, ""primacy_intrusion"": 1}",D,,raw,v3/results_vllm/arbitrary_single/Qwen2.5-3B/stage1_sweep_20260409_010049.json,
01_fvq_cvq,Qwen2.5-3B,Qwen2.5,False,base,arbitrary_single,completion_few_shot,25,15,FVQ,semantic,first,0.15,,0.08,0.22,,100,,20,0.1875,"{""correct"": 15, ""garbage"": 20, ""intermediate_intrusion"": 56, ""recency_intrusion"": 9}",D,,raw,v3/results_vllm/arbitrary_single/Qwen2.5-3B/stage1_sweep_20260409_010049.json,
01_fvq_cvq,Qwen2.5-3B,Qwen2.5,False,base,arbitrary_single,completion_few_shot,25,20,CVQ,semantic,last,0.56,,0.46,0.65,,100,,12,0.6364,"{""correct"": 56, ""garbage"": 12, ""intermediate_intrusion"": 32}",D,,raw,v3/results_vllm/arbitrary_single/Qwen2.5-3B/stage1_sweep_20260409_010049.json,
01_fvq_cvq,Qwen2.5-3B,Qwen2.5,False,base,arbitrary_single,completion_few_shot,25,20,FVQ,semantic,first,0.06,,0.02,0.11,,100,,16,0.0714,"{""correct"": 6, ""garbage"": 16, ""intermediate_intrusion"": 63, ""recency_intrusion"": 15}",D,,raw,v3/results_vllm/arbitrary_single/Qwen2.5-3B/stage1_sweep_20260409_010049.json,
01_fvq_cvq,Qwen2.5-3B,Qwen2.5,False,base,arbitrary_single,completion_few_shot,25,30,CVQ,semantic,last,0.52,,0.42,0.62,,100,,15,0.6118,"{""correct"": 52, ""garbage"": 15, ""intermediate_intrusion"": 31, ""primacy_intrusion"": 2}",D,,raw,v3/results_vllm/arbitrary_single/Qwen2.5-3B/stage1_sweep_20260409_010049.json,
01_fvq_cvq,Qwen2.5-3B,Qwen2.5,False,base,arbitrary_single,completion_few_shot,25,30,FVQ,semantic,first,0.05,,0.01,0.1,,100,,22,0.0641,"{""correct"": 5, ""garbage"": 22, ""intermediate_intrusion"": 69, ""recency_intrusion"": 4}",D,,raw,v3/results_vllm/arbitrary_single/Qwen2.5-3B/stage1_sweep_20260409_010049.json,
01_fvq_cvq,Qwen2.5-3B,Qwen2.5,False,base,arbitrary_single,completion_few_shot,25,50,CVQ,semantic,last,0.48,,0.38,0.57,,100,,20,0.6,"{""correct"": 48, ""garbage"": 20, ""intermediate_intrusion"": 32}",D,,raw,v3/results_vllm/arbitrary_single/Qwen2.5-3B/stage1_sweep_20260409_010049.json,
01_fvq_cvq,Qwen2.5-3B,Qwen2.5,False,base,arbitrary_single,completion_few_shot,25,50,FVQ,semantic,first,0.02,,0.0,0.05,,100,,44,0.0357,"{""correct"": 2, ""garbage"": 44, ""intermediate_intrusion"": 48, ""recency_intrusion"": 6}",D,,raw,v3/results_vllm/arbitrary_single/Qwen2.5-3B/stage1_sweep_20260409_010049.json,
01_fvq_cvq,Qwen2.5-3B,Qwen2.5,False,base,arbitrary_single,completion_few_shot,30,5,CVQ,semantic,last,0.62,,0.52,0.71,,100,,4,0.6458,"{""correct"": 62, ""garbage"": 4, ""intermediate_intrusion"": 34}",D,,raw,v3/results_vllm/arbitrary_single/Qwen2.5-3B/stage1_sweep_20260409_010049.json,
01_fvq_cvq,Qwen2.5-3B,Qwen2.5,False,base,arbitrary_single,completion_few_shot,30,5,FVQ,semantic,first,0.25,,0.17,0.34,,100,,15,0.2941,"{""correct"": 25, ""garbage"": 15, ""intermediate_intrusion"": 47, ""recency_intrusion"": 13}",D,,raw,v3/results_vllm/arbitrary_single/Qwen2.5-3B/stage1_sweep_20260409_010049.json,
01_fvq_cvq,Qwen2.5-3B,Qwen2.5,False,base,arbitrary_single,completion_few_shot,30,7,CVQ,semantic,last,0.63,,0.53,0.72,,100,,8,0.6848,"{""correct"": 63, ""garbage"": 8, ""intermediate_intrusion"": 29}",D,,raw,v3/results_vllm/arbitrary_single/Qwen2.5-3B/stage1_sweep_20260409_010049.json,
01_fvq_cvq,Qwen2.5-3B,Qwen2.5,False,base,arbitrary_single,completion_few_shot,30,7,FVQ,semantic,first,0.17,,0.1,0.25,,100,,17,0.2048,"{""correct"": 17, ""garbage"": 17, ""intermediate_intrusion"": 58, ""recency_intrusion"": 8}",D,,raw,v3/results_vllm/arbitrary_single/Qwen2.5-3B/stage1_sweep_20260409_010049.json,
01_fvq_cvq,Qwen2.5-3B,Qwen2.5,False,base,arbitrary_single,completion_few_shot,30,10,CVQ,semantic,last,0.57,,0.47,0.66,,100,,11,0.6404,"{""correct"": 57, ""garbage"": 11, ""intermediate_intrusion"": 31, ""primacy_intrusion"": 1}",D,,raw,v3/results_vllm/arbitrary_single/Qwen2.5-3B/stage1_sweep_20260409_010049.json,
01_fvq_cvq,Qwen2.5-3B,Qwen2.5,False,base,arbitrary_single,completion_few_shot,30,10,FVQ,semantic,first,0.11,,0.06,0.1702,,100,,14,0.1279,"{""correct"": 11, ""garbage"": 14, ""intermediate_intrusion"": 65, ""recency_intrusion"": 10}",D,,raw,v3/results_vllm/arbitrary_single/Qwen2.5-3B/stage1_sweep_20260409_010049.json,
01_fvq_cvq,Qwen2.5-3B,Qwen2.5,False,base,arbitrary_single,completion_few_shot,30,15,CVQ,semantic,last,0.53,,0.43,0.62,,100,,10,0.5889,"{""correct"": 53, ""garbage"": 10, ""intermediate_intrusion"": 36, ""primacy_intrusion"": 1}",D,,raw,v3/results_vllm/arbitrary_single/Qwen2.5-3B/stage1_sweep_20260409_010049.json,
01_fvq_cvq,Qwen2.5-3B,Qwen2.5,False,base,arbitrary_single,completion_few_shot,30,15,FVQ,semantic,first,0.07,,0.02,0.12,,100,,15,0.0824,"{""correct"": 7, ""garbage"": 15, ""intermediate_intrusion"": 63, ""recency_intrusion"": 15}",D,,raw,v3/results_vllm/arbitrary_single/Qwen2.5-3B/stage1_sweep_20260409_010049.json,
01_fvq_cvq,Qwen2.5-3B,Qwen2.5,False,base,arbitrary_single,completion_few_shot,30,20,CVQ,semantic,last,0.47,,0.37,0.57,,100,,8,0.5109,"{""correct"": 47, ""garbage"": 8, ""intermediate_intrusion"": 41, ""primacy_intrusion"": 4}",D,,raw,v3/results_vllm/arbitrary_single/Qwen2.5-3B/stage1_sweep_20260409_010049.json,
01_fvq_cvq,Qwen2.5-3B,Qwen2.5,False,base,arbitrary_single,completion_few_shot,30,20,FVQ,semantic,first,0.06,,0.02,0.11,,100,,17,0.0723,"{""correct"": 6, ""garbage"": 17, ""intermediate_intrusion"": 71, ""recency_intrusion"": 6}",D,,raw,v3/results_vllm/arbitrary_single/Qwen2.5-3B/stage1_sweep_20260409_010049.json,
01_fvq_cvq,Qwen2.5-3B,Qwen2.5,False,base,arbitrary_single,completion_few_shot,30,30,CVQ,semantic,last,0.45,,0.35,0.55,,100,,17,0.5422,"{""correct"": 45, ""garbage"": 17, ""intermediate_intrusion"": 35, ""primacy_intrusion"": 3}",D,,raw,v3/results_vllm/arbitrary_single/Qwen2.5-3B/stage1_sweep_20260409_010049.json,
01_fvq_cvq,Qwen2.5-3B,Qwen2.5,False,base,arbitrary_single,completion_few_shot,30,30,FVQ,semantic,first,0.09,,0.04,0.15,,100,,21,0.1139,"{""correct"": 9, ""garbage"": 21, ""intermediate_intrusion"": 67, ""recency_intrusion"": 3}",D,,raw,v3/results_vllm/arbitrary_single/Qwen2.5-3B/stage1_sweep_20260409_010049.json,
01_fvq_cvq,Qwen2.5-3B,Qwen2.5,False,base,semantic_multi,,2,10,FVQ-CVQ,semantic,,,0.22,,,0.08,,,,,,,,derived,paper/figures/tab_full_sem.tex,gap only — per-condition accuracies not preserved in the .tex; raw sweep not local
01_fvq_cvq,Qwen2.5-3B,Qwen2.5,False,base,semantic_multi,,5,30,FVQ-CVQ,semantic,,,-0.2,,,0.13,,,,,,,,derived,paper/figures/tab_full_sem.tex,gap only — per-condition accuracies not preserved in the .tex; raw sweep not local
01_fvq_cvq,Qwen2.5-3B,Qwen2.5,False,base,semantic_multi,,10,50,FVQ-CVQ,semantic,,,-0.43,,,0.12,,,,,,,,derived,paper/figures/tab_full_sem.tex,gap only — per-condition accuracies not preserved in the .tex; raw sweep not local
01_fvq_cvq,Qwen2.5-3B,Qwen2.5,False,base,semantic_multi,,20,50,FVQ-CVQ,semantic,,,-0.57,,,0.1,,,,,,,,derived,paper/figures/tab_full_sem.tex,gap only — per-condition accuracies not preserved in the .tex; raw sweep not local
01_fvq_cvq,Qwen2.5-3B-Instruct,Qwen2.5,False,base,arbitrary_single,chat_template,2,5,CVQ,semantic,last,0.73,,0.64,0.8102,,100,,1,0.7374,"{""correct"": 73, ""garbage"": 1, ""intermediate_intrusion"": 26}",AB,,raw,v3/results_vllm/arbitrary_single/Qwen2.5-3B-Instruct/stage1_sweep_20260409_000134.json,
01_fvq_cvq,Qwen2.5-3B-Instruct,Qwen2.5,False,base,arbitrary_single,chat_template,2,5,FVQ,semantic,first,0.86,,0.79,0.9202,,100,,0,0.86,"{""correct"": 86, ""intermediate_intrusion"": 13, ""recency_intrusion"": 1}",AB,,raw,v3/results_vllm/arbitrary_single/Qwen2.5-3B-Instruct/stage1_sweep_20260409_000134.json,
01_fvq_cvq,Qwen2.5-3B-Instruct,Qwen2.5,False,base,arbitrary_single,chat_template,2,7,CVQ,semantic,last,0.62,,0.53,0.71,,100,,0,0.62,"{""correct"": 62, ""intermediate_intrusion"": 38}",C,,raw,v3/results_vllm/arbitrary_single/Qwen2.5-3B-Instruct/stage1_sweep_20260409_000134.json,
01_fvq_cvq,Qwen2.5-3B-Instruct,Qwen2.5,False,base,arbitrary_single,chat_template,2,7,FVQ,semantic,first,0.89,,0.82,0.94,,100,,0,0.89,"{""correct"": 89, ""intermediate_intrusion"": 11}",C,,raw,v3/results_vllm/arbitrary_single/Qwen2.5-3B-Instruct/stage1_sweep_20260409_000134.json,
01_fvq_cvq,Qwen2.5-3B-Instruct,Qwen2.5,False,base,arbitrary_single,chat_template,2,10,CVQ,semantic,last,0.55,,0.45,0.65,,100,,1,0.5556,"{""correct"": 55, ""garbage"": 1, ""intermediate_intrusion"": 44}",C,,raw,v3/results_vllm/arbitrary_single/Qwen2.5-3B-Instruct/stage1_sweep_20260409_000134.json,
01_fvq_cvq,Qwen2.5-3B-Instruct,Qwen2.5,False,base,arbitrary_single,chat_template,2,10,FVQ,semantic,first,0.87,,0.8,0.93,,100,,0,0.87,"{""correct"": 87, ""intermediate_intrusion"": 13}",C,,raw,v3/results_vllm/arbitrary_single/Qwen2.5-3B-Instruct/stage1_sweep_20260409_000134.json,
01_fvq_cvq,Qwen2.5-3B-Instruct,Qwen2.5,False,base,arbitrary_single,chat_template,2,15,CVQ,semantic,last,0.44,,0.3498,0.53,,100,,0,0.44,"{""correct"": 44, ""intermediate_intrusion"": 56}",C,,raw,v3/results_vllm/arbitrary_single/Qwen2.5-3B-Instruct/stage1_sweep_20260409_000134.json,
01_fvq_cvq,Qwen2.5-3B-Instruct,Qwen2.5,False,base,arbitrary_single,chat_template,2,15,FVQ,semantic,first,0.82,,0.74,0.89,,100,,3,0.8454,"{""correct"": 82, ""garbage"": 3, ""intermediate_intrusion"": 14, ""recency_intrusion"": 1}",C,,raw,v3/results_vllm/arbitrary_single/Qwen2.5-3B-Instruct/stage1_sweep_20260409_000134.json,
01_fvq_cvq,Qwen2.5-3B-Instruct,Qwen2.5,False,base,arbitrary_single,chat_template,2,20,CVQ,semantic,last,0.47,,0.37,0.57,,100,,1,0.4747,"{""correct"": 47, ""garbage"": 1, ""intermediate_intrusion"": 52}",C,,raw,v3/results_vllm/arbitrary_single/Qwen2.5-3B-Instruct/stage1_sweep_20260409_000134.json,
01_fvq_cvq,Qwen2.5-3B-Instruct,Qwen2.5,False,base,arbitrary_single,chat_template,2,20,FVQ,semantic,first,0.84,,0.76,0.91,,100,,0,0.84,"{""correct"": 84, ""intermediate_intrusion"": 16}",C,,raw,v3/results_vllm/arbitrary_single/Qwen2.5-3B-Instruct/stage1_sweep_20260409_000134.json,
01_fvq_cvq,Qwen2.5-3B-Instruct,Qwen2.5,False,base,arbitrary_single,chat_template,2,30,CVQ,semantic,last,0.41,,0.32,0.51,,100,,5,0.4316,"{""correct"": 41, ""garbage"": 5, ""intermediate_intrusion"": 54}",C,,raw,v3/results_vllm/arbitrary_single/Qwen2.5-3B-Instruct/stage1_sweep_20260409_000134.json,
01_fvq_cvq,Qwen2.5-3B-Instruct,Qwen2.5,False,base,arbitrary_single,chat_template,2,30,FVQ,semantic,first,0.86,,0.79,0.92,,100,,0,0.86,"{""correct"": 86, ""intermediate_intrusion"": 14}",C,,raw,v3/results_vllm/arbitrary_single/Qwen2.5-3B-Instruct/stage1_sweep_20260409_000134.json,
01_fvq_cvq,Qwen2.5-3B-Instruct,Qwen2.5,False,base,arbitrary_single,chat_template,2,50,CVQ,semantic,last,0.26,,0.18,0.35,,100,,12,0.2955,"{""correct"": 26, ""garbage"": 12, ""intermediate_intrusion"": 62}",C,,raw,v3/results_vllm/arbitrary_single/Qwen2.5-3B-Instruct/stage1_sweep_20260409_000134.json,
01_fvq_cvq,Qwen2.5-3B-Instruct,Qwen2.5,False,base,arbitrary_single,chat_template,2,50,FVQ,semantic,first,0.89,,0.83,0.95,,100,,1,0.899,"{""correct"": 89, ""garbage"": 1, ""intermediate_intrusion"": 10}",C,,raw,v3/results_vllm/arbitrary_single/Qwen2.5-3B-Instruct/stage1_sweep_20260409_000134.json,
01_fvq_cvq,Qwen2.5-3B-Instruct,Qwen2.5,False,base,arbitrary_single,chat_template,2,75,CVQ,semantic,last,0.23,,0.15,0.32,,100,,12,0.2614,"{""correct"": 23, ""garbage"": 12, ""intermediate_intrusion"": 65}",C,,raw,v3/results_vllm/arbitrary_single/Qwen2.5-3B-Instruct/stage1_sweep_20260409_000134.json,
01_fvq_cvq,Qwen2.5-3B-Instruct,Qwen2.5,False,base,arbitrary_single,chat_template,2,75,FVQ,semantic,first,0.98,,0.95,1.0,,100,,0,0.98,"{""correct"": 98, ""intermediate_intrusion"": 2}",C,,raw,v3/results_vllm/arbitrary_single/Qwen2.5-3B-Instruct/stage1_sweep_20260409_000134.json,
01_fvq_cvq,Qwen2.5-3B-Instruct,Qwen2.5,False,base,arbitrary_single,chat_template,2,100,CVQ,semantic,last,0.25,,0.17,0.34,,100,,18,0.3049,"{""correct"": 25, ""garbage"": 18, ""intermediate_intrusion"": 57}",C,,raw,v3/results_vllm/arbitrary_single/Qwen2.5-3B-Instruct/stage1_sweep_20260409_000134.json,
01_fvq_cvq,Qwen2.5-3B-Instruct,Qwen2.5,False,base,arbitrary_single,chat_template,2,100,FVQ,semantic,first,0.95,,0.91,0.99,,100,,0,0.95,"{""correct"": 95, ""intermediate_intrusion"": 5}",C,,raw,v3/results_vllm/arbitrary_single/Qwen2.5-3B-Instruct/stage1_sweep_20260409_000134.json,
01_fvq_cvq,Qwen2.5-3B-Instruct,Qwen2.5,False,base,arbitrary_single,chat_template,3,5,CVQ,semantic,last,0.8,,0.72,0.87,,100,,0,0.8,"{""correct"": 80, ""intermediate_intrusion"": 20}",AB,,raw,v3/results_vllm/arbitrary_single/Qwen2.5-3B-Instruct/stage1_sweep_20260409_000134.json,
01_fvq_cvq,Qwen2.5-3B-Instruct,Qwen2.5,False,base,arbitrary_single,chat_template,3,5,FVQ,semantic,first,0.87,,0.8,0.93,,100,,0,0.87,"{""correct"": 87, ""intermediate_intrusion"": 13}",AB,,raw,v3/results_vllm/arbitrary_single/Qwen2.5-3B-Instruct/stage1_sweep_20260409_000134.json,
01_fvq_cvq,Qwen2.5-3B-Instruct,Qwen2.5,False,base,arbitrary_single,chat_template,3,7,CVQ,semantic,last,0.65,,0.56,0.74,,100,,0,0.65,"{""correct"": 65, ""intermediate_intrusion"": 35}",B,,raw,v3/results_vllm/arbitrary_single/Qwen2.5-3B-Instruct/stage1_sweep_20260409_000134.json,
01_fvq_cvq,Qwen2.5-3B-Instruct,Qwen2.5,False,base,arbitrary_single,chat_template,3,7,FVQ,semantic,first,0.82,,0.74,0.89,,100,,1,0.8283,"{""correct"": 82, ""garbage"": 1, ""intermediate_intrusion"": 17}",B,,raw,v3/results_vllm/arbitrary_single/Qwen2.5-3B-Instruct/stage1_sweep_20260409_000134.json,
01_fvq_cvq,Qwen2.5-3B-Instruct,Qwen2.5,False,base,arbitrary_single,chat_template,3,10,CVQ,semantic,last,0.58,,0.48,0.68,,100,,0,0.58,"{""correct"": 58, ""intermediate_intrusion"": 42}",C,,raw,v3/results_vllm/arbitrary_single/Qwen2.5-3B-Instruct/stage1_sweep_20260409_000134.json,
01_fvq_cvq,Qwen2.5-3B-Instruct,Qwen2.5,False,base,arbitrary_single,chat_template,3,10,FVQ,semantic,first,0.87,,0.8,0.93,,100,,0,0.87,"{""correct"": 87, ""intermediate_intrusion"": 13}",C,,raw,v3/results_vllm/arbitrary_single/Qwen2.5-3B-Instruct/stage1_sweep_20260409_000134.json,
01_fvq_cvq,Qwen2.5-3B-Instruct,Qwen2.5,False,base,arbitrary_single,chat_template,3,15,CVQ,semantic,last,0.41,,0.3198,0.51,,100,,0,0.41,"{""correct"": 41, ""intermediate_intrusion"": 59}",C,,raw,v3/results_vllm/arbitrary_single/Qwen2.5-3B-Instruct/stage1_sweep_20260409_000134.json,
01_fvq_cvq,Qwen2.5-3B-Instruct,Qwen2.5,False,base,arbitrary_single,chat_template,3,15,FVQ,semantic,first,0.89,,0.83,0.95,,100,,1,0.899,"{""correct"": 89, ""garbage"": 1, ""intermediate_intrusion"": 10}",C,,raw,v3/results_vllm/arbitrary_single/Qwen2.5-3B-Instruct/stage1_sweep_20260409_000134.json,
01_fvq_cvq,Qwen2.5-3B-Instruct,Qwen2.5,False,base,arbitrary_single,chat_template,3,20,CVQ,semantic,last,0.51,,0.41,0.6002,,100,,2,0.5204,"{""correct"": 51, ""garbage"": 2, ""intermediate_intrusion"": 47}",C,,raw,v3/results_vllm/arbitrary_single/Qwen2.5-3B-Instruct/stage1_sweep_20260409_000134.json,
01_fvq_cvq,Qwen2.5-3B-Instruct,Qwen2.5,False,base,arbitrary_single,chat_template,3,20,FVQ,semantic,first,0.79,,0.71,0.87,,100,,2,0.8061,"{""correct"": 79, ""garbage"": 2, ""intermediate_intrusion"": 19}",C,,raw,v3/results_vllm/arbitrary_single/Qwen2.5-3B-Instruct/stage1_sweep_20260409_000134.json,
01_fvq_cvq,Qwen2.5-3B-Instruct,Qwen2.5,False,base,arbitrary_single,chat_template,3,30,CVQ,semantic,last,0.42,,0.32,0.52,,100,,8,0.4565,"{""correct"": 42, ""garbage"": 8, ""intermediate_intrusion"": 50}",C,,raw,v3/results_vllm/arbitrary_single/Qwen2.5-3B-Instruct/stage1_sweep_20260409_000134.json,
01_fvq_cvq,Qwen2.5-3B-Instruct,Qwen2.5,False,base,arbitrary_single,chat_template,3,30,FVQ,semantic,first,0.86,,0.79,0.93,,100,,5,0.9053,"{""correct"": 86, ""garbage"": 5, ""intermediate_intrusion"": 9}",C,,raw,v3/results_vllm/arbitrary_single/Qwen2.5-3B-Instruct/stage1_sweep_20260409_000134.json,
01_fvq_cvq,Qwen2.5-3B-Instruct,Qwen2.5,False,base,arbitrary_single,chat_template,3,50,CVQ,semantic,last,0.34,,0.2498,0.43,,100,,9,0.3736,"{""correct"": 34, ""garbage"": 9, ""intermediate_intrusion"": 57}",C,,raw,v3/results_vllm/arbitrary_single/Qwen2.5-3B-Instruct/stage1_sweep_20260409_000134.json,
01_fvq_cvq,Qwen2.5-3B-Instruct,Qwen2.5,False,base,arbitrary_single,chat_template,3,50,FVQ,semantic,first,0.84,,0.77,0.91,,100,,3,0.866,"{""correct"": 84, ""garbage"": 3, ""intermediate_intrusion"": 13}",C,,raw,v3/results_vllm/arbitrary_single/Qwen2.5-3B-Instruct/stage1_sweep_20260409_000134.json,
01_fvq_cvq,Qwen2.5-3B-Instruct,Qwen2.5,False,base,arbitrary_single,chat_template,3,75,CVQ,semantic,last,0.29,,0.2,0.39,,100,,8,0.3152,"{""correct"": 29, ""garbage"": 8, ""intermediate_intrusion"": 63}",C,,raw,v3/results_vllm/arbitrary_single/Qwen2.5-3B-Instruct/stage1_sweep_20260409_000134.json,
01_fvq_cvq,Qwen2.5-3B-Instruct,Qwen2.5,False,base,arbitrary_single,chat_template,3,75,FVQ,semantic,first,0.8,,0.71,0.8702,,100,,7,0.8602,"{""correct"": 80, ""garbage"": 7, ""intermediate_intrusion"": 13}",C,,raw,v3/results_vllm/arbitrary_single/Qwen2.5-3B-Instruct/stage1_sweep_20260409_000134.json,
01_fvq_cvq,Qwen2.5-3B-Instruct,Qwen2.5,False,base,arbitrary_single,chat_template,3,100,CVQ,semantic,last,0.35,,0.26,0.4402,,100,,11,0.3933,"{""correct"": 35, ""garbage"": 11, ""intermediate_intrusion"": 54}",C,,raw,v3/results_vllm/arbitrary_single/Qwen2.5-3B-Instruct/stage1_sweep_20260409_000134.json,
01_fvq_cvq,Qwen2.5-3B-Instruct,Qwen2.5,False,base,arbitrary_single,chat_template,3,100,FVQ,semantic,first,0.81,,0.73,0.88,,100,,4,0.8438,"{""correct"": 81, ""garbage"": 4, ""intermediate_intrusion"": 15}",C,,raw,v3/results_vllm/arbitrary_single/Qwen2.5-3B-Instruct/stage1_sweep_20260409_000134.json,
01_fvq_cvq,Qwen2.5-3B-Instruct,Qwen2.5,False,base,arbitrary_single,chat_template,5,5,CVQ,semantic,last,0.68,,0.58,0.7702,,100,,0,0.68,"{""correct"": 68, ""intermediate_intrusion"": 32}",AB,,raw,v3/results_vllm/arbitrary_single/Qwen2.5-3B-Instruct/stage1_sweep_20260409_000134.json,
01_fvq_cvq,Qwen2.5-3B-Instruct,Qwen2.5,False,base,arbitrary_single,chat_template,5,5,FVQ,semantic,first,0.79,,0.71,0.87,,100,,2,0.8061,"{""correct"": 79, ""garbage"": 2, ""intermediate_intrusion"": 16, ""recency_intrusion"": 3}",AB,,raw,v3/results_vllm/arbitrary_single/Qwen2.5-3B-Instruct/stage1_sweep_20260409_000134.json,
01_fvq_cvq,Qwen2.5-3B-Instruct,Qwen2.5,False,base,arbitrary_single,chat_template,5,7,CVQ,semantic,last,0.58,,0.4798,0.68,,100,,1,0.5859,"{""correct"": 58, ""garbage"": 1, ""intermediate_intrusion"": 41}",C,,raw,v3/results_vllm/arbitrary_single/Qwen2.5-3B-Instruct/stage1_sweep_20260409_000134.json,
01_fvq_cvq,Qwen2.5-3B-Instruct,Qwen2.5,False,base,arbitrary_single,chat_template,5,7,FVQ,semantic,first,0.84,,0.7698,0.91,,100,,0,0.84,"{""correct"": 84, ""intermediate_intrusion"": 16}",C,,raw,v3/results_vllm/arbitrary_single/Qwen2.5-3B-Instruct/stage1_sweep_20260409_000134.json,
01_fvq_cvq,Qwen2.5-3B-Instruct,Qwen2.5,False,base,arbitrary_single,chat_template,5,10,CVQ,semantic,last,0.54,,0.44,0.64,,100,,0,0.54,"{""correct"": 54, ""intermediate_intrusion"": 46}",C,,raw,v3/results_vllm/arbitrary_single/Qwen2.5-3B-Instruct/stage1_sweep_20260409_000134.json,
01_fvq_cvq,Qwen2.5-3B-Instruct,Qwen2.5,False,base,arbitrary_single,chat_template,5,10,FVQ,semantic,first,0.87,,0.8,0.93,,100,,0,0.87,"{""correct"": 87, ""intermediate_intrusion"": 13}",C,,raw,v3/results_vllm/arbitrary_single/Qwen2.5-3B-Instruct/stage1_sweep_20260409_000134.json,
01_fvq_cvq,Qwen2.5-3B-Instruct,Qwen2.5,False,base,arbitrary_single,chat_template,5,15,CVQ,semantic,last,0.57,,0.48,0.66,,100,,2,0.5816,"{""correct"": 57, ""garbage"": 2, ""intermediate_intrusion"": 41}",AB,,raw,v3/results_vllm/arbitrary_single/Qwen2.5-3B-Instruct/stage1_sweep_20260409_000134.json,
01_fvq_cvq,Qwen2.5-3B-Instruct,Qwen2.5,False,base,arbitrary_single,chat_template,5,15,FVQ,semantic,first,0.67,,0.58,0.76,,100,,4,0.6979,"{""correct"": 67, ""garbage"": 4, ""intermediate_intrusion"": 26, ""recency_intrusion"": 3}",AB,,raw,v3/results_vllm/arbitrary_single/Qwen2.5-3B-Instruct/stage1_sweep_20260409_000134.json,
01_fvq_cvq,Qwen2.5-3B-Instruct,Qwen2.5,False,base,arbitrary_single,chat_template,5,20,CVQ,semantic,last,0.53,,0.43,0.63,,100,,4,0.5521,"{""correct"": 53, ""garbage"": 4, ""intermediate_intrusion"": 42, ""primacy_intrusion"": 1}",B,,raw,v3/results_vllm/arbitrary_single/Qwen2.5-3B-Instruct/stage1_sweep_20260409_000134.json,
01_fvq_cvq,Qwen2.5-3B-Instruct,Qwen2.5,False,base,arbitrary_single,chat_template,5,20,FVQ,semantic,first,0.68,,0.59,0.77,,100,,1,0.6869,"{""correct"": 68, ""garbage"": 1, ""intermediate_intrusion"": 30, ""recency_intrusion"": 1}",B,,raw,v3/results_vllm/arbitrary_single/Qwen2.5-3B-Instruct/stage1_sweep_20260409_000134.json,
01_fvq_cvq,Qwen2.5-3B-Instruct,Qwen2.5,False,base,arbitrary_single,chat_template,5,30,CVQ,semantic,last,0.52,,0.43,0.62,,100,,4,0.5417,"{""correct"": 52, ""garbage"": 4, ""intermediate_intrusion"": 44}",B,,raw,v3/results_vllm/arbitrary_single/Qwen2.5-3B-Instruct/stage1_sweep_20260409_000134.json,
01_fvq_cvq,Qwen2.5-3B-Instruct,Qwen2.5,False,base,arbitrary_single,chat_template,5,30,FVQ,semantic,first,0.7,,0.61,0.78,,100,,5,0.7368,"{""correct"": 70, ""garbage"": 5, ""intermediate_intrusion"": 25}",B,,raw,v3/results_vllm/arbitrary_single/Qwen2.5-3B-Instruct/stage1_sweep_20260409_000134.json,
01_fvq_cvq,Qwen2.5-3B-Instruct,Qwen2.5,False,base,arbitrary_single,chat_template,5,50,CVQ,semantic,last,0.43,,0.34,0.53,,100,,8,0.4674,"{""correct"": 43, ""garbage"": 8, ""intermediate_intrusion"": 49}",C,,raw,v3/results_vllm/arbitrary_single/Qwen2.5-3B-Instruct/stage1_sweep_20260409_000134.json,
01_fvq_cvq,Qwen2.5-3B-Instruct,Qwen2.5,False,base,arbitrary_single,chat_template,5,50,FVQ,semantic,first,0.68,,0.59,0.77,,100,,2,0.6939,"{""correct"": 68, ""garbage"": 2, ""intermediate_intrusion"": 28, ""recency_intrusion"": 2}",C,,raw,v3/results_vllm/arbitrary_single/Qwen2.5-3B-Instruct/stage1_sweep_20260409_000134.json,
01_fvq_cvq,Qwen2.5-3B-Instruct,Qwen2.5,False,base,arbitrary_single,chat_template,5,75,CVQ,semantic,last,0.43,,0.33,0.53,,100,,14,0.5,"{""correct"": 43, ""garbage"": 14, ""intermediate_intrusion"": 43}",C,,raw,v3/results_vllm/arbitrary_single/Qwen2.5-3B-Instruct/stage1_sweep_20260409_000134.json,
01_fvq_cvq,Qwen2.5-3B-Instruct,Qwen2.5,False,base,arbitrary_single,chat_template,5,75,FVQ,semantic,first,0.69,,0.6,0.78,,100,,4,0.7188,"{""correct"": 69, ""garbage"": 4, ""intermediate_intrusion"": 27}",C,,raw,v3/results_vllm/arbitrary_single/Qwen2.5-3B-Instruct/stage1_sweep_20260409_000134.json,
01_fvq_cvq,Qwen2.5-3B-Instruct,Qwen2.5,False,base,arbitrary_single,chat_template,5,100,CVQ,semantic,last,0.48,,0.38,0.58,,100,,3,0.4948,"{""correct"": 48, ""garbage"": 3, ""intermediate_intrusion"": 49}",A,,raw,v3/results_vllm/arbitrary_single/Qwen2.5-3B-Instruct/stage1_sweep_20260409_000134.json,
01_fvq_cvq,Qwen2.5-3B-Instruct,Qwen2.5,False,base,arbitrary_single,chat_template,5,100,FVQ,semantic,first,0.5,,0.4,0.59,,100,,5,0.5263,"{""correct"": 50, ""garbage"": 5, ""intermediate_intrusion"": 44, ""recency_intrusion"": 1}",A,,raw,v3/results_vllm/arbitrary_single/Qwen2.5-3B-Instruct/stage1_sweep_20260409_000134.json,
01_fvq_cvq,Qwen2.5-3B-Instruct,Qwen2.5,False,base,arbitrary_single,chat_template,7,5,CVQ,semantic,last,0.69,,0.6,0.78,,100,,0,0.69,"{""correct"": 69, ""intermediate_intrusion"": 31}",A,,raw,v3/results_vllm/arbitrary_single/Qwen2.5-3B-Instruct/stage1_sweep_20260409_000134.json,
01_fvq_cvq,Qwen2.5-3B-Instruct,Qwen2.5,False,base,arbitrary_single,chat_template,7,5,FVQ,semantic,first,0.69,,0.6,0.78,,100,,1,0.697,"{""correct"": 69, ""garbage"": 1, ""intermediate_intrusion"": 28, ""recency_intrusion"": 2}",A,,raw,v3/results_vllm/arbitrary_single/Qwen2.5-3B-Instruct/stage1_sweep_20260409_000134.json,
01_fvq_cvq,Qwen2.5-3B-Instruct,Qwen2.5,False,base,arbitrary_single,chat_template,7,7,CVQ,semantic,last,0.57,,0.48,0.67,,100,,0,0.57,"{""correct"": 57, ""intermediate_intrusion"": 43}",B,,raw,v3/results_vllm/arbitrary_single/Qwen2.5-3B-Instruct/stage1_sweep_20260409_000134.json,
01_fvq_cvq,Qwen2.5-3B-Instruct,Qwen2.5,False,base,arbitrary_single,chat_template,7,7,FVQ,semantic,first,0.73,,0.64,0.81,,100,,1,0.7374,"{""correct"": 73, ""garbage"": 1, ""intermediate_intrusion"": 23, ""recency_intrusion"": 3}",B,,raw,v3/results_vllm/arbitrary_single/Qwen2.5-3B-Instruct/stage1_sweep_20260409_000134.json,
01_fvq_cvq,Qwen2.5-3B-Instruct,Qwen2.5,False,base,arbitrary_single,chat_template,7,10,CVQ,semantic,last,0.52,,0.42,0.62,,100,,1,0.5253,"{""correct"": 52, ""garbage"": 1, ""intermediate_intrusion"": 47}",B,,raw,v3/results_vllm/arbitrary_single/Qwen2.5-3B-Instruct/stage1_sweep_20260409_000134.json,
01_fvq_cvq,Qwen2.5-3B-Instruct,Qwen2.5,False,base,arbitrary_single,chat_template,7,10,FVQ,semantic,first,0.7,,0.61,0.79,,100,,0,0.7,"{""correct"": 70, ""intermediate_intrusion"": 28, ""recency_intrusion"": 2}",B,,raw,v3/results_vllm/arbitrary_single/Qwen2.5-3B-Instruct/stage1_sweep_20260409_000134.json,
01_fvq_cvq,Qwen2.5-3B-Instruct,Qwen2.5,False,base,arbitrary_single,chat_template,7,15,CVQ,semantic,last,0.43,,0.3398,0.53,,100,,4,0.4479,"{""correct"": 43, ""garbage"": 4, ""intermediate_intrusion"": 53}",C,,raw,v3/results_vllm/arbitrary_single/Qwen2.5-3B-Instruct/stage1_sweep_20260409_000134.json,
01_fvq_cvq,Qwen2.5-3B-Instruct,Qwen2.5,False,base,arbitrary_single,chat_template,7,15,FVQ,semantic,first,0.72,,0.6398,0.81,,100,,0,0.72,"{""correct"": 72, ""intermediate_intrusion"": 26, ""recency_intrusion"": 2}",C,,raw,v3/results_vllm/arbitrary_single/Qwen2.5-3B-Instruct/stage1_sweep_20260409_000134.json,
01_fvq_cvq,Qwen2.5-3B-Instruct,Qwen2.5,False,base,arbitrary_single,chat_template,7,20,CVQ,semantic,last,0.52,,0.42,0.62,,100,,1,0.5253,"{""correct"": 52, ""garbage"": 1, ""intermediate_intrusion"": 47}",AB,,raw,v3/results_vllm/arbitrary_single/Qwen2.5-3B-Instruct/stage1_sweep_20260409_000134.json,
01_fvq_cvq,Qwen2.5-3B-Instruct,Qwen2.5,False,base,arbitrary_single,chat_template,7,20,FVQ,semantic,first,0.66,,0.57,0.75,,100,,6,0.7021,"{""correct"": 66, ""garbage"": 6, ""intermediate_intrusion"": 27, ""recency_intrusion"": 1}",AB,,raw,v3/results_vllm/arbitrary_single/Qwen2.5-3B-Instruct/stage1_sweep_20260409_000134.json,
01_fvq_cvq,Qwen2.5-3B-Instruct,Qwen2.5,False,base,arbitrary_single,chat_template,7,30,CVQ,semantic,last,0.38,,0.28,0.48,,100,,6,0.4043,"{""correct"": 38, ""garbage"": 6, ""intermediate_intrusion"": 56}",AB,,raw,v3/results_vllm/arbitrary_single/Qwen2.5-3B-Instruct/stage1_sweep_20260409_000134.json,
01_fvq_cvq,Qwen2.5-3B-Instruct,Qwen2.5,False,base,arbitrary_single,chat_template,7,30,FVQ,semantic,first,0.5,,0.4,0.6,,100,,2,0.5102,"{""correct"": 50, ""garbage"": 2, ""intermediate_intrusion"": 46, ""recency_intrusion"": 2}",AB,,raw,v3/results_vllm/arbitrary_single/Qwen2.5-3B-Instruct/stage1_sweep_20260409_000134.json,
01_fvq_cvq,Qwen2.5-3B-Instruct,Qwen2.5,False,base,arbitrary_single,chat_template,7,50,CVQ,semantic,last,0.46,,0.36,0.55,,100,,2,0.4694,"{""correct"": 46, ""garbage"": 2, ""intermediate_intrusion"": 52}",AB,,raw,v3/results_vllm/arbitrary_single/Qwen2.5-3B-Instruct/stage1_sweep_20260409_000134.json,
01_fvq_cvq,Qwen2.5-3B-Instruct,Qwen2.5,False,base,arbitrary_single,chat_template,7,50,FVQ,semantic,first,0.52,,0.42,0.62,,100,,3,0.5361,"{""correct"": 52, ""garbage"": 3, ""intermediate_intrusion"": 43, ""recency_intrusion"": 2}",AB,,raw,v3/results_vllm/arbitrary_single/Qwen2.5-3B-Instruct/stage1_sweep_20260409_000134.json,
01_fvq_cvq,Qwen2.5-3B-Instruct,Qwen2.5,False,base,arbitrary_single,chat_template,7,75,CVQ,semantic,last,0.51,,0.41,0.61,,100,,6,0.5426,"{""correct"": 51, ""garbage"": 6, ""intermediate_intrusion"": 43}",D,,raw,v3/results_vllm/arbitrary_single/Qwen2.5-3B-Instruct/stage1_sweep_20260409_000134.json,
01_fvq_cvq,Qwen2.5-3B-Instruct,Qwen2.5,False,base,arbitrary_single,chat_template,7,75,FVQ,semantic,first,0.44,,0.35,0.54,,100,,4,0.4583,"{""correct"": 44, ""garbage"": 4, ""intermediate_intrusion"": 49, ""recency_intrusion"": 3}",D,,raw,v3/results_vllm/arbitrary_single/Qwen2.5-3B-Instruct/stage1_sweep_20260409_000134.json,
01_fvq_cvq,Qwen2.5-3B-Instruct,Qwen2.5,False,base,arbitrary_single,chat_template,7,100,CVQ,semantic,last,0.55,,0.45,0.64,,100,,6,0.5851,"{""correct"": 55, ""garbage"": 6, ""intermediate_intrusion"": 39}",D,,raw,v3/results_vllm/arbitrary_single/Qwen2.5-3B-Instruct/stage1_sweep_20260409_000134.json,
01_fvq_cvq,Qwen2.5-3B-Instruct,Qwen2.5,False,base,arbitrary_single,chat_template,7,100,FVQ,semantic,first,0.37,,0.28,0.47,,100,,13,0.4253,"{""correct"": 37, ""garbage"": 13, ""intermediate_intrusion"": 50}",D,,raw,v3/results_vllm/arbitrary_single/Qwen2.5-3B-Instruct/stage1_sweep_20260409_000134.json,
01_fvq_cvq,Qwen2.5-3B-Instruct,Qwen2.5,False,base,arbitrary_single,chat_template,10,5,CVQ,semantic,last,0.57,,0.47,0.66,,100,,0,0.57,"{""correct"": 57, ""intermediate_intrusion"": 43}",B,,raw,v3/results_vllm/arbitrary_single/Qwen2.5-3B-Instruct/stage1_sweep_20260409_000134.json,
01_fvq_cvq,Qwen2.5-3B-Instruct,Qwen2.5,False,base,arbitrary_single,chat_template,10,5,FVQ,semantic,first,0.76,,0.67,0.84,,100,,0,0.76,"{""correct"": 76, ""intermediate_intrusion"": 19, ""recency_intrusion"": 5}",B,,raw,v3/results_vllm/arbitrary_single/Qwen2.5-3B-Instruct/stage1_sweep_20260409_000134.json,
01_fvq_cvq,Qwen2.5-3B-Instruct,Qwen2.5,False,base,arbitrary_single,chat_template,10,7,CVQ,semantic,last,0.51,,0.41,0.6,,100,,3,0.5258,"{""correct"": 51, ""garbage"": 3, ""intermediate_intrusion"": 46}",AB,,raw,v3/results_vllm/arbitrary_single/Qwen2.5-3B-Instruct/stage1_sweep_20260409_000134.json,
01_fvq_cvq,Qwen2.5-3B-Instruct,Qwen2.5,False,base,arbitrary_single,chat_template,10,7,FVQ,semantic,first,0.63,,0.53,0.72,,100,,3,0.6495,"{""correct"": 63, ""garbage"": 3, ""intermediate_intrusion"": 29, ""recency_intrusion"": 5}",AB,,raw,v3/results_vllm/arbitrary_single/Qwen2.5-3B-Instruct/stage1_sweep_20260409_000134.json,
01_fvq_cvq,Qwen2.5-3B-Instruct,Qwen2.5,False,base,arbitrary_single,chat_template,10,10,CVQ,semantic,last,0.4,,0.3,0.5,,100,,5,0.4211,"{""correct"": 40, ""garbage"": 5, ""intermediate_intrusion"": 54, ""primacy_intrusion"": 1}",B,,raw,v3/results_vllm/arbitrary_single/Qwen2.5-3B-Instruct/stage1_sweep_20260409_000134.json,
01_fvq_cvq,Qwen2.5-3B-Instruct,Qwen2.5,False,base,arbitrary_single,chat_template,10,10,FVQ,semantic,first,0.62,,0.52,0.72,,100,,2,0.6327,"{""correct"": 62, ""garbage"": 2, ""intermediate_intrusion"": 31, ""recency_intrusion"": 5}",B,,raw,v3/results_vllm/arbitrary_single/Qwen2.5-3B-Instruct/stage1_sweep_20260409_000134.json,
01_fvq_cvq,Qwen2.5-3B-Instruct,Qwen2.5,False,base,arbitrary_single,chat_template,10,15,CVQ,semantic,last,0.52,,0.42,0.6102,,100,,4,0.5417,"{""correct"": 52, ""garbage"": 4, ""intermediate_intrusion"": 44}",D,,raw,v3/results_vllm/arbitrary_single/Qwen2.5-3B-Instruct/stage1_sweep_20260409_000134.json,
01_fvq_cvq,Qwen2.5-3B-Instruct,Qwen2.5,False,base,arbitrary_single,chat_template,10,15,FVQ,semantic,first,0.49,,0.39,0.58,,100,,4,0.5104,"{""correct"": 49, ""garbage"": 4, ""intermediate_intrusion"": 46, ""recency_intrusion"": 1}",D,,raw,v3/results_vllm/arbitrary_single/Qwen2.5-3B-Instruct/stage1_sweep_20260409_000134.json,
01_fvq_cvq,Qwen2.5-3B-Instruct,Qwen2.5,False,base,arbitrary_single,chat_template,10,20,CVQ,semantic,last,0.52,,0.42,0.62,,100,,7,0.5591,"{""correct"": 52, ""garbage"": 7, ""intermediate_intrusion"": 41}",D,,raw,v3/results_vllm/arbitrary_single/Qwen2.5-3B-Instruct/stage1_sweep_20260409_000134.json,
01_fvq_cvq,Qwen2.5-3B-Instruct,Qwen2.5,False,base,arbitrary_single,chat_template,10,20,FVQ,semantic,first,0.44,,0.34,0.54,,100,,3,0.4536,"{""correct"": 44, ""garbage"": 3, ""intermediate_intrusion"": 51, ""recency_intrusion"": 2}",D,,raw,v3/results_vllm/arbitrary_single/Qwen2.5-3B-Instruct/stage1_sweep_20260409_000134.json,
01_fvq_cvq,Qwen2.5-3B-Instruct,Qwen2.5,False,base,arbitrary_single,chat_template,10,30,CVQ,semantic,last,0.46,,0.36,0.55,,100,,9,0.5055,"{""correct"": 46, ""garbage"": 9, ""intermediate_intrusion"": 45}",D,,raw,v3/results_vllm/arbitrary_single/Qwen2.5-3B-Instruct/stage1_sweep_20260409_000134.json,
01_fvq_cvq,Qwen2.5-3B-Instruct,Qwen2.5,False,base,arbitrary_single,chat_template,10,30,FVQ,semantic,first,0.41,,0.32,0.51,,100,,5,0.4316,"{""correct"": 41, ""garbage"": 5, ""intermediate_intrusion"": 52, ""recency_intrusion"": 2}",D,,raw,v3/results_vllm/arbitrary_single/Qwen2.5-3B-Instruct/stage1_sweep_20260409_000134.json,
01_fvq_cvq,Qwen2.5-3B-Instruct,Qwen2.5,False,base,arbitrary_single,chat_template,10,50,CVQ,semantic,last,0.5,,0.4,0.6,,100,,6,0.5319,"{""correct"": 50, ""garbage"": 6, ""intermediate_intrusion"": 44}",D,,raw,v3/results_vllm/arbitrary_single/Qwen2.5-3B-Instruct/stage1_sweep_20260409_000134.json,
01_fvq_cvq,Qwen2.5-3B-Instruct,Qwen2.5,False,base,arbitrary_single,chat_template,10,50,FVQ,semantic,first,0.42,,0.32,0.52,,100,,4,0.4375,"{""correct"": 42, ""garbage"": 4, ""intermediate_intrusion"": 52, ""recency_intrusion"": 2}",D,,raw,v3/results_vllm/arbitrary_single/Qwen2.5-3B-Instruct/stage1_sweep_20260409_000134.json,
01_fvq_cvq,Qwen2.5-3B-Instruct,Qwen2.5,False,base,arbitrary_single,chat_template,10,75,CVQ,semantic,last,0.58,,0.48,0.67,,100,,4,0.6042,"{""correct"": 58, ""garbage"": 4, ""intermediate_intrusion"": 38}",D,,raw,v3/results_vllm/arbitrary_single/Qwen2.5-3B-Instruct/stage1_sweep_20260409_000134.json,
01_fvq_cvq,Qwen2.5-3B-Instruct,Qwen2.5,False,base,arbitrary_single,chat_template,10,75,FVQ,semantic,first,0.22,,0.14,0.3,,100,,14,0.2558,"{""correct"": 22, ""garbage"": 14, ""intermediate_intrusion"": 59, ""recency_intrusion"": 5}",D,,raw,v3/results_vllm/arbitrary_single/Qwen2.5-3B-Instruct/stage1_sweep_20260409_000134.json,
01_fvq_cvq,Qwen2.5-3B-Instruct,Qwen2.5,False,base,arbitrary_single,chat_template,10,100,CVQ,semantic,last,0.56,,0.46,0.6502,,100,,10,0.6222,"{""correct"": 56, ""garbage"": 10, ""intermediate_intrusion"": 34}",D,,raw,v3/results_vllm/arbitrary_single/Qwen2.5-3B-Instruct/stage1_sweep_20260409_000134.json,
01_fvq_cvq,Qwen2.5-3B-Instruct,Qwen2.5,False,base,arbitrary_single,chat_template,10,100,FVQ,semantic,first,0.22,,0.14,0.3,,100,,6,0.234,"{""correct"": 22, ""garbage"": 6, ""intermediate_intrusion"": 67, ""recency_intrusion"": 5}",D,,raw,v3/results_vllm/arbitrary_single/Qwen2.5-3B-Instruct/stage1_sweep_20260409_000134.json,
01_fvq_cvq,Qwen2.5-3B-Instruct,Qwen2.5,False,base,arbitrary_single,chat_template,15,5,CVQ,semantic,last,0.57,,0.47,0.66,,100,,0,0.57,"{""correct"": 57, ""intermediate_intrusion"": 42, ""primacy_intrusion"": 1}",AB,,raw,v3/results_vllm/arbitrary_single/Qwen2.5-3B-Instruct/stage1_sweep_20260409_000134.json,
01_fvq_cvq,Qwen2.5-3B-Instruct,Qwen2.5,False,base,arbitrary_single,chat_template,15,5,FVQ,semantic,first,0.65,,0.55,0.74,,100,,2,0.6633,"{""correct"": 65, ""garbage"": 2, ""intermediate_intrusion"": 30, ""recency_intrusion"": 3}",AB,,raw,v3/results_vllm/arbitrary_single/Qwen2.5-3B-Instruct/stage1_sweep_20260409_000134.json,
01_fvq_cvq,Qwen2.5-3B-Instruct,Qwen2.5,False,base,arbitrary_single,chat_template,15,7,CVQ,semantic,last,0.45,,0.36,0.55,,100,,1,0.4545,"{""correct"": 45, ""garbage"": 1, ""intermediate_intrusion"": 53, ""primacy_intrusion"": 1}",AB,,raw,v3/results_vllm/arbitrary_single/Qwen2.5-3B-Instruct/stage1_sweep_20260409_000134.json,
01_fvq_cvq,Qwen2.5-3B-Instruct,Qwen2.5,False,base,arbitrary_single,chat_template,15,7,FVQ,semantic,first,0.58,,0.48,0.67,,100,,1,0.5859,"{""correct"": 58, ""garbage"": 1, ""intermediate_intrusion"": 37, ""recency_intrusion"": 4}",AB,,raw,v3/results_vllm/arbitrary_single/Qwen2.5-3B-Instruct/stage1_sweep_20260409_000134.json,
01_fvq_cvq,Qwen2.5-3B-Instruct,Qwen2.5,False,base,arbitrary_single,chat_template,15,10,CVQ,semantic,last,0.46,,0.36,0.56,,100,,3,0.4742,"{""correct"": 46, ""garbage"": 3, ""intermediate_intrusion"": 51}",AB,,raw,v3/results_vllm/arbitrary_single/Qwen2.5-3B-Instruct/stage1_sweep_20260409_000134.json,
01_fvq_cvq,Qwen2.5-3B-Instruct,Qwen2.5,False,base,arbitrary_single,chat_template,15,10,FVQ,semantic,first,0.58,,0.48,0.67,,100,,2,0.5918,"{""correct"": 58, ""garbage"": 2, ""intermediate_intrusion"": 36, ""recency_intrusion"": 4}",AB,,raw,v3/results_vllm/arbitrary_single/Qwen2.5-3B-Instruct/stage1_sweep_20260409_000134.json,
01_fvq_cvq,Qwen2.5-3B-Instruct,Qwen2.5,False,base,arbitrary_single,chat_template,15,15,CVQ,semantic,last,0.49,,0.39,0.59,,100,,4,0.5104,"{""correct"": 49, ""garbage"": 4, ""intermediate_intrusion"": 46, ""primacy_intrusion"": 1}",D,,raw,v3/results_vllm/arbitrary_single/Qwen2.5-3B-Instruct/stage1_sweep_20260409_000134.json,
01_fvq_cvq,Qwen2.5-3B-Instruct,Qwen2.5,False,base,arbitrary_single,chat_template,15,15,FVQ,semantic,first,0.44,,0.35,0.54,,100,,3,0.4536,"{""correct"": 44, ""garbage"": 3, ""intermediate_intrusion"": 49, ""recency_intrusion"": 4}",D,,raw,v3/results_vllm/arbitrary_single/Qwen2.5-3B-Instruct/stage1_sweep_20260409_000134.json,
01_fvq_cvq,Qwen2.5-3B-Instruct,Qwen2.5,False,base,arbitrary_single,chat_template,15,20,CVQ,semantic,last,0.58,,0.48,0.67,,100,,4,0.6042,"{""correct"": 58, ""garbage"": 4, ""intermediate_intrusion"": 38}",D,,raw,v3/results_vllm/arbitrary_single/Qwen2.5-3B-Instruct/stage1_sweep_20260409_000134.json,
01_fvq_cvq,Qwen2.5-3B-Instruct,Qwen2.5,False,base,arbitrary_single,chat_template,15,20,FVQ,semantic,first,0.32,,0.23,0.42,,100,,5,0.3368,"{""correct"": 32, ""garbage"": 5, ""intermediate_intrusion"": 60, ""recency_intrusion"": 3}",D,,raw,v3/results_vllm/arbitrary_single/Qwen2.5-3B-Instruct/stage1_sweep_20260409_000134.json,
01_fvq_cvq,Qwen2.5-3B-Instruct,Qwen2.5,False,base,arbitrary_single,chat_template,15,30,CVQ,semantic,last,0.6,,0.5,0.69,,100,,8,0.6522,"{""correct"": 60, ""garbage"": 8, ""intermediate_intrusion"": 32}",D,,raw,v3/results_vllm/arbitrary_single/Qwen2.5-3B-Instruct/stage1_sweep_20260409_000134.json,
01_fvq_cvq,Qwen2.5-3B-Instruct,Qwen2.5,False,base,arbitrary_single,chat_template,15,30,FVQ,semantic,first,0.35,,0.2598,0.44,,100,,4,0.3646,"{""correct"": 35, ""garbage"": 4, ""intermediate_intrusion"": 57, ""recency_intrusion"": 4}",D,,raw,v3/results_vllm/arbitrary_single/Qwen2.5-3B-Instruct/stage1_sweep_20260409_000134.json,
01_fvq_cvq,Qwen2.5-3B-Instruct,Qwen2.5,False,base,arbitrary_single,chat_template,15,50,CVQ,semantic,last,0.59,,0.49,0.68,,100,,6,0.6277,"{""correct"": 59, ""garbage"": 6, ""intermediate_intrusion"": 35}",D,,raw,v3/results_vllm/arbitrary_single/Qwen2.5-3B-Instruct/stage1_sweep_20260409_000134.json,
01_fvq_cvq,Qwen2.5-3B-Instruct,Qwen2.5,False,base,arbitrary_single,chat_template,15,50,FVQ,semantic,first,0.18,,0.11,0.26,,100,,9,0.1978,"{""correct"": 18, ""garbage"": 9, ""intermediate_intrusion"": 68, ""recency_intrusion"": 5}",D,,raw,v3/results_vllm/arbitrary_single/Qwen2.5-3B-Instruct/stage1_sweep_20260409_000134.json,
01_fvq_cvq,Qwen2.5-3B-Instruct,Qwen2.5,False,base,arbitrary_single,chat_template,15,75,CVQ,semantic,last,0.56,,0.46,0.66,,100,,8,0.6087,"{""correct"": 56, ""garbage"": 8, ""intermediate_intrusion"": 36}",D,,raw,v3/results_vllm/arbitrary_single/Qwen2.5-3B-Instruct/stage1_sweep_20260409_000134.json,
01_fvq_cvq,Qwen2.5-3B-Instruct,Qwen2.5,False,base,arbitrary_single,chat_template,15,75,FVQ,semantic,first,0.11,,0.05,0.18,,100,,9,0.1209,"{""correct"": 11, ""garbage"": 9, ""intermediate_intrusion"": 71, ""recency_intrusion"": 9}",D,,raw,v3/results_vllm/arbitrary_single/Qwen2.5-3B-Instruct/stage1_sweep_20260409_000134.json,
01_fvq_cvq,Qwen2.5-3B-Instruct,Qwen2.5,False,base,arbitrary_single,chat_template,15,100,CVQ,semantic,last,0.5,,0.4,0.6,,100,,8,0.5435,"{""correct"": 50, ""garbage"": 8, ""intermediate_intrusion"": 42}",D,,raw,v3/results_vllm/arbitrary_single/Qwen2.5-3B-Instruct/stage1_sweep_20260409_000134.json,
01_fvq_cvq,Qwen2.5-3B-Instruct,Qwen2.5,False,base,arbitrary_single,chat_template,15,100,FVQ,semantic,first,0.06,,0.02,0.11,,100,,22,0.0769,"{""correct"": 6, ""garbage"": 22, ""intermediate_intrusion"": 72}",D,,raw,v3/results_vllm/arbitrary_single/Qwen2.5-3B-Instruct/stage1_sweep_20260409_000134.json,
01_fvq_cvq,Qwen2.5-3B-Instruct,Qwen2.5,False,base,arbitrary_single,chat_template,20,5,CVQ,semantic,last,0.4,,0.31,0.5,,100,,1,0.404,"{""correct"": 40, ""garbage"": 1, ""intermediate_intrusion"": 56, ""primacy_intrusion"": 3}",B,,raw,v3/results_vllm/arbitrary_single/Qwen2.5-3B-Instruct/stage1_sweep_20260409_000134.json,
01_fvq_cvq,Qwen2.5-3B-Instruct,Qwen2.5,False,base,arbitrary_single,chat_template,20,5,FVQ,semantic,first,0.64,,0.54,0.73,,100,,0,0.64,"{""correct"": 64, ""intermediate_intrusion"": 32, ""recency_intrusion"": 4}",B,,raw,v3/results_vllm/arbitrary_single/Qwen2.5-3B-Instruct/stage1_sweep_20260409_000134.json,
01_fvq_cvq,Qwen2.5-3B-Instruct,Qwen2.5,False,base,arbitrary_single,chat_template,20,7,CVQ,semantic,last,0.42,,0.33,0.52,,100,,0,0.42,"{""correct"": 42, ""intermediate_intrusion"": 56, ""primacy_intrusion"": 2}",B,,raw,v3/results_vllm/arbitrary_single/Qwen2.5-3B-Instruct/stage1_sweep_20260409_000134.json,
01_fvq_cvq,Qwen2.5-3B-Instruct,Qwen2.5,False,base,arbitrary_single,chat_template,20,7,FVQ,semantic,first,0.61,,0.52,0.71,,100,,2,0.6224,"{""correct"": 61, ""garbage"": 2, ""intermediate_intrusion"": 32, ""recency_intrusion"": 5}",B,,raw,v3/results_vllm/arbitrary_single/Qwen2.5-3B-Instruct/stage1_sweep_20260409_000134.json,
01_fvq_cvq,Qwen2.5-3B-Instruct,Qwen2.5,False,base,arbitrary_single,chat_template,20,10,CVQ,semantic,last,0.45,,0.35,0.55,,100,,2,0.4592,"{""correct"": 45, ""garbage"": 2, ""intermediate_intrusion"": 51, ""primacy_intrusion"": 2}",A,,raw,v3/results_vllm/arbitrary_single/Qwen2.5-3B-Instruct/stage1_sweep_20260409_000134.json,
01_fvq_cvq,Qwen2.5-3B-Instruct,Qwen2.5,False,base,arbitrary_single,chat_template,20,10,FVQ,semantic,first,0.5,,0.4,0.6,,100,,4,0.5208,"{""correct"": 50, ""garbage"": 4, ""intermediate_intrusion"": 43, ""recency_intrusion"": 3}",A,,raw,v3/results_vllm/arbitrary_single/Qwen2.5-3B-Instruct/stage1_sweep_20260409_000134.json,
01_fvq_cvq,Qwen2.5-3B-Instruct,Qwen2.5,False,base,arbitrary_single,chat_template,20,15,CVQ,semantic,last,0.5,,0.4,0.6,,100,,6,0.5319,"{""correct"": 50, ""garbage"": 6, ""intermediate_intrusion"": 44}",D,,raw,v3/results_vllm/arbitrary_single/Qwen2.5-3B-Instruct/stage1_sweep_20260409_000134.json,
01_fvq_cvq,Qwen2.5-3B-Instruct,Qwen2.5,False,base,arbitrary_single,chat_template,20,15,FVQ,semantic,first,0.34,,0.25,0.4202,,100,,3,0.3505,"{""correct"": 34, ""garbage"": 3, ""intermediate_intrusion"": 58, ""recency_intrusion"": 5}",D,,raw,v3/results_vllm/arbitrary_single/Qwen2.5-3B-Instruct/stage1_sweep_20260409_000134.json,
01_fvq_cvq,Qwen2.5-3B-Instruct,Qwen2.5,False,base,arbitrary_single,chat_template,20,20,CVQ,semantic,last,0.53,,0.44,0.63,,100,,11,0.5955,"{""correct"": 53, ""garbage"": 11, ""intermediate_intrusion"": 36}",D,,raw,v3/results_vllm/arbitrary_single/Qwen2.5-3B-Instruct/stage1_sweep_20260409_000134.json,
01_fvq_cvq,Qwen2.5-3B-Instruct,Qwen2.5,False,base,arbitrary_single,chat_template,20,20,FVQ,semantic,first,0.21,,0.13,0.29,,100,,11,0.236,"{""correct"": 21, ""garbage"": 11, ""intermediate_intrusion"": 64, ""recency_intrusion"": 4}",D,,raw,v3/results_vllm/arbitrary_single/Qwen2.5-3B-Instruct/stage1_sweep_20260409_000134.json,
01_fvq_cvq,Qwen2.5-3B-Instruct,Qwen2.5,False,base,arbitrary_single,chat_template,20,30,CVQ,semantic,last,0.51,,0.41,0.6,,100,,4,0.5312,"{""correct"": 51, ""garbage"": 4, ""intermediate_intrusion"": 45}",D,,raw,v3/results_vllm/arbitrary_single/Qwen2.5-3B-Instruct/stage1_sweep_20260409_000134.json,
01_fvq_cvq,Qwen2.5-3B-Instruct,Qwen2.5,False,base,arbitrary_single,chat_template,20,30,FVQ,semantic,first,0.21,,0.13,0.29,,100,,8,0.2283,"{""correct"": 21, ""garbage"": 8, ""intermediate_intrusion"": 68, ""recency_intrusion"": 3}",D,,raw,v3/results_vllm/arbitrary_single/Qwen2.5-3B-Instruct/stage1_sweep_20260409_000134.json,
01_fvq_cvq,Qwen2.5-3B-Instruct,Qwen2.5,False,base,arbitrary_single,chat_template,20,50,CVQ,semantic,last,0.62,,0.53,0.71,,100,,8,0.6739,"{""correct"": 62, ""garbage"": 8, ""intermediate_intrusion"": 29, ""primacy_intrusion"": 1}",D,,raw,v3/results_vllm/arbitrary_single/Qwen2.5-3B-Instruct/stage1_sweep_20260409_000134.json,
01_fvq_cvq,Qwen2.5-3B-Instruct,Qwen2.5,False,base,arbitrary_single,chat_template,20,50,FVQ,semantic,first,0.08,,0.03,0.13,,100,,8,0.087,"{""correct"": 8, ""garbage"": 8, ""intermediate_intrusion"": 78, ""recency_intrusion"": 6}",D,,raw,v3/results_vllm/arbitrary_single/Qwen2.5-3B-Instruct/stage1_sweep_20260409_000134.json,
01_fvq_cvq,Qwen2.5-3B-Instruct,Qwen2.5,False,base,arbitrary_single,chat_template,20,75,CVQ,semantic,last,0.56,,0.46,0.66,,100,,8,0.6087,"{""correct"": 56, ""garbage"": 8, ""intermediate_intrusion"": 36}",D,,raw,v3/results_vllm/arbitrary_single/Qwen2.5-3B-Instruct/stage1_sweep_20260409_000134.json,
01_fvq_cvq,Qwen2.5-3B-Instruct,Qwen2.5,False,base,arbitrary_single,chat_template,20,75,FVQ,semantic,first,0.06,,0.02,0.11,,100,,16,0.0714,"{""correct"": 6, ""garbage"": 16, ""intermediate_intrusion"": 70, ""recency_intrusion"": 8}",D,,raw,v3/results_vllm/arbitrary_single/Qwen2.5-3B-Instruct/stage1_sweep_20260409_000134.json,
01_fvq_cvq,Qwen2.5-3B-Instruct,Qwen2.5,False,base,arbitrary_single,chat_template,20,100,CVQ,semantic,last,0.55,,0.4598,0.65,,100,,15,0.6471,"{""correct"": 55, ""garbage"": 15, ""intermediate_intrusion"": 30}",D,,raw,v3/results_vllm/arbitrary_single/Qwen2.5-3B-Instruct/stage1_sweep_20260409_000134.json,
01_fvq_cvq,Qwen2.5-3B-Instruct,Qwen2.5,False,base,arbitrary_single,chat_template,20,100,FVQ,semantic,first,0.03,,0.0,0.07,,100,,24,0.0395,"{""correct"": 3, ""garbage"": 24, ""intermediate_intrusion"": 68, ""recency_intrusion"": 5}",D,,raw,v3/results_vllm/arbitrary_single/Qwen2.5-3B-Instruct/stage1_sweep_20260409_000134.json,
01_fvq_cvq,Qwen2.5-3B-Instruct,Qwen2.5,False,base,arbitrary_single,chat_template,25,5,CVQ,semantic,last,0.35,,0.25,0.44,,100,,2,0.3571,"{""correct"": 35, ""garbage"": 2, ""intermediate_intrusion"": 59, ""primacy_intrusion"": 4}",C,,raw,v3/results_vllm/arbitrary_single/Qwen2.5-3B-Instruct/stage1_sweep_20260409_000134.json,
01_fvq_cvq,Qwen2.5-3B-Instruct,Qwen2.5,False,base,arbitrary_single,chat_template,25,5,FVQ,semantic,first,0.65,,0.55,0.74,,100,,2,0.6633,"{""correct"": 65, ""garbage"": 2, ""intermediate_intrusion"": 30, ""recency_intrusion"": 3}",C,,raw,v3/results_vllm/arbitrary_single/Qwen2.5-3B-Instruct/stage1_sweep_20260409_000134.json,
01_fvq_cvq,Qwen2.5-3B-Instruct,Qwen2.5,False,base,arbitrary_single,chat_template,25,7,CVQ,semantic,last,0.46,,0.37,0.55,,100,,3,0.4742,"{""correct"": 46, ""garbage"": 3, ""intermediate_intrusion"": 50, ""primacy_intrusion"": 1}",AB,,raw,v3/results_vllm/arbitrary_single/Qwen2.5-3B-Instruct/stage1_sweep_20260409_000134.json,
01_fvq_cvq,Qwen2.5-3B-Instruct,Qwen2.5,False,base,arbitrary_single,chat_template,25,7,FVQ,semantic,first,0.53,,0.44,0.63,,100,,2,0.5408,"{""correct"": 53, ""garbage"": 2, ""intermediate_intrusion"": 41, ""recency_intrusion"": 4}",AB,,raw,v3/results_vllm/arbitrary_single/Qwen2.5-3B-Instruct/stage1_sweep_20260409_000134.json,
01_fvq_cvq,Qwen2.5-3B-Instruct,Qwen2.5,False,base,arbitrary_single,chat_template,25,10,CVQ,semantic,last,0.46,,0.37,0.55,,100,,6,0.4894,"{""correct"": 46, ""garbage"": 6, ""intermediate_intrusion"": 47, ""primacy_intrusion"": 1}",D,,raw,v3/results_vllm/arbitrary_single/Qwen2.5-3B-Instruct/stage1_sweep_20260409_000134.json,
01_fvq_cvq,Qwen2.5-3B-Instruct,Qwen2.5,False,base,arbitrary_single,chat_template,25,10,FVQ,semantic,first,0.29,,0.21,0.38,,100,,3,0.299,"{""correct"": 29, ""garbage"": 3, ""intermediate_intrusion"": 66, ""recency_intrusion"": 2}",D,,raw,v3/results_vllm/arbitrary_single/Qwen2.5-3B-Instruct/stage1_sweep_20260409_000134.json,
01_fvq_cvq,Qwen2.5-3B-Instruct,Qwen2.5,False,base,arbitrary_single,chat_template,25,15,CVQ,semantic,last,0.58,,0.49,0.68,,100,,11,0.6517,"{""correct"": 58, ""garbage"": 11, ""intermediate_intrusion"": 30, ""primacy_intrusion"": 1}",D,,raw,v3/results_vllm/arbitrary_single/Qwen2.5-3B-Instruct/stage1_sweep_20260409_000134.json,
01_fvq_cvq,Qwen2.5-3B-Instruct,Qwen2.5,False,base,arbitrary_single,chat_template,25,15,FVQ,semantic,first,0.34,,0.25,0.43,,100,,1,0.3434,"{""correct"": 34, ""garbage"": 1, ""intermediate_intrusion"": 61, ""recency_intrusion"": 4}",D,,raw,v3/results_vllm/arbitrary_single/Qwen2.5-3B-Instruct/stage1_sweep_20260409_000134.json,
01_fvq_cvq,Qwen2.5-3B-Instruct,Qwen2.5,False,base,arbitrary_single,chat_template,25,20,CVQ,semantic,last,0.61,,0.51,0.7,,100,,5,0.6421,"{""correct"": 61, ""garbage"": 5, ""intermediate_intrusion"": 34}",D,,raw,v3/results_vllm/arbitrary_single/Qwen2.5-3B-Instruct/stage1_sweep_20260409_000134.json,
01_fvq_cvq,Qwen2.5-3B-Instruct,Qwen2.5,False,base,arbitrary_single,chat_template,25,20,FVQ,semantic,first,0.16,,0.09,0.23,,100,,5,0.1684,"{""correct"": 16, ""garbage"": 5, ""intermediate_intrusion"": 76, ""recency_intrusion"": 3}",D,,raw,v3/results_vllm/arbitrary_single/Qwen2.5-3B-Instruct/stage1_sweep_20260409_000134.json,
01_fvq_cvq,Qwen2.5-3B-Instruct,Qwen2.5,False,base,arbitrary_single,chat_template,25,30,CVQ,semantic,last,0.59,,0.49,0.68,,100,,7,0.6344,"{""correct"": 59, ""garbage"": 7, ""intermediate_intrusion"": 34}",D,,raw,v3/results_vllm/arbitrary_single/Qwen2.5-3B-Instruct/stage1_sweep_20260409_000134.json,
01_fvq_cvq,Qwen2.5-3B-Instruct,Qwen2.5,False,base,arbitrary_single,chat_template,25,30,FVQ,semantic,first,0.15,,0.08,0.22,,100,,5,0.1579,"{""correct"": 15, ""garbage"": 5, ""intermediate_intrusion"": 75, ""recency_intrusion"": 5}",D,,raw,v3/results_vllm/arbitrary_single/Qwen2.5-3B-Instruct/stage1_sweep_20260409_000134.json,
01_fvq_cvq,Qwen2.5-3B-Instruct,Qwen2.5,False,base,arbitrary_single,chat_template,25,50,CVQ,semantic,last,0.43,,0.34,0.53,,100,,9,0.4725,"{""correct"": 43, ""garbage"": 9, ""intermediate_intrusion"": 47, ""primacy_intrusion"": 1}",D,,raw,v3/results_vllm/arbitrary_single/Qwen2.5-3B-Instruct/stage1_sweep_20260409_000134.json,
01_fvq_cvq,Qwen2.5-3B-Instruct,Qwen2.5,False,base,arbitrary_single,chat_template,25,50,FVQ,semantic,first,0.05,,0.01,0.1,,100,,18,0.061,"{""correct"": 5, ""garbage"": 18, ""intermediate_intrusion"": 71, ""recency_intrusion"": 6}",D,,raw,v3/results_vllm/arbitrary_single/Qwen2.5-3B-Instruct/stage1_sweep_20260409_000134.json,
01_fvq_cvq,Qwen2.5-3B-Instruct,Qwen2.5,False,base,arbitrary_single,chat_template,25,75,CVQ,semantic,last,0.6,,0.5,0.6902,,100,,8,0.6522,"{""correct"": 60, ""garbage"": 8, ""intermediate_intrusion"": 32}",D,,raw,v3/results_vllm/arbitrary_single/Qwen2.5-3B-Instruct/stage1_sweep_20260409_000134.json,
01_fvq_cvq,Qwen2.5-3B-Instruct,Qwen2.5,False,base,arbitrary_single,chat_template,25,75,FVQ,semantic,first,0.06,,0.02,0.11,,100,,11,0.0674,"{""correct"": 6, ""garbage"": 11, ""intermediate_intrusion"": 76, ""recency_intrusion"": 7}",D,,raw,v3/results_vllm/arbitrary_single/Qwen2.5-3B-Instruct/stage1_sweep_20260409_000134.json,
01_fvq_cvq,Qwen2.5-3B-Instruct,Qwen2.5,False,base,arbitrary_single,chat_template,30,5,CVQ,semantic,last,0.42,,0.32,0.52,,100,,1,0.4242,"{""correct"": 42, ""garbage"": 1, ""intermediate_intrusion"": 54, ""primacy_intrusion"": 3}",AB,,raw,v3/results_vllm/arbitrary_single/Qwen2.5-3B-Instruct/stage1_sweep_20260409_000134.json,
01_fvq_cvq,Qwen2.5-3B-Instruct,Qwen2.5,False,base,arbitrary_single,chat_template,30,5,FVQ,semantic,first,0.57,,0.47,0.67,,100,,0,0.57,"{""correct"": 57, ""intermediate_intrusion"": 33, ""recency_intrusion"": 10}",AB,,raw,v3/results_vllm/arbitrary_single/Qwen2.5-3B-Instruct/stage1_sweep_20260409_000134.json,
01_fvq_cvq,Qwen2.5-3B-Instruct,Qwen2.5,False,base,arbitrary_single,chat_template,30,7,CVQ,semantic,last,0.39,,0.3,0.48,,100,,2,0.398,"{""correct"": 39, ""garbage"": 2, ""intermediate_intrusion"": 59}",B,,raw,v3/results_vllm/arbitrary_single/Qwen2.5-3B-Instruct/stage1_sweep_20260409_000134.json,
01_fvq_cvq,Qwen2.5-3B-Instruct,Qwen2.5,False,base,arbitrary_single,chat_template,30,7,FVQ,semantic,first,0.55,,0.45,0.64,,100,,2,0.5612,"{""correct"": 55, ""garbage"": 2, ""intermediate_intrusion"": 38, ""recency_intrusion"": 5}",B,,raw,v3/results_vllm/arbitrary_single/Qwen2.5-3B-Instruct/stage1_sweep_20260409_000134.json,
01_fvq_cvq,Qwen2.5-3B-Instruct,Qwen2.5,False,base,arbitrary_single,chat_template,30,10,CVQ,semantic,last,0.4,,0.3,0.49,,100,,7,0.4301,"{""correct"": 40, ""garbage"": 7, ""intermediate_intrusion"": 52, ""primacy_intrusion"": 1}",D,,raw,v3/results_vllm/arbitrary_single/Qwen2.5-3B-Instruct/stage1_sweep_20260409_000134.json,
01_fvq_cvq,Qwen2.5-3B-Instruct,Qwen2.5,False,base,arbitrary_single,chat_template,30,10,FVQ,semantic,first,0.26,,0.18,0.35,,100,,2,0.2653,"{""correct"": 26, ""garbage"": 2, ""intermediate_intrusion"": 69, ""recency_intrusion"": 3}",D,,raw,v3/results_vllm/arbitrary_single/Qwen2.5-3B-Instruct/stage1_sweep_20260409_000134.json,
01_fvq_cvq,Qwen2.5-3B-Instruct,Qwen2.5,False,base,arbitrary_single,chat_template,30,15,CVQ,semantic,last,0.52,,0.42,0.61,,100,,11,0.5843,"{""correct"": 52, ""garbage"": 11, ""intermediate_intrusion"": 36, ""primacy_intrusion"": 1}",D,,raw,v3/results_vllm/arbitrary_single/Qwen2.5-3B-Instruct/stage1_sweep_20260409_000134.json,
01_fvq_cvq,Qwen2.5-3B-Instruct,Qwen2.5,False,base,arbitrary_single,chat_template,30,15,FVQ,semantic,first,0.29,,0.2,0.39,,100,,8,0.3152,"{""correct"": 29, ""garbage"": 8, ""intermediate_intrusion"": 57, ""recency_intrusion"": 6}",D,,raw,v3/results_vllm/arbitrary_single/Qwen2.5-3B-Instruct/stage1_sweep_20260409_000134.json,
01_fvq_cvq,Qwen2.5-3B-Instruct,Qwen2.5,False,base,arbitrary_single,chat_template,30,20,CVQ,semantic,last,0.57,,0.47,0.67,,100,,5,0.6,"{""correct"": 57, ""garbage"": 5, ""intermediate_intrusion"": 37, ""primacy_intrusion"": 1}",D,,raw,v3/results_vllm/arbitrary_single/Qwen2.5-3B-Instruct/stage1_sweep_20260409_000134.json,
01_fvq_cvq,Qwen2.5-3B-Instruct,Qwen2.5,False,base,arbitrary_single,chat_template,30,20,FVQ,semantic,first,0.22,,0.14,0.3,,100,,9,0.2418,"{""correct"": 22, ""garbage"": 9, ""intermediate_intrusion"": 64, ""recency_intrusion"": 5}",D,,raw,v3/results_vllm/arbitrary_single/Qwen2.5-3B-Instruct/stage1_sweep_20260409_000134.json,
01_fvq_cvq,Qwen2.5-3B-Instruct,Qwen2.5,False,base,arbitrary_single,chat_template,30,30,CVQ,semantic,last,0.6,,0.51,0.69,,100,,6,0.6383,"{""correct"": 60, ""garbage"": 6, ""intermediate_intrusion"": 34}",D,,raw,v3/results_vllm/arbitrary_single/Qwen2.5-3B-Instruct/stage1_sweep_20260409_000134.json,
01_fvq_cvq,Qwen2.5-3B-Instruct,Qwen2.5,False,base,arbitrary_single,chat_template,30,30,FVQ,semantic,first,0.12,,0.06,0.19,,100,,9,0.1319,"{""correct"": 12, ""garbage"": 9, ""intermediate_intrusion"": 69, ""recency_intrusion"": 10}",D,,raw,v3/results_vllm/arbitrary_single/Qwen2.5-3B-Instruct/stage1_sweep_20260409_000134.json,
01_fvq_cvq,Qwen2.5-3B-Instruct,Qwen2.5,False,base,arbitrary_single,chat_template,30,50,CVQ,semantic,last,0.54,,0.44,0.64,,100,,7,0.5806,"{""correct"": 54, ""garbage"": 7, ""intermediate_intrusion"": 39}",D,,raw,v3/results_vllm/arbitrary_single/Qwen2.5-3B-Instruct/stage1_sweep_20260409_000134.json,
01_fvq_cvq,Qwen2.5-3B-Instruct,Qwen2.5,False,base,arbitrary_single,chat_template,30,50,FVQ,semantic,first,0.04,,0.01,0.08,,100,,8,0.0435,"{""correct"": 4, ""garbage"": 8, ""intermediate_intrusion"": 78, ""recency_intrusion"": 10}",D,,raw,v3/results_vllm/arbitrary_single/Qwen2.5-3B-Instruct/stage1_sweep_20260409_000134.json,
01_fvq_cvq,Qwen2.5-3B-Instruct,Qwen2.5,False,base,arbitrary_single,chat_template,30,75,CVQ,semantic,last,0.56,,0.46,0.66,,100,,12,0.6364,"{""correct"": 56, ""garbage"": 12, ""intermediate_intrusion"": 32}",D,,raw,v3/results_vllm/arbitrary_single/Qwen2.5-3B-Instruct/stage1_sweep_20260409_000134.json,
01_fvq_cvq,Qwen2.5-3B-Instruct,Qwen2.5,False,base,arbitrary_single,chat_template,30,75,FVQ,semantic,first,0.01,,0.0,0.03,,100,,15,0.0118,"{""correct"": 1, ""garbage"": 15, ""intermediate_intrusion"": 79, ""recency_intrusion"": 5}",D,,raw,v3/results_vllm/arbitrary_single/Qwen2.5-3B-Instruct/stage1_sweep_20260409_000134.json,
01_fvq_cvq,Qwen2.5-3B-Instruct,Qwen2.5,False,base,semantic_multi,,2,10,FVQ-CVQ,semantic,,,0.26,,,0.12,,,,,,,,derived,paper/figures/tab_full_sem.tex,gap only — per-condition accuracies not preserved in the .tex; raw sweep not local
01_fvq_cvq,Qwen2.5-3B-Instruct,Qwen2.5,False,base,semantic_multi,,5,30,CVQ,semantic,last,0.55,,,,0.1,,,,,,,,derived,paper/figures/tab2_openweight.tex,back-extracted from committed paper table; raw sweep v3/results_vllm/semantic_multi/ not local
01_fvq_cvq,Qwen2.5-3B-Instruct,Qwen2.5,False,base,semantic_multi,,5,30,FVQ,semantic,first,0.61,,,,0.09,,,,,,,,derived,paper/figures/tab2_openweight.tex,back-extracted from committed paper table; raw sweep v3/results_vllm/semantic_multi/ not local
01_fvq_cvq,Qwen2.5-3B-Instruct,Qwen2.5,False,base,semantic_multi,,5,30,FVQ-CVQ,semantic,,,0.06,,,0.13,,,,,,,,derived,paper/figures/tab_full_sem.tex,gap only — per-condition accuracies not preserved in the .tex; raw sweep not local
01_fvq_cvq,Qwen2.5-3B-Instruct,Qwen2.5,False,base,semantic_multi,,10,50,FVQ-CVQ,semantic,,,-0.27,,,0.13,,,,,,,,derived,paper/figures/tab_full_sem.tex,gap only — per-condition accuracies not preserved in the .tex; raw sweep not local
01_fvq_cvq,Qwen2.5-3B-Instruct,Qwen2.5,False,base,semantic_multi,,20,50,FVQ-CVQ,semantic,,,-0.55,,,0.11,,,,,,,,derived,paper/figures/tab_full_sem.tex,gap only — per-condition accuracies not preserved in the .tex; raw sweep not local
01_fvq_cvq,Qwen3.5-2B,Qwen3.5,False,base,arbitrary_single,completion_few_shot,2,5,CVQ,semantic,last,0.53,,0.43,0.62,,100,,1,0.5354,"{""correct"": 53, ""garbage"": 1, ""intermediate_intrusion"": 40, ""primacy_intrusion"": 6}",C,,raw,v3/results_vllm/arbitrary_single/Qwen3.5-2B/stage1_sweep_20260509_114227.json,
01_fvq_cvq,Qwen3.5-2B,Qwen3.5,False,base,arbitrary_single,completion_few_shot,2,5,FVQ,semantic,first,0.81,,0.73,0.88,,100,,1,0.8182,"{""correct"": 81, ""garbage"": 1, ""intermediate_intrusion"": 11, ""recency_intrusion"": 7}",C,,raw,v3/results_vllm/arbitrary_single/Qwen3.5-2B/stage1_sweep_20260509_114227.json,
01_fvq_cvq,Qwen3.5-2B,Qwen3.5,False,base,arbitrary_single,completion_few_shot,2,7,CVQ,semantic,last,0.45,,0.36,0.55,,100,,3,0.4639,"{""correct"": 45, ""garbage"": 3, ""intermediate_intrusion"": 49, ""primacy_intrusion"": 3}",C,,raw,v3/results_vllm/arbitrary_single/Qwen3.5-2B/stage1_sweep_20260509_114227.json,
01_fvq_cvq,Qwen3.5-2B,Qwen3.5,False,base,arbitrary_single,completion_few_shot,2,7,FVQ,semantic,first,0.85,,0.78,0.91,,100,,6,0.9043,"{""correct"": 85, ""garbage"": 6, ""intermediate_intrusion"": 6, ""recency_intrusion"": 3}",C,,raw,v3/results_vllm/arbitrary_single/Qwen3.5-2B/stage1_sweep_20260509_114227.json,
01_fvq_cvq,Qwen3.5-2B,Qwen3.5,False,base,arbitrary_single,completion_few_shot,2,10,CVQ,semantic,last,0.39,,0.3,0.49,,100,,1,0.3939,"{""correct"": 39, ""garbage"": 1, ""intermediate_intrusion"": 57, ""primacy_intrusion"": 3}",C,,raw,v3/results_vllm/arbitrary_single/Qwen3.5-2B/stage1_sweep_20260509_114227.json,
01_fvq_cvq,Qwen3.5-2B,Qwen3.5,False,base,arbitrary_single,completion_few_shot,2,10,FVQ,semantic,first,0.82,,0.74,0.89,,100,,9,0.9011,"{""correct"": 82, ""garbage"": 9, ""intermediate_intrusion"": 8, ""recency_intrusion"": 1}",C,,raw,v3/results_vllm/arbitrary_single/Qwen3.5-2B/stage1_sweep_20260509_114227.json,
01_fvq_cvq,Qwen3.5-2B,Qwen3.5,False,base,arbitrary_single,completion_few_shot,2,15,CVQ,semantic,last,0.4,,0.31,0.5,,100,,14,0.4651,"{""correct"": 40, ""garbage"": 14, ""intermediate_intrusion"": 46}",C,,raw,v3/results_vllm/arbitrary_single/Qwen3.5-2B/stage1_sweep_20260509_114227.json,
01_fvq_cvq,Qwen3.5-2B,Qwen3.5,False,base,arbitrary_single,completion_few_shot,2,15,FVQ,semantic,first,0.85,,0.78,0.92,,100,,13,0.977,"{""correct"": 85, ""garbage"": 13, ""intermediate_intrusion"": 1, ""recency_intrusion"": 1}",C,,raw,v3/results_vllm/arbitrary_single/Qwen3.5-2B/stage1_sweep_20260509_114227.json,
01_fvq_cvq,Qwen3.5-2B,Qwen3.5,False,base,arbitrary_single,completion_few_shot,2,20,CVQ,semantic,last,0.36,,0.27,0.4502,,100,,7,0.3871,"{""correct"": 36, ""garbage"": 7, ""intermediate_intrusion"": 56, ""primacy_intrusion"": 1}",C,,raw,v3/results_vllm/arbitrary_single/Qwen3.5-2B/stage1_sweep_20260509_114227.json,
01_fvq_cvq,Qwen3.5-2B,Qwen3.5,False,base,arbitrary_single,completion_few_shot,2,20,FVQ,semantic,first,0.83,,0.76,0.9,,100,,12,0.9432,"{""correct"": 83, ""garbage"": 12, ""intermediate_intrusion"": 4, ""recency_intrusion"": 1}",C,,raw,v3/results_vllm/arbitrary_single/Qwen3.5-2B/stage1_sweep_20260509_114227.json,
01_fvq_cvq,Qwen3.5-2B,Qwen3.5,False,base,arbitrary_single,completion_few_shot,2,30,CVQ,semantic,last,0.28,,0.2,0.37,,100,,15,0.3294,"{""correct"": 28, ""garbage"": 15, ""intermediate_intrusion"": 57}",C,,raw,v3/results_vllm/arbitrary_single/Qwen3.5-2B/stage1_sweep_20260509_114227.json,
01_fvq_cvq,Qwen3.5-2B,Qwen3.5,False,base,arbitrary_single,completion_few_shot,2,30,FVQ,semantic,first,0.8,,0.72,0.87,,100,,15,0.9412,"{""correct"": 80, ""garbage"": 15, ""intermediate_intrusion"": 5}",C,,raw,v3/results_vllm/arbitrary_single/Qwen3.5-2B/stage1_sweep_20260509_114227.json,
01_fvq_cvq,Qwen3.5-2B,Qwen3.5,False,base,arbitrary_single,completion_few_shot,2,50,CVQ,semantic,last,0.22,,0.14,0.3,,100,,23,0.2857,"{""correct"": 22, ""garbage"": 23, ""intermediate_intrusion"": 52, ""primacy_intrusion"": 3}",C,,raw,v3/results_vllm/arbitrary_single/Qwen3.5-2B/stage1_sweep_20260509_114227.json,
01_fvq_cvq,Qwen3.5-2B,Qwen3.5,False,base,arbitrary_single,completion_few_shot,2,50,FVQ,semantic,first,0.85,,0.78,0.92,,100,,13,0.977,"{""correct"": 85, ""garbage"": 13, ""intermediate_intrusion"": 2}",C,,raw,v3/results_vllm/arbitrary_single/Qwen3.5-2B/stage1_sweep_20260509_114227.json,
01_fvq_cvq,Qwen3.5-2B,Qwen3.5,False,base,arbitrary_single,completion_few_shot,2,75,CVQ,semantic,last,0.2,,0.12,0.28,,100,,28,0.2778,"{""correct"": 20, ""garbage"": 28, ""intermediate_intrusion"": 51, ""primacy_intrusion"": 1}",C,,raw,v3/results_vllm/arbitrary_single/Qwen3.5-2B/stage1_sweep_20260509_114227.json,
01_fvq_cvq,Qwen3.5-2B,Qwen3.5,False,base,arbitrary_single,completion_few_shot,2,75,FVQ,semantic,first,0.86,,0.79,0.92,,100,,11,0.9663,"{""correct"": 86, ""garbage"": 11, ""intermediate_intrusion"": 3}",C,,raw,v3/results_vllm/arbitrary_single/Qwen3.5-2B/stage1_sweep_20260509_114227.json,
01_fvq_cvq,Qwen3.5-2B,Qwen3.5,False,base,arbitrary_single,completion_few_shot,2,100,CVQ,semantic,last,0.16,,0.09,0.24,,100,,38,0.2581,"{""correct"": 16, ""garbage"": 38, ""intermediate_intrusion"": 46}",C,,raw,v3/results_vllm/arbitrary_single/Qwen3.5-2B/stage1_sweep_20260509_114227.json,
01_fvq_cvq,Qwen3.5-2B,Qwen3.5,False,base,arbitrary_single,completion_few_shot,2,100,FVQ,semantic,first,0.77,,0.69,0.85,,100,,20,0.9625,"{""correct"": 77, ""garbage"": 20, ""intermediate_intrusion"": 3}",C,,raw,v3/results_vllm/arbitrary_single/Qwen3.5-2B/stage1_sweep_20260509_114227.json,
01_fvq_cvq,Qwen3.5-2B,Qwen3.5,False,base,arbitrary_single,completion_few_shot,3,5,CVQ,semantic,last,0.58,,0.49,0.67,,100,,0,0.58,"{""correct"": 58, ""intermediate_intrusion"": 40, ""primacy_intrusion"": 2}",AB,,raw,v3/results_vllm/arbitrary_single/Qwen3.5-2B/stage1_sweep_20260509_114227.json,
01_fvq_cvq,Qwen3.5-2B,Qwen3.5,False,base,arbitrary_single,completion_few_shot,3,5,FVQ,semantic,first,0.71,,0.62,0.8,,100,,0,0.71,"{""correct"": 71, ""intermediate_intrusion"": 20, ""recency_intrusion"": 9}",AB,,raw,v3/results_vllm/arbitrary_single/Qwen3.5-2B/stage1_sweep_20260509_114227.json,
01_fvq_cvq,Qwen3.5-2B,Qwen3.5,False,base,arbitrary_single,completion_few_shot,3,7,CVQ,semantic,last,0.32,,0.23,0.41,,100,,0,0.32,"{""correct"": 32, ""intermediate_intrusion"": 67, ""primacy_intrusion"": 1}",C,,raw,v3/results_vllm/arbitrary_single/Qwen3.5-2B/stage1_sweep_20260509_114227.json,
01_fvq_cvq,Qwen3.5-2B,Qwen3.5,False,base,arbitrary_single,completion_few_shot,3,7,FVQ,semantic,first,0.82,,0.74,0.89,,100,,1,0.8283,"{""correct"": 82, ""garbage"": 1, ""intermediate_intrusion"": 15, ""recency_intrusion"": 2}",C,,raw,v3/results_vllm/arbitrary_single/Qwen3.5-2B/stage1_sweep_20260509_114227.json,
01_fvq_cvq,Qwen3.5-2B,Qwen3.5,False,base,arbitrary_single,completion_few_shot,3,10,CVQ,semantic,last,0.49,,0.39,0.59,,100,,1,0.4949,"{""correct"": 49, ""garbage"": 1, ""intermediate_intrusion"": 50}",C,,raw,v3/results_vllm/arbitrary_single/Qwen3.5-2B/stage1_sweep_20260509_114227.json,
01_fvq_cvq,Qwen3.5-2B,Qwen3.5,False,base,arbitrary_single,completion_few_shot,3,10,FVQ,semantic,first,0.77,,0.69,0.85,,100,,0,0.77,"{""correct"": 77, ""intermediate_intrusion"": 20, ""recency_intrusion"": 3}",C,,raw,v3/results_vllm/arbitrary_single/Qwen3.5-2B/stage1_sweep_20260509_114227.json,
01_fvq_cvq,Qwen3.5-2B,Qwen3.5,False,base,arbitrary_single,completion_few_shot,3,15,CVQ,semantic,last,0.34,,0.25,0.43,,100,,2,0.3469,"{""correct"": 34, ""garbage"": 2, ""intermediate_intrusion"": 64}",C,,raw,v3/results_vllm/arbitrary_single/Qwen3.5-2B/stage1_sweep_20260509_114227.json,
01_fvq_cvq,Qwen3.5-2B,Qwen3.5,False,base,arbitrary_single,completion_few_shot,3,15,FVQ,semantic,first,0.86,,0.79,0.92,,100,,4,0.8958,"{""correct"": 86, ""garbage"": 4, ""intermediate_intrusion"": 8, ""recency_intrusion"": 2}",C,,raw,v3/results_vllm/arbitrary_single/Qwen3.5-2B/stage1_sweep_20260509_114227.json,
01_fvq_cvq,Qwen3.5-2B,Qwen3.5,False,base,arbitrary_single,completion_few_shot,3,20,CVQ,semantic,last,0.3,,0.22,0.39,,100,,1,0.303,"{""correct"": 30, ""garbage"": 1, ""intermediate_intrusion"": 68, ""primacy_intrusion"": 1}",C,,raw,v3/results_vllm/arbitrary_single/Qwen3.5-2B/stage1_sweep_20260509_114227.json,
01_fvq_cvq,Qwen3.5-2B,Qwen3.5,False,base,arbitrary_single,completion_few_shot,3,20,FVQ,semantic,first,0.92,,0.86,0.97,,100,,2,0.9388,"{""correct"": 92, ""garbage"": 2, ""intermediate_intrusion"": 6}",C,,raw,v3/results_vllm/arbitrary_single/Qwen3.5-2B/stage1_sweep_20260509_114227.json,
01_fvq_cvq,Qwen3.5-2B,Qwen3.5,False,base,arbitrary_single,completion_few_shot,3,30,CVQ,semantic,last,0.3,,0.22,0.39,,100,,4,0.3125,"{""correct"": 30, ""garbage"": 4, ""intermediate_intrusion"": 65, ""primacy_intrusion"": 1}",C,,raw,v3/results_vllm/arbitrary_single/Qwen3.5-2B/stage1_sweep_20260509_114227.json,
01_fvq_cvq,Qwen3.5-2B,Qwen3.5,False,base,arbitrary_single,completion_few_shot,3,30,FVQ,semantic,first,0.89,,0.8298,0.95,,100,,6,0.9468,"{""correct"": 89, ""garbage"": 6, ""intermediate_intrusion"": 4, ""recency_intrusion"": 1}",C,,raw,v3/results_vllm/arbitrary_single/Qwen3.5-2B/stage1_sweep_20260509_114227.json,
01_fvq_cvq,Qwen3.5-2B,Qwen3.5,False,base,arbitrary_single,completion_few_shot,3,50,CVQ,semantic,last,0.22,,0.14,0.31,,100,,12,0.25,"{""correct"": 22, ""garbage"": 12, ""intermediate_intrusion"": 66}",C,,raw,v3/results_vllm/arbitrary_single/Qwen3.5-2B/stage1_sweep_20260509_114227.json,
01_fvq_cvq,Qwen3.5-2B,Qwen3.5,False,base,arbitrary_single,completion_few_shot,3,50,FVQ,semantic,first,0.89,,0.82,0.95,,100,,5,0.9368,"{""correct"": 89, ""garbage"": 5, ""intermediate_intrusion"": 6}",C,,raw,v3/results_vllm/arbitrary_single/Qwen3.5-2B/stage1_sweep_20260509_114227.json,
01_fvq_cvq,Qwen3.5-2B,Qwen3.5,False,base,arbitrary_single,completion_few_shot,3,75,CVQ,semantic,last,0.24,,0.16,0.33,,100,,24,0.3158,"{""correct"": 24, ""garbage"": 24, ""intermediate_intrusion"": 52}",C,,raw,v3/results_vllm/arbitrary_single/Qwen3.5-2B/stage1_sweep_20260509_114227.json,
01_fvq_cvq,Qwen3.5-2B,Qwen3.5,False,base,arbitrary_single,completion_few_shot,3,75,FVQ,semantic,first,0.87,,0.8,0.93,,100,,9,0.956,"{""correct"": 87, ""garbage"": 9, ""intermediate_intrusion"": 4}",C,,raw,v3/results_vllm/arbitrary_single/Qwen3.5-2B/stage1_sweep_20260509_114227.json,
01_fvq_cvq,Qwen3.5-2B,Qwen3.5,False,base,arbitrary_single,completion_few_shot,3,100,CVQ,semantic,last,0.27,,0.18,0.36,,100,,28,0.375,"{""correct"": 27, ""garbage"": 28, ""intermediate_intrusion"": 44, ""primacy_intrusion"": 1}",C,,raw,v3/results_vllm/arbitrary_single/Qwen3.5-2B/stage1_sweep_20260509_114227.json,
01_fvq_cvq,Qwen3.5-2B,Qwen3.5,False,base,arbitrary_single,completion_few_shot,3,100,FVQ,semantic,first,0.88,,0.81,0.94,,100,,10,0.9778,"{""correct"": 88, ""garbage"": 10, ""intermediate_intrusion"": 2}",C,,raw,v3/results_vllm/arbitrary_single/Qwen3.5-2B/stage1_sweep_20260509_114227.json,
01_fvq_cvq,Qwen3.5-2B,Qwen3.5,False,base,arbitrary_single,completion_few_shot,5,5,CVQ,semantic,last,0.69,,0.6,0.78,,100,,0,0.69,"{""correct"": 69, ""intermediate_intrusion"": 31}",D,,raw,v3/results_vllm/arbitrary_single/Qwen3.5-2B/stage1_sweep_20260509_114227.json,
01_fvq_cvq,Qwen3.5-2B,Qwen3.5,False,base,arbitrary_single,completion_few_shot,5,5,FVQ,semantic,first,0.59,,0.5,0.69,,100,,1,0.596,"{""correct"": 59, ""garbage"": 1, ""intermediate_intrusion"": 31, ""recency_intrusion"": 9}",D,,raw,v3/results_vllm/arbitrary_single/Qwen3.5-2B/stage1_sweep_20260509_114227.json,
01_fvq_cvq,Qwen3.5-2B,Qwen3.5,False,base,arbitrary_single,completion_few_shot,5,7,CVQ,semantic,last,0.49,,0.39,0.5802,,100,,0,0.49,"{""correct"": 49, ""intermediate_intrusion"": 51}",C,,raw,v3/results_vllm/arbitrary_single/Qwen3.5-2B/stage1_sweep_20260509_114227.json,
01_fvq_cvq,Qwen3.5-2B,Qwen3.5,False,base,arbitrary_single,completion_few_shot,5,7,FVQ,semantic,first,0.74,,0.65,0.82,,100,,2,0.7551,"{""correct"": 74, ""garbage"": 2, ""intermediate_intrusion"": 18, ""recency_intrusion"": 6}",C,,raw,v3/results_vllm/arbitrary_single/Qwen3.5-2B/stage1_sweep_20260509_114227.json,
01_fvq_cvq,Qwen3.5-2B,Qwen3.5,False,base,arbitrary_single,completion_few_shot,5,10,CVQ,semantic,last,0.5,,0.4,0.6,,100,,0,0.5,"{""correct"": 50, ""intermediate_intrusion"": 50}",B,,raw,v3/results_vllm/arbitrary_single/Qwen3.5-2B/stage1_sweep_20260509_114227.json,
01_fvq_cvq,Qwen3.5-2B,Qwen3.5,False,base,arbitrary_single,completion_few_shot,5,10,FVQ,semantic,first,0.72,,0.63,0.81,,100,,3,0.7423,"{""correct"": 72, ""garbage"": 3, ""intermediate_intrusion"": 21, ""recency_intrusion"": 4}",B,,raw,v3/results_vllm/arbitrary_single/Qwen3.5-2B/stage1_sweep_20260509_114227.json,
01_fvq_cvq,Qwen3.5-2B,Qwen3.5,False,base,arbitrary_single,completion_few_shot,5,15,CVQ,semantic,last,0.41,,0.31,0.51,,100,,1,0.4141,"{""correct"": 41, ""garbage"": 1, ""intermediate_intrusion"": 58}",C,,raw,v3/results_vllm/arbitrary_single/Qwen3.5-2B/stage1_sweep_20260509_114227.json,
01_fvq_cvq,Qwen3.5-2B,Qwen3.5,False,base,arbitrary_single,completion_few_shot,5,15,FVQ,semantic,first,0.71,,0.62,0.8,,100,,5,0.7474,"{""correct"": 71, ""garbage"": 5, ""intermediate_intrusion"": 20, ""recency_intrusion"": 4}",C,,raw,v3/results_vllm/arbitrary_single/Qwen3.5-2B/stage1_sweep_20260509_114227.json,
01_fvq_cvq,Qwen3.5-2B,Qwen3.5,False,base,arbitrary_single,completion_few_shot,5,20,CVQ,semantic,last,0.45,,0.36,0.54,,100,,1,0.4545,"{""correct"": 45, ""garbage"": 1, ""intermediate_intrusion"": 54}",C,,raw,v3/results_vllm/arbitrary_single/Qwen3.5-2B/stage1_sweep_20260509_114227.json,
01_fvq_cvq,Qwen3.5-2B,Qwen3.5,False,base,arbitrary_single,completion_few_shot,5,20,FVQ,semantic,first,0.75,,0.66,0.83,,100,,5,0.7895,"{""correct"": 75, ""garbage"": 5, ""intermediate_intrusion"": 17, ""recency_intrusion"": 3}",C,,raw,v3/results_vllm/arbitrary_single/Qwen3.5-2B/stage1_sweep_20260509_114227.json,
01_fvq_cvq,Qwen3.5-2B,Qwen3.5,False,base,arbitrary_single,completion_few_shot,5,30,CVQ,semantic,last,0.47,,0.38,0.57,,100,,4,0.4896,"{""correct"": 47, ""garbage"": 4, ""intermediate_intrusion"": 49}",B,,raw,v3/results_vllm/arbitrary_single/Qwen3.5-2B/stage1_sweep_20260509_114227.json,
01_fvq_cvq,Qwen3.5-2B,Qwen3.5,False,base,arbitrary_single,completion_few_shot,5,30,FVQ,semantic,first,0.69,,0.6,0.78,,100,,15,0.8118,"{""correct"": 69, ""garbage"": 15, ""intermediate_intrusion"": 11, ""recency_intrusion"": 5}",B,,raw,v3/results_vllm/arbitrary_single/Qwen3.5-2B/stage1_sweep_20260509_114227.json,
01_fvq_cvq,Qwen3.5-2B,Qwen3.5,False,base,arbitrary_single,completion_few_shot,5,50,CVQ,semantic,last,0.38,,0.28,0.48,,100,,13,0.4368,"{""correct"": 38, ""garbage"": 13, ""intermediate_intrusion"": 49}",C,,raw,v3/results_vllm/arbitrary_single/Qwen3.5-2B/stage1_sweep_20260509_114227.json,
01_fvq_cvq,Qwen3.5-2B,Qwen3.5,False,base,arbitrary_single,completion_few_shot,5,50,FVQ,semantic,first,0.73,,0.64,0.81,,100,,17,0.8795,"{""correct"": 73, ""garbage"": 17, ""intermediate_intrusion"": 6, ""recency_intrusion"": 4}",C,,raw,v3/results_vllm/arbitrary_single/Qwen3.5-2B/stage1_sweep_20260509_114227.json,
01_fvq_cvq,Qwen3.5-2B,Qwen3.5,False,base,arbitrary_single,completion_few_shot,5,75,CVQ,semantic,last,0.25,,0.17,0.34,,100,,23,0.3247,"{""correct"": 25, ""garbage"": 23, ""intermediate_intrusion"": 52}",C,,raw,v3/results_vllm/arbitrary_single/Qwen3.5-2B/stage1_sweep_20260509_114227.json,
01_fvq_cvq,Qwen3.5-2B,Qwen3.5,False,base,arbitrary_single,completion_few_shot,5,75,FVQ,semantic,first,0.61,,0.51,0.7002,,100,,22,0.7821,"{""correct"": 61, ""garbage"": 22, ""intermediate_intrusion"": 16, ""recency_intrusion"": 1}",C,,raw,v3/results_vllm/arbitrary_single/Qwen3.5-2B/stage1_sweep_20260509_114227.json,
01_fvq_cvq,Qwen3.5-2B,Qwen3.5,False,base,arbitrary_single,completion_few_shot,5,100,CVQ,semantic,last,0.32,,0.23,0.41,,100,,29,0.4507,"{""correct"": 32, ""garbage"": 29, ""intermediate_intrusion"": 39}",C,,raw,v3/results_vllm/arbitrary_single/Qwen3.5-2B/stage1_sweep_20260509_114227.json,
01_fvq_cvq,Qwen3.5-2B,Qwen3.5,False,base,arbitrary_single,completion_few_shot,5,100,FVQ,semantic,first,0.6,,0.5,0.7,,100,,30,0.8571,"{""correct"": 60, ""garbage"": 30, ""intermediate_intrusion"": 7, ""recency_intrusion"": 3}",C,,raw,v3/results_vllm/arbitrary_single/Qwen3.5-2B/stage1_sweep_20260509_114227.json,
01_fvq_cvq,Qwen3.5-2B,Qwen3.5,False,base,arbitrary_single,completion_few_shot,7,5,CVQ,semantic,last,0.52,,0.42,0.62,,100,,0,0.52,"{""correct"": 52, ""intermediate_intrusion"": 47, ""primacy_intrusion"": 1}",D,,raw,v3/results_vllm/arbitrary_single/Qwen3.5-2B/stage1_sweep_20260509_114227.json,
01_fvq_cvq,Qwen3.5-2B,Qwen3.5,False,base,arbitrary_single,completion_few_shot,7,5,FVQ,semantic,first,0.5,,0.4,0.6,,100,,1,0.5051,"{""correct"": 50, ""garbage"": 1, ""intermediate_intrusion"": 35, ""recency_intrusion"": 14}",D,,raw,v3/results_vllm/arbitrary_single/Qwen3.5-2B/stage1_sweep_20260509_114227.json,
01_fvq_cvq,Qwen3.5-2B,Qwen3.5,False,base,arbitrary_single,completion_few_shot,7,7,CVQ,semantic,last,0.49,,0.3998,0.59,,100,,1,0.4949,"{""correct"": 49, ""garbage"": 1, ""intermediate_intrusion"": 50}",AB,,raw,v3/results_vllm/arbitrary_single/Qwen3.5-2B/stage1_sweep_20260509_114227.json,
01_fvq_cvq,Qwen3.5-2B,Qwen3.5,False,base,arbitrary_single,completion_few_shot,7,7,FVQ,semantic,first,0.58,,0.48,0.67,,100,,1,0.5859,"{""correct"": 58, ""garbage"": 1, ""intermediate_intrusion"": 30, ""recency_intrusion"": 11}",AB,,raw,v3/results_vllm/arbitrary_single/Qwen3.5-2B/stage1_sweep_20260509_114227.json,
01_fvq_cvq,Qwen3.5-2B,Qwen3.5,False,base,arbitrary_single,completion_few_shot,7,10,CVQ,semantic,last,0.51,,0.41,0.6,,100,,0,0.51,"{""correct"": 51, ""intermediate_intrusion"": 49}",AB,,raw,v3/results_vllm/arbitrary_single/Qwen3.5-2B/stage1_sweep_20260509_114227.json,
01_fvq_cvq,Qwen3.5-2B,Qwen3.5,False,base,arbitrary_single,completion_few_shot,7,10,FVQ,semantic,first,0.6,,0.5,0.69,,100,,3,0.6186,"{""correct"": 60, ""garbage"": 3, ""intermediate_intrusion"": 27, ""recency_intrusion"": 10}",AB,,raw,v3/results_vllm/arbitrary_single/Qwen3.5-2B/stage1_sweep_20260509_114227.json,
01_fvq_cvq,Qwen3.5-2B,Qwen3.5,False,base,arbitrary_single,completion_few_shot,7,15,CVQ,semantic,last,0.47,,0.38,0.57,,100,,0,0.47,"{""correct"": 47, ""intermediate_intrusion"": 53}",B,,raw,v3/results_vllm/arbitrary_single/Qwen3.5-2B/stage1_sweep_20260509_114227.json,
01_fvq_cvq,Qwen3.5-2B,Qwen3.5,False,base,arbitrary_single,completion_few_shot,7,15,FVQ,semantic,first,0.69,,0.6,0.78,,100,,9,0.7582,"{""correct"": 69, ""garbage"": 9, ""intermediate_intrusion"": 21, ""recency_intrusion"": 1}",B,,raw,v3/results_vllm/arbitrary_single/Qwen3.5-2B/stage1_sweep_20260509_114227.json,
01_fvq_cvq,Qwen3.5-2B,Qwen3.5,False,base,arbitrary_single,completion_few_shot,7,20,CVQ,semantic,last,0.38,,0.29,0.48,,100,,2,0.3878,"{""correct"": 38, ""garbage"": 2, ""intermediate_intrusion"": 60}",B,,raw,v3/results_vllm/arbitrary_single/Qwen3.5-2B/stage1_sweep_20260509_114227.json,
01_fvq_cvq,Qwen3.5-2B,Qwen3.5,False,base,arbitrary_single,completion_few_shot,7,20,FVQ,semantic,first,0.59,,0.5,0.68,,100,,9,0.6484,"{""correct"": 59, ""garbage"": 9, ""intermediate_intrusion"": 25, ""recency_intrusion"": 7}",B,,raw,v3/results_vllm/arbitrary_single/Qwen3.5-2B/stage1_sweep_20260509_114227.json,
01_fvq_cvq,Qwen3.5-2B,Qwen3.5,False,base,arbitrary_single,completion_few_shot,7,30,CVQ,semantic,last,0.4,,0.3098,0.5,,100,,2,0.4082,"{""correct"": 40, ""garbage"": 2, ""intermediate_intrusion"": 58}",B,,raw,v3/results_vllm/arbitrary_single/Qwen3.5-2B/stage1_sweep_20260509_114227.json,
01_fvq_cvq,Qwen3.5-2B,Qwen3.5,False,base,arbitrary_single,completion_few_shot,7,30,FVQ,semantic,first,0.6,,0.51,0.6902,,100,,12,0.6818,"{""correct"": 60, ""garbage"": 12, ""intermediate_intrusion"": 22, ""recency_intrusion"": 6}",B,,raw,v3/results_vllm/arbitrary_single/Qwen3.5-2B/stage1_sweep_20260509_114227.json,
01_fvq_cvq,Qwen3.5-2B,Qwen3.5,False,base,arbitrary_single,completion_few_shot,7,50,CVQ,semantic,last,0.38,,0.29,0.47,,100,,26,0.5135,"{""correct"": 38, ""garbage"": 26, ""intermediate_intrusion"": 36}",AB,,raw,v3/results_vllm/arbitrary_single/Qwen3.5-2B/stage1_sweep_20260509_114227.json,
01_fvq_cvq,Qwen3.5-2B,Qwen3.5,False,base,arbitrary_single,completion_few_shot,7,50,FVQ,semantic,first,0.52,,0.4298,0.6102,,100,,23,0.6753,"{""correct"": 52, ""garbage"": 23, ""intermediate_intrusion"": 18, ""recency_intrusion"": 7}",AB,,raw,v3/results_vllm/arbitrary_single/Qwen3.5-2B/stage1_sweep_20260509_114227.json,
01_fvq_cvq,Qwen3.5-2B,Qwen3.5,False,base,arbitrary_single,completion_few_shot,7,75,CVQ,semantic,last,0.34,,0.25,0.43,,100,,32,0.5,"{""correct"": 34, ""garbage"": 32, ""intermediate_intrusion"": 34}",A,,raw,v3/results_vllm/arbitrary_single/Qwen3.5-2B/stage1_sweep_20260509_114227.json,
01_fvq_cvq,Qwen3.5-2B,Qwen3.5,False,base,arbitrary_single,completion_few_shot,7,75,FVQ,semantic,first,0.36,,0.27,0.45,,100,,44,0.6429,"{""correct"": 36, ""garbage"": 44, ""intermediate_intrusion"": 13, ""recency_intrusion"": 7}",A,,raw,v3/results_vllm/arbitrary_single/Qwen3.5-2B/stage1_sweep_20260509_114227.json,
01_fvq_cvq,Qwen3.5-2B,Qwen3.5,False,base,arbitrary_single,completion_few_shot,7,100,CVQ,semantic,last,0.24,,0.16,0.32,,100,,40,0.4,"{""correct"": 24, ""garbage"": 40, ""intermediate_intrusion"": 36}",B,,raw,v3/results_vllm/arbitrary_single/Qwen3.5-2B/stage1_sweep_20260509_114227.json,
01_fvq_cvq,Qwen3.5-2B,Qwen3.5,False,base,arbitrary_single,completion_few_shot,7,100,FVQ,semantic,first,0.42,,0.33,0.52,,100,,39,0.6885,"{""correct"": 42, ""garbage"": 39, ""intermediate_intrusion"": 11, ""recency_intrusion"": 8}",B,,raw,v3/results_vllm/arbitrary_single/Qwen3.5-2B/stage1_sweep_20260509_114227.json,
01_fvq_cvq,Qwen3.5-2B,Qwen3.5,False,base,arbitrary_single,completion_few_shot,10,5,CVQ,semantic,last,0.58,,0.49,0.67,,100,,0,0.58,"{""correct"": 58, ""intermediate_intrusion"": 41, ""primacy_intrusion"": 1}",D,,raw,v3/results_vllm/arbitrary_single/Qwen3.5-2B/stage1_sweep_20260509_114227.json,
01_fvq_cvq,Qwen3.5-2B,Qwen3.5,False,base,arbitrary_single,completion_few_shot,10,5,FVQ,semantic,first,0.53,,0.43,0.62,,100,,3,0.5464,"{""correct"": 53, ""garbage"": 3, ""intermediate_intrusion"": 27, ""recency_intrusion"": 17}",D,,raw,v3/results_vllm/arbitrary_single/Qwen3.5-2B/stage1_sweep_20260509_114227.json,
01_fvq_cvq,Qwen3.5-2B,Qwen3.5,False,base,arbitrary_single,completion_few_shot,10,7,CVQ,semantic,last,0.57,,0.47,0.67,,100,,0,0.57,"{""correct"": 57, ""intermediate_intrusion"": 43}",D,,raw,v3/results_vllm/arbitrary_single/Qwen3.5-2B/stage1_sweep_20260509_114227.json,
01_fvq_cvq,Qwen3.5-2B,Qwen3.5,False,base,arbitrary_single,completion_few_shot,10,7,FVQ,semantic,first,0.44,,0.34,0.54,,100,,3,0.4536,"{""correct"": 44, ""garbage"": 3, ""intermediate_intrusion"": 38, ""recency_intrusion"": 15}",D,,raw,v3/results_vllm/arbitrary_single/Qwen3.5-2B/stage1_sweep_20260509_114227.json,
01_fvq_cvq,Qwen3.5-2B,Qwen3.5,False,base,arbitrary_single,completion_few_shot,10,10,CVQ,semantic,last,0.55,,0.45,0.64,,100,,0,0.55,"{""correct"": 55, ""intermediate_intrusion"": 45}",AB,,raw,v3/results_vllm/arbitrary_single/Qwen3.5-2B/stage1_sweep_20260509_114227.json,
01_fvq_cvq,Qwen3.5-2B,Qwen3.5,False,base,arbitrary_single,completion_few_shot,10,10,FVQ,semantic,first,0.62,,0.52,0.71,,100,,4,0.6458,"{""correct"": 62, ""garbage"": 4, ""intermediate_intrusion"": 23, ""recency_intrusion"": 11}",AB,,raw,v3/results_vllm/arbitrary_single/Qwen3.5-2B/stage1_sweep_20260509_114227.json,
01_fvq_cvq,Qwen3.5-2B,Qwen3.5,False,base,arbitrary_single,completion_few_shot,10,15,CVQ,semantic,last,0.51,,0.41,0.6102,,100,,2,0.5204,"{""correct"": 51, ""garbage"": 2, ""intermediate_intrusion"": 47}",D,,raw,v3/results_vllm/arbitrary_single/Qwen3.5-2B/stage1_sweep_20260509_114227.json,
01_fvq_cvq,Qwen3.5-2B,Qwen3.5,False,base,arbitrary_single,completion_few_shot,10,15,FVQ,semantic,first,0.48,,0.39,0.58,,100,,8,0.5217,"{""correct"": 48, ""garbage"": 8, ""intermediate_intrusion"": 36, ""recency_intrusion"": 8}",D,,raw,v3/results_vllm/arbitrary_single/Qwen3.5-2B/stage1_sweep_20260509_114227.json,
01_fvq_cvq,Qwen3.5-2B,Qwen3.5,False,base,arbitrary_single,completion_few_shot,10,20,CVQ,semantic,last,0.38,,0.28,0.48,,100,,2,0.3878,"{""correct"": 38, ""garbage"": 2, ""intermediate_intrusion"": 60}",AB,,raw,v3/results_vllm/arbitrary_single/Qwen3.5-2B/stage1_sweep_20260509_114227.json,
01_fvq_cvq,Qwen3.5-2B,Qwen3.5,False,base,arbitrary_single,completion_few_shot,10,20,FVQ,semantic,first,0.5,,0.4,0.6,,100,,10,0.5556,"{""correct"": 50, ""garbage"": 10, ""intermediate_intrusion"": 30, ""recency_intrusion"": 10}",AB,,raw,v3/results_vllm/arbitrary_single/Qwen3.5-2B/stage1_sweep_20260509_114227.json,
01_fvq_cvq,Qwen3.5-2B,Qwen3.5,False,base,arbitrary_single,completion_few_shot,10,30,CVQ,semantic,last,0.44,,0.34,0.54,,100,,9,0.4835,"{""correct"": 44, ""garbage"": 9, ""intermediate_intrusion"": 47}",D,,raw,v3/results_vllm/arbitrary_single/Qwen3.5-2B/stage1_sweep_20260509_114227.json,
01_fvq_cvq,Qwen3.5-2B,Qwen3.5,False,base,arbitrary_single,completion_few_shot,10,30,FVQ,semantic,first,0.35,,0.26,0.44,,100,,19,0.4321,"{""correct"": 35, ""garbage"": 19, ""intermediate_intrusion"": 34, ""recency_intrusion"": 12}",D,,raw,v3/results_vllm/arbitrary_single/Qwen3.5-2B/stage1_sweep_20260509_114227.json,
01_fvq_cvq,Qwen3.5-2B,Qwen3.5,False,base,arbitrary_single,completion_few_shot,10,50,CVQ,semantic,last,0.36,,0.27,0.46,,100,,23,0.4675,"{""correct"": 36, ""garbage"": 23, ""intermediate_intrusion"": 41}",A,,raw,v3/results_vllm/arbitrary_single/Qwen3.5-2B/stage1_sweep_20260509_114227.json,
01_fvq_cvq,Qwen3.5-2B,Qwen3.5,False,base,arbitrary_single,completion_few_shot,10,50,FVQ,semantic,first,0.38,,0.28,0.48,,100,,32,0.5588,"{""correct"": 38, ""garbage"": 32, ""intermediate_intrusion"": 24, ""recency_intrusion"": 6}",A,,raw,v3/results_vllm/arbitrary_single/Qwen3.5-2B/stage1_sweep_20260509_114227.json,
01_fvq_cvq,Qwen3.5-2B,Qwen3.5,False,base,arbitrary_single,completion_few_shot,10,75,CVQ,semantic,last,0.28,,0.2,0.37,,100,,46,0.5185,"{""correct"": 28, ""garbage"": 46, ""intermediate_intrusion"": 26}",D,,raw,v3/results_vllm/arbitrary_single/Qwen3.5-2B/stage1_sweep_20260509_114227.json,
01_fvq_cvq,Qwen3.5-2B,Qwen3.5,False,base,arbitrary_single,completion_few_shot,10,75,FVQ,semantic,first,0.21,,0.13,0.29,,100,,52,0.4375,"{""correct"": 21, ""garbage"": 52, ""intermediate_intrusion"": 18, ""recency_intrusion"": 9}",D,,raw,v3/results_vllm/arbitrary_single/Qwen3.5-2B/stage1_sweep_20260509_114227.json,
01_fvq_cvq,Qwen3.5-2B,Qwen3.5,False,base,arbitrary_single,completion_few_shot,10,100,CVQ,semantic,last,0.22,,0.14,0.3,,100,,43,0.386,"{""correct"": 22, ""garbage"": 43, ""intermediate_intrusion"": 35}",D,,raw,v3/results_vllm/arbitrary_single/Qwen3.5-2B/stage1_sweep_20260509_114227.json,
01_fvq_cvq,Qwen3.5-2B,Qwen3.5,False,base,arbitrary_single,completion_few_shot,10,100,FVQ,semantic,first,0.19,,0.12,0.27,,100,,58,0.4524,"{""correct"": 19, ""garbage"": 58, ""intermediate_intrusion"": 16, ""recency_intrusion"": 7}",D,,raw,v3/results_vllm/arbitrary_single/Qwen3.5-2B/stage1_sweep_20260509_114227.json,
01_fvq_cvq,Qwen3.5-2B,Qwen3.5,False,base,arbitrary_single,completion_few_shot,15,5,CVQ,semantic,last,0.61,,0.52,0.7,,100,,0,0.61,"{""correct"": 61, ""intermediate_intrusion"": 38, ""primacy_intrusion"": 1}",D,,raw,v3/results_vllm/arbitrary_single/Qwen3.5-2B/stage1_sweep_20260509_114227.json,
01_fvq_cvq,Qwen3.5-2B,Qwen3.5,False,base,arbitrary_single,completion_few_shot,15,5,FVQ,semantic,first,0.36,,0.27,0.45,,100,,2,0.3673,"{""correct"": 36, ""garbage"": 2, ""intermediate_intrusion"": 40, ""recency_intrusion"": 22}",D,,raw,v3/results_vllm/arbitrary_single/Qwen3.5-2B/stage1_sweep_20260509_114227.json,
01_fvq_cvq,Qwen3.5-2B,Qwen3.5,False,base,arbitrary_single,completion_few_shot,15,7,CVQ,semantic,last,0.66,,0.57,0.75,,100,,0,0.66,"{""correct"": 66, ""intermediate_intrusion"": 34}",D,,raw,v3/results_vllm/arbitrary_single/Qwen3.5-2B/stage1_sweep_20260509_114227.json,
01_fvq_cvq,Qwen3.5-2B,Qwen3.5,False,base,arbitrary_single,completion_few_shot,15,7,FVQ,semantic,first,0.41,,0.32,0.5002,,100,,5,0.4316,"{""correct"": 41, ""garbage"": 5, ""intermediate_intrusion"": 39, ""recency_intrusion"": 15}",D,,raw,v3/results_vllm/arbitrary_single/Qwen3.5-2B/stage1_sweep_20260509_114227.json,
01_fvq_cvq,Qwen3.5-2B,Qwen3.5,False,base,arbitrary_single,completion_few_shot,15,10,CVQ,semantic,last,0.53,,0.43,0.63,,100,,1,0.5354,"{""correct"": 53, ""garbage"": 1, ""intermediate_intrusion"": 45, ""primacy_intrusion"": 1}",D,,raw,v3/results_vllm/arbitrary_single/Qwen3.5-2B/stage1_sweep_20260509_114227.json,
01_fvq_cvq,Qwen3.5-2B,Qwen3.5,False,base,arbitrary_single,completion_few_shot,15,10,FVQ,semantic,first,0.46,,0.36,0.55,,100,,4,0.4792,"{""correct"": 46, ""garbage"": 4, ""intermediate_intrusion"": 37, ""recency_intrusion"": 13}",D,,raw,v3/results_vllm/arbitrary_single/Qwen3.5-2B/stage1_sweep_20260509_114227.json,
01_fvq_cvq,Qwen3.5-2B,Qwen3.5,False,base,arbitrary_single,completion_few_shot,15,15,CVQ,semantic,last,0.5,,0.4,0.59,,100,,1,0.5051,"{""correct"": 50, ""garbage"": 1, ""intermediate_intrusion"": 49}",D,,raw,v3/results_vllm/arbitrary_single/Qwen3.5-2B/stage1_sweep_20260509_114227.json,
01_fvq_cvq,Qwen3.5-2B,Qwen3.5,False,base,arbitrary_single,completion_few_shot,15,15,FVQ,semantic,first,0.32,,0.23,0.41,,100,,10,0.3556,"{""correct"": 32, ""garbage"": 10, ""intermediate_intrusion"": 43, ""recency_intrusion"": 15}",D,,raw,v3/results_vllm/arbitrary_single/Qwen3.5-2B/stage1_sweep_20260509_114227.json,
01_fvq_cvq,Qwen3.5-2B,Qwen3.5,False,base,arbitrary_single,completion_few_shot,15,20,CVQ,semantic,last,0.48,,0.38,0.58,,100,,4,0.5,"{""correct"": 48, ""garbage"": 4, ""intermediate_intrusion"": 48}",D,,raw,v3/results_vllm/arbitrary_single/Qwen3.5-2B/stage1_sweep_20260509_114227.json,
01_fvq_cvq,Qwen3.5-2B,Qwen3.5,False,base,arbitrary_single,completion_few_shot,15,20,FVQ,semantic,first,0.33,,0.24,0.43,,100,,7,0.3548,"{""correct"": 33, ""garbage"": 7, ""intermediate_intrusion"": 47, ""recency_intrusion"": 13}",D,,raw,v3/results_vllm/arbitrary_single/Qwen3.5-2B/stage1_sweep_20260509_114227.json,
01_fvq_cvq,Qwen3.5-2B,Qwen3.5,False,base,arbitrary_single,completion_few_shot,15,30,CVQ,semantic,last,0.41,,0.31,0.51,,100,,19,0.5062,"{""correct"": 41, ""garbage"": 19, ""intermediate_intrusion"": 39, ""primacy_intrusion"": 1}",D,,raw,v3/results_vllm/arbitrary_single/Qwen3.5-2B/stage1_sweep_20260509_114227.json,
01_fvq_cvq,Qwen3.5-2B,Qwen3.5,False,base,arbitrary_single,completion_few_shot,15,30,FVQ,semantic,first,0.27,,0.19,0.36,,100,,26,0.3649,"{""correct"": 27, ""garbage"": 26, ""intermediate_intrusion"": 38, ""recency_intrusion"": 9}",D,,raw,v3/results_vllm/arbitrary_single/Qwen3.5-2B/stage1_sweep_20260509_114227.json,
01_fvq_cvq,Qwen3.5-2B,Qwen3.5,False,base,arbitrary_single,completion_few_shot,15,50,CVQ,semantic,last,0.25,,0.1798,0.34,,100,,37,0.3968,"{""correct"": 25, ""garbage"": 37, ""intermediate_intrusion"": 38}",D,,raw,v3/results_vllm/arbitrary_single/Qwen3.5-2B/stage1_sweep_20260509_114227.json,
01_fvq_cvq,Qwen3.5-2B,Qwen3.5,False,base,arbitrary_single,completion_few_shot,15,50,FVQ,semantic,first,0.18,,0.11,0.26,,100,,45,0.3273,"{""correct"": 18, ""garbage"": 45, ""intermediate_intrusion"": 24, ""recency_intrusion"": 13}",D,,raw,v3/results_vllm/arbitrary_single/Qwen3.5-2B/stage1_sweep_20260509_114227.json,
01_fvq_cvq,Qwen3.5-2B,Qwen3.5,False,base,arbitrary_single,completion_few_shot,15,75,CVQ,semantic,last,0.21,,0.13,0.3,,100,,49,0.4118,"{""correct"": 21, ""garbage"": 49, ""intermediate_intrusion"": 30}",D,,raw,v3/results_vllm/arbitrary_single/Qwen3.5-2B/stage1_sweep_20260509_114227.json,
01_fvq_cvq,Qwen3.5-2B,Qwen3.5,False,base,arbitrary_single,completion_few_shot,15,75,FVQ,semantic,first,0.05,,0.01,0.1,,100,,57,0.1163,"{""correct"": 5, ""garbage"": 57, ""intermediate_intrusion"": 28, ""recency_intrusion"": 10}",D,,raw,v3/results_vllm/arbitrary_single/Qwen3.5-2B/stage1_sweep_20260509_114227.json,
01_fvq_cvq,Qwen3.5-2B,Qwen3.5,False,base,arbitrary_single,completion_few_shot,15,100,CVQ,semantic,last,0.16,,0.09,0.23,,100,,61,0.4103,"{""correct"": 16, ""garbage"": 61, ""intermediate_intrusion"": 23}",D,,raw,v3/results_vllm/arbitrary_single/Qwen3.5-2B/stage1_sweep_20260509_114227.json,
01_fvq_cvq,Qwen3.5-2B,Qwen3.5,False,base,arbitrary_single,completion_few_shot,15,100,FVQ,semantic,first,0.08,,0.03,0.14,,100,,52,0.1667,"{""correct"": 8, ""garbage"": 52, ""intermediate_intrusion"": 29, ""recency_intrusion"": 11}",D,,raw,v3/results_vllm/arbitrary_single/Qwen3.5-2B/stage1_sweep_20260509_114227.json,
01_fvq_cvq,Qwen3.5-2B,Qwen3.5,False,base,arbitrary_single,completion_few_shot,20,5,CVQ,semantic,last,0.68,,0.58,0.77,,100,,0,0.68,"{""correct"": 68, ""intermediate_intrusion"": 31, ""primacy_intrusion"": 1}",D,,raw,v3/results_vllm/arbitrary_single/Qwen3.5-2B/stage1_sweep_20260509_114227.json,
01_fvq_cvq,Qwen3.5-2B,Qwen3.5,False,base,arbitrary_single,completion_few_shot,20,5,FVQ,semantic,first,0.47,,0.37,0.57,,100,,3,0.4845,"{""correct"": 47, ""garbage"": 3, ""intermediate_intrusion"": 27, ""recency_intrusion"": 23}",D,,raw,v3/results_vllm/arbitrary_single/Qwen3.5-2B/stage1_sweep_20260509_114227.json,
01_fvq_cvq,Qwen3.5-2B,Qwen3.5,False,base,arbitrary_single,completion_few_shot,20,7,CVQ,semantic,last,0.66,,0.57,0.75,,100,,0,0.66,"{""correct"": 66, ""intermediate_intrusion"": 33, ""primacy_intrusion"": 1}",D,,raw,v3/results_vllm/arbitrary_single/Qwen3.5-2B/stage1_sweep_20260509_114227.json,
01_fvq_cvq,Qwen3.5-2B,Qwen3.5,False,base,arbitrary_single,completion_few_shot,20,7,FVQ,semantic,first,0.46,,0.36,0.56,,100,,1,0.4646,"{""correct"": 46, ""garbage"": 1, ""intermediate_intrusion"": 37, ""recency_intrusion"": 16}",D,,raw,v3/results_vllm/arbitrary_single/Qwen3.5-2B/stage1_sweep_20260509_114227.json,
01_fvq_cvq,Qwen3.5-2B,Qwen3.5,False,base,arbitrary_single,completion_few_shot,20,10,CVQ,semantic,last,0.57,,0.48,0.6602,,100,,1,0.5758,"{""correct"": 57, ""garbage"": 1, ""intermediate_intrusion"": 41, ""primacy_intrusion"": 1}",D,,raw,v3/results_vllm/arbitrary_single/Qwen3.5-2B/stage1_sweep_20260509_114227.json,
01_fvq_cvq,Qwen3.5-2B,Qwen3.5,False,base,arbitrary_single,completion_few_shot,20,10,FVQ,semantic,first,0.26,,0.18,0.34,,100,,5,0.2737,"{""correct"": 26, ""garbage"": 5, ""intermediate_intrusion"": 45, ""recency_intrusion"": 24}",D,,raw,v3/results_vllm/arbitrary_single/Qwen3.5-2B/stage1_sweep_20260509_114227.json,
01_fvq_cvq,Qwen3.5-2B,Qwen3.5,False,base,arbitrary_single,completion_few_shot,20,15,CVQ,semantic,last,0.46,,0.36,0.56,,100,,0,0.46,"{""correct"": 46, ""intermediate_intrusion"": 54}",D,,raw,v3/results_vllm/arbitrary_single/Qwen3.5-2B/stage1_sweep_20260509_114227.json,
01_fvq_cvq,Qwen3.5-2B,Qwen3.5,False,base,arbitrary_single,completion_few_shot,20,15,FVQ,semantic,first,0.23,,0.15,0.32,,100,,8,0.25,"{""correct"": 23, ""garbage"": 8, ""intermediate_intrusion"": 57, ""recency_intrusion"": 12}",D,,raw,v3/results_vllm/arbitrary_single/Qwen3.5-2B/stage1_sweep_20260509_114227.json,
01_fvq_cvq,Qwen3.5-2B,Qwen3.5,False,base,arbitrary_single,completion_few_shot,20,20,CVQ,semantic,last,0.35,,0.26,0.45,,100,,10,0.3889,"{""correct"": 35, ""garbage"": 10, ""intermediate_intrusion"": 55}",D,,raw,v3/results_vllm/arbitrary_single/Qwen3.5-2B/stage1_sweep_20260509_114227.json,
01_fvq_cvq,Qwen3.5-2B,Qwen3.5,False,base,arbitrary_single,completion_few_shot,20,20,FVQ,semantic,first,0.15,,0.08,0.22,,100,,17,0.1807,"{""correct"": 15, ""garbage"": 17, ""intermediate_intrusion"": 53, ""recency_intrusion"": 15}",D,,raw,v3/results_vllm/arbitrary_single/Qwen3.5-2B/stage1_sweep_20260509_114227.json,
01_fvq_cvq,Qwen3.5-2B,Qwen3.5,False,base,arbitrary_single,completion_few_shot,20,30,CVQ,semantic,last,0.36,,0.27,0.46,,100,,18,0.439,"{""correct"": 36, ""garbage"": 18, ""intermediate_intrusion"": 46}",D,,raw,v3/results_vllm/arbitrary_single/Qwen3.5-2B/stage1_sweep_20260509_114227.json,
01_fvq_cvq,Qwen3.5-2B,Qwen3.5,False,base,arbitrary_single,completion_few_shot,20,30,FVQ,semantic,first,0.16,,0.09,0.23,,100,,31,0.2319,"{""correct"": 16, ""garbage"": 31, ""intermediate_intrusion"": 36, ""recency_intrusion"": 17}",D,,raw,v3/results_vllm/arbitrary_single/Qwen3.5-2B/stage1_sweep_20260509_114227.json,
01_fvq_cvq,Qwen3.5-2B,Qwen3.5,False,base,arbitrary_single,completion_few_shot,20,50,CVQ,semantic,last,0.21,,0.13,0.29,,100,,40,0.35,"{""correct"": 21, ""garbage"": 40, ""intermediate_intrusion"": 39}",D,,raw,v3/results_vllm/arbitrary_single/Qwen3.5-2B/stage1_sweep_20260509_114227.json,
01_fvq_cvq,Qwen3.5-2B,Qwen3.5,False,base,arbitrary_single,completion_few_shot,20,50,FVQ,semantic,first,0.07,,0.02,0.13,,100,,55,0.1556,"{""correct"": 7, ""garbage"": 55, ""intermediate_intrusion"": 29, ""recency_intrusion"": 9}",D,,raw,v3/results_vllm/arbitrary_single/Qwen3.5-2B/stage1_sweep_20260509_114227.json,
01_fvq_cvq,Qwen3.5-2B,Qwen3.5,False,base,arbitrary_single,completion_few_shot,20,75,CVQ,semantic,last,0.22,,0.14,0.31,,100,,57,0.5116,"{""correct"": 22, ""garbage"": 57, ""intermediate_intrusion"": 20, ""primacy_intrusion"": 1}",D,,raw,v3/results_vllm/arbitrary_single/Qwen3.5-2B/stage1_sweep_20260509_114227.json,
01_fvq_cvq,Qwen3.5-2B,Qwen3.5,False,base,arbitrary_single,completion_few_shot,20,75,FVQ,semantic,first,0.1,,0.04,0.16,,100,,63,0.2703,"{""correct"": 10, ""garbage"": 63, ""intermediate_intrusion"": 20, ""recency_intrusion"": 7}",D,,raw,v3/results_vllm/arbitrary_single/Qwen3.5-2B/stage1_sweep_20260509_114227.json,
01_fvq_cvq,Qwen3.5-2B,Qwen3.5,False,base,arbitrary_single,completion_few_shot,20,100,CVQ,semantic,last,0.13,,0.07,0.2,,100,,65,0.3714,"{""correct"": 13, ""garbage"": 65, ""intermediate_intrusion"": 22}",D,,raw,v3/results_vllm/arbitrary_single/Qwen3.5-2B/stage1_sweep_20260509_114227.json,
01_fvq_cvq,Qwen3.5-2B,Qwen3.5,False,base,arbitrary_single,completion_few_shot,20,100,FVQ,semantic,first,0.05,,0.01,0.1,,100,,71,0.1724,"{""correct"": 5, ""garbage"": 71, ""intermediate_intrusion"": 15, ""recency_intrusion"": 9}",D,,raw,v3/results_vllm/arbitrary_single/Qwen3.5-2B/stage1_sweep_20260509_114227.json,
01_fvq_cvq,Qwen3.5-2B,Qwen3.5,False,base,arbitrary_single,completion_few_shot,25,5,CVQ,semantic,last,0.62,,0.52,0.71,,100,,0,0.62,"{""correct"": 62, ""intermediate_intrusion"": 37, ""primacy_intrusion"": 1}",D,,raw,v3/results_vllm/arbitrary_single/Qwen3.5-2B/stage1_sweep_20260509_114227.json,
01_fvq_cvq,Qwen3.5-2B,Qwen3.5,False,base,arbitrary_single,completion_few_shot,25,5,FVQ,semantic,first,0.24,,0.16,0.33,,100,,1,0.2424,"{""correct"": 24, ""garbage"": 1, ""intermediate_intrusion"": 46, ""recency_intrusion"": 29}",D,,raw,v3/results_vllm/arbitrary_single/Qwen3.5-2B/stage1_sweep_20260509_114227.json,
01_fvq_cvq,Qwen3.5-2B,Qwen3.5,False,base,arbitrary_single,completion_few_shot,25,7,CVQ,semantic,last,0.53,,0.43,0.62,,100,,0,0.53,"{""correct"": 53, ""intermediate_intrusion"": 47}",D,,raw,v3/results_vllm/arbitrary_single/Qwen3.5-2B/stage1_sweep_20260509_114227.json,
01_fvq_cvq,Qwen3.5-2B,Qwen3.5,False,base,arbitrary_single,completion_few_shot,25,7,FVQ,semantic,first,0.33,,0.24,0.42,,100,,1,0.3333,"{""correct"": 33, ""garbage"": 1, ""intermediate_intrusion"": 50, ""recency_intrusion"": 16}",D,,raw,v3/results_vllm/arbitrary_single/Qwen3.5-2B/stage1_sweep_20260509_114227.json,
01_fvq_cvq,Qwen3.5-2B,Qwen3.5,False,base,arbitrary_single,completion_few_shot,25,10,CVQ,semantic,last,0.52,,0.42,0.62,,100,,1,0.5253,"{""correct"": 52, ""garbage"": 1, ""intermediate_intrusion"": 47}",D,,raw,v3/results_vllm/arbitrary_single/Qwen3.5-2B/stage1_sweep_20260509_114227.json,
01_fvq_cvq,Qwen3.5-2B,Qwen3.5,False,base,arbitrary_single,completion_few_shot,25,10,FVQ,semantic,first,0.26,,0.18,0.35,,100,,4,0.2708,"{""correct"": 26, ""garbage"": 4, ""intermediate_intrusion"": 47, ""recency_intrusion"": 23}",D,,raw,v3/results_vllm/arbitrary_single/Qwen3.5-2B/stage1_sweep_20260509_114227.json,
01_fvq_cvq,Qwen3.5-2B,Qwen3.5,False,base,arbitrary_single,completion_few_shot,25,15,CVQ,semantic,last,0.45,,0.35,0.55,,100,,2,0.4592,"{""correct"": 45, ""garbage"": 2, ""intermediate_intrusion"": 53}",D,,raw,v3/results_vllm/arbitrary_single/Qwen3.5-2B/stage1_sweep_20260509_114227.json,
01_fvq_cvq,Qwen3.5-2B,Qwen3.5,False,base,arbitrary_single,completion_few_shot,25,15,FVQ,semantic,first,0.23,,0.15,0.31,,100,,13,0.2644,"{""correct"": 23, ""garbage"": 13, ""intermediate_intrusion"": 47, ""recency_intrusion"": 17}",D,,raw,v3/results_vllm/arbitrary_single/Qwen3.5-2B/stage1_sweep_20260509_114227.json,
01_fvq_cvq,Qwen3.5-2B,Qwen3.5,False,base,arbitrary_single,completion_few_shot,25,20,CVQ,semantic,last,0.4,,0.31,0.5,,100,,7,0.4301,"{""correct"": 40, ""garbage"": 7, ""intermediate_intrusion"": 53}",D,,raw,v3/results_vllm/arbitrary_single/Qwen3.5-2B/stage1_sweep_20260509_114227.json,
01_fvq_cvq,Qwen3.5-2B,Qwen3.5,False,base,arbitrary_single,completion_few_shot,25,20,FVQ,semantic,first,0.12,,0.06,0.1802,,100,,12,0.1364,"{""correct"": 12, ""garbage"": 12, ""intermediate_intrusion"": 63, ""recency_intrusion"": 13}",D,,raw,v3/results_vllm/arbitrary_single/Qwen3.5-2B/stage1_sweep_20260509_114227.json,
01_fvq_cvq,Qwen3.5-2B,Qwen3.5,False,base,arbitrary_single,completion_few_shot,25,30,CVQ,semantic,last,0.28,,0.2,0.37,,100,,28,0.3889,"{""correct"": 28, ""garbage"": 28, ""intermediate_intrusion"": 44}",D,,raw,v3/results_vllm/arbitrary_single/Qwen3.5-2B/stage1_sweep_20260509_114227.json,
01_fvq_cvq,Qwen3.5-2B,Qwen3.5,False,base,arbitrary_single,completion_few_shot,25,30,FVQ,semantic,first,0.09,,0.04,0.15,,100,,31,0.1304,"{""correct"": 9, ""garbage"": 31, ""intermediate_intrusion"": 45, ""recency_intrusion"": 15}",D,,raw,v3/results_vllm/arbitrary_single/Qwen3.5-2B/stage1_sweep_20260509_114227.json,
01_fvq_cvq,Qwen3.5-2B,Qwen3.5,False,base,arbitrary_single,completion_few_shot,25,50,CVQ,semantic,last,0.24,,0.16,0.33,,100,,39,0.3934,"{""correct"": 24, ""garbage"": 39, ""intermediate_intrusion"": 37}",D,,raw,v3/results_vllm/arbitrary_single/Qwen3.5-2B/stage1_sweep_20260509_114227.json,
01_fvq_cvq,Qwen3.5-2B,Qwen3.5,False,base,arbitrary_single,completion_few_shot,25,50,FVQ,semantic,first,0.04,,0.01,0.08,,100,,49,0.0784,"{""correct"": 4, ""garbage"": 49, ""intermediate_intrusion"": 31, ""recency_intrusion"": 16}",D,,raw,v3/results_vllm/arbitrary_single/Qwen3.5-2B/stage1_sweep_20260509_114227.json,
01_fvq_cvq,Qwen3.5-2B,Qwen3.5,False,base,arbitrary_single,completion_few_shot,25,75,CVQ,semantic,last,0.11,,0.05,0.17,,100,,70,0.3667,"{""correct"": 11, ""garbage"": 70, ""intermediate_intrusion"": 19}",D,,raw,v3/results_vllm/arbitrary_single/Qwen3.5-2B/stage1_sweep_20260509_114227.json,
01_fvq_cvq,Qwen3.5-2B,Qwen3.5,False,base,arbitrary_single,completion_few_shot,25,75,FVQ,semantic,first,0.04,,0.01,0.08,,100,,64,0.1111,"{""correct"": 4, ""garbage"": 64, ""intermediate_intrusion"": 17, ""recency_intrusion"": 15}",D,,raw,v3/results_vllm/arbitrary_single/Qwen3.5-2B/stage1_sweep_20260509_114227.json,
01_fvq_cvq,Qwen3.5-2B,Qwen3.5,False,base,arbitrary_single,completion_few_shot,30,5,CVQ,semantic,last,0.62,,0.52,0.7102,,100,,0,0.62,"{""correct"": 62, ""intermediate_intrusion"": 38}",D,,raw,v3/results_vllm/arbitrary_single/Qwen3.5-2B/stage1_sweep_20260509_114227.json,
01_fvq_cvq,Qwen3.5-2B,Qwen3.5,False,base,arbitrary_single,completion_few_shot,30,5,FVQ,semantic,first,0.29,,0.2,0.38,,100,,3,0.299,"{""correct"": 29, ""garbage"": 3, ""intermediate_intrusion"": 46, ""recency_intrusion"": 22}",D,,raw,v3/results_vllm/arbitrary_single/Qwen3.5-2B/stage1_sweep_20260509_114227.json,
01_fvq_cvq,Qwen3.5-2B,Qwen3.5,False,base,arbitrary_single,completion_few_shot,30,7,CVQ,semantic,last,0.56,,0.47,0.66,,100,,0,0.56,"{""correct"": 56, ""intermediate_intrusion"": 44}",D,,raw,v3/results_vllm/arbitrary_single/Qwen3.5-2B/stage1_sweep_20260509_114227.json,
01_fvq_cvq,Qwen3.5-2B,Qwen3.5,False,base,arbitrary_single,completion_few_shot,30,7,FVQ,semantic,first,0.27,,0.19,0.36,,100,,2,0.2755,"{""correct"": 27, ""garbage"": 2, ""intermediate_intrusion"": 48, ""recency_intrusion"": 23}",D,,raw,v3/results_vllm/arbitrary_single/Qwen3.5-2B/stage1_sweep_20260509_114227.json,
01_fvq_cvq,Qwen3.5-2B,Qwen3.5,False,base,arbitrary_single,completion_few_shot,30,10,CVQ,semantic,last,0.49,,0.39,0.59,,100,,1,0.4949,"{""correct"": 49, ""garbage"": 1, ""intermediate_intrusion"": 49, ""primacy_intrusion"": 1}",D,,raw,v3/results_vllm/arbitrary_single/Qwen3.5-2B/stage1_sweep_20260509_114227.json,
01_fvq_cvq,Qwen3.5-2B,Qwen3.5,False,base,arbitrary_single,completion_few_shot,30,10,FVQ,semantic,first,0.18,,0.11,0.2502,,100,,3,0.1856,"{""correct"": 18, ""garbage"": 3, ""intermediate_intrusion"": 58, ""recency_intrusion"": 21}",D,,raw,v3/results_vllm/arbitrary_single/Qwen3.5-2B/stage1_sweep_20260509_114227.json,
01_fvq_cvq,Qwen3.5-2B,Qwen3.5,False,base,arbitrary_single,completion_few_shot,30,15,CVQ,semantic,last,0.35,,0.26,0.45,,100,,6,0.3723,"{""correct"": 35, ""garbage"": 6, ""intermediate_intrusion"": 59}",D,,raw,v3/results_vllm/arbitrary_single/Qwen3.5-2B/stage1_sweep_20260509_114227.json,
01_fvq_cvq,Qwen3.5-2B,Qwen3.5,False,base,arbitrary_single,completion_few_shot,30,15,FVQ,semantic,first,0.17,,0.1,0.24,,100,,12,0.1932,"{""correct"": 17, ""garbage"": 12, ""intermediate_intrusion"": 55, ""recency_intrusion"": 16}",D,,raw,v3/results_vllm/arbitrary_single/Qwen3.5-2B/stage1_sweep_20260509_114227.json,
01_fvq_cvq,Qwen3.5-2B,Qwen3.5,False,base,arbitrary_single,completion_few_shot,30,20,CVQ,semantic,last,0.25,,0.16,0.34,,100,,7,0.2688,"{""correct"": 25, ""garbage"": 7, ""intermediate_intrusion"": 68}",D,,raw,v3/results_vllm/arbitrary_single/Qwen3.5-2B/stage1_sweep_20260509_114227.json,
01_fvq_cvq,Qwen3.5-2B,Qwen3.5,False,base,arbitrary_single,completion_few_shot,30,20,FVQ,semantic,first,0.19,,0.11,0.27,,100,,12,0.2159,"{""correct"": 19, ""garbage"": 12, ""intermediate_intrusion"": 46, ""recency_intrusion"": 23}",D,,raw,v3/results_vllm/arbitrary_single/Qwen3.5-2B/stage1_sweep_20260509_114227.json,
01_fvq_cvq,Qwen3.5-2B,Qwen3.5,False,base,arbitrary_single,completion_few_shot,30,30,CVQ,semantic,last,0.32,,0.23,0.41,,100,,22,0.4103,"{""correct"": 32, ""garbage"": 22, ""intermediate_intrusion"": 46}",D,,raw,v3/results_vllm/arbitrary_single/Qwen3.5-2B/stage1_sweep_20260509_114227.json,
01_fvq_cvq,Qwen3.5-2B,Qwen3.5,False,base,arbitrary_single,completion_few_shot,30,30,FVQ,semantic,first,0.09,,0.04,0.15,,100,,29,0.1268,"{""correct"": 9, ""garbage"": 29, ""intermediate_intrusion"": 43, ""recency_intrusion"": 19}",D,,raw,v3/results_vllm/arbitrary_single/Qwen3.5-2B/stage1_sweep_20260509_114227.json,
01_fvq_cvq,Qwen3.5-2B,Qwen3.5,False,base,arbitrary_single,completion_few_shot,30,50,CVQ,semantic,last,0.12,,0.06,0.19,,100,,61,0.3077,"{""correct"": 12, ""garbage"": 61, ""intermediate_intrusion"": 27}",D,,raw,v3/results_vllm/arbitrary_single/Qwen3.5-2B/stage1_sweep_20260509_114227.json,
01_fvq_cvq,Qwen3.5-2B,Qwen3.5,False,base,arbitrary_single,completion_few_shot,30,50,FVQ,semantic,first,0.02,,0.0,0.05,,100,,53,0.0426,"{""correct"": 2, ""garbage"": 53, ""intermediate_intrusion"": 32, ""recency_intrusion"": 13}",D,,raw,v3/results_vllm/arbitrary_single/Qwen3.5-2B/stage1_sweep_20260509_114227.json,
01_fvq_cvq,Qwen3.5-2B,Qwen3.5,False,base,arbitrary_single,completion_few_shot,30,75,CVQ,semantic,last,0.14,,0.07,0.21,,100,,74,0.5385,"{""correct"": 14, ""garbage"": 74, ""intermediate_intrusion"": 12}",D,,raw,v3/results_vllm/arbitrary_single/Qwen3.5-2B/stage1_sweep_20260509_114227.json,
01_fvq_cvq,Qwen3.5-2B,Qwen3.5,False,base,arbitrary_single,completion_few_shot,30,75,FVQ,semantic,first,0.01,,0.0,0.03,,100,,66,0.0294,"{""correct"": 1, ""garbage"": 66, ""intermediate_intrusion"": 22, ""recency_intrusion"": 11}",D,,raw,v3/results_vllm/arbitrary_single/Qwen3.5-2B/stage1_sweep_20260509_114227.json,
01_fvq_cvq,Qwen3.5-2B,Qwen3.5,False,base,semantic_multi,,2,10,FVQ-CVQ,semantic,,,0.46,,,0.11,,,,,,,,derived,paper/figures/tab_full_sem.tex,gap only — per-condition accuracies not preserved in the .tex; raw sweep not local
01_fvq_cvq,Qwen3.5-2B,Qwen3.5,False,base,semantic_multi,,5,30,CVQ,semantic,last,0.48,,,,0.1,,,,,,,,derived,paper/figures/tab2_openweight.tex,back-extracted from committed paper table; raw sweep v3/results_vllm/semantic_multi/ not local
01_fvq_cvq,Qwen3.5-2B,Qwen3.5,False,base,semantic_multi,,5,30,FVQ,semantic,first,0.62,,,,0.09,,,,,,,,derived,paper/figures/tab2_openweight.tex,back-extracted from committed paper table; raw sweep v3/results_vllm/semantic_multi/ not local
01_fvq_cvq,Qwen3.5-2B,Qwen3.5,False,base,semantic_multi,,5,30,FVQ-CVQ,semantic,,,0.14,,,0.13,,,,,,,,derived,paper/figures/tab_full_sem.tex,gap only — per-condition accuracies not preserved in the .tex; raw sweep not local
01_fvq_cvq,Qwen3.5-2B,Qwen3.5,False,base,semantic_multi,,10,50,FVQ-CVQ,semantic,,,-0.01,,,0.14,,,,,,,,derived,paper/figures/tab_full_sem.tex,gap only — per-condition accuracies not preserved in the .tex; raw sweep not local
01_fvq_cvq,Qwen3.5-2B,Qwen3.5,False,base,semantic_multi,,20,50,FVQ-CVQ,semantic,,,0.0,,,0.12,,,,,,,,derived,paper/figures/tab_full_sem.tex,gap only — per-condition accuracies not preserved in the .tex; raw sweep not local
01_fvq_cvq,Qwen3.5-4B,Qwen3.5,False,base,arbitrary_single,completion_few_shot,2,5,CVQ,semantic,last,0.87,,0.8,0.93,,100,,0,0.87,"{""correct"": 87, ""intermediate_intrusion"": 13}",AB,,raw,v3/results_vllm/arbitrary_single/Qwen3.5-4B/stage1_sweep_20260509_120216.json,
01_fvq_cvq,Qwen3.5-4B,Qwen3.5,False,base,arbitrary_single,completion_few_shot,2,5,FVQ,semantic,first,1.0,,1.0,1.0,,100,,0,1.0,"{""correct"": 100}",AB,,raw,v3/results_vllm/arbitrary_single/Qwen3.5-4B/stage1_sweep_20260509_120216.json,
01_fvq_cvq,Qwen3.5-4B,Qwen3.5,False,base,arbitrary_single,completion_few_shot,2,7,CVQ,semantic,last,0.71,,0.62,0.8,,100,,0,0.71,"{""correct"": 71, ""intermediate_intrusion"": 29}",C,,raw,v3/results_vllm/arbitrary_single/Qwen3.5-4B/stage1_sweep_20260509_120216.json,
01_fvq_cvq,Qwen3.5-4B,Qwen3.5,False,base,arbitrary_single,completion_few_shot,2,7,FVQ,semantic,first,1.0,,1.0,1.0,,100,,0,1.0,"{""correct"": 100}",C,,raw,v3/results_vllm/arbitrary_single/Qwen3.5-4B/stage1_sweep_20260509_120216.json,
01_fvq_cvq,Qwen3.5-4B,Qwen3.5,False,base,arbitrary_single,completion_few_shot,2,10,CVQ,semantic,last,0.77,,0.68,0.85,,100,,0,0.77,"{""correct"": 77, ""intermediate_intrusion"": 23}",B,,raw,v3/results_vllm/arbitrary_single/Qwen3.5-4B/stage1_sweep_20260509_120216.json,
01_fvq_cvq,Qwen3.5-4B,Qwen3.5,False,base,arbitrary_single,completion_few_shot,2,10,FVQ,semantic,first,1.0,,1.0,1.0,,100,,0,1.0,"{""correct"": 100}",B,,raw,v3/results_vllm/arbitrary_single/Qwen3.5-4B/stage1_sweep_20260509_120216.json,
01_fvq_cvq,Qwen3.5-4B,Qwen3.5,False,base,arbitrary_single,completion_few_shot,2,15,CVQ,semantic,last,0.82,,0.74,0.89,,100,,0,0.82,"{""correct"": 82, ""intermediate_intrusion"": 18}",B,,raw,v3/results_vllm/arbitrary_single/Qwen3.5-4B/stage1_sweep_20260509_120216.json,
01_fvq_cvq,Qwen3.5-4B,Qwen3.5,False,base,arbitrary_single,completion_few_shot,2,15,FVQ,semantic,first,1.0,,1.0,1.0,,100,,0,1.0,"{""correct"": 100}",B,,raw,v3/results_vllm/arbitrary_single/Qwen3.5-4B/stage1_sweep_20260509_120216.json,
01_fvq_cvq,Qwen3.5-4B,Qwen3.5,False,base,arbitrary_single,completion_few_shot,2,20,CVQ,semantic,last,0.65,,0.56,0.74,,100,,1,0.6566,"{""correct"": 65, ""garbage"": 1, ""intermediate_intrusion"": 34}",C,,raw,v3/results_vllm/arbitrary_single/Qwen3.5-4B/stage1_sweep_20260509_120216.json,
01_fvq_cvq,Qwen3.5-4B,Qwen3.5,False,base,arbitrary_single,completion_few_shot,2,20,FVQ,semantic,first,1.0,,1.0,1.0,,100,,0,1.0,"{""correct"": 100}",C,,raw,v3/results_vllm/arbitrary_single/Qwen3.5-4B/stage1_sweep_20260509_120216.json,
01_fvq_cvq,Qwen3.5-4B,Qwen3.5,False,base,arbitrary_single,completion_few_shot,2,30,CVQ,semantic,last,0.67,,0.57,0.76,,100,,4,0.6979,"{""correct"": 67, ""garbage"": 4, ""intermediate_intrusion"": 29}",C,,raw,v3/results_vllm/arbitrary_single/Qwen3.5-4B/stage1_sweep_20260509_120216.json,
01_fvq_cvq,Qwen3.5-4B,Qwen3.5,False,base,arbitrary_single,completion_few_shot,2,30,FVQ,semantic,first,1.0,,1.0,1.0,,100,,0,1.0,"{""correct"": 100}",C,,raw,v3/results_vllm/arbitrary_single/Qwen3.5-4B/stage1_sweep_20260509_120216.json,
01_fvq_cvq,Qwen3.5-4B,Qwen3.5,False,base,arbitrary_single,completion_few_shot,2,50,CVQ,semantic,last,0.74,,0.65,0.82,,100,,2,0.7551,"{""correct"": 74, ""garbage"": 2, ""intermediate_intrusion"": 24}",C,,raw,v3/results_vllm/arbitrary_single/Qwen3.5-4B/stage1_sweep_20260509_120216.json,
01_fvq_cvq,Qwen3.5-4B,Qwen3.5,False,base,arbitrary_single,completion_few_shot,2,50,FVQ,semantic,first,0.99,,0.97,1.0,,100,,1,1.0,"{""correct"": 99, ""garbage"": 1}",C,,raw,v3/results_vllm/arbitrary_single/Qwen3.5-4B/stage1_sweep_20260509_120216.json,
01_fvq_cvq,Qwen3.5-4B,Qwen3.5,False,base,arbitrary_single,completion_few_shot,2,75,CVQ,semantic,last,0.77,,0.69,0.85,,100,,5,0.8105,"{""correct"": 77, ""garbage"": 5, ""intermediate_intrusion"": 18}",B,,raw,v3/results_vllm/arbitrary_single/Qwen3.5-4B/stage1_sweep_20260509_120216.json,
01_fvq_cvq,Qwen3.5-4B,Qwen3.5,False,base,arbitrary_single,completion_few_shot,2,75,FVQ,semantic,first,1.0,,1.0,1.0,,100,,0,1.0,"{""correct"": 100}",B,,raw,v3/results_vllm/arbitrary_single/Qwen3.5-4B/stage1_sweep_20260509_120216.json,
01_fvq_cvq,Qwen3.5-4B,Qwen3.5,False,base,arbitrary_single,completion_few_shot,2,100,CVQ,semantic,last,0.7,,0.61,0.78,,100,,11,0.7865,"{""correct"": 70, ""garbage"": 11, ""intermediate_intrusion"": 19}",C,,raw,v3/results_vllm/arbitrary_single/Qwen3.5-4B/stage1_sweep_20260509_120216.json,
01_fvq_cvq,Qwen3.5-4B,Qwen3.5,False,base,arbitrary_single,completion_few_shot,2,100,FVQ,semantic,first,0.98,,0.95,1.0,,100,,2,1.0,"{""correct"": 98, ""garbage"": 2}",C,,raw,v3/results_vllm/arbitrary_single/Qwen3.5-4B/stage1_sweep_20260509_120216.json,
01_fvq_cvq,Qwen3.5-4B,Qwen3.5,False,base,arbitrary_single,completion_few_shot,3,5,CVQ,semantic,last,0.88,,0.81,0.94,,100,,0,0.88,"{""correct"": 88, ""intermediate_intrusion"": 12}",AB,,raw,v3/results_vllm/arbitrary_single/Qwen3.5-4B/stage1_sweep_20260509_120216.json,
01_fvq_cvq,Qwen3.5-4B,Qwen3.5,False,base,arbitrary_single,completion_few_shot,3,5,FVQ,semantic,first,1.0,,1.0,1.0,,100,,0,1.0,"{""correct"": 100}",AB,,raw,v3/results_vllm/arbitrary_single/Qwen3.5-4B/stage1_sweep_20260509_120216.json,
01_fvq_cvq,Qwen3.5-4B,Qwen3.5,False,base,arbitrary_single,completion_few_shot,3,7,CVQ,semantic,last,0.79,,0.71,0.87,,100,,0,0.79,"{""correct"": 79, ""intermediate_intrusion"": 21}",B,,raw,v3/results_vllm/arbitrary_single/Qwen3.5-4B/stage1_sweep_20260509_120216.json,
01_fvq_cvq,Qwen3.5-4B,Qwen3.5,False,base,arbitrary_single,completion_few_shot,3,7,FVQ,semantic,first,1.0,,1.0,1.0,,100,,0,1.0,"{""correct"": 100}",B,,raw,v3/results_vllm/arbitrary_single/Qwen3.5-4B/stage1_sweep_20260509_120216.json,
01_fvq_cvq,Qwen3.5-4B,Qwen3.5,False,base,arbitrary_single,completion_few_shot,3,10,CVQ,semantic,last,0.71,,0.62,0.8,,100,,0,0.71,"{""correct"": 71, ""intermediate_intrusion"": 29}",C,,raw,v3/results_vllm/arbitrary_single/Qwen3.5-4B/stage1_sweep_20260509_120216.json,
01_fvq_cvq,Qwen3.5-4B,Qwen3.5,False,base,arbitrary_single,completion_few_shot,3,10,FVQ,semantic,first,0.98,,0.95,1.0,,100,,1,0.9899,"{""correct"": 98, ""garbage"": 1, ""intermediate_intrusion"": 1}",C,,raw,v3/results_vllm/arbitrary_single/Qwen3.5-4B/stage1_sweep_20260509_120216.json,
01_fvq_cvq,Qwen3.5-4B,Qwen3.5,False,base,arbitrary_single,completion_few_shot,3,15,CVQ,semantic,last,0.67,,0.58,0.76,,100,,0,0.67,"{""correct"": 67, ""intermediate_intrusion"": 33}",C,,raw,v3/results_vllm/arbitrary_single/Qwen3.5-4B/stage1_sweep_20260509_120216.json,
01_fvq_cvq,Qwen3.5-4B,Qwen3.5,False,base,arbitrary_single,completion_few_shot,3,15,FVQ,semantic,first,0.97,,0.93,1.0,,100,,3,1.0,"{""correct"": 97, ""garbage"": 3}",C,,raw,v3/results_vllm/arbitrary_single/Qwen3.5-4B/stage1_sweep_20260509_120216.json,
01_fvq_cvq,Qwen3.5-4B,Qwen3.5,False,base,arbitrary_single,completion_few_shot,3,20,CVQ,semantic,last,0.66,,0.56,0.75,,100,,0,0.66,"{""correct"": 66, ""intermediate_intrusion"": 34}",C,,raw,v3/results_vllm/arbitrary_single/Qwen3.5-4B/stage1_sweep_20260509_120216.json,
01_fvq_cvq,Qwen3.5-4B,Qwen3.5,False,base,arbitrary_single,completion_few_shot,3,20,FVQ,semantic,first,0.96,,0.92,0.99,,100,,4,1.0,"{""correct"": 96, ""garbage"": 4}",C,,raw,v3/results_vllm/arbitrary_single/Qwen3.5-4B/stage1_sweep_20260509_120216.json,
01_fvq_cvq,Qwen3.5-4B,Qwen3.5,False,base,arbitrary_single,completion_few_shot,3,30,CVQ,semantic,last,0.68,,0.59,0.77,,100,,1,0.6869,"{""correct"": 68, ""garbage"": 1, ""intermediate_intrusion"": 31}",C,,raw,v3/results_vllm/arbitrary_single/Qwen3.5-4B/stage1_sweep_20260509_120216.json,
01_fvq_cvq,Qwen3.5-4B,Qwen3.5,False,base,arbitrary_single,completion_few_shot,3,30,FVQ,semantic,first,1.0,,1.0,1.0,,100,,0,1.0,"{""correct"": 100}",C,,raw,v3/results_vllm/arbitrary_single/Qwen3.5-4B/stage1_sweep_20260509_120216.json,
01_fvq_cvq,Qwen3.5-4B,Qwen3.5,False,base,arbitrary_single,completion_few_shot,3,50,CVQ,semantic,last,0.68,,0.59,0.77,,100,,0,0.68,"{""correct"": 68, ""intermediate_intrusion"": 32}",C,,raw,v3/results_vllm/arbitrary_single/Qwen3.5-4B/stage1_sweep_20260509_120216.json,
01_fvq_cvq,Qwen3.5-4B,Qwen3.5,False,base,arbitrary_single,completion_few_shot,3,50,FVQ,semantic,first,0.95,,0.9,0.99,,100,,5,1.0,"{""correct"": 95, ""garbage"": 5}",C,,raw,v3/results_vllm/arbitrary_single/Qwen3.5-4B/stage1_sweep_20260509_120216.json,
01_fvq_cvq,Qwen3.5-4B,Qwen3.5,False,base,arbitrary_single,completion_few_shot,3,75,CVQ,semantic,last,0.62,,0.5198,0.71,,100,,7,0.6667,"{""correct"": 62, ""empty"": 1, ""garbage"": 6, ""intermediate_intrusion"": 31}",C,,raw,v3/results_vllm/arbitrary_single/Qwen3.5-4B/stage1_sweep_20260509_120216.json,
01_fvq_cvq,Qwen3.5-4B,Qwen3.5,False,base,arbitrary_single,completion_few_shot,3,75,FVQ,semantic,first,0.92,,0.86,0.97,,100,,8,1.0,"{""correct"": 92, ""garbage"": 8}",C,,raw,v3/results_vllm/arbitrary_single/Qwen3.5-4B/stage1_sweep_20260509_120216.json,
01_fvq_cvq,Qwen3.5-4B,Qwen3.5,False,base,arbitrary_single,completion_few_shot,3,100,CVQ,semantic,last,0.64,,0.54,0.73,,100,,9,0.7033,"{""correct"": 64, ""garbage"": 9, ""intermediate_intrusion"": 27}",B,,raw,v3/results_vllm/arbitrary_single/Qwen3.5-4B/stage1_sweep_20260509_120216.json,
01_fvq_cvq,Qwen3.5-4B,Qwen3.5,False,base,arbitrary_single,completion_few_shot,3,100,FVQ,semantic,first,0.8,,0.72,0.87,,100,,15,0.9412,"{""correct"": 80, ""empty"": 1, ""garbage"": 14, ""intermediate_intrusion"": 5}",B,,raw,v3/results_vllm/arbitrary_single/Qwen3.5-4B/stage1_sweep_20260509_120216.json,
01_fvq_cvq,Qwen3.5-4B,Qwen3.5,False,base,arbitrary_single,completion_few_shot,5,5,CVQ,semantic,last,0.71,,0.62,0.79,,100,,0,0.71,"{""correct"": 71, ""intermediate_intrusion"": 29}",C,,raw,v3/results_vllm/arbitrary_single/Qwen3.5-4B/stage1_sweep_20260509_120216.json,
01_fvq_cvq,Qwen3.5-4B,Qwen3.5,False,base,arbitrary_single,completion_few_shot,5,5,FVQ,semantic,first,0.97,,0.93,1.0,,100,,3,1.0,"{""correct"": 97, ""garbage"": 3}",C,,raw,v3/results_vllm/arbitrary_single/Qwen3.5-4B/stage1_sweep_20260509_120216.json,
01_fvq_cvq,Qwen3.5-4B,Qwen3.5,False,base,arbitrary_single,completion_few_shot,5,7,CVQ,semantic,last,0.6,,0.51,0.7,,100,,0,0.6,"{""correct"": 60, ""intermediate_intrusion"": 40}",C,,raw,v3/results_vllm/arbitrary_single/Qwen3.5-4B/stage1_sweep_20260509_120216.json,
01_fvq_cvq,Qwen3.5-4B,Qwen3.5,False,base,arbitrary_single,completion_few_shot,5,7,FVQ,semantic,first,0.98,,0.95,1.0,,100,,1,0.9899,"{""correct"": 98, ""garbage"": 1, ""recency_intrusion"": 1}",C,,raw,v3/results_vllm/arbitrary_single/Qwen3.5-4B/stage1_sweep_20260509_120216.json,
01_fvq_cvq,Qwen3.5-4B,Qwen3.5,False,base,arbitrary_single,completion_few_shot,5,10,CVQ,semantic,last,0.62,,0.53,0.72,,100,,0,0.62,"{""correct"": 62, ""intermediate_intrusion"": 38}",C,,raw,v3/results_vllm/arbitrary_single/Qwen3.5-4B/stage1_sweep_20260509_120216.json,
01_fvq_cvq,Qwen3.5-4B,Qwen3.5,False,base,arbitrary_single,completion_few_shot,5,10,FVQ,semantic,first,0.96,,0.92,0.99,,100,,4,1.0,"{""correct"": 96, ""garbage"": 4}",C,,raw,v3/results_vllm/arbitrary_single/Qwen3.5-4B/stage1_sweep_20260509_120216.json,
01_fvq_cvq,Qwen3.5-4B,Qwen3.5,False,base,arbitrary_single,completion_few_shot,5,15,CVQ,semantic,last,0.64,,0.55,0.74,,100,,1,0.6465,"{""correct"": 64, ""garbage"": 1, ""intermediate_intrusion"": 35}",C,,raw,v3/results_vllm/arbitrary_single/Qwen3.5-4B/stage1_sweep_20260509_120216.json,
01_fvq_cvq,Qwen3.5-4B,Qwen3.5,False,base,arbitrary_single,completion_few_shot,5,15,FVQ,semantic,first,0.9,,0.84,0.95,,100,,7,0.9677,"{""correct"": 90, ""garbage"": 7, ""intermediate_intrusion"": 3}",C,,raw,v3/results_vllm/arbitrary_single/Qwen3.5-4B/stage1_sweep_20260509_120216.json,
01_fvq_cvq,Qwen3.5-4B,Qwen3.5,False,base,arbitrary_single,completion_few_shot,5,20,CVQ,semantic,last,0.65,,0.55,0.74,,100,,0,0.65,"{""correct"": 65, ""intermediate_intrusion"": 35}",C,,raw,v3/results_vllm/arbitrary_single/Qwen3.5-4B/stage1_sweep_20260509_120216.json,
01_fvq_cvq,Qwen3.5-4B,Qwen3.5,False,base,arbitrary_single,completion_few_shot,5,20,FVQ,semantic,first,0.92,,0.86,0.97,,100,,6,0.9787,"{""correct"": 92, ""empty"": 1, ""garbage"": 5, ""intermediate_intrusion"": 2}",C,,raw,v3/results_vllm/arbitrary_single/Qwen3.5-4B/stage1_sweep_20260509_120216.json,
01_fvq_cvq,Qwen3.5-4B,Qwen3.5,False,base,arbitrary_single,completion_few_shot,5,30,CVQ,semantic,last,0.55,,0.45,0.6402,,100,,1,0.5556,"{""correct"": 55, ""garbage"": 1, ""intermediate_intrusion"": 44}",C,,raw,v3/results_vllm/arbitrary_single/Qwen3.5-4B/stage1_sweep_20260509_120216.json,
01_fvq_cvq,Qwen3.5-4B,Qwen3.5,False,base,arbitrary_single,completion_few_shot,5,30,FVQ,semantic,first,0.85,,0.77,0.92,,100,,10,0.9444,"{""correct"": 85, ""garbage"": 10, ""intermediate_intrusion"": 5}",C,,raw,v3/results_vllm/arbitrary_single/Qwen3.5-4B/stage1_sweep_20260509_120216.json,
01_fvq_cvq,Qwen3.5-4B,Qwen3.5,False,base,arbitrary_single,completion_few_shot,5,50,CVQ,semantic,last,0.72,,0.64,0.81,,100,,1,0.7273,"{""correct"": 72, ""garbage"": 1, ""intermediate_intrusion"": 26, ""primacy_intrusion"": 1}",AB,,raw,v3/results_vllm/arbitrary_single/Qwen3.5-4B/stage1_sweep_20260509_120216.json,
01_fvq_cvq,Qwen3.5-4B,Qwen3.5,False,base,arbitrary_single,completion_few_shot,5,50,FVQ,semantic,first,0.8,,0.72,0.88,,100,,14,0.9302,"{""correct"": 80, ""empty"": 1, ""garbage"": 13, ""intermediate_intrusion"": 6}",AB,,raw,v3/results_vllm/arbitrary_single/Qwen3.5-4B/stage1_sweep_20260509_120216.json,
01_fvq_cvq,Qwen3.5-4B,Qwen3.5,False,base,arbitrary_single,completion_few_shot,5,75,CVQ,semantic,last,0.61,,0.52,0.7,,100,,5,0.6421,"{""correct"": 61, ""empty"": 1, ""garbage"": 4, ""intermediate_intrusion"": 34}",B,,raw,v3/results_vllm/arbitrary_single/Qwen3.5-4B/stage1_sweep_20260509_120216.json,
01_fvq_cvq,Qwen3.5-4B,Qwen3.5,False,base,arbitrary_single,completion_few_shot,5,75,FVQ,semantic,first,0.76,,0.67,0.84,,100,,17,0.9157,"{""correct"": 76, ""garbage"": 17, ""intermediate_intrusion"": 7}",B,,raw,v3/results_vllm/arbitrary_single/Qwen3.5-4B/stage1_sweep_20260509_120216.json,
01_fvq_cvq,Qwen3.5-4B,Qwen3.5,False,base,arbitrary_single,completion_few_shot,5,100,CVQ,semantic,last,0.73,,0.64,0.81,,100,,4,0.7604,"{""correct"": 73, ""empty"": 1, ""garbage"": 3, ""intermediate_intrusion"": 23}",D,,raw,v3/results_vllm/arbitrary_single/Qwen3.5-4B/stage1_sweep_20260509_120216.json,
01_fvq_cvq,Qwen3.5-4B,Qwen3.5,False,base,arbitrary_single,completion_few_shot,5,100,FVQ,semantic,first,0.61,,0.51,0.7,,100,,26,0.8243,"{""correct"": 61, ""empty"": 1, ""garbage"": 25, ""intermediate_intrusion"": 13}",D,,raw,v3/results_vllm/arbitrary_single/Qwen3.5-4B/stage1_sweep_20260509_120216.json,
01_fvq_cvq,Qwen3.5-4B,Qwen3.5,False,base,arbitrary_single,completion_few_shot,7,5,CVQ,semantic,last,0.69,,0.6,0.78,,100,,0,0.69,"{""correct"": 69, ""intermediate_intrusion"": 31}",C,,raw,v3/results_vllm/arbitrary_single/Qwen3.5-4B/stage1_sweep_20260509_120216.json,
01_fvq_cvq,Qwen3.5-4B,Qwen3.5,False,base,arbitrary_single,completion_few_shot,7,5,FVQ,semantic,first,0.96,,0.92,0.99,,100,,4,1.0,"{""correct"": 96, ""garbage"": 4}",C,,raw,v3/results_vllm/arbitrary_single/Qwen3.5-4B/stage1_sweep_20260509_120216.json,
01_fvq_cvq,Qwen3.5-4B,Qwen3.5,False,base,arbitrary_single,completion_few_shot,7,7,CVQ,semantic,last,0.58,,0.49,0.68,,100,,0,0.58,"{""correct"": 58, ""intermediate_intrusion"": 42}",C,,raw,v3/results_vllm/arbitrary_single/Qwen3.5-4B/stage1_sweep_20260509_120216.json,
01_fvq_cvq,Qwen3.5-4B,Qwen3.5,False,base,arbitrary_single,completion_few_shot,7,7,FVQ,semantic,first,0.92,,0.86,0.97,,100,,5,0.9684,"{""correct"": 92, ""garbage"": 5, ""intermediate_intrusion"": 3}",C,,raw,v3/results_vllm/arbitrary_single/Qwen3.5-4B/stage1_sweep_20260509_120216.json,
01_fvq_cvq,Qwen3.5-4B,Qwen3.5,False,base,arbitrary_single,completion_few_shot,7,10,CVQ,semantic,last,0.6,,0.5,0.69,,100,,0,0.6,"{""correct"": 60, ""intermediate_intrusion"": 40}",C,,raw,v3/results_vllm/arbitrary_single/Qwen3.5-4B/stage1_sweep_20260509_120216.json,
01_fvq_cvq,Qwen3.5-4B,Qwen3.5,False,base,arbitrary_single,completion_few_shot,7,10,FVQ,semantic,first,0.9,,0.84,0.95,,100,,7,0.9677,"{""correct"": 90, ""garbage"": 7, ""intermediate_intrusion"": 3}",C,,raw,v3/results_vllm/arbitrary_single/Qwen3.5-4B/stage1_sweep_20260509_120216.json,
01_fvq_cvq,Qwen3.5-4B,Qwen3.5,False,base,arbitrary_single,completion_few_shot,7,15,CVQ,semantic,last,0.62,,0.52,0.72,,100,,0,0.62,"{""correct"": 62, ""intermediate_intrusion"": 38}",B,,raw,v3/results_vllm/arbitrary_single/Qwen3.5-4B/stage1_sweep_20260509_120216.json,
01_fvq_cvq,Qwen3.5-4B,Qwen3.5,False,base,arbitrary_single,completion_few_shot,7,15,FVQ,semantic,first,0.83,,0.75,0.9,,100,,13,0.954,"{""correct"": 83, ""garbage"": 13, ""intermediate_intrusion"": 4}",B,,raw,v3/results_vllm/arbitrary_single/Qwen3.5-4B/stage1_sweep_20260509_120216.json,
01_fvq_cvq,Qwen3.5-4B,Qwen3.5,False,base,arbitrary_single,completion_few_shot,7,20,CVQ,semantic,last,0.49,,0.39,0.59,,100,,0,0.49,"{""correct"": 49, ""intermediate_intrusion"": 51}",C,,raw,v3/results_vllm/arbitrary_single/Qwen3.5-4B/stage1_sweep_20260509_120216.json,
01_fvq_cvq,Qwen3.5-4B,Qwen3.5,False,base,arbitrary_single,completion_few_shot,7,20,FVQ,semantic,first,0.82,,0.74,0.89,,100,,11,0.9213,"{""correct"": 82, ""garbage"": 11, ""intermediate_intrusion"": 6, ""recency_intrusion"": 1}",C,,raw,v3/results_vllm/arbitrary_single/Qwen3.5-4B/stage1_sweep_20260509_120216.json,
01_fvq_cvq,Qwen3.5-4B,Qwen3.5,False,base,arbitrary_single,completion_few_shot,7,30,CVQ,semantic,last,0.51,,0.42,0.61,,100,,2,0.5204,"{""correct"": 51, ""garbage"": 2, ""intermediate_intrusion"": 47}",B,,raw,v3/results_vllm/arbitrary_single/Qwen3.5-4B/stage1_sweep_20260509_120216.json,
01_fvq_cvq,Qwen3.5-4B,Qwen3.5,False,base,arbitrary_single,completion_few_shot,7,30,FVQ,semantic,first,0.71,,0.62,0.8,,100,,17,0.8554,"{""correct"": 71, ""garbage"": 17, ""intermediate_intrusion"": 12}",B,,raw,v3/results_vllm/arbitrary_single/Qwen3.5-4B/stage1_sweep_20260509_120216.json,
01_fvq_cvq,Qwen3.5-4B,Qwen3.5,False,base,arbitrary_single,completion_few_shot,7,50,CVQ,semantic,last,0.54,,0.44,0.64,,100,,3,0.5567,"{""correct"": 54, ""empty"": 1, ""garbage"": 2, ""intermediate_intrusion"": 43}",A,,raw,v3/results_vllm/arbitrary_single/Qwen3.5-4B/stage1_sweep_20260509_120216.json,
01_fvq_cvq,Qwen3.5-4B,Qwen3.5,False,base,arbitrary_single,completion_few_shot,7,50,FVQ,semantic,first,0.59,,0.49,0.69,,100,,20,0.7375,"{""correct"": 59, ""empty"": 1, ""garbage"": 19, ""intermediate_intrusion"": 20, ""recency_intrusion"": 1}",A,,raw,v3/results_vllm/arbitrary_single/Qwen3.5-4B/stage1_sweep_20260509_120216.json,
01_fvq_cvq,Qwen3.5-4B,Qwen3.5,False,base,arbitrary_single,completion_few_shot,7,75,CVQ,semantic,last,0.62,,0.53,0.71,,100,,10,0.6889,"{""correct"": 62, ""garbage"": 10, ""intermediate_intrusion"": 28}",D,,raw,v3/results_vllm/arbitrary_single/Qwen3.5-4B/stage1_sweep_20260509_120216.json,
01_fvq_cvq,Qwen3.5-4B,Qwen3.5,False,base,arbitrary_single,completion_few_shot,7,75,FVQ,semantic,first,0.53,,0.43,0.63,,100,,27,0.726,"{""correct"": 53, ""empty"": 1, ""garbage"": 26, ""intermediate_intrusion"": 19, ""recency_intrusion"": 1}",D,,raw,v3/results_vllm/arbitrary_single/Qwen3.5-4B/stage1_sweep_20260509_120216.json,
01_fvq_cvq,Qwen3.5-4B,Qwen3.5,False,base,arbitrary_single,completion_few_shot,7,100,CVQ,semantic,last,0.61,,0.51,0.7,,100,,4,0.6354,"{""correct"": 61, ""garbage"": 4, ""intermediate_intrusion"": 35}",D,,raw,v3/results_vllm/arbitrary_single/Qwen3.5-4B/stage1_sweep_20260509_120216.json,
01_fvq_cvq,Qwen3.5-4B,Qwen3.5,False,base,arbitrary_single,completion_few_shot,7,100,FVQ,semantic,first,0.56,,0.46,0.65,,100,,22,0.7179,"{""correct"": 56, ""garbage"": 22, ""intermediate_intrusion"": 22}",D,,raw,v3/results_vllm/arbitrary_single/Qwen3.5-4B/stage1_sweep_20260509_120216.json,
01_fvq_cvq,Qwen3.5-4B,Qwen3.5,False,base,arbitrary_single,completion_few_shot,10,5,CVQ,semantic,last,0.7,,0.61,0.78,,100,,0,0.7,"{""correct"": 70, ""intermediate_intrusion"": 30}",C,,raw,v3/results_vllm/arbitrary_single/Qwen3.5-4B/stage1_sweep_20260509_120216.json,
01_fvq_cvq,Qwen3.5-4B,Qwen3.5,False,base,arbitrary_single,completion_few_shot,10,5,FVQ,semantic,first,0.95,,0.91,0.99,,100,,2,0.9694,"{""correct"": 95, ""garbage"": 2, ""intermediate_intrusion"": 3}",C,,raw,v3/results_vllm/arbitrary_single/Qwen3.5-4B/stage1_sweep_20260509_120216.json,
01_fvq_cvq,Qwen3.5-4B,Qwen3.5,False,base,arbitrary_single,completion_few_shot,10,7,CVQ,semantic,last,0.62,,0.52,0.71,,100,,0,0.62,"{""correct"": 62, ""intermediate_intrusion"": 38}",B,,raw,v3/results_vllm/arbitrary_single/Qwen3.5-4B/stage1_sweep_20260509_120216.json,
01_fvq_cvq,Qwen3.5-4B,Qwen3.5,False,base,arbitrary_single,completion_few_shot,10,7,FVQ,semantic,first,0.83,,0.75,0.9,,100,,7,0.8925,"{""correct"": 83, ""garbage"": 7, ""intermediate_intrusion"": 10}",B,,raw,v3/results_vllm/arbitrary_single/Qwen3.5-4B/stage1_sweep_20260509_120216.json,
01_fvq_cvq,Qwen3.5-4B,Qwen3.5,False,base,arbitrary_single,completion_few_shot,10,10,CVQ,semantic,last,0.51,,0.41,0.61,,100,,1,0.5152,"{""correct"": 51, ""garbage"": 1, ""intermediate_intrusion"": 47, ""primacy_intrusion"": 1}",C,,raw,v3/results_vllm/arbitrary_single/Qwen3.5-4B/stage1_sweep_20260509_120216.json,
01_fvq_cvq,Qwen3.5-4B,Qwen3.5,False,base,arbitrary_single,completion_few_shot,10,10,FVQ,semantic,first,0.83,,0.75,0.9,,100,,9,0.9121,"{""correct"": 83, ""garbage"": 9, ""intermediate_intrusion"": 7, ""recency_intrusion"": 1}",C,,raw,v3/results_vllm/arbitrary_single/Qwen3.5-4B/stage1_sweep_20260509_120216.json,
01_fvq_cvq,Qwen3.5-4B,Qwen3.5,False,base,arbitrary_single,completion_few_shot,10,15,CVQ,semantic,last,0.57,,0.4798,0.67,,100,,0,0.57,"{""correct"": 57, ""intermediate_intrusion"": 43}",B,,raw,v3/results_vllm/arbitrary_single/Qwen3.5-4B/stage1_sweep_20260509_120216.json,
01_fvq_cvq,Qwen3.5-4B,Qwen3.5,False,base,arbitrary_single,completion_few_shot,10,15,FVQ,semantic,first,0.73,,0.65,0.81,,100,,15,0.8588,"{""correct"": 73, ""garbage"": 15, ""intermediate_intrusion"": 12}",B,,raw,v3/results_vllm/arbitrary_single/Qwen3.5-4B/stage1_sweep_20260509_120216.json,
01_fvq_cvq,Qwen3.5-4B,Qwen3.5,False,base,arbitrary_single,completion_few_shot,10,20,CVQ,semantic,last,0.48,,0.38,0.58,,100,,0,0.48,"{""correct"": 48, ""intermediate_intrusion"": 52}",B,,raw,v3/results_vllm/arbitrary_single/Qwen3.5-4B/stage1_sweep_20260509_120216.json,
01_fvq_cvq,Qwen3.5-4B,Qwen3.5,False,base,arbitrary_single,completion_few_shot,10,20,FVQ,semantic,first,0.64,,0.54,0.73,,100,,16,0.7619,"{""correct"": 64, ""garbage"": 16, ""intermediate_intrusion"": 19, ""recency_intrusion"": 1}",B,,raw,v3/results_vllm/arbitrary_single/Qwen3.5-4B/stage1_sweep_20260509_120216.json,
01_fvq_cvq,Qwen3.5-4B,Qwen3.5,False,base,arbitrary_single,completion_few_shot,10,30,CVQ,semantic,last,0.65,,0.56,0.74,,100,,1,0.6566,"{""correct"": 65, ""garbage"": 1, ""intermediate_intrusion"": 34}",D,,raw,v3/results_vllm/arbitrary_single/Qwen3.5-4B/stage1_sweep_20260509_120216.json,
01_fvq_cvq,Qwen3.5-4B,Qwen3.5,False,base,arbitrary_single,completion_few_shot,10,30,FVQ,semantic,first,0.54,,0.44,0.63,,100,,21,0.6835,"{""correct"": 54, ""garbage"": 21, ""intermediate_intrusion"": 25}",D,,raw,v3/results_vllm/arbitrary_single/Qwen3.5-4B/stage1_sweep_20260509_120216.json,
01_fvq_cvq,Qwen3.5-4B,Qwen3.5,False,base,arbitrary_single,completion_few_shot,10,50,CVQ,semantic,last,0.65,,0.55,0.74,,100,,3,0.6701,"{""correct"": 65, ""garbage"": 3, ""intermediate_intrusion"": 32}",D,,raw,v3/results_vllm/arbitrary_single/Qwen3.5-4B/stage1_sweep_20260509_120216.json,
01_fvq_cvq,Qwen3.5-4B,Qwen3.5,False,base,arbitrary_single,completion_few_shot,10,50,FVQ,semantic,first,0.43,,0.34,0.53,,100,,29,0.6056,"{""correct"": 43, ""garbage"": 29, ""intermediate_intrusion"": 28}",D,,raw,v3/results_vllm/arbitrary_single/Qwen3.5-4B/stage1_sweep_20260509_120216.json,
01_fvq_cvq,Qwen3.5-4B,Qwen3.5,False,base,arbitrary_single,completion_few_shot,10,75,CVQ,semantic,last,0.54,,0.4498,0.63,,100,,1,0.5455,"{""correct"": 54, ""garbage"": 1, ""intermediate_intrusion"": 45}",D,,raw,v3/results_vllm/arbitrary_single/Qwen3.5-4B/stage1_sweep_20260509_120216.json,
01_fvq_cvq,Qwen3.5-4B,Qwen3.5,False,base,arbitrary_single,completion_few_shot,10,75,FVQ,semantic,first,0.39,,0.3,0.49,,100,,30,0.5571,"{""correct"": 39, ""garbage"": 30, ""intermediate_intrusion"": 30, ""recency_intrusion"": 1}",D,,raw,v3/results_vllm/arbitrary_single/Qwen3.5-4B/stage1_sweep_20260509_120216.json,
01_fvq_cvq,Qwen3.5-4B,Qwen3.5,False,base,arbitrary_single,completion_few_shot,10,100,CVQ,semantic,last,0.6,,0.5,0.69,,100,,6,0.6383,"{""correct"": 60, ""garbage"": 6, ""intermediate_intrusion"": 34}",D,,raw,v3/results_vllm/arbitrary_single/Qwen3.5-4B/stage1_sweep_20260509_120216.json,
01_fvq_cvq,Qwen3.5-4B,Qwen3.5,False,base,arbitrary_single,completion_few_shot,10,100,FVQ,semantic,first,0.41,,0.31,0.51,,100,,32,0.6029,"{""correct"": 41, ""garbage"": 32, ""intermediate_intrusion"": 27}",D,,raw,v3/results_vllm/arbitrary_single/Qwen3.5-4B/stage1_sweep_20260509_120216.json,
01_fvq_cvq,Qwen3.5-4B,Qwen3.5,False,base,arbitrary_single,completion_few_shot,15,5,CVQ,semantic,last,0.61,,0.51,0.7,,100,,0,0.61,"{""correct"": 61, ""intermediate_intrusion"": 39}",C,,raw,v3/results_vllm/arbitrary_single/Qwen3.5-4B/stage1_sweep_20260509_120216.json,
01_fvq_cvq,Qwen3.5-4B,Qwen3.5,False,base,arbitrary_single,completion_few_shot,15,5,FVQ,semantic,first,0.86,,0.79,0.92,,100,,6,0.9149,"{""correct"": 86, ""garbage"": 6, ""intermediate_intrusion"": 8}",C,,raw,v3/results_vllm/arbitrary_single/Qwen3.5-4B/stage1_sweep_20260509_120216.json,
01_fvq_cvq,Qwen3.5-4B,Qwen3.5,False,base,arbitrary_single,completion_few_shot,15,7,CVQ,semantic,last,0.43,,0.33,0.53,,100,,0,0.43,"{""correct"": 43, ""intermediate_intrusion"": 57}",C,,raw,v3/results_vllm/arbitrary_single/Qwen3.5-4B/stage1_sweep_20260509_120216.json,
01_fvq_cvq,Qwen3.5-4B,Qwen3.5,False,base,arbitrary_single,completion_few_shot,15,7,FVQ,semantic,first,0.81,,0.73,0.89,,100,,9,0.8901,"{""correct"": 81, ""garbage"": 9, ""intermediate_intrusion"": 10}",C,,raw,v3/results_vllm/arbitrary_single/Qwen3.5-4B/stage1_sweep_20260509_120216.json,
01_fvq_cvq,Qwen3.5-4B,Qwen3.5,False,base,arbitrary_single,completion_few_shot,15,10,CVQ,semantic,last,0.43,,0.34,0.53,,100,,0,0.43,"{""correct"": 43, ""intermediate_intrusion"": 57}",C,,raw,v3/results_vllm/arbitrary_single/Qwen3.5-4B/stage1_sweep_20260509_120216.json,
01_fvq_cvq,Qwen3.5-4B,Qwen3.5,False,base,arbitrary_single,completion_few_shot,15,10,FVQ,semantic,first,0.77,,0.6898,0.85,,100,,12,0.875,"{""correct"": 77, ""garbage"": 12, ""intermediate_intrusion"": 10, ""recency_intrusion"": 1}",C,,raw,v3/results_vllm/arbitrary_single/Qwen3.5-4B/stage1_sweep_20260509_120216.json,
01_fvq_cvq,Qwen3.5-4B,Qwen3.5,False,base,arbitrary_single,completion_few_shot,15,15,CVQ,semantic,last,0.45,,0.35,0.55,,100,,0,0.45,"{""correct"": 45, ""intermediate_intrusion"": 55}",B,,raw,v3/results_vllm/arbitrary_single/Qwen3.5-4B/stage1_sweep_20260509_120216.json,
01_fvq_cvq,Qwen3.5-4B,Qwen3.5,False,base,arbitrary_single,completion_few_shot,15,15,FVQ,semantic,first,0.61,,0.52,0.71,,100,,20,0.7625,"{""correct"": 61, ""garbage"": 20, ""intermediate_intrusion"": 16, ""recency_intrusion"": 3}",B,,raw,v3/results_vllm/arbitrary_single/Qwen3.5-4B/stage1_sweep_20260509_120216.json,
01_fvq_cvq,Qwen3.5-4B,Qwen3.5,False,base,arbitrary_single,completion_few_shot,15,20,CVQ,semantic,last,0.51,,0.42,0.61,,100,,0,0.51,"{""correct"": 51, ""intermediate_intrusion"": 49}",A,,raw,v3/results_vllm/arbitrary_single/Qwen3.5-4B/stage1_sweep_20260509_120216.json,
01_fvq_cvq,Qwen3.5-4B,Qwen3.5,False,base,arbitrary_single,completion_few_shot,15,20,FVQ,semantic,first,0.51,,0.41,0.61,,100,,14,0.593,"{""correct"": 51, ""garbage"": 14, ""intermediate_intrusion"": 35}",A,,raw,v3/results_vllm/arbitrary_single/Qwen3.5-4B/stage1_sweep_20260509_120216.json,
01_fvq_cvq,Qwen3.5-4B,Qwen3.5,False,base,semantic_multi,,2,10,FVQ-CVQ,semantic,,,0.17,,,0.08,,,,,,,,derived,paper/figures/tab_full_sem.tex,gap only — per-condition accuracies not preserved in the .tex; raw sweep not local
01_fvq_cvq,Qwen3.5-4B,Qwen3.5,False,base,semantic_multi,,5,30,CVQ,semantic,last,0.64,,,,0.09,,,,,,,,derived,paper/figures/tab2_openweight.tex,back-extracted from committed paper table; raw sweep v3/results_vllm/semantic_multi/ not local
01_fvq_cvq,Qwen3.5-4B,Qwen3.5,False,base,semantic_multi,,5,30,FVQ,semantic,first,0.86,,,,0.07,,,,,,,,derived,paper/figures/tab2_openweight.tex,back-extracted from committed paper table; raw sweep v3/results_vllm/semantic_multi/ not local
01_fvq_cvq,Qwen3.5-4B,Qwen3.5,False,base,semantic_multi,,5,30,FVQ-CVQ,semantic,,,0.22,,,0.11,,,,,,,,derived,paper/figures/tab_full_sem.tex,gap only — per-condition accuracies not preserved in the .tex; raw sweep not local
01_fvq_cvq,Qwen3.5-4B,Qwen3.5,False,base,semantic_multi,,10,50,FVQ-CVQ,semantic,,,-0.07,,,0.13,,,,,,,,derived,paper/figures/tab_full_sem.tex,gap only — per-condition accuracies not preserved in the .tex; raw sweep not local
01_fvq_cvq,Qwen3.5-4B,Qwen3.5,False,base,semantic_multi,,20,50,FVQ-CVQ,semantic,,,-0.17,,,0.13,,,,,,,,derived,paper/figures/tab_full_sem.tex,gap only — per-condition accuracies not preserved in the .tex; raw sweep not local
01_fvq_cvq,Qwen3.5-9B,Qwen3.5,False,base,arbitrary_single,completion_few_shot,2,5,CVQ,semantic,last,0.92,,0.86,0.97,,100,,0,0.92,"{""correct"": 92, ""intermediate_intrusion"": 8}",AB,,raw,v3/results_vllm/arbitrary_single/Qwen3.5-9B/stage1_sweep_20260509_100749.json,
01_fvq_cvq,Qwen3.5-9B,Qwen3.5,False,base,arbitrary_single,completion_few_shot,2,5,FVQ,semantic,first,1.0,,1.0,1.0,,100,,0,1.0,"{""correct"": 100}",AB,,raw,v3/results_vllm/arbitrary_single/Qwen3.5-9B/stage1_sweep_20260509_100749.json,
01_fvq_cvq,Qwen3.5-9B,Qwen3.5,False,base,arbitrary_single,completion_few_shot,2,7,CVQ,semantic,last,0.79,,0.71,0.87,,100,,0,0.79,"{""correct"": 79, ""intermediate_intrusion"": 21}",B,,raw,v3/results_vllm/arbitrary_single/Qwen3.5-9B/stage1_sweep_20260509_100749.json,
01_fvq_cvq,Qwen3.5-9B,Qwen3.5,False,base,arbitrary_single,completion_few_shot,2,7,FVQ,semantic,first,1.0,,1.0,1.0,,100,,0,1.0,"{""correct"": 100}",B,,raw,v3/results_vllm/arbitrary_single/Qwen3.5-9B/stage1_sweep_20260509_100749.json,
01_fvq_cvq,Qwen3.5-9B,Qwen3.5,False,base,arbitrary_single,completion_few_shot,2,10,CVQ,semantic,last,0.81,,0.73,0.88,,100,,0,0.81,"{""correct"": 81, ""intermediate_intrusion"": 19}",B,,raw,v3/results_vllm/arbitrary_single/Qwen3.5-9B/stage1_sweep_20260509_100749.json,
01_fvq_cvq,Qwen3.5-9B,Qwen3.5,False,base,arbitrary_single,completion_few_shot,2,10,FVQ,semantic,first,1.0,,1.0,1.0,,100,,0,1.0,"{""correct"": 100}",B,,raw,v3/results_vllm/arbitrary_single/Qwen3.5-9B/stage1_sweep_20260509_100749.json,
01_fvq_cvq,Qwen3.5-9B,Qwen3.5,False,base,arbitrary_single,completion_few_shot,2,15,CVQ,semantic,last,0.84,,0.77,0.91,,100,,0,0.84,"{""correct"": 84, ""intermediate_intrusion"": 16}",B,,raw,v3/results_vllm/arbitrary_single/Qwen3.5-9B/stage1_sweep_20260509_100749.json,
01_fvq_cvq,Qwen3.5-9B,Qwen3.5,False,base,arbitrary_single,completion_few_shot,2,15,FVQ,semantic,first,1.0,,1.0,1.0,,100,,0,1.0,"{""correct"": 100}",B,,raw,v3/results_vllm/arbitrary_single/Qwen3.5-9B/stage1_sweep_20260509_100749.json,
01_fvq_cvq,Qwen3.5-9B,Qwen3.5,False,base,arbitrary_single,completion_few_shot,2,20,CVQ,semantic,last,0.86,,0.78,0.92,,100,,0,0.86,"{""correct"": 86, ""intermediate_intrusion"": 14}",AB,,raw,v3/results_vllm/arbitrary_single/Qwen3.5-9B/stage1_sweep_20260509_100749.json,
01_fvq_cvq,Qwen3.5-9B,Qwen3.5,False,base,arbitrary_single,completion_few_shot,2,20,FVQ,semantic,first,1.0,,1.0,1.0,,100,,0,1.0,"{""correct"": 100}",AB,,raw,v3/results_vllm/arbitrary_single/Qwen3.5-9B/stage1_sweep_20260509_100749.json,
01_fvq_cvq,Qwen3.5-9B,Qwen3.5,False,base,arbitrary_single,completion_few_shot,2,30,CVQ,semantic,last,0.82,,0.74,0.89,,100,,2,0.8367,"{""correct"": 82, ""garbage"": 2, ""intermediate_intrusion"": 16}",B,,raw,v3/results_vllm/arbitrary_single/Qwen3.5-9B/stage1_sweep_20260509_100749.json,
01_fvq_cvq,Qwen3.5-9B,Qwen3.5,False,base,arbitrary_single,completion_few_shot,2,30,FVQ,semantic,first,1.0,,1.0,1.0,,100,,0,1.0,"{""correct"": 100}",B,,raw,v3/results_vllm/arbitrary_single/Qwen3.5-9B/stage1_sweep_20260509_100749.json,
01_fvq_cvq,Qwen3.5-9B,Qwen3.5,False,base,arbitrary_single,completion_few_shot,2,50,CVQ,semantic,last,0.87,,0.8,0.93,,100,,6,0.9255,"{""correct"": 87, ""garbage"": 6, ""intermediate_intrusion"": 7}",AB,,raw,v3/results_vllm/arbitrary_single/Qwen3.5-9B/stage1_sweep_20260509_100749.json,
01_fvq_cvq,Qwen3.5-9B,Qwen3.5,False,base,arbitrary_single,completion_few_shot,2,50,FVQ,semantic,first,1.0,,1.0,1.0,,100,,0,1.0,"{""correct"": 100}",AB,,raw,v3/results_vllm/arbitrary_single/Qwen3.5-9B/stage1_sweep_20260509_100749.json,
01_fvq_cvq,Qwen3.5-9B,Qwen3.5,False,base,arbitrary_single,completion_few_shot,2,75,CVQ,semantic,last,0.85,,0.78,0.92,,100,,14,0.9884,"{""correct"": 85, ""garbage"": 14, ""intermediate_intrusion"": 1}",B,,raw,v3/results_vllm/arbitrary_single/Qwen3.5-9B/stage1_sweep_20260509_100749.json,
01_fvq_cvq,Qwen3.5-9B,Qwen3.5,False,base,arbitrary_single,completion_few_shot,2,75,FVQ,semantic,first,1.0,,1.0,1.0,,100,,0,1.0,"{""correct"": 100}",B,,raw,v3/results_vllm/arbitrary_single/Qwen3.5-9B/stage1_sweep_20260509_100749.json,
01_fvq_cvq,Qwen3.5-9B,Qwen3.5,False,base,arbitrary_single,completion_few_shot,2,100,CVQ,semantic,last,0.81,,0.73,0.88,,100,,17,0.9759,"{""correct"": 81, ""garbage"": 17, ""intermediate_intrusion"": 2}",B,,raw,v3/results_vllm/arbitrary_single/Qwen3.5-9B/stage1_sweep_20260509_100749.json,
01_fvq_cvq,Qwen3.5-9B,Qwen3.5,False,base,arbitrary_single,completion_few_shot,2,100,FVQ,semantic,first,1.0,,1.0,1.0,,100,,0,1.0,"{""correct"": 100}",B,,raw,v3/results_vllm/arbitrary_single/Qwen3.5-9B/stage1_sweep_20260509_100749.json,
01_fvq_cvq,Qwen3.5-9B,Qwen3.5,False,base,arbitrary_single,completion_few_shot,3,5,CVQ,semantic,last,0.92,,0.86,0.97,,100,,0,0.92,"{""correct"": 92, ""intermediate_intrusion"": 8}",AB,,raw,v3/results_vllm/arbitrary_single/Qwen3.5-9B/stage1_sweep_20260509_100749.json,
01_fvq_cvq,Qwen3.5-9B,Qwen3.5,False,base,arbitrary_single,completion_few_shot,3,5,FVQ,semantic,first,1.0,,1.0,1.0,,100,,0,1.0,"{""correct"": 100}",AB,,raw,v3/results_vllm/arbitrary_single/Qwen3.5-9B/stage1_sweep_20260509_100749.json,
01_fvq_cvq,Qwen3.5-9B,Qwen3.5,False,base,arbitrary_single,completion_few_shot,3,7,CVQ,semantic,last,0.92,,0.86,0.97,,100,,0,0.92,"{""correct"": 92, ""intermediate_intrusion"": 8}",AB,,raw,v3/results_vllm/arbitrary_single/Qwen3.5-9B/stage1_sweep_20260509_100749.json,
01_fvq_cvq,Qwen3.5-9B,Qwen3.5,False,base,arbitrary_single,completion_few_shot,3,7,FVQ,semantic,first,1.0,,1.0,1.0,,100,,0,1.0,"{""correct"": 100}",AB,,raw,v3/results_vllm/arbitrary_single/Qwen3.5-9B/stage1_sweep_20260509_100749.json,
01_fvq_cvq,Qwen3.5-9B,Qwen3.5,False,base,arbitrary_single,completion_few_shot,3,10,CVQ,semantic,last,0.8,,0.71,0.87,,100,,0,0.8,"{""correct"": 80, ""intermediate_intrusion"": 20}",B,,raw,v3/results_vllm/arbitrary_single/Qwen3.5-9B/stage1_sweep_20260509_100749.json,
01_fvq_cvq,Qwen3.5-9B,Qwen3.5,False,base,arbitrary_single,completion_few_shot,3,10,FVQ,semantic,first,0.99,,0.97,1.0,,100,,0,0.99,"{""correct"": 99, ""intermediate_intrusion"": 1}",B,,raw,v3/results_vllm/arbitrary_single/Qwen3.5-9B/stage1_sweep_20260509_100749.json,
01_fvq_cvq,Qwen3.5-9B,Qwen3.5,False,base,arbitrary_single,completion_few_shot,3,15,CVQ,semantic,last,0.79,,0.7098,0.87,,100,,0,0.79,"{""correct"": 79, ""intermediate_intrusion"": 21}",B,,raw,v3/results_vllm/arbitrary_single/Qwen3.5-9B/stage1_sweep_20260509_100749.json,
01_fvq_cvq,Qwen3.5-9B,Qwen3.5,False,base,arbitrary_single,completion_few_shot,3,15,FVQ,semantic,first,1.0,,1.0,1.0,,100,,0,1.0,"{""correct"": 100}",B,,raw,v3/results_vllm/arbitrary_single/Qwen3.5-9B/stage1_sweep_20260509_100749.json,
01_fvq_cvq,Qwen3.5-9B,Qwen3.5,False,base,arbitrary_single,completion_few_shot,3,20,CVQ,semantic,last,0.83,,0.76,0.9,,100,,2,0.8469,"{""correct"": 83, ""garbage"": 2, ""intermediate_intrusion"": 15}",B,,raw,v3/results_vllm/arbitrary_single/Qwen3.5-9B/stage1_sweep_20260509_100749.json,
01_fvq_cvq,Qwen3.5-9B,Qwen3.5,False,base,arbitrary_single,completion_few_shot,3,20,FVQ,semantic,first,1.0,,1.0,1.0,,100,,0,1.0,"{""correct"": 100}",B,,raw,v3/results_vllm/arbitrary_single/Qwen3.5-9B/stage1_sweep_20260509_100749.json,
01_fvq_cvq,Qwen3.5-9B,Qwen3.5,False,base,arbitrary_single,completion_few_shot,3,30,CVQ,semantic,last,0.76,,0.67,0.84,,100,,7,0.8172,"{""correct"": 76, ""garbage"": 7, ""intermediate_intrusion"": 17}",B,,raw,v3/results_vllm/arbitrary_single/Qwen3.5-9B/stage1_sweep_20260509_100749.json,
01_fvq_cvq,Qwen3.5-9B,Qwen3.5,False,base,arbitrary_single,completion_few_shot,3,30,FVQ,semantic,first,0.99,,0.97,1.0,,100,,1,1.0,"{""correct"": 99, ""garbage"": 1}",B,,raw,v3/results_vllm/arbitrary_single/Qwen3.5-9B/stage1_sweep_20260509_100749.json,
01_fvq_cvq,Qwen3.5-9B,Qwen3.5,False,base,arbitrary_single,completion_few_shot,3,50,CVQ,semantic,last,0.72,,0.63,0.8002,,100,,15,0.8471,"{""correct"": 72, ""garbage"": 15, ""intermediate_intrusion"": 13}",C,,raw,v3/results_vllm/arbitrary_single/Qwen3.5-9B/stage1_sweep_20260509_100749.json,
01_fvq_cvq,Qwen3.5-9B,Qwen3.5,False,base,arbitrary_single,completion_few_shot,3,50,FVQ,semantic,first,0.97,,0.93,1.0,,100,,3,1.0,"{""correct"": 97, ""garbage"": 3}",C,,raw,v3/results_vllm/arbitrary_single/Qwen3.5-9B/stage1_sweep_20260509_100749.json,
01_fvq_cvq,Qwen3.5-9B,Qwen3.5,False,base,arbitrary_single,completion_few_shot,3,75,CVQ,semantic,last,0.78,,0.69,0.86,,100,,11,0.8764,"{""correct"": 78, ""garbage"": 11, ""intermediate_intrusion"": 11}",B,,raw,v3/results_vllm/arbitrary_single/Qwen3.5-9B/stage1_sweep_20260509_100749.json,
01_fvq_cvq,Qwen3.5-9B,Qwen3.5,False,base,arbitrary_single,completion_few_shot,3,75,FVQ,semantic,first,0.97,,0.93,1.0,,100,,2,0.9898,"{""correct"": 97, ""garbage"": 2, ""intermediate_intrusion"": 1}",B,,raw,v3/results_vllm/arbitrary_single/Qwen3.5-9B/stage1_sweep_20260509_100749.json,
01_fvq_cvq,Qwen3.5-9B,Qwen3.5,False,base,arbitrary_single,completion_few_shot,3,100,CVQ,semantic,last,0.76,,0.67,0.84,,100,,19,0.9383,"{""correct"": 76, ""garbage"": 19, ""intermediate_intrusion"": 5}",B,,raw,v3/results_vllm/arbitrary_single/Qwen3.5-9B/stage1_sweep_20260509_100749.json,
01_fvq_cvq,Qwen3.5-9B,Qwen3.5,False,base,arbitrary_single,completion_few_shot,3,100,FVQ,semantic,first,0.95,,0.9,0.99,,100,,4,0.9896,"{""correct"": 95, ""garbage"": 4, ""intermediate_intrusion"": 1}",B,,raw,v3/results_vllm/arbitrary_single/Qwen3.5-9B/stage1_sweep_20260509_100749.json,
01_fvq_cvq,Qwen3.5-9B,Qwen3.5,False,base,arbitrary_single,completion_few_shot,5,5,CVQ,semantic,last,0.79,,0.71,0.87,,100,,0,0.79,"{""correct"": 79, ""intermediate_intrusion"": 21}",B,,raw,v3/results_vllm/arbitrary_single/Qwen3.5-9B/stage1_sweep_20260509_100749.json,
01_fvq_cvq,Qwen3.5-9B,Qwen3.5,False,base,arbitrary_single,completion_few_shot,5,5,FVQ,semantic,first,1.0,,1.0,1.0,,100,,0,1.0,"{""correct"": 100}",B,,raw,v3/results_vllm/arbitrary_single/Qwen3.5-9B/stage1_sweep_20260509_100749.json,
01_fvq_cvq,Qwen3.5-9B,Qwen3.5,False,base,arbitrary_single,completion_few_shot,5,7,CVQ,semantic,last,0.72,,0.63,0.8002,,100,,0,0.72,"{""correct"": 72, ""intermediate_intrusion"": 28}",C,,raw,v3/results_vllm/arbitrary_single/Qwen3.5-9B/stage1_sweep_20260509_100749.json,
01_fvq_cvq,Qwen3.5-9B,Qwen3.5,False,base,arbitrary_single,completion_few_shot,5,7,FVQ,semantic,first,0.99,,0.97,1.0,,100,,1,1.0,"{""correct"": 99, ""garbage"": 1}",C,,raw,v3/results_vllm/arbitrary_single/Qwen3.5-9B/stage1_sweep_20260509_100749.json,
01_fvq_cvq,Qwen3.5-9B,Qwen3.5,False,base,arbitrary_single,completion_few_shot,5,10,CVQ,semantic,last,0.65,,0.55,0.74,,100,,0,0.65,"{""correct"": 65, ""intermediate_intrusion"": 35}",C,,raw,v3/results_vllm/arbitrary_single/Qwen3.5-9B/stage1_sweep_20260509_100749.json,
01_fvq_cvq,Qwen3.5-9B,Qwen3.5,False,base,arbitrary_single,completion_few_shot,5,10,FVQ,semantic,first,0.94,,0.89,0.98,,100,,1,0.9495,"{""correct"": 94, ""garbage"": 1, ""intermediate_intrusion"": 5}",C,,raw,v3/results_vllm/arbitrary_single/Qwen3.5-9B/stage1_sweep_20260509_100749.json,
01_fvq_cvq,Qwen3.5-9B,Qwen3.5,False,base,arbitrary_single,completion_few_shot,5,15,CVQ,semantic,last,0.71,,0.62,0.8,,100,,0,0.71,"{""correct"": 71, ""intermediate_intrusion"": 29}",C,,raw,v3/results_vllm/arbitrary_single/Qwen3.5-9B/stage1_sweep_20260509_100749.json,
01_fvq_cvq,Qwen3.5-9B,Qwen3.5,False,base,arbitrary_single,completion_few_shot,5,15,FVQ,semantic,first,0.97,,0.93,1.0,,100,,1,0.9798,"{""correct"": 97, ""garbage"": 1, ""intermediate_intrusion"": 2}",C,,raw,v3/results_vllm/arbitrary_single/Qwen3.5-9B/stage1_sweep_20260509_100749.json,
01_fvq_cvq,Qwen3.5-9B,Qwen3.5,False,base,arbitrary_single,completion_few_shot,5,20,CVQ,semantic,last,0.75,,0.66,0.83,,100,,2,0.7653,"{""correct"": 75, ""garbage"": 2, ""intermediate_intrusion"": 23}",B,,raw,v3/results_vllm/arbitrary_single/Qwen3.5-9B/stage1_sweep_20260509_100749.json,
01_fvq_cvq,Qwen3.5-9B,Qwen3.5,False,base,arbitrary_single,completion_few_shot,5,20,FVQ,semantic,first,0.97,,0.93,1.0,,100,,0,0.97,"{""correct"": 97, ""intermediate_intrusion"": 3}",B,,raw,v3/results_vllm/arbitrary_single/Qwen3.5-9B/stage1_sweep_20260509_100749.json,
01_fvq_cvq,Qwen3.5-9B,Qwen3.5,False,base,arbitrary_single,completion_few_shot,5,30,CVQ,semantic,last,0.71,,0.62,0.79,,100,,5,0.7474,"{""correct"": 71, ""garbage"": 5, ""intermediate_intrusion"": 24}",B,,raw,v3/results_vllm/arbitrary_single/Qwen3.5-9B/stage1_sweep_20260509_100749.json,
01_fvq_cvq,Qwen3.5-9B,Qwen3.5,False,base,arbitrary_single,completion_few_shot,5,30,FVQ,semantic,first,0.92,,0.86,0.97,,100,,4,0.9583,"{""correct"": 92, ""garbage"": 4, ""intermediate_intrusion"": 4}",B,,raw,v3/results_vllm/arbitrary_single/Qwen3.5-9B/stage1_sweep_20260509_100749.json,
01_fvq_cvq,Qwen3.5-9B,Qwen3.5,False,base,arbitrary_single,completion_few_shot,5,50,CVQ,semantic,last,0.65,,0.55,0.74,,100,,20,0.8125,"{""correct"": 65, ""garbage"": 20, ""intermediate_intrusion"": 15}",C,,raw,v3/results_vllm/arbitrary_single/Qwen3.5-9B/stage1_sweep_20260509_100749.json,
01_fvq_cvq,Qwen3.5-9B,Qwen3.5,False,base,arbitrary_single,completion_few_shot,5,50,FVQ,semantic,first,0.93,,0.88,0.97,,100,,4,0.9688,"{""correct"": 93, ""garbage"": 4, ""intermediate_intrusion"": 3}",C,,raw,v3/results_vllm/arbitrary_single/Qwen3.5-9B/stage1_sweep_20260509_100749.json,
01_fvq_cvq,Qwen3.5-9B,Qwen3.5,False,base,arbitrary_single,completion_few_shot,5,75,CVQ,semantic,last,0.68,,0.59,0.77,,100,,20,0.85,"{""correct"": 68, ""garbage"": 20, ""intermediate_intrusion"": 12}",B,,raw,v3/results_vllm/arbitrary_single/Qwen3.5-9B/stage1_sweep_20260509_100749.json,
01_fvq_cvq,Qwen3.5-9B,Qwen3.5,False,base,arbitrary_single,completion_few_shot,5,75,FVQ,semantic,first,0.86,,0.79,0.92,,100,,10,0.9556,"{""correct"": 86, ""garbage"": 10, ""intermediate_intrusion"": 4}",B,,raw,v3/results_vllm/arbitrary_single/Qwen3.5-9B/stage1_sweep_20260509_100749.json,
01_fvq_cvq,Qwen3.5-9B,Qwen3.5,False,base,arbitrary_single,completion_few_shot,5,100,CVQ,semantic,last,0.63,,0.54,0.7202,,100,,26,0.8514,"{""correct"": 63, ""garbage"": 26, ""intermediate_intrusion"": 11}",B,,raw,v3/results_vllm/arbitrary_single/Qwen3.5-9B/stage1_sweep_20260509_100749.json,
01_fvq_cvq,Qwen3.5-9B,Qwen3.5,False,base,arbitrary_single,completion_few_shot,5,100,FVQ,semantic,first,0.85,,0.78,0.92,,100,,13,0.977,"{""correct"": 85, ""garbage"": 13, ""intermediate_intrusion"": 2}",B,,raw,v3/results_vllm/arbitrary_single/Qwen3.5-9B/stage1_sweep_20260509_100749.json,
01_fvq_cvq,Qwen3.5-9B,Qwen3.5,False,base,arbitrary_single,completion_few_shot,7,5,CVQ,semantic,last,0.78,,0.7,0.86,,100,,0,0.78,"{""correct"": 78, ""intermediate_intrusion"": 21, ""primacy_intrusion"": 1}",B,,raw,v3/results_vllm/arbitrary_single/Qwen3.5-9B/stage1_sweep_20260509_100749.json,
01_fvq_cvq,Qwen3.5-9B,Qwen3.5,False,base,arbitrary_single,completion_few_shot,7,5,FVQ,semantic,first,0.97,,0.93,1.0,,100,,1,0.9798,"{""correct"": 97, ""garbage"": 1, ""intermediate_intrusion"": 2}",B,,raw,v3/results_vllm/arbitrary_single/Qwen3.5-9B/stage1_sweep_20260509_100749.json,
01_fvq_cvq,Qwen3.5-9B,Qwen3.5,False,base,arbitrary_single,completion_few_shot,7,7,CVQ,semantic,last,0.65,,0.56,0.74,,100,,0,0.65,"{""correct"": 65, ""intermediate_intrusion"": 35}",C,,raw,v3/results_vllm/arbitrary_single/Qwen3.5-9B/stage1_sweep_20260509_100749.json,
01_fvq_cvq,Qwen3.5-9B,Qwen3.5,False,base,arbitrary_single,completion_few_shot,7,7,FVQ,semantic,first,0.98,,0.95,1.0,,100,,0,0.98,"{""correct"": 98, ""intermediate_intrusion"": 2}",C,,raw,v3/results_vllm/arbitrary_single/Qwen3.5-9B/stage1_sweep_20260509_100749.json,
01_fvq_cvq,Qwen3.5-9B,Qwen3.5,False,base,arbitrary_single,completion_few_shot,7,10,CVQ,semantic,last,0.65,,0.56,0.74,,100,,0,0.65,"{""correct"": 65, ""intermediate_intrusion"": 35}",C,,raw,v3/results_vllm/arbitrary_single/Qwen3.5-9B/stage1_sweep_20260509_100749.json,
01_fvq_cvq,Qwen3.5-9B,Qwen3.5,False,base,arbitrary_single,completion_few_shot,7,10,FVQ,semantic,first,0.9,,0.84,0.95,,100,,2,0.9184,"{""correct"": 90, ""garbage"": 2, ""intermediate_intrusion"": 7, ""recency_intrusion"": 1}",C,,raw,v3/results_vllm/arbitrary_single/Qwen3.5-9B/stage1_sweep_20260509_100749.json,
01_fvq_cvq,Qwen3.5-9B,Qwen3.5,False,base,arbitrary_single,completion_few_shot,7,15,CVQ,semantic,last,0.74,,0.65,0.82,,100,,1,0.7475,"{""correct"": 74, ""garbage"": 1, ""intermediate_intrusion"": 25}",B,,raw,v3/results_vllm/arbitrary_single/Qwen3.5-9B/stage1_sweep_20260509_100749.json,
01_fvq_cvq,Qwen3.5-9B,Qwen3.5,False,base,arbitrary_single,completion_few_shot,7,15,FVQ,semantic,first,0.89,,0.8298,0.95,,100,,3,0.9175,"{""correct"": 89, ""garbage"": 3, ""intermediate_intrusion"": 8}",B,,raw,v3/results_vllm/arbitrary_single/Qwen3.5-9B/stage1_sweep_20260509_100749.json,
01_fvq_cvq,Qwen3.5-9B,Qwen3.5,False,base,arbitrary_single,completion_few_shot,7,20,CVQ,semantic,last,0.64,,0.55,0.73,,100,,2,0.6531,"{""correct"": 64, ""garbage"": 2, ""intermediate_intrusion"": 34}",C,,raw,v3/results_vllm/arbitrary_single/Qwen3.5-9B/stage1_sweep_20260509_100749.json,
01_fvq_cvq,Qwen3.5-9B,Qwen3.5,False,base,arbitrary_single,completion_few_shot,7,20,FVQ,semantic,first,0.9,,0.84,0.95,,100,,1,0.9091,"{""correct"": 90, ""garbage"": 1, ""intermediate_intrusion"": 9}",C,,raw,v3/results_vllm/arbitrary_single/Qwen3.5-9B/stage1_sweep_20260509_100749.json,
01_fvq_cvq,Qwen3.5-9B,Qwen3.5,False,base,arbitrary_single,completion_few_shot,7,30,CVQ,semantic,last,0.66,,0.57,0.75,,100,,9,0.7253,"{""correct"": 66, ""garbage"": 9, ""intermediate_intrusion"": 25}",C,,raw,v3/results_vllm/arbitrary_single/Qwen3.5-9B/stage1_sweep_20260509_100749.json,
01_fvq_cvq,Qwen3.5-9B,Qwen3.5,False,base,arbitrary_single,completion_few_shot,7,30,FVQ,semantic,first,0.93,,0.87,0.98,,100,,2,0.949,"{""correct"": 93, ""garbage"": 2, ""intermediate_intrusion"": 5}",C,,raw,v3/results_vllm/arbitrary_single/Qwen3.5-9B/stage1_sweep_20260509_100749.json,
01_fvq_cvq,Qwen3.5-9B,Qwen3.5,False,base,arbitrary_single,completion_few_shot,7,50,CVQ,semantic,last,0.61,,0.51,0.7002,,100,,16,0.7262,"{""correct"": 61, ""garbage"": 16, ""intermediate_intrusion"": 23}",C,,raw,v3/results_vllm/arbitrary_single/Qwen3.5-9B/stage1_sweep_20260509_100749.json,
01_fvq_cvq,Qwen3.5-9B,Qwen3.5,False,base,arbitrary_single,completion_few_shot,7,50,FVQ,semantic,first,0.89,,0.82,0.95,,100,,6,0.9468,"{""correct"": 89, ""garbage"": 6, ""intermediate_intrusion"": 5}",C,,raw,v3/results_vllm/arbitrary_single/Qwen3.5-9B/stage1_sweep_20260509_100749.json,
01_fvq_cvq,Qwen3.5-9B,Qwen3.5,False,base,arbitrary_single,completion_few_shot,7,75,CVQ,semantic,last,0.54,,0.44,0.64,,100,,23,0.7013,"{""correct"": 54, ""garbage"": 23, ""intermediate_intrusion"": 23}",C,,raw,v3/results_vllm/arbitrary_single/Qwen3.5-9B/stage1_sweep_20260509_100749.json,
01_fvq_cvq,Qwen3.5-9B,Qwen3.5,False,base,arbitrary_single,completion_few_shot,7,75,FVQ,semantic,first,0.82,,0.74,0.89,,100,,12,0.9318,"{""correct"": 82, ""garbage"": 12, ""intermediate_intrusion"": 6}",C,,raw,v3/results_vllm/arbitrary_single/Qwen3.5-9B/stage1_sweep_20260509_100749.json,
01_fvq_cvq,Qwen3.5-9B,Qwen3.5,False,base,arbitrary_single,completion_few_shot,7,100,CVQ,semantic,last,0.57,,0.47,0.6602,,100,,28,0.7917,"{""correct"": 57, ""garbage"": 28, ""intermediate_intrusion"": 15}",B,,raw,v3/results_vllm/arbitrary_single/Qwen3.5-9B/stage1_sweep_20260509_100749.json,
01_fvq_cvq,Qwen3.5-9B,Qwen3.5,False,base,arbitrary_single,completion_few_shot,7,100,FVQ,semantic,first,0.81,,0.73,0.88,,100,,7,0.871,"{""correct"": 81, ""garbage"": 7, ""intermediate_intrusion"": 12}",B,,raw,v3/results_vllm/arbitrary_single/Qwen3.5-9B/stage1_sweep_20260509_100749.json,
01_fvq_cvq,Qwen3.5-9B,Qwen3.5,False,base,arbitrary_single,completion_few_shot,10,5,CVQ,semantic,last,0.67,,0.58,0.76,,100,,0,0.67,"{""correct"": 67, ""intermediate_intrusion"": 33}",C,,raw,v3/results_vllm/arbitrary_single/Qwen3.5-9B/stage1_sweep_20260509_100749.json,
01_fvq_cvq,Qwen3.5-9B,Qwen3.5,False,base,arbitrary_single,completion_few_shot,10,5,FVQ,semantic,first,0.93,,0.88,0.9702,,100,,1,0.9394,"{""correct"": 93, ""garbage"": 1, ""intermediate_intrusion"": 4, ""recency_intrusion"": 2}",C,,raw,v3/results_vllm/arbitrary_single/Qwen3.5-9B/stage1_sweep_20260509_100749.json,
01_fvq_cvq,Qwen3.5-9B,Qwen3.5,False,base,arbitrary_single,completion_few_shot,10,7,CVQ,semantic,last,0.7,,0.61,0.79,,100,,0,0.7,"{""correct"": 70, ""intermediate_intrusion"": 30}",B,,raw,v3/results_vllm/arbitrary_single/Qwen3.5-9B/stage1_sweep_20260509_100749.json,
01_fvq_cvq,Qwen3.5-9B,Qwen3.5,False,base,arbitrary_single,completion_few_shot,10,7,FVQ,semantic,first,0.91,,0.85,0.96,,100,,2,0.9286,"{""correct"": 91, ""garbage"": 2, ""intermediate_intrusion"": 7}",B,,raw,v3/results_vllm/arbitrary_single/Qwen3.5-9B/stage1_sweep_20260509_100749.json,
01_fvq_cvq,Qwen3.5-9B,Qwen3.5,False,base,arbitrary_single,completion_few_shot,10,10,CVQ,semantic,last,0.65,,0.56,0.74,,100,,1,0.6566,"{""correct"": 65, ""garbage"": 1, ""intermediate_intrusion"": 34}",B,,raw,v3/results_vllm/arbitrary_single/Qwen3.5-9B/stage1_sweep_20260509_100749.json,
01_fvq_cvq,Qwen3.5-9B,Qwen3.5,False,base,arbitrary_single,completion_few_shot,10,10,FVQ,semantic,first,0.85,,0.77,0.92,,100,,4,0.8854,"{""correct"": 85, ""garbage"": 4, ""intermediate_intrusion"": 11}",B,,raw,v3/results_vllm/arbitrary_single/Qwen3.5-9B/stage1_sweep_20260509_100749.json,
01_fvq_cvq,Qwen3.5-9B,Qwen3.5,False,base,arbitrary_single,completion_few_shot,10,15,CVQ,semantic,last,0.6,,0.5,0.6902,,100,,2,0.6122,"{""correct"": 60, ""garbage"": 2, ""intermediate_intrusion"": 38}",B,,raw,v3/results_vllm/arbitrary_single/Qwen3.5-9B/stage1_sweep_20260509_100749.json,
01_fvq_cvq,Qwen3.5-9B,Qwen3.5,False,base,arbitrary_single,completion_few_shot,10,15,FVQ,semantic,first,0.81,,0.73,0.88,,100,,5,0.8526,"{""correct"": 81, ""garbage"": 5, ""intermediate_intrusion"": 13, ""recency_intrusion"": 1}",B,,raw,v3/results_vllm/arbitrary_single/Qwen3.5-9B/stage1_sweep_20260509_100749.json,
01_fvq_cvq,Qwen3.5-9B,Qwen3.5,False,base,arbitrary_single,completion_few_shot,10,20,CVQ,semantic,last,0.67,,0.57,0.76,,100,,4,0.6979,"{""correct"": 67, ""garbage"": 4, ""intermediate_intrusion"": 29}",B,,raw,v3/results_vllm/arbitrary_single/Qwen3.5-9B/stage1_sweep_20260509_100749.json,
01_fvq_cvq,Qwen3.5-9B,Qwen3.5,False,base,arbitrary_single,completion_few_shot,10,20,FVQ,semantic,first,0.86,,0.79,0.92,,100,,3,0.8866,"{""correct"": 86, ""garbage"": 3, ""intermediate_intrusion"": 10, ""recency_intrusion"": 1}",B,,raw,v3/results_vllm/arbitrary_single/Qwen3.5-9B/stage1_sweep_20260509_100749.json,
01_fvq_cvq,Qwen3.5-9B,Qwen3.5,False,base,arbitrary_single,completion_few_shot,10,30,CVQ,semantic,last,0.59,,0.49,0.68,,100,,13,0.6782,"{""correct"": 59, ""garbage"": 13, ""intermediate_intrusion"": 28}",C,,raw,v3/results_vllm/arbitrary_single/Qwen3.5-9B/stage1_sweep_20260509_100749.json,
01_fvq_cvq,Qwen3.5-9B,Qwen3.5,False,base,arbitrary_single,completion_few_shot,10,30,FVQ,semantic,first,0.87,,0.8,0.93,,100,,2,0.8878,"{""correct"": 87, ""garbage"": 2, ""intermediate_intrusion"": 11}",C,,raw,v3/results_vllm/arbitrary_single/Qwen3.5-9B/stage1_sweep_20260509_100749.json,
01_fvq_cvq,Qwen3.5-9B,Qwen3.5,False,base,arbitrary_single,completion_few_shot,10,50,CVQ,semantic,last,0.64,,0.55,0.73,,100,,19,0.7901,"{""correct"": 64, ""garbage"": 19, ""intermediate_intrusion"": 17}",B,,raw,v3/results_vllm/arbitrary_single/Qwen3.5-9B/stage1_sweep_20260509_100749.json,
01_fvq_cvq,Qwen3.5-9B,Qwen3.5,False,base,arbitrary_single,completion_few_shot,10,50,FVQ,semantic,first,0.84,,0.76,0.91,,100,,8,0.913,"{""correct"": 84, ""garbage"": 8, ""intermediate_intrusion"": 8}",B,,raw,v3/results_vllm/arbitrary_single/Qwen3.5-9B/stage1_sweep_20260509_100749.json,
01_fvq_cvq,Qwen3.5-9B,Qwen3.5,False,base,arbitrary_single,completion_few_shot,10,75,CVQ,semantic,last,0.66,,0.56,0.75,,100,,17,0.7952,"{""correct"": 66, ""garbage"": 17, ""intermediate_intrusion"": 17}",A,,raw,v3/results_vllm/arbitrary_single/Qwen3.5-9B/stage1_sweep_20260509_100749.json,
01_fvq_cvq,Qwen3.5-9B,Qwen3.5,False,base,arbitrary_single,completion_few_shot,10,75,FVQ,semantic,first,0.71,,0.62,0.79,,100,,13,0.8161,"{""correct"": 71, ""garbage"": 13, ""intermediate_intrusion"": 16}",A,,raw,v3/results_vllm/arbitrary_single/Qwen3.5-9B/stage1_sweep_20260509_100749.json,
01_fvq_cvq,Qwen3.5-9B,Qwen3.5,False,base,arbitrary_single,completion_few_shot,10,100,CVQ,semantic,last,0.47,,0.38,0.57,,100,,28,0.6528,"{""correct"": 47, ""garbage"": 28, ""intermediate_intrusion"": 25}",C,,raw,v3/results_vllm/arbitrary_single/Qwen3.5-9B/stage1_sweep_20260509_100749.json,
01_fvq_cvq,Qwen3.5-9B,Qwen3.5,False,base,arbitrary_single,completion_few_shot,10,100,FVQ,semantic,first,0.72,,0.63,0.8,,100,,13,0.8276,"{""correct"": 72, ""garbage"": 13, ""intermediate_intrusion"": 15}",C,,raw,v3/results_vllm/arbitrary_single/Qwen3.5-9B/stage1_sweep_20260509_100749.json,
01_fvq_cvq,Qwen3.5-9B,Qwen3.5,False,base,arbitrary_single,completion_few_shot,15,5,CVQ,semantic,last,0.73,,0.64,0.82,,100,,0,0.73,"{""correct"": 73, ""intermediate_intrusion"": 27}",AB,,raw,v3/results_vllm/arbitrary_single/Qwen3.5-9B/stage1_sweep_20260509_100749.json,
01_fvq_cvq,Qwen3.5-9B,Qwen3.5,False,base,arbitrary_single,completion_few_shot,15,5,FVQ,semantic,first,0.86,,0.79,0.92,,100,,6,0.9149,"{""correct"": 86, ""garbage"": 6, ""intermediate_intrusion"": 6, ""recency_intrusion"": 2}",AB,,raw,v3/results_vllm/arbitrary_single/Qwen3.5-9B/stage1_sweep_20260509_100749.json,
01_fvq_cvq,Qwen3.5-9B,Qwen3.5,False,base,arbitrary_single,completion_few_shot,15,7,CVQ,semantic,last,0.63,,0.53,0.73,,100,,0,0.63,"{""correct"": 63, ""intermediate_intrusion"": 37}",B,,raw,v3/results_vllm/arbitrary_single/Qwen3.5-9B/stage1_sweep_20260509_100749.json,
01_fvq_cvq,Qwen3.5-9B,Qwen3.5,False,base,arbitrary_single,completion_few_shot,15,7,FVQ,semantic,first,0.84,,0.77,0.91,,100,,2,0.8571,"{""correct"": 84, ""garbage"": 2, ""intermediate_intrusion"": 13, ""recency_intrusion"": 1}",B,,raw,v3/results_vllm/arbitrary_single/Qwen3.5-9B/stage1_sweep_20260509_100749.json,
01_fvq_cvq,Qwen3.5-9B,Qwen3.5,False,base,arbitrary_single,completion_few_shot,15,10,CVQ,semantic,last,0.6,,0.5,0.7,,100,,1,0.6061,"{""correct"": 60, ""garbage"": 1, ""intermediate_intrusion"": 39}",B,,raw,v3/results_vllm/arbitrary_single/Qwen3.5-9B/stage1_sweep_20260509_100749.json,
01_fvq_cvq,Qwen3.5-9B,Qwen3.5,False,base,arbitrary_single,completion_few_shot,15,10,FVQ,semantic,first,0.79,,0.71,0.87,,100,,3,0.8144,"{""correct"": 79, ""garbage"": 3, ""intermediate_intrusion"": 15, ""recency_intrusion"": 3}",B,,raw,v3/results_vllm/arbitrary_single/Qwen3.5-9B/stage1_sweep_20260509_100749.json,
01_fvq_cvq,Qwen3.5-9B,Qwen3.5,False,base,arbitrary_single,completion_few_shot,15,15,CVQ,semantic,last,0.65,,0.56,0.74,,100,,6,0.6915,"{""correct"": 65, ""garbage"": 6, ""intermediate_intrusion"": 29}",AB,,raw,v3/results_vllm/arbitrary_single/Qwen3.5-9B/stage1_sweep_20260509_100749.json,
01_fvq_cvq,Qwen3.5-9B,Qwen3.5,False,base,arbitrary_single,completion_few_shot,15,15,FVQ,semantic,first,0.73,,0.64,0.81,,100,,5,0.7684,"{""correct"": 73, ""garbage"": 5, ""intermediate_intrusion"": 22}",AB,,raw,v3/results_vllm/arbitrary_single/Qwen3.5-9B/stage1_sweep_20260509_100749.json,
01_fvq_cvq,Qwen3.5-9B,Qwen3.5,False,base,arbitrary_single,completion_few_shot,15,20,CVQ,semantic,last,0.54,,0.44,0.64,,100,,4,0.5625,"{""correct"": 54, ""garbage"": 4, ""intermediate_intrusion"": 42}",B,,raw,v3/results_vllm/arbitrary_single/Qwen3.5-9B/stage1_sweep_20260509_100749.json,
01_fvq_cvq,Qwen3.5-9B,Qwen3.5,False,base,arbitrary_single,completion_few_shot,15,20,FVQ,semantic,first,0.78,,0.7,0.86,,100,,3,0.8041,"{""correct"": 78, ""garbage"": 3, ""intermediate_intrusion"": 19}",B,,raw,v3/results_vllm/arbitrary_single/Qwen3.5-9B/stage1_sweep_20260509_100749.json,
01_fvq_cvq,Qwen3.5-9B,Qwen3.5,False,base,arbitrary_single,completion_few_shot,15,30,CVQ,semantic,last,0.45,,0.35,0.5402,,100,,10,0.5,"{""correct"": 45, ""garbage"": 10, ""intermediate_intrusion"": 45}",C,,raw,v3/results_vllm/arbitrary_single/Qwen3.5-9B/stage1_sweep_20260509_100749.json,
01_fvq_cvq,Qwen3.5-9B,Qwen3.5,False,base,arbitrary_single,completion_few_shot,15,30,FVQ,semantic,first,0.8,,0.72,0.88,,100,,3,0.8247,"{""correct"": 80, ""garbage"": 3, ""intermediate_intrusion"": 17}",C,,raw,v3/results_vllm/arbitrary_single/Qwen3.5-9B/stage1_sweep_20260509_100749.json,
01_fvq_cvq,Qwen3.5-9B,Qwen3.5,False,base,arbitrary_single,completion_few_shot,15,50,CVQ,semantic,last,0.48,,0.39,0.57,,100,,23,0.6234,"{""correct"": 48, ""garbage"": 23, ""intermediate_intrusion"": 29}",C,,raw,v3/results_vllm/arbitrary_single/Qwen3.5-9B/stage1_sweep_20260509_100749.json,
01_fvq_cvq,Qwen3.5-9B,Qwen3.5,False,base,arbitrary_single,completion_few_shot,15,50,FVQ,semantic,first,0.78,,0.7,0.86,,100,,10,0.8667,"{""correct"": 78, ""garbage"": 10, ""intermediate_intrusion"": 12}",C,,raw,v3/results_vllm/arbitrary_single/Qwen3.5-9B/stage1_sweep_20260509_100749.json,
01_fvq_cvq,Qwen3.5-9B,Qwen3.5,False,base,arbitrary_single,completion_few_shot,15,75,CVQ,semantic,last,0.4,,0.31,0.49,,100,,28,0.5556,"{""correct"": 40, ""garbage"": 28, ""intermediate_intrusion"": 32}",C,,raw,v3/results_vllm/arbitrary_single/Qwen3.5-9B/stage1_sweep_20260509_100749.json,
01_fvq_cvq,Qwen3.5-9B,Qwen3.5,False,base,arbitrary_single,completion_few_shot,15,75,FVQ,semantic,first,0.8,,0.72,0.87,,100,,9,0.8791,"{""correct"": 80, ""garbage"": 9, ""intermediate_intrusion"": 11}",C,,raw,v3/results_vllm/arbitrary_single/Qwen3.5-9B/stage1_sweep_20260509_100749.json,
01_fvq_cvq,Qwen3.5-9B,Qwen3.5,False,base,arbitrary_single,completion_few_shot,15,100,CVQ,semantic,last,0.43,,0.33,0.53,,100,,29,0.6056,"{""correct"": 43, ""garbage"": 29, ""intermediate_intrusion"": 28}",C,,raw,v3/results_vllm/arbitrary_single/Qwen3.5-9B/stage1_sweep_20260509_100749.json,
01_fvq_cvq,Qwen3.5-9B,Qwen3.5,False,base,arbitrary_single,completion_few_shot,15,100,FVQ,semantic,first,0.72,,0.6298,0.81,,100,,14,0.8372,"{""correct"": 72, ""garbage"": 14, ""intermediate_intrusion"": 14}",C,,raw,v3/results_vllm/arbitrary_single/Qwen3.5-9B/stage1_sweep_20260509_100749.json,
01_fvq_cvq,Qwen3.5-9B,Qwen3.5,False,base,arbitrary_single,completion_few_shot,20,5,CVQ,semantic,last,0.58,,0.48,0.68,,100,,0,0.58,"{""correct"": 58, ""intermediate_intrusion"": 41, ""primacy_intrusion"": 1}",B,,raw,v3/results_vllm/arbitrary_single/Qwen3.5-9B/stage1_sweep_20260509_100749.json,
01_fvq_cvq,Qwen3.5-9B,Qwen3.5,False,base,arbitrary_single,completion_few_shot,20,5,FVQ,semantic,first,0.8,,0.72,0.87,,100,,3,0.8247,"{""correct"": 80, ""garbage"": 3, ""intermediate_intrusion"": 14, ""recency_intrusion"": 3}",B,,raw,v3/results_vllm/arbitrary_single/Qwen3.5-9B/stage1_sweep_20260509_100749.json,
01_fvq_cvq,Qwen3.5-9B,Qwen3.5,False,base,arbitrary_single,completion_few_shot,20,7,CVQ,semantic,last,0.52,,0.42,0.61,,100,,1,0.5253,"{""correct"": 52, ""garbage"": 1, ""intermediate_intrusion"": 47}",B,,raw,v3/results_vllm/arbitrary_single/Qwen3.5-9B/stage1_sweep_20260509_100749.json,
01_fvq_cvq,Qwen3.5-9B,Qwen3.5,False,base,arbitrary_single,completion_few_shot,20,7,FVQ,semantic,first,0.71,,0.62,0.8,,100,,8,0.7717,"{""correct"": 71, ""garbage"": 8, ""intermediate_intrusion"": 20, ""recency_intrusion"": 1}",B,,raw,v3/results_vllm/arbitrary_single/Qwen3.5-9B/stage1_sweep_20260509_100749.json,
01_fvq_cvq,Qwen3.5-9B,Qwen3.5,False,base,arbitrary_single,completion_few_shot,20,10,CVQ,semantic,last,0.56,,0.47,0.66,,100,,1,0.5657,"{""correct"": 56, ""garbage"": 1, ""intermediate_intrusion"": 43}",B,,raw,v3/results_vllm/arbitrary_single/Qwen3.5-9B/stage1_sweep_20260509_100749.json,
01_fvq_cvq,Qwen3.5-9B,Qwen3.5,False,base,arbitrary_single,completion_few_shot,20,10,FVQ,semantic,first,0.8,,0.72,0.88,,100,,8,0.8696,"{""correct"": 80, ""garbage"": 8, ""intermediate_intrusion"": 12}",B,,raw,v3/results_vllm/arbitrary_single/Qwen3.5-9B/stage1_sweep_20260509_100749.json,
01_fvq_cvq,Qwen3.5-9B,Qwen3.5,False,base,arbitrary_single,completion_few_shot,20,15,CVQ,semantic,last,0.58,,0.48,0.67,,100,,7,0.6237,"{""correct"": 58, ""garbage"": 7, ""intermediate_intrusion"": 35}",B,,raw,v3/results_vllm/arbitrary_single/Qwen3.5-9B/stage1_sweep_20260509_100749.json,
01_fvq_cvq,Qwen3.5-9B,Qwen3.5,False,base,arbitrary_single,completion_few_shot,20,15,FVQ,semantic,first,0.75,,0.66,0.83,,100,,2,0.7653,"{""correct"": 75, ""garbage"": 2, ""intermediate_intrusion"": 21, ""recency_intrusion"": 2}",B,,raw,v3/results_vllm/arbitrary_single/Qwen3.5-9B/stage1_sweep_20260509_100749.json,
01_fvq_cvq,Qwen3.5-9B,Qwen3.5,False,base,arbitrary_single,completion_few_shot,20,20,CVQ,semantic,last,0.57,,0.47,0.66,,100,,7,0.6129,"{""correct"": 57, ""garbage"": 7, ""intermediate_intrusion"": 36}",B,,raw,v3/results_vllm/arbitrary_single/Qwen3.5-9B/stage1_sweep_20260509_100749.json,
01_fvq_cvq,Qwen3.5-9B,Qwen3.5,False,base,arbitrary_single,completion_few_shot,20,20,FVQ,semantic,first,0.77,,0.69,0.85,,100,,8,0.837,"{""correct"": 77, ""garbage"": 8, ""intermediate_intrusion"": 15}",B,,raw,v3/results_vllm/arbitrary_single/Qwen3.5-9B/stage1_sweep_20260509_100749.json,
01_fvq_cvq,Qwen3.5-9B,Qwen3.5,False,base,arbitrary_single,completion_few_shot,20,30,CVQ,semantic,last,0.52,,0.43,0.62,,100,,15,0.6118,"{""correct"": 52, ""garbage"": 15, ""intermediate_intrusion"": 33}",B,,raw,v3/results_vllm/arbitrary_single/Qwen3.5-9B/stage1_sweep_20260509_100749.json,
01_fvq_cvq,Qwen3.5-9B,Qwen3.5,False,base,arbitrary_single,completion_few_shot,20,30,FVQ,semantic,first,0.76,,0.67,0.84,,100,,18,0.9268,"{""correct"": 76, ""garbage"": 18, ""intermediate_intrusion"": 6}",B,,raw,v3/results_vllm/arbitrary_single/Qwen3.5-9B/stage1_sweep_20260509_100749.json,
01_fvq_cvq,Qwen3.5-9B,Qwen3.5,False,base,arbitrary_single,completion_few_shot,20,50,CVQ,semantic,last,0.5,,0.4,0.6,,100,,22,0.641,"{""correct"": 50, ""garbage"": 22, ""intermediate_intrusion"": 28}",B,,raw,v3/results_vllm/arbitrary_single/Qwen3.5-9B/stage1_sweep_20260509_100749.json,
01_fvq_cvq,Qwen3.5-9B,Qwen3.5,False,base,arbitrary_single,completion_few_shot,20,50,FVQ,semantic,first,0.74,,0.65,0.82,,100,,15,0.8706,"{""correct"": 74, ""garbage"": 15, ""intermediate_intrusion"": 11}",B,,raw,v3/results_vllm/arbitrary_single/Qwen3.5-9B/stage1_sweep_20260509_100749.json,
01_fvq_cvq,Qwen3.5-9B,Qwen3.5,False,base,arbitrary_single,completion_few_shot,20,75,CVQ,semantic,last,0.45,,0.35,0.55,,100,,20,0.5625,"{""correct"": 45, ""garbage"": 20, ""intermediate_intrusion"": 35}",C,,raw,v3/results_vllm/arbitrary_single/Qwen3.5-9B/stage1_sweep_20260509_100749.json,
01_fvq_cvq,Qwen3.5-9B,Qwen3.5,False,base,arbitrary_single,completion_few_shot,20,75,FVQ,semantic,first,0.77,,0.68,0.85,,100,,11,0.8652,"{""correct"": 77, ""garbage"": 11, ""intermediate_intrusion"": 12}",C,,raw,v3/results_vllm/arbitrary_single/Qwen3.5-9B/stage1_sweep_20260509_100749.json,
01_fvq_cvq,Qwen3.5-9B,Qwen3.5,False,base,arbitrary_single,completion_few_shot,20,100,CVQ,semantic,last,0.38,,0.29,0.47,,100,,33,0.5672,"{""correct"": 38, ""garbage"": 33, ""intermediate_intrusion"": 29}",C,,raw,v3/results_vllm/arbitrary_single/Qwen3.5-9B/stage1_sweep_20260509_100749.json,
01_fvq_cvq,Qwen3.5-9B,Qwen3.5,False,base,arbitrary_single,completion_few_shot,20,100,FVQ,semantic,first,0.68,,0.59,0.77,,100,,17,0.8193,"{""correct"": 68, ""garbage"": 17, ""intermediate_intrusion"": 15}",C,,raw,v3/results_vllm/arbitrary_single/Qwen3.5-9B/stage1_sweep_20260509_100749.json,
01_fvq_cvq,Qwen3.5-9B,Qwen3.5,False,base,arbitrary_single,completion_few_shot,25,5,CVQ,semantic,last,0.53,,0.43,0.63,,100,,1,0.5354,"{""correct"": 53, ""garbage"": 1, ""intermediate_intrusion"": 46}",B,,raw,v3/results_vllm/arbitrary_single/Qwen3.5-9B/stage1_sweep_20260509_100749.json,
01_fvq_cvq,Qwen3.5-9B,Qwen3.5,False,base,arbitrary_single,completion_few_shot,25,5,FVQ,semantic,first,0.69,,0.59,0.78,,100,,2,0.7041,"{""correct"": 69, ""garbage"": 2, ""intermediate_intrusion"": 27, ""recency_intrusion"": 2}",B,,raw,v3/results_vllm/arbitrary_single/Qwen3.5-9B/stage1_sweep_20260509_100749.json,
01_fvq_cvq,Qwen3.5-9B,Qwen3.5,False,base,arbitrary_single,completion_few_shot,25,7,CVQ,semantic,last,0.58,,0.48,0.67,,100,,1,0.5859,"{""correct"": 58, ""garbage"": 1, ""intermediate_intrusion"": 41}",B,,raw,v3/results_vllm/arbitrary_single/Qwen3.5-9B/stage1_sweep_20260509_100749.json,
01_fvq_cvq,Qwen3.5-9B,Qwen3.5,False,base,arbitrary_single,completion_few_shot,25,7,FVQ,semantic,first,0.75,,0.66,0.83,,100,,1,0.7576,"{""correct"": 75, ""garbage"": 1, ""intermediate_intrusion"": 22, ""recency_intrusion"": 2}",B,,raw,v3/results_vllm/arbitrary_single/Qwen3.5-9B/stage1_sweep_20260509_100749.json,
01_fvq_cvq,Qwen3.5-9B,Qwen3.5,False,base,arbitrary_single,completion_few_shot,25,10,CVQ,semantic,last,0.55,,0.4598,0.64,,100,,3,0.567,"{""correct"": 55, ""garbage"": 3, ""intermediate_intrusion"": 42}",B,,raw,v3/results_vllm/arbitrary_single/Qwen3.5-9B/stage1_sweep_20260509_100749.json,
01_fvq_cvq,Qwen3.5-9B,Qwen3.5,False,base,arbitrary_single,completion_few_shot,25,10,FVQ,semantic,first,0.73,,0.65,0.82,,100,,5,0.7684,"{""correct"": 73, ""garbage"": 5, ""intermediate_intrusion"": 22}",B,,raw,v3/results_vllm/arbitrary_single/Qwen3.5-9B/stage1_sweep_20260509_100749.json,
01_fvq_cvq,Qwen3.5-9B,Qwen3.5,False,base,arbitrary_single,completion_few_shot,25,15,CVQ,semantic,last,0.54,,0.44,0.63,,100,,3,0.5567,"{""correct"": 54, ""garbage"": 3, ""intermediate_intrusion"": 43}",B,,raw,v3/results_vllm/arbitrary_single/Qwen3.5-9B/stage1_sweep_20260509_100749.json,
01_fvq_cvq,Qwen3.5-9B,Qwen3.5,False,base,arbitrary_single,completion_few_shot,25,15,FVQ,semantic,first,0.76,,0.67,0.84,,100,,7,0.8172,"{""correct"": 76, ""garbage"": 7, ""intermediate_intrusion"": 15, ""recency_intrusion"": 2}",B,,raw,v3/results_vllm/arbitrary_single/Qwen3.5-9B/stage1_sweep_20260509_100749.json,
01_fvq_cvq,Qwen3.5-9B,Qwen3.5,False,base,arbitrary_single,completion_few_shot,25,20,CVQ,semantic,last,0.55,,0.45,0.64,,100,,9,0.6044,"{""correct"": 55, ""garbage"": 9, ""intermediate_intrusion"": 36}",AB,,raw,v3/results_vllm/arbitrary_single/Qwen3.5-9B/stage1_sweep_20260509_100749.json,
01_fvq_cvq,Qwen3.5-9B,Qwen3.5,False,base,arbitrary_single,completion_few_shot,25,20,FVQ,semantic,first,0.69,,0.6,0.78,,100,,11,0.7753,"{""correct"": 69, ""garbage"": 11, ""intermediate_intrusion"": 19, ""recency_intrusion"": 1}",AB,,raw,v3/results_vllm/arbitrary_single/Qwen3.5-9B/stage1_sweep_20260509_100749.json,
01_fvq_cvq,Qwen3.5-9B,Qwen3.5,False,base,arbitrary_single,completion_few_shot,25,30,CVQ,semantic,last,0.45,,0.36,0.55,,100,,18,0.5488,"{""correct"": 45, ""garbage"": 18, ""intermediate_intrusion"": 37}",C,,raw,v3/results_vllm/arbitrary_single/Qwen3.5-9B/stage1_sweep_20260509_100749.json,
01_fvq_cvq,Qwen3.5-9B,Qwen3.5,False,base,arbitrary_single,completion_few_shot,25,30,FVQ,semantic,first,0.72,,0.63,0.8,,100,,11,0.809,"{""correct"": 72, ""garbage"": 11, ""intermediate_intrusion"": 17}",C,,raw,v3/results_vllm/arbitrary_single/Qwen3.5-9B/stage1_sweep_20260509_100749.json,
01_fvq_cvq,Qwen3.5-9B,Qwen3.5,False,base,arbitrary_single,completion_few_shot,25,50,CVQ,semantic,last,0.39,,0.29,0.49,,100,,28,0.5417,"{""correct"": 39, ""garbage"": 28, ""intermediate_intrusion"": 33}",C,,raw,v3/results_vllm/arbitrary_single/Qwen3.5-9B/stage1_sweep_20260509_100749.json,
01_fvq_cvq,Qwen3.5-9B,Qwen3.5,False,base,arbitrary_single,completion_few_shot,25,50,FVQ,semantic,first,0.74,,0.65,0.83,,100,,14,0.8605,"{""correct"": 74, ""garbage"": 14, ""intermediate_intrusion"": 12}",C,,raw,v3/results_vllm/arbitrary_single/Qwen3.5-9B/stage1_sweep_20260509_100749.json,
01_fvq_cvq,Qwen3.5-9B,Qwen3.5,False,base,arbitrary_single,completion_few_shot,25,75,CVQ,semantic,last,0.51,,0.41,0.6002,,100,,24,0.6711,"{""correct"": 51, ""garbage"": 24, ""intermediate_intrusion"": 25}",B,,raw,v3/results_vllm/arbitrary_single/Qwen3.5-9B/stage1_sweep_20260509_100749.json,
01_fvq_cvq,Qwen3.5-9B,Qwen3.5,False,base,arbitrary_single,completion_few_shot,25,75,FVQ,semantic,first,0.71,,0.61,0.8,,100,,17,0.8554,"{""correct"": 71, ""garbage"": 17, ""intermediate_intrusion"": 12}",B,,raw,v3/results_vllm/arbitrary_single/Qwen3.5-9B/stage1_sweep_20260509_100749.json,
01_fvq_cvq,Qwen3.5-9B,Qwen3.5,False,base,arbitrary_single,completion_few_shot,30,5,CVQ,semantic,last,0.54,,0.44,0.63,,100,,0,0.54,"{""correct"": 54, ""intermediate_intrusion"": 45, ""primacy_intrusion"": 1}",B,,raw,v3/results_vllm/arbitrary_single/Qwen3.5-9B/stage1_sweep_20260509_100749.json,
01_fvq_cvq,Qwen3.5-9B,Qwen3.5,False,base,arbitrary_single,completion_few_shot,30,5,FVQ,semantic,first,0.75,,0.66,0.83,,100,,6,0.7979,"{""correct"": 75, ""garbage"": 6, ""intermediate_intrusion"": 18, ""recency_intrusion"": 1}",B,,raw,v3/results_vllm/arbitrary_single/Qwen3.5-9B/stage1_sweep_20260509_100749.json,
01_fvq_cvq,Qwen3.5-9B,Qwen3.5,False,base,arbitrary_single,completion_few_shot,30,7,CVQ,semantic,last,0.54,,0.44,0.64,,100,,2,0.551,"{""correct"": 54, ""garbage"": 2, ""intermediate_intrusion"": 44}",B,,raw,v3/results_vllm/arbitrary_single/Qwen3.5-9B/stage1_sweep_20260509_100749.json,
01_fvq_cvq,Qwen3.5-9B,Qwen3.5,False,base,arbitrary_single,completion_few_shot,30,7,FVQ,semantic,first,0.74,,0.65,0.82,,100,,4,0.7708,"{""correct"": 74, ""garbage"": 4, ""intermediate_intrusion"": 22}",B,,raw,v3/results_vllm/arbitrary_single/Qwen3.5-9B/stage1_sweep_20260509_100749.json,
01_fvq_cvq,Qwen3.5-9B,Qwen3.5,False,base,arbitrary_single,completion_few_shot,30,10,CVQ,semantic,last,0.57,,0.47,0.67,,100,,5,0.6,"{""correct"": 57, ""garbage"": 5, ""intermediate_intrusion"": 38}",B,,raw,v3/results_vllm/arbitrary_single/Qwen3.5-9B/stage1_sweep_20260509_100749.json,
01_fvq_cvq,Qwen3.5-9B,Qwen3.5,False,base,arbitrary_single,completion_few_shot,30,10,FVQ,semantic,first,0.75,,0.66,0.83,,100,,4,0.7812,"{""correct"": 75, ""garbage"": 4, ""intermediate_intrusion"": 20, ""recency_intrusion"": 1}",B,,raw,v3/results_vllm/arbitrary_single/Qwen3.5-9B/stage1_sweep_20260509_100749.json,
01_fvq_cvq,Qwen3.5-9B,Qwen3.5,False,base,arbitrary_single,completion_few_shot,30,15,CVQ,semantic,last,0.52,,0.42,0.62,,100,,8,0.5652,"{""correct"": 52, ""garbage"": 8, ""intermediate_intrusion"": 40}",B,,raw,v3/results_vllm/arbitrary_single/Qwen3.5-9B/stage1_sweep_20260509_100749.json,
01_fvq_cvq,Qwen3.5-9B,Qwen3.5,False,base,arbitrary_single,completion_few_shot,30,15,FVQ,semantic,first,0.72,,0.63,0.81,,100,,6,0.766,"{""correct"": 72, ""garbage"": 6, ""intermediate_intrusion"": 22}",B,,raw,v3/results_vllm/arbitrary_single/Qwen3.5-9B/stage1_sweep_20260509_100749.json,
01_fvq_cvq,Qwen3.5-9B,Qwen3.5,False,base,arbitrary_single,completion_few_shot,30,20,CVQ,semantic,last,0.57,,0.48,0.67,,100,,9,0.6264,"{""correct"": 57, ""garbage"": 9, ""intermediate_intrusion"": 34}",AB,,raw,v3/results_vllm/arbitrary_single/Qwen3.5-9B/stage1_sweep_20260509_100749.json,
01_fvq_cvq,Qwen3.5-9B,Qwen3.5,False,base,arbitrary_single,completion_few_shot,30,20,FVQ,semantic,first,0.7,,0.61,0.79,,100,,13,0.8046,"{""correct"": 70, ""garbage"": 13, ""intermediate_intrusion"": 16, ""recency_intrusion"": 1}",AB,,raw,v3/results_vllm/arbitrary_single/Qwen3.5-9B/stage1_sweep_20260509_100749.json,
01_fvq_cvq,Qwen3.5-9B,Qwen3.5,False,base,arbitrary_single,completion_few_shot,30,30,CVQ,semantic,last,0.52,,0.42,0.61,,100,,16,0.619,"{""correct"": 52, ""garbage"": 16, ""intermediate_intrusion"": 32}",B,,raw,v3/results_vllm/arbitrary_single/Qwen3.5-9B/stage1_sweep_20260509_100749.json,
01_fvq_cvq,Qwen3.5-9B,Qwen3.5,False,base,arbitrary_single,completion_few_shot,30,30,FVQ,semantic,first,0.72,,0.63,0.81,,100,,13,0.8276,"{""correct"": 72, ""garbage"": 13, ""intermediate_intrusion"": 15}",B,,raw,v3/results_vllm/arbitrary_single/Qwen3.5-9B/stage1_sweep_20260509_100749.json,
01_fvq_cvq,Qwen3.5-9B,Qwen3.5,False,base,arbitrary_single,completion_few_shot,30,50,CVQ,semantic,last,0.46,,0.37,0.55,,100,,19,0.5679,"{""correct"": 46, ""garbage"": 19, ""intermediate_intrusion"": 35}",C,,raw,v3/results_vllm/arbitrary_single/Qwen3.5-9B/stage1_sweep_20260509_100749.json,
01_fvq_cvq,Qwen3.5-9B,Qwen3.5,False,base,arbitrary_single,completion_few_shot,30,50,FVQ,semantic,first,0.76,,0.67,0.84,,100,,9,0.8352,"{""correct"": 76, ""garbage"": 9, ""intermediate_intrusion"": 15}",C,,raw,v3/results_vllm/arbitrary_single/Qwen3.5-9B/stage1_sweep_20260509_100749.json,
01_fvq_cvq,Qwen3.5-9B,Qwen3.5,False,base,arbitrary_single,completion_few_shot,30,75,CVQ,semantic,last,0.44,,0.35,0.54,,100,,27,0.6027,"{""correct"": 44, ""garbage"": 27, ""intermediate_intrusion"": 29}",B,,raw,v3/results_vllm/arbitrary_single/Qwen3.5-9B/stage1_sweep_20260509_100749.json,
01_fvq_cvq,Qwen3.5-9B,Qwen3.5,False,base,arbitrary_single,completion_few_shot,30,75,FVQ,semantic,first,0.65,,0.55,0.74,,100,,8,0.7065,"{""correct"": 65, ""garbage"": 8, ""intermediate_intrusion"": 27}",B,,raw,v3/results_vllm/arbitrary_single/Qwen3.5-9B/stage1_sweep_20260509_100749.json,
01_fvq_cvq,Qwen3.5-9B,Qwen3.5,False,base,semantic_multi,,2,10,FVQ-CVQ,semantic,,,0.02,,,0.04,,,,,,,,derived,paper/figures/tab_full_sem.tex,gap only — per-condition accuracies not preserved in the .tex; raw sweep not local
01_fvq_cvq,Qwen3.5-9B,Qwen3.5,False,base,semantic_multi,,5,30,CVQ,semantic,last,0.79,,,,0.08,,,,,,,,derived,paper/figures/tab2_openweight.tex,back-extracted from committed paper table; raw sweep v3/results_vllm/semantic_multi/ not local
01_fvq_cvq,Qwen3.5-9B,Qwen3.5,False,base,semantic_multi,,5,30,FVQ,semantic,first,0.86,,,,0.07,,,,,,,,derived,paper/figures/tab2_openweight.tex,back-extracted from committed paper table; raw sweep v3/results_vllm/semantic_multi/ not local
01_fvq_cvq,Qwen3.5-9B,Qwen3.5,False,base,semantic_multi,,5,30,FVQ-CVQ,semantic,,,0.07,,,0.1,,,,,,,,derived,paper/figures/tab_full_sem.tex,gap only — per-condition accuracies not preserved in the .tex; raw sweep not local
01_fvq_cvq,Qwen3.5-9B,Qwen3.5,False,base,semantic_multi,,10,50,FVQ-CVQ,semantic,,,0.1,,,0.12,,,,,,,,derived,paper/figures/tab_full_sem.tex,gap only — per-condition accuracies not preserved in the .tex; raw sweep not local
01_fvq_cvq,Qwen3.5-9B,Qwen3.5,False,base,semantic_multi,,20,50,FVQ-CVQ,semantic,,,0.16,,,0.13,,,,,,,,derived,paper/figures/tab_full_sem.tex,gap only — per-condition accuracies not preserved in the .tex; raw sweep not local
01_fvq_cvq,gemma-3-1b-it,Gemma-3,False,base,arbitrary_single,chat_template,2,5,CVQ,semantic,last,0.14,,0.08,0.21,,100,,0,0.14,"{""correct"": 14, ""intermediate_intrusion"": 72, ""primacy_intrusion"": 14}",C,,raw,v3/results_vllm/arbitrary_single/gemma-3-1b-it/stage1_sweep_20260409_015538.json,
01_fvq_cvq,gemma-3-1b-it,Gemma-3,False,base,arbitrary_single,chat_template,2,5,FVQ,semantic,first,0.73,,0.64,0.82,,100,,5,0.7684,"{""correct"": 73, ""garbage"": 5, ""intermediate_intrusion"": 22}",C,,raw,v3/results_vllm/arbitrary_single/gemma-3-1b-it/stage1_sweep_20260409_015538.json,
01_fvq_cvq,gemma-3-1b-it,Gemma-3,False,base,arbitrary_single,chat_template,2,7,CVQ,semantic,last,0.1,,0.04,0.16,,100,,2,0.102,"{""correct"": 10, ""garbage"": 2, ""intermediate_intrusion"": 78, ""primacy_intrusion"": 10}",C,,raw,v3/results_vllm/arbitrary_single/gemma-3-1b-it/stage1_sweep_20260409_015538.json,
01_fvq_cvq,gemma-3-1b-it,Gemma-3,False,base,arbitrary_single,chat_template,2,7,FVQ,semantic,first,0.82,,0.74,0.89,,100,,7,0.8817,"{""correct"": 82, ""garbage"": 7, ""intermediate_intrusion"": 11}",C,,raw,v3/results_vllm/arbitrary_single/gemma-3-1b-it/stage1_sweep_20260409_015538.json,
01_fvq_cvq,gemma-3-1b-it,Gemma-3,False,base,arbitrary_single,chat_template,2,10,CVQ,semantic,last,0.11,,0.05,0.1702,,100,,6,0.117,"{""correct"": 11, ""garbage"": 6, ""intermediate_intrusion"": 76, ""primacy_intrusion"": 7}",C,,raw,v3/results_vllm/arbitrary_single/gemma-3-1b-it/stage1_sweep_20260409_015538.json,
01_fvq_cvq,gemma-3-1b-it,Gemma-3,False,base,arbitrary_single,chat_template,2,10,FVQ,semantic,first,0.77,,0.68,0.85,,100,,8,0.837,"{""correct"": 77, ""garbage"": 8, ""intermediate_intrusion"": 14, ""recency_intrusion"": 1}",C,,raw,v3/results_vllm/arbitrary_single/gemma-3-1b-it/stage1_sweep_20260409_015538.json,
01_fvq_cvq,gemma-3-1b-it,Gemma-3,False,base,arbitrary_single,chat_template,2,15,CVQ,semantic,last,0.06,,0.02,0.11,,100,,12,0.0682,"{""correct"": 6, ""garbage"": 12, ""intermediate_intrusion"": 68, ""primacy_intrusion"": 14}",C,,raw,v3/results_vllm/arbitrary_single/gemma-3-1b-it/stage1_sweep_20260409_015538.json,
01_fvq_cvq,gemma-3-1b-it,Gemma-3,False,base,arbitrary_single,chat_template,2,15,FVQ,semantic,first,0.74,,0.66,0.82,,100,,14,0.8605,"{""correct"": 74, ""garbage"": 14, ""intermediate_intrusion"": 12}",C,,raw,v3/results_vllm/arbitrary_single/gemma-3-1b-it/stage1_sweep_20260409_015538.json,
01_fvq_cvq,gemma-3-1b-it,Gemma-3,False,base,arbitrary_single,chat_template,2,20,CVQ,semantic,last,0.07,,0.03,0.12,,100,,19,0.0864,"{""correct"": 7, ""garbage"": 19, ""intermediate_intrusion"": 59, ""primacy_intrusion"": 15}",C,,raw,v3/results_vllm/arbitrary_single/gemma-3-1b-it/stage1_sweep_20260409_015538.json,
01_fvq_cvq,gemma-3-1b-it,Gemma-3,False,base,arbitrary_single,chat_template,2,20,FVQ,semantic,first,0.8,,0.72,0.87,,100,,10,0.8889,"{""correct"": 80, ""garbage"": 10, ""intermediate_intrusion"": 10}",C,,raw,v3/results_vllm/arbitrary_single/gemma-3-1b-it/stage1_sweep_20260409_015538.json,
01_fvq_cvq,gemma-3-1b-it,Gemma-3,False,base,arbitrary_single,chat_template,2,30,CVQ,semantic,last,0.04,,0.01,0.09,,100,,13,0.046,"{""correct"": 4, ""garbage"": 13, ""intermediate_intrusion"": 62, ""primacy_intrusion"": 21}",C,,raw,v3/results_vllm/arbitrary_single/gemma-3-1b-it/stage1_sweep_20260409_015538.json,
01_fvq_cvq,gemma-3-1b-it,Gemma-3,False,base,arbitrary_single,chat_template,2,30,FVQ,semantic,first,0.84,,0.76,0.91,,100,,11,0.9438,"{""correct"": 84, ""garbage"": 11, ""intermediate_intrusion"": 5}",C,,raw,v3/results_vllm/arbitrary_single/gemma-3-1b-it/stage1_sweep_20260409_015538.json,
01_fvq_cvq,gemma-3-1b-it,Gemma-3,False,base,arbitrary_single,chat_template,2,50,CVQ,semantic,last,0.01,,0.0,0.03,,100,,31,0.0145,"{""correct"": 1, ""garbage"": 31, ""intermediate_intrusion"": 33, ""primacy_intrusion"": 35}",C,,raw,v3/results_vllm/arbitrary_single/gemma-3-1b-it/stage1_sweep_20260409_015538.json,
01_fvq_cvq,gemma-3-1b-it,Gemma-3,False,base,arbitrary_single,chat_template,2,50,FVQ,semantic,first,0.67,,0.58,0.76,,100,,26,0.9054,"{""correct"": 67, ""garbage"": 26, ""intermediate_intrusion"": 7}",C,,raw,v3/results_vllm/arbitrary_single/gemma-3-1b-it/stage1_sweep_20260409_015538.json,
01_fvq_cvq,gemma-3-1b-it,Gemma-3,False,base,arbitrary_single,chat_template,2,75,CVQ,semantic,last,0.0,,0.0,0.0,,100,,28,0.0,"{""garbage"": 28, ""intermediate_intrusion"": 51, ""primacy_intrusion"": 21}",C,,raw,v3/results_vllm/arbitrary_single/gemma-3-1b-it/stage1_sweep_20260409_015538.json,
01_fvq_cvq,gemma-3-1b-it,Gemma-3,False,base,arbitrary_single,chat_template,2,75,FVQ,semantic,first,0.64,,0.54,0.73,,100,,28,0.8889,"{""correct"": 64, ""garbage"": 28, ""intermediate_intrusion"": 8}",C,,raw,v3/results_vllm/arbitrary_single/gemma-3-1b-it/stage1_sweep_20260409_015538.json,
01_fvq_cvq,gemma-3-1b-it,Gemma-3,False,base,arbitrary_single,chat_template,2,100,CVQ,semantic,last,0.0,,0.0,0.0,,100,,31,0.0,"{""garbage"": 31, ""intermediate_intrusion"": 51, ""primacy_intrusion"": 18}",C,,raw,v3/results_vllm/arbitrary_single/gemma-3-1b-it/stage1_sweep_20260409_015538.json,
01_fvq_cvq,gemma-3-1b-it,Gemma-3,False,base,arbitrary_single,chat_template,2,100,FVQ,semantic,first,0.64,,0.55,0.73,,100,,25,0.8533,"{""correct"": 64, ""garbage"": 25, ""intermediate_intrusion"": 11}",C,,raw,v3/results_vllm/arbitrary_single/gemma-3-1b-it/stage1_sweep_20260409_015538.json,
01_fvq_cvq,gemma-3-1b-it,Gemma-3,False,base,arbitrary_single,chat_template,3,5,CVQ,semantic,last,0.06,,0.02,0.11,,100,,1,0.0606,"{""correct"": 6, ""garbage"": 1, ""intermediate_intrusion"": 74, ""primacy_intrusion"": 19}",C,,raw,v3/results_vllm/arbitrary_single/gemma-3-1b-it/stage1_sweep_20260409_015538.json,
01_fvq_cvq,gemma-3-1b-it,Gemma-3,False,base,arbitrary_single,chat_template,3,5,FVQ,semantic,first,0.62,,0.53,0.7102,,100,,7,0.6667,"{""correct"": 62, ""garbage"": 7, ""intermediate_intrusion"": 31}",C,,raw,v3/results_vllm/arbitrary_single/gemma-3-1b-it/stage1_sweep_20260409_015538.json,
01_fvq_cvq,gemma-3-1b-it,Gemma-3,False,base,arbitrary_single,chat_template,3,7,CVQ,semantic,last,0.05,,0.01,0.1,,100,,4,0.0521,"{""correct"": 5, ""garbage"": 4, ""intermediate_intrusion"": 85, ""primacy_intrusion"": 6}",C,,raw,v3/results_vllm/arbitrary_single/gemma-3-1b-it/stage1_sweep_20260409_015538.json,
01_fvq_cvq,gemma-3-1b-it,Gemma-3,False,base,arbitrary_single,chat_template,3,7,FVQ,semantic,first,0.65,,0.55,0.74,,100,,5,0.6842,"{""correct"": 65, ""garbage"": 5, ""intermediate_intrusion"": 30}",C,,raw,v3/results_vllm/arbitrary_single/gemma-3-1b-it/stage1_sweep_20260409_015538.json,
01_fvq_cvq,gemma-3-1b-it,Gemma-3,False,base,arbitrary_single,chat_template,3,10,CVQ,semantic,last,0.06,,0.02,0.1,,100,,2,0.0612,"{""correct"": 6, ""garbage"": 2, ""intermediate_intrusion"": 81, ""primacy_intrusion"": 11}",C,,raw,v3/results_vllm/arbitrary_single/gemma-3-1b-it/stage1_sweep_20260409_015538.json,
01_fvq_cvq,gemma-3-1b-it,Gemma-3,False,base,arbitrary_single,chat_template,3,10,FVQ,semantic,first,0.6,,0.51,0.7,,100,,12,0.6818,"{""correct"": 60, ""garbage"": 12, ""intermediate_intrusion"": 28}",C,,raw,v3/results_vllm/arbitrary_single/gemma-3-1b-it/stage1_sweep_20260409_015538.json,
01_fvq_cvq,gemma-3-1b-it,Gemma-3,False,base,arbitrary_single,chat_template,3,15,CVQ,semantic,last,0.01,,0.0,0.03,,100,,14,0.0116,"{""correct"": 1, ""garbage"": 14, ""intermediate_intrusion"": 72, ""primacy_intrusion"": 13}",C,,raw,v3/results_vllm/arbitrary_single/gemma-3-1b-it/stage1_sweep_20260409_015538.json,
01_fvq_cvq,gemma-3-1b-it,Gemma-3,False,base,arbitrary_single,chat_template,3,15,FVQ,semantic,first,0.73,,0.64,0.82,,100,,11,0.8202,"{""correct"": 73, ""garbage"": 11, ""intermediate_intrusion"": 16}",C,,raw,v3/results_vllm/arbitrary_single/gemma-3-1b-it/stage1_sweep_20260409_015538.json,
01_fvq_cvq,gemma-3-1b-it,Gemma-3,False,base,arbitrary_single,chat_template,3,20,CVQ,semantic,last,0.02,,0.0,0.05,,100,,6,0.0213,"{""correct"": 2, ""garbage"": 6, ""intermediate_intrusion"": 72, ""primacy_intrusion"": 20}",C,,raw,v3/results_vllm/arbitrary_single/gemma-3-1b-it/stage1_sweep_20260409_015538.json,
01_fvq_cvq,gemma-3-1b-it,Gemma-3,False,base,arbitrary_single,chat_template,3,20,FVQ,semantic,first,0.7,,0.61,0.78,,100,,11,0.7865,"{""correct"": 70, ""garbage"": 11, ""intermediate_intrusion"": 19}",C,,raw,v3/results_vllm/arbitrary_single/gemma-3-1b-it/stage1_sweep_20260409_015538.json,
01_fvq_cvq,gemma-3-1b-it,Gemma-3,False,base,arbitrary_single,chat_template,3,30,CVQ,semantic,last,0.02,,0.0,0.05,,100,,19,0.0247,"{""correct"": 2, ""garbage"": 19, ""intermediate_intrusion"": 58, ""primacy_intrusion"": 21}",C,,raw,v3/results_vllm/arbitrary_single/gemma-3-1b-it/stage1_sweep_20260409_015538.json,
01_fvq_cvq,gemma-3-1b-it,Gemma-3,False,base,arbitrary_single,chat_template,3,30,FVQ,semantic,first,0.69,,0.6,0.78,,100,,13,0.7931,"{""correct"": 69, ""garbage"": 13, ""intermediate_intrusion"": 18}",C,,raw,v3/results_vllm/arbitrary_single/gemma-3-1b-it/stage1_sweep_20260409_015538.json,
01_fvq_cvq,gemma-3-1b-it,Gemma-3,False,base,arbitrary_single,chat_template,3,50,CVQ,semantic,last,0.0,,0.0,0.0,,100,,18,0.0,"{""garbage"": 18, ""intermediate_intrusion"": 61, ""primacy_intrusion"": 21}",C,,raw,v3/results_vllm/arbitrary_single/gemma-3-1b-it/stage1_sweep_20260409_015538.json,
01_fvq_cvq,gemma-3-1b-it,Gemma-3,False,base,arbitrary_single,chat_template,3,50,FVQ,semantic,first,0.55,,0.45,0.65,,100,,31,0.7971,"{""correct"": 55, ""garbage"": 31, ""intermediate_intrusion"": 14}",C,,raw,v3/results_vllm/arbitrary_single/gemma-3-1b-it/stage1_sweep_20260409_015538.json,
01_fvq_cvq,gemma-3-1b-it,Gemma-3,False,base,arbitrary_single,chat_template,3,75,CVQ,semantic,last,0.01,,0.0,0.03,,100,,27,0.0137,"{""correct"": 1, ""garbage"": 27, ""intermediate_intrusion"": 58, ""primacy_intrusion"": 14}",C,,raw,v3/results_vllm/arbitrary_single/gemma-3-1b-it/stage1_sweep_20260409_015538.json,
01_fvq_cvq,gemma-3-1b-it,Gemma-3,False,base,arbitrary_single,chat_template,3,75,FVQ,semantic,first,0.56,,0.46,0.65,,100,,20,0.7,"{""correct"": 56, ""garbage"": 20, ""intermediate_intrusion"": 23, ""recency_intrusion"": 1}",C,,raw,v3/results_vllm/arbitrary_single/gemma-3-1b-it/stage1_sweep_20260409_015538.json,
01_fvq_cvq,gemma-3-1b-it,Gemma-3,False,base,arbitrary_single,chat_template,5,5,CVQ,semantic,last,0.03,,0.0,0.07,,100,,3,0.0309,"{""correct"": 3, ""garbage"": 3, ""intermediate_intrusion"": 86, ""primacy_intrusion"": 8}",C,,raw,v3/results_vllm/arbitrary_single/gemma-3-1b-it/stage1_sweep_20260409_015538.json,
01_fvq_cvq,gemma-3-1b-it,Gemma-3,False,base,arbitrary_single,chat_template,5,5,FVQ,semantic,first,0.64,,0.55,0.73,,100,,2,0.6531,"{""correct"": 64, ""garbage"": 2, ""intermediate_intrusion"": 32, ""recency_intrusion"": 2}",C,,raw,v3/results_vllm/arbitrary_single/gemma-3-1b-it/stage1_sweep_20260409_015538.json,
01_fvq_cvq,gemma-3-1b-it,Gemma-3,False,base,arbitrary_single,chat_template,5,7,CVQ,semantic,last,0.05,,0.01,0.1,,100,,4,0.0521,"{""correct"": 5, ""garbage"": 4, ""intermediate_intrusion"": 75, ""primacy_intrusion"": 16}",C,,raw,v3/results_vllm/arbitrary_single/gemma-3-1b-it/stage1_sweep_20260409_015538.json,
01_fvq_cvq,gemma-3-1b-it,Gemma-3,False,base,arbitrary_single,chat_template,5,7,FVQ,semantic,first,0.51,,0.41,0.61,,100,,4,0.5312,"{""correct"": 51, ""garbage"": 4, ""intermediate_intrusion"": 45}",C,,raw,v3/results_vllm/arbitrary_single/gemma-3-1b-it/stage1_sweep_20260409_015538.json,
01_fvq_cvq,gemma-3-1b-it,Gemma-3,False,base,arbitrary_single,chat_template,5,10,CVQ,semantic,last,0.02,,0.0,0.05,,100,,7,0.0215,"{""correct"": 2, ""garbage"": 7, ""intermediate_intrusion"": 82, ""primacy_intrusion"": 9}",C,,raw,v3/results_vllm/arbitrary_single/gemma-3-1b-it/stage1_sweep_20260409_015538.json,
01_fvq_cvq,gemma-3-1b-it,Gemma-3,False,base,arbitrary_single,chat_template,5,10,FVQ,semantic,first,0.56,,0.46,0.66,,100,,9,0.6154,"{""correct"": 56, ""garbage"": 9, ""intermediate_intrusion"": 34, ""recency_intrusion"": 1}",C,,raw,v3/results_vllm/arbitrary_single/gemma-3-1b-it/stage1_sweep_20260409_015538.json,
01_fvq_cvq,gemma-3-1b-it,Gemma-3,False,base,arbitrary_single,chat_template,5,15,CVQ,semantic,last,0.07,,0.02,0.12,,100,,10,0.0778,"{""correct"": 7, ""garbage"": 10, ""intermediate_intrusion"": 67, ""primacy_intrusion"": 16}",C,,raw,v3/results_vllm/arbitrary_single/gemma-3-1b-it/stage1_sweep_20260409_015538.json,
01_fvq_cvq,gemma-3-1b-it,Gemma-3,False,base,arbitrary_single,chat_template,5,15,FVQ,semantic,first,0.61,,0.51,0.7,,100,,9,0.6703,"{""correct"": 61, ""garbage"": 9, ""intermediate_intrusion"": 30}",C,,raw,v3/results_vllm/arbitrary_single/gemma-3-1b-it/stage1_sweep_20260409_015538.json,
01_fvq_cvq,gemma-3-1b-it,Gemma-3,False,base,arbitrary_single,chat_template,5,20,CVQ,semantic,last,0.02,,0.0,0.05,,100,,24,0.0263,"{""correct"": 2, ""garbage"": 24, ""intermediate_intrusion"": 58, ""primacy_intrusion"": 16}",C,,raw,v3/results_vllm/arbitrary_single/gemma-3-1b-it/stage1_sweep_20260409_015538.json,
01_fvq_cvq,gemma-3-1b-it,Gemma-3,False,base,arbitrary_single,chat_template,5,20,FVQ,semantic,first,0.51,,0.41,0.61,,100,,33,0.7612,"{""correct"": 51, ""garbage"": 33, ""intermediate_intrusion"": 16}",C,,raw,v3/results_vllm/arbitrary_single/gemma-3-1b-it/stage1_sweep_20260409_015538.json,
01_fvq_cvq,gemma-3-1b-it,Gemma-3,False,base,arbitrary_single,chat_template,5,30,CVQ,semantic,last,0.01,,0.0,0.03,,100,,14,0.0116,"{""correct"": 1, ""garbage"": 14, ""intermediate_intrusion"": 76, ""primacy_intrusion"": 9}",C,,raw,v3/results_vllm/arbitrary_single/gemma-3-1b-it/stage1_sweep_20260409_015538.json,
01_fvq_cvq,gemma-3-1b-it,Gemma-3,False,base,arbitrary_single,chat_template,5,30,FVQ,semantic,first,0.47,,0.37,0.56,,100,,27,0.6438,"{""correct"": 47, ""garbage"": 27, ""intermediate_intrusion"": 26}",C,,raw,v3/results_vllm/arbitrary_single/gemma-3-1b-it/stage1_sweep_20260409_015538.json,
01_fvq_cvq,gemma-3-1b-it,Gemma-3,False,base,arbitrary_single,chat_template,5,50,CVQ,semantic,last,0.0,,0.0,0.0,,100,,14,0.0,"{""garbage"": 14, ""intermediate_intrusion"": 71, ""primacy_intrusion"": 15}",C,,raw,v3/results_vllm/arbitrary_single/gemma-3-1b-it/stage1_sweep_20260409_015538.json,
01_fvq_cvq,gemma-3-1b-it,Gemma-3,False,base,arbitrary_single,chat_template,5,50,FVQ,semantic,first,0.39,,0.29,0.49,,100,,22,0.5,"{""correct"": 39, ""garbage"": 22, ""intermediate_intrusion"": 39}",C,,raw,v3/results_vllm/arbitrary_single/gemma-3-1b-it/stage1_sweep_20260409_015538.json,
01_fvq_cvq,gemma-3-1b-it,Gemma-3,False,base,arbitrary_single,chat_template,5,75,CVQ,semantic,last,0.0,,0.0,0.0,,100,,15,0.0,"{""garbage"": 15, ""intermediate_intrusion"": 67, ""primacy_intrusion"": 18}",C,,raw,v3/results_vllm/arbitrary_single/gemma-3-1b-it/stage1_sweep_20260409_015538.json,
01_fvq_cvq,gemma-3-1b-it,Gemma-3,False,base,arbitrary_single,chat_template,5,75,FVQ,semantic,first,0.48,,0.38,0.58,,100,,19,0.5926,"{""correct"": 48, ""garbage"": 19, ""intermediate_intrusion"": 33}",C,,raw,v3/results_vllm/arbitrary_single/gemma-3-1b-it/stage1_sweep_20260409_015538.json,
01_fvq_cvq,gemma-3-1b-it,Gemma-3,False,base,arbitrary_single,chat_template,7,5,CVQ,semantic,last,0.08,,0.03,0.14,,100,,2,0.0816,"{""correct"": 8, ""garbage"": 2, ""intermediate_intrusion"": 77, ""primacy_intrusion"": 13}",C,,raw,v3/results_vllm/arbitrary_single/gemma-3-1b-it/stage1_sweep_20260409_015538.json,
01_fvq_cvq,gemma-3-1b-it,Gemma-3,False,base,arbitrary_single,chat_template,7,5,FVQ,semantic,first,0.62,,0.53,0.72,,100,,3,0.6392,"{""correct"": 62, ""garbage"": 3, ""intermediate_intrusion"": 34, ""recency_intrusion"": 1}",C,,raw,v3/results_vllm/arbitrary_single/gemma-3-1b-it/stage1_sweep_20260409_015538.json,
01_fvq_cvq,gemma-3-1b-it,Gemma-3,False,base,arbitrary_single,chat_template,7,7,CVQ,semantic,last,0.04,,0.01,0.08,,100,,2,0.0408,"{""correct"": 4, ""garbage"": 2, ""intermediate_intrusion"": 82, ""primacy_intrusion"": 12}",C,,raw,v3/results_vllm/arbitrary_single/gemma-3-1b-it/stage1_sweep_20260409_015538.json,
01_fvq_cvq,gemma-3-1b-it,Gemma-3,False,base,arbitrary_single,chat_template,7,7,FVQ,semantic,first,0.55,,0.45,0.65,,100,,3,0.567,"{""correct"": 55, ""garbage"": 3, ""intermediate_intrusion"": 41, ""recency_intrusion"": 1}",C,,raw,v3/results_vllm/arbitrary_single/gemma-3-1b-it/stage1_sweep_20260409_015538.json,
01_fvq_cvq,gemma-3-1b-it,Gemma-3,False,base,arbitrary_single,chat_template,7,10,CVQ,semantic,last,0.09,,0.04,0.1402,,100,,6,0.0957,"{""correct"": 9, ""garbage"": 6, ""intermediate_intrusion"": 72, ""primacy_intrusion"": 13}",C,,raw,v3/results_vllm/arbitrary_single/gemma-3-1b-it/stage1_sweep_20260409_015538.json,
01_fvq_cvq,gemma-3-1b-it,Gemma-3,False,base,arbitrary_single,chat_template,7,10,FVQ,semantic,first,0.54,,0.44,0.63,,100,,10,0.6,"{""correct"": 54, ""garbage"": 10, ""intermediate_intrusion"": 36}",C,,raw,v3/results_vllm/arbitrary_single/gemma-3-1b-it/stage1_sweep_20260409_015538.json,
01_fvq_cvq,gemma-3-1b-it,Gemma-3,False,base,arbitrary_single,chat_template,7,15,CVQ,semantic,last,0.0,,0.0,0.0,,100,,13,0.0,"{""garbage"": 13, ""intermediate_intrusion"": 71, ""primacy_intrusion"": 16}",C,,raw,v3/results_vllm/arbitrary_single/gemma-3-1b-it/stage1_sweep_20260409_015538.json,
01_fvq_cvq,gemma-3-1b-it,Gemma-3,False,base,arbitrary_single,chat_template,7,15,FVQ,semantic,first,0.56,,0.46,0.66,,100,,20,0.7,"{""correct"": 56, ""garbage"": 20, ""intermediate_intrusion"": 24}",C,,raw,v3/results_vllm/arbitrary_single/gemma-3-1b-it/stage1_sweep_20260409_015538.json,
01_fvq_cvq,gemma-3-1b-it,Gemma-3,False,base,arbitrary_single,chat_template,7,20,CVQ,semantic,last,0.0,,0.0,0.0,,100,,13,0.0,"{""garbage"": 13, ""intermediate_intrusion"": 75, ""primacy_intrusion"": 12}",C,,raw,v3/results_vllm/arbitrary_single/gemma-3-1b-it/stage1_sweep_20260409_015538.json,
01_fvq_cvq,gemma-3-1b-it,Gemma-3,False,base,arbitrary_single,chat_template,7,20,FVQ,semantic,first,0.42,,0.32,0.52,,100,,28,0.5833,"{""correct"": 42, ""garbage"": 28, ""intermediate_intrusion"": 30}",C,,raw,v3/results_vllm/arbitrary_single/gemma-3-1b-it/stage1_sweep_20260409_015538.json,
01_fvq_cvq,gemma-3-1b-it,Gemma-3,False,base,arbitrary_single,chat_template,7,30,CVQ,semantic,last,0.0,,0.0,0.0,,100,,20,0.0,"{""garbage"": 20, ""intermediate_intrusion"": 72, ""primacy_intrusion"": 8}",C,,raw,v3/results_vllm/arbitrary_single/gemma-3-1b-it/stage1_sweep_20260409_015538.json,
01_fvq_cvq,gemma-3-1b-it,Gemma-3,False,base,arbitrary_single,chat_template,7,30,FVQ,semantic,first,0.31,,0.22,0.4,,100,,20,0.3875,"{""correct"": 31, ""garbage"": 20, ""intermediate_intrusion"": 49}",C,,raw,v3/results_vllm/arbitrary_single/gemma-3-1b-it/stage1_sweep_20260409_015538.json,
01_fvq_cvq,gemma-3-1b-it,Gemma-3,False,base,arbitrary_single,chat_template,10,5,CVQ,semantic,last,0.12,,0.06,0.19,,100,,3,0.1237,"{""correct"": 12, ""garbage"": 3, ""intermediate_intrusion"": 66, ""primacy_intrusion"": 19}",C,,raw,v3/results_vllm/arbitrary_single/gemma-3-1b-it/stage1_sweep_20260409_015538.json,
01_fvq_cvq,gemma-3-1b-it,Gemma-3,False,base,arbitrary_single,chat_template,10,5,FVQ,semantic,first,0.59,,0.49,0.69,,100,,1,0.596,"{""correct"": 59, ""garbage"": 1, ""intermediate_intrusion"": 37, ""recency_intrusion"": 3}",C,,raw,v3/results_vllm/arbitrary_single/gemma-3-1b-it/stage1_sweep_20260409_015538.json,
01_fvq_cvq,gemma-3-1b-it,Gemma-3,False,base,arbitrary_single,chat_template,10,7,CVQ,semantic,last,0.06,,0.02,0.11,,100,,5,0.0632,"{""correct"": 6, ""garbage"": 5, ""intermediate_intrusion"": 65, ""primacy_intrusion"": 24}",C,,raw,v3/results_vllm/arbitrary_single/gemma-3-1b-it/stage1_sweep_20260409_015538.json,
01_fvq_cvq,gemma-3-1b-it,Gemma-3,False,base,arbitrary_single,chat_template,10,7,FVQ,semantic,first,0.65,,0.55,0.74,,100,,11,0.7303,"{""correct"": 65, ""garbage"": 11, ""intermediate_intrusion"": 23, ""recency_intrusion"": 1}",C,,raw,v3/results_vllm/arbitrary_single/gemma-3-1b-it/stage1_sweep_20260409_015538.json,
01_fvq_cvq,gemma-3-1b-it,Gemma-3,False,base,arbitrary_single,chat_template,10,10,CVQ,semantic,last,0.02,,0.0,0.05,,100,,7,0.0215,"{""correct"": 2, ""garbage"": 7, ""intermediate_intrusion"": 69, ""primacy_intrusion"": 22}",C,,raw,v3/results_vllm/arbitrary_single/gemma-3-1b-it/stage1_sweep_20260409_015538.json,
01_fvq_cvq,gemma-3-1b-it,Gemma-3,False,base,arbitrary_single,chat_template,10,10,FVQ,semantic,first,0.49,,0.4,0.59,,100,,24,0.6447,"{""correct"": 49, ""garbage"": 24, ""intermediate_intrusion"": 27}",C,,raw,v3/results_vllm/arbitrary_single/gemma-3-1b-it/stage1_sweep_20260409_015538.json,
01_fvq_cvq,gemma-3-1b-it,Gemma-3,False,base,arbitrary_single,chat_template,10,15,CVQ,semantic,last,0.0,,0.0,0.0,,100,,10,0.0,"{""garbage"": 10, ""intermediate_intrusion"": 75, ""primacy_intrusion"": 15}",C,,raw,v3/results_vllm/arbitrary_single/gemma-3-1b-it/stage1_sweep_20260409_015538.json,
01_fvq_cvq,gemma-3-1b-it,Gemma-3,False,base,arbitrary_single,chat_template,10,15,FVQ,semantic,first,0.45,,0.36,0.55,,100,,23,0.5844,"{""correct"": 45, ""garbage"": 23, ""intermediate_intrusion"": 31, ""recency_intrusion"": 1}",C,,raw,v3/results_vllm/arbitrary_single/gemma-3-1b-it/stage1_sweep_20260409_015538.json,
01_fvq_cvq,gemma-3-1b-it,Gemma-3,False,base,arbitrary_single,chat_template,10,20,CVQ,semantic,last,0.01,,0.0,0.03,,100,,27,0.0137,"{""correct"": 1, ""garbage"": 27, ""intermediate_intrusion"": 64, ""primacy_intrusion"": 8}",C,,raw,v3/results_vllm/arbitrary_single/gemma-3-1b-it/stage1_sweep_20260409_015538.json,
01_fvq_cvq,gemma-3-1b-it,Gemma-3,False,base,arbitrary_single,chat_template,10,20,FVQ,semantic,first,0.31,,0.22,0.4,,100,,22,0.3974,"{""correct"": 31, ""garbage"": 22, ""intermediate_intrusion"": 47}",C,,raw,v3/results_vllm/arbitrary_single/gemma-3-1b-it/stage1_sweep_20260409_015538.json,
01_fvq_cvq,gemma-3-1b-it,Gemma-3,False,base,arbitrary_single,chat_template,10,30,CVQ,semantic,last,0.01,,0.0,0.03,,100,,12,0.0114,"{""correct"": 1, ""garbage"": 12, ""intermediate_intrusion"": 79, ""primacy_intrusion"": 8}",C,,raw,v3/results_vllm/arbitrary_single/gemma-3-1b-it/stage1_sweep_20260409_015538.json,
01_fvq_cvq,gemma-3-1b-it,Gemma-3,False,base,arbitrary_single,chat_template,10,30,FVQ,semantic,first,0.34,,0.25,0.44,,100,,24,0.4474,"{""correct"": 34, ""garbage"": 24, ""intermediate_intrusion"": 42}",C,,raw,v3/results_vllm/arbitrary_single/gemma-3-1b-it/stage1_sweep_20260409_015538.json,
01_fvq_cvq,gemma-3-1b-it,Gemma-3,False,base,arbitrary_single,chat_template,15,5,CVQ,semantic,last,0.06,,0.02,0.11,,100,,0,0.06,"{""correct"": 6, ""intermediate_intrusion"": 46, ""primacy_intrusion"": 48}",C,,raw,v3/results_vllm/arbitrary_single/gemma-3-1b-it/stage1_sweep_20260409_015538.json,
01_fvq_cvq,gemma-3-1b-it,Gemma-3,False,base,arbitrary_single,chat_template,15,5,FVQ,semantic,first,0.72,,0.63,0.8,,100,,7,0.7742,"{""correct"": 72, ""garbage"": 7, ""intermediate_intrusion"": 19, ""recency_intrusion"": 2}",C,,raw,v3/results_vllm/arbitrary_single/gemma-3-1b-it/stage1_sweep_20260409_015538.json,
01_fvq_cvq,gemma-3-1b-it,Gemma-3,False,base,arbitrary_single,chat_template,15,7,CVQ,semantic,last,0.02,,0.0,0.05,,100,,6,0.0213,"{""correct"": 2, ""garbage"": 6, ""intermediate_intrusion"": 59, ""primacy_intrusion"": 33}",C,,raw,v3/results_vllm/arbitrary_single/gemma-3-1b-it/stage1_sweep_20260409_015538.json,
01_fvq_cvq,gemma-3-1b-it,Gemma-3,False,base,arbitrary_single,chat_template,15,7,FVQ,semantic,first,0.64,,0.54,0.73,,100,,13,0.7356,"{""correct"": 64, ""garbage"": 13, ""intermediate_intrusion"": 22, ""recency_intrusion"": 1}",C,,raw,v3/results_vllm/arbitrary_single/gemma-3-1b-it/stage1_sweep_20260409_015538.json,
01_fvq_cvq,gemma-3-1b-it,Gemma-3,False,base,arbitrary_single,chat_template,15,10,CVQ,semantic,last,0.03,,0.0,0.07,,100,,7,0.0323,"{""correct"": 3, ""garbage"": 7, ""intermediate_intrusion"": 65, ""primacy_intrusion"": 25}",C,,raw,v3/results_vllm/arbitrary_single/gemma-3-1b-it/stage1_sweep_20260409_015538.json,
01_fvq_cvq,gemma-3-1b-it,Gemma-3,False,base,arbitrary_single,chat_template,15,10,FVQ,semantic,first,0.55,,0.46,0.65,,100,,12,0.625,"{""correct"": 55, ""garbage"": 12, ""intermediate_intrusion"": 33}",C,,raw,v3/results_vllm/arbitrary_single/gemma-3-1b-it/stage1_sweep_20260409_015538.json,
01_fvq_cvq,gemma-3-1b-it,Gemma-3,False,base,arbitrary_single,chat_template,15,15,CVQ,semantic,last,0.01,,0.0,0.03,,100,,16,0.0119,"{""correct"": 1, ""garbage"": 16, ""intermediate_intrusion"": 76, ""primacy_intrusion"": 7}",C,,raw,v3/results_vllm/arbitrary_single/gemma-3-1b-it/stage1_sweep_20260409_015538.json,
01_fvq_cvq,gemma-3-1b-it,Gemma-3,False,base,arbitrary_single,chat_template,15,15,FVQ,semantic,first,0.43,,0.34,0.53,,100,,19,0.5309,"{""correct"": 43, ""garbage"": 19, ""intermediate_intrusion"": 38}",C,,raw,v3/results_vllm/arbitrary_single/gemma-3-1b-it/stage1_sweep_20260409_015538.json,
01_fvq_cvq,gemma-3-1b-it,Gemma-3,False,base,arbitrary_single,chat_template,15,20,CVQ,semantic,last,0.0,,0.0,0.0,,100,,18,0.0,"{""garbage"": 18, ""intermediate_intrusion"": 70, ""primacy_intrusion"": 12}",C,,raw,v3/results_vllm/arbitrary_single/gemma-3-1b-it/stage1_sweep_20260409_015538.json,
01_fvq_cvq,gemma-3-1b-it,Gemma-3,False,base,arbitrary_single,chat_template,15,20,FVQ,semantic,first,0.34,,0.25,0.44,,100,,17,0.4096,"{""correct"": 34, ""garbage"": 17, ""intermediate_intrusion"": 48, ""recency_intrusion"": 1}",C,,raw,v3/results_vllm/arbitrary_single/gemma-3-1b-it/stage1_sweep_20260409_015538.json,
01_fvq_cvq,gemma-3-1b-it,Gemma-3,False,base,arbitrary_single,chat_template,15,30,CVQ,semantic,last,0.0,,0.0,0.0,,100,,34,0.0,"{""garbage"": 34, ""intermediate_intrusion"": 44, ""primacy_intrusion"": 22}",C,,raw,v3/results_vllm/arbitrary_single/gemma-3-1b-it/stage1_sweep_20260409_015538.json,
01_fvq_cvq,gemma-3-1b-it,Gemma-3,False,base,arbitrary_single,chat_template,15,30,FVQ,semantic,first,0.47,,0.37,0.57,,100,,31,0.6812,"{""correct"": 47, ""garbage"": 31, ""intermediate_intrusion"": 22}",C,,raw,v3/results_vllm/arbitrary_single/gemma-3-1b-it/stage1_sweep_20260409_015538.json,
01_fvq_cvq,gemma-3-1b-it,Gemma-3,False,base,arbitrary_single,chat_template,20,5,CVQ,semantic,last,0.01,,0.0,0.03,,100,,7,0.0108,"{""correct"": 1, ""garbage"": 7, ""intermediate_intrusion"": 42, ""primacy_intrusion"": 50}",C,,raw,v3/results_vllm/arbitrary_single/gemma-3-1b-it/stage1_sweep_20260409_015538.json,
01_fvq_cvq,gemma-3-1b-it,Gemma-3,False,base,arbitrary_single,chat_template,20,5,FVQ,semantic,first,0.75,,0.6698,0.83,,100,,13,0.8621,"{""correct"": 75, ""garbage"": 13, ""intermediate_intrusion"": 12}",C,,raw,v3/results_vllm/arbitrary_single/gemma-3-1b-it/stage1_sweep_20260409_015538.json,
01_fvq_cvq,gemma-3-1b-it,Gemma-3,False,base,arbitrary_single,chat_template,20,7,CVQ,semantic,last,0.01,,0.0,0.03,,100,,17,0.012,"{""correct"": 1, ""garbage"": 17, ""intermediate_intrusion"": 50, ""primacy_intrusion"": 32}",C,,raw,v3/results_vllm/arbitrary_single/gemma-3-1b-it/stage1_sweep_20260409_015538.json,
01_fvq_cvq,gemma-3-1b-it,Gemma-3,False,base,arbitrary_single,chat_template,20,7,FVQ,semantic,first,0.65,,0.56,0.74,,100,,13,0.7471,"{""correct"": 65, ""garbage"": 13, ""intermediate_intrusion"": 22}",C,,raw,v3/results_vllm/arbitrary_single/gemma-3-1b-it/stage1_sweep_20260409_015538.json,
01_fvq_cvq,gemma-3-1b-it,Gemma-3,False,base,arbitrary_single,chat_template,20,10,CVQ,semantic,last,0.02,,0.0,0.05,,100,,15,0.0235,"{""correct"": 2, ""garbage"": 15, ""intermediate_intrusion"": 61, ""primacy_intrusion"": 22}",C,,raw,v3/results_vllm/arbitrary_single/gemma-3-1b-it/stage1_sweep_20260409_015538.json,
01_fvq_cvq,gemma-3-1b-it,Gemma-3,False,base,arbitrary_single,chat_template,20,10,FVQ,semantic,first,0.37,,0.28,0.47,,100,,16,0.4405,"{""correct"": 37, ""garbage"": 16, ""intermediate_intrusion"": 47}",C,,raw,v3/results_vllm/arbitrary_single/gemma-3-1b-it/stage1_sweep_20260409_015538.json,
01_fvq_cvq,gemma-3-1b-it,Gemma-3,False,base,arbitrary_single,chat_template,20,15,CVQ,semantic,last,0.01,,0.0,0.03,,100,,26,0.0135,"{""correct"": 1, ""garbage"": 26, ""intermediate_intrusion"": 53, ""primacy_intrusion"": 20}",C,,raw,v3/results_vllm/arbitrary_single/gemma-3-1b-it/stage1_sweep_20260409_015538.json,
01_fvq_cvq,gemma-3-1b-it,Gemma-3,False,base,arbitrary_single,chat_template,20,15,FVQ,semantic,first,0.42,,0.32,0.52,,100,,23,0.5455,"{""correct"": 42, ""garbage"": 23, ""intermediate_intrusion"": 35}",C,,raw,v3/results_vllm/arbitrary_single/gemma-3-1b-it/stage1_sweep_20260409_015538.json,
01_fvq_cvq,gemma-3-1b-it,Gemma-3,False,base,arbitrary_single,chat_template,25,5,CVQ,semantic,last,0.0,,0.0,0.0,,100,,8,0.0,"{""garbage"": 8, ""intermediate_intrusion"": 45, ""primacy_intrusion"": 47}",C,,raw,v3/results_vllm/arbitrary_single/gemma-3-1b-it/stage1_sweep_20260409_015538.json,
01_fvq_cvq,gemma-3-1b-it,Gemma-3,False,base,arbitrary_single,chat_template,25,5,FVQ,semantic,first,0.69,,0.6,0.78,,100,,9,0.7582,"{""correct"": 69, ""garbage"": 9, ""intermediate_intrusion"": 22}",C,,raw,v3/results_vllm/arbitrary_single/gemma-3-1b-it/stage1_sweep_20260409_015538.json,
01_fvq_cvq,gemma-3-1b-it,Gemma-3,False,base,arbitrary_single,chat_template,25,7,CVQ,semantic,last,0.0,,0.0,0.0,,100,,9,0.0,"{""garbage"": 9, ""intermediate_intrusion"": 59, ""primacy_intrusion"": 32}",C,,raw,v3/results_vllm/arbitrary_single/gemma-3-1b-it/stage1_sweep_20260409_015538.json,
01_fvq_cvq,gemma-3-1b-it,Gemma-3,False,base,arbitrary_single,chat_template,25,7,FVQ,semantic,first,0.56,,0.47,0.66,,100,,14,0.6512,"{""correct"": 56, ""garbage"": 14, ""intermediate_intrusion"": 30}",C,,raw,v3/results_vllm/arbitrary_single/gemma-3-1b-it/stage1_sweep_20260409_015538.json,
01_fvq_cvq,gemma-3-1b-it,Gemma-3,False,base,arbitrary_single,chat_template,25,10,CVQ,semantic,last,0.02,,0.0,0.05,,100,,12,0.0227,"{""correct"": 2, ""garbage"": 12, ""intermediate_intrusion"": 64, ""primacy_intrusion"": 22}",C,,raw,v3/results_vllm/arbitrary_single/gemma-3-1b-it/stage1_sweep_20260409_015538.json,
01_fvq_cvq,gemma-3-1b-it,Gemma-3,False,base,arbitrary_single,chat_template,25,10,FVQ,semantic,first,0.53,,0.43,0.63,,100,,20,0.6625,"{""correct"": 53, ""garbage"": 20, ""intermediate_intrusion"": 27}",C,,raw,v3/results_vllm/arbitrary_single/gemma-3-1b-it/stage1_sweep_20260409_015538.json,
01_fvq_cvq,gemma-3-1b-it,Gemma-3,False,base,arbitrary_single,chat_template,25,15,CVQ,semantic,last,0.0,,0.0,0.0,,100,,32,0.0,"{""garbage"": 32, ""intermediate_intrusion"": 41, ""primacy_intrusion"": 27}",C,,raw,v3/results_vllm/arbitrary_single/gemma-3-1b-it/stage1_sweep_20260409_015538.json,
01_fvq_cvq,gemma-3-1b-it,Gemma-3,False,base,arbitrary_single,chat_template,25,15,FVQ,semantic,first,0.38,,0.2898,0.47,,100,,36,0.5938,"{""correct"": 38, ""garbage"": 36, ""intermediate_intrusion"": 26}",C,,raw,v3/results_vllm/arbitrary_single/gemma-3-1b-it/stage1_sweep_20260409_015538.json,
01_fvq_cvq,gemma-3-1b-it,Gemma-3,False,base,arbitrary_single,chat_template,30,5,CVQ,semantic,last,0.0,,0.0,0.0,,100,,13,0.0,"{""garbage"": 13, ""intermediate_intrusion"": 46, ""primacy_intrusion"": 41}",C,,raw,v3/results_vllm/arbitrary_single/gemma-3-1b-it/stage1_sweep_20260409_015538.json,
01_fvq_cvq,gemma-3-1b-it,Gemma-3,False,base,arbitrary_single,chat_template,30,5,FVQ,semantic,first,0.65,,0.55,0.74,,100,,12,0.7386,"{""correct"": 65, ""garbage"": 12, ""intermediate_intrusion"": 23}",C,,raw,v3/results_vllm/arbitrary_single/gemma-3-1b-it/stage1_sweep_20260409_015538.json,
01_fvq_cvq,gemma-3-1b-it,Gemma-3,False,base,arbitrary_single,chat_template,30,7,CVQ,semantic,last,0.05,,0.01,0.1,,100,,19,0.0617,"{""correct"": 5, ""garbage"": 19, ""intermediate_intrusion"": 51, ""primacy_intrusion"": 25}",C,,raw,v3/results_vllm/arbitrary_single/gemma-3-1b-it/stage1_sweep_20260409_015538.json,
01_fvq_cvq,gemma-3-1b-it,Gemma-3,False,base,arbitrary_single,chat_template,30,7,FVQ,semantic,first,0.53,,0.44,0.63,,100,,16,0.631,"{""correct"": 53, ""garbage"": 16, ""intermediate_intrusion"": 31}",C,,raw,v3/results_vllm/arbitrary_single/gemma-3-1b-it/stage1_sweep_20260409_015538.json,
01_fvq_cvq,gemma-3-1b-it,Gemma-3,False,base,arbitrary_single,chat_template,30,10,CVQ,semantic,last,0.01,,0.0,0.03,,100,,16,0.0119,"{""correct"": 1, ""garbage"": 16, ""intermediate_intrusion"": 55, ""primacy_intrusion"": 28}",C,,raw,v3/results_vllm/arbitrary_single/gemma-3-1b-it/stage1_sweep_20260409_015538.json,
01_fvq_cvq,gemma-3-1b-it,Gemma-3,False,base,arbitrary_single,chat_template,30,10,FVQ,semantic,first,0.52,,0.42,0.62,,100,,14,0.6047,"{""correct"": 52, ""garbage"": 14, ""intermediate_intrusion"": 34}",C,,raw,v3/results_vllm/arbitrary_single/gemma-3-1b-it/stage1_sweep_20260409_015538.json,
01_fvq_cvq,gemma-3-1b-it,Gemma-3,False,base,arbitrary_single,chat_template,30,15,CVQ,semantic,last,0.01,,0.0,0.03,,100,,28,0.0139,"{""correct"": 1, ""garbage"": 28, ""intermediate_intrusion"": 36, ""primacy_intrusion"": 35}",C,,raw,v3/results_vllm/arbitrary_single/gemma-3-1b-it/stage1_sweep_20260409_015538.json,
01_fvq_cvq,gemma-3-1b-it,Gemma-3,False,base,arbitrary_single,chat_template,30,15,FVQ,semantic,first,0.54,,0.44,0.6302,,100,,35,0.8308,"{""correct"": 54, ""garbage"": 35, ""intermediate_intrusion"": 11}",C,,raw,v3/results_vllm/arbitrary_single/gemma-3-1b-it/stage1_sweep_20260409_015538.json,
01_fvq_cvq,gemma-3-1b-it,Gemma-3,False,base,semantic_multi,,2,10,FVQ-CVQ,semantic,,,0.71,,,0.1,,,,,,,,derived,paper/figures/tab_full_sem.tex,gap only — per-condition accuracies not preserved in the .tex; raw sweep not local
01_fvq_cvq,gemma-3-1b-it,Gemma-3,False,base,semantic_multi,,5,30,CVQ,semantic,last,0.02,,,,0.03,,,,,,,,derived,paper/figures/tab2_openweight.tex,back-extracted from committed paper table; raw sweep v3/results_vllm/semantic_multi/ not local
01_fvq_cvq,gemma-3-1b-it,Gemma-3,False,base,semantic_multi,,5,30,FVQ,semantic,first,0.55,,,,0.1,,,,,,,,derived,paper/figures/tab2_openweight.tex,back-extracted from committed paper table; raw sweep v3/results_vllm/semantic_multi/ not local
01_fvq_cvq,gemma-3-1b-it,Gemma-3,False,base,semantic_multi,,5,30,FVQ-CVQ,semantic,,,0.53,,,0.1,,,,,,,,derived,paper/figures/tab_full_sem.tex,gap only — per-condition accuracies not preserved in the .tex; raw sweep not local
01_fvq_cvq,gemma-3-1b-it,Gemma-3,False,base,semantic_multi,,10,50,FVQ-CVQ,semantic,,,0.47,,,0.1,,,,,,,,derived,paper/figures/tab_full_sem.tex,gap only — per-condition accuracies not preserved in the .tex; raw sweep not local
01_fvq_cvq,gemma-3-1b-it,Gemma-3,False,base,semantic_multi,,20,50,FVQ-CVQ,semantic,,,0.53,,,0.1,,,,,,,,derived,paper/figures/tab_full_sem.tex,gap only — per-condition accuracies not preserved in the .tex; raw sweep not local
01_fvq_cvq,gemma-3-4b-it,Gemma-3,False,base,arbitrary_single,chat_template,2,5,CVQ,semantic,last,0.87,,0.8,0.93,,100,,3,0.8969,"{""correct"": 87, ""garbage"": 3, ""intermediate_intrusion"": 10}",AB,,raw,v3/results_vllm/arbitrary_single/gemma-3-4b-it/stage1_sweep_20260409_022631.json,
01_fvq_cvq,gemma-3-4b-it,Gemma-3,False,base,arbitrary_single,chat_template,2,5,FVQ,semantic,first,1.0,,1.0,1.0,,100,,0,1.0,"{""correct"": 100}",AB,,raw,v3/results_vllm/arbitrary_single/gemma-3-4b-it/stage1_sweep_20260409_022631.json,
01_fvq_cvq,gemma-3-4b-it,Gemma-3,False,base,arbitrary_single,chat_template,2,7,CVQ,semantic,last,0.64,,0.55,0.73,,100,,6,0.6809,"{""correct"": 64, ""garbage"": 6, ""intermediate_intrusion"": 30}",C,,raw,v3/results_vllm/arbitrary_single/gemma-3-4b-it/stage1_sweep_20260409_022631.json,
01_fvq_cvq,gemma-3-4b-it,Gemma-3,False,base,arbitrary_single,chat_template,2,7,FVQ,semantic,first,0.99,,0.97,1.0,,100,,0,0.99,"{""correct"": 99, ""intermediate_intrusion"": 1}",C,,raw,v3/results_vllm/arbitrary_single/gemma-3-4b-it/stage1_sweep_20260409_022631.json,
01_fvq_cvq,gemma-3-4b-it,Gemma-3,False,base,arbitrary_single,chat_template,2,10,CVQ,semantic,last,0.66,,0.57,0.75,,100,,9,0.7253,"{""correct"": 66, ""garbage"": 9, ""intermediate_intrusion"": 25}",C,,raw,v3/results_vllm/arbitrary_single/gemma-3-4b-it/stage1_sweep_20260409_022631.json,
01_fvq_cvq,gemma-3-4b-it,Gemma-3,False,base,arbitrary_single,chat_template,2,10,FVQ,semantic,first,1.0,,1.0,1.0,,100,,0,1.0,"{""correct"": 100}",C,,raw,v3/results_vllm/arbitrary_single/gemma-3-4b-it/stage1_sweep_20260409_022631.json,
01_fvq_cvq,gemma-3-4b-it,Gemma-3,False,base,arbitrary_single,chat_template,2,15,CVQ,semantic,last,0.7,,0.6,0.79,,100,,7,0.7527,"{""correct"": 70, ""garbage"": 7, ""intermediate_intrusion"": 23}",C,,raw,v3/results_vllm/arbitrary_single/gemma-3-4b-it/stage1_sweep_20260409_022631.json,
01_fvq_cvq,gemma-3-4b-it,Gemma-3,False,base,arbitrary_single,chat_template,2,15,FVQ,semantic,first,1.0,,1.0,1.0,,100,,0,1.0,"{""correct"": 100}",C,,raw,v3/results_vllm/arbitrary_single/gemma-3-4b-it/stage1_sweep_20260409_022631.json,
01_fvq_cvq,gemma-3-4b-it,Gemma-3,False,base,arbitrary_single,chat_template,2,20,CVQ,semantic,last,0.67,,0.58,0.76,,100,,16,0.7976,"{""correct"": 67, ""garbage"": 16, ""intermediate_intrusion"": 17}",C,,raw,v3/results_vllm/arbitrary_single/gemma-3-4b-it/stage1_sweep_20260409_022631.json,
01_fvq_cvq,gemma-3-4b-it,Gemma-3,False,base,arbitrary_single,chat_template,2,20,FVQ,semantic,first,1.0,,1.0,1.0,,100,,0,1.0,"{""correct"": 100}",C,,raw,v3/results_vllm/arbitrary_single/gemma-3-4b-it/stage1_sweep_20260409_022631.json,
01_fvq_cvq,gemma-3-4b-it,Gemma-3,False,base,arbitrary_single,chat_template,2,30,CVQ,semantic,last,0.62,,0.53,0.71,,100,,16,0.7381,"{""correct"": 62, ""garbage"": 16, ""intermediate_intrusion"": 22}",C,,raw,v3/results_vllm/arbitrary_single/gemma-3-4b-it/stage1_sweep_20260409_022631.json,
01_fvq_cvq,gemma-3-4b-it,Gemma-3,False,base,arbitrary_single,chat_template,2,30,FVQ,semantic,first,1.0,,1.0,1.0,,100,,0,1.0,"{""correct"": 100}",C,,raw,v3/results_vllm/arbitrary_single/gemma-3-4b-it/stage1_sweep_20260409_022631.json,
01_fvq_cvq,gemma-3-4b-it,Gemma-3,False,base,arbitrary_single,chat_template,2,50,CVQ,semantic,last,0.54,,0.44,0.63,,100,,16,0.6429,"{""correct"": 54, ""garbage"": 16, ""intermediate_intrusion"": 30}",C,,raw,v3/results_vllm/arbitrary_single/gemma-3-4b-it/stage1_sweep_20260409_022631.json,
01_fvq_cvq,gemma-3-4b-it,Gemma-3,False,base,arbitrary_single,chat_template,2,50,FVQ,semantic,first,1.0,,1.0,1.0,,100,,0,1.0,"{""correct"": 100}",C,,raw,v3/results_vllm/arbitrary_single/gemma-3-4b-it/stage1_sweep_20260409_022631.json,
01_fvq_cvq,gemma-3-4b-it,Gemma-3,False,base,arbitrary_single,chat_template,2,75,CVQ,semantic,last,0.45,,0.35,0.55,,100,,21,0.5696,"{""correct"": 45, ""garbage"": 21, ""intermediate_intrusion"": 34}",C,,raw,v3/results_vllm/arbitrary_single/gemma-3-4b-it/stage1_sweep_20260409_022631.json,
01_fvq_cvq,gemma-3-4b-it,Gemma-3,False,base,arbitrary_single,chat_template,2,75,FVQ,semantic,first,0.99,,0.97,1.0,,100,,0,0.99,"{""correct"": 99, ""intermediate_intrusion"": 1}",C,,raw,v3/results_vllm/arbitrary_single/gemma-3-4b-it/stage1_sweep_20260409_022631.json,
01_fvq_cvq,gemma-3-4b-it,Gemma-3,False,base,arbitrary_single,chat_template,2,100,CVQ,semantic,last,0.38,,0.29,0.47,,100,,12,0.4318,"{""correct"": 38, ""garbage"": 12, ""intermediate_intrusion"": 50}",C,,raw,v3/results_vllm/arbitrary_single/gemma-3-4b-it/stage1_sweep_20260409_022631.json,
01_fvq_cvq,gemma-3-4b-it,Gemma-3,False,base,arbitrary_single,chat_template,2,100,FVQ,semantic,first,0.99,,0.97,1.0,,100,,0,0.99,"{""correct"": 99, ""intermediate_intrusion"": 1}",C,,raw,v3/results_vllm/arbitrary_single/gemma-3-4b-it/stage1_sweep_20260409_022631.json,
01_fvq_cvq,gemma-3-4b-it,Gemma-3,False,base,arbitrary_single,chat_template,3,5,CVQ,semantic,last,0.87,,0.8,0.94,,100,,2,0.8878,"{""correct"": 87, ""garbage"": 2, ""intermediate_intrusion"": 11}",AB,,raw,v3/results_vllm/arbitrary_single/gemma-3-4b-it/stage1_sweep_20260409_022631.json,
01_fvq_cvq,gemma-3-4b-it,Gemma-3,False,base,arbitrary_single,chat_template,3,5,FVQ,semantic,first,1.0,,1.0,1.0,,100,,0,1.0,"{""correct"": 100}",AB,,raw,v3/results_vllm/arbitrary_single/gemma-3-4b-it/stage1_sweep_20260409_022631.json,
01_fvq_cvq,gemma-3-4b-it,Gemma-3,False,base,arbitrary_single,chat_template,3,7,CVQ,semantic,last,0.74,,0.65,0.82,,100,,2,0.7551,"{""correct"": 74, ""garbage"": 2, ""intermediate_intrusion"": 24}",C,,raw,v3/results_vllm/arbitrary_single/gemma-3-4b-it/stage1_sweep_20260409_022631.json,
01_fvq_cvq,gemma-3-4b-it,Gemma-3,False,base,arbitrary_single,chat_template,3,7,FVQ,semantic,first,0.99,,0.97,1.0,,100,,0,0.99,"{""correct"": 99, ""intermediate_intrusion"": 1}",C,,raw,v3/results_vllm/arbitrary_single/gemma-3-4b-it/stage1_sweep_20260409_022631.json,
01_fvq_cvq,gemma-3-4b-it,Gemma-3,False,base,arbitrary_single,chat_template,3,10,CVQ,semantic,last,0.77,,0.69,0.85,,100,,3,0.7938,"{""correct"": 77, ""garbage"": 3, ""intermediate_intrusion"": 20}",B,,raw,v3/results_vllm/arbitrary_single/gemma-3-4b-it/stage1_sweep_20260409_022631.json,
01_fvq_cvq,gemma-3-4b-it,Gemma-3,False,base,arbitrary_single,chat_template,3,10,FVQ,semantic,first,0.99,,0.97,1.0,,100,,0,0.99,"{""correct"": 99, ""intermediate_intrusion"": 1}",B,,raw,v3/results_vllm/arbitrary_single/gemma-3-4b-it/stage1_sweep_20260409_022631.json,
01_fvq_cvq,gemma-3-4b-it,Gemma-3,False,base,arbitrary_single,chat_template,3,15,CVQ,semantic,last,0.84,,0.77,0.91,,100,,0,0.84,"{""correct"": 84, ""intermediate_intrusion"": 16}",B,,raw,v3/results_vllm/arbitrary_single/gemma-3-4b-it/stage1_sweep_20260409_022631.json,
01_fvq_cvq,gemma-3-4b-it,Gemma-3,False,base,arbitrary_single,chat_template,3,15,FVQ,semantic,first,1.0,,1.0,1.0,,100,,0,1.0,"{""correct"": 100}",B,,raw,v3/results_vllm/arbitrary_single/gemma-3-4b-it/stage1_sweep_20260409_022631.json,
01_fvq_cvq,gemma-3-4b-it,Gemma-3,False,base,arbitrary_single,chat_template,3,20,CVQ,semantic,last,0.67,,0.57,0.76,,100,,10,0.7444,"{""correct"": 67, ""garbage"": 10, ""intermediate_intrusion"": 23}",C,,raw,v3/results_vllm/arbitrary_single/gemma-3-4b-it/stage1_sweep_20260409_022631.json,
01_fvq_cvq,gemma-3-4b-it,Gemma-3,False,base,arbitrary_single,chat_template,3,20,FVQ,semantic,first,1.0,,1.0,1.0,,100,,0,1.0,"{""correct"": 100}",C,,raw,v3/results_vllm/arbitrary_single/gemma-3-4b-it/stage1_sweep_20260409_022631.json,
01_fvq_cvq,gemma-3-4b-it,Gemma-3,False,base,arbitrary_single,chat_template,3,30,CVQ,semantic,last,0.61,,0.52,0.7,,100,,9,0.6703,"{""correct"": 61, ""garbage"": 9, ""intermediate_intrusion"": 30}",C,,raw,v3/results_vllm/arbitrary_single/gemma-3-4b-it/stage1_sweep_20260409_022631.json,
01_fvq_cvq,gemma-3-4b-it,Gemma-3,False,base,arbitrary_single,chat_template,3,30,FVQ,semantic,first,0.98,,0.95,1.0,,100,,1,0.9899,"{""correct"": 98, ""garbage"": 1, ""intermediate_intrusion"": 1}",C,,raw,v3/results_vllm/arbitrary_single/gemma-3-4b-it/stage1_sweep_20260409_022631.json,
01_fvq_cvq,gemma-3-4b-it,Gemma-3,False,base,arbitrary_single,chat_template,3,50,CVQ,semantic,last,0.57,,0.47,0.67,,100,,11,0.6404,"{""correct"": 57, ""garbage"": 11, ""intermediate_intrusion"": 32}",C,,raw,v3/results_vllm/arbitrary_single/gemma-3-4b-it/stage1_sweep_20260409_022631.json,
01_fvq_cvq,gemma-3-4b-it,Gemma-3,False,base,arbitrary_single,chat_template,3,50,FVQ,semantic,first,1.0,,1.0,1.0,,100,,0,1.0,"{""correct"": 100}",C,,raw,v3/results_vllm/arbitrary_single/gemma-3-4b-it/stage1_sweep_20260409_022631.json,
01_fvq_cvq,gemma-3-4b-it,Gemma-3,False,base,arbitrary_single,chat_template,3,75,CVQ,semantic,last,0.6,,0.5,0.7,,100,,7,0.6452,"{""correct"": 60, ""garbage"": 7, ""intermediate_intrusion"": 33}",C,,raw,v3/results_vllm/arbitrary_single/gemma-3-4b-it/stage1_sweep_20260409_022631.json,
01_fvq_cvq,gemma-3-4b-it,Gemma-3,False,base,arbitrary_single,chat_template,3,75,FVQ,semantic,first,0.97,,0.94,1.0,,100,,2,0.9898,"{""correct"": 97, ""garbage"": 2, ""intermediate_intrusion"": 1}",C,,raw,v3/results_vllm/arbitrary_single/gemma-3-4b-it/stage1_sweep_20260409_022631.json,
01_fvq_cvq,gemma-3-4b-it,Gemma-3,False,base,arbitrary_single,chat_template,3,100,CVQ,semantic,last,0.52,,0.42,0.62,,100,,12,0.5909,"{""correct"": 52, ""garbage"": 12, ""intermediate_intrusion"": 36}",C,,raw,v3/results_vllm/arbitrary_single/gemma-3-4b-it/stage1_sweep_20260409_022631.json,
01_fvq_cvq,gemma-3-4b-it,Gemma-3,False,base,arbitrary_single,chat_template,3,100,FVQ,semantic,first,0.98,,0.95,1.0,,100,,2,1.0,"{""correct"": 98, ""garbage"": 2}",C,,raw,v3/results_vllm/arbitrary_single/gemma-3-4b-it/stage1_sweep_20260409_022631.json,
01_fvq_cvq,gemma-3-4b-it,Gemma-3,False,base,arbitrary_single,chat_template,5,5,CVQ,semantic,last,0.86,,0.79,0.93,,100,,0,0.86,"{""correct"": 86, ""intermediate_intrusion"": 14}",AB,,raw,v3/results_vllm/arbitrary_single/gemma-3-4b-it/stage1_sweep_20260409_022631.json,
01_fvq_cvq,gemma-3-4b-it,Gemma-3,False,base,arbitrary_single,chat_template,5,5,FVQ,semantic,first,0.98,,0.95,1.0,,100,,0,0.98,"{""correct"": 98, ""intermediate_intrusion"": 2}",AB,,raw,v3/results_vllm/arbitrary_single/gemma-3-4b-it/stage1_sweep_20260409_022631.json,
01_fvq_cvq,gemma-3-4b-it,Gemma-3,False,base,arbitrary_single,chat_template,5,7,CVQ,semantic,last,0.76,,0.67,0.84,,100,,2,0.7755,"{""correct"": 76, ""garbage"": 2, ""intermediate_intrusion"": 22}",B,,raw,v3/results_vllm/arbitrary_single/gemma-3-4b-it/stage1_sweep_20260409_022631.json,
01_fvq_cvq,gemma-3-4b-it,Gemma-3,False,base,arbitrary_single,chat_template,5,7,FVQ,semantic,first,1.0,,1.0,1.0,,100,,0,1.0,"{""correct"": 100}",B,,raw,v3/results_vllm/arbitrary_single/gemma-3-4b-it/stage1_sweep_20260409_022631.json,
01_fvq_cvq,gemma-3-4b-it,Gemma-3,False,base,arbitrary_single,chat_template,5,10,CVQ,semantic,last,0.69,,0.6,0.78,,100,,8,0.75,"{""correct"": 69, ""garbage"": 8, ""intermediate_intrusion"": 23}",C,,raw,v3/results_vllm/arbitrary_single/gemma-3-4b-it/stage1_sweep_20260409_022631.json,
01_fvq_cvq,gemma-3-4b-it,Gemma-3,False,base,arbitrary_single,chat_template,5,10,FVQ,semantic,first,0.99,,0.97,1.0,,100,,0,0.99,"{""correct"": 99, ""intermediate_intrusion"": 1}",C,,raw,v3/results_vllm/arbitrary_single/gemma-3-4b-it/stage1_sweep_20260409_022631.json,
01_fvq_cvq,gemma-3-4b-it,Gemma-3,False,base,arbitrary_single,chat_template,5,15,CVQ,semantic,last,0.72,,0.6398,0.8,,100,,6,0.766,"{""correct"": 72, ""garbage"": 6, ""intermediate_intrusion"": 22}",C,,raw,v3/results_vllm/arbitrary_single/gemma-3-4b-it/stage1_sweep_20260409_022631.json,
01_fvq_cvq,gemma-3-4b-it,Gemma-3,False,base,arbitrary_single,chat_template,5,15,FVQ,semantic,first,1.0,,1.0,1.0,,100,,0,1.0,"{""correct"": 100}",C,,raw,v3/results_vllm/arbitrary_single/gemma-3-4b-it/stage1_sweep_20260409_022631.json,
01_fvq_cvq,gemma-3-4b-it,Gemma-3,False,base,arbitrary_single,chat_template,5,20,CVQ,semantic,last,0.82,,0.7498,0.89,,100,,6,0.8723,"{""correct"": 82, ""garbage"": 6, ""intermediate_intrusion"": 12}",B,,raw,v3/results_vllm/arbitrary_single/gemma-3-4b-it/stage1_sweep_20260409_022631.json,
01_fvq_cvq,gemma-3-4b-it,Gemma-3,False,base,arbitrary_single,chat_template,5,20,FVQ,semantic,first,0.99,,0.97,1.0,,100,,1,1.0,"{""correct"": 99, ""garbage"": 1}",B,,raw,v3/results_vllm/arbitrary_single/gemma-3-4b-it/stage1_sweep_20260409_022631.json,
01_fvq_cvq,gemma-3-4b-it,Gemma-3,False,base,arbitrary_single,chat_template,5,30,CVQ,semantic,last,0.71,,0.62,0.8,,100,,7,0.7634,"{""correct"": 71, ""garbage"": 7, ""intermediate_intrusion"": 22}",C,,raw,v3/results_vllm/arbitrary_single/gemma-3-4b-it/stage1_sweep_20260409_022631.json,
01_fvq_cvq,gemma-3-4b-it,Gemma-3,False,base,arbitrary_single,chat_template,5,30,FVQ,semantic,first,1.0,,1.0,1.0,,100,,0,1.0,"{""correct"": 100}",C,,raw,v3/results_vllm/arbitrary_single/gemma-3-4b-it/stage1_sweep_20260409_022631.json,
01_fvq_cvq,gemma-3-4b-it,Gemma-3,False,base,arbitrary_single,chat_template,5,50,CVQ,semantic,last,0.66,,0.57,0.75,,100,,8,0.7174,"{""correct"": 66, ""garbage"": 8, ""intermediate_intrusion"": 26}",C,,raw,v3/results_vllm/arbitrary_single/gemma-3-4b-it/stage1_sweep_20260409_022631.json,
01_fvq_cvq,gemma-3-4b-it,Gemma-3,False,base,arbitrary_single,chat_template,5,50,FVQ,semantic,first,1.0,,1.0,1.0,,100,,0,1.0,"{""correct"": 100}",C,,raw,v3/results_vllm/arbitrary_single/gemma-3-4b-it/stage1_sweep_20260409_022631.json,
01_fvq_cvq,gemma-3-4b-it,Gemma-3,False,base,arbitrary_single,chat_template,5,75,CVQ,semantic,last,0.53,,0.44,0.62,,100,,12,0.6023,"{""correct"": 53, ""garbage"": 12, ""intermediate_intrusion"": 35}",C,,raw,v3/results_vllm/arbitrary_single/gemma-3-4b-it/stage1_sweep_20260409_022631.json,
01_fvq_cvq,gemma-3-4b-it,Gemma-3,False,base,arbitrary_single,chat_template,5,75,FVQ,semantic,first,0.97,,0.93,1.0,,100,,0,0.97,"{""correct"": 97, ""intermediate_intrusion"": 3}",C,,raw,v3/results_vllm/arbitrary_single/gemma-3-4b-it/stage1_sweep_20260409_022631.json,
01_fvq_cvq,gemma-3-4b-it,Gemma-3,False,base,arbitrary_single,chat_template,5,100,CVQ,semantic,last,0.4,,0.3,0.5,,100,,8,0.4348,"{""correct"": 40, ""garbage"": 8, ""intermediate_intrusion"": 52}",C,,raw,v3/results_vllm/arbitrary_single/gemma-3-4b-it/stage1_sweep_20260409_022631.json,
01_fvq_cvq,gemma-3-4b-it,Gemma-3,False,base,arbitrary_single,chat_template,5,100,FVQ,semantic,first,0.96,,0.92,0.99,,100,,2,0.9796,"{""correct"": 96, ""garbage"": 2, ""intermediate_intrusion"": 2}",C,,raw,v3/results_vllm/arbitrary_single/gemma-3-4b-it/stage1_sweep_20260409_022631.json,
01_fvq_cvq,gemma-3-4b-it,Gemma-3,False,base,arbitrary_single,chat_template,7,5,CVQ,semantic,last,0.82,,0.74,0.89,,100,,1,0.8283,"{""correct"": 82, ""garbage"": 1, ""intermediate_intrusion"": 17}",B,,raw,v3/results_vllm/arbitrary_single/gemma-3-4b-it/stage1_sweep_20260409_022631.json,
01_fvq_cvq,gemma-3-4b-it,Gemma-3,False,base,arbitrary_single,chat_template,7,5,FVQ,semantic,first,1.0,,1.0,1.0,,100,,0,1.0,"{""correct"": 100}",B,,raw,v3/results_vllm/arbitrary_single/gemma-3-4b-it/stage1_sweep_20260409_022631.json,
01_fvq_cvq,gemma-3-4b-it,Gemma-3,False,base,arbitrary_single,chat_template,7,7,CVQ,semantic,last,0.85,,0.7798,0.91,,100,,2,0.8673,"{""correct"": 85, ""garbage"": 2, ""intermediate_intrusion"": 13}",B,,raw,v3/results_vllm/arbitrary_single/gemma-3-4b-it/stage1_sweep_20260409_022631.json,
01_fvq_cvq,gemma-3-4b-it,Gemma-3,False,base,arbitrary_single,chat_template,7,7,FVQ,semantic,first,1.0,,1.0,1.0,,100,,0,1.0,"{""correct"": 100}",B,,raw,v3/results_vllm/arbitrary_single/gemma-3-4b-it/stage1_sweep_20260409_022631.json,
01_fvq_cvq,gemma-3-4b-it,Gemma-3,False,base,arbitrary_single,chat_template,7,10,CVQ,semantic,last,0.78,,0.69,0.87,,100,,5,0.8211,"{""correct"": 78, ""garbage"": 5, ""intermediate_intrusion"": 17}",B,,raw,v3/results_vllm/arbitrary_single/gemma-3-4b-it/stage1_sweep_20260409_022631.json,
01_fvq_cvq,gemma-3-4b-it,Gemma-3,False,base,arbitrary_single,chat_template,7,10,FVQ,semantic,first,0.99,,0.97,1.0,,100,,0,0.99,"{""correct"": 99, ""intermediate_intrusion"": 1}",B,,raw,v3/results_vllm/arbitrary_single/gemma-3-4b-it/stage1_sweep_20260409_022631.json,
01_fvq_cvq,gemma-3-4b-it,Gemma-3,False,base,arbitrary_single,chat_template,7,15,CVQ,semantic,last,0.78,,0.7,0.86,,100,,6,0.8298,"{""correct"": 78, ""garbage"": 6, ""intermediate_intrusion"": 16}",B,,raw,v3/results_vllm/arbitrary_single/gemma-3-4b-it/stage1_sweep_20260409_022631.json,
01_fvq_cvq,gemma-3-4b-it,Gemma-3,False,base,arbitrary_single,chat_template,7,15,FVQ,semantic,first,0.99,,0.97,1.0,,100,,1,1.0,"{""correct"": 99, ""garbage"": 1}",B,,raw,v3/results_vllm/arbitrary_single/gemma-3-4b-it/stage1_sweep_20260409_022631.json,
01_fvq_cvq,gemma-3-4b-it,Gemma-3,False,base,arbitrary_single,chat_template,7,20,CVQ,semantic,last,0.71,,0.62,0.79,,100,,6,0.7553,"{""correct"": 71, ""garbage"": 6, ""intermediate_intrusion"": 23}",C,,raw,v3/results_vllm/arbitrary_single/gemma-3-4b-it/stage1_sweep_20260409_022631.json,
01_fvq_cvq,gemma-3-4b-it,Gemma-3,False,base,arbitrary_single,chat_template,7,20,FVQ,semantic,first,0.99,,0.97,1.0,,100,,1,1.0,"{""correct"": 99, ""garbage"": 1}",C,,raw,v3/results_vllm/arbitrary_single/gemma-3-4b-it/stage1_sweep_20260409_022631.json,
01_fvq_cvq,gemma-3-4b-it,Gemma-3,False,base,arbitrary_single,chat_template,7,30,CVQ,semantic,last,0.52,,0.42,0.62,,100,,4,0.5417,"{""correct"": 52, ""garbage"": 4, ""intermediate_intrusion"": 44}",C,,raw,v3/results_vllm/arbitrary_single/gemma-3-4b-it/stage1_sweep_20260409_022631.json,
01_fvq_cvq,gemma-3-4b-it,Gemma-3,False,base,arbitrary_single,chat_template,7,30,FVQ,semantic,first,0.95,,0.91,0.99,,100,,1,0.9596,"{""correct"": 95, ""garbage"": 1, ""intermediate_intrusion"": 4}",C,,raw,v3/results_vllm/arbitrary_single/gemma-3-4b-it/stage1_sweep_20260409_022631.json,
01_fvq_cvq,gemma-3-4b-it,Gemma-3,False,base,arbitrary_single,chat_template,7,50,CVQ,semantic,last,0.5,,0.4,0.6,,100,,11,0.5618,"{""correct"": 50, ""garbage"": 11, ""intermediate_intrusion"": 39}",C,,raw,v3/results_vllm/arbitrary_single/gemma-3-4b-it/stage1_sweep_20260409_022631.json,
01_fvq_cvq,gemma-3-4b-it,Gemma-3,False,base,arbitrary_single,chat_template,7,50,FVQ,semantic,first,0.95,,0.9,0.99,,100,,2,0.9694,"{""correct"": 95, ""garbage"": 2, ""intermediate_intrusion"": 3}",C,,raw,v3/results_vllm/arbitrary_single/gemma-3-4b-it/stage1_sweep_20260409_022631.json,
01_fvq_cvq,gemma-3-4b-it,Gemma-3,False,base,arbitrary_single,chat_template,7,75,CVQ,semantic,last,0.31,,0.22,0.4,,100,,17,0.3735,"{""correct"": 31, ""garbage"": 17, ""intermediate_intrusion"": 52}",C,,raw,v3/results_vllm/arbitrary_single/gemma-3-4b-it/stage1_sweep_20260409_022631.json,
01_fvq_cvq,gemma-3-4b-it,Gemma-3,False,base,arbitrary_single,chat_template,7,75,FVQ,semantic,first,0.93,,0.88,0.97,,100,,2,0.949,"{""correct"": 93, ""garbage"": 2, ""intermediate_intrusion"": 5}",C,,raw,v3/results_vllm/arbitrary_single/gemma-3-4b-it/stage1_sweep_20260409_022631.json,
01_fvq_cvq,gemma-3-4b-it,Gemma-3,False,base,arbitrary_single,chat_template,7,100,CVQ,semantic,last,0.17,,0.1,0.25,,100,,7,0.1828,"{""correct"": 17, ""garbage"": 7, ""intermediate_intrusion"": 76}",C,,raw,v3/results_vllm/arbitrary_single/gemma-3-4b-it/stage1_sweep_20260409_022631.json,
01_fvq_cvq,gemma-3-4b-it,Gemma-3,False,base,arbitrary_single,chat_template,7,100,FVQ,semantic,first,0.94,,0.9,0.98,,100,,1,0.9495,"{""correct"": 94, ""garbage"": 1, ""intermediate_intrusion"": 5}",C,,raw,v3/results_vllm/arbitrary_single/gemma-3-4b-it/stage1_sweep_20260409_022631.json,
01_fvq_cvq,gemma-3-4b-it,Gemma-3,False,base,arbitrary_single,chat_template,10,5,CVQ,semantic,last,0.9,,0.84,0.95,,100,,1,0.9091,"{""correct"": 90, ""garbage"": 1, ""intermediate_intrusion"": 9}",AB,,raw,v3/results_vllm/arbitrary_single/gemma-3-4b-it/stage1_sweep_20260409_022631.json,
01_fvq_cvq,gemma-3-4b-it,Gemma-3,False,base,arbitrary_single,chat_template,10,5,FVQ,semantic,first,1.0,,1.0,1.0,,100,,0,1.0,"{""correct"": 100}",AB,,raw,v3/results_vllm/arbitrary_single/gemma-3-4b-it/stage1_sweep_20260409_022631.json,
01_fvq_cvq,gemma-3-4b-it,Gemma-3,False,base,arbitrary_single,chat_template,10,7,CVQ,semantic,last,0.77,,0.69,0.85,,100,,4,0.8021,"{""correct"": 77, ""garbage"": 4, ""intermediate_intrusion"": 19}",B,,raw,v3/results_vllm/arbitrary_single/gemma-3-4b-it/stage1_sweep_20260409_022631.json,
01_fvq_cvq,gemma-3-4b-it,Gemma-3,False,base,arbitrary_single,chat_template,10,7,FVQ,semantic,first,1.0,,1.0,1.0,,100,,0,1.0,"{""correct"": 100}",B,,raw,v3/results_vllm/arbitrary_single/gemma-3-4b-it/stage1_sweep_20260409_022631.json,
01_fvq_cvq,gemma-3-4b-it,Gemma-3,False,base,arbitrary_single,chat_template,10,10,CVQ,semantic,last,0.71,,0.62,0.79,,100,,6,0.7553,"{""correct"": 71, ""garbage"": 6, ""intermediate_intrusion"": 23}",C,,raw,v3/results_vllm/arbitrary_single/gemma-3-4b-it/stage1_sweep_20260409_022631.json,
01_fvq_cvq,gemma-3-4b-it,Gemma-3,False,base,arbitrary_single,chat_template,10,10,FVQ,semantic,first,1.0,,1.0,1.0,,100,,0,1.0,"{""correct"": 100}",C,,raw,v3/results_vllm/arbitrary_single/gemma-3-4b-it/stage1_sweep_20260409_022631.json,
01_fvq_cvq,gemma-3-4b-it,Gemma-3,False,base,arbitrary_single,chat_template,10,15,CVQ,semantic,last,0.81,,0.73,0.89,,100,,4,0.8438,"{""correct"": 81, ""garbage"": 4, ""intermediate_intrusion"": 15}",B,,raw,v3/results_vllm/arbitrary_single/gemma-3-4b-it/stage1_sweep_20260409_022631.json,
01_fvq_cvq,gemma-3-4b-it,Gemma-3,False,base,arbitrary_single,chat_template,10,15,FVQ,semantic,first,0.99,,0.97,1.0,,100,,0,0.99,"{""correct"": 99, ""intermediate_intrusion"": 1}",B,,raw,v3/results_vllm/arbitrary_single/gemma-3-4b-it/stage1_sweep_20260409_022631.json,
01_fvq_cvq,gemma-3-4b-it,Gemma-3,False,base,arbitrary_single,chat_template,10,20,CVQ,semantic,last,0.55,,0.4598,0.65,,100,,2,0.5612,"{""correct"": 55, ""garbage"": 2, ""intermediate_intrusion"": 43}",C,,raw,v3/results_vllm/arbitrary_single/gemma-3-4b-it/stage1_sweep_20260409_022631.json,
01_fvq_cvq,gemma-3-4b-it,Gemma-3,False,base,arbitrary_single,chat_template,10,20,FVQ,semantic,first,0.99,,0.97,1.0,,100,,1,1.0,"{""correct"": 99, ""garbage"": 1}",C,,raw,v3/results_vllm/arbitrary_single/gemma-3-4b-it/stage1_sweep_20260409_022631.json,
01_fvq_cvq,gemma-3-4b-it,Gemma-3,False,base,arbitrary_single,chat_template,10,30,CVQ,semantic,last,0.46,,0.37,0.56,,100,,9,0.5055,"{""correct"": 46, ""garbage"": 9, ""intermediate_intrusion"": 45}",C,,raw,v3/results_vllm/arbitrary_single/gemma-3-4b-it/stage1_sweep_20260409_022631.json,
01_fvq_cvq,gemma-3-4b-it,Gemma-3,False,base,arbitrary_single,chat_template,10,30,FVQ,semantic,first,0.99,,0.97,1.0,,100,,0,0.99,"{""correct"": 99, ""intermediate_intrusion"": 1}",C,,raw,v3/results_vllm/arbitrary_single/gemma-3-4b-it/stage1_sweep_20260409_022631.json,
01_fvq_cvq,gemma-3-4b-it,Gemma-3,False,base,arbitrary_single,chat_template,10,50,CVQ,semantic,last,0.32,,0.23,0.41,,100,,7,0.3441,"{""correct"": 32, ""garbage"": 7, ""intermediate_intrusion"": 61}",C,,raw,v3/results_vllm/arbitrary_single/gemma-3-4b-it/stage1_sweep_20260409_022631.json,
01_fvq_cvq,gemma-3-4b-it,Gemma-3,False,base,arbitrary_single,chat_template,10,50,FVQ,semantic,first,0.93,,0.88,0.97,,100,,3,0.9588,"{""correct"": 93, ""garbage"": 3, ""intermediate_intrusion"": 3, ""recency_intrusion"": 1}",C,,raw,v3/results_vllm/arbitrary_single/gemma-3-4b-it/stage1_sweep_20260409_022631.json,
01_fvq_cvq,gemma-3-4b-it,Gemma-3,False,base,arbitrary_single,chat_template,10,75,CVQ,semantic,last,0.14,,0.08,0.21,,100,,6,0.1489,"{""correct"": 14, ""garbage"": 6, ""intermediate_intrusion"": 79, ""primacy_intrusion"": 1}",C,,raw,v3/results_vllm/arbitrary_single/gemma-3-4b-it/stage1_sweep_20260409_022631.json,
01_fvq_cvq,gemma-3-4b-it,Gemma-3,False,base,arbitrary_single,chat_template,10,75,FVQ,semantic,first,0.92,,0.86,0.97,,100,,2,0.9388,"{""correct"": 92, ""garbage"": 2, ""intermediate_intrusion"": 6}",C,,raw,v3/results_vllm/arbitrary_single/gemma-3-4b-it/stage1_sweep_20260409_022631.json,
01_fvq_cvq,gemma-3-4b-it,Gemma-3,False,base,arbitrary_single,chat_template,10,100,CVQ,semantic,last,0.1,,0.05,0.16,,100,,4,0.1042,"{""correct"": 10, ""garbage"": 4, ""intermediate_intrusion"": 86}",C,,raw,v3/results_vllm/arbitrary_single/gemma-3-4b-it/stage1_sweep_20260409_022631.json,
01_fvq_cvq,gemma-3-4b-it,Gemma-3,False,base,arbitrary_single,chat_template,10,100,FVQ,semantic,first,0.86,,0.79,0.92,,100,,4,0.8958,"{""correct"": 86, ""garbage"": 4, ""intermediate_intrusion"": 10}",C,,raw,v3/results_vllm/arbitrary_single/gemma-3-4b-it/stage1_sweep_20260409_022631.json,
01_fvq_cvq,gemma-3-4b-it,Gemma-3,False,base,arbitrary_single,chat_template,15,5,CVQ,semantic,last,0.8,,0.72,0.87,,100,,4,0.8333,"{""correct"": 80, ""garbage"": 4, ""intermediate_intrusion"": 16}",B,,raw,v3/results_vllm/arbitrary_single/gemma-3-4b-it/stage1_sweep_20260409_022631.json,
01_fvq_cvq,gemma-3-4b-it,Gemma-3,False,base,arbitrary_single,chat_template,15,5,FVQ,semantic,first,1.0,,1.0,1.0,,100,,0,1.0,"{""correct"": 100}",B,,raw,v3/results_vllm/arbitrary_single/gemma-3-4b-it/stage1_sweep_20260409_022631.json,
01_fvq_cvq,gemma-3-4b-it,Gemma-3,False,base,arbitrary_single,chat_template,15,7,CVQ,semantic,last,0.64,,0.55,0.73,,100,,7,0.6882,"{""correct"": 64, ""garbage"": 7, ""intermediate_intrusion"": 29}",C,,raw,v3/results_vllm/arbitrary_single/gemma-3-4b-it/stage1_sweep_20260409_022631.json,
01_fvq_cvq,gemma-3-4b-it,Gemma-3,False,base,arbitrary_single,chat_template,15,7,FVQ,semantic,first,0.97,,0.93,1.0,,100,,2,0.9898,"{""correct"": 97, ""garbage"": 2, ""intermediate_intrusion"": 1}",C,,raw,v3/results_vllm/arbitrary_single/gemma-3-4b-it/stage1_sweep_20260409_022631.json,
01_fvq_cvq,gemma-3-4b-it,Gemma-3,False,base,arbitrary_single,chat_template,15,10,CVQ,semantic,last,0.59,,0.4998,0.68,,100,,6,0.6277,"{""correct"": 59, ""garbage"": 6, ""intermediate_intrusion"": 35}",C,,raw,v3/results_vllm/arbitrary_single/gemma-3-4b-it/stage1_sweep_20260409_022631.json,
01_fvq_cvq,gemma-3-4b-it,Gemma-3,False,base,arbitrary_single,chat_template,15,10,FVQ,semantic,first,0.98,,0.95,1.0,,100,,1,0.9899,"{""correct"": 98, ""garbage"": 1, ""intermediate_intrusion"": 1}",C,,raw,v3/results_vllm/arbitrary_single/gemma-3-4b-it/stage1_sweep_20260409_022631.json,
01_fvq_cvq,gemma-3-4b-it,Gemma-3,False,base,arbitrary_single,chat_template,15,15,CVQ,semantic,last,0.44,,0.35,0.54,,100,,2,0.449,"{""correct"": 44, ""garbage"": 2, ""intermediate_intrusion"": 54}",C,,raw,v3/results_vllm/arbitrary_single/gemma-3-4b-it/stage1_sweep_20260409_022631.json,
01_fvq_cvq,gemma-3-4b-it,Gemma-3,False,base,arbitrary_single,chat_template,15,15,FVQ,semantic,first,0.95,,0.91,0.99,,100,,1,0.9596,"{""correct"": 95, ""garbage"": 1, ""intermediate_intrusion"": 4}",C,,raw,v3/results_vllm/arbitrary_single/gemma-3-4b-it/stage1_sweep_20260409_022631.json,
01_fvq_cvq,gemma-3-4b-it,Gemma-3,False,base,arbitrary_single,chat_template,15,20,CVQ,semantic,last,0.32,,0.23,0.42,,100,,7,0.3441,"{""correct"": 32, ""garbage"": 7, ""intermediate_intrusion"": 61}",C,,raw,v3/results_vllm/arbitrary_single/gemma-3-4b-it/stage1_sweep_20260409_022631.json,
01_fvq_cvq,gemma-3-4b-it,Gemma-3,False,base,arbitrary_single,chat_template,15,20,FVQ,semantic,first,0.92,,0.86,0.97,,100,,2,0.9388,"{""correct"": 92, ""garbage"": 2, ""intermediate_intrusion"": 6}",C,,raw,v3/results_vllm/arbitrary_single/gemma-3-4b-it/stage1_sweep_20260409_022631.json,
01_fvq_cvq,gemma-3-4b-it,Gemma-3,False,base,arbitrary_single,chat_template,15,30,CVQ,semantic,last,0.22,,0.14,0.3,,100,,7,0.2366,"{""correct"": 22, ""garbage"": 7, ""intermediate_intrusion"": 71}",C,,raw,v3/results_vllm/arbitrary_single/gemma-3-4b-it/stage1_sweep_20260409_022631.json,
01_fvq_cvq,gemma-3-4b-it,Gemma-3,False,base,arbitrary_single,chat_template,15,30,FVQ,semantic,first,0.92,,0.87,0.97,,100,,2,0.9388,"{""correct"": 92, ""garbage"": 2, ""intermediate_intrusion"": 6}",C,,raw,v3/results_vllm/arbitrary_single/gemma-3-4b-it/stage1_sweep_20260409_022631.json,
01_fvq_cvq,gemma-3-4b-it,Gemma-3,False,base,arbitrary_single,chat_template,15,50,CVQ,semantic,last,0.12,,0.06,0.18,,100,,2,0.1224,"{""correct"": 12, ""garbage"": 2, ""intermediate_intrusion"": 86}",C,,raw,v3/results_vllm/arbitrary_single/gemma-3-4b-it/stage1_sweep_20260409_022631.json,
01_fvq_cvq,gemma-3-4b-it,Gemma-3,False,base,arbitrary_single,chat_template,15,50,FVQ,semantic,first,0.85,,0.77,0.92,,100,,2,0.8673,"{""correct"": 85, ""garbage"": 2, ""intermediate_intrusion"": 13}",C,,raw,v3/results_vllm/arbitrary_single/gemma-3-4b-it/stage1_sweep_20260409_022631.json,
01_fvq_cvq,gemma-3-4b-it,Gemma-3,False,base,arbitrary_single,chat_template,15,75,CVQ,semantic,last,0.09,,0.04,0.15,,100,,5,0.0947,"{""correct"": 9, ""garbage"": 5, ""intermediate_intrusion"": 86}",C,,raw,v3/results_vllm/arbitrary_single/gemma-3-4b-it/stage1_sweep_20260409_022631.json,
01_fvq_cvq,gemma-3-4b-it,Gemma-3,False,base,arbitrary_single,chat_template,15,75,FVQ,semantic,first,0.82,,0.74,0.89,,100,,1,0.8283,"{""correct"": 82, ""garbage"": 1, ""intermediate_intrusion"": 16, ""recency_intrusion"": 1}",C,,raw,v3/results_vllm/arbitrary_single/gemma-3-4b-it/stage1_sweep_20260409_022631.json,
01_fvq_cvq,gemma-3-4b-it,Gemma-3,False,base,arbitrary_single,chat_template,15,100,CVQ,semantic,last,0.02,,0.0,0.05,,100,,2,0.0204,"{""correct"": 2, ""garbage"": 2, ""intermediate_intrusion"": 96}",C,,raw,v3/results_vllm/arbitrary_single/gemma-3-4b-it/stage1_sweep_20260409_022631.json,
01_fvq_cvq,gemma-3-4b-it,Gemma-3,False,base,arbitrary_single,chat_template,15,100,FVQ,semantic,first,0.85,,0.78,0.91,,100,,2,0.8673,"{""correct"": 85, ""garbage"": 2, ""intermediate_intrusion"": 13}",C,,raw,v3/results_vllm/arbitrary_single/gemma-3-4b-it/stage1_sweep_20260409_022631.json,
01_fvq_cvq,gemma-3-4b-it,Gemma-3,False,base,arbitrary_single,chat_template,20,5,CVQ,semantic,last,0.77,,0.68,0.85,,100,,3,0.7938,"{""correct"": 77, ""garbage"": 3, ""intermediate_intrusion"": 20}",B,,raw,v3/results_vllm/arbitrary_single/gemma-3-4b-it/stage1_sweep_20260409_022631.json,
01_fvq_cvq,gemma-3-4b-it,Gemma-3,False,base,arbitrary_single,chat_template,20,5,FVQ,semantic,first,0.92,,0.86,0.97,,100,,4,0.9583,"{""correct"": 92, ""garbage"": 4, ""intermediate_intrusion"": 4}",B,,raw,v3/results_vllm/arbitrary_single/gemma-3-4b-it/stage1_sweep_20260409_022631.json,
01_fvq_cvq,gemma-3-4b-it,Gemma-3,False,base,arbitrary_single,chat_template,20,7,CVQ,semantic,last,0.7,,0.61,0.79,,100,,5,0.7368,"{""correct"": 70, ""garbage"": 5, ""intermediate_intrusion"": 25}",C,,raw,v3/results_vllm/arbitrary_single/gemma-3-4b-it/stage1_sweep_20260409_022631.json,
01_fvq_cvq,gemma-3-4b-it,Gemma-3,False,base,arbitrary_single,chat_template,20,7,FVQ,semantic,first,0.99,,0.97,1.0,,100,,0,0.99,"{""correct"": 99, ""intermediate_intrusion"": 1}",C,,raw,v3/results_vllm/arbitrary_single/gemma-3-4b-it/stage1_sweep_20260409_022631.json,
01_fvq_cvq,gemma-3-4b-it,Gemma-3,False,base,arbitrary_single,chat_template,20,10,CVQ,semantic,last,0.36,,0.27,0.46,,100,,2,0.3673,"{""correct"": 36, ""garbage"": 2, ""intermediate_intrusion"": 62}",C,,raw,v3/results_vllm/arbitrary_single/gemma-3-4b-it/stage1_sweep_20260409_022631.json,
01_fvq_cvq,gemma-3-4b-it,Gemma-3,False,base,arbitrary_single,chat_template,20,10,FVQ,semantic,first,0.96,,0.92,0.99,,100,,2,0.9796,"{""correct"": 96, ""garbage"": 2, ""intermediate_intrusion"": 2}",C,,raw,v3/results_vllm/arbitrary_single/gemma-3-4b-it/stage1_sweep_20260409_022631.json,
01_fvq_cvq,gemma-3-4b-it,Gemma-3,False,base,arbitrary_single,chat_template,20,15,CVQ,semantic,last,0.32,,0.23,0.41,,100,,3,0.3299,"{""correct"": 32, ""garbage"": 3, ""intermediate_intrusion"": 65}",C,,raw,v3/results_vllm/arbitrary_single/gemma-3-4b-it/stage1_sweep_20260409_022631.json,
01_fvq_cvq,gemma-3-4b-it,Gemma-3,False,base,arbitrary_single,chat_template,20,15,FVQ,semantic,first,0.95,,0.9,0.99,,100,,1,0.9596,"{""correct"": 95, ""garbage"": 1, ""intermediate_intrusion"": 4}",C,,raw,v3/results_vllm/arbitrary_single/gemma-3-4b-it/stage1_sweep_20260409_022631.json,
01_fvq_cvq,gemma-3-4b-it,Gemma-3,False,base,arbitrary_single,chat_template,20,20,CVQ,semantic,last,0.22,,0.14,0.31,,100,,6,0.234,"{""correct"": 22, ""garbage"": 6, ""intermediate_intrusion"": 72}",C,,raw,v3/results_vllm/arbitrary_single/gemma-3-4b-it/stage1_sweep_20260409_022631.json,
01_fvq_cvq,gemma-3-4b-it,Gemma-3,False,base,arbitrary_single,chat_template,20,20,FVQ,semantic,first,0.89,,0.83,0.95,,100,,2,0.9082,"{""correct"": 89, ""garbage"": 2, ""intermediate_intrusion"": 9}",C,,raw,v3/results_vllm/arbitrary_single/gemma-3-4b-it/stage1_sweep_20260409_022631.json,
01_fvq_cvq,gemma-3-4b-it,Gemma-3,False,base,arbitrary_single,chat_template,20,30,CVQ,semantic,last,0.16,,0.09,0.23,,100,,1,0.1616,"{""correct"": 16, ""garbage"": 1, ""intermediate_intrusion"": 83}",C,,raw,v3/results_vllm/arbitrary_single/gemma-3-4b-it/stage1_sweep_20260409_022631.json,
01_fvq_cvq,gemma-3-4b-it,Gemma-3,False,base,arbitrary_single,chat_template,20,30,FVQ,semantic,first,0.83,,0.75,0.9,,100,,5,0.8737,"{""correct"": 83, ""garbage"": 5, ""intermediate_intrusion"": 12}",C,,raw,v3/results_vllm/arbitrary_single/gemma-3-4b-it/stage1_sweep_20260409_022631.json,
01_fvq_cvq,gemma-3-4b-it,Gemma-3,False,base,arbitrary_single,chat_template,20,50,CVQ,semantic,last,0.08,,0.03,0.14,,100,,3,0.0825,"{""correct"": 8, ""garbage"": 3, ""intermediate_intrusion"": 88, ""primacy_intrusion"": 1}",C,,raw,v3/results_vllm/arbitrary_single/gemma-3-4b-it/stage1_sweep_20260409_022631.json,
01_fvq_cvq,gemma-3-4b-it,Gemma-3,False,base,arbitrary_single,chat_template,20,50,FVQ,semantic,first,0.85,,0.78,0.92,,100,,4,0.8854,"{""correct"": 85, ""garbage"": 4, ""intermediate_intrusion"": 11}",C,,raw,v3/results_vllm/arbitrary_single/gemma-3-4b-it/stage1_sweep_20260409_022631.json,
01_fvq_cvq,gemma-3-4b-it,Gemma-3,False,base,arbitrary_single,chat_template,20,75,CVQ,semantic,last,0.07,,0.03,0.12,,100,,2,0.0714,"{""correct"": 7, ""garbage"": 2, ""intermediate_intrusion"": 91}",C,,raw,v3/results_vllm/arbitrary_single/gemma-3-4b-it/stage1_sweep_20260409_022631.json,
01_fvq_cvq,gemma-3-4b-it,Gemma-3,False,base,arbitrary_single,chat_template,20,75,FVQ,semantic,first,0.85,,0.77,0.92,,100,,2,0.8673,"{""correct"": 85, ""garbage"": 2, ""intermediate_intrusion"": 12, ""recency_intrusion"": 1}",C,,raw,v3/results_vllm/arbitrary_single/gemma-3-4b-it/stage1_sweep_20260409_022631.json,
01_fvq_cvq,gemma-3-4b-it,Gemma-3,False,base,arbitrary_single,chat_template,25,5,CVQ,semantic,last,0.7,,0.61,0.79,,100,,4,0.7292,"{""correct"": 70, ""garbage"": 4, ""intermediate_intrusion"": 26}",C,,raw,v3/results_vllm/arbitrary_single/gemma-3-4b-it/stage1_sweep_20260409_022631.json,
01_fvq_cvq,gemma-3-4b-it,Gemma-3,False,base,arbitrary_single,chat_template,25,5,FVQ,semantic,first,0.97,,0.93,1.0,,100,,3,1.0,"{""correct"": 97, ""garbage"": 3}",C,,raw,v3/results_vllm/arbitrary_single/gemma-3-4b-it/stage1_sweep_20260409_022631.json,
01_fvq_cvq,gemma-3-4b-it,Gemma-3,False,base,arbitrary_single,chat_template,25,7,CVQ,semantic,last,0.55,,0.45,0.65,,100,,1,0.5556,"{""correct"": 55, ""garbage"": 1, ""intermediate_intrusion"": 44}",C,,raw,v3/results_vllm/arbitrary_single/gemma-3-4b-it/stage1_sweep_20260409_022631.json,
01_fvq_cvq,gemma-3-4b-it,Gemma-3,False,base,arbitrary_single,chat_template,25,7,FVQ,semantic,first,0.96,,0.92,0.99,,100,,1,0.9697,"{""correct"": 96, ""garbage"": 1, ""intermediate_intrusion"": 3}",C,,raw,v3/results_vllm/arbitrary_single/gemma-3-4b-it/stage1_sweep_20260409_022631.json,
01_fvq_cvq,gemma-3-4b-it,Gemma-3,False,base,arbitrary_single,chat_template,25,10,CVQ,semantic,last,0.32,,0.23,0.41,,100,,2,0.3265,"{""correct"": 32, ""garbage"": 2, ""intermediate_intrusion"": 66}",C,,raw,v3/results_vllm/arbitrary_single/gemma-3-4b-it/stage1_sweep_20260409_022631.json,
01_fvq_cvq,gemma-3-4b-it,Gemma-3,False,base,arbitrary_single,chat_template,25,10,FVQ,semantic,first,0.95,,0.9,0.99,,100,,1,0.9596,"{""correct"": 95, ""garbage"": 1, ""intermediate_intrusion"": 4}",C,,raw,v3/results_vllm/arbitrary_single/gemma-3-4b-it/stage1_sweep_20260409_022631.json,
01_fvq_cvq,gemma-3-4b-it,Gemma-3,False,base,arbitrary_single,chat_template,25,15,CVQ,semantic,last,0.13,,0.07,0.2,,100,,2,0.1327,"{""correct"": 13, ""garbage"": 2, ""intermediate_intrusion"": 83, ""primacy_intrusion"": 2}",C,,raw,v3/results_vllm/arbitrary_single/gemma-3-4b-it/stage1_sweep_20260409_022631.json,
01_fvq_cvq,gemma-3-4b-it,Gemma-3,False,base,arbitrary_single,chat_template,25,15,FVQ,semantic,first,0.88,,0.81,0.94,,100,,3,0.9072,"{""correct"": 88, ""garbage"": 3, ""intermediate_intrusion"": 9}",C,,raw,v3/results_vllm/arbitrary_single/gemma-3-4b-it/stage1_sweep_20260409_022631.json,
01_fvq_cvq,gemma-3-4b-it,Gemma-3,False,base,arbitrary_single,chat_template,25,20,CVQ,semantic,last,0.12,,0.06,0.19,,100,,2,0.1224,"{""correct"": 12, ""garbage"": 2, ""intermediate_intrusion"": 86}",C,,raw,v3/results_vllm/arbitrary_single/gemma-3-4b-it/stage1_sweep_20260409_022631.json,
01_fvq_cvq,gemma-3-4b-it,Gemma-3,False,base,arbitrary_single,chat_template,25,20,FVQ,semantic,first,0.8,,0.72,0.87,,100,,5,0.8421,"{""correct"": 80, ""garbage"": 5, ""intermediate_intrusion"": 15}",C,,raw,v3/results_vllm/arbitrary_single/gemma-3-4b-it/stage1_sweep_20260409_022631.json,
01_fvq_cvq,gemma-3-4b-it,Gemma-3,False,base,arbitrary_single,chat_template,25,30,CVQ,semantic,last,0.04,,0.01,0.08,,100,,3,0.0412,"{""correct"": 4, ""garbage"": 3, ""intermediate_intrusion"": 92, ""primacy_intrusion"": 1}",C,,raw,v3/results_vllm/arbitrary_single/gemma-3-4b-it/stage1_sweep_20260409_022631.json,
01_fvq_cvq,gemma-3-4b-it,Gemma-3,False,base,arbitrary_single,chat_template,25,30,FVQ,semantic,first,0.86,,0.79,0.92,,100,,3,0.8866,"{""correct"": 86, ""garbage"": 3, ""intermediate_intrusion"": 11}",C,,raw,v3/results_vllm/arbitrary_single/gemma-3-4b-it/stage1_sweep_20260409_022631.json,
01_fvq_cvq,gemma-3-4b-it,Gemma-3,False,base,arbitrary_single,chat_template,25,50,CVQ,semantic,last,0.09,,0.04,0.15,,100,,5,0.0947,"{""correct"": 9, ""garbage"": 5, ""intermediate_intrusion"": 83, ""primacy_intrusion"": 3}",C,,raw,v3/results_vllm/arbitrary_single/gemma-3-4b-it/stage1_sweep_20260409_022631.json,
01_fvq_cvq,gemma-3-4b-it,Gemma-3,False,base,arbitrary_single,chat_template,25,50,FVQ,semantic,first,0.81,,0.73,0.88,,100,,4,0.8438,"{""correct"": 81, ""garbage"": 4, ""intermediate_intrusion"": 15}",C,,raw,v3/results_vllm/arbitrary_single/gemma-3-4b-it/stage1_sweep_20260409_022631.json,
01_fvq_cvq,gemma-3-4b-it,Gemma-3,False,base,arbitrary_single,chat_template,30,5,CVQ,semantic,last,0.49,,0.39,0.59,,100,,3,0.5052,"{""correct"": 49, ""garbage"": 3, ""intermediate_intrusion"": 48}",C,,raw,v3/results_vllm/arbitrary_single/gemma-3-4b-it/stage1_sweep_20260409_022631.json,
01_fvq_cvq,gemma-3-4b-it,Gemma-3,False,base,arbitrary_single,chat_template,30,5,FVQ,semantic,first,0.98,,0.95,1.0,,100,,1,0.9899,"{""correct"": 98, ""garbage"": 1, ""intermediate_intrusion"": 1}",C,,raw,v3/results_vllm/arbitrary_single/gemma-3-4b-it/stage1_sweep_20260409_022631.json,
01_fvq_cvq,gemma-3-4b-it,Gemma-3,False,base,arbitrary_single,chat_template,30,7,CVQ,semantic,last,0.39,,0.3,0.49,,100,,0,0.39,"{""correct"": 39, ""intermediate_intrusion"": 61}",C,,raw,v3/results_vllm/arbitrary_single/gemma-3-4b-it/stage1_sweep_20260409_022631.json,
01_fvq_cvq,gemma-3-4b-it,Gemma-3,False,base,arbitrary_single,chat_template,30,7,FVQ,semantic,first,0.94,,0.89,0.98,,100,,3,0.9691,"{""correct"": 94, ""garbage"": 3, ""intermediate_intrusion"": 3}",C,,raw,v3/results_vllm/arbitrary_single/gemma-3-4b-it/stage1_sweep_20260409_022631.json,
01_fvq_cvq,gemma-3-4b-it,Gemma-3,False,base,arbitrary_single,chat_template,30,10,CVQ,semantic,last,0.21,,0.13,0.29,,100,,1,0.2121,"{""correct"": 21, ""garbage"": 1, ""intermediate_intrusion"": 75, ""primacy_intrusion"": 3}",C,,raw,v3/results_vllm/arbitrary_single/gemma-3-4b-it/stage1_sweep_20260409_022631.json,
01_fvq_cvq,gemma-3-4b-it,Gemma-3,False,base,arbitrary_single,chat_template,30,10,FVQ,semantic,first,0.94,,0.89,0.98,,100,,1,0.9495,"{""correct"": 94, ""garbage"": 1, ""intermediate_intrusion"": 5}",C,,raw,v3/results_vllm/arbitrary_single/gemma-3-4b-it/stage1_sweep_20260409_022631.json,
01_fvq_cvq,gemma-3-4b-it,Gemma-3,False,base,arbitrary_single,chat_template,30,15,CVQ,semantic,last,0.16,,0.09,0.24,,100,,2,0.1633,"{""correct"": 16, ""garbage"": 2, ""intermediate_intrusion"": 82}",C,,raw,v3/results_vllm/arbitrary_single/gemma-3-4b-it/stage1_sweep_20260409_022631.json,
01_fvq_cvq,gemma-3-4b-it,Gemma-3,False,base,arbitrary_single,chat_template,30,15,FVQ,semantic,first,0.83,,0.75,0.9,,100,,6,0.883,"{""correct"": 83, ""garbage"": 6, ""intermediate_intrusion"": 10, ""recency_intrusion"": 1}",C,,raw,v3/results_vllm/arbitrary_single/gemma-3-4b-it/stage1_sweep_20260409_022631.json,
01_fvq_cvq,gemma-3-4b-it,Gemma-3,False,base,arbitrary_single,chat_template,30,20,CVQ,semantic,last,0.09,,0.04,0.15,,100,,2,0.0918,"{""correct"": 9, ""garbage"": 2, ""intermediate_intrusion"": 86, ""primacy_intrusion"": 3}",C,,raw,v3/results_vllm/arbitrary_single/gemma-3-4b-it/stage1_sweep_20260409_022631.json,
01_fvq_cvq,gemma-3-4b-it,Gemma-3,False,base,arbitrary_single,chat_template,30,20,FVQ,semantic,first,0.89,,0.83,0.95,,100,,3,0.9175,"{""correct"": 89, ""garbage"": 3, ""intermediate_intrusion"": 7, ""recency_intrusion"": 1}",C,,raw,v3/results_vllm/arbitrary_single/gemma-3-4b-it/stage1_sweep_20260409_022631.json,
01_fvq_cvq,gemma-3-4b-it,Gemma-3,False,base,arbitrary_single,chat_template,30,30,CVQ,semantic,last,0.04,,0.01,0.0802,,100,,1,0.0404,"{""correct"": 4, ""garbage"": 1, ""intermediate_intrusion"": 89, ""primacy_intrusion"": 6}",C,,raw,v3/results_vllm/arbitrary_single/gemma-3-4b-it/stage1_sweep_20260409_022631.json,
01_fvq_cvq,gemma-3-4b-it,Gemma-3,False,base,arbitrary_single,chat_template,30,30,FVQ,semantic,first,0.91,,0.85,0.96,,100,,1,0.9192,"{""correct"": 91, ""garbage"": 1, ""intermediate_intrusion"": 8}",C,,raw,v3/results_vllm/arbitrary_single/gemma-3-4b-it/stage1_sweep_20260409_022631.json,
01_fvq_cvq,gemma-3-4b-it,Gemma-3,False,base,arbitrary_single,chat_template,30,50,CVQ,semantic,last,0.06,,0.02,0.11,,100,,0,0.06,"{""correct"": 6, ""intermediate_intrusion"": 90, ""primacy_intrusion"": 4}",C,,raw,v3/results_vllm/arbitrary_single/gemma-3-4b-it/stage1_sweep_20260409_022631.json,
01_fvq_cvq,gemma-3-4b-it,Gemma-3,False,base,arbitrary_single,chat_template,30,50,FVQ,semantic,first,0.87,,0.8,0.93,,100,,3,0.8969,"{""correct"": 87, ""garbage"": 3, ""intermediate_intrusion"": 10}",C,,raw,v3/results_vllm/arbitrary_single/gemma-3-4b-it/stage1_sweep_20260409_022631.json,
01_fvq_cvq,gemma-3-4b-it,Gemma-3,False,base,semantic_multi,,2,10,FVQ-CVQ,semantic,,,0.17,,,0.08,,,,,,,,derived,paper/figures/tab_full_sem.tex,gap only — per-condition accuracies not preserved in the .tex; raw sweep not local
01_fvq_cvq,gemma-3-4b-it,Gemma-3,False,base,semantic_multi,,5,30,CVQ,semantic,last,0.68,,,,0.09,,,,,,,,derived,paper/figures/tab2_openweight.tex,back-extracted from committed paper table; raw sweep v3/results_vllm/semantic_multi/ not local
01_fvq_cvq,gemma-3-4b-it,Gemma-3,False,base,semantic_multi,,5,30,FVQ,semantic,first,0.97,,,,0.04,,,,,,,,derived,paper/figures/tab2_openweight.tex,back-extracted from committed paper table; raw sweep v3/results_vllm/semantic_multi/ not local
01_fvq_cvq,gemma-3-4b-it,Gemma-3,False,base,semantic_multi,,5,30,FVQ-CVQ,semantic,,,0.29,,,0.1,,,,,,,,derived,paper/figures/tab_full_sem.tex,gap only — per-condition accuracies not preserved in the .tex; raw sweep not local
01_fvq_cvq,gemma-3-4b-it,Gemma-3,False,base,semantic_multi,,10,50,FVQ-CVQ,semantic,,,0.41,,,0.12,,,,,,,,derived,paper/figures/tab_full_sem.tex,gap only — per-condition accuracies not preserved in the .tex; raw sweep not local
01_fvq_cvq,gemma-3-4b-it,Gemma-3,False,base,semantic_multi,,20,50,FVQ-CVQ,semantic,,,0.55,,,0.11,,,,,,,,derived,paper/figures/tab_full_sem.tex,gap only — per-condition accuracies not preserved in the .tex; raw sweep not local
01_fvq_cvq,claude-4.5-haiku,Claude-4.5,True,base,semantic_multi,,1,1,CVQ,semantic,last,1.0,,1.0,1.0,,40,,,,,,,raw,experiments_cloud/results/proprietary_semantic_multi.csv,upstream source_file: experiments_cloud/results/semantic_k1/claude-haiku/sweep_full_20260519_144025.json
01_fvq_cvq,claude-4.5-haiku,Claude-4.5,True,base,semantic_multi,,1,1,FVQ,semantic,first,1.0,,1.0,1.0,,40,,,,,,,raw,experiments_cloud/results/proprietary_semantic_multi.csv,upstream source_file: experiments_cloud/results/semantic_k1/claude-haiku/sweep_full_20260519_144025.json
01_fvq_cvq,claude-4.5-haiku,Claude-4.5,True,base,semantic_multi,,1,5,CVQ,semantic,last,0.9375,,0.8872,0.9875,,80,,,,,,,raw,experiments_cloud/results/proprietary_semantic_multi.csv,upstream source_file: experiments_cloud/results/semantic_k1/claude-haiku/sweep_full_20260519_144025.json
01_fvq_cvq,claude-4.5-haiku,Claude-4.5,True,base,semantic_multi,,1,5,FVQ,semantic,first,1.0,,1.0,1.0,,80,,,,,,,raw,experiments_cloud/results/proprietary_semantic_multi.csv,upstream source_file: experiments_cloud/results/semantic_k1/claude-haiku/sweep_full_20260519_144025.json
01_fvq_cvq,claude-4.5-haiku,Claude-4.5,True,base,semantic_multi,,1,10,CVQ,semantic,last,0.9625,,0.9125,1.0,,80,,,,,,,raw,experiments_cloud/results/proprietary_semantic_multi.csv,upstream source_file: experiments_cloud/results/semantic_k1/claude-haiku/sweep_full_20260519_144025.json
01_fvq_cvq,claude-4.5-haiku,Claude-4.5,True,base,semantic_multi,,1,10,FVQ,semantic,first,1.0,,1.0,1.0,,80,,,,,,,raw,experiments_cloud/results/proprietary_semantic_multi.csv,upstream source_file: experiments_cloud/results/semantic_k1/claude-haiku/sweep_full_20260519_144025.json
01_fvq_cvq,claude-4.5-haiku,Claude-4.5,True,base,semantic_multi,,1,15,CVQ,semantic,last,0.8875,,0.8125,0.95,,80,,,,,,,raw,experiments_cloud/results/proprietary_semantic_multi.csv,upstream source_file: experiments_cloud/results/semantic_k1/claude-haiku/sweep_full_20260519_144025.json
01_fvq_cvq,claude-4.5-haiku,Claude-4.5,True,base,semantic_multi,,1,15,FVQ,semantic,first,1.0,,1.0,1.0,,80,,,,,,,raw,experiments_cloud/results/proprietary_semantic_multi.csv,upstream source_file: experiments_cloud/results/semantic_k1/claude-haiku/sweep_full_20260519_144025.json
01_fvq_cvq,claude-4.5-haiku,Claude-4.5,True,base,semantic_multi,,1,20,CVQ,semantic,last,0.975,,0.925,1.0,,40,,,,,,,raw,experiments_cloud/results/proprietary_semantic_multi.csv,upstream source_file: experiments_cloud/results/semantic_k1/claude-haiku/sweep_full_20260519_144025.json
01_fvq_cvq,claude-4.5-haiku,Claude-4.5,True,base,semantic_multi,,1,20,FVQ,semantic,first,1.0,,1.0,1.0,,40,,,,,,,raw,experiments_cloud/results/proprietary_semantic_multi.csv,upstream source_file: experiments_cloud/results/semantic_k1/claude-haiku/sweep_full_20260519_144025.json
01_fvq_cvq,claude-4.5-haiku,Claude-4.5,True,base,semantic_multi,,1,30,CVQ,semantic,last,0.975,,0.925,1.0,,40,,,,,,,raw,experiments_cloud/results/proprietary_semantic_multi.csv,upstream source_file: experiments_cloud/results/semantic_k1/claude-haiku/sweep_full_20260519_144025.json
01_fvq_cvq,claude-4.5-haiku,Claude-4.5,True,base,semantic_multi,,1,30,FVQ,semantic,first,1.0,,1.0,1.0,,40,,,,,,,raw,experiments_cloud/results/proprietary_semantic_multi.csv,upstream source_file: experiments_cloud/results/semantic_k1/claude-haiku/sweep_full_20260519_144025.json
01_fvq_cvq,claude-4.5-haiku,Claude-4.5,True,base,semantic_multi,,1,50,CVQ,semantic,last,1.0,,1.0,1.0,,40,,,,,,,raw,experiments_cloud/results/proprietary_semantic_multi.csv,upstream source_file: experiments_cloud/results/semantic_k1/claude-haiku/sweep_full_20260519_144025.json
01_fvq_cvq,claude-4.5-haiku,Claude-4.5,True,base,semantic_multi,,1,50,FVQ,semantic,first,1.0,,1.0,1.0,,40,,,,,,,raw,experiments_cloud/results/proprietary_semantic_multi.csv,upstream source_file: experiments_cloud/results/semantic_k1/claude-haiku/sweep_full_20260519_144025.json
01_fvq_cvq,claude-4.5-haiku,Claude-4.5,True,base,semantic_multi,,2,1,CVQ,semantic,last,1.0,,1.0,1.0,,200,,,,,,,raw,experiments_cloud/results/proprietary_semantic_multi.csv,upstream source_file: experiments_cloud/results/semantic/claude-4.5-haiku/sweep_full_20260301_132042.json
01_fvq_cvq,claude-4.5-haiku,Claude-4.5,True,base,semantic_multi,,2,1,FVQ,semantic,first,1.0,,1.0,1.0,,200,,,,,,,raw,experiments_cloud/results/proprietary_semantic_multi.csv,upstream source_file: experiments_cloud/results/semantic/claude-4.5-haiku/sweep_full_20260301_132042.json
01_fvq_cvq,claude-4.5-haiku,Claude-4.5,True,base,semantic_multi,,2,5,CVQ,semantic,last,0.99,,0.975,1.0,,200,,,,,,,raw,experiments_cloud/results/proprietary_semantic_multi.csv,upstream source_file: experiments_cloud/results/semantic/claude-4.5-haiku/sweep_full_20260301_132042.json
01_fvq_cvq,claude-4.5-haiku,Claude-4.5,True,base,semantic_multi,,2,5,FVQ,semantic,first,0.995,,0.985,1.0,,200,,,,,,,raw,experiments_cloud/results/proprietary_semantic_multi.csv,upstream source_file: experiments_cloud/results/semantic/claude-4.5-haiku/sweep_full_20260301_132042.json
01_fvq_cvq,claude-4.5-haiku,Claude-4.5,True,base,semantic_multi,,2,10,CVQ,semantic,last,0.985,,0.965,1.0,,200,,,,,,,raw,experiments_cloud/results/proprietary_semantic_multi.csv,upstream source_file: experiments_cloud/results/semantic/claude-4.5-haiku/sweep_full_20260301_132042.json
01_fvq_cvq,claude-4.5-haiku,Claude-4.5,True,base,semantic_multi,,2,10,FVQ,semantic,first,0.995,,0.985,1.0,,200,,,,,,,raw,experiments_cloud/results/proprietary_semantic_multi.csv,upstream source_file: experiments_cloud/results/semantic/claude-4.5-haiku/sweep_full_20260301_132042.json
01_fvq_cvq,claude-4.5-haiku,Claude-4.5,True,base,semantic_multi,,2,15,CVQ,semantic,last,0.98,,0.955,0.995,,200,,,,,,,raw,experiments_cloud/results/proprietary_semantic_multi.csv,upstream source_file: experiments_cloud/results/semantic/claude-4.5-haiku/sweep_full_20260301_132042.json
01_fvq_cvq,claude-4.5-haiku,Claude-4.5,True,base,semantic_multi,,2,15,FVQ,semantic,first,0.995,,0.985,1.0,,200,,,,,,,raw,experiments_cloud/results/proprietary_semantic_multi.csv,upstream source_file: experiments_cloud/results/semantic/claude-4.5-haiku/sweep_full_20260301_132042.json
01_fvq_cvq,claude-4.5-haiku,Claude-4.5,True,base,semantic_multi,,2,20,CVQ,semantic,last,0.985,,0.965,1.0,,200,,,,,,,raw,experiments_cloud/results/proprietary_semantic_multi.csv,upstream source_file: experiments_cloud/results/semantic/claude-4.5-haiku/sweep_full_20260301_132042.json
01_fvq_cvq,claude-4.5-haiku,Claude-4.5,True,base,semantic_multi,,2,20,FVQ,semantic,first,1.0,,1.0,1.0,,200,,,,,,,raw,experiments_cloud/results/proprietary_semantic_multi.csv,upstream source_file: experiments_cloud/results/semantic/claude-4.5-haiku/sweep_full_20260301_132042.json
01_fvq_cvq,claude-4.5-haiku,Claude-4.5,True,base,semantic_multi,,2,30,CVQ,semantic,last,0.99,,0.975,1.0,,200,,,,,,,raw,experiments_cloud/results/proprietary_semantic_multi.csv,upstream source_file: experiments_cloud/results/semantic/claude-4.5-haiku/sweep_full_20260301_132042.json
01_fvq_cvq,claude-4.5-haiku,Claude-4.5,True,base,semantic_multi,,2,30,FVQ,semantic,first,0.995,,0.985,1.0,,200,,,,,,,raw,experiments_cloud/results/proprietary_semantic_multi.csv,upstream source_file: experiments_cloud/results/semantic/claude-4.5-haiku/sweep_full_20260301_132042.json
01_fvq_cvq,claude-4.5-haiku,Claude-4.5,True,base,semantic_multi,,2,50,CVQ,semantic,last,0.975,,0.95,0.995,,200,,,,,,,raw,experiments_cloud/results/proprietary_semantic_multi.csv,upstream source_file: experiments_cloud/results/semantic/claude-4.5-haiku/sweep_full_20260301_132042.json
01_fvq_cvq,claude-4.5-haiku,Claude-4.5,True,base,semantic_multi,,2,50,FVQ,semantic,first,1.0,,1.0,1.0,,200,,,,,,,raw,experiments_cloud/results/proprietary_semantic_multi.csv,upstream source_file: experiments_cloud/results/semantic/claude-4.5-haiku/sweep_full_20260301_132042.json
01_fvq_cvq,claude-4.5-haiku,Claude-4.5,True,base,semantic_multi,,5,1,CVQ,semantic,last,1.0,,1.0,1.0,,200,,,,,,,raw,experiments_cloud/results/proprietary_semantic_multi.csv,upstream source_file: experiments_cloud/results/semantic/claude-4.5-haiku/sweep_full_20260301_132042.json
01_fvq_cvq,claude-4.5-haiku,Claude-4.5,True,base,semantic_multi,,5,1,FVQ,semantic,first,0.995,,0.985,1.0,,200,,,,,,,raw,experiments_cloud/results/proprietary_semantic_multi.csv,upstream source_file: experiments_cloud/results/semantic/claude-4.5-haiku/sweep_full_20260301_132042.json
01_fvq_cvq,claude-4.5-haiku,Claude-4.5,True,base,semantic_multi,,5,5,CVQ,semantic,last,0.97,,0.945,0.99,,200,,,,,,,raw,experiments_cloud/results/proprietary_semantic_multi.csv,upstream source_file: experiments_cloud/results/semantic/claude-4.5-haiku/sweep_full_20260301_132042.json
01_fvq_cvq,claude-4.5-haiku,Claude-4.5,True,base,semantic_multi,,5,5,FVQ,semantic,first,1.0,,1.0,1.0,,200,,,,,,,raw,experiments_cloud/results/proprietary_semantic_multi.csv,upstream source_file: experiments_cloud/results/semantic/claude-4.5-haiku/sweep_full_20260301_132042.json
01_fvq_cvq,claude-4.5-haiku,Claude-4.5,True,base,semantic_multi,,5,10,CVQ,semantic,last,0.915,,0.87,0.95,,200,,,,,,,raw,experiments_cloud/results/proprietary_semantic_multi.csv,upstream source_file: experiments_cloud/results/semantic/claude-4.5-haiku/sweep_full_20260301_132042.json
01_fvq_cvq,claude-4.5-haiku,Claude-4.5,True,base,semantic_multi,,5,10,FVQ,semantic,first,1.0,,1.0,1.0,,200,,,,,,,raw,experiments_cloud/results/proprietary_semantic_multi.csv,upstream source_file: experiments_cloud/results/semantic/claude-4.5-haiku/sweep_full_20260301_132042.json
01_fvq_cvq,claude-4.5-haiku,Claude-4.5,True,base,semantic_multi,,5,15,CVQ,semantic,last,0.825,,0.77,0.875,,200,,,,,,,raw,experiments_cloud/results/proprietary_semantic_multi.csv,upstream source_file: experiments_cloud/results/semantic/claude-4.5-haiku/sweep_full_20260301_132042.json
01_fvq_cvq,claude-4.5-haiku,Claude-4.5,True,base,semantic_multi,,5,15,FVQ,semantic,first,1.0,,1.0,1.0,,200,,,,,,,raw,experiments_cloud/results/proprietary_semantic_multi.csv,upstream source_file: experiments_cloud/results/semantic/claude-4.5-haiku/sweep_full_20260301_132042.json
01_fvq_cvq,claude-4.5-haiku,Claude-4.5,True,base,semantic_multi,,5,20,CVQ,semantic,last,0.73,,0.67,0.79,,200,,,,,,,raw,experiments_cloud/results/proprietary_semantic_multi.csv,upstream source_file: experiments_cloud/results/semantic/claude-4.5-haiku/sweep_full_20260301_132042.json
01_fvq_cvq,claude-4.5-haiku,Claude-4.5,True,base,semantic_multi,,5,20,FVQ,semantic,first,1.0,,1.0,1.0,,200,,,,,,,raw,experiments_cloud/results/proprietary_semantic_multi.csv,upstream source_file: experiments_cloud/results/semantic/claude-4.5-haiku/sweep_full_20260301_132042.json
01_fvq_cvq,claude-4.5-haiku,Claude-4.5,True,base,semantic_multi,,5,30,CVQ,semantic,last,0.67,,0.6049,0.735,,200,,,,,,,raw,experiments_cloud/results/proprietary_semantic_multi.csv,upstream source_file: experiments_cloud/results/semantic/claude-4.5-haiku/sweep_full_20260301_132042.json
01_fvq_cvq,claude-4.5-haiku,Claude-4.5,True,base,semantic_multi,,5,30,FVQ,semantic,first,1.0,,1.0,1.0,,200,,,,,,,raw,experiments_cloud/results/proprietary_semantic_multi.csv,upstream source_file: experiments_cloud/results/semantic/claude-4.5-haiku/sweep_full_20260301_132042.json
01_fvq_cvq,claude-4.5-haiku,Claude-4.5,True,base,semantic_multi,,5,50,CVQ,semantic,last,0.62,,0.555,0.685,,200,,,,,,,raw,experiments_cloud/results/proprietary_semantic_multi.csv,upstream source_file: experiments_cloud/results/semantic/claude-4.5-haiku/sweep_full_20260301_132042.json
01_fvq_cvq,claude-4.5-haiku,Claude-4.5,True,base,semantic_multi,,5,50,FVQ,semantic,first,0.995,,0.985,1.0,,200,,,,,,,raw,experiments_cloud/results/proprietary_semantic_multi.csv,upstream source_file: experiments_cloud/results/semantic/claude-4.5-haiku/sweep_full_20260301_132042.json
01_fvq_cvq,claude-4.5-haiku,Claude-4.5,True,base,semantic_multi,,10,1,CVQ,semantic,last,1.0,,1.0,1.0,,200,,,,,,,raw,experiments_cloud/results/proprietary_semantic_multi.csv,upstream source_file: experiments_cloud/results/semantic/claude-4.5-haiku/sweep_full_20260301_132042.json
01_fvq_cvq,claude-4.5-haiku,Claude-4.5,True,base,semantic_multi,,10,1,FVQ,semantic,first,1.0,,1.0,1.0,,200,,,,,,,raw,experiments_cloud/results/proprietary_semantic_multi.csv,upstream source_file: experiments_cloud/results/semantic/claude-4.5-haiku/sweep_full_20260301_132042.json
01_fvq_cvq,claude-4.5-haiku,Claude-4.5,True,base,semantic_multi,,10,5,CVQ,semantic,last,0.93,,0.895,0.965,,200,,,,,,,raw,experiments_cloud/results/proprietary_semantic_multi.csv,upstream source_file: experiments_cloud/results/semantic/claude-4.5-haiku/sweep_full_20260301_132042.json
01_fvq_cvq,claude-4.5-haiku,Claude-4.5,True,base,semantic_multi,,10,5,FVQ,semantic,first,1.0,,1.0,1.0,,200,,,,,,,raw,experiments_cloud/results/proprietary_semantic_multi.csv,upstream source_file: experiments_cloud/results/semantic/claude-4.5-haiku/sweep_full_20260301_132042.json
01_fvq_cvq,claude-4.5-haiku,Claude-4.5,True,base,semantic_multi,,10,10,CVQ,semantic,last,0.775,,0.715,0.83,,200,,,,,,,raw,experiments_cloud/results/proprietary_semantic_multi.csv,upstream source_file: experiments_cloud/results/semantic/claude-4.5-haiku/sweep_full_20260301_132042.json
01_fvq_cvq,claude-4.5-haiku,Claude-4.5,True,base,semantic_multi,,10,10,FVQ,semantic,first,1.0,,1.0,1.0,,200,,,,,,,raw,experiments_cloud/results/proprietary_semantic_multi.csv,upstream source_file: experiments_cloud/results/semantic/claude-4.5-haiku/sweep_full_20260301_132042.json
01_fvq_cvq,claude-4.5-haiku,Claude-4.5,True,base,semantic_multi,,10,15,CVQ,semantic,last,0.71,,0.645,0.77,,200,,,,,,,raw,experiments_cloud/results/proprietary_semantic_multi.csv,upstream source_file: experiments_cloud/results/semantic/claude-4.5-haiku/sweep_full_20260301_132042.json
01_fvq_cvq,claude-4.5-haiku,Claude-4.5,True,base,semantic_multi,,10,15,FVQ,semantic,first,1.0,,1.0,1.0,,200,,,,,,,raw,experiments_cloud/results/proprietary_semantic_multi.csv,upstream source_file: experiments_cloud/results/semantic/claude-4.5-haiku/sweep_full_20260301_132042.json
01_fvq_cvq,claude-4.5-haiku,Claude-4.5,True,base,semantic_multi,,10,20,CVQ,semantic,last,0.57,,0.5,0.64,,200,,,,,,,raw,experiments_cloud/results/proprietary_semantic_multi.csv,upstream source_file: experiments_cloud/results/semantic/claude-4.5-haiku/sweep_full_20260301_132042.json
01_fvq_cvq,claude-4.5-haiku,Claude-4.5,True,base,semantic_multi,,10,20,FVQ,semantic,first,1.0,,1.0,1.0,,200,,,,,,,raw,experiments_cloud/results/proprietary_semantic_multi.csv,upstream source_file: experiments_cloud/results/semantic/claude-4.5-haiku/sweep_full_20260301_132042.json
01_fvq_cvq,claude-4.5-haiku,Claude-4.5,True,base,semantic_multi,,10,30,CVQ,semantic,last,0.59,,0.52,0.6551,,200,,,,,,,raw,experiments_cloud/results/proprietary_semantic_multi.csv,upstream source_file: experiments_cloud/results/semantic/claude-4.5-haiku/sweep_full_20260301_132042.json
01_fvq_cvq,claude-4.5-haiku,Claude-4.5,True,base,semantic_multi,,10,30,FVQ,semantic,first,0.99,,0.975,1.0,,200,,,,,,,raw,experiments_cloud/results/proprietary_semantic_multi.csv,upstream source_file: experiments_cloud/results/semantic/claude-4.5-haiku/sweep_full_20260301_132042.json
01_fvq_cvq,claude-4.5-haiku,Claude-4.5,True,base,semantic_multi,,10,50,CVQ,semantic,last,0.51,,0.445,0.5801,,200,,,,,,,raw,experiments_cloud/results/proprietary_semantic_multi.csv,upstream source_file: experiments_cloud/results/semantic/claude-4.5-haiku/sweep_full_20260301_132042.json
01_fvq_cvq,claude-4.5-haiku,Claude-4.5,True,base,semantic_multi,,10,50,FVQ,semantic,first,0.995,,0.985,1.0,,200,,,,,,,raw,experiments_cloud/results/proprietary_semantic_multi.csv,upstream source_file: experiments_cloud/results/semantic/claude-4.5-haiku/sweep_full_20260301_132042.json
01_fvq_cvq,claude-4.5-haiku,Claude-4.5,True,base,semantic_multi,,15,1,CVQ,semantic,last,1.0,,1.0,1.0,,200,,,,,,,raw,experiments_cloud/results/proprietary_semantic_multi.csv,upstream source_file: experiments_cloud/results/semantic/claude-4.5-haiku/sweep_full_20260301_132042.json
01_fvq_cvq,claude-4.5-haiku,Claude-4.5,True,base,semantic_multi,,15,1,FVQ,semantic,first,1.0,,1.0,1.0,,200,,,,,,,raw,experiments_cloud/results/proprietary_semantic_multi.csv,upstream source_file: experiments_cloud/results/semantic/claude-4.5-haiku/sweep_full_20260301_132042.json
01_fvq_cvq,claude-4.5-haiku,Claude-4.5,True,base,semantic_multi,,15,5,CVQ,semantic,last,0.91,,0.87,0.945,,200,,,,,,,raw,experiments_cloud/results/proprietary_semantic_multi.csv,upstream source_file: experiments_cloud/results/semantic/claude-4.5-haiku/sweep_full_20260301_132042.json
01_fvq_cvq,claude-4.5-haiku,Claude-4.5,True,base,semantic_multi,,15,5,FVQ,semantic,first,1.0,,1.0,1.0,,200,,,,,,,raw,experiments_cloud/results/proprietary_semantic_multi.csv,upstream source_file: experiments_cloud/results/semantic/claude-4.5-haiku/sweep_full_20260301_132042.json
01_fvq_cvq,claude-4.5-haiku,Claude-4.5,True,base,semantic_multi,,15,10,CVQ,semantic,last,0.79,,0.73,0.845,,200,,,,,,,raw,experiments_cloud/results/proprietary_semantic_multi.csv,upstream source_file: experiments_cloud/results/semantic/claude-4.5-haiku/sweep_full_20260301_132042.json
01_fvq_cvq,claude-4.5-haiku,Claude-4.5,True,base,semantic_multi,,15,10,FVQ,semantic,first,0.995,,0.985,1.0,,200,,,,,,,raw,experiments_cloud/results/proprietary_semantic_multi.csv,upstream source_file: experiments_cloud/results/semantic/claude-4.5-haiku/sweep_full_20260301_132042.json
01_fvq_cvq,claude-4.5-haiku,Claude-4.5,True,base,semantic_multi,,15,15,CVQ,semantic,last,0.605,,0.54,0.67,,200,,,,,,,raw,experiments_cloud/results/proprietary_semantic_multi.csv,upstream source_file: experiments_cloud/results/semantic/claude-4.5-haiku/sweep_full_20260301_132042.json
01_fvq_cvq,claude-4.5-haiku,Claude-4.5,True,base,semantic_multi,,15,15,FVQ,semantic,first,0.995,,0.985,1.0,,200,,,,,,,raw,experiments_cloud/results/proprietary_semantic_multi.csv,upstream source_file: experiments_cloud/results/semantic/claude-4.5-haiku/sweep_full_20260301_132042.json
01_fvq_cvq,claude-4.5-haiku,Claude-4.5,True,base,semantic_multi,,15,20,CVQ,semantic,last,0.535,,0.465,0.6,,200,,,,,,,raw,experiments_cloud/results/proprietary_semantic_multi.csv,upstream source_file: experiments_cloud/results/semantic/claude-4.5-haiku/sweep_full_20260301_132042.json
01_fvq_cvq,claude-4.5-haiku,Claude-4.5,True,base,semantic_multi,,15,20,FVQ,semantic,first,0.995,,0.985,1.0,,200,,,,,,,raw,experiments_cloud/results/proprietary_semantic_multi.csv,upstream source_file: experiments_cloud/results/semantic/claude-4.5-haiku/sweep_full_20260301_132042.json
01_fvq_cvq,claude-4.5-haiku,Claude-4.5,True,base,semantic_multi,,15,30,CVQ,semantic,last,0.605,,0.535,0.67,,200,,,,,,,raw,experiments_cloud/results/proprietary_semantic_multi.csv,upstream source_file: experiments_cloud/results/semantic/claude-4.5-haiku/sweep_full_20260301_132042.json
01_fvq_cvq,claude-4.5-haiku,Claude-4.5,True,base,semantic_multi,,15,30,FVQ,semantic,first,0.995,,0.985,1.0,,200,,,,,,,raw,experiments_cloud/results/proprietary_semantic_multi.csv,upstream source_file: experiments_cloud/results/semantic/claude-4.5-haiku/sweep_full_20260301_132042.json
01_fvq_cvq,claude-4.5-haiku,Claude-4.5,True,base,semantic_multi,,15,50,CVQ,semantic,last,0.425,,0.355,0.495,,200,,,,,,,raw,experiments_cloud/results/proprietary_semantic_multi.csv,upstream source_file: experiments_cloud/results/semantic/claude-4.5-haiku/sweep_full_20260301_132042.json
01_fvq_cvq,claude-4.5-haiku,Claude-4.5,True,base,semantic_multi,,15,50,FVQ,semantic,first,0.99,,0.975,1.0,,200,,,,,,,raw,experiments_cloud/results/proprietary_semantic_multi.csv,upstream source_file: experiments_cloud/results/semantic/claude-4.5-haiku/sweep_full_20260301_132042.json
01_fvq_cvq,claude-4.5-haiku,Claude-4.5,True,base,semantic_multi,,20,1,CVQ,semantic,last,1.0,,1.0,1.0,,50,,,,,,,raw,experiments_cloud/results/proprietary_semantic_multi.csv,upstream source_file: experiments_cloud/results/semantic/claude-4.5-haiku/sweep_full_20260301_132042.json
01_fvq_cvq,claude-4.5-haiku,Claude-4.5,True,base,semantic_multi,,20,1,FVQ,semantic,first,1.0,,1.0,1.0,,50,,,,,,,raw,experiments_cloud/results/proprietary_semantic_multi.csv,upstream source_file: experiments_cloud/results/semantic/claude-4.5-haiku/sweep_full_20260301_132042.json
01_fvq_cvq,claude-4.5-haiku,Claude-4.5,True,base,semantic_multi,,20,5,CVQ,semantic,last,0.856,,0.792,0.92,,125,,,,,,,raw,experiments_cloud/results/proprietary_semantic_multi.csv,upstream source_file: experiments_cloud/results/semantic/claude-4.5-haiku/sweep_full_20260301_132042.json
01_fvq_cvq,claude-4.5-haiku,Claude-4.5,True,base,semantic_multi,,20,5,FVQ,semantic,first,1.0,,1.0,1.0,,125,,,,,,,raw,experiments_cloud/results/proprietary_semantic_multi.csv,upstream source_file: experiments_cloud/results/semantic/claude-4.5-haiku/sweep_full_20260301_132042.json
01_fvq_cvq,claude-4.5-haiku,Claude-4.5,True,base,semantic_multi,,20,10,CVQ,semantic,last,0.7667,,0.6933,0.8333,,150,,,,,,,raw,experiments_cloud/results/proprietary_semantic_multi.csv,upstream source_file: experiments_cloud/results/semantic/claude-4.5-haiku/sweep_full_20260301_132042.json
01_fvq_cvq,claude-4.5-haiku,Claude-4.5,True,base,semantic_multi,,20,10,FVQ,semantic,first,0.9867,,0.9667,1.0,,150,,,,,,,raw,experiments_cloud/results/proprietary_semantic_multi.csv,upstream source_file: experiments_cloud/results/semantic/claude-4.5-haiku/sweep_full_20260301_132042.json
01_fvq_cvq,claude-4.5-haiku,Claude-4.5,True,base,semantic_multi,,20,15,CVQ,semantic,last,0.68,,0.6114,0.7486,,175,,,,,,,raw,experiments_cloud/results/proprietary_semantic_multi.csv,upstream source_file: experiments_cloud/results/semantic/claude-4.5-haiku/sweep_full_20260301_132042.json
01_fvq_cvq,claude-4.5-haiku,Claude-4.5,True,base,semantic_multi,,20,15,FVQ,semantic,first,0.9771,,0.9543,0.9943,,175,,,,,,,raw,experiments_cloud/results/proprietary_semantic_multi.csv,upstream source_file: experiments_cloud/results/semantic/claude-4.5-haiku/sweep_full_20260301_132042.json
01_fvq_cvq,claude-4.5-haiku,Claude-4.5,True,base,semantic_multi,,20,20,CVQ,semantic,last,0.6629,,0.5886,0.7314,,175,,,,,,,raw,experiments_cloud/results/proprietary_semantic_multi.csv,upstream source_file: experiments_cloud/results/semantic/claude-4.5-haiku/sweep_full_20260301_132042.json
01_fvq_cvq,claude-4.5-haiku,Claude-4.5,True,base,semantic_multi,,20,20,FVQ,semantic,first,0.9943,,0.9829,1.0,,175,,,,,,,raw,experiments_cloud/results/proprietary_semantic_multi.csv,upstream source_file: experiments_cloud/results/semantic/claude-4.5-haiku/sweep_full_20260301_132042.json
01_fvq_cvq,claude-4.5-haiku,Claude-4.5,True,base,semantic_multi,,20,30,CVQ,semantic,last,0.6686,,0.6,0.7371,,175,,,,,,,raw,experiments_cloud/results/proprietary_semantic_multi.csv,upstream source_file: experiments_cloud/results/semantic/claude-4.5-haiku/sweep_full_20260301_132042.json
01_fvq_cvq,claude-4.5-haiku,Claude-4.5,True,base,semantic_multi,,20,30,FVQ,semantic,first,0.9886,,0.9714,1.0,,175,,,,,,,raw,experiments_cloud/results/proprietary_semantic_multi.csv,upstream source_file: experiments_cloud/results/semantic/claude-4.5-haiku/sweep_full_20260301_132042.json
01_fvq_cvq,claude-4.5-haiku,Claude-4.5,True,base,semantic_multi,,20,50,CVQ,semantic,last,0.525,,0.455,0.6,,200,,,,,,,raw,experiments_cloud/results/proprietary_semantic_multi.csv,upstream source_file: experiments_cloud/results/semantic/claude-4.5-haiku/sweep_full_20260301_132042.json
01_fvq_cvq,claude-4.5-haiku,Claude-4.5,True,base,semantic_multi,,20,50,FVQ,semantic,first,1.0,,1.0,1.0,,200,,,,,,,raw,experiments_cloud/results/proprietary_semantic_multi.csv,upstream source_file: experiments_cloud/results/semantic/claude-4.5-haiku/sweep_full_20260301_132042.json
01_fvq_cvq,claude-4.5-haiku,Claude-4.5,True,base,semantic_multi,,25,1,CVQ,semantic,last,1.0,,1.0,1.0,,50,,,,,,,raw,experiments_cloud/results/proprietary_semantic_multi.csv,upstream source_file: experiments_cloud/results/semantic/claude-4.5-haiku/sweep_full_20260301_132042.json
01_fvq_cvq,claude-4.5-haiku,Claude-4.5,True,base,semantic_multi,,25,1,FVQ,semantic,first,1.0,,1.0,1.0,,50,,,,,,,raw,experiments_cloud/results/proprietary_semantic_multi.csv,upstream source_file: experiments_cloud/results/semantic/claude-4.5-haiku/sweep_full_20260301_132042.json
01_fvq_cvq,claude-4.5-haiku,Claude-4.5,True,base,semantic_multi,,25,5,CVQ,semantic,last,0.86,,0.79,0.92,,100,,,,,,,raw,experiments_cloud/results/proprietary_semantic_multi.csv,upstream source_file: experiments_cloud/results/semantic/claude-4.5-haiku/sweep_full_20260301_132042.json
01_fvq_cvq,claude-4.5-haiku,Claude-4.5,True,base,semantic_multi,,25,5,FVQ,semantic,first,1.0,,1.0,1.0,,100,,,,,,,raw,experiments_cloud/results/proprietary_semantic_multi.csv,upstream source_file: experiments_cloud/results/semantic/claude-4.5-haiku/sweep_full_20260301_132042.json
01_fvq_cvq,claude-4.5-haiku,Claude-4.5,True,base,semantic_multi,,25,10,CVQ,semantic,last,0.7467,,0.6732,0.8133,,150,,,,,,,raw,experiments_cloud/results/proprietary_semantic_multi.csv,upstream source_file: experiments_cloud/results/semantic/claude-4.5-haiku/sweep_full_20260301_132042.json
01_fvq_cvq,claude-4.5-haiku,Claude-4.5,True,base,semantic_multi,,25,10,FVQ,semantic,first,0.9933,,0.98,1.0,,150,,,,,,,raw,experiments_cloud/results/proprietary_semantic_multi.csv,upstream source_file: experiments_cloud/results/semantic/claude-4.5-haiku/sweep_full_20260301_132042.json
01_fvq_cvq,claude-4.5-haiku,Claude-4.5,True,base,semantic_multi,,25,15,CVQ,semantic,last,0.6914,,0.6229,0.76,,175,,,,,,,raw,experiments_cloud/results/proprietary_semantic_multi.csv,upstream source_file: experiments_cloud/results/semantic/claude-4.5-haiku/sweep_full_20260301_132042.json
01_fvq_cvq,claude-4.5-haiku,Claude-4.5,True,base,semantic_multi,,25,15,FVQ,semantic,first,0.9943,,0.9829,1.0,,175,,,,,,,raw,experiments_cloud/results/proprietary_semantic_multi.csv,upstream source_file: experiments_cloud/results/semantic/claude-4.5-haiku/sweep_full_20260301_132042.json
01_fvq_cvq,claude-4.5-haiku,Claude-4.5,True,base,semantic_multi,,25,20,CVQ,semantic,last,0.6514,,0.5771,0.7257,,175,,,,,,,raw,experiments_cloud/results/proprietary_semantic_multi.csv,upstream source_file: experiments_cloud/results/semantic/claude-4.5-haiku/sweep_full_20260301_132042.json
01_fvq_cvq,claude-4.5-haiku,Claude-4.5,True,base,semantic_multi,,25,20,FVQ,semantic,first,0.9829,,0.96,1.0,,175,,,,,,,raw,experiments_cloud/results/proprietary_semantic_multi.csv,upstream source_file: experiments_cloud/results/semantic/claude-4.5-haiku/sweep_full_20260301_132042.json
01_fvq_cvq,claude-4.5-haiku,Claude-4.5,True,base,semantic_multi,,25,30,CVQ,semantic,last,0.595,,0.525,0.665,,200,,,,,,,raw,experiments_cloud/results/proprietary_semantic_multi.csv,upstream source_file: experiments_cloud/results/semantic/claude-4.5-haiku/sweep_full_20260301_132042.json
01_fvq_cvq,claude-4.5-haiku,Claude-4.5,True,base,semantic_multi,,25,30,FVQ,semantic,first,0.995,,0.985,1.0,,200,,,,,,,raw,experiments_cloud/results/proprietary_semantic_multi.csv,upstream source_file: experiments_cloud/results/semantic/claude-4.5-haiku/sweep_full_20260301_132042.json
01_fvq_cvq,claude-4.5-haiku,Claude-4.5,True,base,semantic_multi,,25,50,CVQ,semantic,last,0.475,,0.405,0.545,,200,,,,,,,raw,experiments_cloud/results/proprietary_semantic_multi.csv,upstream source_file: experiments_cloud/results/semantic/claude-4.5-haiku/sweep_full_20260301_132042.json
01_fvq_cvq,claude-4.5-haiku,Claude-4.5,True,base,semantic_multi,,25,50,FVQ,semantic,first,0.985,,0.965,1.0,,200,,,,,,,raw,experiments_cloud/results/proprietary_semantic_multi.csv,upstream source_file: experiments_cloud/results/semantic/claude-4.5-haiku/sweep_full_20260301_132042.json
01_fvq_cvq,claude-4.5-haiku,Claude-4.5,True,base,semantic_multi,,30,1,CVQ,semantic,last,1.0,,1.0,1.0,,50,,,,,,,raw,experiments_cloud/results/proprietary_semantic_multi.csv,upstream source_file: experiments_cloud/results/semantic/claude-4.5-haiku/sweep_full_20260301_132042.json
01_fvq_cvq,claude-4.5-haiku,Claude-4.5,True,base,semantic_multi,,30,1,FVQ,semantic,first,1.0,,1.0,1.0,,50,,,,,,,raw,experiments_cloud/results/proprietary_semantic_multi.csv,upstream source_file: experiments_cloud/results/semantic/claude-4.5-haiku/sweep_full_20260301_132042.json
01_fvq_cvq,claude-4.5-haiku,Claude-4.5,True,base,semantic_multi,,30,5,CVQ,semantic,last,0.86,,0.79,0.92,,100,,,,,,,raw,experiments_cloud/results/proprietary_semantic_multi.csv,upstream source_file: experiments_cloud/results/semantic/claude-4.5-haiku/sweep_full_20260301_132042.json
01_fvq_cvq,claude-4.5-haiku,Claude-4.5,True,base,semantic_multi,,30,5,FVQ,semantic,first,0.99,,0.97,1.0,,100,,,,,,,raw,experiments_cloud/results/proprietary_semantic_multi.csv,upstream source_file: experiments_cloud/results/semantic/claude-4.5-haiku/sweep_full_20260301_132042.json
01_fvq_cvq,claude-4.5-haiku,Claude-4.5,True,base,semantic_multi,,30,10,CVQ,semantic,last,0.6686,,0.6,0.7371,,175,,,,,,,raw,experiments_cloud/results/proprietary_semantic_multi.csv,upstream source_file: experiments_cloud/results/semantic/claude-4.5-haiku/sweep_full_20260301_132042.json
01_fvq_cvq,claude-4.5-haiku,Claude-4.5,True,base,semantic_multi,,30,10,FVQ,semantic,first,1.0,,1.0,1.0,,175,,,,,,,raw,experiments_cloud/results/proprietary_semantic_multi.csv,upstream source_file: experiments_cloud/results/semantic/claude-4.5-haiku/sweep_full_20260301_132042.json
01_fvq_cvq,claude-4.5-haiku,Claude-4.5,True,base,semantic_multi,,30,15,CVQ,semantic,last,0.7029,,0.64,0.7714,,175,,,,,,,raw,experiments_cloud/results/proprietary_semantic_multi.csv,upstream source_file: experiments_cloud/results/semantic/claude-4.5-haiku/sweep_full_20260301_132042.json
01_fvq_cvq,claude-4.5-haiku,Claude-4.5,True,base,semantic_multi,,30,15,FVQ,semantic,first,0.9886,,0.9714,1.0,,175,,,,,,,raw,experiments_cloud/results/proprietary_semantic_multi.csv,upstream source_file: experiments_cloud/results/semantic/claude-4.5-haiku/sweep_full_20260301_132042.json
01_fvq_cvq,claude-4.5-haiku,Claude-4.5,True,base,semantic_multi,,30,20,CVQ,semantic,last,0.64,,0.575,0.705,,200,,,,,,,raw,experiments_cloud/results/proprietary_semantic_multi.csv,upstream source_file: experiments_cloud/results/semantic/claude-4.5-haiku/sweep_full_20260301_132042.json
01_fvq_cvq,claude-4.5-haiku,Claude-4.5,True,base,semantic_multi,,30,20,FVQ,semantic,first,0.995,,0.985,1.0,,200,,,,,,,raw,experiments_cloud/results/proprietary_semantic_multi.csv,upstream source_file: experiments_cloud/results/semantic/claude-4.5-haiku/sweep_full_20260301_132042.json
01_fvq_cvq,claude-4.5-haiku,Claude-4.5,True,base,semantic_multi,,30,30,CVQ,semantic,last,0.525,,0.455,0.595,,200,,,,,,,raw,experiments_cloud/results/proprietary_semantic_multi.csv,upstream source_file: experiments_cloud/results/semantic/claude-4.5-haiku/sweep_full_20260301_132042.json
01_fvq_cvq,claude-4.5-haiku,Claude-4.5,True,base,semantic_multi,,30,30,FVQ,semantic,first,0.995,,0.985,1.0,,200,,,,,,,raw,experiments_cloud/results/proprietary_semantic_multi.csv,upstream source_file: experiments_cloud/results/semantic/claude-4.5-haiku/sweep_full_20260301_132042.json
01_fvq_cvq,claude-4.5-haiku,Claude-4.5,True,base,semantic_multi,,30,50,CVQ,semantic,last,0.515,,0.445,0.585,,200,,,,,,,raw,experiments_cloud/results/proprietary_semantic_multi.csv,upstream source_file: experiments_cloud/results/semantic/claude-4.5-haiku/sweep_full_20260301_132042.json
01_fvq_cvq,claude-4.5-haiku,Claude-4.5,True,base,semantic_multi,,30,50,FVQ,semantic,first,0.97,,0.945,0.99,,200,,,,,,,raw,experiments_cloud/results/proprietary_semantic_multi.csv,upstream source_file: experiments_cloud/results/semantic/claude-4.5-haiku/sweep_full_20260301_132042.json
01_fvq_cvq,claude-4.5-haiku,Claude-4.5,True,base,semantic_multi,,40,1,CVQ,semantic,last,1.0,,1.0,1.0,,50,,,,,,,raw,experiments_cloud/results/proprietary_semantic_multi.csv,upstream source_file: experiments_cloud/results/semantic/claude-4.5-haiku/sweep_full_20260301_132042.json
01_fvq_cvq,claude-4.5-haiku,Claude-4.5,True,base,semantic_multi,,40,1,FVQ,semantic,first,1.0,,1.0,1.0,,50,,,,,,,raw,experiments_cloud/results/proprietary_semantic_multi.csv,upstream source_file: experiments_cloud/results/semantic/claude-4.5-haiku/sweep_full_20260301_132042.json
01_fvq_cvq,claude-4.5-haiku,Claude-4.5,True,base,semantic_multi,,40,5,CVQ,semantic,last,0.8,,0.7333,0.86,,150,,,,,,,raw,experiments_cloud/results/proprietary_semantic_multi.csv,upstream source_file: experiments_cloud/results/semantic/claude-4.5-haiku/sweep_full_20260301_132042.json
01_fvq_cvq,claude-4.5-haiku,Claude-4.5,True,base,semantic_multi,,40,5,FVQ,semantic,first,0.98,,0.9533,1.0,,150,,,,,,,raw,experiments_cloud/results/proprietary_semantic_multi.csv,upstream source_file: experiments_cloud/results/semantic/claude-4.5-haiku/sweep_full_20260301_132042.json
01_fvq_cvq,claude-4.5-haiku,Claude-4.5,True,base,semantic_multi,,40,10,CVQ,semantic,last,0.7533,,0.68,0.82,,150,,,,,,,raw,experiments_cloud/results/proprietary_semantic_multi.csv,upstream source_file: experiments_cloud/results/semantic/claude-4.5-haiku/sweep_full_20260301_132042.json
01_fvq_cvq,claude-4.5-haiku,Claude-4.5,True,base,semantic_multi,,40,10,FVQ,semantic,first,0.9867,,0.9667,1.0,,150,,,,,,,raw,experiments_cloud/results/proprietary_semantic_multi.csv,upstream source_file: experiments_cloud/results/semantic/claude-4.5-haiku/sweep_full_20260301_132042.json
01_fvq_cvq,claude-4.5-haiku,Claude-4.5,True,base,semantic_multi,,40,15,CVQ,semantic,last,0.6514,,0.5829,0.72,,175,,,,,,,raw,experiments_cloud/results/proprietary_semantic_multi.csv,upstream source_file: experiments_cloud/results/semantic/claude-4.5-haiku/sweep_full_20260301_132042.json
01_fvq_cvq,claude-4.5-haiku,Claude-4.5,True,base,semantic_multi,,40,15,FVQ,semantic,first,0.9771,,0.9543,0.9943,,175,,,,,,,raw,experiments_cloud/results/proprietary_semantic_multi.csv,upstream source_file: experiments_cloud/results/semantic/claude-4.5-haiku/sweep_full_20260301_132042.json
01_fvq_cvq,claude-4.5-haiku,Claude-4.5,True,base,semantic_multi,,40,20,CVQ,semantic,last,0.655,,0.585,0.72,,200,,,,,,,raw,experiments_cloud/results/proprietary_semantic_multi.csv,upstream source_file: experiments_cloud/results/semantic/claude-4.5-haiku/sweep_full_20260301_132042.json
01_fvq_cvq,claude-4.5-haiku,Claude-4.5,True,base,semantic_multi,,40,20,FVQ,semantic,first,0.995,,0.985,1.0,,200,,,,,,,raw,experiments_cloud/results/proprietary_semantic_multi.csv,upstream source_file: experiments_cloud/results/semantic/claude-4.5-haiku/sweep_full_20260301_132042.json
01_fvq_cvq,claude-4.5-haiku,Claude-4.5,True,base,semantic_multi,,40,30,CVQ,semantic,last,0.585,,0.515,0.65,,200,,,,,,,raw,experiments_cloud/results/proprietary_semantic_multi.csv,upstream source_file: experiments_cloud/results/semantic/claude-4.5-haiku/sweep_full_20260301_132042.json
01_fvq_cvq,claude-4.5-haiku,Claude-4.5,True,base,semantic_multi,,40,30,FVQ,semantic,first,0.965,,0.94,0.99,,200,,,,,,,raw,experiments_cloud/results/proprietary_semantic_multi.csv,upstream source_file: experiments_cloud/results/semantic/claude-4.5-haiku/sweep_full_20260301_132042.json
01_fvq_cvq,claude-4.5-haiku,Claude-4.5,True,base,semantic_multi,,40,50,CVQ,semantic,last,0.5,,0.43,0.57,,200,,,,,,,raw,experiments_cloud/results/proprietary_semantic_multi.csv,upstream source_file: experiments_cloud/results/semantic/claude-4.5-haiku/sweep_full_20260301_132042.json
01_fvq_cvq,claude-4.5-haiku,Claude-4.5,True,base,semantic_multi,,40,50,FVQ,semantic,first,0.985,,0.965,1.0,,200,,,,,,,raw,experiments_cloud/results/proprietary_semantic_multi.csv,upstream source_file: experiments_cloud/results/semantic/claude-4.5-haiku/sweep_full_20260301_132042.json
01_fvq_cvq,claude-4.5-haiku,Claude-4.5,True,base,semantic_multi,,45,1,CVQ,semantic,last,1.0,,1.0,1.0,,50,,,,,,,raw,experiments_cloud/results/proprietary_semantic_multi.csv,upstream source_file: experiments_cloud/results/semantic/claude-4.5-haiku/sweep_full_20260301_132042.json
01_fvq_cvq,claude-4.5-haiku,Claude-4.5,True,base,semantic_multi,,45,1,FVQ,semantic,first,1.0,,1.0,1.0,,50,,,,,,,raw,experiments_cloud/results/proprietary_semantic_multi.csv,upstream source_file: experiments_cloud/results/semantic/claude-4.5-haiku/sweep_full_20260301_132042.json
01_fvq_cvq,claude-4.5-haiku,Claude-4.5,True,base,semantic_multi,,45,5,CVQ,semantic,last,0.76,,0.6933,0.8267,,150,,,,,,,raw,experiments_cloud/results/proprietary_semantic_multi.csv,upstream source_file: experiments_cloud/results/semantic/claude-4.5-haiku/sweep_full_20260301_132042.json
01_fvq_cvq,claude-4.5-haiku,Claude-4.5,True,base,semantic_multi,,45,5,FVQ,semantic,first,0.9933,,0.98,1.0,,150,,,,,,,raw,experiments_cloud/results/proprietary_semantic_multi.csv,upstream source_file: experiments_cloud/results/semantic/claude-4.5-haiku/sweep_full_20260301_132042.json
01_fvq_cvq,claude-4.5-haiku,Claude-4.5,True,base,semantic_multi,,45,10,CVQ,semantic,last,0.72,,0.6514,0.7886,,175,,,,,,,raw,experiments_cloud/results/proprietary_semantic_multi.csv,upstream source_file: experiments_cloud/results/semantic/claude-4.5-haiku/sweep_full_20260301_132042.json
01_fvq_cvq,claude-4.5-haiku,Claude-4.5,True,base,semantic_multi,,45,10,FVQ,semantic,first,0.9771,,0.9543,0.9943,,175,,,,,,,raw,experiments_cloud/results/proprietary_semantic_multi.csv,upstream source_file: experiments_cloud/results/semantic/claude-4.5-haiku/sweep_full_20260301_132042.json
01_fvq_cvq,claude-4.5-haiku,Claude-4.5,True,base,semantic_multi,,45,15,CVQ,semantic,last,0.7029,,0.6343,0.7657,,175,,,,,,,raw,experiments_cloud/results/proprietary_semantic_multi.csv,upstream source_file: experiments_cloud/results/semantic/claude-4.5-haiku/sweep_full_20260301_132042.json
01_fvq_cvq,claude-4.5-haiku,Claude-4.5,True,base,semantic_multi,,45,15,FVQ,semantic,first,0.9943,,0.9829,1.0,,175,,,,,,,raw,experiments_cloud/results/proprietary_semantic_multi.csv,upstream source_file: experiments_cloud/results/semantic/claude-4.5-haiku/sweep_full_20260301_132042.json
01_fvq_cvq,claude-4.5-haiku,Claude-4.5,True,base,semantic_multi,,45,20,CVQ,semantic,last,0.545,,0.48,0.6101,,200,,,,,,,raw,experiments_cloud/results/proprietary_semantic_multi.csv,upstream source_file: experiments_cloud/results/semantic/claude-4.5-haiku/sweep_full_20260301_132042.json
01_fvq_cvq,claude-4.5-haiku,Claude-4.5,True,base,semantic_multi,,45,20,FVQ,semantic,first,0.98,,0.96,0.995,,200,,,,,,,raw,experiments_cloud/results/proprietary_semantic_multi.csv,upstream source_file: experiments_cloud/results/semantic/claude-4.5-haiku/sweep_full_20260301_132042.json
01_fvq_cvq,claude-4.5-haiku,Claude-4.5,True,base,semantic_multi,,45,30,CVQ,semantic,last,0.53,,0.46,0.6,,200,,,,,,,raw,experiments_cloud/results/proprietary_semantic_multi.csv,upstream source_file: experiments_cloud/results/semantic/claude-4.5-haiku/sweep_full_20260301_132042.json
01_fvq_cvq,claude-4.5-haiku,Claude-4.5,True,base,semantic_multi,,45,30,FVQ,semantic,first,0.98,,0.96,0.995,,200,,,,,,,raw,experiments_cloud/results/proprietary_semantic_multi.csv,upstream source_file: experiments_cloud/results/semantic/claude-4.5-haiku/sweep_full_20260301_132042.json
01_fvq_cvq,claude-4.5-sonnet,Claude-4.5,True,base,semantic_multi,,1,1,CVQ,semantic,last,1.0,,1.0,1.0,,40,,,,,,,raw,experiments_cloud/results/proprietary_semantic_multi.csv,upstream source_file: experiments_cloud/results/semantic_k1/claude-sonnet/sweep_full_20260519_144007.json
01_fvq_cvq,claude-4.5-sonnet,Claude-4.5,True,base,semantic_multi,,1,1,FVQ,semantic,first,1.0,,1.0,1.0,,40,,,,,,,raw,experiments_cloud/results/proprietary_semantic_multi.csv,upstream source_file: experiments_cloud/results/semantic_k1/claude-sonnet/sweep_full_20260519_144007.json
01_fvq_cvq,claude-4.5-sonnet,Claude-4.5,True,base,semantic_multi,,1,5,CVQ,semantic,last,1.0,,1.0,1.0,,40,,,,,,,raw,experiments_cloud/results/proprietary_semantic_multi.csv,upstream source_file: experiments_cloud/results/semantic_k1/claude-sonnet/sweep_full_20260519_144007.json
01_fvq_cvq,claude-4.5-sonnet,Claude-4.5,True,base,semantic_multi,,1,5,FVQ,semantic,first,1.0,,1.0,1.0,,40,,,,,,,raw,experiments_cloud/results/proprietary_semantic_multi.csv,upstream source_file: experiments_cloud/results/semantic_k1/claude-sonnet/sweep_full_20260519_144007.json
01_fvq_cvq,claude-4.5-sonnet,Claude-4.5,True,base,semantic_multi,,1,10,CVQ,semantic,last,1.0,,1.0,1.0,,40,,,,,,,raw,experiments_cloud/results/proprietary_semantic_multi.csv,upstream source_file: experiments_cloud/results/semantic_k1/claude-sonnet/sweep_full_20260519_144007.json
01_fvq_cvq,claude-4.5-sonnet,Claude-4.5,True,base,semantic_multi,,1,10,FVQ,semantic,first,1.0,,1.0,1.0,,40,,,,,,,raw,experiments_cloud/results/proprietary_semantic_multi.csv,upstream source_file: experiments_cloud/results/semantic_k1/claude-sonnet/sweep_full_20260519_144007.json
01_fvq_cvq,claude-4.5-sonnet,Claude-4.5,True,base,semantic_multi,,1,15,CVQ,semantic,last,1.0,,1.0,1.0,,40,,,,,,,raw,experiments_cloud/results/proprietary_semantic_multi.csv,upstream source_file: experiments_cloud/results/semantic_k1/claude-sonnet/sweep_full_20260519_144007.json
01_fvq_cvq,claude-4.5-sonnet,Claude-4.5,True,base,semantic_multi,,1,15,FVQ,semantic,first,1.0,,1.0,1.0,,40,,,,,,,raw,experiments_cloud/results/proprietary_semantic_multi.csv,upstream source_file: experiments_cloud/results/semantic_k1/claude-sonnet/sweep_full_20260519_144007.json
01_fvq_cvq,claude-4.5-sonnet,Claude-4.5,True,base,semantic_multi,,1,20,CVQ,semantic,last,1.0,,1.0,1.0,,40,,,,,,,raw,experiments_cloud/results/proprietary_semantic_multi.csv,upstream source_file: experiments_cloud/results/semantic_k1/claude-sonnet/sweep_full_20260519_144007.json
01_fvq_cvq,claude-4.5-sonnet,Claude-4.5,True,base,semantic_multi,,1,20,FVQ,semantic,first,1.0,,1.0,1.0,,40,,,,,,,raw,experiments_cloud/results/proprietary_semantic_multi.csv,upstream source_file: experiments_cloud/results/semantic_k1/claude-sonnet/sweep_full_20260519_144007.json
01_fvq_cvq,claude-4.5-sonnet,Claude-4.5,True,base,semantic_multi,,1,30,CVQ,semantic,last,1.0,,1.0,1.0,,40,,,,,,,raw,experiments_cloud/results/proprietary_semantic_multi.csv,upstream source_file: experiments_cloud/results/semantic_k1/claude-sonnet/sweep_full_20260519_144007.json
01_fvq_cvq,claude-4.5-sonnet,Claude-4.5,True,base,semantic_multi,,1,30,FVQ,semantic,first,1.0,,1.0,1.0,,40,,,,,,,raw,experiments_cloud/results/proprietary_semantic_multi.csv,upstream source_file: experiments_cloud/results/semantic_k1/claude-sonnet/sweep_full_20260519_144007.json
01_fvq_cvq,claude-4.5-sonnet,Claude-4.5,True,base,semantic_multi,,1,50,CVQ,semantic,last,1.0,,1.0,1.0,,40,,,,,,,raw,experiments_cloud/results/proprietary_semantic_multi.csv,upstream source_file: experiments_cloud/results/semantic_k1/claude-sonnet/sweep_full_20260519_144007.json
01_fvq_cvq,claude-4.5-sonnet,Claude-4.5,True,base,semantic_multi,,1,50,FVQ,semantic,first,1.0,,1.0,1.0,,40,,,,,,,raw,experiments_cloud/results/proprietary_semantic_multi.csv,upstream source_file: experiments_cloud/results/semantic_k1/claude-sonnet/sweep_full_20260519_144007.json
01_fvq_cvq,claude-4.5-sonnet,Claude-4.5,True,base,semantic_multi,,2,1,CVQ,semantic,last,1.0,,1.0,1.0,,40,,,,,,,raw,experiments_cloud/results/proprietary_semantic_multi.csv,upstream source_file: experiments_cloud/results/semantic/claude-sonnet/sweep_full_20260515_205747.json
01_fvq_cvq,claude-4.5-sonnet,Claude-4.5,True,base,semantic_multi,,2,1,FVQ,semantic,first,1.0,,1.0,1.0,,40,,,,,,,raw,experiments_cloud/results/proprietary_semantic_multi.csv,upstream source_file: experiments_cloud/results/semantic/claude-sonnet/sweep_full_20260515_205747.json
01_fvq_cvq,claude-4.5-sonnet,Claude-4.5,True,base,semantic_multi,,2,5,CVQ,semantic,last,1.0,,1.0,1.0,,40,,,,,,,raw,experiments_cloud/results/proprietary_semantic_multi.csv,upstream source_file: experiments_cloud/results/semantic/claude-sonnet/sweep_full_20260515_205747.json
01_fvq_cvq,claude-4.5-sonnet,Claude-4.5,True,base,semantic_multi,,2,5,FVQ,semantic,first,1.0,,1.0,1.0,,40,,,,,,,raw,experiments_cloud/results/proprietary_semantic_multi.csv,upstream source_file: experiments_cloud/results/semantic/claude-sonnet/sweep_full_20260515_205747.json
01_fvq_cvq,claude-4.5-sonnet,Claude-4.5,True,base,semantic_multi,,2,10,CVQ,semantic,last,1.0,,1.0,1.0,,40,,,,,,,raw,experiments_cloud/results/proprietary_semantic_multi.csv,upstream source_file: experiments_cloud/results/semantic/claude-sonnet/sweep_full_20260515_205747.json
01_fvq_cvq,claude-4.5-sonnet,Claude-4.5,True,base,semantic_multi,,2,10,FVQ,semantic,first,1.0,,1.0,1.0,,40,,,,,,,raw,experiments_cloud/results/proprietary_semantic_multi.csv,upstream source_file: experiments_cloud/results/semantic/claude-sonnet/sweep_full_20260515_205747.json
01_fvq_cvq,claude-4.5-sonnet,Claude-4.5,True,base,semantic_multi,,2,15,CVQ,semantic,last,1.0,,1.0,1.0,,40,,,,,,,raw,experiments_cloud/results/proprietary_semantic_multi.csv,upstream source_file: experiments_cloud/results/semantic/claude-sonnet/sweep_full_20260515_205747.json
01_fvq_cvq,claude-4.5-sonnet,Claude-4.5,True,base,semantic_multi,,2,15,FVQ,semantic,first,1.0,,1.0,1.0,,40,,,,,,,raw,experiments_cloud/results/proprietary_semantic_multi.csv,upstream source_file: experiments_cloud/results/semantic/claude-sonnet/sweep_full_20260515_205747.json
01_fvq_cvq,claude-4.5-sonnet,Claude-4.5,True,base,semantic_multi,,2,20,CVQ,semantic,last,0.975,,0.925,1.0,,40,,,,,,,raw,experiments_cloud/results/proprietary_semantic_multi.csv,upstream source_file: experiments_cloud/results/semantic/claude-sonnet/sweep_full_20260515_205747.json
01_fvq_cvq,claude-4.5-sonnet,Claude-4.5,True,base,semantic_multi,,2,20,FVQ,semantic,first,1.0,,1.0,1.0,,40,,,,,,,raw,experiments_cloud/results/proprietary_semantic_multi.csv,upstream source_file: experiments_cloud/results/semantic/claude-sonnet/sweep_full_20260515_205747.json
01_fvq_cvq,claude-4.5-sonnet,Claude-4.5,True,base,semantic_multi,,2,30,CVQ,semantic,last,1.0,,1.0,1.0,,40,,,,,,,raw,experiments_cloud/results/proprietary_semantic_multi.csv,upstream source_file: experiments_cloud/results/semantic/claude-sonnet/sweep_full_20260515_205747.json
01_fvq_cvq,claude-4.5-sonnet,Claude-4.5,True,base,semantic_multi,,2,30,FVQ,semantic,first,1.0,,1.0,1.0,,40,,,,,,,raw,experiments_cloud/results/proprietary_semantic_multi.csv,upstream source_file: experiments_cloud/results/semantic/claude-sonnet/sweep_full_20260515_205747.json
01_fvq_cvq,claude-4.5-sonnet,Claude-4.5,True,base,semantic_multi,,2,50,CVQ,semantic,last,1.0,,1.0,1.0,,40,,,,,,,raw,experiments_cloud/results/proprietary_semantic_multi.csv,upstream source_file: experiments_cloud/results/semantic/claude-sonnet/sweep_full_20260515_205747.json
01_fvq_cvq,claude-4.5-sonnet,Claude-4.5,True,base,semantic_multi,,2,50,FVQ,semantic,first,1.0,,1.0,1.0,,40,,,,,,,raw,experiments_cloud/results/proprietary_semantic_multi.csv,upstream source_file: experiments_cloud/results/semantic/claude-sonnet/sweep_full_20260515_205747.json
01_fvq_cvq,claude-4.5-sonnet,Claude-4.5,True,base,semantic_multi,,5,1,CVQ,semantic,last,1.0,,1.0,1.0,,40,,,,,,,raw,experiments_cloud/results/proprietary_semantic_multi.csv,upstream source_file: experiments_cloud/results/semantic/claude-sonnet/sweep_full_20260515_205747.json
01_fvq_cvq,claude-4.5-sonnet,Claude-4.5,True,base,semantic_multi,,5,1,FVQ,semantic,first,0.975,,0.925,1.0,,40,,,,,,,raw,experiments_cloud/results/proprietary_semantic_multi.csv,upstream source_file: experiments_cloud/results/semantic/claude-sonnet/sweep_full_20260515_205747.json
01_fvq_cvq,claude-4.5-sonnet,Claude-4.5,True,base,semantic_multi,,5,5,CVQ,semantic,last,1.0,,1.0,1.0,,40,,,,,,,raw,experiments_cloud/results/proprietary_semantic_multi.csv,upstream source_file: experiments_cloud/results/semantic/claude-sonnet/sweep_full_20260515_205747.json
01_fvq_cvq,claude-4.5-sonnet,Claude-4.5,True,base,semantic_multi,,5,5,FVQ,semantic,first,1.0,,1.0,1.0,,40,,,,,,,raw,experiments_cloud/results/proprietary_semantic_multi.csv,upstream source_file: experiments_cloud/results/semantic/claude-sonnet/sweep_full_20260515_205747.json
01_fvq_cvq,claude-4.5-sonnet,Claude-4.5,True,base,semantic_multi,,5,10,CVQ,semantic,last,1.0,,1.0,1.0,,40,,,,,,,raw,experiments_cloud/results/proprietary_semantic_multi.csv,upstream source_file: experiments_cloud/results/semantic/claude-sonnet/sweep_full_20260515_205747.json
01_fvq_cvq,claude-4.5-sonnet,Claude-4.5,True,base,semantic_multi,,5,10,FVQ,semantic,first,1.0,,1.0,1.0,,40,,,,,,,raw,experiments_cloud/results/proprietary_semantic_multi.csv,upstream source_file: experiments_cloud/results/semantic/claude-sonnet/sweep_full_20260515_205747.json
01_fvq_cvq,claude-4.5-sonnet,Claude-4.5,True,base,semantic_multi,,5,15,CVQ,semantic,last,0.975,,0.925,1.0,,40,,,,,,,raw,experiments_cloud/results/proprietary_semantic_multi.csv,upstream source_file: experiments_cloud/results/semantic/claude-sonnet/sweep_full_20260515_205747.json
01_fvq_cvq,claude-4.5-sonnet,Claude-4.5,True,base,semantic_multi,,5,15,FVQ,semantic,first,1.0,,1.0,1.0,,40,,,,,,,raw,experiments_cloud/results/proprietary_semantic_multi.csv,upstream source_file: experiments_cloud/results/semantic/claude-sonnet/sweep_full_20260515_205747.json
01_fvq_cvq,claude-4.5-sonnet,Claude-4.5,True,base,semantic_multi,,5,20,CVQ,semantic,last,1.0,,1.0,1.0,,40,,,,,,,raw,experiments_cloud/results/proprietary_semantic_multi.csv,upstream source_file: experiments_cloud/results/semantic/claude-sonnet/sweep_full_20260515_205747.json
01_fvq_cvq,claude-4.5-sonnet,Claude-4.5,True,base,semantic_multi,,5,20,FVQ,semantic,first,1.0,,1.0,1.0,,40,,,,,,,raw,experiments_cloud/results/proprietary_semantic_multi.csv,upstream source_file: experiments_cloud/results/semantic/claude-sonnet/sweep_full_20260515_205747.json
01_fvq_cvq,claude-4.5-sonnet,Claude-4.5,True,base,semantic_multi,,5,30,CVQ,semantic,last,1.0,,1.0,1.0,,40,,,,,,,raw,experiments_cloud/results/proprietary_semantic_multi.csv,upstream source_file: experiments_cloud/results/semantic/claude-sonnet/sweep_full_20260515_205747.json
01_fvq_cvq,claude-4.5-sonnet,Claude-4.5,True,base,semantic_multi,,5,30,FVQ,semantic,first,1.0,,1.0,1.0,,40,,,,,,,raw,experiments_cloud/results/proprietary_semantic_multi.csv,upstream source_file: experiments_cloud/results/semantic/claude-sonnet/sweep_full_20260515_205747.json
01_fvq_cvq,claude-4.5-sonnet,Claude-4.5,True,base,semantic_multi,,5,50,CVQ,semantic,last,0.8833,,0.825,0.9333,,120,,,,,,,raw,experiments_cloud/results/proprietary_semantic_multi.csv,upstream source_file: experiments_cloud/results/semantic/claude-sonnet/sweep_full_20260515_205747.json
01_fvq_cvq,claude-4.5-sonnet,Claude-4.5,True,base,semantic_multi,,5,50,FVQ,semantic,first,1.0,,1.0,1.0,,120,,,,,,,raw,experiments_cloud/results/proprietary_semantic_multi.csv,upstream source_file: experiments_cloud/results/semantic/claude-sonnet/sweep_full_20260515_205747.json
01_fvq_cvq,claude-4.5-sonnet,Claude-4.5,True,base,semantic_multi,,10,1,CVQ,semantic,last,1.0,,1.0,1.0,,40,,,,,,,raw,experiments_cloud/results/proprietary_semantic_multi.csv,upstream source_file: experiments_cloud/results/semantic/claude-sonnet/sweep_full_20260515_205747.json
01_fvq_cvq,claude-4.5-sonnet,Claude-4.5,True,base,semantic_multi,,10,1,FVQ,semantic,first,1.0,,1.0,1.0,,40,,,,,,,raw,experiments_cloud/results/proprietary_semantic_multi.csv,upstream source_file: experiments_cloud/results/semantic/claude-sonnet/sweep_full_20260515_205747.json
01_fvq_cvq,claude-4.5-sonnet,Claude-4.5,True,base,semantic_multi,,10,5,CVQ,semantic,last,1.0,,1.0,1.0,,40,,,,,,,raw,experiments_cloud/results/proprietary_semantic_multi.csv,upstream source_file: experiments_cloud/results/semantic/claude-sonnet/sweep_full_20260515_205747.json
01_fvq_cvq,claude-4.5-sonnet,Claude-4.5,True,base,semantic_multi,,10,5,FVQ,semantic,first,1.0,,1.0,1.0,,40,,,,,,,raw,experiments_cloud/results/proprietary_semantic_multi.csv,upstream source_file: experiments_cloud/results/semantic/claude-sonnet/sweep_full_20260515_205747.json
01_fvq_cvq,claude-4.5-sonnet,Claude-4.5,True,base,semantic_multi,,10,10,CVQ,semantic,last,0.9375,,0.875,0.9875,,80,,,,,,,raw,experiments_cloud/results/proprietary_semantic_multi.csv,upstream source_file: experiments_cloud/results/semantic/claude-sonnet/sweep_full_20260515_205747.json
01_fvq_cvq,claude-4.5-sonnet,Claude-4.5,True,base,semantic_multi,,10,10,FVQ,semantic,first,1.0,,1.0,1.0,,80,,,,,,,raw,experiments_cloud/results/proprietary_semantic_multi.csv,upstream source_file: experiments_cloud/results/semantic/claude-sonnet/sweep_full_20260515_205747.json
01_fvq_cvq,claude-4.5-sonnet,Claude-4.5,True,base,semantic_multi,,10,15,CVQ,semantic,last,0.975,,0.925,1.0,,40,,,,,,,raw,experiments_cloud/results/proprietary_semantic_multi.csv,upstream source_file: experiments_cloud/results/semantic/claude-sonnet/sweep_full_20260515_205747.json
01_fvq_cvq,claude-4.5-sonnet,Claude-4.5,True,base,semantic_multi,,10,15,FVQ,semantic,first,1.0,,1.0,1.0,,40,,,,,,,raw,experiments_cloud/results/proprietary_semantic_multi.csv,upstream source_file: experiments_cloud/results/semantic/claude-sonnet/sweep_full_20260515_205747.json
01_fvq_cvq,claude-4.5-sonnet,Claude-4.5,True,base,semantic_multi,,10,20,CVQ,semantic,last,0.975,,0.925,1.0,,40,,,,,,,raw,experiments_cloud/results/proprietary_semantic_multi.csv,upstream source_file: experiments_cloud/results/semantic/claude-sonnet/sweep_full_20260515_205747.json
01_fvq_cvq,claude-4.5-sonnet,Claude-4.5,True,base,semantic_multi,,10,20,FVQ,semantic,first,1.0,,1.0,1.0,,40,,,,,,,raw,experiments_cloud/results/proprietary_semantic_multi.csv,upstream source_file: experiments_cloud/results/semantic/claude-sonnet/sweep_full_20260515_205747.json
01_fvq_cvq,claude-4.5-sonnet,Claude-4.5,True,base,semantic_multi,,10,30,CVQ,semantic,last,0.8583,,0.7917,0.9167,,120,,,,,,,raw,experiments_cloud/results/proprietary_semantic_multi.csv,upstream source_file: experiments_cloud/results/semantic/claude-sonnet/sweep_full_20260515_205747.json
01_fvq_cvq,claude-4.5-sonnet,Claude-4.5,True,base,semantic_multi,,10,30,FVQ,semantic,first,1.0,,1.0,1.0,,120,,,,,,,raw,experiments_cloud/results/proprietary_semantic_multi.csv,upstream source_file: experiments_cloud/results/semantic/claude-sonnet/sweep_full_20260515_205747.json
01_fvq_cvq,claude-4.5-sonnet,Claude-4.5,True,base,semantic_multi,,10,50,CVQ,semantic,last,0.9,,0.8375,0.9625,,80,,,,,,,raw,experiments_cloud/results/proprietary_semantic_multi.csv,upstream source_file: experiments_cloud/results/semantic/claude-sonnet/sweep_full_20260515_205747.json
01_fvq_cvq,claude-4.5-sonnet,Claude-4.5,True,base,semantic_multi,,10,50,FVQ,semantic,first,1.0,,1.0,1.0,,80,,,,,,,raw,experiments_cloud/results/proprietary_semantic_multi.csv,upstream source_file: experiments_cloud/results/semantic/claude-sonnet/sweep_full_20260515_205747.json
01_fvq_cvq,claude-4.5-sonnet,Claude-4.5,True,base,semantic_multi,,15,1,CVQ,semantic,last,1.0,,1.0,1.0,,80,,,,,,,raw,experiments_cloud/results/proprietary_semantic_multi.csv,upstream source_file: experiments_cloud/results/semantic/claude-sonnet/sweep_full_20260515_205747.json
01_fvq_cvq,claude-4.5-sonnet,Claude-4.5,True,base,semantic_multi,,15,1,FVQ,semantic,first,0.95,,0.9,0.9875,,80,,,,,,,raw,experiments_cloud/results/proprietary_semantic_multi.csv,upstream source_file: experiments_cloud/results/semantic/claude-sonnet/sweep_full_20260515_205747.json
01_fvq_cvq,claude-4.5-sonnet,Claude-4.5,True,base,semantic_multi,,15,5,CVQ,semantic,last,1.0,,1.0,1.0,,40,,,,,,,raw,experiments_cloud/results/proprietary_semantic_multi.csv,upstream source_file: experiments_cloud/results/semantic/claude-sonnet/sweep_full_20260515_205747.json
01_fvq_cvq,claude-4.5-sonnet,Claude-4.5,True,base,semantic_multi,,15,5,FVQ,semantic,first,1.0,,1.0,1.0,,40,,,,,,,raw,experiments_cloud/results/proprietary_semantic_multi.csv,upstream source_file: experiments_cloud/results/semantic/claude-sonnet/sweep_full_20260515_205747.json
01_fvq_cvq,claude-4.5-sonnet,Claude-4.5,True,base,semantic_multi,,15,10,CVQ,semantic,last,0.975,,0.925,1.0,,40,,,,,,,raw,experiments_cloud/results/proprietary_semantic_multi.csv,upstream source_file: experiments_cloud/results/semantic/claude-sonnet/sweep_full_20260515_205747.json
01_fvq_cvq,claude-4.5-sonnet,Claude-4.5,True,base,semantic_multi,,15,10,FVQ,semantic,first,1.0,,1.0,1.0,,40,,,,,,,raw,experiments_cloud/results/proprietary_semantic_multi.csv,upstream source_file: experiments_cloud/results/semantic/claude-sonnet/sweep_full_20260515_205747.json
01_fvq_cvq,claude-4.5-sonnet,Claude-4.5,True,base,semantic_multi,,15,15,CVQ,semantic,last,0.975,,0.9375,1.0,,80,,,,,,,raw,experiments_cloud/results/proprietary_semantic_multi.csv,upstream source_file: experiments_cloud/results/semantic/claude-sonnet/sweep_full_20260515_205747.json
01_fvq_cvq,claude-4.5-sonnet,Claude-4.5,True,base,semantic_multi,,15,15,FVQ,semantic,first,1.0,,1.0,1.0,,80,,,,,,,raw,experiments_cloud/results/proprietary_semantic_multi.csv,upstream source_file: experiments_cloud/results/semantic/claude-sonnet/sweep_full_20260515_205747.json
01_fvq_cvq,claude-4.5-sonnet,Claude-4.5,True,base,semantic_multi,,15,20,CVQ,semantic,last,0.85,,0.7833,0.9167,,120,,,,,,,raw,experiments_cloud/results/proprietary_semantic_multi.csv,upstream source_file: experiments_cloud/results/semantic/claude-sonnet/sweep_full_20260515_205747.json
01_fvq_cvq,claude-4.5-sonnet,Claude-4.5,True,base,semantic_multi,,15,20,FVQ,semantic,first,1.0,,1.0,1.0,,120,,,,,,,raw,experiments_cloud/results/proprietary_semantic_multi.csv,upstream source_file: experiments_cloud/results/semantic/claude-sonnet/sweep_full_20260515_205747.json
01_fvq_cvq,claude-4.5-sonnet,Claude-4.5,True,base,semantic_multi,,15,30,CVQ,semantic,last,0.9375,,0.8875,0.9875,,80,,,,,,,raw,experiments_cloud/results/proprietary_semantic_multi.csv,upstream source_file: experiments_cloud/results/semantic/claude-sonnet/sweep_full_20260515_205747.json
01_fvq_cvq,claude-4.5-sonnet,Claude-4.5,True,base,semantic_multi,,15,30,FVQ,semantic,first,1.0,,1.0,1.0,,80,,,,,,,raw,experiments_cloud/results/proprietary_semantic_multi.csv,upstream source_file: experiments_cloud/results/semantic/claude-sonnet/sweep_full_20260515_205747.json
01_fvq_cvq,claude-4.5-sonnet,Claude-4.5,True,base,semantic_multi,,15,50,CVQ,semantic,last,0.825,,0.7583,0.8917,,120,,,,,,,raw,experiments_cloud/results/proprietary_semantic_multi.csv,upstream source_file: experiments_cloud/results/semantic/claude-sonnet/sweep_full_20260515_205747.json
01_fvq_cvq,claude-4.5-sonnet,Claude-4.5,True,base,semantic_multi,,15,50,FVQ,semantic,first,1.0,,1.0,1.0,,120,,,,,,,raw,experiments_cloud/results/proprietary_semantic_multi.csv,upstream source_file: experiments_cloud/results/semantic/claude-sonnet/sweep_full_20260515_205747.json
01_fvq_cvq,claude-4.5-sonnet,Claude-4.5,True,base,semantic_multi,,20,1,CVQ,semantic,last,1.0,,1.0,1.0,,80,,,,,,,raw,experiments_cloud/results/proprietary_semantic_multi.csv,upstream source_file: experiments_cloud/results/semantic/claude-sonnet/sweep_full_20260515_205747.json
01_fvq_cvq,claude-4.5-sonnet,Claude-4.5,True,base,semantic_multi,,20,1,FVQ,semantic,first,0.975,,0.9375,1.0,,80,,,,,,,raw,experiments_cloud/results/proprietary_semantic_multi.csv,upstream source_file: experiments_cloud/results/semantic/claude-sonnet/sweep_full_20260515_205747.json
01_fvq_cvq,claude-4.5-sonnet,Claude-4.5,True,base,semantic_multi,,20,5,CVQ,semantic,last,0.975,,0.925,1.0,,40,,,,,,,raw,experiments_cloud/results/proprietary_semantic_multi.csv,upstream source_file: experiments_cloud/results/semantic/claude-sonnet/sweep_full_20260515_205747.json
01_fvq_cvq,claude-4.5-sonnet,Claude-4.5,True,base,semantic_multi,,20,5,FVQ,semantic,first,1.0,,1.0,1.0,,40,,,,,,,raw,experiments_cloud/results/proprietary_semantic_multi.csv,upstream source_file: experiments_cloud/results/semantic/claude-sonnet/sweep_full_20260515_205747.json
01_fvq_cvq,claude-4.5-sonnet,Claude-4.5,True,base,semantic_multi,,20,10,CVQ,semantic,last,0.975,,0.925,1.0,,40,,,,,,,raw,experiments_cloud/results/proprietary_semantic_multi.csv,upstream source_file: experiments_cloud/results/semantic/claude-sonnet/sweep_full_20260515_205747.json
01_fvq_cvq,claude-4.5-sonnet,Claude-4.5,True,base,semantic_multi,,20,10,FVQ,semantic,first,1.0,,1.0,1.0,,40,,,,,,,raw,experiments_cloud/results/proprietary_semantic_multi.csv,upstream source_file: experiments_cloud/results/semantic/claude-sonnet/sweep_full_20260515_205747.json
01_fvq_cvq,claude-4.5-sonnet,Claude-4.5,True,base,semantic_multi,,20,15,CVQ,semantic,last,0.9,,0.8375,0.9625,,80,,,,,,,raw,experiments_cloud/results/proprietary_semantic_multi.csv,upstream source_file: experiments_cloud/results/semantic/claude-sonnet/sweep_full_20260515_205747.json
01_fvq_cvq,claude-4.5-sonnet,Claude-4.5,True,base,semantic_multi,,20,15,FVQ,semantic,first,1.0,,1.0,1.0,,80,,,,,,,raw,experiments_cloud/results/proprietary_semantic_multi.csv,upstream source_file: experiments_cloud/results/semantic/claude-sonnet/sweep_full_20260515_205747.json
01_fvq_cvq,claude-4.5-sonnet,Claude-4.5,True,base,semantic_multi,,20,20,CVQ,semantic,last,0.925,,0.8625,0.975,,80,,,,,,,raw,experiments_cloud/results/proprietary_semantic_multi.csv,upstream source_file: experiments_cloud/results/semantic/claude-sonnet/sweep_full_20260515_205747.json
01_fvq_cvq,claude-4.5-sonnet,Claude-4.5,True,base,semantic_multi,,20,20,FVQ,semantic,first,1.0,,1.0,1.0,,80,,,,,,,raw,experiments_cloud/results/proprietary_semantic_multi.csv,upstream source_file: experiments_cloud/results/semantic/claude-sonnet/sweep_full_20260515_205747.json
01_fvq_cvq,claude-4.5-sonnet,Claude-4.5,True,base,semantic_multi,,20,30,CVQ,semantic,last,0.8917,,0.8333,0.9417,,120,,,,,,,raw,experiments_cloud/results/proprietary_semantic_multi.csv,upstream source_file: experiments_cloud/results/semantic/claude-sonnet/sweep_full_20260515_205747.json
01_fvq_cvq,claude-4.5-sonnet,Claude-4.5,True,base,semantic_multi,,20,30,FVQ,semantic,first,1.0,,1.0,1.0,,120,,,,,,,raw,experiments_cloud/results/proprietary_semantic_multi.csv,upstream source_file: experiments_cloud/results/semantic/claude-sonnet/sweep_full_20260515_205747.json
01_fvq_cvq,claude-4.5-sonnet,Claude-4.5,True,base,semantic_multi,,20,50,CVQ,semantic,last,0.7438,,0.675,0.8125,,160,,,,,,,raw,experiments_cloud/results/proprietary_semantic_multi.csv,upstream source_file: experiments_cloud/results/semantic/claude-sonnet/sweep_full_20260515_205747.json
01_fvq_cvq,claude-4.5-sonnet,Claude-4.5,True,base,semantic_multi,,20,50,FVQ,semantic,first,1.0,,1.0,1.0,,160,,,,,,,raw,experiments_cloud/results/proprietary_semantic_multi.csv,upstream source_file: experiments_cloud/results/semantic/claude-sonnet/sweep_full_20260515_205747.json
01_fvq_cvq,claude-4.5-sonnet,Claude-4.5,True,base,semantic_multi,,25,1,CVQ,semantic,last,1.0,,1.0,1.0,,80,,,,,,,raw,experiments_cloud/results/proprietary_semantic_multi.csv,upstream source_file: experiments_cloud/results/semantic/claude-sonnet/sweep_full_20260515_205747.json
01_fvq_cvq,claude-4.5-sonnet,Claude-4.5,True,base,semantic_multi,,25,1,FVQ,semantic,first,0.9375,,0.8872,0.9875,,80,,,,,,,raw,experiments_cloud/results/proprietary_semantic_multi.csv,upstream source_file: experiments_cloud/results/semantic/claude-sonnet/sweep_full_20260515_205747.json
01_fvq_cvq,claude-4.5-sonnet,Claude-4.5,True,base,semantic_multi,,25,5,CVQ,semantic,last,1.0,,1.0,1.0,,40,,,,,,,raw,experiments_cloud/results/proprietary_semantic_multi.csv,upstream source_file: experiments_cloud/results/semantic/claude-sonnet/sweep_full_20260515_205747.json
01_fvq_cvq,claude-4.5-sonnet,Claude-4.5,True,base,semantic_multi,,25,5,FVQ,semantic,first,1.0,,1.0,1.0,,40,,,,,,,raw,experiments_cloud/results/proprietary_semantic_multi.csv,upstream source_file: experiments_cloud/results/semantic/claude-sonnet/sweep_full_20260515_205747.json
01_fvq_cvq,claude-4.5-sonnet,Claude-4.5,True,base,semantic_multi,,25,10,CVQ,semantic,last,0.95,,0.9,0.9875,,80,,,,,,,raw,experiments_cloud/results/proprietary_semantic_multi.csv,upstream source_file: experiments_cloud/results/semantic/claude-sonnet/sweep_full_20260515_205747.json
01_fvq_cvq,claude-4.5-sonnet,Claude-4.5,True,base,semantic_multi,,25,10,FVQ,semantic,first,1.0,,1.0,1.0,,80,,,,,,,raw,experiments_cloud/results/proprietary_semantic_multi.csv,upstream source_file: experiments_cloud/results/semantic/claude-sonnet/sweep_full_20260515_205747.json
01_fvq_cvq,claude-4.5-sonnet,Claude-4.5,True,base,semantic_multi,,25,15,CVQ,semantic,last,0.8833,,0.825,0.9333,,120,,,,,,,raw,experiments_cloud/results/proprietary_semantic_multi.csv,upstream source_file: experiments_cloud/results/semantic/claude-sonnet/sweep_full_20260515_205747.json
01_fvq_cvq,claude-4.5-sonnet,Claude-4.5,True,base,semantic_multi,,25,15,FVQ,semantic,first,1.0,,1.0,1.0,,120,,,,,,,raw,experiments_cloud/results/proprietary_semantic_multi.csv,upstream source_file: experiments_cloud/results/semantic/claude-sonnet/sweep_full_20260515_205747.json
01_fvq_cvq,claude-4.5-sonnet,Claude-4.5,True,base,semantic_multi,,25,20,CVQ,semantic,last,0.8583,,0.7917,0.9167,,120,,,,,,,raw,experiments_cloud/results/proprietary_semantic_multi.csv,upstream source_file: experiments_cloud/results/semantic/claude-sonnet/sweep_full_20260515_205747.json
01_fvq_cvq,claude-4.5-sonnet,Claude-4.5,True,base,semantic_multi,,25,20,FVQ,semantic,first,1.0,,1.0,1.0,,120,,,,,,,raw,experiments_cloud/results/proprietary_semantic_multi.csv,upstream source_file: experiments_cloud/results/semantic/claude-sonnet/sweep_full_20260515_205747.json
01_fvq_cvq,claude-4.5-sonnet,Claude-4.5,True,base,semantic_multi,,25,30,CVQ,semantic,last,0.8,,0.7373,0.8625,,160,,,,,,,raw,experiments_cloud/results/proprietary_semantic_multi.csv,upstream source_file: experiments_cloud/results/semantic/claude-sonnet/sweep_full_20260515_205747.json
01_fvq_cvq,claude-4.5-sonnet,Claude-4.5,True,base,semantic_multi,,25,30,FVQ,semantic,first,0.9938,,0.9812,1.0,,160,,,,,,,raw,experiments_cloud/results/proprietary_semantic_multi.csv,upstream source_file: experiments_cloud/results/semantic/claude-sonnet/sweep_full_20260515_205747.json
01_fvq_cvq,claude-4.5-sonnet,Claude-4.5,True,base,semantic_multi,,25,50,CVQ,semantic,last,0.7188,,0.6438,0.7875,,160,,,,,,,raw,experiments_cloud/results/proprietary_semantic_multi.csv,upstream source_file: experiments_cloud/results/semantic/claude-sonnet/sweep_full_20260515_205747.json
01_fvq_cvq,claude-4.5-sonnet,Claude-4.5,True,base,semantic_multi,,25,50,FVQ,semantic,first,0.9938,,0.975,1.0,,160,,,,,,,raw,experiments_cloud/results/proprietary_semantic_multi.csv,upstream source_file: experiments_cloud/results/semantic/claude-sonnet/sweep_full_20260515_205747.json
01_fvq_cvq,claude-4.5-sonnet,Claude-4.5,True,base,semantic_multi,,30,1,CVQ,semantic,last,1.0,,1.0,1.0,,40,,,,,,,raw,experiments_cloud/results/proprietary_semantic_multi.csv,upstream source_file: experiments_cloud/results/semantic/claude-sonnet/sweep_full_20260515_205747.json
01_fvq_cvq,claude-4.5-sonnet,Claude-4.5,True,base,semantic_multi,,30,1,FVQ,semantic,first,0.975,,0.925,1.0,,40,,,,,,,raw,experiments_cloud/results/proprietary_semantic_multi.csv,upstream source_file: experiments_cloud/results/semantic/claude-sonnet/sweep_full_20260515_205747.json
01_fvq_cvq,claude-4.5-sonnet,Claude-4.5,True,base,semantic_multi,,30,5,CVQ,semantic,last,0.975,,0.925,1.0,,40,,,,,,,raw,experiments_cloud/results/proprietary_semantic_multi.csv,upstream source_file: experiments_cloud/results/semantic/claude-sonnet/sweep_full_20260515_205747.json
01_fvq_cvq,claude-4.5-sonnet,Claude-4.5,True,base,semantic_multi,,30,5,FVQ,semantic,first,1.0,,1.0,1.0,,40,,,,,,,raw,experiments_cloud/results/proprietary_semantic_multi.csv,upstream source_file: experiments_cloud/results/semantic/claude-sonnet/sweep_full_20260515_205747.json
01_fvq_cvq,claude-4.5-sonnet,Claude-4.5,True,base,semantic_multi,,30,10,CVQ,semantic,last,0.8917,,0.8333,0.9417,,120,,,,,,,raw,experiments_cloud/results/proprietary_semantic_multi.csv,upstream source_file: experiments_cloud/results/semantic/claude-sonnet/sweep_full_20260515_205747.json
01_fvq_cvq,claude-4.5-sonnet,Claude-4.5,True,base,semantic_multi,,30,10,FVQ,semantic,first,1.0,,1.0,1.0,,120,,,,,,,raw,experiments_cloud/results/proprietary_semantic_multi.csv,upstream source_file: experiments_cloud/results/semantic/claude-sonnet/sweep_full_20260515_205747.json
01_fvq_cvq,claude-4.5-sonnet,Claude-4.5,True,base,semantic_multi,,30,15,CVQ,semantic,last,0.8875,,0.8125,0.95,,80,,,,,,,raw,experiments_cloud/results/proprietary_semantic_multi.csv,upstream source_file: experiments_cloud/results/semantic/claude-sonnet/sweep_full_20260515_205747.json
01_fvq_cvq,claude-4.5-sonnet,Claude-4.5,True,base,semantic_multi,,30,15,FVQ,semantic,first,1.0,,1.0,1.0,,80,,,,,,,raw,experiments_cloud/results/proprietary_semantic_multi.csv,upstream source_file: experiments_cloud/results/semantic/claude-sonnet/sweep_full_20260515_205747.json
01_fvq_cvq,claude-4.5-sonnet,Claude-4.5,True,base,semantic_multi,,30,20,CVQ,semantic,last,0.775,,0.7125,0.8375,,160,,,,,,,raw,experiments_cloud/results/proprietary_semantic_multi.csv,upstream source_file: experiments_cloud/results/semantic/claude-sonnet/sweep_full_20260515_205747.json
01_fvq_cvq,claude-4.5-sonnet,Claude-4.5,True,base,semantic_multi,,30,20,FVQ,semantic,first,1.0,,1.0,1.0,,160,,,,,,,raw,experiments_cloud/results/proprietary_semantic_multi.csv,upstream source_file: experiments_cloud/results/semantic/claude-sonnet/sweep_full_20260515_205747.json
01_fvq_cvq,claude-4.5-sonnet,Claude-4.5,True,base,semantic_multi,,30,30,CVQ,semantic,last,0.67,,0.6,0.735,,200,,,,,,,raw,experiments_cloud/results/proprietary_semantic_multi.csv,upstream source_file: experiments_cloud/results/semantic/claude-sonnet/sweep_full_20260515_205747.json
01_fvq_cvq,claude-4.5-sonnet,Claude-4.5,True,base,semantic_multi,,30,30,FVQ,semantic,first,1.0,,1.0,1.0,,200,,,,,,,raw,experiments_cloud/results/proprietary_semantic_multi.csv,upstream source_file: experiments_cloud/results/semantic/claude-sonnet/sweep_full_20260515_205747.json
01_fvq_cvq,claude-4.5-sonnet,Claude-4.5,True,base,semantic_multi,,30,50,CVQ,semantic,last,0.7438,,0.6748,0.8125,,160,,,,,,,raw,experiments_cloud/results/proprietary_semantic_multi.csv,upstream source_file: experiments_cloud/results/semantic/claude-sonnet/sweep_full_20260515_205747.json
01_fvq_cvq,claude-4.5-sonnet,Claude-4.5,True,base,semantic_multi,,30,50,FVQ,semantic,first,1.0,,1.0,1.0,,160,,,,,,,raw,experiments_cloud/results/proprietary_semantic_multi.csv,upstream source_file: experiments_cloud/results/semantic/claude-sonnet/sweep_full_20260515_205747.json
01_fvq_cvq,claude-4.5-sonnet,Claude-4.5,True,base,semantic_multi,,40,1,CVQ,semantic,last,1.0,,1.0,1.0,,80,,,,,,,raw,experiments_cloud/results/proprietary_semantic_multi.csv,upstream source_file: experiments_cloud/results/semantic/claude-sonnet/sweep_full_20260515_205747.json
01_fvq_cvq,claude-4.5-sonnet,Claude-4.5,True,base,semantic_multi,,40,1,FVQ,semantic,first,0.975,,0.9375,1.0,,80,,,,,,,raw,experiments_cloud/results/proprietary_semantic_multi.csv,upstream source_file: experiments_cloud/results/semantic/claude-sonnet/sweep_full_20260515_205747.json
01_fvq_cvq,claude-4.5-sonnet,Claude-4.5,True,base,semantic_multi,,40,5,CVQ,semantic,last,0.95,,0.9,0.9875,,80,,,,,,,raw,experiments_cloud/results/proprietary_semantic_multi.csv,upstream source_file: experiments_cloud/results/semantic/claude-sonnet/sweep_full_20260515_205747.json
01_fvq_cvq,claude-4.5-sonnet,Claude-4.5,True,base,semantic_multi,,40,5,FVQ,semantic,first,1.0,,1.0,1.0,,80,,,,,,,raw,experiments_cloud/results/proprietary_semantic_multi.csv,upstream source_file: experiments_cloud/results/semantic/claude-sonnet/sweep_full_20260515_205747.json
01_fvq_cvq,claude-4.5-sonnet,Claude-4.5,True,base,semantic_multi,,40,10,CVQ,semantic,last,0.8667,,0.8,0.925,,120,,,,,,,raw,experiments_cloud/results/proprietary_semantic_multi.csv,upstream source_file: experiments_cloud/results/semantic/claude-sonnet/sweep_full_20260515_205747.json
01_fvq_cvq,claude-4.5-sonnet,Claude-4.5,True,base,semantic_multi,,40,10,FVQ,semantic,first,1.0,,1.0,1.0,,120,,,,,,,raw,experiments_cloud/results/proprietary_semantic_multi.csv,upstream source_file: experiments_cloud/results/semantic/claude-sonnet/sweep_full_20260515_205747.json
01_fvq_cvq,claude-4.5-sonnet,Claude-4.5,True,base,semantic_multi,,40,15,CVQ,semantic,last,0.8062,,0.7438,0.8688,,160,,,,,,,raw,experiments_cloud/results/proprietary_semantic_multi.csv,upstream source_file: experiments_cloud/results/semantic/claude-sonnet/sweep_full_20260515_205747.json
01_fvq_cvq,claude-4.5-sonnet,Claude-4.5,True,base,semantic_multi,,40,15,FVQ,semantic,first,1.0,,1.0,1.0,,160,,,,,,,raw,experiments_cloud/results/proprietary_semantic_multi.csv,upstream source_file: experiments_cloud/results/semantic/claude-sonnet/sweep_full_20260515_205747.json
01_fvq_cvq,claude-4.5-sonnet,Claude-4.5,True,base,semantic_multi,,40,20,CVQ,semantic,last,0.7375,,0.6688,0.8062,,160,,,,,,,raw,experiments_cloud/results/proprietary_semantic_multi.csv,upstream source_file: experiments_cloud/results/semantic/claude-sonnet/sweep_full_20260515_205747.json
01_fvq_cvq,claude-4.5-sonnet,Claude-4.5,True,base,semantic_multi,,40,20,FVQ,semantic,first,1.0,,1.0,1.0,,160,,,,,,,raw,experiments_cloud/results/proprietary_semantic_multi.csv,upstream source_file: experiments_cloud/results/semantic/claude-sonnet/sweep_full_20260515_205747.json
01_fvq_cvq,claude-4.5-sonnet,Claude-4.5,True,base,semantic_multi,,40,30,CVQ,semantic,last,0.645,,0.575,0.71,,200,,,,,,,raw,experiments_cloud/results/proprietary_semantic_multi.csv,upstream source_file: experiments_cloud/results/semantic/claude-sonnet/sweep_full_20260515_205747.json
01_fvq_cvq,claude-4.5-sonnet,Claude-4.5,True,base,semantic_multi,,40,30,FVQ,semantic,first,1.0,,1.0,1.0,,200,,,,,,,raw,experiments_cloud/results/proprietary_semantic_multi.csv,upstream source_file: experiments_cloud/results/semantic/claude-sonnet/sweep_full_20260515_205747.json
01_fvq_cvq,claude-4.5-sonnet,Claude-4.5,True,base,semantic_multi,,40,50,CVQ,semantic,last,0.7562,,0.6938,0.8188,,160,,,,,,,raw,experiments_cloud/results/proprietary_semantic_multi.csv,upstream source_file: experiments_cloud/results/semantic/claude-sonnet/sweep_full_20260515_205747.json
01_fvq_cvq,claude-4.5-sonnet,Claude-4.5,True,base,semantic_multi,,40,50,FVQ,semantic,first,1.0,,1.0,1.0,,160,,,,,,,raw,experiments_cloud/results/proprietary_semantic_multi.csv,upstream source_file: experiments_cloud/results/semantic/claude-sonnet/sweep_full_20260515_205747.json
01_fvq_cvq,claude-4.5-sonnet,Claude-4.5,True,base,semantic_multi,,45,1,CVQ,semantic,last,1.0,,1.0,1.0,,80,,,,,,,raw,experiments_cloud/results/proprietary_semantic_multi.csv,upstream source_file: experiments_cloud/results/semantic/claude-sonnet/sweep_full_20260515_205747.json
01_fvq_cvq,claude-4.5-sonnet,Claude-4.5,True,base,semantic_multi,,45,1,FVQ,semantic,first,0.9375,,0.875,0.9875,,80,,,,,,,raw,experiments_cloud/results/proprietary_semantic_multi.csv,upstream source_file: experiments_cloud/results/semantic/claude-sonnet/sweep_full_20260515_205747.json
01_fvq_cvq,claude-4.5-sonnet,Claude-4.5,True,base,semantic_multi,,45,5,CVQ,semantic,last,1.0,,1.0,1.0,,40,,,,,,,raw,experiments_cloud/results/proprietary_semantic_multi.csv,upstream source_file: experiments_cloud/results/semantic/claude-sonnet/sweep_full_20260515_205747.json
01_fvq_cvq,claude-4.5-sonnet,Claude-4.5,True,base,semantic_multi,,45,5,FVQ,semantic,first,1.0,,1.0,1.0,,40,,,,,,,raw,experiments_cloud/results/proprietary_semantic_multi.csv,upstream source_file: experiments_cloud/results/semantic/claude-sonnet/sweep_full_20260515_205747.json
01_fvq_cvq,claude-4.5-sonnet,Claude-4.5,True,base,semantic_multi,,45,10,CVQ,semantic,last,0.8417,,0.775,0.9083,,120,,,,,,,raw,experiments_cloud/results/proprietary_semantic_multi.csv,upstream source_file: experiments_cloud/results/semantic/claude-sonnet/sweep_full_20260515_205747.json
01_fvq_cvq,claude-4.5-sonnet,Claude-4.5,True,base,semantic_multi,,45,10,FVQ,semantic,first,1.0,,1.0,1.0,,120,,,,,,,raw,experiments_cloud/results/proprietary_semantic_multi.csv,upstream source_file: experiments_cloud/results/semantic/claude-sonnet/sweep_full_20260515_205747.json
01_fvq_cvq,claude-4.5-sonnet,Claude-4.5,True,base,semantic_multi,,45,15,CVQ,semantic,last,0.8083,,0.7333,0.875,,120,,,,,,,raw,experiments_cloud/results/proprietary_semantic_multi.csv,upstream source_file: experiments_cloud/results/semantic/claude-sonnet/sweep_full_20260515_205747.json
01_fvq_cvq,claude-4.5-sonnet,Claude-4.5,True,base,semantic_multi,,45,15,FVQ,semantic,first,1.0,,1.0,1.0,,120,,,,,,,raw,experiments_cloud/results/proprietary_semantic_multi.csv,upstream source_file: experiments_cloud/results/semantic/claude-sonnet/sweep_full_20260515_205747.json
01_fvq_cvq,claude-4.5-sonnet,Claude-4.5,True,base,semantic_multi,,45,20,CVQ,semantic,last,0.685,,0.62,0.75,,200,,,,,,,raw,experiments_cloud/results/proprietary_semantic_multi.csv,upstream source_file: experiments_cloud/results/semantic/claude-sonnet/sweep_full_20260515_205747.json
01_fvq_cvq,claude-4.5-sonnet,Claude-4.5,True,base,semantic_multi,,45,20,FVQ,semantic,first,1.0,,1.0,1.0,,200,,,,,,,raw,experiments_cloud/results/proprietary_semantic_multi.csv,upstream source_file: experiments_cloud/results/semantic/claude-sonnet/sweep_full_20260515_205747.json
01_fvq_cvq,claude-4.5-sonnet,Claude-4.5,True,base,semantic_multi,,45,30,CVQ,semantic,last,0.64,,0.57,0.71,,200,,,,,,,raw,experiments_cloud/results/proprietary_semantic_multi.csv,upstream source_file: experiments_cloud/results/semantic/claude-sonnet/sweep_full_20260515_205747.json
01_fvq_cvq,claude-4.5-sonnet,Claude-4.5,True,base,semantic_multi,,45,30,FVQ,semantic,first,0.99,,0.975,1.0,,200,,,,,,,raw,experiments_cloud/results/proprietary_semantic_multi.csv,upstream source_file: experiments_cloud/results/semantic/claude-sonnet/sweep_full_20260515_205747.json
01_fvq_cvq,gemini-2.5-flash,Gemini-2.5,True,base,semantic_multi,,1,1,CVQ,semantic,last,1.0,,1.0,1.0,,40,,,,,,,raw,experiments_cloud/results/proprietary_semantic_multi.csv,upstream source_file: experiments_cloud/results/semantic_k1/gemini-2.5-flash/sweep_full_20260519_144645.json
01_fvq_cvq,gemini-2.5-flash,Gemini-2.5,True,base,semantic_multi,,1,1,FVQ,semantic,first,1.0,,1.0,1.0,,40,,,,,,,raw,experiments_cloud/results/proprietary_semantic_multi.csv,upstream source_file: experiments_cloud/results/semantic_k1/gemini-2.5-flash/sweep_full_20260519_144645.json
01_fvq_cvq,gemini-2.5-flash,Gemini-2.5,True,base,semantic_multi,,1,5,CVQ,semantic,last,1.0,,1.0,1.0,,40,,,,,,,raw,experiments_cloud/results/proprietary_semantic_multi.csv,upstream source_file: experiments_cloud/results/semantic_k1/gemini-2.5-flash/sweep_full_20260519_144645.json
01_fvq_cvq,gemini-2.5-flash,Gemini-2.5,True,base,semantic_multi,,1,5,FVQ,semantic,first,1.0,,1.0,1.0,,40,,,,,,,raw,experiments_cloud/results/proprietary_semantic_multi.csv,upstream source_file: experiments_cloud/results/semantic_k1/gemini-2.5-flash/sweep_full_20260519_144645.json
01_fvq_cvq,gemini-2.5-flash,Gemini-2.5,True,base,semantic_multi,,1,10,CVQ,semantic,last,1.0,,1.0,1.0,,40,,,,,,,raw,experiments_cloud/results/proprietary_semantic_multi.csv,upstream source_file: experiments_cloud/results/semantic_k1/gemini-2.5-flash/sweep_full_20260519_144645.json
01_fvq_cvq,gemini-2.5-flash,Gemini-2.5,True,base,semantic_multi,,1,10,FVQ,semantic,first,1.0,,1.0,1.0,,40,,,,,,,raw,experiments_cloud/results/proprietary_semantic_multi.csv,upstream source_file: experiments_cloud/results/semantic_k1/gemini-2.5-flash/sweep_full_20260519_144645.json
01_fvq_cvq,gemini-2.5-flash,Gemini-2.5,True,base,semantic_multi,,1,15,CVQ,semantic,last,1.0,,1.0,1.0,,40,,,,,,,raw,experiments_cloud/results/proprietary_semantic_multi.csv,upstream source_file: experiments_cloud/results/semantic_k1/gemini-2.5-flash/sweep_full_20260519_144645.json
01_fvq_cvq,gemini-2.5-flash,Gemini-2.5,True,base,semantic_multi,,1,15,FVQ,semantic,first,1.0,,1.0,1.0,,40,,,,,,,raw,experiments_cloud/results/proprietary_semantic_multi.csv,upstream source_file: experiments_cloud/results/semantic_k1/gemini-2.5-flash/sweep_full_20260519_144645.json
01_fvq_cvq,gemini-2.5-flash,Gemini-2.5,True,base,semantic_multi,,1,20,CVQ,semantic,last,1.0,,1.0,1.0,,40,,,,,,,raw,experiments_cloud/results/proprietary_semantic_multi.csv,upstream source_file: experiments_cloud/results/semantic_k1/gemini-2.5-flash/sweep_full_20260519_144645.json
01_fvq_cvq,gemini-2.5-flash,Gemini-2.5,True,base,semantic_multi,,1,20,FVQ,semantic,first,1.0,,1.0,1.0,,40,,,,,,,raw,experiments_cloud/results/proprietary_semantic_multi.csv,upstream source_file: experiments_cloud/results/semantic_k1/gemini-2.5-flash/sweep_full_20260519_144645.json
01_fvq_cvq,gemini-2.5-flash,Gemini-2.5,True,base,semantic_multi,,1,30,CVQ,semantic,last,1.0,,1.0,1.0,,40,,,,,,,raw,experiments_cloud/results/proprietary_semantic_multi.csv,upstream source_file: experiments_cloud/results/semantic_k1/gemini-2.5-flash/sweep_full_20260519_144645.json
01_fvq_cvq,gemini-2.5-flash,Gemini-2.5,True,base,semantic_multi,,1,30,FVQ,semantic,first,1.0,,1.0,1.0,,40,,,,,,,raw,experiments_cloud/results/proprietary_semantic_multi.csv,upstream source_file: experiments_cloud/results/semantic_k1/gemini-2.5-flash/sweep_full_20260519_144645.json
01_fvq_cvq,gemini-2.5-flash,Gemini-2.5,True,base,semantic_multi,,1,50,CVQ,semantic,last,1.0,,1.0,1.0,,40,,,,,,,raw,experiments_cloud/results/proprietary_semantic_multi.csv,upstream source_file: experiments_cloud/results/semantic_k1/gemini-2.5-flash/sweep_full_20260519_144645.json
01_fvq_cvq,gemini-2.5-flash,Gemini-2.5,True,base,semantic_multi,,1,50,FVQ,semantic,first,1.0,,1.0,1.0,,40,,,,,,,raw,experiments_cloud/results/proprietary_semantic_multi.csv,upstream source_file: experiments_cloud/results/semantic_k1/gemini-2.5-flash/sweep_full_20260519_144645.json
01_fvq_cvq,gemini-2.5-flash,Gemini-2.5,True,base,semantic_multi,,2,1,CVQ,semantic,last,1.0,,1.0,1.0,,50,,,,,,,raw,experiments_cloud/results/proprietary_semantic_multi.csv,upstream source_file: experiments_cloud/results/semantic/gemini-2.5-flash/sweep_full_20260301_144813.json
01_fvq_cvq,gemini-2.5-flash,Gemini-2.5,True,base,semantic_multi,,2,1,FVQ,semantic,first,1.0,,1.0,1.0,,50,,,,,,,raw,experiments_cloud/results/proprietary_semantic_multi.csv,upstream source_file: experiments_cloud/results/semantic/gemini-2.5-flash/sweep_full_20260301_144813.json
01_fvq_cvq,gemini-2.5-flash,Gemini-2.5,True,base,semantic_multi,,2,5,CVQ,semantic,last,1.0,,1.0,1.0,,50,,,,,,,raw,experiments_cloud/results/proprietary_semantic_multi.csv,upstream source_file: experiments_cloud/results/semantic/gemini-2.5-flash/sweep_full_20260301_144813.json
01_fvq_cvq,gemini-2.5-flash,Gemini-2.5,True,base,semantic_multi,,2,5,FVQ,semantic,first,1.0,,1.0,1.0,,50,,,,,,,raw,experiments_cloud/results/proprietary_semantic_multi.csv,upstream source_file: experiments_cloud/results/semantic/gemini-2.5-flash/sweep_full_20260301_144813.json
01_fvq_cvq,gemini-2.5-flash,Gemini-2.5,True,base,semantic_multi,,2,10,CVQ,semantic,last,1.0,,1.0,1.0,,50,,,,,,,raw,experiments_cloud/results/proprietary_semantic_multi.csv,upstream source_file: experiments_cloud/results/semantic/gemini-2.5-flash/sweep_full_20260301_144813.json
01_fvq_cvq,gemini-2.5-flash,Gemini-2.5,True,base,semantic_multi,,2,10,FVQ,semantic,first,1.0,,1.0,1.0,,50,,,,,,,raw,experiments_cloud/results/proprietary_semantic_multi.csv,upstream source_file: experiments_cloud/results/semantic/gemini-2.5-flash/sweep_full_20260301_144813.json
01_fvq_cvq,gemini-2.5-flash,Gemini-2.5,True,base,semantic_multi,,2,15,CVQ,semantic,last,1.0,,1.0,1.0,,50,,,,,,,raw,experiments_cloud/results/proprietary_semantic_multi.csv,upstream source_file: experiments_cloud/results/semantic/gemini-2.5-flash/sweep_full_20260301_144813.json
01_fvq_cvq,gemini-2.5-flash,Gemini-2.5,True,base,semantic_multi,,2,15,FVQ,semantic,first,1.0,,1.0,1.0,,50,,,,,,,raw,experiments_cloud/results/proprietary_semantic_multi.csv,upstream source_file: experiments_cloud/results/semantic/gemini-2.5-flash/sweep_full_20260301_144813.json
01_fvq_cvq,gemini-2.5-flash,Gemini-2.5,True,base,semantic_multi,,2,20,CVQ,semantic,last,1.0,,1.0,1.0,,50,,,,,,,raw,experiments_cloud/results/proprietary_semantic_multi.csv,upstream source_file: experiments_cloud/results/semantic/gemini-2.5-flash/sweep_full_20260301_144813.json
01_fvq_cvq,gemini-2.5-flash,Gemini-2.5,True,base,semantic_multi,,2,20,FVQ,semantic,first,1.0,,1.0,1.0,,50,,,,,,,raw,experiments_cloud/results/proprietary_semantic_multi.csv,upstream source_file: experiments_cloud/results/semantic/gemini-2.5-flash/sweep_full_20260301_144813.json
01_fvq_cvq,gemini-2.5-flash,Gemini-2.5,True,base,semantic_multi,,2,30,CVQ,semantic,last,1.0,,1.0,1.0,,50,,,,,,,raw,experiments_cloud/results/proprietary_semantic_multi.csv,upstream source_file: experiments_cloud/results/semantic/gemini-2.5-flash/sweep_full_20260301_144813.json
01_fvq_cvq,gemini-2.5-flash,Gemini-2.5,True,base,semantic_multi,,2,30,FVQ,semantic,first,1.0,,1.0,1.0,,50,,,,,,,raw,experiments_cloud/results/proprietary_semantic_multi.csv,upstream source_file: experiments_cloud/results/semantic/gemini-2.5-flash/sweep_full_20260301_144813.json
01_fvq_cvq,gemini-2.5-flash,Gemini-2.5,True,base,semantic_multi,,2,50,CVQ,semantic,last,0.98,,0.94,1.0,,50,,,,,,,raw,experiments_cloud/results/proprietary_semantic_multi.csv,upstream source_file: experiments_cloud/results/semantic/gemini-2.5-flash/sweep_full_20260301_144813.json
01_fvq_cvq,gemini-2.5-flash,Gemini-2.5,True,base,semantic_multi,,2,50,FVQ,semantic,first,1.0,,1.0,1.0,,50,,,,,,,raw,experiments_cloud/results/proprietary_semantic_multi.csv,upstream source_file: experiments_cloud/results/semantic/gemini-2.5-flash/sweep_full_20260301_144813.json
01_fvq_cvq,gemini-2.5-flash,Gemini-2.5,True,base,semantic_multi,,5,1,CVQ,semantic,last,1.0,,1.0,1.0,,50,,,,,,,raw,experiments_cloud/results/proprietary_semantic_multi.csv,upstream source_file: experiments_cloud/results/semantic/gemini-2.5-flash/sweep_full_20260301_144813.json
01_fvq_cvq,gemini-2.5-flash,Gemini-2.5,True,base,semantic_multi,,5,1,FVQ,semantic,first,1.0,,1.0,1.0,,50,,,,,,,raw,experiments_cloud/results/proprietary_semantic_multi.csv,upstream source_file: experiments_cloud/results/semantic/gemini-2.5-flash/sweep_full_20260301_144813.json
01_fvq_cvq,gemini-2.5-flash,Gemini-2.5,True,base,semantic_multi,,5,5,CVQ,semantic,last,1.0,,1.0,1.0,,50,,,,,,,raw,experiments_cloud/results/proprietary_semantic_multi.csv,upstream source_file: experiments_cloud/results/semantic/gemini-2.5-flash/sweep_full_20260301_144813.json
01_fvq_cvq,gemini-2.5-flash,Gemini-2.5,True,base,semantic_multi,,5,5,FVQ,semantic,first,1.0,,1.0,1.0,,50,,,,,,,raw,experiments_cloud/results/proprietary_semantic_multi.csv,upstream source_file: experiments_cloud/results/semantic/gemini-2.5-flash/sweep_full_20260301_144813.json
01_fvq_cvq,gemini-2.5-flash,Gemini-2.5,True,base,semantic_multi,,5,10,CVQ,semantic,last,1.0,,1.0,1.0,,50,,,,,,,raw,experiments_cloud/results/proprietary_semantic_multi.csv,upstream source_file: experiments_cloud/results/semantic/gemini-2.5-flash/sweep_full_20260301_144813.json
01_fvq_cvq,gemini-2.5-flash,Gemini-2.5,True,base,semantic_multi,,5,10,FVQ,semantic,first,1.0,,1.0,1.0,,50,,,,,,,raw,experiments_cloud/results/proprietary_semantic_multi.csv,upstream source_file: experiments_cloud/results/semantic/gemini-2.5-flash/sweep_full_20260301_144813.json
01_fvq_cvq,gemini-2.5-flash,Gemini-2.5,True,base,semantic_multi,,5,15,CVQ,semantic,last,0.96,,0.9,1.0,,50,,,,,,,raw,experiments_cloud/results/proprietary_semantic_multi.csv,upstream source_file: experiments_cloud/results/semantic/gemini-2.5-flash/sweep_full_20260301_144813.json
01_fvq_cvq,gemini-2.5-flash,Gemini-2.5,True,base,semantic_multi,,5,15,FVQ,semantic,first,1.0,,1.0,1.0,,50,,,,,,,raw,experiments_cloud/results/proprietary_semantic_multi.csv,upstream source_file: experiments_cloud/results/semantic/gemini-2.5-flash/sweep_full_20260301_144813.json
01_fvq_cvq,gemini-2.5-flash,Gemini-2.5,True,base,semantic_multi,,5,20,CVQ,semantic,last,0.98,,0.94,1.0,,50,,,,,,,raw,experiments_cloud/results/proprietary_semantic_multi.csv,upstream source_file: experiments_cloud/results/semantic/gemini-2.5-flash/sweep_full_20260301_144813.json
01_fvq_cvq,gemini-2.5-flash,Gemini-2.5,True,base,semantic_multi,,5,20,FVQ,semantic,first,1.0,,1.0,1.0,,50,,,,,,,raw,experiments_cloud/results/proprietary_semantic_multi.csv,upstream source_file: experiments_cloud/results/semantic/gemini-2.5-flash/sweep_full_20260301_144813.json
01_fvq_cvq,gemini-2.5-flash,Gemini-2.5,True,base,semantic_multi,,5,30,CVQ,semantic,last,0.92,,0.8533,0.9733,,75,,,,,,,raw,experiments_cloud/results/proprietary_semantic_multi.csv,upstream source_file: experiments_cloud/results/semantic/gemini-2.5-flash/sweep_full_20260301_144813.json
01_fvq_cvq,gemini-2.5-flash,Gemini-2.5,True,base,semantic_multi,,5,30,FVQ,semantic,first,1.0,,1.0,1.0,,75,,,,,,,raw,experiments_cloud/results/proprietary_semantic_multi.csv,upstream source_file: experiments_cloud/results/semantic/gemini-2.5-flash/sweep_full_20260301_144813.json
01_fvq_cvq,gemini-2.5-flash,Gemini-2.5,True,base,semantic_multi,,5,50,CVQ,semantic,last,0.848,,0.784,0.912,,125,,,,,,,raw,experiments_cloud/results/proprietary_semantic_multi.csv,upstream source_file: experiments_cloud/results/semantic/gemini-2.5-flash/sweep_full_20260301_144813.json
01_fvq_cvq,gemini-2.5-flash,Gemini-2.5,True,base,semantic_multi,,5,50,FVQ,semantic,first,1.0,,1.0,1.0,,125,,,,,,,raw,experiments_cloud/results/proprietary_semantic_multi.csv,upstream source_file: experiments_cloud/results/semantic/gemini-2.5-flash/sweep_full_20260301_144813.json
01_fvq_cvq,gemini-2.5-flash,Gemini-2.5,True,base,semantic_multi,,10,1,CVQ,semantic,last,1.0,,1.0,1.0,,50,,,,,,,raw,experiments_cloud/results/proprietary_semantic_multi.csv,upstream source_file: experiments_cloud/results/semantic/gemini-2.5-flash/sweep_full_20260301_144813.json
01_fvq_cvq,gemini-2.5-flash,Gemini-2.5,True,base,semantic_multi,,10,1,FVQ,semantic,first,1.0,,1.0,1.0,,50,,,,,,,raw,experiments_cloud/results/proprietary_semantic_multi.csv,upstream source_file: experiments_cloud/results/semantic/gemini-2.5-flash/sweep_full_20260301_144813.json
01_fvq_cvq,gemini-2.5-flash,Gemini-2.5,True,base,semantic_multi,,10,5,CVQ,semantic,last,1.0,,1.0,1.0,,50,,,,,,,raw,experiments_cloud/results/proprietary_semantic_multi.csv,upstream source_file: experiments_cloud/results/semantic/gemini-2.5-flash/sweep_full_20260301_144813.json
01_fvq_cvq,gemini-2.5-flash,Gemini-2.5,True,base,semantic_multi,,10,5,FVQ,semantic,first,1.0,,1.0,1.0,,50,,,,,,,raw,experiments_cloud/results/proprietary_semantic_multi.csv,upstream source_file: experiments_cloud/results/semantic/gemini-2.5-flash/sweep_full_20260301_144813.json
01_fvq_cvq,gemini-2.5-flash,Gemini-2.5,True,base,semantic_multi,,10,10,CVQ,semantic,last,0.98,,0.94,1.0,,50,,,,,,,raw,experiments_cloud/results/proprietary_semantic_multi.csv,upstream source_file: experiments_cloud/results/semantic/gemini-2.5-flash/sweep_full_20260301_144813.json
01_fvq_cvq,gemini-2.5-flash,Gemini-2.5,True,base,semantic_multi,,10,10,FVQ,semantic,first,1.0,,1.0,1.0,,50,,,,,,,raw,experiments_cloud/results/proprietary_semantic_multi.csv,upstream source_file: experiments_cloud/results/semantic/gemini-2.5-flash/sweep_full_20260301_144813.json
01_fvq_cvq,gemini-2.5-flash,Gemini-2.5,True,base,semantic_multi,,10,15,CVQ,semantic,last,0.98,,0.94,1.0,,50,,,,,,,raw,experiments_cloud/results/proprietary_semantic_multi.csv,upstream source_file: experiments_cloud/results/semantic/gemini-2.5-flash/sweep_full_20260301_144813.json
01_fvq_cvq,gemini-2.5-flash,Gemini-2.5,True,base,semantic_multi,,10,15,FVQ,semantic,first,1.0,,1.0,1.0,,50,,,,,,,raw,experiments_cloud/results/proprietary_semantic_multi.csv,upstream source_file: experiments_cloud/results/semantic/gemini-2.5-flash/sweep_full_20260301_144813.json
01_fvq_cvq,gemini-2.5-flash,Gemini-2.5,True,base,semantic_multi,,10,20,CVQ,semantic,last,0.9067,,0.84,0.9733,,75,,,,,,,raw,experiments_cloud/results/proprietary_semantic_multi.csv,upstream source_file: experiments_cloud/results/semantic/gemini-2.5-flash/sweep_full_20260301_144813.json
01_fvq_cvq,gemini-2.5-flash,Gemini-2.5,True,base,semantic_multi,,10,20,FVQ,semantic,first,1.0,,1.0,1.0,,75,,,,,,,raw,experiments_cloud/results/proprietary_semantic_multi.csv,upstream source_file: experiments_cloud/results/semantic/gemini-2.5-flash/sweep_full_20260301_144813.json
01_fvq_cvq,gemini-2.5-flash,Gemini-2.5,True,base,semantic_multi,,10,30,CVQ,semantic,last,0.9333,,0.8667,0.9867,,75,,,,,,,raw,experiments_cloud/results/proprietary_semantic_multi.csv,upstream source_file: experiments_cloud/results/semantic/gemini-2.5-flash/sweep_full_20260301_144813.json
01_fvq_cvq,gemini-2.5-flash,Gemini-2.5,True,base,semantic_multi,,10,30,FVQ,semantic,first,1.0,,1.0,1.0,,75,,,,,,,raw,experiments_cloud/results/proprietary_semantic_multi.csv,upstream source_file: experiments_cloud/results/semantic/gemini-2.5-flash/sweep_full_20260301_144813.json
01_fvq_cvq,gemini-2.5-flash,Gemini-2.5,True,base,semantic_multi,,10,50,CVQ,semantic,last,0.8,,0.728,0.864,,125,,,,,,,raw,experiments_cloud/results/proprietary_semantic_multi.csv,upstream source_file: experiments_cloud/results/semantic/gemini-2.5-flash/sweep_full_20260301_144813.json
01_fvq_cvq,gemini-2.5-flash,Gemini-2.5,True,base,semantic_multi,,10,50,FVQ,semantic,first,1.0,,1.0,1.0,,125,,,,,,,raw,experiments_cloud/results/proprietary_semantic_multi.csv,upstream source_file: experiments_cloud/results/semantic/gemini-2.5-flash/sweep_full_20260301_144813.json
01_fvq_cvq,gemini-2.5-flash,Gemini-2.5,True,base,semantic_multi,,15,1,CVQ,semantic,last,1.0,,1.0,1.0,,50,,,,,,,raw,experiments_cloud/results/proprietary_semantic_multi.csv,upstream source_file: experiments_cloud/results/semantic/gemini-2.5-flash/sweep_full_20260301_144813.json
01_fvq_cvq,gemini-2.5-flash,Gemini-2.5,True,base,semantic_multi,,15,1,FVQ,semantic,first,1.0,,1.0,1.0,,50,,,,,,,raw,experiments_cloud/results/proprietary_semantic_multi.csv,upstream source_file: experiments_cloud/results/semantic/gemini-2.5-flash/sweep_full_20260301_144813.json
01_fvq_cvq,gemini-2.5-flash,Gemini-2.5,True,base,semantic_multi,,15,5,CVQ,semantic,last,1.0,,1.0,1.0,,50,,,,,,,raw,experiments_cloud/results/proprietary_semantic_multi.csv,upstream source_file: experiments_cloud/results/semantic/gemini-2.5-flash/sweep_full_20260301_144813.json
01_fvq_cvq,gemini-2.5-flash,Gemini-2.5,True,base,semantic_multi,,15,5,FVQ,semantic,first,1.0,,1.0,1.0,,50,,,,,,,raw,experiments_cloud/results/proprietary_semantic_multi.csv,upstream source_file: experiments_cloud/results/semantic/gemini-2.5-flash/sweep_full_20260301_144813.json
01_fvq_cvq,gemini-2.5-flash,Gemini-2.5,True,base,semantic_multi,,15,10,CVQ,semantic,last,1.0,,1.0,1.0,,50,,,,,,,raw,experiments_cloud/results/proprietary_semantic_multi.csv,upstream source_file: experiments_cloud/results/semantic/gemini-2.5-flash/sweep_full_20260301_144813.json
01_fvq_cvq,gemini-2.5-flash,Gemini-2.5,True,base,semantic_multi,,15,10,FVQ,semantic,first,1.0,,1.0,1.0,,50,,,,,,,raw,experiments_cloud/results/proprietary_semantic_multi.csv,upstream source_file: experiments_cloud/results/semantic/gemini-2.5-flash/sweep_full_20260301_144813.json
01_fvq_cvq,gemini-2.5-flash,Gemini-2.5,True,base,semantic_multi,,15,15,CVQ,semantic,last,0.9333,,0.88,0.9867,,75,,,,,,,raw,experiments_cloud/results/proprietary_semantic_multi.csv,upstream source_file: experiments_cloud/results/semantic/gemini-2.5-flash/sweep_full_20260301_144813.json
01_fvq_cvq,gemini-2.5-flash,Gemini-2.5,True,base,semantic_multi,,15,15,FVQ,semantic,first,1.0,,1.0,1.0,,75,,,,,,,raw,experiments_cloud/results/proprietary_semantic_multi.csv,upstream source_file: experiments_cloud/results/semantic/gemini-2.5-flash/sweep_full_20260301_144813.json
01_fvq_cvq,gemini-2.5-flash,Gemini-2.5,True,base,semantic_multi,,15,20,CVQ,semantic,last,0.848,,0.784,0.904,,125,,,,,,,raw,experiments_cloud/results/proprietary_semantic_multi.csv,upstream source_file: experiments_cloud/results/semantic/gemini-2.5-flash/sweep_full_20260301_144813.json
01_fvq_cvq,gemini-2.5-flash,Gemini-2.5,True,base,semantic_multi,,15,20,FVQ,semantic,first,1.0,,1.0,1.0,,125,,,,,,,raw,experiments_cloud/results/proprietary_semantic_multi.csv,upstream source_file: experiments_cloud/results/semantic/gemini-2.5-flash/sweep_full_20260301_144813.json
01_fvq_cvq,gemini-2.5-flash,Gemini-2.5,True,base,semantic_multi,,15,30,CVQ,semantic,last,0.824,,0.76,0.888,,125,,,,,,,raw,experiments_cloud/results/proprietary_semantic_multi.csv,upstream source_file: experiments_cloud/results/semantic/gemini-2.5-flash/sweep_full_20260301_144813.json
01_fvq_cvq,gemini-2.5-flash,Gemini-2.5,True,base,semantic_multi,,15,30,FVQ,semantic,first,1.0,,1.0,1.0,,125,,,,,,,raw,experiments_cloud/results/proprietary_semantic_multi.csv,upstream source_file: experiments_cloud/results/semantic/gemini-2.5-flash/sweep_full_20260301_144813.json
01_fvq_cvq,gemini-2.5-flash,Gemini-2.5,True,base,semantic_multi,,15,50,CVQ,semantic,last,0.6629,,0.5886,0.7371,,175,,,,,,,raw,experiments_cloud/results/proprietary_semantic_multi.csv,upstream source_file: experiments_cloud/results/semantic/gemini-2.5-flash/sweep_full_20260301_144813.json
01_fvq_cvq,gemini-2.5-flash,Gemini-2.5,True,base,semantic_multi,,15,50,FVQ,semantic,first,1.0,,1.0,1.0,,175,,,,,,,raw,experiments_cloud/results/proprietary_semantic_multi.csv,upstream source_file: experiments_cloud/results/semantic/gemini-2.5-flash/sweep_full_20260301_144813.json
01_fvq_cvq,gemini-2.5-flash,Gemini-2.5,True,base,semantic_multi,,20,1,CVQ,semantic,last,1.0,,1.0,1.0,,50,,,,,,,raw,experiments_cloud/results/proprietary_semantic_multi.csv,upstream source_file: experiments_cloud/results/semantic/gemini-2.5-flash/sweep_full_20260301_144813.json
01_fvq_cvq,gemini-2.5-flash,Gemini-2.5,True,base,semantic_multi,,20,1,FVQ,semantic,first,1.0,,1.0,1.0,,50,,,,,,,raw,experiments_cloud/results/proprietary_semantic_multi.csv,upstream source_file: experiments_cloud/results/semantic/gemini-2.5-flash/sweep_full_20260301_144813.json
01_fvq_cvq,gemini-2.5-flash,Gemini-2.5,True,base,semantic_multi,,20,5,CVQ,semantic,last,0.98,,0.94,1.0,,50,,,,,,,raw,experiments_cloud/results/proprietary_semantic_multi.csv,upstream source_file: experiments_cloud/results/semantic/gemini-2.5-flash/sweep_full_20260301_144813.json
01_fvq_cvq,gemini-2.5-flash,Gemini-2.5,True,base,semantic_multi,,20,5,FVQ,semantic,first,1.0,,1.0,1.0,,50,,,,,,,raw,experiments_cloud/results/proprietary_semantic_multi.csv,upstream source_file: experiments_cloud/results/semantic/gemini-2.5-flash/sweep_full_20260301_144813.json
01_fvq_cvq,gemini-2.5-flash,Gemini-2.5,True,base,semantic_multi,,20,10,CVQ,semantic,last,0.9333,,0.8667,0.9867,,75,,,,,,,raw,experiments_cloud/results/proprietary_semantic_multi.csv,upstream source_file: experiments_cloud/results/semantic/gemini-2.5-flash/sweep_full_20260301_144813.json
01_fvq_cvq,gemini-2.5-flash,Gemini-2.5,True,base,semantic_multi,,20,10,FVQ,semantic,first,1.0,,1.0,1.0,,75,,,,,,,raw,experiments_cloud/results/proprietary_semantic_multi.csv,upstream source_file: experiments_cloud/results/semantic/gemini-2.5-flash/sweep_full_20260301_144813.json
01_fvq_cvq,gemini-2.5-flash,Gemini-2.5,True,base,semantic_multi,,20,15,CVQ,semantic,last,0.96,,0.9,1.0,,50,,,,,,,raw,experiments_cloud/results/proprietary_semantic_multi.csv,upstream source_file: experiments_cloud/results/semantic/gemini-2.5-flash/sweep_full_20260301_144813.json
01_fvq_cvq,gemini-2.5-flash,Gemini-2.5,True,base,semantic_multi,,20,15,FVQ,semantic,first,1.0,,1.0,1.0,,50,,,,,,,raw,experiments_cloud/results/proprietary_semantic_multi.csv,upstream source_file: experiments_cloud/results/semantic/gemini-2.5-flash/sweep_full_20260301_144813.json
01_fvq_cvq,gemini-2.5-flash,Gemini-2.5,True,base,semantic_multi,,20,20,CVQ,semantic,last,0.86,,0.79,0.92,,100,,,,,,,raw,experiments_cloud/results/proprietary_semantic_multi.csv,upstream source_file: experiments_cloud/results/semantic/gemini-2.5-flash/sweep_full_20260301_144813.json
01_fvq_cvq,gemini-2.5-flash,Gemini-2.5,True,base,semantic_multi,,20,20,FVQ,semantic,first,1.0,,1.0,1.0,,100,,,,,,,raw,experiments_cloud/results/proprietary_semantic_multi.csv,upstream source_file: experiments_cloud/results/semantic/gemini-2.5-flash/sweep_full_20260301_144813.json
01_fvq_cvq,gemini-2.5-flash,Gemini-2.5,True,base,semantic_multi,,20,30,CVQ,semantic,last,0.7867,,0.72,0.8533,,150,,,,,,,raw,experiments_cloud/results/proprietary_semantic_multi.csv,upstream source_file: experiments_cloud/results/semantic/gemini-2.5-flash/sweep_full_20260301_144813.json
01_fvq_cvq,gemini-2.5-flash,Gemini-2.5,True,base,semantic_multi,,20,30,FVQ,semantic,first,1.0,,1.0,1.0,,150,,,,,,,raw,experiments_cloud/results/proprietary_semantic_multi.csv,upstream source_file: experiments_cloud/results/semantic/gemini-2.5-flash/sweep_full_20260301_144813.json
01_fvq_cvq,gemini-2.5-flash,Gemini-2.5,True,base,semantic_multi,,20,50,CVQ,semantic,last,0.54,,0.475,0.61,,200,,,,,,,raw,experiments_cloud/results/proprietary_semantic_multi.csv,upstream source_file: experiments_cloud/results/semantic/gemini-2.5-flash/sweep_full_20260301_144813.json
01_fvq_cvq,gemini-2.5-flash,Gemini-2.5,True,base,semantic_multi,,20,50,FVQ,semantic,first,1.0,,1.0,1.0,,200,,,,,,,raw,experiments_cloud/results/proprietary_semantic_multi.csv,upstream source_file: experiments_cloud/results/semantic/gemini-2.5-flash/sweep_full_20260301_144813.json
01_fvq_cvq,gemini-2.5-flash,Gemini-2.5,True,base,semantic_multi,,25,1,CVQ,semantic,last,1.0,,1.0,1.0,,50,,,,,,,raw,experiments_cloud/results/proprietary_semantic_multi.csv,upstream source_file: experiments_cloud/results/semantic/gemini-2.5-flash/sweep_full_20260301_144813.json
01_fvq_cvq,gemini-2.5-flash,Gemini-2.5,True,base,semantic_multi,,25,1,FVQ,semantic,first,1.0,,1.0,1.0,,50,,,,,,,raw,experiments_cloud/results/proprietary_semantic_multi.csv,upstream source_file: experiments_cloud/results/semantic/gemini-2.5-flash/sweep_full_20260301_144813.json
01_fvq_cvq,gemini-2.5-flash,Gemini-2.5,True,base,semantic_multi,,25,5,CVQ,semantic,last,1.0,,1.0,1.0,,50,,,,,,,raw,experiments_cloud/results/proprietary_semantic_multi.csv,upstream source_file: experiments_cloud/results/semantic/gemini-2.5-flash/sweep_full_20260301_144813.json
01_fvq_cvq,gemini-2.5-flash,Gemini-2.5,True,base,semantic_multi,,25,5,FVQ,semantic,first,1.0,,1.0,1.0,,50,,,,,,,raw,experiments_cloud/results/proprietary_semantic_multi.csv,upstream source_file: experiments_cloud/results/semantic/gemini-2.5-flash/sweep_full_20260301_144813.json
01_fvq_cvq,gemini-2.5-flash,Gemini-2.5,True,base,semantic_multi,,25,10,CVQ,semantic,last,0.92,,0.8533,0.9733,,75,,,,,,,raw,experiments_cloud/results/proprietary_semantic_multi.csv,upstream source_file: experiments_cloud/results/semantic/gemini-2.5-flash/sweep_full_20260301_144813.json
01_fvq_cvq,gemini-2.5-flash,Gemini-2.5,True,base,semantic_multi,,25,10,FVQ,semantic,first,1.0,,1.0,1.0,,75,,,,,,,raw,experiments_cloud/results/proprietary_semantic_multi.csv,upstream source_file: experiments_cloud/results/semantic/gemini-2.5-flash/sweep_full_20260301_144813.json
01_fvq_cvq,gemini-2.5-flash,Gemini-2.5,True,base,semantic_multi,,25,15,CVQ,semantic,last,0.85,,0.77,0.91,,100,,,,,,,raw,experiments_cloud/results/proprietary_semantic_multi.csv,upstream source_file: experiments_cloud/results/semantic/gemini-2.5-flash/sweep_full_20260301_144813.json
01_fvq_cvq,gemini-2.5-flash,Gemini-2.5,True,base,semantic_multi,,25,15,FVQ,semantic,first,1.0,,1.0,1.0,,100,,,,,,,raw,experiments_cloud/results/proprietary_semantic_multi.csv,upstream source_file: experiments_cloud/results/semantic/gemini-2.5-flash/sweep_full_20260301_144813.json
01_fvq_cvq,gemini-2.5-flash,Gemini-2.5,True,base,semantic_multi,,25,20,CVQ,semantic,last,0.856,,0.792,0.912,,125,,,,,,,raw,experiments_cloud/results/proprietary_semantic_multi.csv,upstream source_file: experiments_cloud/results/semantic/gemini-2.5-flash/sweep_full_20260301_144813.json
01_fvq_cvq,gemini-2.5-flash,Gemini-2.5,True,base,semantic_multi,,25,20,FVQ,semantic,first,0.992,,0.976,1.0,,125,,,,,,,raw,experiments_cloud/results/proprietary_semantic_multi.csv,upstream source_file: experiments_cloud/results/semantic/gemini-2.5-flash/sweep_full_20260301_144813.json
01_fvq_cvq,gemini-2.5-flash,Gemini-2.5,True,base,semantic_multi,,25,30,CVQ,semantic,last,0.625,,0.55,0.695,,200,,,,,,,raw,experiments_cloud/results/proprietary_semantic_multi.csv,upstream source_file: experiments_cloud/results/semantic/gemini-2.5-flash/sweep_full_20260301_144813.json
01_fvq_cvq,gemini-2.5-flash,Gemini-2.5,True,base,semantic_multi,,25,30,FVQ,semantic,first,0.995,,0.985,1.0,,200,,,,,,,raw,experiments_cloud/results/proprietary_semantic_multi.csv,upstream source_file: experiments_cloud/results/semantic/gemini-2.5-flash/sweep_full_20260301_144813.json
01_fvq_cvq,gemini-2.5-flash,Gemini-2.5,True,base,semantic_multi,,25,50,CVQ,semantic,last,0.42,,0.355,0.485,,200,,,,,,,raw,experiments_cloud/results/proprietary_semantic_multi.csv,upstream source_file: experiments_cloud/results/semantic/gemini-2.5-flash/sweep_full_20260301_144813.json
01_fvq_cvq,gemini-2.5-flash,Gemini-2.5,True,base,semantic_multi,,25,50,FVQ,semantic,first,1.0,,1.0,1.0,,200,,,,,,,raw,experiments_cloud/results/proprietary_semantic_multi.csv,upstream source_file: experiments_cloud/results/semantic/gemini-2.5-flash/sweep_full_20260301_144813.json
01_fvq_cvq,gemini-2.5-flash,Gemini-2.5,True,base,semantic_multi,,30,1,CVQ,semantic,last,1.0,,1.0,1.0,,50,,,,,,,raw,experiments_cloud/results/proprietary_semantic_multi.csv,upstream source_file: experiments_cloud/results/semantic/gemini-2.5-flash/sweep_full_20260301_144813.json
01_fvq_cvq,gemini-2.5-flash,Gemini-2.5,True,base,semantic_multi,,30,1,FVQ,semantic,first,1.0,,1.0,1.0,,50,,,,,,,raw,experiments_cloud/results/proprietary_semantic_multi.csv,upstream source_file: experiments_cloud/results/semantic/gemini-2.5-flash/sweep_full_20260301_144813.json
01_fvq_cvq,gemini-2.5-flash,Gemini-2.5,True,base,semantic_multi,,30,5,CVQ,semantic,last,0.98,,0.94,1.0,,50,,,,,,,raw,experiments_cloud/results/proprietary_semantic_multi.csv,upstream source_file: experiments_cloud/results/semantic/gemini-2.5-flash/sweep_full_20260301_144813.json
01_fvq_cvq,gemini-2.5-flash,Gemini-2.5,True,base,semantic_multi,,30,5,FVQ,semantic,first,1.0,,1.0,1.0,,50,,,,,,,raw,experiments_cloud/results/proprietary_semantic_multi.csv,upstream source_file: experiments_cloud/results/semantic/gemini-2.5-flash/sweep_full_20260301_144813.json
01_fvq_cvq,gemini-2.5-flash,Gemini-2.5,True,base,semantic_multi,,30,10,CVQ,semantic,last,0.85,,0.78,0.92,,100,,,,,,,raw,experiments_cloud/results/proprietary_semantic_multi.csv,upstream source_file: experiments_cloud/results/semantic/gemini-2.5-flash/sweep_full_20260301_144813.json
01_fvq_cvq,gemini-2.5-flash,Gemini-2.5,True,base,semantic_multi,,30,10,FVQ,semantic,first,1.0,,1.0,1.0,,100,,,,,,,raw,experiments_cloud/results/proprietary_semantic_multi.csv,upstream source_file: experiments_cloud/results/semantic/gemini-2.5-flash/sweep_full_20260301_144813.json
01_fvq_cvq,gemini-2.5-flash,Gemini-2.5,True,base,semantic_multi,,30,15,CVQ,semantic,last,0.86,,0.79,0.93,,100,,,,,,,raw,experiments_cloud/results/proprietary_semantic_multi.csv,upstream source_file: experiments_cloud/results/semantic/gemini-2.5-flash/sweep_full_20260301_144813.json
01_fvq_cvq,gemini-2.5-flash,Gemini-2.5,True,base,semantic_multi,,30,15,FVQ,semantic,first,1.0,,1.0,1.0,,100,,,,,,,raw,experiments_cloud/results/proprietary_semantic_multi.csv,upstream source_file: experiments_cloud/results/semantic/gemini-2.5-flash/sweep_full_20260301_144813.json
01_fvq_cvq,gemini-2.5-flash,Gemini-2.5,True,base,semantic_multi,,30,20,CVQ,semantic,last,0.7486,,0.6857,0.8114,,175,,,,,,,raw,experiments_cloud/results/proprietary_semantic_multi.csv,upstream source_file: experiments_cloud/results/semantic/gemini-2.5-flash/sweep_full_20260301_144813.json
01_fvq_cvq,gemini-2.5-flash,Gemini-2.5,True,base,semantic_multi,,30,20,FVQ,semantic,first,1.0,,1.0,1.0,,175,,,,,,,raw,experiments_cloud/results/proprietary_semantic_multi.csv,upstream source_file: experiments_cloud/results/semantic/gemini-2.5-flash/sweep_full_20260301_144813.json
01_fvq_cvq,gemini-2.5-flash,Gemini-2.5,True,base,semantic_multi,,30,30,CVQ,semantic,last,0.485,,0.415,0.5551,,200,,,,,,,raw,experiments_cloud/results/proprietary_semantic_multi.csv,upstream source_file: experiments_cloud/results/semantic/gemini-2.5-flash/sweep_full_20260301_144813.json
01_fvq_cvq,gemini-2.5-flash,Gemini-2.5,True,base,semantic_multi,,30,30,FVQ,semantic,first,1.0,,1.0,1.0,,200,,,,,,,raw,experiments_cloud/results/proprietary_semantic_multi.csv,upstream source_file: experiments_cloud/results/semantic/gemini-2.5-flash/sweep_full_20260301_144813.json
01_fvq_cvq,gemini-2.5-flash,Gemini-2.5,True,base,semantic_multi,,30,50,CVQ,semantic,last,0.375,,0.31,0.445,,200,,,,,,,raw,experiments_cloud/results/proprietary_semantic_multi.csv,upstream source_file: experiments_cloud/results/semantic/gemini-2.5-flash/sweep_full_20260301_144813.json
01_fvq_cvq,gemini-2.5-flash,Gemini-2.5,True,base,semantic_multi,,30,50,FVQ,semantic,first,0.995,,0.985,1.0,,200,,,,,,,raw,experiments_cloud/results/proprietary_semantic_multi.csv,upstream source_file: experiments_cloud/results/semantic/gemini-2.5-flash/sweep_full_20260301_144813.json
01_fvq_cvq,gemini-2.5-flash,Gemini-2.5,True,base,semantic_multi,,40,1,CVQ,semantic,last,1.0,,1.0,1.0,,50,,,,,,,raw,experiments_cloud/results/proprietary_semantic_multi.csv,upstream source_file: experiments_cloud/results/semantic/gemini-2.5-flash/sweep_full_20260301_144813.json
01_fvq_cvq,gemini-2.5-flash,Gemini-2.5,True,base,semantic_multi,,40,1,FVQ,semantic,first,1.0,,1.0,1.0,,50,,,,,,,raw,experiments_cloud/results/proprietary_semantic_multi.csv,upstream source_file: experiments_cloud/results/semantic/gemini-2.5-flash/sweep_full_20260301_144813.json
01_fvq_cvq,gemini-2.5-flash,Gemini-2.5,True,base,semantic_multi,,40,5,CVQ,semantic,last,1.0,,1.0,1.0,,50,,,,,,,raw,experiments_cloud/results/proprietary_semantic_multi.csv,upstream source_file: experiments_cloud/results/semantic/gemini-2.5-flash/sweep_full_20260301_144813.json
01_fvq_cvq,gemini-2.5-flash,Gemini-2.5,True,base,semantic_multi,,40,5,FVQ,semantic,first,1.0,,1.0,1.0,,50,,,,,,,raw,experiments_cloud/results/proprietary_semantic_multi.csv,upstream source_file: experiments_cloud/results/semantic/gemini-2.5-flash/sweep_full_20260301_144813.json
01_fvq_cvq,gemini-2.5-flash,Gemini-2.5,True,base,semantic_multi,,40,10,CVQ,semantic,last,0.87,,0.8,0.93,,100,,,,,,,raw,experiments_cloud/results/proprietary_semantic_multi.csv,upstream source_file: experiments_cloud/results/semantic/gemini-2.5-flash/sweep_full_20260301_144813.json
01_fvq_cvq,gemini-2.5-flash,Gemini-2.5,True,base,semantic_multi,,40,10,FVQ,semantic,first,1.0,,1.0,1.0,,100,,,,,,,raw,experiments_cloud/results/proprietary_semantic_multi.csv,upstream source_file: experiments_cloud/results/semantic/gemini-2.5-flash/sweep_full_20260301_144813.json
01_fvq_cvq,gemini-2.5-flash,Gemini-2.5,True,base,semantic_multi,,40,15,CVQ,semantic,last,0.7533,,0.6867,0.8267,,150,,,,,,,raw,experiments_cloud/results/proprietary_semantic_multi.csv,upstream source_file: experiments_cloud/results/semantic/gemini-2.5-flash/sweep_full_20260301_144813.json
01_fvq_cvq,gemini-2.5-flash,Gemini-2.5,True,base,semantic_multi,,40,15,FVQ,semantic,first,1.0,,1.0,1.0,,150,,,,,,,raw,experiments_cloud/results/proprietary_semantic_multi.csv,upstream source_file: experiments_cloud/results/semantic/gemini-2.5-flash/sweep_full_20260301_144813.json
01_fvq_cvq,gemini-2.5-flash,Gemini-2.5,True,base,semantic_multi,,40,20,CVQ,semantic,last,0.63,,0.565,0.695,,200,,,,,,,raw,experiments_cloud/results/proprietary_semantic_multi.csv,upstream source_file: experiments_cloud/results/semantic/gemini-2.5-flash/sweep_full_20260301_144813.json
01_fvq_cvq,gemini-2.5-flash,Gemini-2.5,True,base,semantic_multi,,40,20,FVQ,semantic,first,0.995,,0.985,1.0,,200,,,,,,,raw,experiments_cloud/results/proprietary_semantic_multi.csv,upstream source_file: experiments_cloud/results/semantic/gemini-2.5-flash/sweep_full_20260301_144813.json
01_fvq_cvq,gemini-2.5-flash,Gemini-2.5,True,base,semantic_multi,,40,30,CVQ,semantic,last,0.48,,0.4099,0.545,,200,,,,,,,raw,experiments_cloud/results/proprietary_semantic_multi.csv,upstream source_file: experiments_cloud/results/semantic/gemini-2.5-flash/sweep_full_20260301_144813.json
01_fvq_cvq,gemini-2.5-flash,Gemini-2.5,True,base,semantic_multi,,40,30,FVQ,semantic,first,1.0,,1.0,1.0,,200,,,,,,,raw,experiments_cloud/results/proprietary_semantic_multi.csv,upstream source_file: experiments_cloud/results/semantic/gemini-2.5-flash/sweep_full_20260301_144813.json
01_fvq_cvq,gemini-2.5-flash,Gemini-2.5,True,base,semantic_multi,,40,50,CVQ,semantic,last,0.2857,,0.2171,0.3543,,175,,,,,,,raw,experiments_cloud/results/proprietary_semantic_multi.csv,upstream source_file: experiments_cloud/results/semantic/gemini-2.5-flash/sweep_full_20260301_144813.json
01_fvq_cvq,gemini-2.5-flash,Gemini-2.5,True,base,semantic_multi,,40,50,FVQ,semantic,first,0.9943,,0.9771,1.0,,175,,,,,,,raw,experiments_cloud/results/proprietary_semantic_multi.csv,upstream source_file: experiments_cloud/results/semantic/gemini-2.5-flash/sweep_full_20260301_144813.json
01_fvq_cvq,gemini-2.5-flash,Gemini-2.5,True,base,semantic_multi,,45,1,CVQ,semantic,last,1.0,,1.0,1.0,,50,,,,,,,raw,experiments_cloud/results/proprietary_semantic_multi.csv,upstream source_file: experiments_cloud/results/semantic/gemini-2.5-flash/sweep_full_20260301_144813.json
01_fvq_cvq,gemini-2.5-flash,Gemini-2.5,True,base,semantic_multi,,45,1,FVQ,semantic,first,1.0,,1.0,1.0,,50,,,,,,,raw,experiments_cloud/results/proprietary_semantic_multi.csv,upstream source_file: experiments_cloud/results/semantic/gemini-2.5-flash/sweep_full_20260301_144813.json
01_fvq_cvq,gemini-2.5-flash,Gemini-2.5,True,base,semantic_multi,,45,5,CVQ,semantic,last,0.98,,0.94,1.0,,50,,,,,,,raw,experiments_cloud/results/proprietary_semantic_multi.csv,upstream source_file: experiments_cloud/results/semantic/gemini-2.5-flash/sweep_full_20260301_144813.json
01_fvq_cvq,gemini-2.5-flash,Gemini-2.5,True,base,semantic_multi,,45,5,FVQ,semantic,first,1.0,,1.0,1.0,,50,,,,,,,raw,experiments_cloud/results/proprietary_semantic_multi.csv,upstream source_file: experiments_cloud/results/semantic/gemini-2.5-flash/sweep_full_20260301_144813.json
01_fvq_cvq,gemini-2.5-flash,Gemini-2.5,True,base,semantic_multi,,45,10,CVQ,semantic,last,0.7933,,0.7267,0.8533,,150,,,,,,,raw,experiments_cloud/results/proprietary_semantic_multi.csv,upstream source_file: experiments_cloud/results/semantic/gemini-2.5-flash/sweep_full_20260301_144813.json
01_fvq_cvq,gemini-2.5-flash,Gemini-2.5,True,base,semantic_multi,,45,10,FVQ,semantic,first,1.0,,1.0,1.0,,150,,,,,,,raw,experiments_cloud/results/proprietary_semantic_multi.csv,upstream source_file: experiments_cloud/results/semantic/gemini-2.5-flash/sweep_full_20260301_144813.json
01_fvq_cvq,gemini-2.5-flash,Gemini-2.5,True,base,semantic_multi,,45,15,CVQ,semantic,last,0.7143,,0.6457,0.7771,,175,,,,,,,raw,experiments_cloud/results/proprietary_semantic_multi.csv,upstream source_file: experiments_cloud/results/semantic/gemini-2.5-flash/sweep_full_20260301_144813.json
01_fvq_cvq,gemini-2.5-flash,Gemini-2.5,True,base,semantic_multi,,45,15,FVQ,semantic,first,1.0,,1.0,1.0,,175,,,,,,,raw,experiments_cloud/results/proprietary_semantic_multi.csv,upstream source_file: experiments_cloud/results/semantic/gemini-2.5-flash/sweep_full_20260301_144813.json
01_fvq_cvq,gemini-2.5-flash,Gemini-2.5,True,base,semantic_multi,,45,20,CVQ,semantic,last,0.58,,0.51,0.65,,200,,,,,,,raw,experiments_cloud/results/proprietary_semantic_multi.csv,upstream source_file: experiments_cloud/results/semantic/gemini-2.5-flash/sweep_full_20260301_144813.json
01_fvq_cvq,gemini-2.5-flash,Gemini-2.5,True,base,semantic_multi,,45,20,FVQ,semantic,first,0.995,,0.985,1.0,,200,,,,,,,raw,experiments_cloud/results/proprietary_semantic_multi.csv,upstream source_file: experiments_cloud/results/semantic/gemini-2.5-flash/sweep_full_20260301_144813.json
01_fvq_cvq,gemini-2.5-flash,Gemini-2.5,True,base,semantic_multi,,45,30,CVQ,semantic,last,0.38,,0.32,0.445,,200,,,,,,,raw,experiments_cloud/results/proprietary_semantic_multi.csv,upstream source_file: experiments_cloud/results/semantic/gemini-2.5-flash/sweep_full_20260301_144813.json
01_fvq_cvq,gemini-2.5-flash,Gemini-2.5,True,base,semantic_multi,,45,30,FVQ,semantic,first,1.0,,1.0,1.0,,200,,,,,,,raw,experiments_cloud/results/proprietary_semantic_multi.csv,upstream source_file: experiments_cloud/results/semantic/gemini-2.5-flash/sweep_full_20260301_144813.json
01_fvq_cvq,gemini-2.5-pro,Gemini-2.5,True,base,semantic_multi,,1,1,CVQ,semantic,last,1.0,,1.0,1.0,,40,,,,,,,raw,experiments_cloud/results/proprietary_semantic_multi.csv,upstream source_file: experiments_cloud/results/semantic_k1/gemini-2.5-pro/sweep_full_20260519_144648.json
01_fvq_cvq,gemini-2.5-pro,Gemini-2.5,True,base,semantic_multi,,1,1,FVQ,semantic,first,1.0,,1.0,1.0,,40,,,,,,,raw,experiments_cloud/results/proprietary_semantic_multi.csv,upstream source_file: experiments_cloud/results/semantic_k1/gemini-2.5-pro/sweep_full_20260519_144648.json
01_fvq_cvq,gemini-2.5-pro,Gemini-2.5,True,base,semantic_multi,,1,5,CVQ,semantic,last,1.0,,1.0,1.0,,40,,,,,,,raw,experiments_cloud/results/proprietary_semantic_multi.csv,upstream source_file: experiments_cloud/results/semantic_k1/gemini-2.5-pro/sweep_full_20260519_144648.json
01_fvq_cvq,gemini-2.5-pro,Gemini-2.5,True,base,semantic_multi,,1,5,FVQ,semantic,first,1.0,,1.0,1.0,,40,,,,,,,raw,experiments_cloud/results/proprietary_semantic_multi.csv,upstream source_file: experiments_cloud/results/semantic_k1/gemini-2.5-pro/sweep_full_20260519_144648.json
01_fvq_cvq,gemini-2.5-pro,Gemini-2.5,True,base,semantic_multi,,1,10,CVQ,semantic,last,1.0,,1.0,1.0,,40,,,,,,,raw,experiments_cloud/results/proprietary_semantic_multi.csv,upstream source_file: experiments_cloud/results/semantic_k1/gemini-2.5-pro/sweep_full_20260519_144648.json
01_fvq_cvq,gemini-2.5-pro,Gemini-2.5,True,base,semantic_multi,,1,10,FVQ,semantic,first,1.0,,1.0,1.0,,40,,,,,,,raw,experiments_cloud/results/proprietary_semantic_multi.csv,upstream source_file: experiments_cloud/results/semantic_k1/gemini-2.5-pro/sweep_full_20260519_144648.json
01_fvq_cvq,gemini-2.5-pro,Gemini-2.5,True,base,semantic_multi,,1,15,CVQ,semantic,last,1.0,,1.0,1.0,,40,,,,,,,raw,experiments_cloud/results/proprietary_semantic_multi.csv,upstream source_file: experiments_cloud/results/semantic_k1/gemini-2.5-pro/sweep_full_20260519_144648.json
01_fvq_cvq,gemini-2.5-pro,Gemini-2.5,True,base,semantic_multi,,1,15,FVQ,semantic,first,1.0,,1.0,1.0,,40,,,,,,,raw,experiments_cloud/results/proprietary_semantic_multi.csv,upstream source_file: experiments_cloud/results/semantic_k1/gemini-2.5-pro/sweep_full_20260519_144648.json
01_fvq_cvq,gemini-2.5-pro,Gemini-2.5,True,base,semantic_multi,,1,20,CVQ,semantic,last,1.0,,1.0,1.0,,40,,,,,,,raw,experiments_cloud/results/proprietary_semantic_multi.csv,upstream source_file: experiments_cloud/results/semantic_k1/gemini-2.5-pro/sweep_full_20260519_144648.json
01_fvq_cvq,gemini-2.5-pro,Gemini-2.5,True,base,semantic_multi,,1,20,FVQ,semantic,first,1.0,,1.0,1.0,,40,,,,,,,raw,experiments_cloud/results/proprietary_semantic_multi.csv,upstream source_file: experiments_cloud/results/semantic_k1/gemini-2.5-pro/sweep_full_20260519_144648.json
01_fvq_cvq,gemini-2.5-pro,Gemini-2.5,True,base,semantic_multi,,1,30,CVQ,semantic,last,1.0,,1.0,1.0,,40,,,,,,,raw,experiments_cloud/results/proprietary_semantic_multi.csv,upstream source_file: experiments_cloud/results/semantic_k1/gemini-2.5-pro/sweep_full_20260519_144648.json
01_fvq_cvq,gemini-2.5-pro,Gemini-2.5,True,base,semantic_multi,,1,30,FVQ,semantic,first,1.0,,1.0,1.0,,40,,,,,,,raw,experiments_cloud/results/proprietary_semantic_multi.csv,upstream source_file: experiments_cloud/results/semantic_k1/gemini-2.5-pro/sweep_full_20260519_144648.json
01_fvq_cvq,gemini-2.5-pro,Gemini-2.5,True,base,semantic_multi,,1,50,CVQ,semantic,last,1.0,,1.0,1.0,,40,,,,,,,raw,experiments_cloud/results/proprietary_semantic_multi.csv,upstream source_file: experiments_cloud/results/semantic_k1/gemini-2.5-pro/sweep_full_20260519_144648.json
01_fvq_cvq,gemini-2.5-pro,Gemini-2.5,True,base,semantic_multi,,1,50,FVQ,semantic,first,1.0,,1.0,1.0,,40,,,,,,,raw,experiments_cloud/results/proprietary_semantic_multi.csv,upstream source_file: experiments_cloud/results/semantic_k1/gemini-2.5-pro/sweep_full_20260519_144648.json
01_fvq_cvq,gemini-2.5-pro,Gemini-2.5,True,base,semantic_multi,,2,1,CVQ,semantic,last,1.0,,1.0,1.0,,40,,,,,,,raw,experiments_cloud/results/proprietary_semantic_multi.csv,upstream source_file: experiments_cloud/results/semantic/gemini-2.5-pro/sweep_full_20260515_212025.json
01_fvq_cvq,gemini-2.5-pro,Gemini-2.5,True,base,semantic_multi,,2,1,FVQ,semantic,first,1.0,,1.0,1.0,,40,,,,,,,raw,experiments_cloud/results/proprietary_semantic_multi.csv,upstream source_file: experiments_cloud/results/semantic/gemini-2.5-pro/sweep_full_20260515_212025.json
01_fvq_cvq,gemini-2.5-pro,Gemini-2.5,True,base,semantic_multi,,2,5,CVQ,semantic,last,1.0,,1.0,1.0,,40,,,,,,,raw,experiments_cloud/results/proprietary_semantic_multi.csv,upstream source_file: experiments_cloud/results/semantic/gemini-2.5-pro/sweep_full_20260515_212025.json
01_fvq_cvq,gemini-2.5-pro,Gemini-2.5,True,base,semantic_multi,,2,5,FVQ,semantic,first,1.0,,1.0,1.0,,40,,,,,,,raw,experiments_cloud/results/proprietary_semantic_multi.csv,upstream source_file: experiments_cloud/results/semantic/gemini-2.5-pro/sweep_full_20260515_212025.json
01_fvq_cvq,gemini-2.5-pro,Gemini-2.5,True,base,semantic_multi,,2,10,CVQ,semantic,last,1.0,,1.0,1.0,,40,,,,,,,raw,experiments_cloud/results/proprietary_semantic_multi.csv,upstream source_file: experiments_cloud/results/semantic/gemini-2.5-pro/sweep_full_20260515_212025.json
01_fvq_cvq,gemini-2.5-pro,Gemini-2.5,True,base,semantic_multi,,2,10,FVQ,semantic,first,1.0,,1.0,1.0,,40,,,,,,,raw,experiments_cloud/results/proprietary_semantic_multi.csv,upstream source_file: experiments_cloud/results/semantic/gemini-2.5-pro/sweep_full_20260515_212025.json
01_fvq_cvq,gemini-2.5-pro,Gemini-2.5,True,base,semantic_multi,,2,15,CVQ,semantic,last,1.0,,1.0,1.0,,40,,,,,,,raw,experiments_cloud/results/proprietary_semantic_multi.csv,upstream source_file: experiments_cloud/results/semantic/gemini-2.5-pro/sweep_full_20260515_212025.json
01_fvq_cvq,gemini-2.5-pro,Gemini-2.5,True,base,semantic_multi,,2,15,FVQ,semantic,first,1.0,,1.0,1.0,,40,,,,,,,raw,experiments_cloud/results/proprietary_semantic_multi.csv,upstream source_file: experiments_cloud/results/semantic/gemini-2.5-pro/sweep_full_20260515_212025.json
01_fvq_cvq,gemini-2.5-pro,Gemini-2.5,True,base,semantic_multi,,2,20,CVQ,semantic,last,1.0,,1.0,1.0,,40,,,,,,,raw,experiments_cloud/results/proprietary_semantic_multi.csv,upstream source_file: experiments_cloud/results/semantic/gemini-2.5-pro/sweep_full_20260515_212025.json
01_fvq_cvq,gemini-2.5-pro,Gemini-2.5,True,base,semantic_multi,,2,20,FVQ,semantic,first,1.0,,1.0,1.0,,40,,,,,,,raw,experiments_cloud/results/proprietary_semantic_multi.csv,upstream source_file: experiments_cloud/results/semantic/gemini-2.5-pro/sweep_full_20260515_212025.json
01_fvq_cvq,gemini-2.5-pro,Gemini-2.5,True,base,semantic_multi,,2,30,CVQ,semantic,last,1.0,,1.0,1.0,,40,,,,,,,raw,experiments_cloud/results/proprietary_semantic_multi.csv,upstream source_file: experiments_cloud/results/semantic/gemini-2.5-pro/sweep_full_20260515_212025.json
01_fvq_cvq,gemini-2.5-pro,Gemini-2.5,True,base,semantic_multi,,2,30,FVQ,semantic,first,1.0,,1.0,1.0,,40,,,,,,,raw,experiments_cloud/results/proprietary_semantic_multi.csv,upstream source_file: experiments_cloud/results/semantic/gemini-2.5-pro/sweep_full_20260515_212025.json
01_fvq_cvq,gemini-2.5-pro,Gemini-2.5,True,base,semantic_multi,,2,50,CVQ,semantic,last,1.0,,1.0,1.0,,40,,,,,,,raw,experiments_cloud/results/proprietary_semantic_multi.csv,upstream source_file: experiments_cloud/results/semantic/gemini-2.5-pro/sweep_full_20260515_212025.json
01_fvq_cvq,gemini-2.5-pro,Gemini-2.5,True,base,semantic_multi,,2,50,FVQ,semantic,first,1.0,,1.0,1.0,,40,,,,,,,raw,experiments_cloud/results/proprietary_semantic_multi.csv,upstream source_file: experiments_cloud/results/semantic/gemini-2.5-pro/sweep_full_20260515_212025.json
01_fvq_cvq,gemini-2.5-pro,Gemini-2.5,True,base,semantic_multi,,5,1,CVQ,semantic,last,1.0,,1.0,1.0,,40,,,,,,,raw,experiments_cloud/results/proprietary_semantic_multi.csv,upstream source_file: experiments_cloud/results/semantic/gemini-2.5-pro/sweep_full_20260515_212025.json
01_fvq_cvq,gemini-2.5-pro,Gemini-2.5,True,base,semantic_multi,,5,1,FVQ,semantic,first,1.0,,1.0,1.0,,40,,,,,,,raw,experiments_cloud/results/proprietary_semantic_multi.csv,upstream source_file: experiments_cloud/results/semantic/gemini-2.5-pro/sweep_full_20260515_212025.json
01_fvq_cvq,gemini-2.5-pro,Gemini-2.5,True,base,semantic_multi,,5,5,CVQ,semantic,last,1.0,,1.0,1.0,,40,,,,,,,raw,experiments_cloud/results/proprietary_semantic_multi.csv,upstream source_file: experiments_cloud/results/semantic/gemini-2.5-pro/sweep_full_20260515_212025.json
01_fvq_cvq,gemini-2.5-pro,Gemini-2.5,True,base,semantic_multi,,5,5,FVQ,semantic,first,1.0,,1.0,1.0,,40,,,,,,,raw,experiments_cloud/results/proprietary_semantic_multi.csv,upstream source_file: experiments_cloud/results/semantic/gemini-2.5-pro/sweep_full_20260515_212025.json
01_fvq_cvq,gemini-2.5-pro,Gemini-2.5,True,base,semantic_multi,,5,10,CVQ,semantic,last,1.0,,1.0,1.0,,40,,,,,,,raw,experiments_cloud/results/proprietary_semantic_multi.csv,upstream source_file: experiments_cloud/results/semantic/gemini-2.5-pro/sweep_full_20260515_212025.json
01_fvq_cvq,gemini-2.5-pro,Gemini-2.5,True,base,semantic_multi,,5,10,FVQ,semantic,first,1.0,,1.0,1.0,,40,,,,,,,raw,experiments_cloud/results/proprietary_semantic_multi.csv,upstream source_file: experiments_cloud/results/semantic/gemini-2.5-pro/sweep_full_20260515_212025.json
01_fvq_cvq,gemini-2.5-pro,Gemini-2.5,True,base,semantic_multi,,5,15,CVQ,semantic,last,1.0,,1.0,1.0,,40,,,,,,,raw,experiments_cloud/results/proprietary_semantic_multi.csv,upstream source_file: experiments_cloud/results/semantic/gemini-2.5-pro/sweep_full_20260515_212025.json
01_fvq_cvq,gemini-2.5-pro,Gemini-2.5,True,base,semantic_multi,,5,15,FVQ,semantic,first,1.0,,1.0,1.0,,40,,,,,,,raw,experiments_cloud/results/proprietary_semantic_multi.csv,upstream source_file: experiments_cloud/results/semantic/gemini-2.5-pro/sweep_full_20260515_212025.json
01_fvq_cvq,gemini-2.5-pro,Gemini-2.5,True,base,semantic_multi,,5,20,CVQ,semantic,last,1.0,,1.0,1.0,,40,,,,,,,raw,experiments_cloud/results/proprietary_semantic_multi.csv,upstream source_file: experiments_cloud/results/semantic/gemini-2.5-pro/sweep_full_20260515_212025.json
01_fvq_cvq,gemini-2.5-pro,Gemini-2.5,True,base,semantic_multi,,5,20,FVQ,semantic,first,1.0,,1.0,1.0,,40,,,,,,,raw,experiments_cloud/results/proprietary_semantic_multi.csv,upstream source_file: experiments_cloud/results/semantic/gemini-2.5-pro/sweep_full_20260515_212025.json
01_fvq_cvq,gemini-2.5-pro,Gemini-2.5,True,base,semantic_multi,,5,30,CVQ,semantic,last,1.0,,1.0,1.0,,40,,,,,,,raw,experiments_cloud/results/proprietary_semantic_multi.csv,upstream source_file: experiments_cloud/results/semantic/gemini-2.5-pro/sweep_full_20260515_212025.json
01_fvq_cvq,gemini-2.5-pro,Gemini-2.5,True,base,semantic_multi,,5,30,FVQ,semantic,first,1.0,,1.0,1.0,,40,,,,,,,raw,experiments_cloud/results/proprietary_semantic_multi.csv,upstream source_file: experiments_cloud/results/semantic/gemini-2.5-pro/sweep_full_20260515_212025.json
01_fvq_cvq,gemini-2.5-pro,Gemini-2.5,True,base,semantic_multi,,5,50,CVQ,semantic,last,0.975,,0.925,1.0,,40,,,,,,,raw,experiments_cloud/results/proprietary_semantic_multi.csv,upstream source_file: experiments_cloud/results/semantic/gemini-2.5-pro/sweep_full_20260515_212025.json
01_fvq_cvq,gemini-2.5-pro,Gemini-2.5,True,base,semantic_multi,,5,50,FVQ,semantic,first,1.0,,1.0,1.0,,40,,,,,,,raw,experiments_cloud/results/proprietary_semantic_multi.csv,upstream source_file: experiments_cloud/results/semantic/gemini-2.5-pro/sweep_full_20260515_212025.json
01_fvq_cvq,gemini-2.5-pro,Gemini-2.5,True,base,semantic_multi,,10,1,CVQ,semantic,last,1.0,,1.0,1.0,,40,,,,,,,raw,experiments_cloud/results/proprietary_semantic_multi.csv,upstream source_file: experiments_cloud/results/semantic/gemini-2.5-pro/sweep_full_20260515_212025.json
01_fvq_cvq,gemini-2.5-pro,Gemini-2.5,True,base,semantic_multi,,10,1,FVQ,semantic,first,1.0,,1.0,1.0,,40,,,,,,,raw,experiments_cloud/results/proprietary_semantic_multi.csv,upstream source_file: experiments_cloud/results/semantic/gemini-2.5-pro/sweep_full_20260515_212025.json
01_fvq_cvq,gemini-2.5-pro,Gemini-2.5,True,base,semantic_multi,,10,5,CVQ,semantic,last,1.0,,1.0,1.0,,40,,,,,,,raw,experiments_cloud/results/proprietary_semantic_multi.csv,upstream source_file: experiments_cloud/results/semantic/gemini-2.5-pro/sweep_full_20260515_212025.json
01_fvq_cvq,gemini-2.5-pro,Gemini-2.5,True,base,semantic_multi,,10,5,FVQ,semantic,first,1.0,,1.0,1.0,,40,,,,,,,raw,experiments_cloud/results/proprietary_semantic_multi.csv,upstream source_file: experiments_cloud/results/semantic/gemini-2.5-pro/sweep_full_20260515_212025.json
01_fvq_cvq,gemini-2.5-pro,Gemini-2.5,True,base,semantic_multi,,10,10,CVQ,semantic,last,1.0,,1.0,1.0,,40,,,,,,,raw,experiments_cloud/results/proprietary_semantic_multi.csv,upstream source_file: experiments_cloud/results/semantic/gemini-2.5-pro/sweep_full_20260515_212025.json
01_fvq_cvq,gemini-2.5-pro,Gemini-2.5,True,base,semantic_multi,,10,10,FVQ,semantic,first,1.0,,1.0,1.0,,40,,,,,,,raw,experiments_cloud/results/proprietary_semantic_multi.csv,upstream source_file: experiments_cloud/results/semantic/gemini-2.5-pro/sweep_full_20260515_212025.json
01_fvq_cvq,gemini-2.5-pro,Gemini-2.5,True,base,semantic_multi,,10,15,CVQ,semantic,last,1.0,,1.0,1.0,,40,,,,,,,raw,experiments_cloud/results/proprietary_semantic_multi.csv,upstream source_file: experiments_cloud/results/semantic/gemini-2.5-pro/sweep_full_20260515_212025.json
01_fvq_cvq,gemini-2.5-pro,Gemini-2.5,True,base,semantic_multi,,10,15,FVQ,semantic,first,1.0,,1.0,1.0,,40,,,,,,,raw,experiments_cloud/results/proprietary_semantic_multi.csv,upstream source_file: experiments_cloud/results/semantic/gemini-2.5-pro/sweep_full_20260515_212025.json
01_fvq_cvq,gemini-2.5-pro,Gemini-2.5,True,base,semantic_multi,,10,20,CVQ,semantic,last,1.0,,1.0,1.0,,40,,,,,,,raw,experiments_cloud/results/proprietary_semantic_multi.csv,upstream source_file: experiments_cloud/results/semantic/gemini-2.5-pro/sweep_full_20260515_212025.json
01_fvq_cvq,gemini-2.5-pro,Gemini-2.5,True,base,semantic_multi,,10,20,FVQ,semantic,first,1.0,,1.0,1.0,,40,,,,,,,raw,experiments_cloud/results/proprietary_semantic_multi.csv,upstream source_file: experiments_cloud/results/semantic/gemini-2.5-pro/sweep_full_20260515_212025.json
01_fvq_cvq,gemini-2.5-pro,Gemini-2.5,True,base,semantic_multi,,10,30,CVQ,semantic,last,1.0,,1.0,1.0,,40,,,,,,,raw,experiments_cloud/results/proprietary_semantic_multi.csv,upstream source_file: experiments_cloud/results/semantic/gemini-2.5-pro/sweep_full_20260515_212025.json
01_fvq_cvq,gemini-2.5-pro,Gemini-2.5,True,base,semantic_multi,,10,30,FVQ,semantic,first,1.0,,1.0,1.0,,40,,,,,,,raw,experiments_cloud/results/proprietary_semantic_multi.csv,upstream source_file: experiments_cloud/results/semantic/gemini-2.5-pro/sweep_full_20260515_212025.json
01_fvq_cvq,gemini-2.5-pro,Gemini-2.5,True,base,semantic_multi,,10,50,CVQ,semantic,last,1.0,,1.0,1.0,,40,,,,,,,raw,experiments_cloud/results/proprietary_semantic_multi.csv,upstream source_file: experiments_cloud/results/semantic/gemini-2.5-pro/sweep_full_20260515_212025.json
01_fvq_cvq,gemini-2.5-pro,Gemini-2.5,True,base,semantic_multi,,10,50,FVQ,semantic,first,1.0,,1.0,1.0,,40,,,,,,,raw,experiments_cloud/results/proprietary_semantic_multi.csv,upstream source_file: experiments_cloud/results/semantic/gemini-2.5-pro/sweep_full_20260515_212025.json
01_fvq_cvq,gemini-2.5-pro,Gemini-2.5,True,base,semantic_multi,,15,1,CVQ,semantic,last,1.0,,1.0,1.0,,40,,,,,,,raw,experiments_cloud/results/proprietary_semantic_multi.csv,upstream source_file: experiments_cloud/results/semantic/gemini-2.5-pro/sweep_full_20260515_212025.json
01_fvq_cvq,gemini-2.5-pro,Gemini-2.5,True,base,semantic_multi,,15,1,FVQ,semantic,first,1.0,,1.0,1.0,,40,,,,,,,raw,experiments_cloud/results/proprietary_semantic_multi.csv,upstream source_file: experiments_cloud/results/semantic/gemini-2.5-pro/sweep_full_20260515_212025.json
01_fvq_cvq,gemini-2.5-pro,Gemini-2.5,True,base,semantic_multi,,15,5,CVQ,semantic,last,1.0,,1.0,1.0,,40,,,,,,,raw,experiments_cloud/results/proprietary_semantic_multi.csv,upstream source_file: experiments_cloud/results/semantic/gemini-2.5-pro/sweep_full_20260515_212025.json
01_fvq_cvq,gemini-2.5-pro,Gemini-2.5,True,base,semantic_multi,,15,5,FVQ,semantic,first,1.0,,1.0,1.0,,40,,,,,,,raw,experiments_cloud/results/proprietary_semantic_multi.csv,upstream source_file: experiments_cloud/results/semantic/gemini-2.5-pro/sweep_full_20260515_212025.json
01_fvq_cvq,gemini-2.5-pro,Gemini-2.5,True,base,semantic_multi,,15,10,CVQ,semantic,last,0.975,,0.925,1.0,,40,,,,,,,raw,experiments_cloud/results/proprietary_semantic_multi.csv,upstream source_file: experiments_cloud/results/semantic/gemini-2.5-pro/sweep_full_20260515_212025.json
01_fvq_cvq,gemini-2.5-pro,Gemini-2.5,True,base,semantic_multi,,15,10,FVQ,semantic,first,0.975,,0.925,1.0,,40,,,,,,,raw,experiments_cloud/results/proprietary_semantic_multi.csv,upstream source_file: experiments_cloud/results/semantic/gemini-2.5-pro/sweep_full_20260515_212025.json
01_fvq_cvq,gemini-2.5-pro,Gemini-2.5,True,base,semantic_multi,,15,15,CVQ,semantic,last,1.0,,1.0,1.0,,40,,,,,,,raw,experiments_cloud/results/proprietary_semantic_multi.csv,upstream source_file: experiments_cloud/results/semantic/gemini-2.5-pro/sweep_full_20260515_212025.json
01_fvq_cvq,gemini-2.5-pro,Gemini-2.5,True,base,semantic_multi,,15,15,FVQ,semantic,first,1.0,,1.0,1.0,,40,,,,,,,raw,experiments_cloud/results/proprietary_semantic_multi.csv,upstream source_file: experiments_cloud/results/semantic/gemini-2.5-pro/sweep_full_20260515_212025.json
01_fvq_cvq,gemini-2.5-pro,Gemini-2.5,True,base,semantic_multi,,15,20,CVQ,semantic,last,1.0,,1.0,1.0,,40,,,,,,,raw,experiments_cloud/results/proprietary_semantic_multi.csv,upstream source_file: experiments_cloud/results/semantic/gemini-2.5-pro/sweep_full_20260515_212025.json
01_fvq_cvq,gemini-2.5-pro,Gemini-2.5,True,base,semantic_multi,,15,20,FVQ,semantic,first,1.0,,1.0,1.0,,40,,,,,,,raw,experiments_cloud/results/proprietary_semantic_multi.csv,upstream source_file: experiments_cloud/results/semantic/gemini-2.5-pro/sweep_full_20260515_212025.json
01_fvq_cvq,gemini-2.5-pro,Gemini-2.5,True,base,semantic_multi,,15,30,CVQ,semantic,last,1.0,,1.0,1.0,,40,,,,,,,raw,experiments_cloud/results/proprietary_semantic_multi.csv,upstream source_file: experiments_cloud/results/semantic/gemini-2.5-pro/sweep_full_20260515_212025.json
01_fvq_cvq,gemini-2.5-pro,Gemini-2.5,True,base,semantic_multi,,15,30,FVQ,semantic,first,1.0,,1.0,1.0,,40,,,,,,,raw,experiments_cloud/results/proprietary_semantic_multi.csv,upstream source_file: experiments_cloud/results/semantic/gemini-2.5-pro/sweep_full_20260515_212025.json
01_fvq_cvq,gemini-2.5-pro,Gemini-2.5,True,base,semantic_multi,,15,50,CVQ,semantic,last,0.975,,0.925,1.0,,40,,,,,,,raw,experiments_cloud/results/proprietary_semantic_multi.csv,upstream source_file: experiments_cloud/results/semantic/gemini-2.5-pro/sweep_full_20260515_212025.json
01_fvq_cvq,gemini-2.5-pro,Gemini-2.5,True,base,semantic_multi,,15,50,FVQ,semantic,first,1.0,,1.0,1.0,,40,,,,,,,raw,experiments_cloud/results/proprietary_semantic_multi.csv,upstream source_file: experiments_cloud/results/semantic/gemini-2.5-pro/sweep_full_20260515_212025.json
01_fvq_cvq,gemini-2.5-pro,Gemini-2.5,True,base,semantic_multi,,20,1,CVQ,semantic,last,1.0,,1.0,1.0,,40,,,,,,,raw,experiments_cloud/results/proprietary_semantic_multi.csv,upstream source_file: experiments_cloud/results/semantic/gemini-2.5-pro/sweep_full_20260515_212025.json
01_fvq_cvq,gemini-2.5-pro,Gemini-2.5,True,base,semantic_multi,,20,1,FVQ,semantic,first,1.0,,1.0,1.0,,40,,,,,,,raw,experiments_cloud/results/proprietary_semantic_multi.csv,upstream source_file: experiments_cloud/results/semantic/gemini-2.5-pro/sweep_full_20260515_212025.json
01_fvq_cvq,gemini-2.5-pro,Gemini-2.5,True,base,semantic_multi,,20,5,CVQ,semantic,last,1.0,,1.0,1.0,,40,,,,,,,raw,experiments_cloud/results/proprietary_semantic_multi.csv,upstream source_file: experiments_cloud/results/semantic/gemini-2.5-pro/sweep_full_20260515_212025.json
01_fvq_cvq,gemini-2.5-pro,Gemini-2.5,True,base,semantic_multi,,20,5,FVQ,semantic,first,1.0,,1.0,1.0,,40,,,,,,,raw,experiments_cloud/results/proprietary_semantic_multi.csv,upstream source_file: experiments_cloud/results/semantic/gemini-2.5-pro/sweep_full_20260515_212025.json
01_fvq_cvq,gemini-2.5-pro,Gemini-2.5,True,base,semantic_multi,,20,10,CVQ,semantic,last,1.0,,1.0,1.0,,40,,,,,,,raw,experiments_cloud/results/proprietary_semantic_multi.csv,upstream source_file: experiments_cloud/results/semantic/gemini-2.5-pro/sweep_full_20260515_212025.json
01_fvq_cvq,gemini-2.5-pro,Gemini-2.5,True,base,semantic_multi,,20,10,FVQ,semantic,first,1.0,,1.0,1.0,,40,,,,,,,raw,experiments_cloud/results/proprietary_semantic_multi.csv,upstream source_file: experiments_cloud/results/semantic/gemini-2.5-pro/sweep_full_20260515_212025.json
01_fvq_cvq,gemini-2.5-pro,Gemini-2.5,True,base,semantic_multi,,20,15,CVQ,semantic,last,1.0,,1.0,1.0,,40,,,,,,,raw,experiments_cloud/results/proprietary_semantic_multi.csv,upstream source_file: experiments_cloud/results/semantic/gemini-2.5-pro/sweep_full_20260515_212025.json
01_fvq_cvq,gemini-2.5-pro,Gemini-2.5,True,base,semantic_multi,,20,15,FVQ,semantic,first,1.0,,1.0,1.0,,40,,,,,,,raw,experiments_cloud/results/proprietary_semantic_multi.csv,upstream source_file: experiments_cloud/results/semantic/gemini-2.5-pro/sweep_full_20260515_212025.json
01_fvq_cvq,gemini-2.5-pro,Gemini-2.5,True,base,semantic_multi,,20,20,CVQ,semantic,last,1.0,,1.0,1.0,,40,,,,,,,raw,experiments_cloud/results/proprietary_semantic_multi.csv,upstream source_file: experiments_cloud/results/semantic/gemini-2.5-pro/sweep_full_20260515_212025.json
01_fvq_cvq,gemini-2.5-pro,Gemini-2.5,True,base,semantic_multi,,20,20,FVQ,semantic,first,1.0,,1.0,1.0,,40,,,,,,,raw,experiments_cloud/results/proprietary_semantic_multi.csv,upstream source_file: experiments_cloud/results/semantic/gemini-2.5-pro/sweep_full_20260515_212025.json
01_fvq_cvq,gemini-2.5-pro,Gemini-2.5,True,base,semantic_multi,,20,30,CVQ,semantic,last,1.0,,1.0,1.0,,40,,,,,,,raw,experiments_cloud/results/proprietary_semantic_multi.csv,upstream source_file: experiments_cloud/results/semantic/gemini-2.5-pro/sweep_full_20260515_212025.json
01_fvq_cvq,gemini-2.5-pro,Gemini-2.5,True,base,semantic_multi,,20,30,FVQ,semantic,first,1.0,,1.0,1.0,,40,,,,,,,raw,experiments_cloud/results/proprietary_semantic_multi.csv,upstream source_file: experiments_cloud/results/semantic/gemini-2.5-pro/sweep_full_20260515_212025.json
01_fvq_cvq,gemini-2.5-pro,Gemini-2.5,True,base,semantic_multi,,20,50,CVQ,semantic,last,0.7688,,0.7,0.8312,,160,,,,,,,raw,experiments_cloud/results/proprietary_semantic_multi.csv,upstream source_file: experiments_cloud/results/semantic/gemini-2.5-pro/sweep_full_20260515_212025.json
01_fvq_cvq,gemini-2.5-pro,Gemini-2.5,True,base,semantic_multi,,20,50,FVQ,semantic,first,0.9,,0.85,0.9438,,160,,,,,,,raw,experiments_cloud/results/proprietary_semantic_multi.csv,upstream source_file: experiments_cloud/results/semantic/gemini-2.5-pro/sweep_full_20260515_212025.json
01_fvq_cvq,gemini-2.5-pro,Gemini-2.5,True,base,semantic_multi,,25,1,CVQ,semantic,last,1.0,,1.0,1.0,,40,,,,,,,raw,experiments_cloud/results/proprietary_semantic_multi.csv,upstream source_file: experiments_cloud/results/semantic/gemini-2.5-pro/sweep_full_20260515_212025.json
01_fvq_cvq,gemini-2.5-pro,Gemini-2.5,True,base,semantic_multi,,25,1,FVQ,semantic,first,1.0,,1.0,1.0,,40,,,,,,,raw,experiments_cloud/results/proprietary_semantic_multi.csv,upstream source_file: experiments_cloud/results/semantic/gemini-2.5-pro/sweep_full_20260515_212025.json
01_fvq_cvq,gemini-2.5-pro,Gemini-2.5,True,base,semantic_multi,,25,5,CVQ,semantic,last,1.0,,1.0,1.0,,40,,,,,,,raw,experiments_cloud/results/proprietary_semantic_multi.csv,upstream source_file: experiments_cloud/results/semantic/gemini-2.5-pro/sweep_full_20260515_212025.json
01_fvq_cvq,gemini-2.5-pro,Gemini-2.5,True,base,semantic_multi,,25,5,FVQ,semantic,first,1.0,,1.0,1.0,,40,,,,,,,raw,experiments_cloud/results/proprietary_semantic_multi.csv,upstream source_file: experiments_cloud/results/semantic/gemini-2.5-pro/sweep_full_20260515_212025.json
01_fvq_cvq,gemini-2.5-pro,Gemini-2.5,True,base,semantic_multi,,25,10,CVQ,semantic,last,1.0,,1.0,1.0,,40,,,,,,,raw,experiments_cloud/results/proprietary_semantic_multi.csv,upstream source_file: experiments_cloud/results/semantic/gemini-2.5-pro/sweep_full_20260515_212025.json
01_fvq_cvq,gemini-2.5-pro,Gemini-2.5,True,base,semantic_multi,,25,10,FVQ,semantic,first,1.0,,1.0,1.0,,40,,,,,,,raw,experiments_cloud/results/proprietary_semantic_multi.csv,upstream source_file: experiments_cloud/results/semantic/gemini-2.5-pro/sweep_full_20260515_212025.json
01_fvq_cvq,gemini-2.5-pro,Gemini-2.5,True,base,semantic_multi,,25,15,CVQ,semantic,last,1.0,,1.0,1.0,,40,,,,,,,raw,experiments_cloud/results/proprietary_semantic_multi.csv,upstream source_file: experiments_cloud/results/semantic/gemini-2.5-pro/sweep_full_20260515_212025.json
01_fvq_cvq,gemini-2.5-pro,Gemini-2.5,True,base,semantic_multi,,25,15,FVQ,semantic,first,1.0,,1.0,1.0,,40,,,,,,,raw,experiments_cloud/results/proprietary_semantic_multi.csv,upstream source_file: experiments_cloud/results/semantic/gemini-2.5-pro/sweep_full_20260515_212025.json
01_fvq_cvq,gemini-2.5-pro,Gemini-2.5,True,base,semantic_multi,,25,20,CVQ,semantic,last,1.0,,1.0,1.0,,40,,,,,,,raw,experiments_cloud/results/proprietary_semantic_multi.csv,upstream source_file: experiments_cloud/results/semantic/gemini-2.5-pro/sweep_full_20260515_212025.json
01_fvq_cvq,gemini-2.5-pro,Gemini-2.5,True,base,semantic_multi,,25,20,FVQ,semantic,first,1.0,,1.0,1.0,,40,,,,,,,raw,experiments_cloud/results/proprietary_semantic_multi.csv,upstream source_file: experiments_cloud/results/semantic/gemini-2.5-pro/sweep_full_20260515_212025.json
01_fvq_cvq,gemini-2.5-pro,Gemini-2.5,True,base,semantic_multi,,25,30,CVQ,semantic,last,1.0,,1.0,1.0,,40,,,,,,,raw,experiments_cloud/results/proprietary_semantic_multi.csv,upstream source_file: experiments_cloud/results/semantic/gemini-2.5-pro/sweep_full_20260515_212025.json
01_fvq_cvq,gemini-2.5-pro,Gemini-2.5,True,base,semantic_multi,,25,30,FVQ,semantic,first,1.0,,1.0,1.0,,40,,,,,,,raw,experiments_cloud/results/proprietary_semantic_multi.csv,upstream source_file: experiments_cloud/results/semantic/gemini-2.5-pro/sweep_full_20260515_212025.json
01_fvq_cvq,gemini-2.5-pro,Gemini-2.5,True,base,semantic_multi,,25,50,CVQ,semantic,last,0.7312,,0.6625,0.8,,160,,,,,,,raw,experiments_cloud/results/proprietary_semantic_multi.csv,upstream source_file: experiments_cloud/results/semantic/gemini-2.5-pro/sweep_full_20260515_212025.json
01_fvq_cvq,gemini-2.5-pro,Gemini-2.5,True,base,semantic_multi,,25,50,FVQ,semantic,first,1.0,,1.0,1.0,,160,,,,,,,raw,experiments_cloud/results/proprietary_semantic_multi.csv,upstream source_file: experiments_cloud/results/semantic/gemini-2.5-pro/sweep_full_20260515_212025.json
01_fvq_cvq,gemini-2.5-pro,Gemini-2.5,True,base,semantic_multi,,30,1,CVQ,semantic,last,1.0,,1.0,1.0,,40,,,,,,,raw,experiments_cloud/results/proprietary_semantic_multi.csv,upstream source_file: experiments_cloud/results/semantic/gemini-2.5-pro/sweep_full_20260515_212025.json
01_fvq_cvq,gemini-2.5-pro,Gemini-2.5,True,base,semantic_multi,,30,1,FVQ,semantic,first,1.0,,1.0,1.0,,40,,,,,,,raw,experiments_cloud/results/proprietary_semantic_multi.csv,upstream source_file: experiments_cloud/results/semantic/gemini-2.5-pro/sweep_full_20260515_212025.json
01_fvq_cvq,gemini-2.5-pro,Gemini-2.5,True,base,semantic_multi,,30,5,CVQ,semantic,last,1.0,,1.0,1.0,,40,,,,,,,raw,experiments_cloud/results/proprietary_semantic_multi.csv,upstream source_file: experiments_cloud/results/semantic/gemini-2.5-pro/sweep_full_20260515_212025.json
01_fvq_cvq,gemini-2.5-pro,Gemini-2.5,True,base,semantic_multi,,30,5,FVQ,semantic,first,1.0,,1.0,1.0,,40,,,,,,,raw,experiments_cloud/results/proprietary_semantic_multi.csv,upstream source_file: experiments_cloud/results/semantic/gemini-2.5-pro/sweep_full_20260515_212025.json
01_fvq_cvq,gemini-2.5-pro,Gemini-2.5,True,base,semantic_multi,,30,10,CVQ,semantic,last,1.0,,1.0,1.0,,40,,,,,,,raw,experiments_cloud/results/proprietary_semantic_multi.csv,upstream source_file: experiments_cloud/results/semantic/gemini-2.5-pro/sweep_full_20260515_212025.json
01_fvq_cvq,gemini-2.5-pro,Gemini-2.5,True,base,semantic_multi,,30,10,FVQ,semantic,first,1.0,,1.0,1.0,,40,,,,,,,raw,experiments_cloud/results/proprietary_semantic_multi.csv,upstream source_file: experiments_cloud/results/semantic/gemini-2.5-pro/sweep_full_20260515_212025.json
01_fvq_cvq,gemini-2.5-pro,Gemini-2.5,True,base,semantic_multi,,30,15,CVQ,semantic,last,0.975,,0.925,1.0,,40,,,,,,,raw,experiments_cloud/results/proprietary_semantic_multi.csv,upstream source_file: experiments_cloud/results/semantic/gemini-2.5-pro/sweep_full_20260515_212025.json
01_fvq_cvq,gemini-2.5-pro,Gemini-2.5,True,base,semantic_multi,,30,15,FVQ,semantic,first,0.975,,0.925,1.0,,40,,,,,,,raw,experiments_cloud/results/proprietary_semantic_multi.csv,upstream source_file: experiments_cloud/results/semantic/gemini-2.5-pro/sweep_full_20260515_212025.json
01_fvq_cvq,gemini-2.5-pro,Gemini-2.5,True,base,semantic_multi,,30,20,CVQ,semantic,last,1.0,,1.0,1.0,,40,,,,,,,raw,experiments_cloud/results/proprietary_semantic_multi.csv,upstream source_file: experiments_cloud/results/semantic/gemini-2.5-pro/sweep_full_20260515_212025.json
01_fvq_cvq,gemini-2.5-pro,Gemini-2.5,True,base,semantic_multi,,30,20,FVQ,semantic,first,1.0,,1.0,1.0,,40,,,,,,,raw,experiments_cloud/results/proprietary_semantic_multi.csv,upstream source_file: experiments_cloud/results/semantic/gemini-2.5-pro/sweep_full_20260515_212025.json
01_fvq_cvq,gemini-2.5-pro,Gemini-2.5,True,base,semantic_multi,,30,30,CVQ,semantic,last,0.9375,,0.875,0.9875,,80,,,,,,,raw,experiments_cloud/results/proprietary_semantic_multi.csv,upstream source_file: experiments_cloud/results/semantic/gemini-2.5-pro/sweep_full_20260515_212025.json
01_fvq_cvq,gemini-2.5-pro,Gemini-2.5,True,base,semantic_multi,,30,30,FVQ,semantic,first,1.0,,1.0,1.0,,80,,,,,,,raw,experiments_cloud/results/proprietary_semantic_multi.csv,upstream source_file: experiments_cloud/results/semantic/gemini-2.5-pro/sweep_full_20260515_212025.json
01_fvq_cvq,gemini-2.5-pro,Gemini-2.5,True,base,semantic_multi,,30,50,CVQ,semantic,last,0.62,,0.555,0.69,,200,,,,,,,raw,experiments_cloud/results/proprietary_semantic_multi.csv,upstream source_file: experiments_cloud/results/semantic/gemini-2.5-pro/sweep_full_20260515_212025.json
01_fvq_cvq,gemini-2.5-pro,Gemini-2.5,True,base,semantic_multi,,30,50,FVQ,semantic,first,1.0,,1.0,1.0,,200,,,,,,,raw,experiments_cloud/results/proprietary_semantic_multi.csv,upstream source_file: experiments_cloud/results/semantic/gemini-2.5-pro/sweep_full_20260515_212025.json
01_fvq_cvq,gemini-2.5-pro,Gemini-2.5,True,base,semantic_multi,,40,1,CVQ,semantic,last,1.0,,1.0,1.0,,40,,,,,,,raw,experiments_cloud/results/proprietary_semantic_multi.csv,upstream source_file: experiments_cloud/results/semantic/gemini-2.5-pro/sweep_full_20260515_212025.json
01_fvq_cvq,gemini-2.5-pro,Gemini-2.5,True,base,semantic_multi,,40,1,FVQ,semantic,first,1.0,,1.0,1.0,,40,,,,,,,raw,experiments_cloud/results/proprietary_semantic_multi.csv,upstream source_file: experiments_cloud/results/semantic/gemini-2.5-pro/sweep_full_20260515_212025.json
01_fvq_cvq,gemini-2.5-pro,Gemini-2.5,True,base,semantic_multi,,40,5,CVQ,semantic,last,1.0,,1.0,1.0,,40,,,,,,,raw,experiments_cloud/results/proprietary_semantic_multi.csv,upstream source_file: experiments_cloud/results/semantic/gemini-2.5-pro/sweep_full_20260515_212025.json
01_fvq_cvq,gemini-2.5-pro,Gemini-2.5,True,base,semantic_multi,,40,5,FVQ,semantic,first,1.0,,1.0,1.0,,40,,,,,,,raw,experiments_cloud/results/proprietary_semantic_multi.csv,upstream source_file: experiments_cloud/results/semantic/gemini-2.5-pro/sweep_full_20260515_212025.json
01_fvq_cvq,gemini-2.5-pro,Gemini-2.5,True,base,semantic_multi,,40,10,CVQ,semantic,last,1.0,,1.0,1.0,,40,,,,,,,raw,experiments_cloud/results/proprietary_semantic_multi.csv,upstream source_file: experiments_cloud/results/semantic/gemini-2.5-pro/sweep_full_20260515_212025.json
01_fvq_cvq,gemini-2.5-pro,Gemini-2.5,True,base,semantic_multi,,40,10,FVQ,semantic,first,1.0,,1.0,1.0,,40,,,,,,,raw,experiments_cloud/results/proprietary_semantic_multi.csv,upstream source_file: experiments_cloud/results/semantic/gemini-2.5-pro/sweep_full_20260515_212025.json
01_fvq_cvq,gemini-2.5-pro,Gemini-2.5,True,base,semantic_multi,,40,15,CVQ,semantic,last,1.0,,1.0,1.0,,40,,,,,,,raw,experiments_cloud/results/proprietary_semantic_multi.csv,upstream source_file: experiments_cloud/results/semantic/gemini-2.5-pro/sweep_full_20260515_212025.json
01_fvq_cvq,gemini-2.5-pro,Gemini-2.5,True,base,semantic_multi,,40,15,FVQ,semantic,first,1.0,,1.0,1.0,,40,,,,,,,raw,experiments_cloud/results/proprietary_semantic_multi.csv,upstream source_file: experiments_cloud/results/semantic/gemini-2.5-pro/sweep_full_20260515_212025.json
01_fvq_cvq,gemini-2.5-pro,Gemini-2.5,True,base,semantic_multi,,40,20,CVQ,semantic,last,0.95,,0.9,0.9875,,80,,,,,,,raw,experiments_cloud/results/proprietary_semantic_multi.csv,upstream source_file: experiments_cloud/results/semantic/gemini-2.5-pro/sweep_full_20260515_212025.json
01_fvq_cvq,gemini-2.5-pro,Gemini-2.5,True,base,semantic_multi,,40,20,FVQ,semantic,first,1.0,,1.0,1.0,,80,,,,,,,raw,experiments_cloud/results/proprietary_semantic_multi.csv,upstream source_file: experiments_cloud/results/semantic/gemini-2.5-pro/sweep_full_20260515_212025.json
01_fvq_cvq,gemini-2.5-pro,Gemini-2.5,True,base,semantic_multi,,40,30,CVQ,semantic,last,0.7312,,0.6625,0.8,,160,,,,,,,raw,experiments_cloud/results/proprietary_semantic_multi.csv,upstream source_file: experiments_cloud/results/semantic/gemini-2.5-pro/sweep_full_20260515_212025.json
01_fvq_cvq,gemini-2.5-pro,Gemini-2.5,True,base,semantic_multi,,40,30,FVQ,semantic,first,1.0,,1.0,1.0,,160,,,,,,,raw,experiments_cloud/results/proprietary_semantic_multi.csv,upstream source_file: experiments_cloud/results/semantic/gemini-2.5-pro/sweep_full_20260515_212025.json
01_fvq_cvq,gemini-2.5-pro,Gemini-2.5,True,base,semantic_multi,,40,50,CVQ,semantic,last,0.355,,0.29,0.425,,200,,,,,,,raw,experiments_cloud/results/proprietary_semantic_multi.csv,upstream source_file: experiments_cloud/results/semantic/gemini-2.5-pro/sweep_full_20260515_212025.json
01_fvq_cvq,gemini-2.5-pro,Gemini-2.5,True,base,semantic_multi,,40,50,FVQ,semantic,first,1.0,,1.0,1.0,,200,,,,,,,raw,experiments_cloud/results/proprietary_semantic_multi.csv,upstream source_file: experiments_cloud/results/semantic/gemini-2.5-pro/sweep_full_20260515_212025.json
01_fvq_cvq,gemini-2.5-pro,Gemini-2.5,True,base,semantic_multi,,45,1,CVQ,semantic,last,1.0,,1.0,1.0,,40,,,,,,,raw,experiments_cloud/results/proprietary_semantic_multi.csv,upstream source_file: experiments_cloud/results/semantic/gemini-2.5-pro/sweep_full_20260515_212025.json
01_fvq_cvq,gemini-2.5-pro,Gemini-2.5,True,base,semantic_multi,,45,1,FVQ,semantic,first,1.0,,1.0,1.0,,40,,,,,,,raw,experiments_cloud/results/proprietary_semantic_multi.csv,upstream source_file: experiments_cloud/results/semantic/gemini-2.5-pro/sweep_full_20260515_212025.json
01_fvq_cvq,gemini-2.5-pro,Gemini-2.5,True,base,semantic_multi,,45,5,CVQ,semantic,last,1.0,,1.0,1.0,,40,,,,,,,raw,experiments_cloud/results/proprietary_semantic_multi.csv,upstream source_file: experiments_cloud/results/semantic/gemini-2.5-pro/sweep_full_20260515_212025.json
01_fvq_cvq,gemini-2.5-pro,Gemini-2.5,True,base,semantic_multi,,45,5,FVQ,semantic,first,1.0,,1.0,1.0,,40,,,,,,,raw,experiments_cloud/results/proprietary_semantic_multi.csv,upstream source_file: experiments_cloud/results/semantic/gemini-2.5-pro/sweep_full_20260515_212025.json
01_fvq_cvq,gemini-2.5-pro,Gemini-2.5,True,base,semantic_multi,,45,10,CVQ,semantic,last,1.0,,1.0,1.0,,40,,,,,,,raw,experiments_cloud/results/proprietary_semantic_multi.csv,upstream source_file: experiments_cloud/results/semantic/gemini-2.5-pro/sweep_full_20260515_212025.json
01_fvq_cvq,gemini-2.5-pro,Gemini-2.5,True,base,semantic_multi,,45,10,FVQ,semantic,first,1.0,,1.0,1.0,,40,,,,,,,raw,experiments_cloud/results/proprietary_semantic_multi.csv,upstream source_file: experiments_cloud/results/semantic/gemini-2.5-pro/sweep_full_20260515_212025.json
01_fvq_cvq,gemini-2.5-pro,Gemini-2.5,True,base,semantic_multi,,45,15,CVQ,semantic,last,0.975,,0.925,1.0,,40,,,,,,,raw,experiments_cloud/results/proprietary_semantic_multi.csv,upstream source_file: experiments_cloud/results/semantic/gemini-2.5-pro/sweep_full_20260515_212025.json
01_fvq_cvq,gemini-2.5-pro,Gemini-2.5,True,base,semantic_multi,,45,15,FVQ,semantic,first,0.975,,0.925,1.0,,40,,,,,,,raw,experiments_cloud/results/proprietary_semantic_multi.csv,upstream source_file: experiments_cloud/results/semantic/gemini-2.5-pro/sweep_full_20260515_212025.json
01_fvq_cvq,gemini-2.5-pro,Gemini-2.5,True,base,semantic_multi,,45,20,CVQ,semantic,last,0.9,,0.825,0.9625,,80,,,,,,,raw,experiments_cloud/results/proprietary_semantic_multi.csv,upstream source_file: experiments_cloud/results/semantic/gemini-2.5-pro/sweep_full_20260515_212025.json
01_fvq_cvq,gemini-2.5-pro,Gemini-2.5,True,base,semantic_multi,,45,20,FVQ,semantic,first,1.0,,1.0,1.0,,80,,,,,,,raw,experiments_cloud/results/proprietary_semantic_multi.csv,upstream source_file: experiments_cloud/results/semantic/gemini-2.5-pro/sweep_full_20260515_212025.json
01_fvq_cvq,gemini-2.5-pro,Gemini-2.5,True,base,semantic_multi,,45,30,CVQ,semantic,last,0.585,,0.515,0.65,,200,,,,,,,raw,experiments_cloud/results/proprietary_semantic_multi.csv,upstream source_file: experiments_cloud/results/semantic/gemini-2.5-pro/sweep_full_20260515_212025.json
01_fvq_cvq,gemini-2.5-pro,Gemini-2.5,True,base,semantic_multi,,45,30,FVQ,semantic,first,0.935,,0.8999,0.965,,200,,,,,,,raw,experiments_cloud/results/proprietary_semantic_multi.csv,upstream source_file: experiments_cloud/results/semantic/gemini-2.5-pro/sweep_full_20260515_212025.json
01_fvq_cvq,gpt-4.1,GPT-4.1,True,base,semantic_multi,,1,1,CVQ,semantic,last,1.0,,1.0,1.0,,40,,,,,,,raw,experiments_cloud/results/proprietary_semantic_multi.csv,upstream source_file: experiments_cloud/results/semantic_k1/gpt-4.1/sweep_full_20260519_144219.json
01_fvq_cvq,gpt-4.1,GPT-4.1,True,base,semantic_multi,,1,1,FVQ,semantic,first,1.0,,1.0,1.0,,40,,,,,,,raw,experiments_cloud/results/proprietary_semantic_multi.csv,upstream source_file: experiments_cloud/results/semantic_k1/gpt-4.1/sweep_full_20260519_144219.json
01_fvq_cvq,gpt-4.1,GPT-4.1,True,base,semantic_multi,,1,5,CVQ,semantic,last,1.0,,1.0,1.0,,40,,,,,,,raw,experiments_cloud/results/proprietary_semantic_multi.csv,upstream source_file: experiments_cloud/results/semantic_k1/gpt-4.1/sweep_full_20260519_144219.json
01_fvq_cvq,gpt-4.1,GPT-4.1,True,base,semantic_multi,,1,5,FVQ,semantic,first,1.0,,1.0,1.0,,40,,,,,,,raw,experiments_cloud/results/proprietary_semantic_multi.csv,upstream source_file: experiments_cloud/results/semantic_k1/gpt-4.1/sweep_full_20260519_144219.json
01_fvq_cvq,gpt-4.1,GPT-4.1,True,base,semantic_multi,,1,10,CVQ,semantic,last,1.0,,1.0,1.0,,40,,,,,,,raw,experiments_cloud/results/proprietary_semantic_multi.csv,upstream source_file: experiments_cloud/results/semantic_k1/gpt-4.1/sweep_full_20260519_144219.json
01_fvq_cvq,gpt-4.1,GPT-4.1,True,base,semantic_multi,,1,10,FVQ,semantic,first,1.0,,1.0,1.0,,40,,,,,,,raw,experiments_cloud/results/proprietary_semantic_multi.csv,upstream source_file: experiments_cloud/results/semantic_k1/gpt-4.1/sweep_full_20260519_144219.json
01_fvq_cvq,gpt-4.1,GPT-4.1,True,base,semantic_multi,,1,15,CVQ,semantic,last,1.0,,1.0,1.0,,40,,,,,,,raw,experiments_cloud/results/proprietary_semantic_multi.csv,upstream source_file: experiments_cloud/results/semantic_k1/gpt-4.1/sweep_full_20260519_144219.json
01_fvq_cvq,gpt-4.1,GPT-4.1,True,base,semantic_multi,,1,15,FVQ,semantic,first,1.0,,1.0,1.0,,40,,,,,,,raw,experiments_cloud/results/proprietary_semantic_multi.csv,upstream source_file: experiments_cloud/results/semantic_k1/gpt-4.1/sweep_full_20260519_144219.json
01_fvq_cvq,gpt-4.1,GPT-4.1,True,base,semantic_multi,,1,20,CVQ,semantic,last,1.0,,1.0,1.0,,40,,,,,,,raw,experiments_cloud/results/proprietary_semantic_multi.csv,upstream source_file: experiments_cloud/results/semantic_k1/gpt-4.1/sweep_full_20260519_144219.json
01_fvq_cvq,gpt-4.1,GPT-4.1,True,base,semantic_multi,,1,20,FVQ,semantic,first,1.0,,1.0,1.0,,40,,,,,,,raw,experiments_cloud/results/proprietary_semantic_multi.csv,upstream source_file: experiments_cloud/results/semantic_k1/gpt-4.1/sweep_full_20260519_144219.json
01_fvq_cvq,gpt-4.1,GPT-4.1,True,base,semantic_multi,,1,30,CVQ,semantic,last,1.0,,1.0,1.0,,40,,,,,,,raw,experiments_cloud/results/proprietary_semantic_multi.csv,upstream source_file: experiments_cloud/results/semantic_k1/gpt-4.1/sweep_full_20260519_144219.json
01_fvq_cvq,gpt-4.1,GPT-4.1,True,base,semantic_multi,,1,30,FVQ,semantic,first,1.0,,1.0,1.0,,40,,,,,,,raw,experiments_cloud/results/proprietary_semantic_multi.csv,upstream source_file: experiments_cloud/results/semantic_k1/gpt-4.1/sweep_full_20260519_144219.json
01_fvq_cvq,gpt-4.1,GPT-4.1,True,base,semantic_multi,,1,50,CVQ,semantic,last,1.0,,1.0,1.0,,40,,,,,,,raw,experiments_cloud/results/proprietary_semantic_multi.csv,upstream source_file: experiments_cloud/results/semantic_k1/gpt-4.1/sweep_full_20260519_144219.json
01_fvq_cvq,gpt-4.1,GPT-4.1,True,base,semantic_multi,,1,50,FVQ,semantic,first,1.0,,1.0,1.0,,40,,,,,,,raw,experiments_cloud/results/proprietary_semantic_multi.csv,upstream source_file: experiments_cloud/results/semantic_k1/gpt-4.1/sweep_full_20260519_144219.json
01_fvq_cvq,gpt-4.1,GPT-4.1,True,base,semantic_multi,,2,1,CVQ,semantic,last,0.975,,0.925,1.0,,40,,,,,,,raw,experiments_cloud/results/proprietary_semantic_multi.csv,upstream source_file: experiments_cloud/results/semantic/gpt-4.1/sweep_full_20260515_205642.json
01_fvq_cvq,gpt-4.1,GPT-4.1,True,base,semantic_multi,,2,1,FVQ,semantic,first,0.975,,0.925,1.0,,40,,,,,,,raw,experiments_cloud/results/proprietary_semantic_multi.csv,upstream source_file: experiments_cloud/results/semantic/gpt-4.1/sweep_full_20260515_205642.json
01_fvq_cvq,gpt-4.1,GPT-4.1,True,base,semantic_multi,,2,5,CVQ,semantic,last,1.0,,1.0,1.0,,40,,,,,,,raw,experiments_cloud/results/proprietary_semantic_multi.csv,upstream source_file: experiments_cloud/results/semantic/gpt-4.1/sweep_full_20260515_205642.json
01_fvq_cvq,gpt-4.1,GPT-4.1,True,base,semantic_multi,,2,5,FVQ,semantic,first,1.0,,1.0,1.0,,40,,,,,,,raw,experiments_cloud/results/proprietary_semantic_multi.csv,upstream source_file: experiments_cloud/results/semantic/gpt-4.1/sweep_full_20260515_205642.json
01_fvq_cvq,gpt-4.1,GPT-4.1,True,base,semantic_multi,,2,10,CVQ,semantic,last,1.0,,1.0,1.0,,40,,,,,,,raw,experiments_cloud/results/proprietary_semantic_multi.csv,upstream source_file: experiments_cloud/results/semantic/gpt-4.1/sweep_full_20260515_205642.json
01_fvq_cvq,gpt-4.1,GPT-4.1,True,base,semantic_multi,,2,10,FVQ,semantic,first,1.0,,1.0,1.0,,40,,,,,,,raw,experiments_cloud/results/proprietary_semantic_multi.csv,upstream source_file: experiments_cloud/results/semantic/gpt-4.1/sweep_full_20260515_205642.json
01_fvq_cvq,gpt-4.1,GPT-4.1,True,base,semantic_multi,,2,15,CVQ,semantic,last,1.0,,1.0,1.0,,40,,,,,,,raw,experiments_cloud/results/proprietary_semantic_multi.csv,upstream source_file: experiments_cloud/results/semantic/gpt-4.1/sweep_full_20260515_205642.json
01_fvq_cvq,gpt-4.1,GPT-4.1,True,base,semantic_multi,,2,15,FVQ,semantic,first,1.0,,1.0,1.0,,40,,,,,,,raw,experiments_cloud/results/proprietary_semantic_multi.csv,upstream source_file: experiments_cloud/results/semantic/gpt-4.1/sweep_full_20260515_205642.json
01_fvq_cvq,gpt-4.1,GPT-4.1,True,base,semantic_multi,,2,20,CVQ,semantic,last,1.0,,1.0,1.0,,40,,,,,,,raw,experiments_cloud/results/proprietary_semantic_multi.csv,upstream source_file: experiments_cloud/results/semantic/gpt-4.1/sweep_full_20260515_205642.json
01_fvq_cvq,gpt-4.1,GPT-4.1,True,base,semantic_multi,,2,20,FVQ,semantic,first,1.0,,1.0,1.0,,40,,,,,,,raw,experiments_cloud/results/proprietary_semantic_multi.csv,upstream source_file: experiments_cloud/results/semantic/gpt-4.1/sweep_full_20260515_205642.json
01_fvq_cvq,gpt-4.1,GPT-4.1,True,base,semantic_multi,,2,30,CVQ,semantic,last,1.0,,1.0,1.0,,40,,,,,,,raw,experiments_cloud/results/proprietary_semantic_multi.csv,upstream source_file: experiments_cloud/results/semantic/gpt-4.1/sweep_full_20260515_205642.json
01_fvq_cvq,gpt-4.1,GPT-4.1,True,base,semantic_multi,,2,30,FVQ,semantic,first,1.0,,1.0,1.0,,40,,,,,,,raw,experiments_cloud/results/proprietary_semantic_multi.csv,upstream source_file: experiments_cloud/results/semantic/gpt-4.1/sweep_full_20260515_205642.json
01_fvq_cvq,gpt-4.1,GPT-4.1,True,base,semantic_multi,,2,50,CVQ,semantic,last,1.0,,1.0,1.0,,40,,,,,,,raw,experiments_cloud/results/proprietary_semantic_multi.csv,upstream source_file: experiments_cloud/results/semantic/gpt-4.1/sweep_full_20260515_205642.json
01_fvq_cvq,gpt-4.1,GPT-4.1,True,base,semantic_multi,,2,50,FVQ,semantic,first,1.0,,1.0,1.0,,40,,,,,,,raw,experiments_cloud/results/proprietary_semantic_multi.csv,upstream source_file: experiments_cloud/results/semantic/gpt-4.1/sweep_full_20260515_205642.json
01_fvq_cvq,gpt-4.1,GPT-4.1,True,base,semantic_multi,,5,1,CVQ,semantic,last,1.0,,1.0,1.0,,40,,,,,,,raw,experiments_cloud/results/proprietary_semantic_multi.csv,upstream source_file: experiments_cloud/results/semantic/gpt-4.1/sweep_full_20260515_205642.json
01_fvq_cvq,gpt-4.1,GPT-4.1,True,base,semantic_multi,,5,1,FVQ,semantic,first,1.0,,1.0,1.0,,40,,,,,,,raw,experiments_cloud/results/proprietary_semantic_multi.csv,upstream source_file: experiments_cloud/results/semantic/gpt-4.1/sweep_full_20260515_205642.json
01_fvq_cvq,gpt-4.1,GPT-4.1,True,base,semantic_multi,,5,5,CVQ,semantic,last,1.0,,1.0,1.0,,40,,,,,,,raw,experiments_cloud/results/proprietary_semantic_multi.csv,upstream source_file: experiments_cloud/results/semantic/gpt-4.1/sweep_full_20260515_205642.json
01_fvq_cvq,gpt-4.1,GPT-4.1,True,base,semantic_multi,,5,5,FVQ,semantic,first,0.975,,0.925,1.0,,40,,,,,,,raw,experiments_cloud/results/proprietary_semantic_multi.csv,upstream source_file: experiments_cloud/results/semantic/gpt-4.1/sweep_full_20260515_205642.json
01_fvq_cvq,gpt-4.1,GPT-4.1,True,base,semantic_multi,,5,10,CVQ,semantic,last,0.975,,0.925,1.0,,40,,,,,,,raw,experiments_cloud/results/proprietary_semantic_multi.csv,upstream source_file: experiments_cloud/results/semantic/gpt-4.1/sweep_full_20260515_205642.json
01_fvq_cvq,gpt-4.1,GPT-4.1,True,base,semantic_multi,,5,10,FVQ,semantic,first,1.0,,1.0,1.0,,40,,,,,,,raw,experiments_cloud/results/proprietary_semantic_multi.csv,upstream source_file: experiments_cloud/results/semantic/gpt-4.1/sweep_full_20260515_205642.json
01_fvq_cvq,gpt-4.1,GPT-4.1,True,base,semantic_multi,,5,15,CVQ,semantic,last,0.975,,0.9375,1.0,,80,,,,,,,raw,experiments_cloud/results/proprietary_semantic_multi.csv,upstream source_file: experiments_cloud/results/semantic/gpt-4.1/sweep_full_20260515_205642.json
01_fvq_cvq,gpt-4.1,GPT-4.1,True,base,semantic_multi,,5,15,FVQ,semantic,first,1.0,,1.0,1.0,,80,,,,,,,raw,experiments_cloud/results/proprietary_semantic_multi.csv,upstream source_file: experiments_cloud/results/semantic/gpt-4.1/sweep_full_20260515_205642.json
01_fvq_cvq,gpt-4.1,GPT-4.1,True,base,semantic_multi,,5,20,CVQ,semantic,last,0.95,,0.9,0.9875,,80,,,,,,,raw,experiments_cloud/results/proprietary_semantic_multi.csv,upstream source_file: experiments_cloud/results/semantic/gpt-4.1/sweep_full_20260515_205642.json
01_fvq_cvq,gpt-4.1,GPT-4.1,True,base,semantic_multi,,5,20,FVQ,semantic,first,1.0,,1.0,1.0,,80,,,,,,,raw,experiments_cloud/results/proprietary_semantic_multi.csv,upstream source_file: experiments_cloud/results/semantic/gpt-4.1/sweep_full_20260515_205642.json
01_fvq_cvq,gpt-4.1,GPT-4.1,True,base,semantic_multi,,5,30,CVQ,semantic,last,0.95,,0.9,0.9875,,80,,,,,,,raw,experiments_cloud/results/proprietary_semantic_multi.csv,upstream source_file: experiments_cloud/results/semantic/gpt-4.1/sweep_full_20260515_205642.json
01_fvq_cvq,gpt-4.1,GPT-4.1,True,base,semantic_multi,,5,30,FVQ,semantic,first,1.0,,1.0,1.0,,80,,,,,,,raw,experiments_cloud/results/proprietary_semantic_multi.csv,upstream source_file: experiments_cloud/results/semantic/gpt-4.1/sweep_full_20260515_205642.json
01_fvq_cvq,gpt-4.1,GPT-4.1,True,base,semantic_multi,,5,50,CVQ,semantic,last,0.8833,,0.825,0.9333,,120,,,,,,,raw,experiments_cloud/results/proprietary_semantic_multi.csv,upstream source_file: experiments_cloud/results/semantic/gpt-4.1/sweep_full_20260515_205642.json
01_fvq_cvq,gpt-4.1,GPT-4.1,True,base,semantic_multi,,5,50,FVQ,semantic,first,1.0,,1.0,1.0,,120,,,,,,,raw,experiments_cloud/results/proprietary_semantic_multi.csv,upstream source_file: experiments_cloud/results/semantic/gpt-4.1/sweep_full_20260515_205642.json
01_fvq_cvq,gpt-4.1,GPT-4.1,True,base,semantic_multi,,10,1,CVQ,semantic,last,1.0,,1.0,1.0,,40,,,,,,,raw,experiments_cloud/results/proprietary_semantic_multi.csv,upstream source_file: experiments_cloud/results/semantic/gpt-4.1/sweep_full_20260515_205642.json
01_fvq_cvq,gpt-4.1,GPT-4.1,True,base,semantic_multi,,10,1,FVQ,semantic,first,1.0,,1.0,1.0,,40,,,,,,,raw,experiments_cloud/results/proprietary_semantic_multi.csv,upstream source_file: experiments_cloud/results/semantic/gpt-4.1/sweep_full_20260515_205642.json
01_fvq_cvq,gpt-4.1,GPT-4.1,True,base,semantic_multi,,10,5,CVQ,semantic,last,1.0,,1.0,1.0,,40,,,,,,,raw,experiments_cloud/results/proprietary_semantic_multi.csv,upstream source_file: experiments_cloud/results/semantic/gpt-4.1/sweep_full_20260515_205642.json
01_fvq_cvq,gpt-4.1,GPT-4.1,True,base,semantic_multi,,10,5,FVQ,semantic,first,1.0,,1.0,1.0,,40,,,,,,,raw,experiments_cloud/results/proprietary_semantic_multi.csv,upstream source_file: experiments_cloud/results/semantic/gpt-4.1/sweep_full_20260515_205642.json
01_fvq_cvq,gpt-4.1,GPT-4.1,True,base,semantic_multi,,10,10,CVQ,semantic,last,1.0,,1.0,1.0,,40,,,,,,,raw,experiments_cloud/results/proprietary_semantic_multi.csv,upstream source_file: experiments_cloud/results/semantic/gpt-4.1/sweep_full_20260515_205642.json
01_fvq_cvq,gpt-4.1,GPT-4.1,True,base,semantic_multi,,10,10,FVQ,semantic,first,1.0,,1.0,1.0,,40,,,,,,,raw,experiments_cloud/results/proprietary_semantic_multi.csv,upstream source_file: experiments_cloud/results/semantic/gpt-4.1/sweep_full_20260515_205642.json
01_fvq_cvq,gpt-4.1,GPT-4.1,True,base,semantic_multi,,10,15,CVQ,semantic,last,0.8875,,0.8125,0.95,,80,,,,,,,raw,experiments_cloud/results/proprietary_semantic_multi.csv,upstream source_file: experiments_cloud/results/semantic/gpt-4.1/sweep_full_20260515_205642.json
01_fvq_cvq,gpt-4.1,GPT-4.1,True,base,semantic_multi,,10,15,FVQ,semantic,first,1.0,,1.0,1.0,,80,,,,,,,raw,experiments_cloud/results/proprietary_semantic_multi.csv,upstream source_file: experiments_cloud/results/semantic/gpt-4.1/sweep_full_20260515_205642.json
01_fvq_cvq,gpt-4.1,GPT-4.1,True,base,semantic_multi,,10,20,CVQ,semantic,last,0.565,,0.495,0.635,,200,,,,,,,raw,experiments_cloud/results/proprietary_semantic_multi.csv,upstream source_file: experiments_cloud/results/semantic/gpt-4.1/sweep_full_20260515_205642.json
01_fvq_cvq,gpt-4.1,GPT-4.1,True,base,semantic_multi,,10,20,FVQ,semantic,first,0.7,,0.635,0.76,,200,,,,,,,raw,experiments_cloud/results/proprietary_semantic_multi.csv,upstream source_file: experiments_cloud/results/semantic/gpt-4.1/sweep_full_20260515_205642.json
01_fvq_cvq,gpt-4.1,GPT-4.1,True,base,semantic_multi,,10,30,CVQ,semantic,last,0.8167,,0.7417,0.8833,,120,,,,,,,raw,experiments_cloud/results/proprietary_semantic_multi.csv,upstream source_file: experiments_cloud/results/semantic/gpt-4.1/sweep_full_20260515_205642.json
01_fvq_cvq,gpt-4.1,GPT-4.1,True,base,semantic_multi,,10,30,FVQ,semantic,first,0.9917,,0.975,1.0,,120,,,,,,,raw,experiments_cloud/results/proprietary_semantic_multi.csv,upstream source_file: experiments_cloud/results/semantic/gpt-4.1/sweep_full_20260515_205642.json
01_fvq_cvq,gpt-4.1,GPT-4.1,True,base,semantic_multi,,10,50,CVQ,semantic,last,0.7562,,0.6875,0.825,,160,,,,,,,raw,experiments_cloud/results/proprietary_semantic_multi.csv,upstream source_file: experiments_cloud/results/semantic/gpt-4.1/sweep_full_20260515_205642.json
01_fvq_cvq,gpt-4.1,GPT-4.1,True,base,semantic_multi,,10,50,FVQ,semantic,first,0.9938,,0.9812,1.0,,160,,,,,,,raw,experiments_cloud/results/proprietary_semantic_multi.csv,upstream source_file: experiments_cloud/results/semantic/gpt-4.1/sweep_full_20260515_205642.json
01_fvq_cvq,gpt-4.1,GPT-4.1,True,base,semantic_multi,,15,1,CVQ,semantic,last,1.0,,1.0,1.0,,40,,,,,,,raw,experiments_cloud/results/proprietary_semantic_multi.csv,upstream source_file: experiments_cloud/results/semantic/gpt-4.1/sweep_full_20260515_205642.json
01_fvq_cvq,gpt-4.1,GPT-4.1,True,base,semantic_multi,,15,1,FVQ,semantic,first,1.0,,1.0,1.0,,40,,,,,,,raw,experiments_cloud/results/proprietary_semantic_multi.csv,upstream source_file: experiments_cloud/results/semantic/gpt-4.1/sweep_full_20260515_205642.json
01_fvq_cvq,gpt-4.1,GPT-4.1,True,base,semantic_multi,,15,5,CVQ,semantic,last,0.975,,0.925,1.0,,40,,,,,,,raw,experiments_cloud/results/proprietary_semantic_multi.csv,upstream source_file: experiments_cloud/results/semantic/gpt-4.1/sweep_full_20260515_205642.json
01_fvq_cvq,gpt-4.1,GPT-4.1,True,base,semantic_multi,,15,5,FVQ,semantic,first,0.975,,0.925,1.0,,40,,,,,,,raw,experiments_cloud/results/proprietary_semantic_multi.csv,upstream source_file: experiments_cloud/results/semantic/gpt-4.1/sweep_full_20260515_205642.json
01_fvq_cvq,gpt-4.1,GPT-4.1,True,base,semantic_multi,,15,10,CVQ,semantic,last,0.975,,0.925,1.0,,40,,,,,,,raw,experiments_cloud/results/proprietary_semantic_multi.csv,upstream source_file: experiments_cloud/results/semantic/gpt-4.1/sweep_full_20260515_205642.json
01_fvq_cvq,gpt-4.1,GPT-4.1,True,base,semantic_multi,,15,10,FVQ,semantic,first,1.0,,1.0,1.0,,40,,,,,,,raw,experiments_cloud/results/proprietary_semantic_multi.csv,upstream source_file: experiments_cloud/results/semantic/gpt-4.1/sweep_full_20260515_205642.json
01_fvq_cvq,gpt-4.1,GPT-4.1,True,base,semantic_multi,,15,15,CVQ,semantic,last,0.8333,,0.7583,0.9,,120,,,,,,,raw,experiments_cloud/results/proprietary_semantic_multi.csv,upstream source_file: experiments_cloud/results/semantic/gpt-4.1/sweep_full_20260515_205642.json
01_fvq_cvq,gpt-4.1,GPT-4.1,True,base,semantic_multi,,15,15,FVQ,semantic,first,1.0,,1.0,1.0,,120,,,,,,,raw,experiments_cloud/results/proprietary_semantic_multi.csv,upstream source_file: experiments_cloud/results/semantic/gpt-4.1/sweep_full_20260515_205642.json
01_fvq_cvq,gpt-4.1,GPT-4.1,True,base,semantic_multi,,15,20,CVQ,semantic,last,0.8,,0.7375,0.8625,,160,,,,,,,raw,experiments_cloud/results/proprietary_semantic_multi.csv,upstream source_file: experiments_cloud/results/semantic/gpt-4.1/sweep_full_20260515_205642.json
01_fvq_cvq,gpt-4.1,GPT-4.1,True,base,semantic_multi,,15,20,FVQ,semantic,first,1.0,,1.0,1.0,,160,,,,,,,raw,experiments_cloud/results/proprietary_semantic_multi.csv,upstream source_file: experiments_cloud/results/semantic/gpt-4.1/sweep_full_20260515_205642.json
01_fvq_cvq,gpt-4.1,GPT-4.1,True,base,semantic_multi,,15,30,CVQ,semantic,last,0.7875,,0.725,0.85,,160,,,,,,,raw,experiments_cloud/results/proprietary_semantic_multi.csv,upstream source_file: experiments_cloud/results/semantic/gpt-4.1/sweep_full_20260515_205642.json
01_fvq_cvq,gpt-4.1,GPT-4.1,True,base,semantic_multi,,15,30,FVQ,semantic,first,0.9938,,0.9812,1.0,,160,,,,,,,raw,experiments_cloud/results/proprietary_semantic_multi.csv,upstream source_file: experiments_cloud/results/semantic/gpt-4.1/sweep_full_20260515_205642.json
01_fvq_cvq,gpt-4.1,GPT-4.1,True,base,semantic_multi,,15,50,CVQ,semantic,last,0.72,,0.655,0.785,,200,,,,,,,raw,experiments_cloud/results/proprietary_semantic_multi.csv,upstream source_file: experiments_cloud/results/semantic/gpt-4.1/sweep_full_20260515_205642.json
01_fvq_cvq,gpt-4.1,GPT-4.1,True,base,semantic_multi,,15,50,FVQ,semantic,first,1.0,,1.0,1.0,,200,,,,,,,raw,experiments_cloud/results/proprietary_semantic_multi.csv,upstream source_file: experiments_cloud/results/semantic/gpt-4.1/sweep_full_20260515_205642.json
01_fvq_cvq,gpt-4.1,GPT-4.1,True,base,semantic_multi,,20,1,CVQ,semantic,last,1.0,,1.0,1.0,,40,,,,,,,raw,experiments_cloud/results/proprietary_semantic_multi.csv,upstream source_file: experiments_cloud/results/semantic/gpt-4.1/sweep_full_20260515_205642.json
01_fvq_cvq,gpt-4.1,GPT-4.1,True,base,semantic_multi,,20,1,FVQ,semantic,first,1.0,,1.0,1.0,,40,,,,,,,raw,experiments_cloud/results/proprietary_semantic_multi.csv,upstream source_file: experiments_cloud/results/semantic/gpt-4.1/sweep_full_20260515_205642.json
01_fvq_cvq,gpt-4.1,GPT-4.1,True,base,semantic_multi,,20,5,CVQ,semantic,last,0.975,,0.9375,1.0,,80,,,,,,,raw,experiments_cloud/results/proprietary_semantic_multi.csv,upstream source_file: experiments_cloud/results/semantic/gpt-4.1/sweep_full_20260515_205642.json
01_fvq_cvq,gpt-4.1,GPT-4.1,True,base,semantic_multi,,20,5,FVQ,semantic,first,1.0,,1.0,1.0,,80,,,,,,,raw,experiments_cloud/results/proprietary_semantic_multi.csv,upstream source_file: experiments_cloud/results/semantic/gpt-4.1/sweep_full_20260515_205642.json
01_fvq_cvq,gpt-4.1,GPT-4.1,True,base,semantic_multi,,20,10,CVQ,semantic,last,0.8583,,0.7917,0.9167,,120,,,,,,,raw,experiments_cloud/results/proprietary_semantic_multi.csv,upstream source_file: experiments_cloud/results/semantic/gpt-4.1/sweep_full_20260515_205642.json
01_fvq_cvq,gpt-4.1,GPT-4.1,True,base,semantic_multi,,20,10,FVQ,semantic,first,1.0,,1.0,1.0,,120,,,,,,,raw,experiments_cloud/results/proprietary_semantic_multi.csv,upstream source_file: experiments_cloud/results/semantic/gpt-4.1/sweep_full_20260515_205642.json
01_fvq_cvq,gpt-4.1,GPT-4.1,True,base,semantic_multi,,20,15,CVQ,semantic,last,0.8083,,0.7417,0.875,,120,,,,,,,raw,experiments_cloud/results/proprietary_semantic_multi.csv,upstream source_file: experiments_cloud/results/semantic/gpt-4.1/sweep_full_20260515_205642.json
01_fvq_cvq,gpt-4.1,GPT-4.1,True,base,semantic_multi,,20,15,FVQ,semantic,first,1.0,,1.0,1.0,,120,,,,,,,raw,experiments_cloud/results/proprietary_semantic_multi.csv,upstream source_file: experiments_cloud/results/semantic/gpt-4.1/sweep_full_20260515_205642.json
01_fvq_cvq,gpt-4.1,GPT-4.1,True,base,semantic_multi,,20,20,CVQ,semantic,last,0.7625,,0.6938,0.825,,160,,,,,,,raw,experiments_cloud/results/proprietary_semantic_multi.csv,upstream source_file: experiments_cloud/results/semantic/gpt-4.1/sweep_full_20260515_205642.json
01_fvq_cvq,gpt-4.1,GPT-4.1,True,base,semantic_multi,,20,20,FVQ,semantic,first,0.9875,,0.9688,1.0,,160,,,,,,,raw,experiments_cloud/results/proprietary_semantic_multi.csv,upstream source_file: experiments_cloud/results/semantic/gpt-4.1/sweep_full_20260515_205642.json
01_fvq_cvq,gpt-4.1,GPT-4.1,True,base,semantic_multi,,20,30,CVQ,semantic,last,0.7625,,0.7,0.825,,160,,,,,,,raw,experiments_cloud/results/proprietary_semantic_multi.csv,upstream source_file: experiments_cloud/results/semantic/gpt-4.1/sweep_full_20260515_205642.json
01_fvq_cvq,gpt-4.1,GPT-4.1,True,base,semantic_multi,,20,30,FVQ,semantic,first,1.0,,1.0,1.0,,160,,,,,,,raw,experiments_cloud/results/proprietary_semantic_multi.csv,upstream source_file: experiments_cloud/results/semantic/gpt-4.1/sweep_full_20260515_205642.json
01_fvq_cvq,gpt-4.1,GPT-4.1,True,base,semantic_multi,,20,50,CVQ,semantic,last,0.7062,,0.6375,0.775,,160,,,,,,,raw,experiments_cloud/results/proprietary_semantic_multi.csv,upstream source_file: experiments_cloud/results/semantic/gpt-4.1/sweep_full_20260515_205642.json
01_fvq_cvq,gpt-4.1,GPT-4.1,True,base,semantic_multi,,20,50,FVQ,semantic,first,1.0,,1.0,1.0,,160,,,,,,,raw,experiments_cloud/results/proprietary_semantic_multi.csv,upstream source_file: experiments_cloud/results/semantic/gpt-4.1/sweep_full_20260515_205642.json
01_fvq_cvq,gpt-4.1,GPT-4.1,True,base,semantic_multi,,25,1,CVQ,semantic,last,1.0,,1.0,1.0,,40,,,,,,,raw,experiments_cloud/results/proprietary_semantic_multi.csv,upstream source_file: experiments_cloud/results/semantic/gpt-4.1/sweep_full_20260515_205642.json
01_fvq_cvq,gpt-4.1,GPT-4.1,True,base,semantic_multi,,25,1,FVQ,semantic,first,1.0,,1.0,1.0,,40,,,,,,,raw,experiments_cloud/results/proprietary_semantic_multi.csv,upstream source_file: experiments_cloud/results/semantic/gpt-4.1/sweep_full_20260515_205642.json
01_fvq_cvq,gpt-4.1,GPT-4.1,True,base,semantic_multi,,25,5,CVQ,semantic,last,0.975,,0.925,1.0,,40,,,,,,,raw,experiments_cloud/results/proprietary_semantic_multi.csv,upstream source_file: experiments_cloud/results/semantic/gpt-4.1/sweep_full_20260515_205642.json
01_fvq_cvq,gpt-4.1,GPT-4.1,True,base,semantic_multi,,25,5,FVQ,semantic,first,1.0,,1.0,1.0,,40,,,,,,,raw,experiments_cloud/results/proprietary_semantic_multi.csv,upstream source_file: experiments_cloud/results/semantic/gpt-4.1/sweep_full_20260515_205642.json
01_fvq_cvq,gpt-4.1,GPT-4.1,True,base,semantic_multi,,25,10,CVQ,semantic,last,0.8417,,0.775,0.9083,,120,,,,,,,raw,experiments_cloud/results/proprietary_semantic_multi.csv,upstream source_file: experiments_cloud/results/semantic/gpt-4.1/sweep_full_20260515_205642.json
01_fvq_cvq,gpt-4.1,GPT-4.1,True,base,semantic_multi,,25,10,FVQ,semantic,first,1.0,,1.0,1.0,,120,,,,,,,raw,experiments_cloud/results/proprietary_semantic_multi.csv,upstream source_file: experiments_cloud/results/semantic/gpt-4.1/sweep_full_20260515_205642.json
01_fvq_cvq,gpt-4.1,GPT-4.1,True,base,semantic_multi,,25,15,CVQ,semantic,last,0.7625,,0.6938,0.8312,,160,,,,,,,raw,experiments_cloud/results/proprietary_semantic_multi.csv,upstream source_file: experiments_cloud/results/semantic/gpt-4.1/sweep_full_20260515_205642.json
01_fvq_cvq,gpt-4.1,GPT-4.1,True,base,semantic_multi,,25,15,FVQ,semantic,first,1.0,,1.0,1.0,,160,,,,,,,raw,experiments_cloud/results/proprietary_semantic_multi.csv,upstream source_file: experiments_cloud/results/semantic/gpt-4.1/sweep_full_20260515_205642.json
01_fvq_cvq,gpt-4.1,GPT-4.1,True,base,semantic_multi,,25,20,CVQ,semantic,last,0.8167,,0.75,0.8833,,120,,,,,,,raw,experiments_cloud/results/proprietary_semantic_multi.csv,upstream source_file: experiments_cloud/results/semantic/gpt-4.1/sweep_full_20260515_205642.json
01_fvq_cvq,gpt-4.1,GPT-4.1,True,base,semantic_multi,,25,20,FVQ,semantic,first,1.0,,1.0,1.0,,120,,,,,,,raw,experiments_cloud/results/proprietary_semantic_multi.csv,upstream source_file: experiments_cloud/results/semantic/gpt-4.1/sweep_full_20260515_205642.json
01_fvq_cvq,gpt-4.1,GPT-4.1,True,base,semantic_multi,,25,30,CVQ,semantic,last,0.7375,,0.6688,0.8062,,160,,,,,,,raw,experiments_cloud/results/proprietary_semantic_multi.csv,upstream source_file: experiments_cloud/results/semantic/gpt-4.1/sweep_full_20260515_205642.json
01_fvq_cvq,gpt-4.1,GPT-4.1,True,base,semantic_multi,,25,30,FVQ,semantic,first,1.0,,1.0,1.0,,160,,,,,,,raw,experiments_cloud/results/proprietary_semantic_multi.csv,upstream source_file: experiments_cloud/results/semantic/gpt-4.1/sweep_full_20260515_205642.json
01_fvq_cvq,gpt-4.1,GPT-4.1,True,base,semantic_multi,,25,50,CVQ,semantic,last,0.68,,0.615,0.745,,200,,,,,,,raw,experiments_cloud/results/proprietary_semantic_multi.csv,upstream source_file: experiments_cloud/results/semantic/gpt-4.1/sweep_full_20260515_205642.json
01_fvq_cvq,gpt-4.1,GPT-4.1,True,base,semantic_multi,,25,50,FVQ,semantic,first,1.0,,1.0,1.0,,200,,,,,,,raw,experiments_cloud/results/proprietary_semantic_multi.csv,upstream source_file: experiments_cloud/results/semantic/gpt-4.1/sweep_full_20260515_205642.json
01_fvq_cvq,gpt-4.1,GPT-4.1,True,base,semantic_multi,,30,1,CVQ,semantic,last,1.0,,1.0,1.0,,40,,,,,,,raw,experiments_cloud/results/proprietary_semantic_multi.csv,upstream source_file: experiments_cloud/results/semantic/gpt-4.1/sweep_full_20260515_205642.json
01_fvq_cvq,gpt-4.1,GPT-4.1,True,base,semantic_multi,,30,1,FVQ,semantic,first,1.0,,1.0,1.0,,40,,,,,,,raw,experiments_cloud/results/proprietary_semantic_multi.csv,upstream source_file: experiments_cloud/results/semantic/gpt-4.1/sweep_full_20260515_205642.json
01_fvq_cvq,gpt-4.1,GPT-4.1,True,base,semantic_multi,,30,5,CVQ,semantic,last,0.975,,0.9375,1.0,,80,,,,,,,raw,experiments_cloud/results/proprietary_semantic_multi.csv,upstream source_file: experiments_cloud/results/semantic/gpt-4.1/sweep_full_20260515_205642.json
01_fvq_cvq,gpt-4.1,GPT-4.1,True,base,semantic_multi,,30,5,FVQ,semantic,first,1.0,,1.0,1.0,,80,,,,,,,raw,experiments_cloud/results/proprietary_semantic_multi.csv,upstream source_file: experiments_cloud/results/semantic/gpt-4.1/sweep_full_20260515_205642.json
01_fvq_cvq,gpt-4.1,GPT-4.1,True,base,semantic_multi,,30,10,CVQ,semantic,last,0.7562,,0.6875,0.8189,,160,,,,,,,raw,experiments_cloud/results/proprietary_semantic_multi.csv,upstream source_file: experiments_cloud/results/semantic/gpt-4.1/sweep_full_20260515_205642.json
01_fvq_cvq,gpt-4.1,GPT-4.1,True,base,semantic_multi,,30,10,FVQ,semantic,first,0.9938,,0.9812,1.0,,160,,,,,,,raw,experiments_cloud/results/proprietary_semantic_multi.csv,upstream source_file: experiments_cloud/results/semantic/gpt-4.1/sweep_full_20260515_205642.json
01_fvq_cvq,gpt-4.1,GPT-4.1,True,base,semantic_multi,,30,15,CVQ,semantic,last,0.65,,0.585,0.715,,200,,,,,,,raw,experiments_cloud/results/proprietary_semantic_multi.csv,upstream source_file: experiments_cloud/results/semantic/gpt-4.1/sweep_full_20260515_205642.json
01_fvq_cvq,gpt-4.1,GPT-4.1,True,base,semantic_multi,,30,15,FVQ,semantic,first,0.825,,0.77,0.875,,200,,,,,,,raw,experiments_cloud/results/proprietary_semantic_multi.csv,upstream source_file: experiments_cloud/results/semantic/gpt-4.1/sweep_full_20260515_205642.json
01_fvq_cvq,gpt-4.1,GPT-4.1,True,base,semantic_multi,,30,20,CVQ,semantic,last,0.7188,,0.65,0.7875,,160,,,,,,,raw,experiments_cloud/results/proprietary_semantic_multi.csv,upstream source_file: experiments_cloud/results/semantic/gpt-4.1/sweep_full_20260515_205642.json
01_fvq_cvq,gpt-4.1,GPT-4.1,True,base,semantic_multi,,30,20,FVQ,semantic,first,1.0,,1.0,1.0,,160,,,,,,,raw,experiments_cloud/results/proprietary_semantic_multi.csv,upstream source_file: experiments_cloud/results/semantic/gpt-4.1/sweep_full_20260515_205642.json
01_fvq_cvq,gpt-4.1,GPT-4.1,True,base,semantic_multi,,30,30,CVQ,semantic,last,0.67,,0.605,0.735,,200,,,,,,,raw,experiments_cloud/results/proprietary_semantic_multi.csv,upstream source_file: experiments_cloud/results/semantic/gpt-4.1/sweep_full_20260515_205642.json
01_fvq_cvq,gpt-4.1,GPT-4.1,True,base,semantic_multi,,30,30,FVQ,semantic,first,1.0,,1.0,1.0,,200,,,,,,,raw,experiments_cloud/results/proprietary_semantic_multi.csv,upstream source_file: experiments_cloud/results/semantic/gpt-4.1/sweep_full_20260515_205642.json
01_fvq_cvq,gpt-4.1,GPT-4.1,True,base,semantic_multi,,30,50,CVQ,semantic,last,0.655,,0.59,0.72,,200,,,,,,,raw,experiments_cloud/results/proprietary_semantic_multi.csv,upstream source_file: experiments_cloud/results/semantic/gpt-4.1/sweep_full_20260515_205642.json
01_fvq_cvq,gpt-4.1,GPT-4.1,True,base,semantic_multi,,30,50,FVQ,semantic,first,0.99,,0.975,1.0,,200,,,,,,,raw,experiments_cloud/results/proprietary_semantic_multi.csv,upstream source_file: experiments_cloud/results/semantic/gpt-4.1/sweep_full_20260515_205642.json
01_fvq_cvq,gpt-4.1,GPT-4.1,True,base,semantic_multi,,40,1,CVQ,semantic,last,1.0,,1.0,1.0,,40,,,,,,,raw,experiments_cloud/results/proprietary_semantic_multi.csv,upstream source_file: experiments_cloud/results/semantic/gpt-4.1/sweep_full_20260515_205642.json
01_fvq_cvq,gpt-4.1,GPT-4.1,True,base,semantic_multi,,40,1,FVQ,semantic,first,0.975,,0.925,1.0,,40,,,,,,,raw,experiments_cloud/results/proprietary_semantic_multi.csv,upstream source_file: experiments_cloud/results/semantic/gpt-4.1/sweep_full_20260515_205642.json
01_fvq_cvq,gpt-4.1,GPT-4.1,True,base,semantic_multi,,40,5,CVQ,semantic,last,0.8875,,0.8125,0.95,,80,,,,,,,raw,experiments_cloud/results/proprietary_semantic_multi.csv,upstream source_file: experiments_cloud/results/semantic/gpt-4.1/sweep_full_20260515_205642.json
01_fvq_cvq,gpt-4.1,GPT-4.1,True,base,semantic_multi,,40,5,FVQ,semantic,first,1.0,,1.0,1.0,,80,,,,,,,raw,experiments_cloud/results/proprietary_semantic_multi.csv,upstream source_file: experiments_cloud/results/semantic/gpt-4.1/sweep_full_20260515_205642.json
01_fvq_cvq,gpt-4.1,GPT-4.1,True,base,semantic_multi,,40,10,CVQ,semantic,last,0.8167,,0.75,0.8833,,120,,,,,,,raw,experiments_cloud/results/proprietary_semantic_multi.csv,upstream source_file: experiments_cloud/results/semantic/gpt-4.1/sweep_full_20260515_205642.json
01_fvq_cvq,gpt-4.1,GPT-4.1,True,base,semantic_multi,,40,10,FVQ,semantic,first,1.0,,1.0,1.0,,120,,,,,,,raw,experiments_cloud/results/proprietary_semantic_multi.csv,upstream source_file: experiments_cloud/results/semantic/gpt-4.1/sweep_full_20260515_205642.json
01_fvq_cvq,gpt-4.1,GPT-4.1,True,base,semantic_multi,,40,15,CVQ,semantic,last,0.7312,,0.6625,0.8,,160,,,,,,,raw,experiments_cloud/results/proprietary_semantic_multi.csv,upstream source_file: experiments_cloud/results/semantic/gpt-4.1/sweep_full_20260515_205642.json
01_fvq_cvq,gpt-4.1,GPT-4.1,True,base,semantic_multi,,40,15,FVQ,semantic,first,1.0,,1.0,1.0,,160,,,,,,,raw,experiments_cloud/results/proprietary_semantic_multi.csv,upstream source_file: experiments_cloud/results/semantic/gpt-4.1/sweep_full_20260515_205642.json
01_fvq_cvq,gpt-4.1,GPT-4.1,True,base,semantic_multi,,40,20,CVQ,semantic,last,0.69,,0.62,0.755,,200,,,,,,,raw,experiments_cloud/results/proprietary_semantic_multi.csv,upstream source_file: experiments_cloud/results/semantic/gpt-4.1/sweep_full_20260515_205642.json
01_fvq_cvq,gpt-4.1,GPT-4.1,True,base,semantic_multi,,40,20,FVQ,semantic,first,0.995,,0.985,1.0,,200,,,,,,,raw,experiments_cloud/results/proprietary_semantic_multi.csv,upstream source_file: experiments_cloud/results/semantic/gpt-4.1/sweep_full_20260515_205642.json
01_fvq_cvq,gpt-4.1,GPT-4.1,True,base,semantic_multi,,40,30,CVQ,semantic,last,0.7062,,0.6312,0.775,,160,,,,,,,raw,experiments_cloud/results/proprietary_semantic_multi.csv,upstream source_file: experiments_cloud/results/semantic/gpt-4.1/sweep_full_20260515_205642.json
01_fvq_cvq,gpt-4.1,GPT-4.1,True,base,semantic_multi,,40,30,FVQ,semantic,first,0.9938,,0.9812,1.0,,160,,,,,,,raw,experiments_cloud/results/proprietary_semantic_multi.csv,upstream source_file: experiments_cloud/results/semantic/gpt-4.1/sweep_full_20260515_205642.json
01_fvq_cvq,gpt-4.1,GPT-4.1,True,base,semantic_multi,,40,50,CVQ,semantic,last,0.63,,0.56,0.7,,200,,,,,,,raw,experiments_cloud/results/proprietary_semantic_multi.csv,upstream source_file: experiments_cloud/results/semantic/gpt-4.1/sweep_full_20260515_205642.json
01_fvq_cvq,gpt-4.1,GPT-4.1,True,base,semantic_multi,,40,50,FVQ,semantic,first,0.995,,0.985,1.0,,200,,,,,,,raw,experiments_cloud/results/proprietary_semantic_multi.csv,upstream source_file: experiments_cloud/results/semantic/gpt-4.1/sweep_full_20260515_205642.json
01_fvq_cvq,gpt-4.1,GPT-4.1,True,base,semantic_multi,,45,1,CVQ,semantic,last,1.0,,1.0,1.0,,80,,,,,,,raw,experiments_cloud/results/proprietary_semantic_multi.csv,upstream source_file: experiments_cloud/results/semantic/gpt-4.1/sweep_full_20260515_205642.json
01_fvq_cvq,gpt-4.1,GPT-4.1,True,base,semantic_multi,,45,1,FVQ,semantic,first,0.975,,0.9375,1.0,,80,,,,,,,raw,experiments_cloud/results/proprietary_semantic_multi.csv,upstream source_file: experiments_cloud/results/semantic/gpt-4.1/sweep_full_20260515_205642.json
01_fvq_cvq,gpt-4.1,GPT-4.1,True,base,semantic_multi,,45,5,CVQ,semantic,last,0.9125,,0.85,0.9628,,80,,,,,,,raw,experiments_cloud/results/proprietary_semantic_multi.csv,upstream source_file: experiments_cloud/results/semantic/gpt-4.1/sweep_full_20260515_205642.json
01_fvq_cvq,gpt-4.1,GPT-4.1,True,base,semantic_multi,,45,5,FVQ,semantic,first,1.0,,1.0,1.0,,80,,,,,,,raw,experiments_cloud/results/proprietary_semantic_multi.csv,upstream source_file: experiments_cloud/results/semantic/gpt-4.1/sweep_full_20260515_205642.json
01_fvq_cvq,gpt-4.1,GPT-4.1,True,base,semantic_multi,,45,10,CVQ,semantic,last,0.725,,0.65,0.7938,,160,,,,,,,raw,experiments_cloud/results/proprietary_semantic_multi.csv,upstream source_file: experiments_cloud/results/semantic/gpt-4.1/sweep_full_20260515_205642.json
01_fvq_cvq,gpt-4.1,GPT-4.1,True,base,semantic_multi,,45,10,FVQ,semantic,first,1.0,,1.0,1.0,,160,,,,,,,raw,experiments_cloud/results/proprietary_semantic_multi.csv,upstream source_file: experiments_cloud/results/semantic/gpt-4.1/sweep_full_20260515_205642.json
01_fvq_cvq,gpt-4.1,GPT-4.1,True,base,semantic_multi,,45,15,CVQ,semantic,last,0.71,,0.645,0.77,,200,,,,,,,raw,experiments_cloud/results/proprietary_semantic_multi.csv,upstream source_file: experiments_cloud/results/semantic/gpt-4.1/sweep_full_20260515_205642.json
01_fvq_cvq,gpt-4.1,GPT-4.1,True,base,semantic_multi,,45,15,FVQ,semantic,first,0.995,,0.985,1.0,,200,,,,,,,raw,experiments_cloud/results/proprietary_semantic_multi.csv,upstream source_file: experiments_cloud/results/semantic/gpt-4.1/sweep_full_20260515_205642.json
01_fvq_cvq,gpt-4.1,GPT-4.1,True,base,semantic_multi,,45,20,CVQ,semantic,last,0.68,,0.615,0.7451,,200,,,,,,,raw,experiments_cloud/results/proprietary_semantic_multi.csv,upstream source_file: experiments_cloud/results/semantic/gpt-4.1/sweep_full_20260515_205642.json
01_fvq_cvq,gpt-4.1,GPT-4.1,True,base,semantic_multi,,45,20,FVQ,semantic,first,0.99,,0.975,1.0,,200,,,,,,,raw,experiments_cloud/results/proprietary_semantic_multi.csv,upstream source_file: experiments_cloud/results/semantic/gpt-4.1/sweep_full_20260515_205642.json
01_fvq_cvq,gpt-4.1,GPT-4.1,True,base,semantic_multi,,45,30,CVQ,semantic,last,0.7,,0.635,0.7601,,200,,,,,,,raw,experiments_cloud/results/proprietary_semantic_multi.csv,upstream source_file: experiments_cloud/results/semantic/gpt-4.1/sweep_full_20260515_205642.json
01_fvq_cvq,gpt-4.1,GPT-4.1,True,base,semantic_multi,,45,30,FVQ,semantic,first,0.99,,0.975,1.0,,200,,,,,,,raw,experiments_cloud/results/proprietary_semantic_multi.csv,upstream source_file: experiments_cloud/results/semantic/gpt-4.1/sweep_full_20260515_205642.json
01_fvq_cvq,gpt-4.1-mini,GPT-4.1,True,base,semantic_multi,,1,1,CVQ,semantic,last,1.0,,1.0,1.0,,40,,,,,,,raw,experiments_cloud/results/proprietary_semantic_multi.csv,upstream source_file: experiments_cloud/results/semantic_k1/gpt-4.1-mini/sweep_full_20260519_144032.json
01_fvq_cvq,gpt-4.1-mini,GPT-4.1,True,base,semantic_multi,,1,1,FVQ,semantic,first,1.0,,1.0,1.0,,40,,,,,,,raw,experiments_cloud/results/proprietary_semantic_multi.csv,upstream source_file: experiments_cloud/results/semantic_k1/gpt-4.1-mini/sweep_full_20260519_144032.json
01_fvq_cvq,gpt-4.1-mini,GPT-4.1,True,base,semantic_multi,,1,5,CVQ,semantic,last,1.0,,1.0,1.0,,40,,,,,,,raw,experiments_cloud/results/proprietary_semantic_multi.csv,upstream source_file: experiments_cloud/results/semantic_k1/gpt-4.1-mini/sweep_full_20260519_144032.json
01_fvq_cvq,gpt-4.1-mini,GPT-4.1,True,base,semantic_multi,,1,5,FVQ,semantic,first,1.0,,1.0,1.0,,40,,,,,,,raw,experiments_cloud/results/proprietary_semantic_multi.csv,upstream source_file: experiments_cloud/results/semantic_k1/gpt-4.1-mini/sweep_full_20260519_144032.json
01_fvq_cvq,gpt-4.1-mini,GPT-4.1,True,base,semantic_multi,,1,10,CVQ,semantic,last,0.975,,0.925,1.0,,40,,,,,,,raw,experiments_cloud/results/proprietary_semantic_multi.csv,upstream source_file: experiments_cloud/results/semantic_k1/gpt-4.1-mini/sweep_full_20260519_144032.json
01_fvq_cvq,gpt-4.1-mini,GPT-4.1,True,base,semantic_multi,,1,10,FVQ,semantic,first,0.975,,0.925,1.0,,40,,,,,,,raw,experiments_cloud/results/proprietary_semantic_multi.csv,upstream source_file: experiments_cloud/results/semantic_k1/gpt-4.1-mini/sweep_full_20260519_144032.json
01_fvq_cvq,gpt-4.1-mini,GPT-4.1,True,base,semantic_multi,,1,15,CVQ,semantic,last,1.0,,1.0,1.0,,40,,,,,,,raw,experiments_cloud/results/proprietary_semantic_multi.csv,upstream source_file: experiments_cloud/results/semantic_k1/gpt-4.1-mini/sweep_full_20260519_144032.json
01_fvq_cvq,gpt-4.1-mini,GPT-4.1,True,base,semantic_multi,,1,15,FVQ,semantic,first,1.0,,1.0,1.0,,40,,,,,,,raw,experiments_cloud/results/proprietary_semantic_multi.csv,upstream source_file: experiments_cloud/results/semantic_k1/gpt-4.1-mini/sweep_full_20260519_144032.json
01_fvq_cvq,gpt-4.1-mini,GPT-4.1,True,base,semantic_multi,,1,20,CVQ,semantic,last,1.0,,1.0,1.0,,40,,,,,,,raw,experiments_cloud/results/proprietary_semantic_multi.csv,upstream source_file: experiments_cloud/results/semantic_k1/gpt-4.1-mini/sweep_full_20260519_144032.json
01_fvq_cvq,gpt-4.1-mini,GPT-4.1,True,base,semantic_multi,,1,20,FVQ,semantic,first,1.0,,1.0,1.0,,40,,,,,,,raw,experiments_cloud/results/proprietary_semantic_multi.csv,upstream source_file: experiments_cloud/results/semantic_k1/gpt-4.1-mini/sweep_full_20260519_144032.json
01_fvq_cvq,gpt-4.1-mini,GPT-4.1,True,base,semantic_multi,,1,30,CVQ,semantic,last,1.0,,1.0,1.0,,40,,,,,,,raw,experiments_cloud/results/proprietary_semantic_multi.csv,upstream source_file: experiments_cloud/results/semantic_k1/gpt-4.1-mini/sweep_full_20260519_144032.json
01_fvq_cvq,gpt-4.1-mini,GPT-4.1,True,base,semantic_multi,,1,30,FVQ,semantic,first,1.0,,1.0,1.0,,40,,,,,,,raw,experiments_cloud/results/proprietary_semantic_multi.csv,upstream source_file: experiments_cloud/results/semantic_k1/gpt-4.1-mini/sweep_full_20260519_144032.json
01_fvq_cvq,gpt-4.1-mini,GPT-4.1,True,base,semantic_multi,,1,50,CVQ,semantic,last,1.0,,1.0,1.0,,40,,,,,,,raw,experiments_cloud/results/proprietary_semantic_multi.csv,upstream source_file: experiments_cloud/results/semantic_k1/gpt-4.1-mini/sweep_full_20260519_144032.json
01_fvq_cvq,gpt-4.1-mini,GPT-4.1,True,base,semantic_multi,,1,50,FVQ,semantic,first,1.0,,1.0,1.0,,40,,,,,,,raw,experiments_cloud/results/proprietary_semantic_multi.csv,upstream source_file: experiments_cloud/results/semantic_k1/gpt-4.1-mini/sweep_full_20260519_144032.json
01_fvq_cvq,gpt-4.1-mini,GPT-4.1,True,base,semantic_multi,,2,1,CVQ,semantic,last,1.0,,1.0,1.0,,50,,,,,,,raw,experiments_cloud/results/proprietary_semantic_multi.csv,upstream source_file: experiments_cloud/results/semantic/gpt-4.1-mini/sweep_full_20260301_133210.json
01_fvq_cvq,gpt-4.1-mini,GPT-4.1,True,base,semantic_multi,,2,1,FVQ,semantic,first,1.0,,1.0,1.0,,50,,,,,,,raw,experiments_cloud/results/proprietary_semantic_multi.csv,upstream source_file: experiments_cloud/results/semantic/gpt-4.1-mini/sweep_full_20260301_133210.json
01_fvq_cvq,gpt-4.1-mini,GPT-4.1,True,base,semantic_multi,,2,5,CVQ,semantic,last,1.0,,1.0,1.0,,50,,,,,,,raw,experiments_cloud/results/proprietary_semantic_multi.csv,upstream source_file: experiments_cloud/results/semantic/gpt-4.1-mini/sweep_full_20260301_133210.json
01_fvq_cvq,gpt-4.1-mini,GPT-4.1,True,base,semantic_multi,,2,5,FVQ,semantic,first,1.0,,1.0,1.0,,50,,,,,,,raw,experiments_cloud/results/proprietary_semantic_multi.csv,upstream source_file: experiments_cloud/results/semantic/gpt-4.1-mini/sweep_full_20260301_133210.json
01_fvq_cvq,gpt-4.1-mini,GPT-4.1,True,base,semantic_multi,,2,10,CVQ,semantic,last,1.0,,1.0,1.0,,50,,,,,,,raw,experiments_cloud/results/proprietary_semantic_multi.csv,upstream source_file: experiments_cloud/results/semantic/gpt-4.1-mini/sweep_full_20260301_133210.json
01_fvq_cvq,gpt-4.1-mini,GPT-4.1,True,base,semantic_multi,,2,10,FVQ,semantic,first,1.0,,1.0,1.0,,50,,,,,,,raw,experiments_cloud/results/proprietary_semantic_multi.csv,upstream source_file: experiments_cloud/results/semantic/gpt-4.1-mini/sweep_full_20260301_133210.json
01_fvq_cvq,gpt-4.1-mini,GPT-4.1,True,base,semantic_multi,,2,15,CVQ,semantic,last,1.0,,1.0,1.0,,50,,,,,,,raw,experiments_cloud/results/proprietary_semantic_multi.csv,upstream source_file: experiments_cloud/results/semantic/gpt-4.1-mini/sweep_full_20260301_133210.json
01_fvq_cvq,gpt-4.1-mini,GPT-4.1,True,base,semantic_multi,,2,15,FVQ,semantic,first,1.0,,1.0,1.0,,50,,,,,,,raw,experiments_cloud/results/proprietary_semantic_multi.csv,upstream source_file: experiments_cloud/results/semantic/gpt-4.1-mini/sweep_full_20260301_133210.json
01_fvq_cvq,gpt-4.1-mini,GPT-4.1,True,base,semantic_multi,,2,20,CVQ,semantic,last,1.0,,1.0,1.0,,50,,,,,,,raw,experiments_cloud/results/proprietary_semantic_multi.csv,upstream source_file: experiments_cloud/results/semantic/gpt-4.1-mini/sweep_full_20260301_133210.json
01_fvq_cvq,gpt-4.1-mini,GPT-4.1,True,base,semantic_multi,,2,20,FVQ,semantic,first,1.0,,1.0,1.0,,50,,,,,,,raw,experiments_cloud/results/proprietary_semantic_multi.csv,upstream source_file: experiments_cloud/results/semantic/gpt-4.1-mini/sweep_full_20260301_133210.json
01_fvq_cvq,gpt-4.1-mini,GPT-4.1,True,base,semantic_multi,,2,30,CVQ,semantic,last,0.98,,0.94,1.0,,50,,,,,,,raw,experiments_cloud/results/proprietary_semantic_multi.csv,upstream source_file: experiments_cloud/results/semantic/gpt-4.1-mini/sweep_full_20260301_133210.json
01_fvq_cvq,gpt-4.1-mini,GPT-4.1,True,base,semantic_multi,,2,30,FVQ,semantic,first,1.0,,1.0,1.0,,50,,,,,,,raw,experiments_cloud/results/proprietary_semantic_multi.csv,upstream source_file: experiments_cloud/results/semantic/gpt-4.1-mini/sweep_full_20260301_133210.json
01_fvq_cvq,gpt-4.1-mini,GPT-4.1,True,base,semantic_multi,,2,50,CVQ,semantic,last,1.0,,1.0,1.0,,50,,,,,,,raw,experiments_cloud/results/proprietary_semantic_multi.csv,upstream source_file: experiments_cloud/results/semantic/gpt-4.1-mini/sweep_full_20260301_133210.json
01_fvq_cvq,gpt-4.1-mini,GPT-4.1,True,base,semantic_multi,,2,50,FVQ,semantic,first,1.0,,1.0,1.0,,50,,,,,,,raw,experiments_cloud/results/proprietary_semantic_multi.csv,upstream source_file: experiments_cloud/results/semantic/gpt-4.1-mini/sweep_full_20260301_133210.json
01_fvq_cvq,gpt-4.1-mini,GPT-4.1,True,base,semantic_multi,,5,1,CVQ,semantic,last,1.0,,1.0,1.0,,50,,,,,,,raw,experiments_cloud/results/proprietary_semantic_multi.csv,upstream source_file: experiments_cloud/results/semantic/gpt-4.1-mini/sweep_full_20260301_133210.json
01_fvq_cvq,gpt-4.1-mini,GPT-4.1,True,base,semantic_multi,,5,1,FVQ,semantic,first,1.0,,1.0,1.0,,50,,,,,,,raw,experiments_cloud/results/proprietary_semantic_multi.csv,upstream source_file: experiments_cloud/results/semantic/gpt-4.1-mini/sweep_full_20260301_133210.json
01_fvq_cvq,gpt-4.1-mini,GPT-4.1,True,base,semantic_multi,,5,5,CVQ,semantic,last,1.0,,1.0,1.0,,50,,,,,,,raw,experiments_cloud/results/proprietary_semantic_multi.csv,upstream source_file: experiments_cloud/results/semantic/gpt-4.1-mini/sweep_full_20260301_133210.json
01_fvq_cvq,gpt-4.1-mini,GPT-4.1,True,base,semantic_multi,,5,5,FVQ,semantic,first,1.0,,1.0,1.0,,50,,,,,,,raw,experiments_cloud/results/proprietary_semantic_multi.csv,upstream source_file: experiments_cloud/results/semantic/gpt-4.1-mini/sweep_full_20260301_133210.json
01_fvq_cvq,gpt-4.1-mini,GPT-4.1,True,base,semantic_multi,,5,10,CVQ,semantic,last,0.98,,0.94,1.0,,50,,,,,,,raw,experiments_cloud/results/proprietary_semantic_multi.csv,upstream source_file: experiments_cloud/results/semantic/gpt-4.1-mini/sweep_full_20260301_133210.json
01_fvq_cvq,gpt-4.1-mini,GPT-4.1,True,base,semantic_multi,,5,10,FVQ,semantic,first,1.0,,1.0,1.0,,50,,,,,,,raw,experiments_cloud/results/proprietary_semantic_multi.csv,upstream source_file: experiments_cloud/results/semantic/gpt-4.1-mini/sweep_full_20260301_133210.json
01_fvq_cvq,gpt-4.1-mini,GPT-4.1,True,base,semantic_multi,,5,15,CVQ,semantic,last,0.98,,0.94,1.0,,50,,,,,,,raw,experiments_cloud/results/proprietary_semantic_multi.csv,upstream source_file: experiments_cloud/results/semantic/gpt-4.1-mini/sweep_full_20260301_133210.json
01_fvq_cvq,gpt-4.1-mini,GPT-4.1,True,base,semantic_multi,,5,15,FVQ,semantic,first,1.0,,1.0,1.0,,50,,,,,,,raw,experiments_cloud/results/proprietary_semantic_multi.csv,upstream source_file: experiments_cloud/results/semantic/gpt-4.1-mini/sweep_full_20260301_133210.json
01_fvq_cvq,gpt-4.1-mini,GPT-4.1,True,base,semantic_multi,,5,20,CVQ,semantic,last,0.96,,0.9,1.0,,50,,,,,,,raw,experiments_cloud/results/proprietary_semantic_multi.csv,upstream source_file: experiments_cloud/results/semantic/gpt-4.1-mini/sweep_full_20260301_133210.json
01_fvq_cvq,gpt-4.1-mini,GPT-4.1,True,base,semantic_multi,,5,20,FVQ,semantic,first,1.0,,1.0,1.0,,50,,,,,,,raw,experiments_cloud/results/proprietary_semantic_multi.csv,upstream source_file: experiments_cloud/results/semantic/gpt-4.1-mini/sweep_full_20260301_133210.json
01_fvq_cvq,gpt-4.1-mini,GPT-4.1,True,base,semantic_multi,,5,30,CVQ,semantic,last,0.96,,0.9,1.0,,50,,,,,,,raw,experiments_cloud/results/proprietary_semantic_multi.csv,upstream source_file: experiments_cloud/results/semantic/gpt-4.1-mini/sweep_full_20260301_133210.json
01_fvq_cvq,gpt-4.1-mini,GPT-4.1,True,base,semantic_multi,,5,30,FVQ,semantic,first,1.0,,1.0,1.0,,50,,,,,,,raw,experiments_cloud/results/proprietary_semantic_multi.csv,upstream source_file: experiments_cloud/results/semantic/gpt-4.1-mini/sweep_full_20260301_133210.json
01_fvq_cvq,gpt-4.1-mini,GPT-4.1,True,base,semantic_multi,,5,50,CVQ,semantic,last,0.9067,,0.84,0.96,,75,,,,,,,raw,experiments_cloud/results/proprietary_semantic_multi.csv,upstream source_file: experiments_cloud/results/semantic/gpt-4.1-mini/sweep_full_20260301_133210.json
01_fvq_cvq,gpt-4.1-mini,GPT-4.1,True,base,semantic_multi,,5,50,FVQ,semantic,first,1.0,,1.0,1.0,,75,,,,,,,raw,experiments_cloud/results/proprietary_semantic_multi.csv,upstream source_file: experiments_cloud/results/semantic/gpt-4.1-mini/sweep_full_20260301_133210.json
01_fvq_cvq,gpt-4.1-mini,GPT-4.1,True,base,semantic_multi,,10,1,CVQ,semantic,last,1.0,,1.0,1.0,,50,,,,,,,raw,experiments_cloud/results/proprietary_semantic_multi.csv,upstream source_file: experiments_cloud/results/semantic/gpt-4.1-mini/sweep_full_20260301_133210.json
01_fvq_cvq,gpt-4.1-mini,GPT-4.1,True,base,semantic_multi,,10,1,FVQ,semantic,first,1.0,,1.0,1.0,,50,,,,,,,raw,experiments_cloud/results/proprietary_semantic_multi.csv,upstream source_file: experiments_cloud/results/semantic/gpt-4.1-mini/sweep_full_20260301_133210.json
01_fvq_cvq,gpt-4.1-mini,GPT-4.1,True,base,semantic_multi,,10,5,CVQ,semantic,last,1.0,,1.0,1.0,,50,,,,,,,raw,experiments_cloud/results/proprietary_semantic_multi.csv,upstream source_file: experiments_cloud/results/semantic/gpt-4.1-mini/sweep_full_20260301_133210.json
01_fvq_cvq,gpt-4.1-mini,GPT-4.1,True,base,semantic_multi,,10,5,FVQ,semantic,first,1.0,,1.0,1.0,,50,,,,,,,raw,experiments_cloud/results/proprietary_semantic_multi.csv,upstream source_file: experiments_cloud/results/semantic/gpt-4.1-mini/sweep_full_20260301_133210.json
01_fvq_cvq,gpt-4.1-mini,GPT-4.1,True,base,semantic_multi,,10,10,CVQ,semantic,last,0.98,,0.94,1.0,,50,,,,,,,raw,experiments_cloud/results/proprietary_semantic_multi.csv,upstream source_file: experiments_cloud/results/semantic/gpt-4.1-mini/sweep_full_20260301_133210.json
01_fvq_cvq,gpt-4.1-mini,GPT-4.1,True,base,semantic_multi,,10,10,FVQ,semantic,first,1.0,,1.0,1.0,,50,,,,,,,raw,experiments_cloud/results/proprietary_semantic_multi.csv,upstream source_file: experiments_cloud/results/semantic/gpt-4.1-mini/sweep_full_20260301_133210.json
01_fvq_cvq,gpt-4.1-mini,GPT-4.1,True,base,semantic_multi,,10,15,CVQ,semantic,last,0.98,,0.94,1.0,,50,,,,,,,raw,experiments_cloud/results/proprietary_semantic_multi.csv,upstream source_file: experiments_cloud/results/semantic/gpt-4.1-mini/sweep_full_20260301_133210.json
01_fvq_cvq,gpt-4.1-mini,GPT-4.1,True,base,semantic_multi,,10,15,FVQ,semantic,first,1.0,,1.0,1.0,,50,,,,,,,raw,experiments_cloud/results/proprietary_semantic_multi.csv,upstream source_file: experiments_cloud/results/semantic/gpt-4.1-mini/sweep_full_20260301_133210.json
01_fvq_cvq,gpt-4.1-mini,GPT-4.1,True,base,semantic_multi,,10,20,CVQ,semantic,last,0.92,,0.8533,0.9733,,75,,,,,,,raw,experiments_cloud/results/proprietary_semantic_multi.csv,upstream source_file: experiments_cloud/results/semantic/gpt-4.1-mini/sweep_full_20260301_133210.json
01_fvq_cvq,gpt-4.1-mini,GPT-4.1,True,base,semantic_multi,,10,20,FVQ,semantic,first,1.0,,1.0,1.0,,75,,,,,,,raw,experiments_cloud/results/proprietary_semantic_multi.csv,upstream source_file: experiments_cloud/results/semantic/gpt-4.1-mini/sweep_full_20260301_133210.json
01_fvq_cvq,gpt-4.1-mini,GPT-4.1,True,base,semantic_multi,,10,30,CVQ,semantic,last,0.9333,,0.8797,0.9867,,75,,,,,,,raw,experiments_cloud/results/proprietary_semantic_multi.csv,upstream source_file: experiments_cloud/results/semantic/gpt-4.1-mini/sweep_full_20260301_133210.json
01_fvq_cvq,gpt-4.1-mini,GPT-4.1,True,base,semantic_multi,,10,30,FVQ,semantic,first,1.0,,1.0,1.0,,75,,,,,,,raw,experiments_cloud/results/proprietary_semantic_multi.csv,upstream source_file: experiments_cloud/results/semantic/gpt-4.1-mini/sweep_full_20260301_133210.json
01_fvq_cvq,gpt-4.1-mini,GPT-4.1,True,base,semantic_multi,,10,50,CVQ,semantic,last,0.85,,0.78,0.91,,100,,,,,,,raw,experiments_cloud/results/proprietary_semantic_multi.csv,upstream source_file: experiments_cloud/results/semantic/gpt-4.1-mini/sweep_full_20260301_133210.json
01_fvq_cvq,gpt-4.1-mini,GPT-4.1,True,base,semantic_multi,,10,50,FVQ,semantic,first,1.0,,1.0,1.0,,100,,,,,,,raw,experiments_cloud/results/proprietary_semantic_multi.csv,upstream source_file: experiments_cloud/results/semantic/gpt-4.1-mini/sweep_full_20260301_133210.json
01_fvq_cvq,gpt-4.1-mini,GPT-4.1,True,base,semantic_multi,,15,1,CVQ,semantic,last,1.0,,1.0,1.0,,50,,,,,,,raw,experiments_cloud/results/proprietary_semantic_multi.csv,upstream source_file: experiments_cloud/results/semantic/gpt-4.1-mini/sweep_full_20260301_133210.json
01_fvq_cvq,gpt-4.1-mini,GPT-4.1,True,base,semantic_multi,,15,1,FVQ,semantic,first,0.98,,0.94,1.0,,50,,,,,,,raw,experiments_cloud/results/proprietary_semantic_multi.csv,upstream source_file: experiments_cloud/results/semantic/gpt-4.1-mini/sweep_full_20260301_133210.json
01_fvq_cvq,gpt-4.1-mini,GPT-4.1,True,base,semantic_multi,,15,5,CVQ,semantic,last,1.0,,1.0,1.0,,50,,,,,,,raw,experiments_cloud/results/proprietary_semantic_multi.csv,upstream source_file: experiments_cloud/results/semantic/gpt-4.1-mini/sweep_full_20260301_133210.json
01_fvq_cvq,gpt-4.1-mini,GPT-4.1,True,base,semantic_multi,,15,5,FVQ,semantic,first,1.0,,1.0,1.0,,50,,,,,,,raw,experiments_cloud/results/proprietary_semantic_multi.csv,upstream source_file: experiments_cloud/results/semantic/gpt-4.1-mini/sweep_full_20260301_133210.json
01_fvq_cvq,gpt-4.1-mini,GPT-4.1,True,base,semantic_multi,,15,10,CVQ,semantic,last,1.0,,1.0,1.0,,50,,,,,,,raw,experiments_cloud/results/proprietary_semantic_multi.csv,upstream source_file: experiments_cloud/results/semantic/gpt-4.1-mini/sweep_full_20260301_133210.json
01_fvq_cvq,gpt-4.1-mini,GPT-4.1,True,base,semantic_multi,,15,10,FVQ,semantic,first,1.0,,1.0,1.0,,50,,,,,,,raw,experiments_cloud/results/proprietary_semantic_multi.csv,upstream source_file: experiments_cloud/results/semantic/gpt-4.1-mini/sweep_full_20260301_133210.json
01_fvq_cvq,gpt-4.1-mini,GPT-4.1,True,base,semantic_multi,,15,15,CVQ,semantic,last,0.96,,0.9,1.0,,50,,,,,,,raw,experiments_cloud/results/proprietary_semantic_multi.csv,upstream source_file: experiments_cloud/results/semantic/gpt-4.1-mini/sweep_full_20260301_133210.json
01_fvq_cvq,gpt-4.1-mini,GPT-4.1,True,base,semantic_multi,,15,15,FVQ,semantic,first,1.0,,1.0,1.0,,50,,,,,,,raw,experiments_cloud/results/proprietary_semantic_multi.csv,upstream source_file: experiments_cloud/results/semantic/gpt-4.1-mini/sweep_full_20260301_133210.json
01_fvq_cvq,gpt-4.1-mini,GPT-4.1,True,base,semantic_multi,,15,20,CVQ,semantic,last,0.96,,0.9,1.0,,50,,,,,,,raw,experiments_cloud/results/proprietary_semantic_multi.csv,upstream source_file: experiments_cloud/results/semantic/gpt-4.1-mini/sweep_full_20260301_133210.json
01_fvq_cvq,gpt-4.1-mini,GPT-4.1,True,base,semantic_multi,,15,20,FVQ,semantic,first,1.0,,1.0,1.0,,50,,,,,,,raw,experiments_cloud/results/proprietary_semantic_multi.csv,upstream source_file: experiments_cloud/results/semantic/gpt-4.1-mini/sweep_full_20260301_133210.json
01_fvq_cvq,gpt-4.1-mini,GPT-4.1,True,base,semantic_multi,,15,30,CVQ,semantic,last,0.832,,0.768,0.896,,125,,,,,,,raw,experiments_cloud/results/proprietary_semantic_multi.csv,upstream source_file: experiments_cloud/results/semantic/gpt-4.1-mini/sweep_full_20260301_133210.json
01_fvq_cvq,gpt-4.1-mini,GPT-4.1,True,base,semantic_multi,,15,30,FVQ,semantic,first,0.992,,0.976,1.0,,125,,,,,,,raw,experiments_cloud/results/proprietary_semantic_multi.csv,upstream source_file: experiments_cloud/results/semantic/gpt-4.1-mini/sweep_full_20260301_133210.json
01_fvq_cvq,gpt-4.1-mini,GPT-4.1,True,base,semantic_multi,,15,50,CVQ,semantic,last,0.816,,0.744,0.88,,125,,,,,,,raw,experiments_cloud/results/proprietary_semantic_multi.csv,upstream source_file: experiments_cloud/results/semantic/gpt-4.1-mini/sweep_full_20260301_133210.json
01_fvq_cvq,gpt-4.1-mini,GPT-4.1,True,base,semantic_multi,,15,50,FVQ,semantic,first,1.0,,1.0,1.0,,125,,,,,,,raw,experiments_cloud/results/proprietary_semantic_multi.csv,upstream source_file: experiments_cloud/results/semantic/gpt-4.1-mini/sweep_full_20260301_133210.json
01_fvq_cvq,gpt-4.1-mini,GPT-4.1,True,base,semantic_multi,,20,1,CVQ,semantic,last,1.0,,1.0,1.0,,50,,,,,,,raw,experiments_cloud/results/proprietary_semantic_multi.csv,upstream source_file: experiments_cloud/results/semantic/gpt-4.1-mini/sweep_full_20260301_133210.json
01_fvq_cvq,gpt-4.1-mini,GPT-4.1,True,base,semantic_multi,,20,1,FVQ,semantic,first,1.0,,1.0,1.0,,50,,,,,,,raw,experiments_cloud/results/proprietary_semantic_multi.csv,upstream source_file: experiments_cloud/results/semantic/gpt-4.1-mini/sweep_full_20260301_133210.json
01_fvq_cvq,gpt-4.1-mini,GPT-4.1,True,base,semantic_multi,,20,5,CVQ,semantic,last,0.96,,0.9,1.0,,50,,,,,,,raw,experiments_cloud/results/proprietary_semantic_multi.csv,upstream source_file: experiments_cloud/results/semantic/gpt-4.1-mini/sweep_full_20260301_133210.json
01_fvq_cvq,gpt-4.1-mini,GPT-4.1,True,base,semantic_multi,,20,5,FVQ,semantic,first,1.0,,1.0,1.0,,50,,,,,,,raw,experiments_cloud/results/proprietary_semantic_multi.csv,upstream source_file: experiments_cloud/results/semantic/gpt-4.1-mini/sweep_full_20260301_133210.json
01_fvq_cvq,gpt-4.1-mini,GPT-4.1,True,base,semantic_multi,,20,10,CVQ,semantic,last,0.98,,0.94,1.0,,50,,,,,,,raw,experiments_cloud/results/proprietary_semantic_multi.csv,upstream source_file: experiments_cloud/results/semantic/gpt-4.1-mini/sweep_full_20260301_133210.json
01_fvq_cvq,gpt-4.1-mini,GPT-4.1,True,base,semantic_multi,,20,10,FVQ,semantic,first,1.0,,1.0,1.0,,50,,,,,,,raw,experiments_cloud/results/proprietary_semantic_multi.csv,upstream source_file: experiments_cloud/results/semantic/gpt-4.1-mini/sweep_full_20260301_133210.json
01_fvq_cvq,gpt-4.1-mini,GPT-4.1,True,base,semantic_multi,,20,15,CVQ,semantic,last,0.96,,0.9,1.0,,50,,,,,,,raw,experiments_cloud/results/proprietary_semantic_multi.csv,upstream source_file: experiments_cloud/results/semantic/gpt-4.1-mini/sweep_full_20260301_133210.json
01_fvq_cvq,gpt-4.1-mini,GPT-4.1,True,base,semantic_multi,,20,15,FVQ,semantic,first,1.0,,1.0,1.0,,50,,,,,,,raw,experiments_cloud/results/proprietary_semantic_multi.csv,upstream source_file: experiments_cloud/results/semantic/gpt-4.1-mini/sweep_full_20260301_133210.json
01_fvq_cvq,gpt-4.1-mini,GPT-4.1,True,base,semantic_multi,,20,20,CVQ,semantic,last,0.9067,,0.84,0.9733,,75,,,,,,,raw,experiments_cloud/results/proprietary_semantic_multi.csv,upstream source_file: experiments_cloud/results/semantic/gpt-4.1-mini/sweep_full_20260301_133210.json
01_fvq_cvq,gpt-4.1-mini,GPT-4.1,True,base,semantic_multi,,20,20,FVQ,semantic,first,1.0,,1.0,1.0,,75,,,,,,,raw,experiments_cloud/results/proprietary_semantic_multi.csv,upstream source_file: experiments_cloud/results/semantic/gpt-4.1-mini/sweep_full_20260301_133210.json
01_fvq_cvq,gpt-4.1-mini,GPT-4.1,True,base,semantic_multi,,20,30,CVQ,semantic,last,0.84,,0.776,0.904,,125,,,,,,,raw,experiments_cloud/results/proprietary_semantic_multi.csv,upstream source_file: experiments_cloud/results/semantic/gpt-4.1-mini/sweep_full_20260301_133210.json
01_fvq_cvq,gpt-4.1-mini,GPT-4.1,True,base,semantic_multi,,20,30,FVQ,semantic,first,1.0,,1.0,1.0,,125,,,,,,,raw,experiments_cloud/results/proprietary_semantic_multi.csv,upstream source_file: experiments_cloud/results/semantic/gpt-4.1-mini/sweep_full_20260301_133210.json
01_fvq_cvq,gpt-4.1-mini,GPT-4.1,True,base,semantic_multi,,20,50,CVQ,semantic,last,0.7429,,0.6743,0.8057,,175,,,,,,,raw,experiments_cloud/results/proprietary_semantic_multi.csv,upstream source_file: experiments_cloud/results/semantic/gpt-4.1-mini/sweep_full_20260301_133210.json
01_fvq_cvq,gpt-4.1-mini,GPT-4.1,True,base,semantic_multi,,20,50,FVQ,semantic,first,1.0,,1.0,1.0,,175,,,,,,,raw,experiments_cloud/results/proprietary_semantic_multi.csv,upstream source_file: experiments_cloud/results/semantic/gpt-4.1-mini/sweep_full_20260301_133210.json
01_fvq_cvq,gpt-4.1-mini,GPT-4.1,True,base,semantic_multi,,25,1,CVQ,semantic,last,1.0,,1.0,1.0,,50,,,,,,,raw,experiments_cloud/results/proprietary_semantic_multi.csv,upstream source_file: experiments_cloud/results/semantic/gpt-4.1-mini/sweep_full_20260301_133210.json
01_fvq_cvq,gpt-4.1-mini,GPT-4.1,True,base,semantic_multi,,25,1,FVQ,semantic,first,1.0,,1.0,1.0,,50,,,,,,,raw,experiments_cloud/results/proprietary_semantic_multi.csv,upstream source_file: experiments_cloud/results/semantic/gpt-4.1-mini/sweep_full_20260301_133210.json
01_fvq_cvq,gpt-4.1-mini,GPT-4.1,True,base,semantic_multi,,25,5,CVQ,semantic,last,1.0,,1.0,1.0,,50,,,,,,,raw,experiments_cloud/results/proprietary_semantic_multi.csv,upstream source_file: experiments_cloud/results/semantic/gpt-4.1-mini/sweep_full_20260301_133210.json
01_fvq_cvq,gpt-4.1-mini,GPT-4.1,True,base,semantic_multi,,25,5,FVQ,semantic,first,1.0,,1.0,1.0,,50,,,,,,,raw,experiments_cloud/results/proprietary_semantic_multi.csv,upstream source_file: experiments_cloud/results/semantic/gpt-4.1-mini/sweep_full_20260301_133210.json
01_fvq_cvq,gpt-4.1-mini,GPT-4.1,True,base,semantic_multi,,25,10,CVQ,semantic,last,0.98,,0.94,1.0,,50,,,,,,,raw,experiments_cloud/results/proprietary_semantic_multi.csv,upstream source_file: experiments_cloud/results/semantic/gpt-4.1-mini/sweep_full_20260301_133210.json
01_fvq_cvq,gpt-4.1-mini,GPT-4.1,True,base,semantic_multi,,25,10,FVQ,semantic,first,1.0,,1.0,1.0,,50,,,,,,,raw,experiments_cloud/results/proprietary_semantic_multi.csv,upstream source_file: experiments_cloud/results/semantic/gpt-4.1-mini/sweep_full_20260301_133210.json
01_fvq_cvq,gpt-4.1-mini,GPT-4.1,True,base,semantic_multi,,25,15,CVQ,semantic,last,0.824,,0.752,0.888,,125,,,,,,,raw,experiments_cloud/results/proprietary_semantic_multi.csv,upstream source_file: experiments_cloud/results/semantic/gpt-4.1-mini/sweep_full_20260301_133210.json
01_fvq_cvq,gpt-4.1-mini,GPT-4.1,True,base,semantic_multi,,25,15,FVQ,semantic,first,1.0,,1.0,1.0,,125,,,,,,,raw,experiments_cloud/results/proprietary_semantic_multi.csv,upstream source_file: experiments_cloud/results/semantic/gpt-4.1-mini/sweep_full_20260301_133210.json
01_fvq_cvq,gpt-4.1-mini,GPT-4.1,True,base,semantic_multi,,25,20,CVQ,semantic,last,0.84,,0.768,0.904,,125,,,,,,,raw,experiments_cloud/results/proprietary_semantic_multi.csv,upstream source_file: experiments_cloud/results/semantic/gpt-4.1-mini/sweep_full_20260301_133210.json
01_fvq_cvq,gpt-4.1-mini,GPT-4.1,True,base,semantic_multi,,25,20,FVQ,semantic,first,1.0,,1.0,1.0,,125,,,,,,,raw,experiments_cloud/results/proprietary_semantic_multi.csv,upstream source_file: experiments_cloud/results/semantic/gpt-4.1-mini/sweep_full_20260301_133210.json
01_fvq_cvq,gpt-4.1-mini,GPT-4.1,True,base,semantic_multi,,25,30,CVQ,semantic,last,0.88,,0.81,0.94,,100,,,,,,,raw,experiments_cloud/results/proprietary_semantic_multi.csv,upstream source_file: experiments_cloud/results/semantic/gpt-4.1-mini/sweep_full_20260301_133210.json
01_fvq_cvq,gpt-4.1-mini,GPT-4.1,True,base,semantic_multi,,25,30,FVQ,semantic,first,1.0,,1.0,1.0,,100,,,,,,,raw,experiments_cloud/results/proprietary_semantic_multi.csv,upstream source_file: experiments_cloud/results/semantic/gpt-4.1-mini/sweep_full_20260301_133210.json
01_fvq_cvq,gpt-4.1-mini,GPT-4.1,True,base,semantic_multi,,25,50,CVQ,semantic,last,0.6914,,0.6171,0.7543,,175,,,,,,,raw,experiments_cloud/results/proprietary_semantic_multi.csv,upstream source_file: experiments_cloud/results/semantic/gpt-4.1-mini/sweep_full_20260301_133210.json
01_fvq_cvq,gpt-4.1-mini,GPT-4.1,True,base,semantic_multi,,25,50,FVQ,semantic,first,1.0,,1.0,1.0,,175,,,,,,,raw,experiments_cloud/results/proprietary_semantic_multi.csv,upstream source_file: experiments_cloud/results/semantic/gpt-4.1-mini/sweep_full_20260301_133210.json
01_fvq_cvq,gpt-4.1-mini,GPT-4.1,True,base,semantic_multi,,30,1,CVQ,semantic,last,1.0,,1.0,1.0,,50,,,,,,,raw,experiments_cloud/results/proprietary_semantic_multi.csv,upstream source_file: experiments_cloud/results/semantic/gpt-4.1-mini/sweep_full_20260301_133210.json
01_fvq_cvq,gpt-4.1-mini,GPT-4.1,True,base,semantic_multi,,30,1,FVQ,semantic,first,1.0,,1.0,1.0,,50,,,,,,,raw,experiments_cloud/results/proprietary_semantic_multi.csv,upstream source_file: experiments_cloud/results/semantic/gpt-4.1-mini/sweep_full_20260301_133210.json
01_fvq_cvq,gpt-4.1-mini,GPT-4.1,True,base,semantic_multi,,30,5,CVQ,semantic,last,0.98,,0.94,1.0,,50,,,,,,,raw,experiments_cloud/results/proprietary_semantic_multi.csv,upstream source_file: experiments_cloud/results/semantic/gpt-4.1-mini/sweep_full_20260301_133210.json
01_fvq_cvq,gpt-4.1-mini,GPT-4.1,True,base,semantic_multi,,30,5,FVQ,semantic,first,1.0,,1.0,1.0,,50,,,,,,,raw,experiments_cloud/results/proprietary_semantic_multi.csv,upstream source_file: experiments_cloud/results/semantic/gpt-4.1-mini/sweep_full_20260301_133210.json
01_fvq_cvq,gpt-4.1-mini,GPT-4.1,True,base,semantic_multi,,30,10,CVQ,semantic,last,0.9,,0.84,0.96,,100,,,,,,,raw,experiments_cloud/results/proprietary_semantic_multi.csv,upstream source_file: experiments_cloud/results/semantic/gpt-4.1-mini/sweep_full_20260301_133210.json
01_fvq_cvq,gpt-4.1-mini,GPT-4.1,True,base,semantic_multi,,30,10,FVQ,semantic,first,1.0,,1.0,1.0,,100,,,,,,,raw,experiments_cloud/results/proprietary_semantic_multi.csv,upstream source_file: experiments_cloud/results/semantic/gpt-4.1-mini/sweep_full_20260301_133210.json
01_fvq_cvq,gpt-4.1-mini,GPT-4.1,True,base,semantic_multi,,30,15,CVQ,semantic,last,0.86,,0.79,0.92,,100,,,,,,,raw,experiments_cloud/results/proprietary_semantic_multi.csv,upstream source_file: experiments_cloud/results/semantic/gpt-4.1-mini/sweep_full_20260301_133210.json
01_fvq_cvq,gpt-4.1-mini,GPT-4.1,True,base,semantic_multi,,30,15,FVQ,semantic,first,1.0,,1.0,1.0,,100,,,,,,,raw,experiments_cloud/results/proprietary_semantic_multi.csv,upstream source_file: experiments_cloud/results/semantic/gpt-4.1-mini/sweep_full_20260301_133210.json
01_fvq_cvq,gpt-4.1-mini,GPT-4.1,True,base,semantic_multi,,30,20,CVQ,semantic,last,0.87,,0.8,0.93,,100,,,,,,,raw,experiments_cloud/results/proprietary_semantic_multi.csv,upstream source_file: experiments_cloud/results/semantic/gpt-4.1-mini/sweep_full_20260301_133210.json
01_fvq_cvq,gpt-4.1-mini,GPT-4.1,True,base,semantic_multi,,30,20,FVQ,semantic,first,1.0,,1.0,1.0,,100,,,,,,,raw,experiments_cloud/results/proprietary_semantic_multi.csv,upstream source_file: experiments_cloud/results/semantic/gpt-4.1-mini/sweep_full_20260301_133210.json
01_fvq_cvq,gpt-4.1-mini,GPT-4.1,True,base,semantic_multi,,30,30,CVQ,semantic,last,0.7667,,0.6933,0.8333,,150,,,,,,,raw,experiments_cloud/results/proprietary_semantic_multi.csv,upstream source_file: experiments_cloud/results/semantic/gpt-4.1-mini/sweep_full_20260301_133210.json
01_fvq_cvq,gpt-4.1-mini,GPT-4.1,True,base,semantic_multi,,30,30,FVQ,semantic,first,1.0,,1.0,1.0,,150,,,,,,,raw,experiments_cloud/results/proprietary_semantic_multi.csv,upstream source_file: experiments_cloud/results/semantic/gpt-4.1-mini/sweep_full_20260301_133210.json
01_fvq_cvq,gpt-4.1-mini,GPT-4.1,True,base,semantic_multi,,30,50,CVQ,semantic,last,0.7143,,0.6514,0.7771,,175,,,,,,,raw,experiments_cloud/results/proprietary_semantic_multi.csv,upstream source_file: experiments_cloud/results/semantic/gpt-4.1-mini/sweep_full_20260301_133210.json
01_fvq_cvq,gpt-4.1-mini,GPT-4.1,True,base,semantic_multi,,30,50,FVQ,semantic,first,1.0,,1.0,1.0,,175,,,,,,,raw,experiments_cloud/results/proprietary_semantic_multi.csv,upstream source_file: experiments_cloud/results/semantic/gpt-4.1-mini/sweep_full_20260301_133210.json
01_fvq_cvq,gpt-4.1-mini,GPT-4.1,True,base,semantic_multi,,40,1,CVQ,semantic,last,1.0,,1.0,1.0,,50,,,,,,,raw,experiments_cloud/results/proprietary_semantic_multi.csv,upstream source_file: experiments_cloud/results/semantic/gpt-4.1-mini/sweep_full_20260301_133210.json
01_fvq_cvq,gpt-4.1-mini,GPT-4.1,True,base,semantic_multi,,40,1,FVQ,semantic,first,0.98,,0.94,1.0,,50,,,,,,,raw,experiments_cloud/results/proprietary_semantic_multi.csv,upstream source_file: experiments_cloud/results/semantic/gpt-4.1-mini/sweep_full_20260301_133210.json
01_fvq_cvq,gpt-4.1-mini,GPT-4.1,True,base,semantic_multi,,40,5,CVQ,semantic,last,0.96,,0.9,1.0,,50,,,,,,,raw,experiments_cloud/results/proprietary_semantic_multi.csv,upstream source_file: experiments_cloud/results/semantic/gpt-4.1-mini/sweep_full_20260301_133210.json
01_fvq_cvq,gpt-4.1-mini,GPT-4.1,True,base,semantic_multi,,40,5,FVQ,semantic,first,1.0,,1.0,1.0,,50,,,,,,,raw,experiments_cloud/results/proprietary_semantic_multi.csv,upstream source_file: experiments_cloud/results/semantic/gpt-4.1-mini/sweep_full_20260301_133210.json
01_fvq_cvq,gpt-4.1-mini,GPT-4.1,True,base,semantic_multi,,40,10,CVQ,semantic,last,0.9333,,0.8797,0.9867,,75,,,,,,,raw,experiments_cloud/results/proprietary_semantic_multi.csv,upstream source_file: experiments_cloud/results/semantic/gpt-4.1-mini/sweep_full_20260301_133210.json
01_fvq_cvq,gpt-4.1-mini,GPT-4.1,True,base,semantic_multi,,40,10,FVQ,semantic,first,1.0,,1.0,1.0,,75,,,,,,,raw,experiments_cloud/results/proprietary_semantic_multi.csv,upstream source_file: experiments_cloud/results/semantic/gpt-4.1-mini/sweep_full_20260301_133210.json
01_fvq_cvq,gpt-4.1-mini,GPT-4.1,True,base,semantic_multi,,40,15,CVQ,semantic,last,0.85,,0.77,0.92,,100,,,,,,,raw,experiments_cloud/results/proprietary_semantic_multi.csv,upstream source_file: experiments_cloud/results/semantic/gpt-4.1-mini/sweep_full_20260301_133210.json
01_fvq_cvq,gpt-4.1-mini,GPT-4.1,True,base,semantic_multi,,40,15,FVQ,semantic,first,1.0,,1.0,1.0,,100,,,,,,,raw,experiments_cloud/results/proprietary_semantic_multi.csv,upstream source_file: experiments_cloud/results/semantic/gpt-4.1-mini/sweep_full_20260301_133210.json
01_fvq_cvq,gpt-4.1-mini,GPT-4.1,True,base,semantic_multi,,40,20,CVQ,semantic,last,0.832,,0.76,0.896,,125,,,,,,,raw,experiments_cloud/results/proprietary_semantic_multi.csv,upstream source_file: experiments_cloud/results/semantic/gpt-4.1-mini/sweep_full_20260301_133210.json
01_fvq_cvq,gpt-4.1-mini,GPT-4.1,True,base,semantic_multi,,40,20,FVQ,semantic,first,1.0,,1.0,1.0,,125,,,,,,,raw,experiments_cloud/results/proprietary_semantic_multi.csv,upstream source_file: experiments_cloud/results/semantic/gpt-4.1-mini/sweep_full_20260301_133210.json
01_fvq_cvq,gpt-4.1-mini,GPT-4.1,True,base,semantic_multi,,40,30,CVQ,semantic,last,0.8,,0.728,0.872,,125,,,,,,,raw,experiments_cloud/results/proprietary_semantic_multi.csv,upstream source_file: experiments_cloud/results/semantic/gpt-4.1-mini/sweep_full_20260301_133210.json
01_fvq_cvq,gpt-4.1-mini,GPT-4.1,True,base,semantic_multi,,40,30,FVQ,semantic,first,0.992,,0.976,1.0,,125,,,,,,,raw,experiments_cloud/results/proprietary_semantic_multi.csv,upstream source_file: experiments_cloud/results/semantic/gpt-4.1-mini/sweep_full_20260301_133210.json
01_fvq_cvq,gpt-4.1-mini,GPT-4.1,True,base,semantic_multi,,40,50,CVQ,semantic,last,0.6686,,0.6,0.7429,,175,,,,,,,raw,experiments_cloud/results/proprietary_semantic_multi.csv,upstream source_file: experiments_cloud/results/semantic/gpt-4.1-mini/sweep_full_20260301_133210.json
01_fvq_cvq,gpt-4.1-mini,GPT-4.1,True,base,semantic_multi,,40,50,FVQ,semantic,first,0.9943,,0.9829,1.0,,175,,,,,,,raw,experiments_cloud/results/proprietary_semantic_multi.csv,upstream source_file: experiments_cloud/results/semantic/gpt-4.1-mini/sweep_full_20260301_133210.json
01_fvq_cvq,gpt-4.1-mini,GPT-4.1,True,base,semantic_multi,,45,1,CVQ,semantic,last,1.0,,1.0,1.0,,50,,,,,,,raw,experiments_cloud/results/proprietary_semantic_multi.csv,upstream source_file: experiments_cloud/results/semantic/gpt-4.1-mini/sweep_full_20260301_133210.json
01_fvq_cvq,gpt-4.1-mini,GPT-4.1,True,base,semantic_multi,,45,1,FVQ,semantic,first,1.0,,1.0,1.0,,50,,,,,,,raw,experiments_cloud/results/proprietary_semantic_multi.csv,upstream source_file: experiments_cloud/results/semantic/gpt-4.1-mini/sweep_full_20260301_133210.json
01_fvq_cvq,gpt-4.1-mini,GPT-4.1,True,base,semantic_multi,,45,5,CVQ,semantic,last,0.9467,,0.8933,0.9867,,75,,,,,,,raw,experiments_cloud/results/proprietary_semantic_multi.csv,upstream source_file: experiments_cloud/results/semantic/gpt-4.1-mini/sweep_full_20260301_133210.json
01_fvq_cvq,gpt-4.1-mini,GPT-4.1,True,base,semantic_multi,,45,5,FVQ,semantic,first,1.0,,1.0,1.0,,75,,,,,,,raw,experiments_cloud/results/proprietary_semantic_multi.csv,upstream source_file: experiments_cloud/results/semantic/gpt-4.1-mini/sweep_full_20260301_133210.json
01_fvq_cvq,gpt-4.1-mini,GPT-4.1,True,base,semantic_multi,,45,10,CVQ,semantic,last,0.85,,0.77,0.92,,100,,,,,,,raw,experiments_cloud/results/proprietary_semantic_multi.csv,upstream source_file: experiments_cloud/results/semantic/gpt-4.1-mini/sweep_full_20260301_133210.json
01_fvq_cvq,gpt-4.1-mini,GPT-4.1,True,base,semantic_multi,,45,10,FVQ,semantic,first,1.0,,1.0,1.0,,100,,,,,,,raw,experiments_cloud/results/proprietary_semantic_multi.csv,upstream source_file: experiments_cloud/results/semantic/gpt-4.1-mini/sweep_full_20260301_133210.json
01_fvq_cvq,gpt-4.1-mini,GPT-4.1,True,base,semantic_multi,,45,15,CVQ,semantic,last,0.8,,0.728,0.864,,125,,,,,,,raw,experiments_cloud/results/proprietary_semantic_multi.csv,upstream source_file: experiments_cloud/results/semantic/gpt-4.1-mini/sweep_full_20260301_133210.json
01_fvq_cvq,gpt-4.1-mini,GPT-4.1,True,base,semantic_multi,,45,15,FVQ,semantic,first,1.0,,1.0,1.0,,125,,,,,,,raw,experiments_cloud/results/proprietary_semantic_multi.csv,upstream source_file: experiments_cloud/results/semantic/gpt-4.1-mini/sweep_full_20260301_133210.json
01_fvq_cvq,gpt-4.1-mini,GPT-4.1,True,base,semantic_multi,,45,20,CVQ,semantic,last,0.7086,,0.64,0.7771,,175,,,,,,,raw,experiments_cloud/results/proprietary_semantic_multi.csv,upstream source_file: experiments_cloud/results/semantic/gpt-4.1-mini/sweep_full_20260301_133210.json
01_fvq_cvq,gpt-4.1-mini,GPT-4.1,True,base,semantic_multi,,45,20,FVQ,semantic,first,0.9943,,0.9829,1.0,,175,,,,,,,raw,experiments_cloud/results/proprietary_semantic_multi.csv,upstream source_file: experiments_cloud/results/semantic/gpt-4.1-mini/sweep_full_20260301_133210.json
01_fvq_cvq,gpt-4.1-mini,GPT-4.1,True,base,semantic_multi,,45,30,CVQ,semantic,last,0.6629,,0.5943,0.7314,,175,,,,,,,raw,experiments_cloud/results/proprietary_semantic_multi.csv,upstream source_file: experiments_cloud/results/semantic/gpt-4.1-mini/sweep_full_20260301_133210.json
01_fvq_cvq,gpt-4.1-mini,GPT-4.1,True,base,semantic_multi,,45,30,FVQ,semantic,first,1.0,,1.0,1.0,,175,,,,,,,raw,experiments_cloud/results/proprietary_semantic_multi.csv,upstream source_file: experiments_cloud/results/semantic/gpt-4.1-mini/sweep_full_20260301_133210.json
